Copyright 1986-2020 Xilinx, Inc. All Rights Reserved.
-----------------------------------------------------------------------------------------------------------------------------------------------------------------
| Tool Version      : Vivado v.2020.1 (win64) Build 2902540 Wed May 27 19:54:49 MDT 2020
| Date              : Thu Sep 17 02:04:54 2026
| Host              : DESKTOP-9T3TD2K running 64-bit major release  (build 9200)
| Command           : report_timing_summary -report_unconstrained -file D:/project/ara/hardware/fpga/ara_dsa_vcu118/reports/impl_6abc9f1816a4/timing_summary.rpt
| Design            : ara_dsa_vcu118
| Device            : xcvu9p-flga2104
| Speed File        : -2L  PRODUCTION 1.27 02-28-2020
| Temperature Grade : E
-----------------------------------------------------------------------------------------------------------------------------------------------------------------

Timing Summary Report

------------------------------------------------------------------------------------------------
| Timer Settings
| --------------
------------------------------------------------------------------------------------------------

  Enable Multi Corner Analysis               :  Yes
  Enable Pessimism Removal                   :  Yes
  Pessimism Removal Resolution               :  Nearest Common Node
  Enable Input Delay Default Clock           :  No
  Enable Preset / Clear Arcs                 :  No
  Disable Flight Delays                      :  No
  Ignore I/O Paths                           :  No
  Timing Early Launch at Borrowing Latches   :  No
  Borrow Time for Max Delay Exceptions       :  Yes
  Merge Timing Exceptions                    :  Yes

  Corner  Analyze    Analyze    
  Name    Max Paths  Min Paths  
  ------  ---------  ---------  
  Slow    Yes        Yes        
  Fast    Yes        Yes        



check_timing report

Table of Contents
-----------------
1. checking no_clock (0)
2. checking constant_clock (0)
3. checking pulse_width_clock (0)
4. checking unconstrained_internal_endpoints (0)
5. checking no_input_delay (1)
6. checking no_output_delay (0)
7. checking multiple_clock (0)
8. checking generated_clocks (0)
9. checking loops (0)
10. checking partial_input_delay (0)
11. checking partial_output_delay (0)
12. checking latch_loops (0)

1. checking no_clock (0)
------------------------
 There are 0 register/latch pins with no clock.


2. checking constant_clock (0)
------------------------------
 There are 0 register/latch pins with constant_clock.


3. checking pulse_width_clock (0)
---------------------------------
 There are 0 register/latch pins which need pulse_width check


4. checking unconstrained_internal_endpoints (0)
------------------------------------------------
 There are 0 pins that are not constrained for maximum delay.

 There are 0 pins that are not constrained for maximum delay due to constant clock.


5. checking no_input_delay (1)
------------------------------
 There are 0 input ports with no input delay specified.

 There is 1 input port with no input delay but user has a false path constraint. (MEDIUM)


6. checking no_output_delay (0)
-------------------------------
 There are 0 ports with no output delay specified.

 There are 0 ports with no output delay but user has a false path constraint

 There are 0 ports with no output delay but with a timing clock defined on it or propagating through it


7. checking multiple_clock (0)
------------------------------
 There are 0 register/latch pins with multiple clocks.


8. checking generated_clocks (0)
--------------------------------
 There are 0 generated clocks that are not connected to a clock source.


9. checking loops (0)
---------------------
 There are 0 combinational loops in the design.


10. checking partial_input_delay (0)
------------------------------------
 There are 0 input ports with partial input delay specified.


11. checking partial_output_delay (0)
-------------------------------------
 There are 0 ports with partial output delay specified.


12. checking latch_loops (0)
----------------------------
 There are 0 combinational latch loops in the design through latch input



------------------------------------------------------------------------------------------------
| Design Timing Summary
| ---------------------
------------------------------------------------------------------------------------------------

    WNS(ns)      TNS(ns)  TNS Failing Endpoints  TNS Total Endpoints      WHS(ns)      THS(ns)  THS Failing Endpoints  THS Total Endpoints     WPWS(ns)     TPWS(ns)  TPWS Failing Endpoints  TPWS Total Endpoints  
    -------      -------  ---------------------  -------------------      -------      -------  ---------------------  -------------------     --------     --------  ----------------------  --------------------  
      0.022        0.000                      0               681665        0.010        0.000                      0               680960        0.039        0.000                       0                238750  


All user specified timing constraints are met.


------------------------------------------------------------------------------------------------
| Clock Summary
| -------------
------------------------------------------------------------------------------------------------

Clock                                                                                                Waveform(ns)           Period(ns)      Frequency(MHz)
-----                                                                                                ------------           ----------      --------------
ara_async_pad                                                                                        {0.000 500.000}        1000.000        1.000           
dbg_hub/inst/BSCANID.u_xsdbm_id/SWITCH_N_EXT_BSCAN.bscan_inst/SERIES7_BSCAN.bscan_inst/INTERNAL_TCK  {0.000 25.000}         50.000          20.000          
sys_clk                                                                                              {0.000 2.000}          4.000           250.000         
  clk_50_clkwiz                                                                                      {0.000 10.000}         20.000          50.000          
  mmcm_clkout0                                                                                       {0.000 1.667}          3.333           300.000         
    pll_clk[0]                                                                                       {0.000 0.208}          0.417           2400.000        
      pll_clk[0]_DIV                                                                                 {0.000 1.667}          3.333           300.000         
    pll_clk[1]                                                                                       {0.000 0.208}          0.417           2400.000        
      pll_clk[1]_DIV                                                                                 {0.000 1.667}          3.333           300.000         
    pll_clk[2]                                                                                       {0.000 0.208}          0.417           2400.000        
      pll_clk[2]_DIV                                                                                 {0.000 1.667}          3.333           300.000         
  mmcm_clkout6                                                                                       {0.000 3.333}          6.667           150.000         


------------------------------------------------------------------------------------------------
| Intra Clock Table
| -----------------
------------------------------------------------------------------------------------------------

Clock                                                                                                    WNS(ns)      TNS(ns)  TNS Failing Endpoints  TNS Total Endpoints      WHS(ns)      THS(ns)  THS Failing Endpoints  THS Total Endpoints     WPWS(ns)     TPWS(ns)  TPWS Failing Endpoints  TPWS Total Endpoints  
-----                                                                                                    -------      -------  ---------------------  -------------------      -------      -------  ---------------------  -------------------     --------     --------  ----------------------  --------------------  
dbg_hub/inst/BSCANID.u_xsdbm_id/SWITCH_N_EXT_BSCAN.bscan_inst/SERIES7_BSCAN.bscan_inst/INTERNAL_TCK        8.691        0.000                      0                 1055        0.018        0.000                      0                 1055       24.468        0.000                       0                   495  
sys_clk                                                                                                    2.269        0.000                      0                   23        0.036        0.000                      0                   23        1.550        0.000                       0                    20  
  clk_50_clkwiz                                                                                            1.368        0.000                      0               402844        0.010        0.000                      0               402844        9.300        0.000                       0                199478  
  mmcm_clkout0                                                                                             0.022        0.000                      0                75265        0.010        0.000                      0                75265        0.905        0.000                       0                 36895  
    pll_clk[0]                                                                                                                                                                                                                                         0.039        0.000                       0                     9  
      pll_clk[0]_DIV                                                                                                                                                                                                                                   0.467        0.000                       0                    35  
    pll_clk[1]                                                                                                                                                                                                                                         0.039        0.000                       0                     7  
      pll_clk[1]_DIV                                                                                                                                                                                                                                   0.467        0.000                       0                    30  
    pll_clk[2]                                                                                                                                                                                                                                         0.039        0.000                       0                     9  
      pll_clk[2]_DIV                                                                                                                                                                                                                                   0.467        0.000                       0                    40  
  mmcm_clkout6                                                                                             1.401        0.000                      0                 5645        0.017        0.000                      0                 5161        1.099        0.000                       0                  1732  


------------------------------------------------------------------------------------------------
| Inter Clock Table
| -----------------
------------------------------------------------------------------------------------------------

From Clock                                                                                           To Clock                                                                                                 WNS(ns)      TNS(ns)  TNS Failing Endpoints  TNS Total Endpoints      WHS(ns)      THS(ns)  THS Failing Endpoints  THS Total Endpoints  
----------                                                                                           --------                                                                                                 -------      -------  ---------------------  -------------------      -------      -------  ---------------------  -------------------  
clk_50_clkwiz                                                                                        dbg_hub/inst/BSCANID.u_xsdbm_id/SWITCH_N_EXT_BSCAN.bscan_inst/SERIES7_BSCAN.bscan_inst/INTERNAL_TCK       19.672        0.000                      0                    8                                                                        
ara_async_pad                                                                                        clk_50_clkwiz                                                                                             12.423        0.000                      0                    4        0.430        0.000                      0                    4  
dbg_hub/inst/BSCANID.u_xsdbm_id/SWITCH_N_EXT_BSCAN.bscan_inst/SERIES7_BSCAN.bscan_inst/INTERNAL_TCK  clk_50_clkwiz                                                                                             49.454        0.000                      0                    8                                                                        
mmcm_clkout0                                                                                         clk_50_clkwiz                                                                                              0.650        0.000                      0                  564        0.038        0.000                      0                   31  
clk_50_clkwiz                                                                                        mmcm_clkout0                                                                                               0.553        0.000                      0                  712        0.881        0.000                      0                   30  
mmcm_clkout6                                                                                         mmcm_clkout0                                                                                               1.889        0.000                      0                  129                                                                        
mmcm_clkout0                                                                                         pll_clk[0]_DIV                                                                                             0.529        0.000                      0                  304        0.650        0.000                      0                  304  
mmcm_clkout0                                                                                         pll_clk[1]_DIV                                                                                             0.728        0.000                      0                  264        0.717        0.000                      0                  264  
mmcm_clkout0                                                                                         pll_clk[2]_DIV                                                                                             0.762        0.000                      0                  352        0.743        0.000                      0                  352  
mmcm_clkout0                                                                                         mmcm_clkout6                                                                                               1.892        0.000                      0                   36        0.115        0.000                      0                    1  


------------------------------------------------------------------------------------------------
| Other Path Groups Table
| -----------------------
------------------------------------------------------------------------------------------------

Path Group                                                                                           From Clock                                                                                           To Clock                                                                                                 WNS(ns)      TNS(ns)  TNS Failing Endpoints  TNS Total Endpoints      WHS(ns)      THS(ns)  THS Failing Endpoints  THS Total Endpoints  
----------                                                                                           ----------                                                                                           --------                                                                                                 -------      -------  ---------------------  -------------------      -------      -------  ---------------------  -------------------  
**async_default**                                                                                    clk_50_clkwiz                                                                                        clk_50_clkwiz                                                                                              9.937        0.000                      0               176777        0.122        0.000                      0               176777  
**async_default**                                                                                    dbg_hub/inst/BSCANID.u_xsdbm_id/SWITCH_N_EXT_BSCAN.bscan_inst/SERIES7_BSCAN.bscan_inst/INTERNAL_TCK  dbg_hub/inst/BSCANID.u_xsdbm_id/SWITCH_N_EXT_BSCAN.bscan_inst/SERIES7_BSCAN.bscan_inst/INTERNAL_TCK       47.454        0.000                      0                  100        0.127        0.000                      0                  100  
**async_default**                                                                                    mmcm_clkout0                                                                                         mmcm_clkout0                                                                                               0.151        0.000                      0                18749        0.114        0.000                      0                18749  
**default**                                                                                          clk_50_clkwiz                                                                                                                                                                                                  16.144        0.000                      0                    2                                                                        
**default**                                                                                          mmcm_clkout0                                                                                                                                                                                                    1.107        0.000                      0                    1                                                                        


------------------------------------------------------------------------------------------------
| User Ignored Path Table
| -----------------------
------------------------------------------------------------------------------------------------

Path Group                                                                                           From Clock                                                                                           To Clock                                                                                           
----------                                                                                           ----------                                                                                           --------                                                                                           
(none)                                                                                               clk_50_clkwiz                                                                                                                                                                                             
(none)                                                                                               mmcm_clkout0                                                                                                                                                                                              
(none)                                                                                                                                                                                                    clk_50_clkwiz                                                                                        
(none)                                                                                               clk_50_clkwiz                                                                                        clk_50_clkwiz                                                                                        
(none)                                                                                               dbg_hub/inst/BSCANID.u_xsdbm_id/SWITCH_N_EXT_BSCAN.bscan_inst/SERIES7_BSCAN.bscan_inst/INTERNAL_TCK  clk_50_clkwiz                                                                                        
(none)                                                                                               mmcm_clkout0                                                                                         clk_50_clkwiz                                                                                        
(none)                                                                                               clk_50_clkwiz                                                                                        dbg_hub/inst/BSCANID.u_xsdbm_id/SWITCH_N_EXT_BSCAN.bscan_inst/SERIES7_BSCAN.bscan_inst/INTERNAL_TCK  
(none)                                                                                               clk_50_clkwiz                                                                                        mmcm_clkout0                                                                                         
(none)                                                                                               mmcm_clkout0                                                                                         mmcm_clkout0                                                                                         
(none)                                                                                               mmcm_clkout6                                                                                         mmcm_clkout0                                                                                         
(none)                                                                                               sys_clk                                                                                              mmcm_clkout0                                                                                         
(none)                                                                                               mmcm_clkout0                                                                                         mmcm_clkout6                                                                                         
(none)                                                                                               mmcm_clkout6                                                                                         mmcm_clkout6                                                                                         
(none)                                                                                               sys_clk                                                                                              mmcm_clkout6                                                                                         
(none)                                                                                               clk_50_clkwiz                                                                                        sys_clk                                                                                              


------------------------------------------------------------------------------------------------
| Unconstrained Path Table
| ------------------------
------------------------------------------------------------------------------------------------

Path Group                                                                                           From Clock                                                                                           To Clock                                                                                           
----------                                                                                           ----------                                                                                           --------                                                                                           
(none)                                                                                                                                                                                                    clk_50_clkwiz                                                                                        
(none)                                                                                                                                                                                                    dbg_hub/inst/BSCANID.u_xsdbm_id/SWITCH_N_EXT_BSCAN.bscan_inst/SERIES7_BSCAN.bscan_inst/INTERNAL_TCK  
(none)                                                                                                                                                                                                    sys_clk                                                                                              


------------------------------------------------------------------------------------------------
| Timing Details
| --------------
------------------------------------------------------------------------------------------------


---------------------------------------------------------------------------------------------------
From Clock:  dbg_hub/inst/BSCANID.u_xsdbm_id/SWITCH_N_EXT_BSCAN.bscan_inst/SERIES7_BSCAN.bscan_inst/INTERNAL_TCK
  To Clock:  dbg_hub/inst/BSCANID.u_xsdbm_id/SWITCH_N_EXT_BSCAN.bscan_inst/SERIES7_BSCAN.bscan_inst/INTERNAL_TCK

Setup :            0  Failing Endpoints,  Worst Slack        8.691ns,  Total Violation        0.000ns
Hold  :            0  Failing Endpoints,  Worst Slack        0.018ns,  Total Violation        0.000ns
PW    :            0  Failing Endpoints,  Worst Slack       24.468ns,  Total Violation        0.000ns
---------------------------------------------------------------------------------------------------


Max Delay Paths
--------------------------------------------------------------------------------------
Slack (MET) :             8.691ns  (required time - arrival time)
  Source:                 dbg_hub/inst/BSCANID.u_xsdbm_id/SWITCH_N_EXT_BSCAN.bscan_switch/state_reg[1]/C
                            (rising edge-triggered cell FDRE clocked by dbg_hub/inst/BSCANID.u_xsdbm_id/SWITCH_N_EXT_BSCAN.bscan_inst/SERIES7_BSCAN.bscan_inst/INTERNAL_TCK  {rise@0.000ns fall@25.000ns period=50.000ns})
  Destination:            dbg_hub/inst/BSCANID.u_xsdbm_id/SWITCH_N_EXT_BSCAN.bscan_inst/SERIES7_BSCAN.bscan_inst/TDO
                            (falling edge-triggered cell BSCANE2 clocked by dbg_hub/inst/BSCANID.u_xsdbm_id/SWITCH_N_EXT_BSCAN.bscan_inst/SERIES7_BSCAN.bscan_inst/INTERNAL_TCK  {rise@0.000ns fall@25.000ns period=50.000ns})
  Path Group:             dbg_hub/inst/BSCANID.u_xsdbm_id/SWITCH_N_EXT_BSCAN.bscan_inst/SERIES7_BSCAN.bscan_inst/INTERNAL_TCK
  Path Type:              Setup (Max at Slow Process Corner)
  Requirement:            25.000ns  (dbg_hub/inst/BSCANID.u_xsdbm_id/SWITCH_N_EXT_BSCAN.bscan_inst/SERIES7_BSCAN.bscan_inst/INTERNAL_TCK fall@25.000ns - dbg_hub/inst/BSCANID.u_xsdbm_id/SWITCH_N_EXT_BSCAN.bscan_inst/SERIES7_BSCAN.bscan_inst/INTERNAL_TCK rise@0.000ns)
  Data Path Delay:        5.258ns  (logic 0.449ns (8.539%)  route 4.809ns (91.461%))
  Logic Levels:           3  (LUT3=1 LUT5=1 LUT6=1)
  Clock Path Skew:        -10.816ns (DCD - SCD + CPR)
    Destination Clock Delay (DCD):    0.000ns = ( 25.000 - 25.000 ) 
    Source Clock Delay      (SCD):    10.816ns
    Clock Pessimism Removal (CPR):    0.000ns
  Clock Uncertainty:      0.235ns  ((TSJ^2 + TIJ^2)^1/2 + DJ) / 2 + PE + DCD
    Total System Jitter     (TSJ):    0.071ns
    Total Input Jitter      (TIJ):    0.000ns
    Discrete Jitter          (DJ):    0.000ns
    Phase Error              (PE):    0.000ns
    Duty Cycle Distortion   (DCD):    0.200ns
  Clock Net Delay (Source):      2.314ns (routing 1.172ns, distribution 1.142ns)

    Location             Delay type                Incr(ns)  Path(ns)    Netlist Resource(s)
  -------------------------------------------------------------------    -------------------
                         (clock dbg_hub/inst/BSCANID.u_xsdbm_id/SWITCH_N_EXT_BSCAN.bscan_inst/SERIES7_BSCAN.bscan_inst/INTERNAL_TCK rise edge)
                                                      0.000     0.000 r  
    CONFIG_SITE_X0Y1     BSCANE2                      0.000     0.000 r  dbg_hub/inst/BSCANID.u_xsdbm_id/SWITCH_N_EXT_BSCAN.bscan_inst/SERIES7_BSCAN.bscan_inst/INTERNAL_TCK
    CONFIG_SITE_X0Y1     BSCANE2 (Prop_BSCAN1_CONFIG_SITE_INTERNAL_TCK_TCK)
                                                      4.300     4.300 r  dbg_hub/inst/BSCANID.u_xsdbm_id/SWITCH_N_EXT_BSCAN.bscan_inst/SERIES7_BSCAN.bscan_inst/TCK
                         net (fo=1, routed)           4.174     8.474    dbg_hub/inst/BSCANID.u_xsdbm_id/tck_bs
    SLR Crossing[1->2]   
    BUFGCE_X1Y288        BUFGCE (Prop_BUFCE_BUFGCE_I_O)
                                                      0.028     8.502 r  dbg_hub/inst/BSCANID.u_xsdbm_id/SWITCH_N_EXT_BSCAN.u_bufg_icon_tck/O
    X3Y10 (CLOCK_ROOT)   net (fo=494, routed)         2.314    10.816    dbg_hub/inst/BSCANID.u_xsdbm_id/SWITCH_N_EXT_BSCAN.bscan_switch/s_bscan_tck
    SLICE_X144Y608       FDRE                                         r  dbg_hub/inst/BSCANID.u_xsdbm_id/SWITCH_N_EXT_BSCAN.bscan_switch/state_reg[1]/C
  -------------------------------------------------------------------    -------------------
    SLICE_X144Y608       FDRE (Prop_EFF_SLICEM_C_Q)
                                                      0.076    10.892 r  dbg_hub/inst/BSCANID.u_xsdbm_id/SWITCH_N_EXT_BSCAN.bscan_switch/state_reg[1]/Q
                         net (fo=50, routed)          0.149    11.041    dbg_hub/inst/BSCANID.u_xsdbm_id/SWITCH_N_EXT_BSCAN.bscan_switch/state[1]
    SLICE_X144Y608       LUT5 (Prop_G6LUT_SLICEM_I4_O)
                                                      0.150    11.191 r  dbg_hub/inst/BSCANID.u_xsdbm_id/SWITCH_N_EXT_BSCAN.bscan_switch/m_bscan_bscanid_en_INST_0/O
                         net (fo=35, routed)          0.959    12.150    dbg_hub/inst/BSCANID.u_xsdbm_id/bscanid_en_int
    SLICE_X111Y606       LUT3 (Prop_G6LUT_SLICEL_I1_O)
                                                      0.123    12.273 r  dbg_hub/inst/BSCANID.u_xsdbm_id/SWITCH_N_EXT_BSCAN.bscan_switch_i_1/O
                         net (fo=2, routed)           2.230    14.503    dbg_hub/inst/BSCANID.u_xsdbm_id/SWITCH_N_EXT_BSCAN.bscan_switch/m_bscan_tdo[0]
    SLR Crossing[2->1]   
    SLICE_X146Y551       LUT6 (Prop_B6LUT_SLICEM_I5_O)
                                                      0.100    14.603 r  dbg_hub/inst/BSCANID.u_xsdbm_id/SWITCH_N_EXT_BSCAN.bscan_switch/s_bscan_tdo_INST_0/O
                         net (fo=1, routed)           1.471    16.074    dbg_hub/inst/BSCANID.u_xsdbm_id/SWITCH_N_EXT_BSCAN.bscan_inst/s_bscan_tdo
    CONFIG_SITE_X0Y1     BSCANE2                                      r  dbg_hub/inst/BSCANID.u_xsdbm_id/SWITCH_N_EXT_BSCAN.bscan_inst/SERIES7_BSCAN.bscan_inst/TDO
  -------------------------------------------------------------------    -------------------

                         (clock dbg_hub/inst/BSCANID.u_xsdbm_id/SWITCH_N_EXT_BSCAN.bscan_inst/SERIES7_BSCAN.bscan_inst/INTERNAL_TCK fall edge)
                                                     25.000    25.000 f  
    CONFIG_SITE_X0Y1     BSCANE2                      0.000    25.000 f  dbg_hub/inst/BSCANID.u_xsdbm_id/SWITCH_N_EXT_BSCAN.bscan_inst/SERIES7_BSCAN.bscan_inst/INTERNAL_TCK
                         clock pessimism              0.000    25.000    
                         clock uncertainty           -0.235    24.765    
    CONFIG_SITE_X0Y1     BSCANE2 (Setup_BSCAN1_CONFIG_SITE_INTERNAL_TCK_TDO)
                                                      0.000    24.765    dbg_hub/inst/BSCANID.u_xsdbm_id/SWITCH_N_EXT_BSCAN.bscan_inst/SERIES7_BSCAN.bscan_inst
  -------------------------------------------------------------------
                         required time                         24.765    
                         arrival time                         -16.074    
  -------------------------------------------------------------------
                         slack                                  8.691    





Min Delay Paths
--------------------------------------------------------------------------------------
Slack (MET) :             0.018ns  (arrival time - required time)
  Source:                 dbg_hub/inst/BSCANID.u_xsdbm_id/CORE_XSDB.UUT_MASTER/U_ICON_INTERFACE/U_CMD6_WR/shift_reg_in_reg[4]/C
                            (rising edge-triggered cell FDCE clocked by dbg_hub/inst/BSCANID.u_xsdbm_id/SWITCH_N_EXT_BSCAN.bscan_inst/SERIES7_BSCAN.bscan_inst/INTERNAL_TCK  {rise@0.000ns fall@25.000ns period=50.000ns})
  Destination:            dbg_hub/inst/BSCANID.u_xsdbm_id/CORE_XSDB.UUT_MASTER/U_ICON_INTERFACE/U_CMD6_WR/shift_reg_in_reg[3]/D
                            (rising edge-triggered cell FDCE clocked by dbg_hub/inst/BSCANID.u_xsdbm_id/SWITCH_N_EXT_BSCAN.bscan_inst/SERIES7_BSCAN.bscan_inst/INTERNAL_TCK  {rise@0.000ns fall@25.000ns period=50.000ns})
  Path Group:             dbg_hub/inst/BSCANID.u_xsdbm_id/SWITCH_N_EXT_BSCAN.bscan_inst/SERIES7_BSCAN.bscan_inst/INTERNAL_TCK
  Path Type:              Hold (Min at Slow Process Corner)
  Requirement:            0.000ns  (dbg_hub/inst/BSCANID.u_xsdbm_id/SWITCH_N_EXT_BSCAN.bscan_inst/SERIES7_BSCAN.bscan_inst/INTERNAL_TCK rise@0.000ns - dbg_hub/inst/BSCANID.u_xsdbm_id/SWITCH_N_EXT_BSCAN.bscan_inst/SERIES7_BSCAN.bscan_inst/INTERNAL_TCK rise@0.000ns)
  Data Path Delay:        0.179ns  (logic 0.059ns (32.961%)  route 0.120ns (67.039%))
  Logic Levels:           0  
  Clock Path Skew:        0.101ns (DCD - SCD - CPR)
    Destination Clock Delay (DCD):    10.571ns
    Source Clock Delay      (SCD):    4.936ns
    Clock Pessimism Removal (CPR):    5.534ns
  Clock Net Delay (Source):      1.827ns (routing 1.066ns, distribution 0.761ns)
  Clock Net Delay (Destination): 2.069ns (routing 1.172ns, distribution 0.897ns)

    Location             Delay type                Incr(ns)  Path(ns)    Netlist Resource(s)
  -------------------------------------------------------------------    -------------------
                         (clock dbg_hub/inst/BSCANID.u_xsdbm_id/SWITCH_N_EXT_BSCAN.bscan_inst/SERIES7_BSCAN.bscan_inst/INTERNAL_TCK rise edge)
                                                      0.000     0.000 r  
    CONFIG_SITE_X0Y1     BSCANE2                      0.000     0.000 r  dbg_hub/inst/BSCANID.u_xsdbm_id/SWITCH_N_EXT_BSCAN.bscan_inst/SERIES7_BSCAN.bscan_inst/INTERNAL_TCK
    CONFIG_SITE_X0Y1     BSCANE2 (Prop_BSCAN1_CONFIG_SITE_INTERNAL_TCK_TCK)
                                                      0.465     0.465 r  dbg_hub/inst/BSCANID.u_xsdbm_id/SWITCH_N_EXT_BSCAN.bscan_inst/SERIES7_BSCAN.bscan_inst/TCK
                         net (fo=1, routed)           2.620     3.085    dbg_hub/inst/BSCANID.u_xsdbm_id/tck_bs
    SLR Crossing[1->2]   
    BUFGCE_X1Y288        BUFGCE (Prop_BUFCE_BUFGCE_I_O)
                                                      0.024     3.109 r  dbg_hub/inst/BSCANID.u_xsdbm_id/SWITCH_N_EXT_BSCAN.u_bufg_icon_tck/O
    X3Y10 (CLOCK_ROOT)   net (fo=494, routed)         1.827     4.936    dbg_hub/inst/BSCANID.u_xsdbm_id/CORE_XSDB.UUT_MASTER/U_ICON_INTERFACE/U_CMD6_WR/m_bscan_tck[0]
    SLICE_X111Y614       FDCE                                         r  dbg_hub/inst/BSCANID.u_xsdbm_id/CORE_XSDB.UUT_MASTER/U_ICON_INTERFACE/U_CMD6_WR/shift_reg_in_reg[4]/C
  -------------------------------------------------------------------    -------------------
    SLICE_X111Y614       FDCE (Prop_GFF_SLICEL_C_Q)
                                                      0.059     4.995 r  dbg_hub/inst/BSCANID.u_xsdbm_id/CORE_XSDB.UUT_MASTER/U_ICON_INTERFACE/U_CMD6_WR/shift_reg_in_reg[4]/Q
                         net (fo=2, routed)           0.120     5.115    dbg_hub/inst/BSCANID.u_xsdbm_id/CORE_XSDB.UUT_MASTER/U_ICON_INTERFACE/U_CMD6_WR/fifo_din[3]
    SLICE_X109Y613       FDCE                                         r  dbg_hub/inst/BSCANID.u_xsdbm_id/CORE_XSDB.UUT_MASTER/U_ICON_INTERFACE/U_CMD6_WR/shift_reg_in_reg[3]/D
  -------------------------------------------------------------------    -------------------

                         (clock dbg_hub/inst/BSCANID.u_xsdbm_id/SWITCH_N_EXT_BSCAN.bscan_inst/SERIES7_BSCAN.bscan_inst/INTERNAL_TCK rise edge)
                                                      0.000     0.000 r  
    CONFIG_SITE_X0Y1     BSCANE2                      0.000     0.000 r  dbg_hub/inst/BSCANID.u_xsdbm_id/SWITCH_N_EXT_BSCAN.bscan_inst/SERIES7_BSCAN.bscan_inst/INTERNAL_TCK
    CONFIG_SITE_X0Y1     BSCANE2 (Prop_BSCAN1_CONFIG_SITE_INTERNAL_TCK_TCK)
                                                      4.300     4.300 r  dbg_hub/inst/BSCANID.u_xsdbm_id/SWITCH_N_EXT_BSCAN.bscan_inst/SERIES7_BSCAN.bscan_inst/TCK
                         net (fo=1, routed)           4.174     8.474    dbg_hub/inst/BSCANID.u_xsdbm_id/tck_bs
    SLR Crossing[1->2]   
    BUFGCE_X1Y288        BUFGCE (Prop_BUFCE_BUFGCE_I_O)
                                                      0.028     8.502 r  dbg_hub/inst/BSCANID.u_xsdbm_id/SWITCH_N_EXT_BSCAN.u_bufg_icon_tck/O
    X3Y10 (CLOCK_ROOT)   net (fo=494, routed)         2.069    10.571    dbg_hub/inst/BSCANID.u_xsdbm_id/CORE_XSDB.UUT_MASTER/U_ICON_INTERFACE/U_CMD6_WR/m_bscan_tck[0]
    SLICE_X109Y613       FDCE                                         r  dbg_hub/inst/BSCANID.u_xsdbm_id/CORE_XSDB.UUT_MASTER/U_ICON_INTERFACE/U_CMD6_WR/shift_reg_in_reg[3]/C
                         clock pessimism             -5.534     5.037    
    SLICE_X109Y613       FDCE (Hold_GFF_SLICEL_C_D)
                                                      0.060     5.097    dbg_hub/inst/BSCANID.u_xsdbm_id/CORE_XSDB.UUT_MASTER/U_ICON_INTERFACE/U_CMD6_WR/shift_reg_in_reg[3]
  -------------------------------------------------------------------
                         required time                         -5.097    
                         arrival time                           5.115    
  -------------------------------------------------------------------
                         slack                                  0.018    





Pulse Width Checks
--------------------------------------------------------------------------------------
Clock Name:         dbg_hub/inst/BSCANID.u_xsdbm_id/SWITCH_N_EXT_BSCAN.bscan_inst/SERIES7_BSCAN.bscan_inst/INTERNAL_TCK
Waveform(ns):       { 0.000 25.000 }
Period(ns):         50.000
Sources:            { dbg_hub/inst/BSCANID.u_xsdbm_id/SWITCH_N_EXT_BSCAN.bscan_inst/SERIES7_BSCAN.bscan_inst/INTERNAL_TCK }

Check Type        Corner  Lib Pin     Reference Pin  Required(ns)  Actual(ns)  Slack(ns)  Location        Pin
Min Period        n/a     BUFGCE/I    n/a            1.290         50.000      48.710     BUFGCE_X1Y288   dbg_hub/inst/BSCANID.u_xsdbm_id/SWITCH_N_EXT_BSCAN.u_bufg_icon_tck/I
Low Pulse Width   Slow    RAMD32/CLK  n/a            0.532         25.000      24.468     SLICE_X110Y613  dbg_hub/inst/BSCANID.u_xsdbm_id/CORE_XSDB.UUT_MASTER/U_ICON_INTERFACE/U_CMD6_WR/U_WR_FIFO/SUBCORE_FIFO.xsdbm_v3_0_0_wrfifo_inst/inst_fifo_gen/gconvfifo.rf/grf.rf/gntv_or_sync_fifo.mem/gdm.dm_gen.dm/RAM_reg_0_15_0_13/RAMA/CLK
High Pulse Width  Fast    RAMD32/CLK  n/a            0.532         25.000      24.468     SLICE_X110Y612  dbg_hub/inst/BSCANID.u_xsdbm_id/CORE_XSDB.UUT_MASTER/U_ICON_INTERFACE/U_CMD6_WR/U_WR_FIFO/SUBCORE_FIFO.xsdbm_v3_0_0_wrfifo_inst/inst_fifo_gen/gconvfifo.rf/grf.rf/gntv_or_sync_fifo.mem/gdm.dm_gen.dm/RAM_reg_0_15_14_15/RAMA/CLK



---------------------------------------------------------------------------------------------------
From Clock:  sys_clk
  To Clock:  sys_clk

Setup :            0  Failing Endpoints,  Worst Slack        2.269ns,  Total Violation        0.000ns
Hold  :            0  Failing Endpoints,  Worst Slack        0.036ns,  Total Violation        0.000ns
PW    :            0  Failing Endpoints,  Worst Slack        1.550ns,  Total Violation        0.000ns
---------------------------------------------------------------------------------------------------


Max Delay Paths
--------------------------------------------------------------------------------------
Slack (MET) :             2.269ns  (required time - arrival time)
  Source:                 i_dram_wrapper/i_dram/inst/u_ddr4_infrastructure/rst_input_sync_r_reg[3]/C
                            (rising edge-triggered cell FDRE clocked by sys_clk  {rise@0.000ns fall@2.000ns period=4.000ns})
  Destination:            i_dram_wrapper/i_dram/inst/u_ddr4_infrastructure/counter_input_rst_reg[0]/R
                            (rising edge-triggered cell FDRE clocked by sys_clk  {rise@0.000ns fall@2.000ns period=4.000ns})
  Path Group:             sys_clk
  Path Type:              Setup (Max at Slow Process Corner)
  Requirement:            4.000ns  (sys_clk rise@4.000ns - sys_clk rise@0.000ns)
  Data Path Delay:        1.547ns  (logic 0.180ns (11.635%)  route 1.367ns (88.365%))
  Logic Levels:           1  (LUT5=1)
  Clock Path Skew:        -0.075ns (DCD - SCD + CPR)
    Destination Clock Delay (DCD):    1.918ns = ( 5.918 - 4.000 ) 
    Source Clock Delay      (SCD):    2.172ns
    Clock Pessimism Removal (CPR):    0.178ns
  Clock Uncertainty:      0.035ns  ((TSJ^2 + TIJ^2)^1/2 + DJ) / 2 + PE
    Total System Jitter     (TSJ):    0.071ns
    Total Input Jitter      (TIJ):    0.000ns
    Discrete Jitter          (DJ):    0.000ns
    Phase Error              (PE):    0.000ns
  Clock Net Delay (Source):      1.084ns (routing 0.171ns, distribution 0.913ns)
  Clock Net Delay (Destination): 0.993ns (routing 0.155ns, distribution 0.838ns)

    Location             Delay type                Incr(ns)  Path(ns)    Netlist Resource(s)
  -------------------------------------------------------------------    -------------------
                         (clock sys_clk rise edge)    0.000     0.000 r  
    E12                                               0.000     0.000 r  sys_clk_p (IN)
                         net (fo=0)                   0.000     0.000    i_bufds_sys_clk/I
    HPIOBDIFFINBUF_X1Y300
                         DIFFINBUF (Prop_DIFFINBUF_HPIOBDIFFINBUF_DIFF_IN_P_O)
                                                      0.675     0.675 r  i_bufds_sys_clk/DIFFINBUF_INST/O
                         net (fo=1, routed)           0.050     0.725    i_bufds_sys_clk/OUT
    E12                  IBUFCTRL (Prop_IBUFCTRL_HPIOB_M_I_O)
                                                      0.000     0.725 r  i_bufds_sys_clk/IBUFCTRL_INST/O
                         net (fo=1, routed)           0.335     1.060    sys_clk
    BUFGCE_X1Y289        BUFGCE (Prop_BUFCE_BUFGCE_I_O)
                                                      0.028     1.088 r  sys_clk_BUFGCE_inst/O
    X4Y12 (CLOCK_ROOT)   net (fo=19, routed)          1.084     2.172    i_dram_wrapper/i_dram/inst/u_ddr4_infrastructure/sys_clk_in
    SLICE_X126Y738       FDRE                                         r  i_dram_wrapper/i_dram/inst/u_ddr4_infrastructure/rst_input_sync_r_reg[3]/C
  -------------------------------------------------------------------    -------------------
    SLICE_X126Y738       FDRE (Prop_DFF2_SLICEL_C_Q)
                                                      0.081     2.253 r  i_dram_wrapper/i_dram/inst/u_ddr4_infrastructure/rst_input_sync_r_reg[3]/Q
                         net (fo=4, routed)           1.088     3.341    i_dram_wrapper/i_dram/inst/u_ddr4_infrastructure/rst_input_sync_r[3]
    SLICE_X126Y834       LUT5 (Prop_H6LUT_SLICEL_I0_O)
                                                      0.099     3.440 r  i_dram_wrapper/i_dram/inst/u_ddr4_infrastructure/counter_input_rst[6]_i_1/O
                         net (fo=4, routed)           0.279     3.719    i_dram_wrapper/i_dram/inst/u_ddr4_infrastructure/counter_input_rst[6]_i_1_n_0
    SLICE_X128Y834       FDRE                                         r  i_dram_wrapper/i_dram/inst/u_ddr4_infrastructure/counter_input_rst_reg[0]/R
  -------------------------------------------------------------------    -------------------

                         (clock sys_clk rise edge)    4.000     4.000 r  
    E12                                               0.000     4.000 r  sys_clk_p (IN)
                         net (fo=0)                   0.000     4.000    i_bufds_sys_clk/I
    HPIOBDIFFINBUF_X1Y300
                         DIFFINBUF (Prop_DIFFINBUF_HPIOBDIFFINBUF_DIFF_IN_P_O)
                                                      0.564     4.564 r  i_bufds_sys_clk/DIFFINBUF_INST/O
                         net (fo=1, routed)           0.040     4.604    i_bufds_sys_clk/OUT
    E12                  IBUFCTRL (Prop_IBUFCTRL_HPIOB_M_I_O)
                                                      0.000     4.604 r  i_bufds_sys_clk/IBUFCTRL_INST/O
                         net (fo=1, routed)           0.297     4.901    sys_clk
    BUFGCE_X1Y289        BUFGCE (Prop_BUFCE_BUFGCE_I_O)
                                                      0.024     4.925 r  sys_clk_BUFGCE_inst/O
    X4Y12 (CLOCK_ROOT)   net (fo=19, routed)          0.993     5.918    i_dram_wrapper/i_dram/inst/u_ddr4_infrastructure/sys_clk_in
    SLICE_X128Y834       FDRE                                         r  i_dram_wrapper/i_dram/inst/u_ddr4_infrastructure/counter_input_rst_reg[0]/C
                         clock pessimism              0.178     6.097    
                         clock uncertainty           -0.035     6.061    
    SLICE_X128Y834       FDRE (Setup_BFF2_SLICEL_C_R)
                                                     -0.074     5.987    i_dram_wrapper/i_dram/inst/u_ddr4_infrastructure/counter_input_rst_reg[0]
  -------------------------------------------------------------------
                         required time                          5.987    
                         arrival time                          -3.719    
  -------------------------------------------------------------------
                         slack                                  2.269    





Min Delay Paths
--------------------------------------------------------------------------------------
Slack (MET) :             0.036ns  (arrival time - required time)
  Source:                 i_dram_wrapper/i_dram/inst/u_ddr4_infrastructure/counter_input_rst_reg[1]/C
                            (rising edge-triggered cell FDSE clocked by sys_clk  {rise@0.000ns fall@2.000ns period=4.000ns})
  Destination:            i_dram_wrapper/i_dram/inst/u_ddr4_infrastructure/counter_input_rst_reg[3]/D
                            (rising edge-triggered cell FDRE clocked by sys_clk  {rise@0.000ns fall@2.000ns period=4.000ns})
  Path Group:             sys_clk
  Path Type:              Hold (Min at Slow Process Corner)
  Requirement:            0.000ns  (sys_clk rise@0.000ns - sys_clk rise@0.000ns)
  Data Path Delay:        0.181ns  (logic 0.112ns (61.878%)  route 0.069ns (38.122%))
  Logic Levels:           1  (LUT4=1)
  Clock Path Skew:        0.083ns (DCD - SCD - CPR)
    Destination Clock Delay (DCD):    2.228ns
    Source Clock Delay      (SCD):    1.921ns
    Clock Pessimism Removal (CPR):    0.223ns
  Clock Net Delay (Source):      0.996ns (routing 0.155ns, distribution 0.841ns)
  Clock Net Delay (Destination): 1.140ns (routing 0.171ns, distribution 0.969ns)

    Location             Delay type                Incr(ns)  Path(ns)    Netlist Resource(s)
  -------------------------------------------------------------------    -------------------
                         (clock sys_clk rise edge)    0.000     0.000 r  
    E12                                               0.000     0.000 r  sys_clk_p (IN)
                         net (fo=0)                   0.000     0.000    i_bufds_sys_clk/I
    HPIOBDIFFINBUF_X1Y300
                         DIFFINBUF (Prop_DIFFINBUF_HPIOBDIFFINBUF_DIFF_IN_P_O)
                                                      0.564     0.564 r  i_bufds_sys_clk/DIFFINBUF_INST/O
                         net (fo=1, routed)           0.040     0.604    i_bufds_sys_clk/OUT
    E12                  IBUFCTRL (Prop_IBUFCTRL_HPIOB_M_I_O)
                                                      0.000     0.604 r  i_bufds_sys_clk/IBUFCTRL_INST/O
                         net (fo=1, routed)           0.297     0.901    sys_clk
    BUFGCE_X1Y289        BUFGCE (Prop_BUFCE_BUFGCE_I_O)
                                                      0.024     0.925 r  sys_clk_BUFGCE_inst/O
    X4Y12 (CLOCK_ROOT)   net (fo=19, routed)          0.996     1.921    i_dram_wrapper/i_dram/inst/u_ddr4_infrastructure/sys_clk_in
    SLICE_X126Y834       FDSE                                         r  i_dram_wrapper/i_dram/inst/u_ddr4_infrastructure/counter_input_rst_reg[1]/C
  -------------------------------------------------------------------    -------------------
    SLICE_X126Y834       FDSE (Prop_BFF_SLICEL_C_Q)
                                                      0.059     1.980 r  i_dram_wrapper/i_dram/inst/u_ddr4_infrastructure/counter_input_rst_reg[1]/Q
                         net (fo=5, routed)           0.060     2.040    i_dram_wrapper/i_dram/inst/u_ddr4_infrastructure/counter_input_rst[1]
    SLICE_X128Y834       LUT4 (Prop_D5LUT_SLICEL_I0_O)
                                                      0.053     2.093 r  i_dram_wrapper/i_dram/inst/u_ddr4_infrastructure/counter_input_rst[3]_i_1/O
                         net (fo=1, routed)           0.009     2.102    i_dram_wrapper/i_dram/inst/u_ddr4_infrastructure/counter_input_rst0[3]
    SLICE_X128Y834       FDRE                                         r  i_dram_wrapper/i_dram/inst/u_ddr4_infrastructure/counter_input_rst_reg[3]/D
  -------------------------------------------------------------------    -------------------

                         (clock sys_clk rise edge)    0.000     0.000 r  
    E12                                               0.000     0.000 r  sys_clk_p (IN)
                         net (fo=0)                   0.000     0.000    i_bufds_sys_clk/I
    HPIOBDIFFINBUF_X1Y300
                         DIFFINBUF (Prop_DIFFINBUF_HPIOBDIFFINBUF_DIFF_IN_P_O)
                                                      0.675     0.675 r  i_bufds_sys_clk/DIFFINBUF_INST/O
                         net (fo=1, routed)           0.050     0.725    i_bufds_sys_clk/OUT
    E12                  IBUFCTRL (Prop_IBUFCTRL_HPIOB_M_I_O)
                                                      0.000     0.725 r  i_bufds_sys_clk/IBUFCTRL_INST/O
                         net (fo=1, routed)           0.335     1.060    sys_clk
    BUFGCE_X1Y289        BUFGCE (Prop_BUFCE_BUFGCE_I_O)
                                                      0.028     1.088 r  sys_clk_BUFGCE_inst/O
    X4Y12 (CLOCK_ROOT)   net (fo=19, routed)          1.140     2.228    i_dram_wrapper/i_dram/inst/u_ddr4_infrastructure/sys_clk_in
    SLICE_X128Y834       FDRE                                         r  i_dram_wrapper/i_dram/inst/u_ddr4_infrastructure/counter_input_rst_reg[3]/C
                         clock pessimism             -0.223     2.004    
    SLICE_X128Y834       FDRE (Hold_DFF2_SLICEL_C_D)
                                                      0.062     2.066    i_dram_wrapper/i_dram/inst/u_ddr4_infrastructure/counter_input_rst_reg[3]
  -------------------------------------------------------------------
                         required time                         -2.066    
                         arrival time                           2.102    
  -------------------------------------------------------------------
                         slack                                  0.036    





Pulse Width Checks
--------------------------------------------------------------------------------------
Clock Name:         sys_clk
Waveform(ns):       { 0.000 2.000 }
Period(ns):         4.000
Sources:            { sys_clk_p }

Check Type        Corner  Lib Pin            Reference Pin  Required(ns)  Actual(ns)  Slack(ns)  Location       Pin
Min Period        n/a     BUFGCE/I           n/a            1.290         4.000       2.710      BUFGCE_X1Y289  sys_clk_BUFGCE_inst/I
Max Period        n/a     MMCME4_ADV/CLKIN1  n/a            100.000       4.000       96.000     MMCM_X1Y13     i_dram_wrapper/i_dram/inst/u_ddr4_infrastructure/gen_mmcme4.u_mmcme_adv_inst/CLKIN1
Low Pulse Width   Slow    MMCME4_ADV/CLKIN1  n/a            0.450         2.000       1.550      MMCM_X1Y13     i_dram_wrapper/i_dram/inst/u_ddr4_infrastructure/gen_mmcme4.u_mmcme_adv_inst/CLKIN1
High Pulse Width  Slow    MMCME4_ADV/CLKIN1  n/a            0.450         2.000       1.550      MMCM_X1Y11     i_clkwiz/inst/mmcme4_adv_inst/CLKIN1



---------------------------------------------------------------------------------------------------
From Clock:  clk_50_clkwiz
  To Clock:  clk_50_clkwiz

Setup :            0  Failing Endpoints,  Worst Slack        1.368ns,  Total Violation        0.000ns
Hold  :            0  Failing Endpoints,  Worst Slack        0.010ns,  Total Violation        0.000ns
PW    :            0  Failing Endpoints,  Worst Slack        9.300ns,  Total Violation        0.000ns
---------------------------------------------------------------------------------------------------


Max Delay Paths
--------------------------------------------------------------------------------------
Slack (MET) :             1.368ns  (required time - arrival time)
  Source:                 i_cheshire_soc/gen_llc_atomics.i_llc_atomics/i_axi_riscv_atomics_wrap/i_atomics/i_lrsc/i_b_inj_fifo/read_pointer_q_reg[0]/C
                            (rising edge-triggered cell FDCE clocked by clk_50_clkwiz  {rise@0.000ns fall@10.000ns period=20.000ns})
  Destination:            i_cheshire_soc/gen_llc_atomics.i_llc_atomics/i_axi_riscv_atomics_wrap/i_atomics/i_lrsc/i_write_in_flight_queue/gen_data_ffs[7].linked_data_q_reg[7][next][0]/CE
                            (rising edge-triggered cell FDCE clocked by clk_50_clkwiz  {rise@0.000ns fall@10.000ns period=20.000ns})
  Path Group:             clk_50_clkwiz
  Path Type:              Setup (Max at Slow Process Corner)
  Requirement:            20.000ns  (clk_50_clkwiz rise@20.000ns - clk_50_clkwiz rise@0.000ns)
  Data Path Delay:        18.403ns  (logic 4.207ns (22.860%)  route 14.196ns (77.140%))
  Logic Levels:           45  (CARRY8=3 LUT2=5 LUT3=4 LUT4=3 LUT5=7 LUT6=21 MUXF7=1 MUXF8=1)
  Clock Path Skew:        -0.086ns (DCD - SCD + CPR)
    Destination Clock Delay (DCD):    6.017ns = ( 26.017 - 20.000 ) 
    Source Clock Delay      (SCD):    5.942ns
    Clock Pessimism Removal (CPR):    -0.161ns
  Clock Uncertainty:      0.083ns  ((TSJ^2 + DJ^2)^1/2) / 2 + PE
    Total System Jitter     (TSJ):    0.071ns
    Discrete Jitter          (DJ):    0.150ns
    Phase Error              (PE):    0.000ns
  Clock Net Delay (Source):      3.718ns (routing 1.870ns, distribution 1.848ns)
  Clock Net Delay (Destination): 3.348ns (routing 1.700ns, distribution 1.648ns)

    Location             Delay type                Incr(ns)  Path(ns)    Netlist Resource(s)
  -------------------------------------------------------------------    -------------------
                         (clock clk_50_clkwiz rise edge)
                                                      0.000     0.000 r  
    E12                                               0.000     0.000 r  sys_clk_p (IN)
                         net (fo=0)                   0.000     0.000    i_bufds_sys_clk/I
    HPIOBDIFFINBUF_X1Y300
                         DIFFINBUF (Prop_DIFFINBUF_HPIOBDIFFINBUF_DIFF_IN_P_O)
                                                      0.675     0.675 r  i_bufds_sys_clk/DIFFINBUF_INST/O
                         net (fo=1, routed)           0.050     0.725    i_bufds_sys_clk/OUT
    E12                  IBUFCTRL (Prop_IBUFCTRL_HPIOB_M_I_O)
                                                      0.000     0.725 r  i_bufds_sys_clk/IBUFCTRL_INST/O
                         net (fo=1, routed)           0.335     1.060    sys_clk
    BUFGCE_X1Y289        BUFGCE (Prop_BUFCE_BUFGCE_I_O)
                                                      0.028     1.088 r  sys_clk_BUFGCE_inst/O
                         net (fo=19, routed)          0.991     2.079    i_clkwiz/inst/clk_in1
    MMCM_X1Y11           MMCME4_ADV (Prop_MMCM_CLKIN1_CLKOUT0)
                                                     -0.127     1.952 r  i_clkwiz/inst/mmcme4_adv_inst/CLKOUT0
                         net (fo=1, routed)           0.244     2.196    i_clkwiz/inst/clk_50_clkwiz
    BUFGCE_X1Y266        BUFGCE (Prop_BUFCE_BUFGCE_I_O)
                                                      0.028     2.224 r  i_clkwiz/inst/clkout1_buf/O
    X2Y7 (CLOCK_ROOT)    net (fo=199676, routed)      3.718     5.942    i_cheshire_soc/gen_llc_atomics.i_llc_atomics/i_axi_riscv_atomics_wrap/i_atomics/i_lrsc/i_b_inj_fifo/clk_i
    SLICE_X41Y697        FDCE                                         r  i_cheshire_soc/gen_llc_atomics.i_llc_atomics/i_axi_riscv_atomics_wrap/i_atomics/i_lrsc/i_b_inj_fifo/read_pointer_q_reg[0]/C
  -------------------------------------------------------------------    -------------------
    SLICE_X41Y697        FDCE (Prop_HFF_SLICEL_C_Q)
                                                      0.079     6.021 r  i_cheshire_soc/gen_llc_atomics.i_llc_atomics/i_axi_riscv_atomics_wrap/i_atomics/i_lrsc/i_b_inj_fifo/read_pointer_q_reg[0]/Q
                         net (fo=20, routed)          0.226     6.247    i_cheshire_soc/gen_llc_atomics.i_llc_atomics/i_axi_riscv_atomics_wrap/i_atomics/i_lrsc/i_b_inj_fifo/read_pointer_q_reg[0]
    SLICE_X42Y695        LUT6 (Prop_D6LUT_SLICEM_I4_O)
                                                      0.145     6.392 r  i_cheshire_soc/gen_llc_atomics.i_llc_atomics/i_axi_riscv_atomics_wrap/i_atomics/i_lrsc/i_b_inj_fifo/data_o[id][1]_INST_0_i_3/O
                         net (fo=1, routed)           0.025     6.417    i_cheshire_soc/gen_llc_atomics.i_llc_atomics/i_axi_riscv_atomics_wrap/i_atomics/i_lrsc/i_b_inj_fifo/data_o[id][1]_INST_0_i_3_n_0
    SLICE_X42Y695        MUXF7 (Prop_F7MUX_CD_SLICEM_I0_O)
                                                      0.062     6.479 r  i_cheshire_soc/gen_llc_atomics.i_llc_atomics/i_axi_riscv_atomics_wrap/i_atomics/i_lrsc/i_b_inj_fifo/data_o[id][1]_INST_0_i_1/O
                         net (fo=1, routed)           0.000     6.479    i_cheshire_soc/gen_llc_atomics.i_llc_atomics/i_axi_riscv_atomics_wrap/i_atomics/i_lrsc/i_b_inj_fifo/data_o[id][1]_INST_0_i_1_n_0
    SLICE_X42Y695        MUXF8 (Prop_F8MUX_BOT_SLICEM_I0_O)
                                                      0.030     6.509 r  i_cheshire_soc/gen_llc_atomics.i_llc_atomics/i_axi_riscv_atomics_wrap/i_atomics/i_lrsc/i_b_inj_fifo/data_o[id][1]_INST_0/O
                         net (fo=2, routed)           0.699     7.208    i_cheshire_soc/gen_llc_atomics.i_llc_atomics/i_axi_riscv_atomics_wrap/i_atomics/i_lrsc/b_inj_oup[id][1]
    SLICE_X37Y703        LUT5 (Prop_C6LUT_SLICEL_I0_O)
                                                      0.050     7.258 r  i_cheshire_soc/gen_llc_atomics.i_llc_atomics/i_axi_riscv_atomics_wrap/i_atomics/i_lrsc/i_b_status_queue_i_9/O
                         net (fo=17, routed)          1.058     8.316    i_cheshire_soc/gen_llc_atomics.i_llc_atomics/i_axi_riscv_atomics_wrap/i_atomics/i_lrsc/i_b_status_queue/oup_id_i[1]
    SLICE_X8Y728         LUT6 (Prop_C6LUT_SLICEM_I4_O)
                                                      0.037     8.353 r  i_cheshire_soc/gen_llc_atomics.i_llc_atomics/i_axi_riscv_atomics_wrap/i_atomics/i_lrsc/i_b_status_queue/i_id_ohb_out_i_30/O
                         net (fo=1, routed)           0.181     8.534    i_cheshire_soc/gen_llc_atomics.i_llc_atomics/i_axi_riscv_atomics_wrap/i_atomics/i_lrsc/i_b_status_queue/i_id_ohb_out_i_30_n_0
    SLICE_X9Y728         LUT6 (Prop_F6LUT_SLICEL_I0_O)
                                                      0.035     8.569 r  i_cheshire_soc/gen_llc_atomics.i_llc_atomics/i_axi_riscv_atomics_wrap/i_atomics/i_lrsc/i_b_status_queue/i_id_ohb_out_i_11/O
                         net (fo=6, routed)           0.334     8.903    i_cheshire_soc/gen_llc_atomics.i_llc_atomics/i_axi_riscv_atomics_wrap/i_atomics/i_lrsc/i_b_status_queue/i_id_ohb_out/onehot[5]
    SLICE_X10Y731        LUT5 (Prop_E6LUT_SLICEL_I0_O)
                                                      0.090     8.993 r  i_cheshire_soc/gen_llc_atomics.i_llc_atomics/i_axi_riscv_atomics_wrap/i_atomics/i_lrsc/i_b_status_queue/i_id_ohb_out/bin[0]_INST_0/O
                         net (fo=169, routed)         0.680     9.673    i_cheshire_soc/gen_llc_atomics.i_llc_atomics/i_axi_riscv_atomics_wrap/i_atomics/i_lrsc/i_b_status_queue/match_out_idx[0]
    SLICE_X5Y734         LUT6 (Prop_E6LUT_SLICEL_I4_O)
                                                      0.090     9.763 r  i_cheshire_soc/gen_llc_atomics.i_llc_atomics/i_axi_riscv_atomics_wrap/i_atomics/i_lrsc/i_b_status_queue/oup_data_o[1]_INST_0_i_20/O
                         net (fo=1, routed)           0.261    10.024    i_cheshire_soc/gen_llc_atomics.i_llc_atomics/i_axi_riscv_atomics_wrap/i_atomics/i_lrsc/i_b_status_queue/oup_data_o[1]_INST_0_i_20_n_0
    SLICE_X5Y726         LUT6 (Prop_E6LUT_SLICEL_I3_O)
                                                      0.090    10.114 f  i_cheshire_soc/gen_llc_atomics.i_llc_atomics/i_axi_riscv_atomics_wrap/i_atomics/i_lrsc/i_b_status_queue/oup_data_o[1]_INST_0_i_10/O
                         net (fo=50, routed)          0.426    10.540    i_cheshire_soc/gen_llc_atomics.i_llc_atomics/i_axi_riscv_atomics_wrap/i_atomics/i_lrsc/i_b_status_queue/oup_data_o[1]_INST_0_i_10_n_0
    SLICE_X11Y716        LUT2 (Prop_B6LUT_SLICEM_I1_O)
                                                      0.052    10.592 r  i_cheshire_soc/gen_llc_atomics.i_llc_atomics/i_axi_riscv_atomics_wrap/i_atomics/i_lrsc/i_b_status_queue/gen_data_ffs[0].linked_data_q[0][free]_i_3/O
                         net (fo=10, routed)          0.479    11.071    i_cheshire_soc/gen_llc_atomics.i_llc_atomics/i_axi_riscv_atomics_wrap/i_atomics/i_lrsc/i_b_status_queue/gen_data_ffs[0].linked_data_q[0][free]_i_3_n_0
    SLICE_X12Y720        LUT6 (Prop_F6LUT_SLICEL_I3_O)
                                                      0.049    11.120 f  i_cheshire_soc/gen_llc_atomics.i_llc_atomics/i_axi_riscv_atomics_wrap/i_atomics/i_lrsc/i_b_status_queue/oup_data_o[0]_INST_0_i_10/O
                         net (fo=1, routed)           0.132    11.252    i_cheshire_soc/gen_llc_atomics.i_llc_atomics/i_axi_riscv_atomics_wrap/i_atomics/i_lrsc/i_b_status_queue/oup_data_o[0]_INST_0_i_10_n_0
    SLICE_X12Y717        LUT6 (Prop_H6LUT_SLICEL_I5_O)
                                                      0.036    11.288 f  i_cheshire_soc/gen_llc_atomics.i_llc_atomics/i_axi_riscv_atomics_wrap/i_atomics/i_lrsc/i_b_status_queue/oup_data_o[0]_INST_0_i_7/O
                         net (fo=1, routed)           0.135    11.423    i_cheshire_soc/gen_llc_atomics.i_llc_atomics/i_axi_riscv_atomics_wrap/i_atomics/i_lrsc/i_b_status_queue/oup_data_o[0]_INST_0_i_7_n_0
    SLICE_X13Y717        LUT6 (Prop_A6LUT_SLICEM_I5_O)
                                                      0.053    11.476 r  i_cheshire_soc/gen_llc_atomics.i_llc_atomics/i_axi_riscv_atomics_wrap/i_atomics/i_lrsc/i_b_status_queue/oup_data_o[0]_INST_0_i_3/O
                         net (fo=1, routed)           0.096    11.572    i_cheshire_soc/gen_llc_atomics.i_llc_atomics/i_axi_riscv_atomics_wrap/i_atomics/i_lrsc/i_b_status_queue/oup_data_o[0]_INST_0_i_3_n_0
    SLICE_X13Y714        LUT6 (Prop_G6LUT_SLICEM_I5_O)
                                                      0.037    11.609 f  i_cheshire_soc/gen_llc_atomics.i_llc_atomics/i_axi_riscv_atomics_wrap/i_atomics/i_lrsc/i_b_status_queue/oup_data_o[0]_INST_0/O
                         net (fo=8, routed)           0.663    12.272    i_cheshire_soc/gen_llc_atomics.i_llc_atomics/i_axi_riscv_atomics_wrap/i_atomics/i_lrsc/b_status_oup_cmd[0]
    SLICE_X37Y703        LUT6 (Prop_G6LUT_SLICEL_I0_O)
                                                      0.149    12.421 r  i_cheshire_soc/gen_llc_atomics.i_llc_atomics/i_axi_riscv_atomics_wrap/i_atomics/i_lrsc/i_b_status_queue_i_11/O
                         net (fo=37, routed)          0.583    13.004    i_cheshire_soc/gen_llc_atomics.i_llc_atomics/i_axi_riscv_atomics_wrap/i_atomics/i_lrsc/i_b_status_queue/oup_pop_i
    SLICE_X14Y715        LUT3 (Prop_C6LUT_SLICEL_I0_O)
                                                      0.146    13.150 r  i_cheshire_soc/gen_llc_atomics.i_llc_atomics/i_axi_riscv_atomics_wrap/i_atomics/i_lrsc/i_b_status_queue/inp_gnt_o_INST_0/O
                         net (fo=1, routed)           0.621    13.771    i_cheshire_soc/gen_llc_atomics.i_llc_atomics/i_axi_riscv_atomics_wrap/i_atomics/i_lrsc/b_status_inp_gnt
    SLICE_X34Y695        LUT6 (Prop_F6LUT_SLICEL_I3_O)
                                                      0.049    13.820 r  i_cheshire_soc/gen_llc_atomics.i_llc_atomics/i_axi_riscv_atomics_wrap/i_atomics/i_lrsc/slv_aw_ready_o_INST_0_i_4/O
                         net (fo=3, routed)           0.308    14.128    i_cheshire_soc/gen_llc_atomics.i_llc_atomics/i_axi_riscv_atomics_wrap/i_atomics/i_lrsc/slv_aw_ready_o_INST_0_i_4_n_0
    SLICE_X33Y699        LUT3 (Prop_A5LUT_SLICEM_I0_O)
                                                      0.112    14.240 f  i_cheshire_soc/gen_llc_atomics.i_llc_atomics/i_axi_riscv_atomics_wrap/i_atomics/i_lrsc/i_wifq_exists_arb_i_93/O
                         net (fo=123, routed)         0.252    14.492    i_cheshire_soc/gen_llc_atomics.i_llc_atomics/i_axi_riscv_atomics_wrap/i_atomics/i_lrsc/i_wifq_exists_arb_i_93_n_0
    SLICE_X33Y693        LUT2 (Prop_B5LUT_SLICEM_I1_O)
                                                      0.167    14.659 r  i_cheshire_soc/gen_llc_atomics.i_llc_atomics/i_axi_riscv_atomics_wrap/i_atomics/i_lrsc/i_wifq_exists_arb_i_57/O
                         net (fo=1, routed)           0.167    14.826    i_cheshire_soc/gen_llc_atomics.i_llc_atomics/i_axi_riscv_atomics_wrap/i_atomics/i_lrsc/i_wifq_exists_arb/i_arb/gen_rr_arb.i_arbiter/data_i[0][data][addr][33]
    SLICE_X33Y693        LUT5 (Prop_H6LUT_SLICEM_I1_O)
                                                      0.053    14.879 r  i_cheshire_soc/gen_llc_atomics.i_llc_atomics/i_axi_riscv_atomics_wrap/i_atomics/i_lrsc/i_wifq_exists_arb/i_arb/gen_rr_arb.i_arbiter/data_o[data][addr][33]_INST_0/O
                         net (fo=16, routed)          0.827    15.706    i_cheshire_soc/gen_llc_atomics.i_llc_atomics/i_axi_riscv_atomics_wrap/i_atomics/i_lrsc/i_write_in_flight_queue/exists_data_i[0][addr][33]
    SLICE_X50Y712        LUT6 (Prop_F6LUT_SLICEM_I4_O)
                                                      0.123    15.829 r  i_cheshire_soc/gen_llc_atomics.i_llc_atomics/i_axi_riscv_atomics_wrap/i_atomics/i_lrsc/i_write_in_flight_queue/exists_o[0]_INST_0_i_423/O
                         net (fo=1, routed)           0.230    16.059    i_cheshire_soc/gen_llc_atomics.i_llc_atomics/i_axi_riscv_atomics_wrap/i_atomics/i_lrsc/i_write_in_flight_queue/exists_o[0]_INST_0_i_423_n_0
    SLICE_X49Y711        LUT2 (Prop_D6LUT_SLICEL_I0_O)
                                                      0.122    16.181 r  i_cheshire_soc/gen_llc_atomics.i_llc_atomics/i_axi_riscv_atomics_wrap/i_atomics/i_lrsc/i_write_in_flight_queue/exists_o[0]_INST_0_i_237/O
                         net (fo=1, routed)           0.009    16.190    i_cheshire_soc/gen_llc_atomics.i_llc_atomics/i_axi_riscv_atomics_wrap/i_atomics/i_lrsc/i_write_in_flight_queue/exists_o[0]_INST_0_i_237_n_0
    SLICE_X49Y711        CARRY8 (Prop_CARRY8_SLICEL_S[3]_CO[7])
                                                      0.161    16.351 f  i_cheshire_soc/gen_llc_atomics.i_llc_atomics/i_axi_riscv_atomics_wrap/i_atomics/i_lrsc/i_write_in_flight_queue/exists_o[0]_INST_0_i_76/CO[7]
                         net (fo=1, routed)           0.437    16.788    i_cheshire_soc/gen_llc_atomics.i_llc_atomics/i_axi_riscv_atomics_wrap/i_atomics/i_lrsc/i_write_in_flight_queue/exists_match[0]113_out
    SLICE_X36Y709        LUT4 (Prop_E6LUT_SLICEM_I3_O)
                                                      0.124    16.912 f  i_cheshire_soc/gen_llc_atomics.i_llc_atomics/i_axi_riscv_atomics_wrap/i_atomics/i_lrsc/i_write_in_flight_queue/exists_o[0]_INST_0_i_13/O
                         net (fo=1, routed)           0.146    17.058    i_cheshire_soc/gen_llc_atomics.i_llc_atomics/i_axi_riscv_atomics_wrap/i_atomics/i_lrsc/i_write_in_flight_queue/exists_o[0]_INST_0_i_13_n_0
    SLICE_X36Y709        LUT5 (Prop_G6LUT_SLICEM_I4_O)
                                                      0.052    17.110 r  i_cheshire_soc/gen_llc_atomics.i_llc_atomics/i_axi_riscv_atomics_wrap/i_atomics/i_lrsc/i_write_in_flight_queue/exists_o[0]_INST_0_i_3/O
                         net (fo=1, routed)           0.217    17.327    i_cheshire_soc/gen_llc_atomics.i_llc_atomics/i_axi_riscv_atomics_wrap/i_atomics/i_lrsc/i_write_in_flight_queue/exists_o[0]_INST_0_i_3_n_0
    SLICE_X35Y704        LUT5 (Prop_F6LUT_SLICEM_I3_O)
                                                      0.098    17.425 f  i_cheshire_soc/gen_llc_atomics.i_llc_atomics/i_axi_riscv_atomics_wrap/i_atomics/i_lrsc/i_write_in_flight_queue/exists_o[0]_INST_0/O
                         net (fo=28, routed)          0.288    17.713    i_cheshire_soc/gen_llc_atomics.i_llc_atomics/i_axi_riscv_atomics_wrap/i_atomics/i_lrsc/wifq_exists
    SLICE_X34Y695        LUT3 (Prop_B5LUT_SLICEL_I1_O)
                                                      0.165    17.878 r  i_cheshire_soc/gen_llc_atomics.i_llc_atomics/i_axi_riscv_atomics_wrap/i_atomics/i_lrsc/slv_aw_ready_o_INST_0_i_1/O
                         net (fo=40, routed)          0.409    18.287    i_cheshire_soc/gen_llc_atomics.i_llc_atomics/i_axi_riscv_atomics_wrap/i_atomics/i_lrsc/slv_aw_ready_o_INST_0_i_1_n_0
    SLICE_X33Y687        LUT6 (Prop_C6LUT_SLICEM_I3_O)
                                                      0.051    18.338 r  i_cheshire_soc/gen_llc_atomics.i_llc_atomics/i_axi_riscv_atomics_wrap/i_atomics/i_lrsc/i_art_i_35/O
                         net (fo=2, routed)           0.436    18.774    i_cheshire_soc/gen_llc_atomics.i_llc_atomics/i_axi_riscv_atomics_wrap/i_atomics/i_lrsc/i_art/check_clr_addr_i[10]
    SLICE_X28Y686        LUT6 (Prop_F6LUT_SLICEL_I1_O)
                                                      0.049    18.823 r  i_cheshire_soc/gen_llc_atomics.i_llc_atomics/i_axi_riscv_atomics_wrap/i_atomics/i_lrsc/i_art/check_res_o_INST_0_i_29/O
                         net (fo=1, routed)           0.196    19.019    i_cheshire_soc/gen_llc_atomics.i_llc_atomics/i_axi_riscv_atomics_wrap/i_atomics/i_lrsc/i_art/check_res_o_INST_0_i_29_n_0
    SLICE_X27Y687        LUT5 (Prop_D6LUT_SLICEM_I4_O)
                                                      0.099    19.118 r  i_cheshire_soc/gen_llc_atomics.i_llc_atomics/i_axi_riscv_atomics_wrap/i_atomics/i_lrsc/i_art/check_res_o_INST_0_i_14/O
                         net (fo=1, routed)           0.025    19.143    i_cheshire_soc/gen_llc_atomics.i_llc_atomics/i_axi_riscv_atomics_wrap/i_atomics/i_lrsc/i_art/check_res_o_INST_0_i_14_n_0
    SLICE_X27Y687        CARRY8 (Prop_CARRY8_SLICEM_S[3]_CO[7])
                                                      0.163    19.306 r  i_cheshire_soc/gen_llc_atomics.i_llc_atomics/i_axi_riscv_atomics_wrap/i_atomics/i_lrsc/i_art/check_res_o_INST_0_i_2/CO[7]
                         net (fo=1, routed)           0.026    19.332    i_cheshire_soc/gen_llc_atomics.i_llc_atomics/i_axi_riscv_atomics_wrap/i_atomics/i_lrsc/i_art/check_res_o_INST_0_i_2_n_0
    SLICE_X27Y688        CARRY8 (Prop_CARRY8_SLICEM_CI_CO[6])
                                                      0.092    19.424 r  i_cheshire_soc/gen_llc_atomics.i_llc_atomics/i_axi_riscv_atomics_wrap/i_atomics/i_lrsc/i_art/check_res_o_INST_0_i_1/CO[6]
                         net (fo=2, routed)           0.214    19.638    i_cheshire_soc/gen_llc_atomics.i_llc_atomics/i_axi_riscv_atomics_wrap/i_atomics/i_lrsc/i_art/check_res_o0
    SLICE_X28Y689        LUT2 (Prop_B6LUT_SLICEL_I1_O)
                                                      0.090    19.728 r  i_cheshire_soc/gen_llc_atomics.i_llc_atomics/i_axi_riscv_atomics_wrap/i_atomics/i_lrsc/i_art/check_res_o_INST_0/O
                         net (fo=5, routed)           0.380    20.108    i_cheshire_soc/gen_llc_atomics.i_llc_atomics/i_axi_riscv_atomics_wrap/i_atomics/i_lrsc/art_check_res
    SLICE_X31Y692        LUT2 (Prop_E5LUT_SLICEM_I1_O)
                                                      0.139    20.247 f  i_cheshire_soc/gen_llc_atomics.i_llc_atomics/i_axi_riscv_atomics_wrap/i_atomics/i_lrsc/slv_aw_ready_o_INST_0_i_3/O
                         net (fo=2, routed)           0.162    20.409    i_cheshire_soc/gen_llc_atomics.i_llc_atomics/i_axi_riscv_atomics_wrap/i_atomics/i_lrsc/slv_aw_ready_o_INST_0_i_3_n_0
    SLICE_X31Y692        LUT6 (Prop_G6LUT_SLICEM_I2_O)
                                                      0.037    20.446 r  i_cheshire_soc/gen_llc_atomics.i_llc_atomics/i_axi_riscv_atomics_wrap/i_atomics/i_lrsc/i_write_in_flight_queue_i_1/O
                         net (fo=21, routed)          0.470    20.916    i_cheshire_soc/gen_llc_atomics.i_llc_atomics/i_axi_riscv_atomics_wrap/i_atomics/i_lrsc/i_write_in_flight_queue/inp_req_i
    SLICE_X28Y705        LUT3 (Prop_B6LUT_SLICEL_I2_O)
                                                      0.051    20.967 f  i_cheshire_soc/gen_llc_atomics.i_llc_atomics/i_axi_riscv_atomics_wrap/i_atomics/i_lrsc/i_write_in_flight_queue/i_id_ohb_in_i_16/O
                         net (fo=103, routed)         0.671    21.638    i_cheshire_soc/gen_llc_atomics.i_llc_atomics/i_axi_riscv_atomics_wrap/i_atomics/i_lrsc/i_write_in_flight_queue/i_id_ohb_in_i_16_n_0
    SLICE_X23Y717        LUT6 (Prop_G6LUT_SLICEL_I5_O)
                                                      0.089    21.727 f  i_cheshire_soc/gen_llc_atomics.i_llc_atomics/i_axi_riscv_atomics_wrap/i_atomics/i_lrsc/i_write_in_flight_queue/i_id_ohb_in_i_19/O
                         net (fo=1, routed)           0.089    21.816    i_cheshire_soc/gen_llc_atomics.i_llc_atomics/i_axi_riscv_atomics_wrap/i_atomics/i_lrsc/i_write_in_flight_queue/i_id_ohb_in_i_19_n_0
    SLICE_X23Y717        LUT6 (Prop_F6LUT_SLICEL_I5_O)
                                                      0.035    21.851 r  i_cheshire_soc/gen_llc_atomics.i_llc_atomics/i_axi_riscv_atomics_wrap/i_atomics/i_lrsc/i_write_in_flight_queue/i_id_ohb_in_i_3/O
                         net (fo=3, routed)           0.141    21.992    i_cheshire_soc/gen_llc_atomics.i_llc_atomics/i_axi_riscv_atomics_wrap/i_atomics/i_lrsc/i_write_in_flight_queue/i_id_ohb_in/onehot[13]
    SLICE_X23Y713        LUT4 (Prop_F6LUT_SLICEL_I3_O)
                                                      0.089    22.081 r  i_cheshire_soc/gen_llc_atomics.i_llc_atomics/i_axi_riscv_atomics_wrap/i_atomics/i_lrsc/i_write_in_flight_queue/i_id_ohb_in/bin[0]_INST_0_i_1/O
                         net (fo=1, routed)           0.100    22.181    i_cheshire_soc/gen_llc_atomics.i_llc_atomics/i_axi_riscv_atomics_wrap/i_atomics/i_lrsc/i_write_in_flight_queue/i_id_ohb_in/bin[0]_INST_0_i_1_n_0
    SLICE_X23Y712        LUT5 (Prop_B6LUT_SLICEL_I4_O)
                                                      0.148    22.329 r  i_cheshire_soc/gen_llc_atomics.i_llc_atomics/i_axi_riscv_atomics_wrap/i_atomics/i_lrsc/i_write_in_flight_queue/i_id_ohb_in/bin[0]_INST_0/O
                         net (fo=34, routed)          0.311    22.640    i_cheshire_soc/gen_llc_atomics.i_llc_atomics/i_axi_riscv_atomics_wrap/i_atomics/i_lrsc/i_write_in_flight_queue/match_in_idx[0]
    SLICE_X21Y708        LUT6 (Prop_C6LUT_SLICEM_I4_O)
                                                      0.123    22.763 r  i_cheshire_soc/gen_llc_atomics.i_llc_atomics/i_axi_riscv_atomics_wrap/i_atomics/i_lrsc/i_write_in_flight_queue/gen_data_ffs[15].linked_data_q[15][next][3]_i_13/O
                         net (fo=1, routed)           0.104    22.867    i_cheshire_soc/gen_llc_atomics.i_llc_atomics/i_axi_riscv_atomics_wrap/i_atomics/i_lrsc/i_write_in_flight_queue/gen_data_ffs[15].linked_data_q[15][next][3]_i_13_n_0
    SLICE_X21Y707        LUT6 (Prop_F6LUT_SLICEM_I2_O)
                                                      0.148    23.015 f  i_cheshire_soc/gen_llc_atomics.i_llc_atomics/i_axi_riscv_atomics_wrap/i_atomics/i_lrsc/i_write_in_flight_queue/gen_data_ffs[15].linked_data_q[15][next][3]_i_7/O
                         net (fo=16, routed)          0.559    23.574    i_cheshire_soc/gen_llc_atomics.i_llc_atomics/i_axi_riscv_atomics_wrap/i_atomics/i_lrsc/i_write_in_flight_queue/gen_data_ffs[15].linked_data_q[15][next][3]_i_7_n_0
    SLICE_X32Y710        LUT4 (Prop_B5LUT_SLICEL_I0_O)
                                                      0.104    23.678 r  i_cheshire_soc/gen_llc_atomics.i_llc_atomics/i_axi_riscv_atomics_wrap/i_atomics/i_lrsc/i_write_in_flight_queue/gen_data_ffs[7].linked_data_q[7][next][3]_i_7/O
                         net (fo=5, routed)           0.151    23.829    i_cheshire_soc/gen_llc_atomics.i_llc_atomics/i_axi_riscv_atomics_wrap/i_atomics/i_lrsc/i_write_in_flight_queue/gen_data_ffs[7].linked_data_q[7][next][3]_i_7_n_0
    SLICE_X32Y712        LUT6 (Prop_B6LUT_SLICEL_I2_O)
                                                      0.148    23.977 f  i_cheshire_soc/gen_llc_atomics.i_llc_atomics/i_axi_riscv_atomics_wrap/i_atomics/i_lrsc/i_write_in_flight_queue/gen_data_ffs[7].linked_data_q[7][next][3]_i_3/O
                         net (fo=1, routed)           0.088    24.065    i_cheshire_soc/gen_llc_atomics.i_llc_atomics/i_axi_riscv_atomics_wrap/i_atomics/i_lrsc/i_write_in_flight_queue/gen_data_ffs[7].linked_data_q[7][next][3]_i_3_n_0
    SLICE_X32Y712        LUT6 (Prop_C6LUT_SLICEL_I2_O)
                                                      0.096    24.161 r  i_cheshire_soc/gen_llc_atomics.i_llc_atomics/i_axi_riscv_atomics_wrap/i_atomics/i_lrsc/i_write_in_flight_queue/gen_data_ffs[7].linked_data_q[7][next][3]_i_1/O
                         net (fo=4, routed)           0.184    24.345    i_cheshire_soc/gen_llc_atomics.i_llc_atomics/i_axi_riscv_atomics_wrap/i_atomics/i_lrsc/i_write_in_flight_queue/gen_data_ffs[7].linked_data_q[7][next][3]_i_1_n_0
    SLICE_X32Y710        FDCE                                         r  i_cheshire_soc/gen_llc_atomics.i_llc_atomics/i_axi_riscv_atomics_wrap/i_atomics/i_lrsc/i_write_in_flight_queue/gen_data_ffs[7].linked_data_q_reg[7][next][0]/CE
  -------------------------------------------------------------------    -------------------

                         (clock clk_50_clkwiz rise edge)
                                                     20.000    20.000 r  
    E12                                               0.000    20.000 r  sys_clk_p (IN)
                         net (fo=0)                   0.000    20.000    i_bufds_sys_clk/I
    HPIOBDIFFINBUF_X1Y300
                         DIFFINBUF (Prop_DIFFINBUF_HPIOBDIFFINBUF_DIFF_IN_P_O)
                                                      0.564    20.564 r  i_bufds_sys_clk/DIFFINBUF_INST/O
                         net (fo=1, routed)           0.040    20.604    i_bufds_sys_clk/OUT
    E12                  IBUFCTRL (Prop_IBUFCTRL_HPIOB_M_I_O)
                                                      0.000    20.604 r  i_bufds_sys_clk/IBUFCTRL_INST/O
                         net (fo=1, routed)           0.297    20.901    sys_clk
    BUFGCE_X1Y289        BUFGCE (Prop_BUFCE_BUFGCE_I_O)
                                                      0.024    20.925 r  sys_clk_BUFGCE_inst/O
                         net (fo=19, routed)          0.876    21.801    i_clkwiz/inst/clk_in1
    MMCM_X1Y11           MMCME4_ADV (Prop_MMCM_CLKIN1_CLKOUT0)
                                                      0.630    22.431 r  i_clkwiz/inst/mmcme4_adv_inst/CLKOUT0
                         net (fo=1, routed)           0.214    22.645    i_clkwiz/inst/clk_50_clkwiz
    BUFGCE_X1Y266        BUFGCE (Prop_BUFCE_BUFGCE_I_O)
                                                      0.024    22.669 r  i_clkwiz/inst/clkout1_buf/O
    X2Y7 (CLOCK_ROOT)    net (fo=199676, routed)      3.348    26.017    i_cheshire_soc/gen_llc_atomics.i_llc_atomics/i_axi_riscv_atomics_wrap/i_atomics/i_lrsc/i_write_in_flight_queue/clk_i
    SLICE_X32Y710        FDCE                                         r  i_cheshire_soc/gen_llc_atomics.i_llc_atomics/i_axi_riscv_atomics_wrap/i_atomics/i_lrsc/i_write_in_flight_queue/gen_data_ffs[7].linked_data_q_reg[7][next][0]/C
                         clock pessimism             -0.161    25.856    
                         clock uncertainty           -0.083    25.773    
    SLICE_X32Y710        FDCE (Setup_AFF_SLICEL_C_CE)
                                                     -0.060    25.713    i_cheshire_soc/gen_llc_atomics.i_llc_atomics/i_axi_riscv_atomics_wrap/i_atomics/i_lrsc/i_write_in_flight_queue/gen_data_ffs[7].linked_data_q_reg[7][next][0]
  -------------------------------------------------------------------
                         required time                         25.713    
                         arrival time                         -24.345    
  -------------------------------------------------------------------
                         slack                                  1.368    





Min Delay Paths
--------------------------------------------------------------------------------------
Slack (MET) :             0.010ns  (arrival time - required time)
  Source:                 i_cheshire_soc/gen_cva6_cores[0].gen_ara.i_ara/gen_lanes[3].i_lane/i_vfus/i_vmfpu/fpu_gen.i_fpnew_bulk/gen_operation_groups[0].i_opgroup_block/gen_parallel_slices[0].active_format.i_fmt_slice/gen_num_lanes[1].active_lane.lane_instance.i_fma/gen_inside_pipeline[0].mid_pipe_exp_diff_q_reg[1][6]/C
                            (rising edge-triggered cell FDCE clocked by clk_50_clkwiz  {rise@0.000ns fall@10.000ns period=20.000ns})
  Destination:            i_cheshire_soc/gen_cva6_cores[0].gen_ara.i_ara/gen_lanes[3].i_lane/i_vfus/i_vmfpu/fpu_gen.i_fpnew_bulk/gen_operation_groups[0].i_opgroup_block/gen_parallel_slices[0].active_format.i_fmt_slice/gen_num_lanes[1].active_lane.lane_instance.i_fma/gen_inside_pipeline[1].mid_pipe_exp_diff_q_reg[2][6]/D
                            (rising edge-triggered cell FDCE clocked by clk_50_clkwiz  {rise@0.000ns fall@10.000ns period=20.000ns})
  Path Group:             clk_50_clkwiz
  Path Type:              Hold (Min at Slow Process Corner)
  Requirement:            0.000ns  (clk_50_clkwiz rise@0.000ns - clk_50_clkwiz rise@0.000ns)
  Data Path Delay:        0.124ns  (logic 0.059ns (47.581%)  route 0.065ns (52.419%))
  Logic Levels:           0  
  Clock Path Skew:        0.052ns (DCD - SCD - CPR)
    Destination Clock Delay (DCD):    6.044ns
    Source Clock Delay      (SCD):    6.091ns
    Clock Pessimism Removal (CPR):    -0.100ns
  Clock Net Delay (Source):      3.422ns (routing 1.700ns, distribution 1.722ns)
  Clock Net Delay (Destination): 3.820ns (routing 1.870ns, distribution 1.950ns)

    Location             Delay type                Incr(ns)  Path(ns)    Netlist Resource(s)
  -------------------------------------------------------------------    -------------------
                         (clock clk_50_clkwiz rise edge)
                                                      0.000     0.000 r  
    E12                                               0.000     0.000 r  sys_clk_p (IN)
                         net (fo=0)                   0.000     0.000    i_bufds_sys_clk/I
    HPIOBDIFFINBUF_X1Y300
                         DIFFINBUF (Prop_DIFFINBUF_HPIOBDIFFINBUF_DIFF_IN_P_O)
                                                      0.564     0.564 r  i_bufds_sys_clk/DIFFINBUF_INST/O
                         net (fo=1, routed)           0.040     0.604    i_bufds_sys_clk/OUT
    E12                  IBUFCTRL (Prop_IBUFCTRL_HPIOB_M_I_O)
                                                      0.000     0.604 r  i_bufds_sys_clk/IBUFCTRL_INST/O
                         net (fo=1, routed)           0.297     0.901    sys_clk
    BUFGCE_X1Y289        BUFGCE (Prop_BUFCE_BUFGCE_I_O)
                                                      0.024     0.925 r  sys_clk_BUFGCE_inst/O
                         net (fo=19, routed)          0.876     1.801    i_clkwiz/inst/clk_in1
    MMCM_X1Y11           MMCME4_ADV (Prop_MMCM_CLKIN1_CLKOUT0)
                                                      0.630     2.431 r  i_clkwiz/inst/mmcme4_adv_inst/CLKOUT0
                         net (fo=1, routed)           0.214     2.645    i_clkwiz/inst/clk_50_clkwiz
    BUFGCE_X1Y266        BUFGCE (Prop_BUFCE_BUFGCE_I_O)
                                                      0.024     2.669 r  i_clkwiz/inst/clkout1_buf/O
    X2Y7 (CLOCK_ROOT)    net (fo=199676, routed)      3.422     6.091    i_cheshire_soc/gen_cva6_cores[0].gen_ara.i_ara/gen_lanes[3].i_lane/i_vfus/i_vmfpu/fpu_gen.i_fpnew_bulk/gen_operation_groups[0].i_opgroup_block/gen_parallel_slices[0].active_format.i_fmt_slice/gen_num_lanes[1].active_lane.lane_instance.i_fma/clk_i
    SLR Crossing[2->1]   
    SLICE_X7Y570         FDCE                                         r  i_cheshire_soc/gen_cva6_cores[0].gen_ara.i_ara/gen_lanes[3].i_lane/i_vfus/i_vmfpu/fpu_gen.i_fpnew_bulk/gen_operation_groups[0].i_opgroup_block/gen_parallel_slices[0].active_format.i_fmt_slice/gen_num_lanes[1].active_lane.lane_instance.i_fma/gen_inside_pipeline[0].mid_pipe_exp_diff_q_reg[1][6]/C
  -------------------------------------------------------------------    -------------------
    SLICE_X7Y570         FDCE (Prop_GFF_SLICEL_C_Q)
                                                      0.059     6.150 r  i_cheshire_soc/gen_cva6_cores[0].gen_ara.i_ara/gen_lanes[3].i_lane/i_vfus/i_vmfpu/fpu_gen.i_fpnew_bulk/gen_operation_groups[0].i_opgroup_block/gen_parallel_slices[0].active_format.i_fmt_slice/gen_num_lanes[1].active_lane.lane_instance.i_fma/gen_inside_pipeline[0].mid_pipe_exp_diff_q_reg[1][6]/Q
                         net (fo=1, routed)           0.065     6.215    i_cheshire_soc/gen_cva6_cores[0].gen_ara.i_ara/gen_lanes[3].i_lane/i_vfus/i_vmfpu/fpu_gen.i_fpnew_bulk/gen_operation_groups[0].i_opgroup_block/gen_parallel_slices[0].active_format.i_fmt_slice/gen_num_lanes[1].active_lane.lane_instance.i_fma/gen_inside_pipeline[0].mid_pipe_exp_diff_q_reg[1][6]
    SLICE_X7Y571         FDCE                                         r  i_cheshire_soc/gen_cva6_cores[0].gen_ara.i_ara/gen_lanes[3].i_lane/i_vfus/i_vmfpu/fpu_gen.i_fpnew_bulk/gen_operation_groups[0].i_opgroup_block/gen_parallel_slices[0].active_format.i_fmt_slice/gen_num_lanes[1].active_lane.lane_instance.i_fma/gen_inside_pipeline[1].mid_pipe_exp_diff_q_reg[2][6]/D
  -------------------------------------------------------------------    -------------------

                         (clock clk_50_clkwiz rise edge)
                                                      0.000     0.000 r  
    E12                                               0.000     0.000 r  sys_clk_p (IN)
                         net (fo=0)                   0.000     0.000    i_bufds_sys_clk/I
    HPIOBDIFFINBUF_X1Y300
                         DIFFINBUF (Prop_DIFFINBUF_HPIOBDIFFINBUF_DIFF_IN_P_O)
                                                      0.675     0.675 r  i_bufds_sys_clk/DIFFINBUF_INST/O
                         net (fo=1, routed)           0.050     0.725    i_bufds_sys_clk/OUT
    E12                  IBUFCTRL (Prop_IBUFCTRL_HPIOB_M_I_O)
                                                      0.000     0.725 r  i_bufds_sys_clk/IBUFCTRL_INST/O
                         net (fo=1, routed)           0.335     1.060    sys_clk
    BUFGCE_X1Y289        BUFGCE (Prop_BUFCE_BUFGCE_I_O)
                                                      0.028     1.088 r  sys_clk_BUFGCE_inst/O
                         net (fo=19, routed)          0.991     2.079    i_clkwiz/inst/clk_in1
    MMCM_X1Y11           MMCME4_ADV (Prop_MMCM_CLKIN1_CLKOUT0)
                                                     -0.127     1.952 r  i_clkwiz/inst/mmcme4_adv_inst/CLKOUT0
                         net (fo=1, routed)           0.244     2.196    i_clkwiz/inst/clk_50_clkwiz
    BUFGCE_X1Y266        BUFGCE (Prop_BUFCE_BUFGCE_I_O)
                                                      0.028     2.224 r  i_clkwiz/inst/clkout1_buf/O
    X2Y7 (CLOCK_ROOT)    net (fo=199676, routed)      3.820     6.044    i_cheshire_soc/gen_cva6_cores[0].gen_ara.i_ara/gen_lanes[3].i_lane/i_vfus/i_vmfpu/fpu_gen.i_fpnew_bulk/gen_operation_groups[0].i_opgroup_block/gen_parallel_slices[0].active_format.i_fmt_slice/gen_num_lanes[1].active_lane.lane_instance.i_fma/clk_i
    SLR Crossing[2->1]   
    SLICE_X7Y571         FDCE                                         r  i_cheshire_soc/gen_cva6_cores[0].gen_ara.i_ara/gen_lanes[3].i_lane/i_vfus/i_vmfpu/fpu_gen.i_fpnew_bulk/gen_operation_groups[0].i_opgroup_block/gen_parallel_slices[0].active_format.i_fmt_slice/gen_num_lanes[1].active_lane.lane_instance.i_fma/gen_inside_pipeline[1].mid_pipe_exp_diff_q_reg[2][6]/C
                         clock pessimism              0.100     6.143    
    SLICE_X7Y571         FDCE (Hold_BFF2_SLICEL_C_D)
                                                      0.062     6.205    i_cheshire_soc/gen_cva6_cores[0].gen_ara.i_ara/gen_lanes[3].i_lane/i_vfus/i_vmfpu/fpu_gen.i_fpnew_bulk/gen_operation_groups[0].i_opgroup_block/gen_parallel_slices[0].active_format.i_fmt_slice/gen_num_lanes[1].active_lane.lane_instance.i_fma/gen_inside_pipeline[1].mid_pipe_exp_diff_q_reg[2][6]
  -------------------------------------------------------------------
                         required time                         -6.205    
                         arrival time                           6.215    
  -------------------------------------------------------------------
                         slack                                  0.010    





Pulse Width Checks
--------------------------------------------------------------------------------------
Clock Name:         clk_50_clkwiz
Waveform(ns):       { 0.000 10.000 }
Period(ns):         20.000
Sources:            { i_clkwiz/inst/mmcme4_adv_inst/CLKOUT0 }

Check Type        Corner  Lib Pin      Reference Pin  Required(ns)  Actual(ns)  Slack(ns)  Location        Pin
Min Period        n/a     URAM288/CLK  n/a            2.000         20.000      18.000     URAM288_X0Y196  i_cheshire_soc/gen_llc.i_llc/i_axi_llc_top_raw/i_llc_ways/gen_data_ways[0].i_data_way/i_data_sram/gen_1_ports.i_xpm_memory_spram/xpm_memory_base_inst/gen_wr_a.gen_byte_narrow.for_mem_cols[1].mem_reg_uram_0/CLK
Low Pulse Width   Slow    URAM288/CLK  n/a            0.700         10.000      9.300      URAM288_X0Y197  i_cheshire_soc/gen_llc.i_llc/i_axi_llc_top_raw/i_llc_ways/gen_data_ways[3].i_data_way/i_data_sram/gen_1_ports.i_xpm_memory_spram/xpm_memory_base_inst/gen_wr_a.gen_byte_narrow.for_mem_cols[1].mem_reg_uram_0/CLK
High Pulse Width  Slow    URAM288/CLK  n/a            0.700         10.000      9.300      URAM288_X0Y196  i_cheshire_soc/gen_llc.i_llc/i_axi_llc_top_raw/i_llc_ways/gen_data_ways[0].i_data_way/i_data_sram/gen_1_ports.i_xpm_memory_spram/xpm_memory_base_inst/gen_wr_a.gen_byte_narrow.for_mem_cols[1].mem_reg_uram_0/CLK



---------------------------------------------------------------------------------------------------
From Clock:  mmcm_clkout0
  To Clock:  mmcm_clkout0

Setup :            0  Failing Endpoints,  Worst Slack        0.022ns,  Total Violation        0.000ns
Hold  :            0  Failing Endpoints,  Worst Slack        0.010ns,  Total Violation        0.000ns
PW    :            0  Failing Endpoints,  Worst Slack        0.905ns,  Total Violation        0.000ns
---------------------------------------------------------------------------------------------------


Max Delay Paths
--------------------------------------------------------------------------------------
Slack (MET) :             0.022ns  (required time - arrival time)
  Source:                 i_dram_wrapper/i_dram/inst/u_ddr4_mem_intfc/u_ddr_cal_top/u_ddr_cal/u_ddr_cal_addr_decode/u_ddr_cal_cplx/u_ddr_cal_cplx_data/rd_addr_101_reg_rep/CLKARDCLK
                            (rising edge-triggered cell RAMB18E2 clocked by mmcm_clkout0  {rise@0.000ns fall@1.667ns period=3.333ns})
  Destination:            i_dram_wrapper/i_dram/inst/u_ddr4_mem_intfc/u_ddr_cal_top/u_ddr_cal/u_ddr_cal_addr_decode/u_ddr_cal_cplx/cplx_DQOut_reg[262]/D
                            (rising edge-triggered cell FDRE clocked by mmcm_clkout0  {rise@0.000ns fall@1.667ns period=3.333ns})
  Path Group:             mmcm_clkout0
  Path Type:              Setup (Max at Slow Process Corner)
  Requirement:            3.333ns  (mmcm_clkout0 rise@3.333ns - mmcm_clkout0 rise@0.000ns)
  Data Path Delay:        3.156ns  (logic 0.368ns (11.660%)  route 2.788ns (88.340%))
  Logic Levels:           1  (LUT4=1)
  Clock Path Skew:        -0.128ns (DCD - SCD + CPR)
    Destination Clock Delay (DCD):    4.517ns = ( 7.851 - 3.333 ) 
    Source Clock Delay      (SCD):    4.268ns
    Clock Pessimism Removal (CPR):    -0.378ns
  Clock Uncertainty:      0.052ns  ((TSJ^2 + DJ^2)^1/2) / 2 + PE
    Total System Jitter     (TSJ):    0.071ns
    Discrete Jitter          (DJ):    0.076ns
    Phase Error              (PE):    0.000ns
  Clock Net Delay (Source):      2.134ns (routing 0.854ns, distribution 1.280ns)
  Clock Net Delay (Destination): 1.929ns (routing 0.777ns, distribution 1.152ns)

    Location             Delay type                Incr(ns)  Path(ns)    Netlist Resource(s)
  -------------------------------------------------------------------    -------------------
                         (clock mmcm_clkout0 rise edge)
                                                      0.000     0.000 r  
    E12                                               0.000     0.000 r  sys_clk_p (IN)
                         net (fo=0)                   0.000     0.000    i_bufds_sys_clk/I
    HPIOBDIFFINBUF_X1Y300
                         DIFFINBUF (Prop_DIFFINBUF_HPIOBDIFFINBUF_DIFF_IN_P_O)
                                                      0.675     0.675 r  i_bufds_sys_clk/DIFFINBUF_INST/O
                         net (fo=1, routed)           0.050     0.725    i_bufds_sys_clk/OUT
    E12                  IBUFCTRL (Prop_IBUFCTRL_HPIOB_M_I_O)
                                                      0.000     0.725 r  i_bufds_sys_clk/IBUFCTRL_INST/O
                         net (fo=1, routed)           0.335     1.060    sys_clk
    BUFGCE_X1Y289        BUFGCE (Prop_BUFCE_BUFGCE_I_O)
                                                      0.028     1.088 r  sys_clk_BUFGCE_inst/O
                         net (fo=19, routed)          0.901     1.989    i_dram_wrapper/i_dram/inst/u_ddr4_infrastructure/mmcm_clk_in
    MMCM_X1Y13           MMCME4_ADV (Prop_MMCM_CLKIN1_CLKOUT0)
                                                     -0.127     1.862 r  i_dram_wrapper/i_dram/inst/u_ddr4_infrastructure/gen_mmcme4.u_mmcme_adv_inst/CLKOUT0
                         net (fo=1, routed)           0.244     2.106    i_dram_wrapper/i_dram/inst/u_ddr4_infrastructure/mmcm_clkout0
    BUFGCE_X1Y332        BUFGCE (Prop_BUFCE_BUFGCE_I_O)
                                                      0.028     2.134 r  i_dram_wrapper/i_dram/inst/u_ddr4_infrastructure/u_bufg_divClk/O
    X4Y12 (CLOCK_ROOT)   net (fo=36893, routed)       2.134     4.268    i_dram_wrapper/i_dram/inst/u_ddr4_mem_intfc/u_ddr_cal_top/u_ddr_cal/u_ddr_cal_addr_decode/u_ddr_cal_cplx/u_ddr_cal_cplx_data/rd_addr_101_reg_rep_1
    RAMB18_X9Y308        RAMB18E2                                     r  i_dram_wrapper/i_dram/inst/u_ddr4_mem_intfc/u_ddr_cal_top/u_ddr_cal/u_ddr_cal_addr_decode/u_ddr_cal_cplx/u_ddr_cal_cplx_data/rd_addr_101_reg_rep/CLKARDCLK
  -------------------------------------------------------------------    -------------------
    RAMB18_X9Y308        RAMB18E2 (Prop_RAMB18E2_L_RAMB180_CLKARDCLK_DOUTADOUT[1])
                                                      0.220     4.488 r  i_dram_wrapper/i_dram/inst/u_ddr4_mem_intfc/u_ddr_cal_top/u_ddr_cal/u_ddr_cal_addr_decode/u_ddr_cal_cplx/u_ddr_cal_cplx_data/rd_addr_101_reg_rep/DOUTADOUT[1]
                         net (fo=75, routed)          2.737     7.225    i_dram_wrapper/i_dram/inst/u_ddr4_mem_intfc/u_ddr_cal_top/u_ddr_cal/u_ddr_cal_addr_decode/u_ddr_cal_cplx/u_ddr_cal_cplx_data/p_2_in23_in
    SLICE_X120Y888       LUT4 (Prop_F6LUT_SLICEL_I2_O)
                                                      0.148     7.373 r  i_dram_wrapper/i_dram/inst/u_ddr4_mem_intfc/u_ddr_cal_top/u_ddr_cal/u_ddr_cal_addr_decode/u_ddr_cal_cplx/u_ddr_cal_cplx_data/cplx_DQOut[262]_i_1/O
                         net (fo=1, routed)           0.051     7.424    i_dram_wrapper/i_dram/inst/u_ddr4_mem_intfc/u_ddr_cal_top/u_ddr_cal/u_ddr_cal_addr_decode/u_ddr_cal_cplx/u_ddr_cal_cplx_data_n_250
    SLICE_X120Y888       FDRE                                         r  i_dram_wrapper/i_dram/inst/u_ddr4_mem_intfc/u_ddr_cal_top/u_ddr_cal/u_ddr_cal_addr_decode/u_ddr_cal_cplx/cplx_DQOut_reg[262]/D
  -------------------------------------------------------------------    -------------------

                         (clock mmcm_clkout0 rise edge)
                                                      3.333     3.333 r  
    E12                                               0.000     3.333 r  sys_clk_p (IN)
                         net (fo=0)                   0.000     3.333    i_bufds_sys_clk/I
    HPIOBDIFFINBUF_X1Y300
                         DIFFINBUF (Prop_DIFFINBUF_HPIOBDIFFINBUF_DIFF_IN_P_O)
                                                      0.564     3.898 r  i_bufds_sys_clk/DIFFINBUF_INST/O
                         net (fo=1, routed)           0.040     3.938    i_bufds_sys_clk/OUT
    E12                  IBUFCTRL (Prop_IBUFCTRL_HPIOB_M_I_O)
                                                      0.000     3.938 r  i_bufds_sys_clk/IBUFCTRL_INST/O
                         net (fo=1, routed)           0.297     4.235    sys_clk
    BUFGCE_X1Y289        BUFGCE (Prop_BUFCE_BUFGCE_I_O)
                                                      0.024     4.259 r  sys_clk_BUFGCE_inst/O
                         net (fo=19, routed)          0.795     5.054    i_dram_wrapper/i_dram/inst/u_ddr4_infrastructure/mmcm_clk_in
    MMCM_X1Y13           MMCME4_ADV (Prop_MMCM_CLKIN1_CLKOUT0)
                                                      0.630     5.684 r  i_dram_wrapper/i_dram/inst/u_ddr4_infrastructure/gen_mmcme4.u_mmcme_adv_inst/CLKOUT0
                         net (fo=1, routed)           0.214     5.898    i_dram_wrapper/i_dram/inst/u_ddr4_infrastructure/mmcm_clkout0
    BUFGCE_X1Y332        BUFGCE (Prop_BUFCE_BUFGCE_I_O)
                                                      0.024     5.922 r  i_dram_wrapper/i_dram/inst/u_ddr4_infrastructure/u_bufg_divClk/O
    X4Y12 (CLOCK_ROOT)   net (fo=36893, routed)       1.929     7.851    i_dram_wrapper/i_dram/inst/u_ddr4_mem_intfc/u_ddr_cal_top/u_ddr_cal/u_ddr_cal_addr_decode/u_ddr_cal_cplx/rd_addr_101_reg_rep
    SLICE_X120Y888       FDRE                                         r  i_dram_wrapper/i_dram/inst/u_ddr4_mem_intfc/u_ddr_cal_top/u_ddr_cal/u_ddr_cal_addr_decode/u_ddr_cal_cplx/cplx_DQOut_reg[262]/C
                         clock pessimism             -0.378     7.473    
                         clock uncertainty           -0.052     7.421    
    SLICE_X120Y888       FDRE (Setup_FFF_SLICEL_C_D)
                                                      0.025     7.446    i_dram_wrapper/i_dram/inst/u_ddr4_mem_intfc/u_ddr_cal_top/u_ddr_cal/u_ddr_cal_addr_decode/u_ddr_cal_cplx/cplx_DQOut_reg[262]
  -------------------------------------------------------------------
                         required time                          7.446    
                         arrival time                          -7.424    
  -------------------------------------------------------------------
                         slack                                  0.022    





Min Delay Paths
--------------------------------------------------------------------------------------
Slack (MET) :             0.010ns  (arrival time - required time)
  Source:                 i_dram_wrapper/i_dram/inst/u_ddr4_mem_intfc/u_ddr_cal_top/u_ddr_cal/u_ddr_cal_addr_decode/mcal_DQIn_r_reg[64]/C
                            (rising edge-triggered cell FDRE clocked by mmcm_clkout0  {rise@0.000ns fall@1.667ns period=3.333ns})
  Destination:            i_dram_wrapper/i_dram/inst/u_ddr4_mem_intfc/u_ddr_cal_top/u_ddr_cal/u_ddr_cal_addr_decode/mcal_DQIn_r_valid_reg[64]/D
                            (rising edge-triggered cell FDRE clocked by mmcm_clkout0  {rise@0.000ns fall@1.667ns period=3.333ns})
  Path Group:             mmcm_clkout0
  Path Type:              Hold (Min at Slow Process Corner)
  Requirement:            0.000ns  (mmcm_clkout0 rise@0.000ns - mmcm_clkout0 rise@0.000ns)
  Data Path Delay:        0.168ns  (logic 0.059ns (35.119%)  route 0.109ns (64.881%))
  Logic Levels:           0  
  Clock Path Skew:        0.096ns (DCD - SCD - CPR)
    Destination Clock Delay (DCD):    4.226ns
    Source Clock Delay      (SCD):    4.446ns
    Clock Pessimism Removal (CPR):    -0.317ns
  Clock Net Delay (Source):      1.858ns (routing 0.777ns, distribution 1.081ns)
  Clock Net Delay (Destination): 2.092ns (routing 0.854ns, distribution 1.238ns)

    Location             Delay type                Incr(ns)  Path(ns)    Netlist Resource(s)
  -------------------------------------------------------------------    -------------------
                         (clock mmcm_clkout0 rise edge)
                                                      0.000     0.000 r  
    E12                                               0.000     0.000 r  sys_clk_p (IN)
                         net (fo=0)                   0.000     0.000    i_bufds_sys_clk/I
    HPIOBDIFFINBUF_X1Y300
                         DIFFINBUF (Prop_DIFFINBUF_HPIOBDIFFINBUF_DIFF_IN_P_O)
                                                      0.564     0.564 r  i_bufds_sys_clk/DIFFINBUF_INST/O
                         net (fo=1, routed)           0.040     0.604    i_bufds_sys_clk/OUT
    E12                  IBUFCTRL (Prop_IBUFCTRL_HPIOB_M_I_O)
                                                      0.000     0.604 r  i_bufds_sys_clk/IBUFCTRL_INST/O
                         net (fo=1, routed)           0.297     0.901    sys_clk
    BUFGCE_X1Y289        BUFGCE (Prop_BUFCE_BUFGCE_I_O)
                                                      0.024     0.925 r  sys_clk_BUFGCE_inst/O
                         net (fo=19, routed)          0.795     1.720    i_dram_wrapper/i_dram/inst/u_ddr4_infrastructure/mmcm_clk_in
    MMCM_X1Y13           MMCME4_ADV (Prop_MMCM_CLKIN1_CLKOUT0)
                                                      0.630     2.350 r  i_dram_wrapper/i_dram/inst/u_ddr4_infrastructure/gen_mmcme4.u_mmcme_adv_inst/CLKOUT0
                         net (fo=1, routed)           0.214     2.564    i_dram_wrapper/i_dram/inst/u_ddr4_infrastructure/mmcm_clkout0
    BUFGCE_X1Y332        BUFGCE (Prop_BUFCE_BUFGCE_I_O)
                                                      0.024     2.588 r  i_dram_wrapper/i_dram/inst/u_ddr4_infrastructure/u_bufg_divClk/O
    X4Y12 (CLOCK_ROOT)   net (fo=36893, routed)       1.858     4.446    i_dram_wrapper/i_dram/inst/u_ddr4_mem_intfc/u_ddr_cal_top/u_ddr_cal/u_ddr_cal_addr_decode/odt_shift_reg[0][20]
    SLICE_X124Y773       FDRE                                         r  i_dram_wrapper/i_dram/inst/u_ddr4_mem_intfc/u_ddr_cal_top/u_ddr_cal/u_ddr_cal_addr_decode/mcal_DQIn_r_reg[64]/C
  -------------------------------------------------------------------    -------------------
    SLICE_X124Y773       FDRE (Prop_HFF2_SLICEL_C_Q)
                                                      0.059     4.505 r  i_dram_wrapper/i_dram/inst/u_ddr4_mem_intfc/u_ddr_cal_top/u_ddr_cal/u_ddr_cal_addr_decode/mcal_DQIn_r_reg[64]/Q
                         net (fo=5, routed)           0.109     4.614    i_dram_wrapper/i_dram/inst/u_ddr4_mem_intfc/u_ddr_cal_top/u_ddr_cal/u_ddr_cal_addr_decode/mcal_DQIn_r[64]
    SLICE_X126Y773       FDRE                                         r  i_dram_wrapper/i_dram/inst/u_ddr4_mem_intfc/u_ddr_cal_top/u_ddr_cal/u_ddr_cal_addr_decode/mcal_DQIn_r_valid_reg[64]/D
  -------------------------------------------------------------------    -------------------

                         (clock mmcm_clkout0 rise edge)
                                                      0.000     0.000 r  
    E12                                               0.000     0.000 r  sys_clk_p (IN)
                         net (fo=0)                   0.000     0.000    i_bufds_sys_clk/I
    HPIOBDIFFINBUF_X1Y300
                         DIFFINBUF (Prop_DIFFINBUF_HPIOBDIFFINBUF_DIFF_IN_P_O)
                                                      0.675     0.675 r  i_bufds_sys_clk/DIFFINBUF_INST/O
                         net (fo=1, routed)           0.050     0.725    i_bufds_sys_clk/OUT
    E12                  IBUFCTRL (Prop_IBUFCTRL_HPIOB_M_I_O)
                                                      0.000     0.725 r  i_bufds_sys_clk/IBUFCTRL_INST/O
                         net (fo=1, routed)           0.335     1.060    sys_clk
    BUFGCE_X1Y289        BUFGCE (Prop_BUFCE_BUFGCE_I_O)
                                                      0.028     1.088 r  sys_clk_BUFGCE_inst/O
                         net (fo=19, routed)          0.901     1.989    i_dram_wrapper/i_dram/inst/u_ddr4_infrastructure/mmcm_clk_in
    MMCM_X1Y13           MMCME4_ADV (Prop_MMCM_CLKIN1_CLKOUT0)
                                                     -0.127     1.862 r  i_dram_wrapper/i_dram/inst/u_ddr4_infrastructure/gen_mmcme4.u_mmcme_adv_inst/CLKOUT0
                         net (fo=1, routed)           0.244     2.106    i_dram_wrapper/i_dram/inst/u_ddr4_infrastructure/mmcm_clkout0
    BUFGCE_X1Y332        BUFGCE (Prop_BUFCE_BUFGCE_I_O)
                                                      0.028     2.134 r  i_dram_wrapper/i_dram/inst/u_ddr4_infrastructure/u_bufg_divClk/O
    X4Y12 (CLOCK_ROOT)   net (fo=36893, routed)       2.092     4.226    i_dram_wrapper/i_dram/inst/u_ddr4_mem_intfc/u_ddr_cal_top/u_ddr_cal/u_ddr_cal_addr_decode/odt_shift_reg[0][20]
    SLICE_X126Y773       FDRE                                         r  i_dram_wrapper/i_dram/inst/u_ddr4_mem_intfc/u_ddr_cal_top/u_ddr_cal/u_ddr_cal_addr_decode/mcal_DQIn_r_valid_reg[64]/C
                         clock pessimism              0.317     4.542    
    SLICE_X126Y773       FDRE (Hold_FFF2_SLICEL_C_D)
                                                      0.062     4.604    i_dram_wrapper/i_dram/inst/u_ddr4_mem_intfc/u_ddr_cal_top/u_ddr_cal/u_ddr_cal_addr_decode/mcal_DQIn_r_valid_reg[64]
  -------------------------------------------------------------------
                         required time                         -4.604    
                         arrival time                           4.614    
  -------------------------------------------------------------------
                         slack                                  0.010    





Pulse Width Checks
--------------------------------------------------------------------------------------
Clock Name:         mmcm_clkout0
Waveform(ns):       { 0.000 1.667 }
Period(ns):         3.333
Sources:            { i_dram_wrapper/i_dram/inst/u_ddr4_infrastructure/gen_mmcme4.u_mmcme_adv_inst/CLKOUT0 }

Check Type        Corner  Lib Pin                    Reference Pin  Required(ns)  Actual(ns)  Slack(ns)  Location               Pin
Min Period        n/a     RXTX_BITSLICE/FIFO_RD_CLK  n/a            1.694         3.333       1.639      BITSLICE_RX_TX_X1Y624  i_dram_wrapper/i_dram/inst/u_ddr4_mem_intfc/u_mig_ddr4_phy/inst/generate_block1.u_ddr_xiphy/byte_num[0].xiphy_byte_wrapper.u_xiphy_byte_wrapper/I_BITSLICE_LOWER[0].GEN_RXTX_BITSLICE_EN.u_xiphy_bitslice_lower/xiphy_rxtx_bitslice/FIFO_RD_CLK
Max Period        n/a     PLLE4_ADV/CLKIN            n/a            14.286        3.333       10.953     PLL_X1Y24              i_dram_wrapper/i_dram/inst/u_ddr4_mem_intfc/u_mig_ddr4_phy/inst/u_ddr4_phy_pll/plle_loop[0].gen_plle4.PLLE4_BASE_INST_OTHER/CLKIN
Low Pulse Width   Slow    RXTX_BITSLICE/FIFO_RD_CLK  n/a            0.762         1.667       0.905      BITSLICE_RX_TX_X1Y635  i_dram_wrapper/i_dram/inst/u_ddr4_mem_intfc/u_mig_ddr4_phy/inst/generate_block1.u_ddr_xiphy/byte_num[0].xiphy_byte_wrapper.u_xiphy_byte_wrapper/I_BITSLICE_UPPER[5].GEN_RXTX_BITSLICE_EN.u_xiphy_bitslice_upper/xiphy_rxtx_bitslice/FIFO_RD_CLK
High Pulse Width  Slow    RXTX_BITSLICE/FIFO_RD_CLK  n/a            0.762         1.667       0.905      BITSLICE_RX_TX_X1Y624  i_dram_wrapper/i_dram/inst/u_ddr4_mem_intfc/u_mig_ddr4_phy/inst/generate_block1.u_ddr_xiphy/byte_num[0].xiphy_byte_wrapper.u_xiphy_byte_wrapper/I_BITSLICE_LOWER[0].GEN_RXTX_BITSLICE_EN.u_xiphy_bitslice_lower/xiphy_rxtx_bitslice/FIFO_RD_CLK



---------------------------------------------------------------------------------------------------
From Clock:  pll_clk[0]
  To Clock:  pll_clk[0]

Setup :           NA  Failing Endpoints,  Worst Slack           NA  ,  Total Violation           NA
Hold  :           NA  Failing Endpoints,  Worst Slack           NA  ,  Total Violation           NA
PW    :            0  Failing Endpoints,  Worst Slack        0.039ns,  Total Violation        0.000ns
---------------------------------------------------------------------------------------------------


Pulse Width Checks
--------------------------------------------------------------------------------------
Clock Name:         pll_clk[0]
Waveform(ns):       { 0.000 0.208 }
Period(ns):         0.417
Sources:            { i_dram_wrapper/i_dram/inst/u_ddr4_mem_intfc/u_mig_ddr4_phy/inst/u_ddr4_phy_pll/plle_loop[0].gen_plle4.PLLE4_BASE_INST_OTHER/CLKOUTPHY }

Check Type        Corner  Lib Pin                   Reference Pin             Required(ns)  Actual(ns)  Slack(ns)  Location                 Pin
Min Period        n/a     BITSLICE_CONTROL/PLL_CLK  n/a                       0.375         0.417       0.042      BITSLICE_CONTROL_X1Y96   i_dram_wrapper/i_dram/inst/u_ddr4_mem_intfc/u_mig_ddr4_phy/inst/generate_block1.u_ddr_xiphy/byte_num[0].xiphy_byte_wrapper.u_xiphy_byte_wrapper/I_CONTROL[0].GEN_I_CONTROL.u_xiphy_control/xiphy_control/PLL_CLK
Low Pulse Width   Fast    BITSLICE_CONTROL/PLL_CLK  n/a                       0.169         0.208       0.039      BITSLICE_CONTROL_X1Y100  i_dram_wrapper/i_dram/inst/u_ddr4_mem_intfc/u_mig_ddr4_phy/inst/generate_block1.u_ddr_xiphy/byte_num[2].xiphy_byte_wrapper.u_xiphy_byte_wrapper/I_CONTROL[0].GEN_I_CONTROL.u_xiphy_control/xiphy_control/PLL_CLK
High Pulse Width  Slow    BITSLICE_CONTROL/PLL_CLK  n/a                       0.169         0.208       0.039      BITSLICE_CONTROL_X1Y96   i_dram_wrapper/i_dram/inst/u_ddr4_mem_intfc/u_mig_ddr4_phy/inst/generate_block1.u_ddr_xiphy/byte_num[0].xiphy_byte_wrapper.u_xiphy_byte_wrapper/I_CONTROL[0].GEN_I_CONTROL.u_xiphy_control/xiphy_control/PLL_CLK
Max Skew          Fast    BITSLICE_CONTROL/PLL_CLK  BITSLICE_CONTROL/RIU_CLK  -0.300        -1.376      1.076      BITSLICE_CONTROL_X1Y96   i_dram_wrapper/i_dram/inst/u_ddr4_mem_intfc/u_mig_ddr4_phy/inst/generate_block1.u_ddr_xiphy/byte_num[0].xiphy_byte_wrapper.u_xiphy_byte_wrapper/I_CONTROL[0].GEN_I_CONTROL.u_xiphy_control/xiphy_control/PLL_CLK



---------------------------------------------------------------------------------------------------
From Clock:  pll_clk[0]_DIV
  To Clock:  pll_clk[0]_DIV

Setup :           NA  Failing Endpoints,  Worst Slack           NA  ,  Total Violation           NA
Hold  :           NA  Failing Endpoints,  Worst Slack           NA  ,  Total Violation           NA
PW    :            0  Failing Endpoints,  Worst Slack        0.467ns,  Total Violation        0.000ns
---------------------------------------------------------------------------------------------------


Pulse Width Checks
--------------------------------------------------------------------------------------
Clock Name:         pll_clk[0]_DIV
Waveform(ns):       { 0.000 1.667 }
Period(ns):         3.333
Sources:            { i_dram_wrapper/i_dram/inst/u_ddr4_mem_intfc/u_mig_ddr4_phy/inst/generate_block1.u_ddr_xiphy/byte_num[0].xiphy_byte_wrapper.u_xiphy_byte_wrapper/I_CONTROL[0].GEN_I_CONTROL.u_xiphy_control/xiphy_control/RX_DIV4_CLK_Q i_dram_wrapper/i_dram/inst/u_ddr4_mem_intfc/u_mig_ddr4_phy/inst/generate_block1.u_ddr_xiphy/byte_num[0].xiphy_byte_wrapper.u_xiphy_byte_wrapper/I_CONTROL[0].GEN_I_CONTROL.u_xiphy_control/xiphy_control/TX_DIV4_CLK_Q i_dram_wrapper/i_dram/inst/u_ddr4_mem_intfc/u_mig_ddr4_phy/inst/generate_block1.u_ddr_xiphy/byte_num[0].xiphy_byte_wrapper.u_xiphy_byte_wrapper/I_CONTROL[1].GEN_I_CONTROL.u_xiphy_control/xiphy_control/RX_DIV4_CLK_Q i_dram_wrapper/i_dram/inst/u_ddr4_mem_intfc/u_mig_ddr4_phy/inst/generate_block1.u_ddr_xiphy/byte_num[0].xiphy_byte_wrapper.u_xiphy_byte_wrapper/I_CONTROL[1].GEN_I_CONTROL.u_xiphy_control/xiphy_control/TX_DIV4_CLK_Q i_dram_wrapper/i_dram/inst/u_ddr4_mem_intfc/u_mig_ddr4_phy/inst/generate_block1.u_ddr_xiphy/byte_num[1].xiphy_byte_wrapper.u_xiphy_byte_wrapper/I_CONTROL[0].GEN_I_CONTROL.u_xiphy_control/xiphy_control/RX_DIV4_CLK_Q i_dram_wrapper/i_dram/inst/u_ddr4_mem_intfc/u_mig_ddr4_phy/inst/generate_block1.u_ddr_xiphy/byte_num[1].xiphy_byte_wrapper.u_xiphy_byte_wrapper/I_CONTROL[0].GEN_I_CONTROL.u_xiphy_control/xiphy_control/TX_DIV4_CLK_Q i_dram_wrapper/i_dram/inst/u_ddr4_mem_intfc/u_mig_ddr4_phy/inst/generate_block1.u_ddr_xiphy/byte_num[1].xiphy_byte_wrapper.u_xiphy_byte_wrapper/I_CONTROL[1].GEN_I_CONTROL.u_xiphy_control/xiphy_control/RX_DIV4_CLK_Q i_dram_wrapper/i_dram/inst/u_ddr4_mem_intfc/u_mig_ddr4_phy/inst/generate_block1.u_ddr_xiphy/byte_num[1].xiphy_byte_wrapper.u_xiphy_byte_wrapper/I_CONTROL[1].GEN_I_CONTROL.u_xiphy_control/xiphy_control/TX_DIV4_CLK_Q i_dram_wrapper/i_dram/inst/u_ddr4_mem_intfc/u_mig_ddr4_phy/inst/generate_block1.u_ddr_xiphy/byte_num[2].xiphy_byte_wrapper.u_xiphy_byte_wrapper/I_CONTROL[0].GEN_I_CONTROL.u_xiphy_control/xiphy_control/RX_DIV4_CLK_Q i_dram_wrapper/i_dram/inst/u_ddr4_mem_intfc/u_mig_ddr4_phy/inst/generate_block1.u_ddr_xiphy/byte_num[2].xiphy_byte_wrapper.u_xiphy_byte_wrapper/I_CONTROL[0].GEN_I_CONTROL.u_xiphy_control/xiphy_control/TX_DIV4_CLK_Q i_dram_wrapper/i_dram/inst/u_ddr4_mem_intfc/u_mig_ddr4_phy/inst/generate_block1.u_ddr_xiphy/byte_num[2].xiphy_byte_wrapper.u_xiphy_byte_wrapper/I_CONTROL[1].GEN_I_CONTROL.u_xiphy_control/xiphy_control/RX_DIV4_CLK_Q i_dram_wrapper/i_dram/inst/u_ddr4_mem_intfc/u_mig_ddr4_phy/inst/generate_block1.u_ddr_xiphy/byte_num[2].xiphy_byte_wrapper.u_xiphy_byte_wrapper/I_CONTROL[1].GEN_I_CONTROL.u_xiphy_control/xiphy_control/TX_DIV4_CLK_Q i_dram_wrapper/i_dram/inst/u_ddr4_mem_intfc/u_mig_ddr4_phy/inst/generate_block1.u_ddr_xiphy/byte_num[3].xiphy_byte_wrapper.u_xiphy_byte_wrapper/I_CONTROL[0].GEN_I_CONTROL.u_xiphy_control/xiphy_control/RX_DIV4_CLK_Q i_dram_wrapper/i_dram/inst/u_ddr4_mem_intfc/u_mig_ddr4_phy/inst/generate_block1.u_ddr_xiphy/byte_num[3].xiphy_byte_wrapper.u_xiphy_byte_wrapper/I_CONTROL[0].GEN_I_CONTROL.u_xiphy_control/xiphy_control/TX_DIV4_CLK_Q i_dram_wrapper/i_dram/inst/u_ddr4_mem_intfc/u_mig_ddr4_phy/inst/generate_block1.u_ddr_xiphy/byte_num[3].xiphy_byte_wrapper.u_xiphy_byte_wrapper/I_CONTROL[1].GEN_I_CONTROL.u_xiphy_control/xiphy_control/RX_DIV4_CLK_Q i_dram_wrapper/i_dram/inst/u_ddr4_mem_intfc/u_mig_ddr4_phy/inst/generate_block1.u_ddr_xiphy/byte_num[3].xiphy_byte_wrapper.u_xiphy_byte_wrapper/I_CONTROL[1].GEN_I_CONTROL.u_xiphy_control/xiphy_control/TX_DIV4_CLK_Q }

Check Type        Corner  Lib Pin                           Reference Pin  Required(ns)  Actual(ns)  Slack(ns)  Location               Pin
Min Period        n/a     RXTX_BITSLICE/TX_BIT_CTRL_IN[26]  n/a            2.667         3.333       0.666      BITSLICE_RX_TX_X1Y624  i_dram_wrapper/i_dram/inst/u_ddr4_mem_intfc/u_mig_ddr4_phy/inst/generate_block1.u_ddr_xiphy/byte_num[0].xiphy_byte_wrapper.u_xiphy_byte_wrapper/I_BITSLICE_LOWER[0].GEN_RXTX_BITSLICE_EN.u_xiphy_bitslice_lower/xiphy_rxtx_bitslice/TX_BIT_CTRL_IN[26]
Low Pulse Width   Fast    RXTX_BITSLICE/TX_BIT_CTRL_IN[26]  n/a            1.200         1.667       0.467      BITSLICE_RX_TX_X1Y652  i_dram_wrapper/i_dram/inst/u_ddr4_mem_intfc/u_mig_ddr4_phy/inst/generate_block1.u_ddr_xiphy/byte_num[2].xiphy_byte_wrapper.u_xiphy_byte_wrapper/I_BITSLICE_LOWER[2].GEN_RXTX_BITSLICE_EN.u_xiphy_bitslice_lower/xiphy_rxtx_bitslice/TX_BIT_CTRL_IN[26]
High Pulse Width  Slow    RXTX_BITSLICE/TX_BIT_CTRL_IN[26]  n/a            1.200         1.667       0.467      BITSLICE_RX_TX_X1Y632  i_dram_wrapper/i_dram/inst/u_ddr4_mem_intfc/u_mig_ddr4_phy/inst/generate_block1.u_ddr_xiphy/byte_num[0].xiphy_byte_wrapper.u_xiphy_byte_wrapper/I_BITSLICE_UPPER[2].GEN_RXTX_BITSLICE_EN.u_xiphy_bitslice_upper/xiphy_rxtx_bitslice/TX_BIT_CTRL_IN[26]



---------------------------------------------------------------------------------------------------
From Clock:  pll_clk[1]
  To Clock:  pll_clk[1]

Setup :           NA  Failing Endpoints,  Worst Slack           NA  ,  Total Violation           NA
Hold  :           NA  Failing Endpoints,  Worst Slack           NA  ,  Total Violation           NA
PW    :            0  Failing Endpoints,  Worst Slack        0.039ns,  Total Violation        0.000ns
---------------------------------------------------------------------------------------------------


Pulse Width Checks
--------------------------------------------------------------------------------------
Clock Name:         pll_clk[1]
Waveform(ns):       { 0.000 0.208 }
Period(ns):         0.417
Sources:            { i_dram_wrapper/i_dram/inst/u_ddr4_mem_intfc/u_mig_ddr4_phy/inst/u_ddr4_phy_pll/plle_loop[1].gen_plle4.PLLE4_BASE_INST_OTHER/CLKOUTPHY }

Check Type        Corner  Lib Pin                   Reference Pin             Required(ns)  Actual(ns)  Slack(ns)  Location                 Pin
Min Period        n/a     BITSLICE_CONTROL/PLL_CLK  n/a                       0.375         0.417       0.042      BITSLICE_CONTROL_X1Y104  i_dram_wrapper/i_dram/inst/u_ddr4_mem_intfc/u_mig_ddr4_phy/inst/generate_block1.u_ddr_xiphy/byte_num[4].xiphy_byte_wrapper.u_xiphy_byte_wrapper/I_CONTROL[0].GEN_I_CONTROL.u_xiphy_control/xiphy_control/PLL_CLK
Low Pulse Width   Fast    BITSLICE_CONTROL/PLL_CLK  n/a                       0.169         0.208       0.039      BITSLICE_CONTROL_X1Y108  i_dram_wrapper/i_dram/inst/u_ddr4_mem_intfc/u_mig_ddr4_phy/inst/generate_block1.u_ddr_xiphy/byte_num[6].xiphy_byte_wrapper.u_xiphy_byte_wrapper/I_CONTROL[0].GEN_I_CONTROL.u_xiphy_control/xiphy_control/PLL_CLK
High Pulse Width  Slow    BITSLICE_CONTROL/PLL_CLK  n/a                       0.169         0.208       0.039      BITSLICE_CONTROL_X1Y104  i_dram_wrapper/i_dram/inst/u_ddr4_mem_intfc/u_mig_ddr4_phy/inst/generate_block1.u_ddr_xiphy/byte_num[4].xiphy_byte_wrapper.u_xiphy_byte_wrapper/I_CONTROL[0].GEN_I_CONTROL.u_xiphy_control/xiphy_control/PLL_CLK
Max Skew          Fast    BITSLICE_CONTROL/PLL_CLK  BITSLICE_CONTROL/RIU_CLK  -0.300        -1.365      1.065      BITSLICE_CONTROL_X1Y108  i_dram_wrapper/i_dram/inst/u_ddr4_mem_intfc/u_mig_ddr4_phy/inst/generate_block1.u_ddr_xiphy/byte_num[6].xiphy_byte_wrapper.u_xiphy_byte_wrapper/I_CONTROL[0].GEN_I_CONTROL.u_xiphy_control/xiphy_control/PLL_CLK



---------------------------------------------------------------------------------------------------
From Clock:  pll_clk[1]_DIV
  To Clock:  pll_clk[1]_DIV

Setup :           NA  Failing Endpoints,  Worst Slack           NA  ,  Total Violation           NA
Hold  :           NA  Failing Endpoints,  Worst Slack           NA  ,  Total Violation           NA
PW    :            0  Failing Endpoints,  Worst Slack        0.467ns,  Total Violation        0.000ns
---------------------------------------------------------------------------------------------------


Pulse Width Checks
--------------------------------------------------------------------------------------
Clock Name:         pll_clk[1]_DIV
Waveform(ns):       { 0.000 1.667 }
Period(ns):         3.333
Sources:            { i_dram_wrapper/i_dram/inst/u_ddr4_mem_intfc/u_mig_ddr4_phy/inst/generate_block1.u_ddr_xiphy/byte_num[4].xiphy_byte_wrapper.u_xiphy_byte_wrapper/I_CONTROL[0].GEN_I_CONTROL.u_xiphy_control/xiphy_control/RX_DIV4_CLK_Q i_dram_wrapper/i_dram/inst/u_ddr4_mem_intfc/u_mig_ddr4_phy/inst/generate_block1.u_ddr_xiphy/byte_num[4].xiphy_byte_wrapper.u_xiphy_byte_wrapper/I_CONTROL[0].GEN_I_CONTROL.u_xiphy_control/xiphy_control/TX_DIV4_CLK_Q i_dram_wrapper/i_dram/inst/u_ddr4_mem_intfc/u_mig_ddr4_phy/inst/generate_block1.u_ddr_xiphy/byte_num[4].xiphy_byte_wrapper.u_xiphy_byte_wrapper/I_CONTROL[1].GEN_I_CONTROL.u_xiphy_control/xiphy_control/RX_DIV4_CLK_Q i_dram_wrapper/i_dram/inst/u_ddr4_mem_intfc/u_mig_ddr4_phy/inst/generate_block1.u_ddr_xiphy/byte_num[4].xiphy_byte_wrapper.u_xiphy_byte_wrapper/I_CONTROL[1].GEN_I_CONTROL.u_xiphy_control/xiphy_control/TX_DIV4_CLK_Q i_dram_wrapper/i_dram/inst/u_ddr4_mem_intfc/u_mig_ddr4_phy/inst/generate_block1.u_ddr_xiphy/byte_num[5].xiphy_byte_wrapper.u_xiphy_byte_wrapper/I_CONTROL[0].GEN_I_CONTROL.u_xiphy_control/xiphy_control/RX_DIV4_CLK_Q i_dram_wrapper/i_dram/inst/u_ddr4_mem_intfc/u_mig_ddr4_phy/inst/generate_block1.u_ddr_xiphy/byte_num[5].xiphy_byte_wrapper.u_xiphy_byte_wrapper/I_CONTROL[0].GEN_I_CONTROL.u_xiphy_control/xiphy_control/TX_DIV4_CLK_Q i_dram_wrapper/i_dram/inst/u_ddr4_mem_intfc/u_mig_ddr4_phy/inst/generate_block1.u_ddr_xiphy/byte_num[5].xiphy_byte_wrapper.u_xiphy_byte_wrapper/I_CONTROL[1].GEN_I_CONTROL.u_xiphy_control/xiphy_control/RX_DIV4_CLK_Q i_dram_wrapper/i_dram/inst/u_ddr4_mem_intfc/u_mig_ddr4_phy/inst/generate_block1.u_ddr_xiphy/byte_num[5].xiphy_byte_wrapper.u_xiphy_byte_wrapper/I_CONTROL[1].GEN_I_CONTROL.u_xiphy_control/xiphy_control/TX_DIV4_CLK_Q i_dram_wrapper/i_dram/inst/u_ddr4_mem_intfc/u_mig_ddr4_phy/inst/generate_block1.u_ddr_xiphy/byte_num[6].xiphy_byte_wrapper.u_xiphy_byte_wrapper/I_CONTROL[0].GEN_I_CONTROL.u_xiphy_control/xiphy_control/RX_DIV4_CLK_Q i_dram_wrapper/i_dram/inst/u_ddr4_mem_intfc/u_mig_ddr4_phy/inst/generate_block1.u_ddr_xiphy/byte_num[6].xiphy_byte_wrapper.u_xiphy_byte_wrapper/I_CONTROL[0].GEN_I_CONTROL.u_xiphy_control/xiphy_control/TX_DIV4_CLK_Q i_dram_wrapper/i_dram/inst/u_ddr4_mem_intfc/u_mig_ddr4_phy/inst/generate_block1.u_ddr_xiphy/byte_num[6].xiphy_byte_wrapper.u_xiphy_byte_wrapper/I_CONTROL[1].GEN_I_CONTROL.u_xiphy_control/xiphy_control/RX_DIV4_CLK_Q i_dram_wrapper/i_dram/inst/u_ddr4_mem_intfc/u_mig_ddr4_phy/inst/generate_block1.u_ddr_xiphy/byte_num[6].xiphy_byte_wrapper.u_xiphy_byte_wrapper/I_CONTROL[1].GEN_I_CONTROL.u_xiphy_control/xiphy_control/TX_DIV4_CLK_Q }

Check Type        Corner  Lib Pin                           Reference Pin  Required(ns)  Actual(ns)  Slack(ns)  Location               Pin
Min Period        n/a     RXTX_BITSLICE/TX_BIT_CTRL_IN[26]  n/a            2.667         3.333       0.666      BITSLICE_RX_TX_X1Y676  i_dram_wrapper/i_dram/inst/u_ddr4_mem_intfc/u_mig_ddr4_phy/inst/generate_block1.u_ddr_xiphy/byte_num[4].xiphy_byte_wrapper.u_xiphy_byte_wrapper/I_BITSLICE_LOWER[0].GEN_RXTX_BITSLICE_EN.u_xiphy_bitslice_lower/xiphy_rxtx_bitslice/TX_BIT_CTRL_IN[26]
Low Pulse Width   Slow    RXTX_BITSLICE/TX_BIT_CTRL_IN[26]  n/a            1.200         1.667       0.467      BITSLICE_RX_TX_X1Y679  i_dram_wrapper/i_dram/inst/u_ddr4_mem_intfc/u_mig_ddr4_phy/inst/generate_block1.u_ddr_xiphy/byte_num[4].xiphy_byte_wrapper.u_xiphy_byte_wrapper/I_BITSLICE_LOWER[3].GEN_RXTX_BITSLICE_EN.u_xiphy_bitslice_lower/xiphy_rxtx_bitslice/TX_BIT_CTRL_IN[26]
High Pulse Width  Fast    RXTX_BITSLICE/TX_BIT_CTRL_IN[26]  n/a            1.200         1.667       0.467      BITSLICE_RX_TX_X1Y686  i_dram_wrapper/i_dram/inst/u_ddr4_mem_intfc/u_mig_ddr4_phy/inst/generate_block1.u_ddr_xiphy/byte_num[4].xiphy_byte_wrapper.u_xiphy_byte_wrapper/I_BITSLICE_UPPER[4].GEN_RXTX_BITSLICE_EN.u_xiphy_bitslice_upper/xiphy_rxtx_bitslice/TX_BIT_CTRL_IN[26]



---------------------------------------------------------------------------------------------------
From Clock:  pll_clk[2]
  To Clock:  pll_clk[2]

Setup :           NA  Failing Endpoints,  Worst Slack           NA  ,  Total Violation           NA
Hold  :           NA  Failing Endpoints,  Worst Slack           NA  ,  Total Violation           NA
PW    :            0  Failing Endpoints,  Worst Slack        0.039ns,  Total Violation        0.000ns
---------------------------------------------------------------------------------------------------


Pulse Width Checks
--------------------------------------------------------------------------------------
Clock Name:         pll_clk[2]
Waveform(ns):       { 0.000 0.208 }
Period(ns):         0.417
Sources:            { i_dram_wrapper/i_dram/inst/u_ddr4_mem_intfc/u_mig_ddr4_phy/inst/u_ddr4_phy_pll/plle_loop[2].gen_plle4.PLLE4_BASE_INST_OTHER/CLKOUTPHY }

Check Type        Corner  Lib Pin                   Reference Pin             Required(ns)  Actual(ns)  Slack(ns)  Location                 Pin
Min Period        n/a     BITSLICE_CONTROL/PLL_CLK  n/a                       0.375         0.417       0.042      BITSLICE_CONTROL_X1Y116  i_dram_wrapper/i_dram/inst/u_ddr4_mem_intfc/u_mig_ddr4_phy/inst/generate_block1.u_ddr_xiphy/byte_num[10].xiphy_byte_wrapper.u_xiphy_byte_wrapper/I_CONTROL[0].GEN_I_CONTROL.u_xiphy_control/xiphy_control/PLL_CLK
Low Pulse Width   Fast    BITSLICE_CONTROL/PLL_CLK  n/a                       0.169         0.208       0.039      BITSLICE_CONTROL_X1Y116  i_dram_wrapper/i_dram/inst/u_ddr4_mem_intfc/u_mig_ddr4_phy/inst/generate_block1.u_ddr_xiphy/byte_num[10].xiphy_byte_wrapper.u_xiphy_byte_wrapper/I_CONTROL[0].GEN_I_CONTROL.u_xiphy_control/xiphy_control/PLL_CLK
High Pulse Width  Slow    BITSLICE_CONTROL/PLL_CLK  n/a                       0.169         0.208       0.039      BITSLICE_CONTROL_X1Y116  i_dram_wrapper/i_dram/inst/u_ddr4_mem_intfc/u_mig_ddr4_phy/inst/generate_block1.u_ddr_xiphy/byte_num[10].xiphy_byte_wrapper.u_xiphy_byte_wrapper/I_CONTROL[0].GEN_I_CONTROL.u_xiphy_control/xiphy_control/PLL_CLK
Max Skew          Fast    BITSLICE_CONTROL/PLL_CLK  BITSLICE_CONTROL/RIU_CLK  -0.300        -1.359      1.059      BITSLICE_CONTROL_X1Y116  i_dram_wrapper/i_dram/inst/u_ddr4_mem_intfc/u_mig_ddr4_phy/inst/generate_block1.u_ddr_xiphy/byte_num[10].xiphy_byte_wrapper.u_xiphy_byte_wrapper/I_CONTROL[0].GEN_I_CONTROL.u_xiphy_control/xiphy_control/PLL_CLK



---------------------------------------------------------------------------------------------------
From Clock:  pll_clk[2]_DIV
  To Clock:  pll_clk[2]_DIV

Setup :           NA  Failing Endpoints,  Worst Slack           NA  ,  Total Violation           NA
Hold  :           NA  Failing Endpoints,  Worst Slack           NA  ,  Total Violation           NA
PW    :            0  Failing Endpoints,  Worst Slack        0.467ns,  Total Violation        0.000ns
---------------------------------------------------------------------------------------------------


Pulse Width Checks
--------------------------------------------------------------------------------------
Clock Name:         pll_clk[2]_DIV
Waveform(ns):       { 0.000 1.667 }
Period(ns):         3.333
Sources:            { i_dram_wrapper/i_dram/inst/u_ddr4_mem_intfc/u_mig_ddr4_phy/inst/generate_block1.u_ddr_xiphy/byte_num[10].xiphy_byte_wrapper.u_xiphy_byte_wrapper/I_CONTROL[0].GEN_I_CONTROL.u_xiphy_control/xiphy_control/RX_DIV4_CLK_Q i_dram_wrapper/i_dram/inst/u_ddr4_mem_intfc/u_mig_ddr4_phy/inst/generate_block1.u_ddr_xiphy/byte_num[10].xiphy_byte_wrapper.u_xiphy_byte_wrapper/I_CONTROL[0].GEN_I_CONTROL.u_xiphy_control/xiphy_control/TX_DIV4_CLK_Q i_dram_wrapper/i_dram/inst/u_ddr4_mem_intfc/u_mig_ddr4_phy/inst/generate_block1.u_ddr_xiphy/byte_num[10].xiphy_byte_wrapper.u_xiphy_byte_wrapper/I_CONTROL[1].GEN_I_CONTROL.u_xiphy_control/xiphy_control/RX_DIV4_CLK_Q i_dram_wrapper/i_dram/inst/u_ddr4_mem_intfc/u_mig_ddr4_phy/inst/generate_block1.u_ddr_xiphy/byte_num[10].xiphy_byte_wrapper.u_xiphy_byte_wrapper/I_CONTROL[1].GEN_I_CONTROL.u_xiphy_control/xiphy_control/TX_DIV4_CLK_Q i_dram_wrapper/i_dram/inst/u_ddr4_mem_intfc/u_mig_ddr4_phy/inst/generate_block1.u_ddr_xiphy/byte_num[11].xiphy_byte_wrapper.u_xiphy_byte_wrapper/I_CONTROL[0].GEN_I_CONTROL.u_xiphy_control/xiphy_control/RX_DIV4_CLK_Q i_dram_wrapper/i_dram/inst/u_ddr4_mem_intfc/u_mig_ddr4_phy/inst/generate_block1.u_ddr_xiphy/byte_num[11].xiphy_byte_wrapper.u_xiphy_byte_wrapper/I_CONTROL[0].GEN_I_CONTROL.u_xiphy_control/xiphy_control/TX_DIV4_CLK_Q i_dram_wrapper/i_dram/inst/u_ddr4_mem_intfc/u_mig_ddr4_phy/inst/generate_block1.u_ddr_xiphy/byte_num[11].xiphy_byte_wrapper.u_xiphy_byte_wrapper/I_CONTROL[1].GEN_I_CONTROL.u_xiphy_control/xiphy_control/RX_DIV4_CLK_Q i_dram_wrapper/i_dram/inst/u_ddr4_mem_intfc/u_mig_ddr4_phy/inst/generate_block1.u_ddr_xiphy/byte_num[11].xiphy_byte_wrapper.u_xiphy_byte_wrapper/I_CONTROL[1].GEN_I_CONTROL.u_xiphy_control/xiphy_control/TX_DIV4_CLK_Q i_dram_wrapper/i_dram/inst/u_ddr4_mem_intfc/u_mig_ddr4_phy/inst/generate_block1.u_ddr_xiphy/byte_num[8].xiphy_byte_wrapper.u_xiphy_byte_wrapper/I_CONTROL[0].GEN_I_CONTROL.u_xiphy_control/xiphy_control/RX_DIV4_CLK_Q i_dram_wrapper/i_dram/inst/u_ddr4_mem_intfc/u_mig_ddr4_phy/inst/generate_block1.u_ddr_xiphy/byte_num[8].xiphy_byte_wrapper.u_xiphy_byte_wrapper/I_CONTROL[0].GEN_I_CONTROL.u_xiphy_control/xiphy_control/TX_DIV4_CLK_Q i_dram_wrapper/i_dram/inst/u_ddr4_mem_intfc/u_mig_ddr4_phy/inst/generate_block1.u_ddr_xiphy/byte_num[8].xiphy_byte_wrapper.u_xiphy_byte_wrapper/I_CONTROL[1].GEN_I_CONTROL.u_xiphy_control/xiphy_control/RX_DIV4_CLK_Q i_dram_wrapper/i_dram/inst/u_ddr4_mem_intfc/u_mig_ddr4_phy/inst/generate_block1.u_ddr_xiphy/byte_num[8].xiphy_byte_wrapper.u_xiphy_byte_wrapper/I_CONTROL[1].GEN_I_CONTROL.u_xiphy_control/xiphy_control/TX_DIV4_CLK_Q i_dram_wrapper/i_dram/inst/u_ddr4_mem_intfc/u_mig_ddr4_phy/inst/generate_block1.u_ddr_xiphy/byte_num[9].xiphy_byte_wrapper.u_xiphy_byte_wrapper/I_CONTROL[0].GEN_I_CONTROL.u_xiphy_control/xiphy_control/RX_DIV4_CLK_Q i_dram_wrapper/i_dram/inst/u_ddr4_mem_intfc/u_mig_ddr4_phy/inst/generate_block1.u_ddr_xiphy/byte_num[9].xiphy_byte_wrapper.u_xiphy_byte_wrapper/I_CONTROL[0].GEN_I_CONTROL.u_xiphy_control/xiphy_control/TX_DIV4_CLK_Q i_dram_wrapper/i_dram/inst/u_ddr4_mem_intfc/u_mig_ddr4_phy/inst/generate_block1.u_ddr_xiphy/byte_num[9].xiphy_byte_wrapper.u_xiphy_byte_wrapper/I_CONTROL[1].GEN_I_CONTROL.u_xiphy_control/xiphy_control/RX_DIV4_CLK_Q i_dram_wrapper/i_dram/inst/u_ddr4_mem_intfc/u_mig_ddr4_phy/inst/generate_block1.u_ddr_xiphy/byte_num[9].xiphy_byte_wrapper.u_xiphy_byte_wrapper/I_CONTROL[1].GEN_I_CONTROL.u_xiphy_control/xiphy_control/TX_DIV4_CLK_Q }

Check Type        Corner  Lib Pin                           Reference Pin  Required(ns)  Actual(ns)  Slack(ns)  Location               Pin
Min Period        n/a     RXTX_BITSLICE/TX_BIT_CTRL_IN[26]  n/a            2.667         3.333       0.666      BITSLICE_RX_TX_X1Y754  i_dram_wrapper/i_dram/inst/u_ddr4_mem_intfc/u_mig_ddr4_phy/inst/generate_block1.u_ddr_xiphy/byte_num[10].xiphy_byte_wrapper.u_xiphy_byte_wrapper/I_BITSLICE_LOWER[0].GEN_RXTX_BITSLICE_EN.u_xiphy_bitslice_lower/xiphy_rxtx_bitslice/TX_BIT_CTRL_IN[26]
Low Pulse Width   Slow    RXTX_BITSLICE/TX_BIT_CTRL_IN[26]  n/a            1.200         1.667       0.467      BITSLICE_RX_TX_X1Y758  i_dram_wrapper/i_dram/inst/u_ddr4_mem_intfc/u_mig_ddr4_phy/inst/generate_block1.u_ddr_xiphy/byte_num[10].xiphy_byte_wrapper.u_xiphy_byte_wrapper/I_BITSLICE_LOWER[4].GEN_RXTX_BITSLICE_EN.u_xiphy_bitslice_lower/xiphy_rxtx_bitslice/TX_BIT_CTRL_IN[26]
High Pulse Width  Slow    RXTX_BITSLICE/TX_BIT_CTRL_IN[26]  n/a            1.200         1.667       0.467      BITSLICE_RX_TX_X1Y762  i_dram_wrapper/i_dram/inst/u_ddr4_mem_intfc/u_mig_ddr4_phy/inst/generate_block1.u_ddr_xiphy/byte_num[10].xiphy_byte_wrapper.u_xiphy_byte_wrapper/I_BITSLICE_UPPER[2].GEN_RXTX_BITSLICE_EN.u_xiphy_bitslice_upper/xiphy_rxtx_bitslice/TX_BIT_CTRL_IN[26]



---------------------------------------------------------------------------------------------------
From Clock:  mmcm_clkout6
  To Clock:  mmcm_clkout6

Setup :            0  Failing Endpoints,  Worst Slack        1.401ns,  Total Violation        0.000ns
Hold  :            0  Failing Endpoints,  Worst Slack        0.017ns,  Total Violation        0.000ns
PW    :            0  Failing Endpoints,  Worst Slack        1.099ns,  Total Violation        0.000ns
---------------------------------------------------------------------------------------------------


Max Delay Paths
--------------------------------------------------------------------------------------
Slack (MET) :             1.401ns  (required time - arrival time)
  Source:                 i_dram_wrapper/i_dram/inst/u_ddr4_mem_intfc/u_ddr_cal_riu/io_address_riuclk_reg[14]/C
                            (rising edge-triggered cell FDRE clocked by mmcm_clkout6  {rise@0.000ns fall@3.333ns period=6.667ns})
  Destination:            i_dram_wrapper/i_dram/inst/u_ddr4_mem_intfc/u_mig_ddr4_phy/inst/riu2clb_vld_read_data_reg[2]/D
                            (rising edge-triggered cell FDRE clocked by mmcm_clkout6  {rise@0.000ns fall@3.333ns period=6.667ns})
  Path Group:             mmcm_clkout6
  Path Type:              Setup (Max at Slow Process Corner)
  Requirement:            6.667ns  (mmcm_clkout6 rise@6.667ns - mmcm_clkout6 rise@0.000ns)
  Data Path Delay:        5.110ns  (logic 0.742ns (14.521%)  route 4.368ns (85.479%))
  Logic Levels:           6  (LUT2=1 LUT5=1 LUT6=4)
  Clock Path Skew:        -0.124ns (DCD - SCD + CPR)
    Destination Clock Delay (DCD):    4.471ns = ( 11.138 - 6.667 ) 
    Source Clock Delay      (SCD):    4.231ns
    Clock Pessimism Removal (CPR):    -0.365ns
  Clock Uncertainty:      0.056ns  ((TSJ^2 + DJ^2)^1/2) / 2 + PE
    Total System Jitter     (TSJ):    0.071ns
    Discrete Jitter          (DJ):    0.087ns
    Phase Error              (PE):    0.000ns
  Clock Net Delay (Source):      2.080ns (routing 0.835ns, distribution 1.245ns)
  Clock Net Delay (Destination): 1.871ns (routing 0.758ns, distribution 1.113ns)

    Location             Delay type                Incr(ns)  Path(ns)    Netlist Resource(s)
  -------------------------------------------------------------------    -------------------
                         (clock mmcm_clkout6 rise edge)
                                                      0.000     0.000 r  
    E12                                               0.000     0.000 r  sys_clk_p (IN)
                         net (fo=0)                   0.000     0.000    i_bufds_sys_clk/I
    HPIOBDIFFINBUF_X1Y300
                         DIFFINBUF (Prop_DIFFINBUF_HPIOBDIFFINBUF_DIFF_IN_P_O)
                                                      0.675     0.675 r  i_bufds_sys_clk/DIFFINBUF_INST/O
                         net (fo=1, routed)           0.050     0.725    i_bufds_sys_clk/OUT
    E12                  IBUFCTRL (Prop_IBUFCTRL_HPIOB_M_I_O)
                                                      0.000     0.725 r  i_bufds_sys_clk/IBUFCTRL_INST/O
                         net (fo=1, routed)           0.335     1.060    sys_clk
    BUFGCE_X1Y289        BUFGCE (Prop_BUFCE_BUFGCE_I_O)
                                                      0.028     1.088 r  sys_clk_BUFGCE_inst/O
                         net (fo=19, routed)          0.901     1.989    i_dram_wrapper/i_dram/inst/u_ddr4_infrastructure/mmcm_clk_in
    MMCM_X1Y13           MMCME4_ADV (Prop_MMCM_CLKIN1_CLKOUT6)
                                                     -0.127     1.862 r  i_dram_wrapper/i_dram/inst/u_ddr4_infrastructure/gen_mmcme4.u_mmcme_adv_inst/CLKOUT6
                         net (fo=1, routed)           0.261     2.123    i_dram_wrapper/i_dram/inst/u_ddr4_infrastructure/mmcm_clkout6
    BUFGCE_X1Y326        BUFGCE (Prop_BUFCE_BUFGCE_I_O)
                                                      0.028     2.151 r  i_dram_wrapper/i_dram/inst/u_ddr4_infrastructure/u_bufg_riuClk/O
    X4Y12 (CLOCK_ROOT)   net (fo=1746, routed)        2.080     4.231    i_dram_wrapper/i_dram/inst/u_ddr4_mem_intfc/u_ddr_cal_riu/CLK
    SLICE_X134Y849       FDRE                                         r  i_dram_wrapper/i_dram/inst/u_ddr4_mem_intfc/u_ddr_cal_riu/io_address_riuclk_reg[14]/C
  -------------------------------------------------------------------    -------------------
    SLICE_X134Y849       FDRE (Prop_EFF2_SLICEL_C_Q)
                                                      0.081     4.312 r  i_dram_wrapper/i_dram/inst/u_ddr4_mem_intfc/u_ddr_cal_riu/io_address_riuclk_reg[14]/Q
                         net (fo=48, routed)          0.498     4.810    i_dram_wrapper/i_dram/inst/u_ddr4_mem_intfc/u_mig_ddr4_phy/inst/io_address_riuclk[14]
    SLICE_X131Y844       LUT2 (Prop_D5LUT_SLICEM_I1_O)
                                                      0.110     4.920 f  i_dram_wrapper/i_dram/inst/u_ddr4_mem_intfc/u_mig_ddr4_phy/inst/riu_nibble_8[6]_INST_0_i_8/O
                         net (fo=6, routed)           0.458     5.378    i_dram_wrapper/i_dram/inst/u_ddr4_mem_intfc/u_mig_ddr4_phy/inst/riu_nibble_8[6]_INST_0_i_8_n_0
    SLICE_X133Y841       LUT6 (Prop_G6LUT_SLICEM_I1_O)
                                                      0.100     5.478 r  i_dram_wrapper/i_dram/inst/u_ddr4_mem_intfc/u_mig_ddr4_phy/inst/riu_nibble_8[1]_INST_0_i_5/O
                         net (fo=1, routed)           0.047     5.525    i_dram_wrapper/i_dram/inst/u_ddr4_mem_intfc/u_mig_ddr4_phy/inst/riu_nibble_8[1]_INST_0_i_5_n_0
    SLICE_X133Y841       LUT6 (Prop_H6LUT_SLICEM_I0_O)
                                                      0.101     5.626 r  i_dram_wrapper/i_dram/inst/u_ddr4_mem_intfc/u_mig_ddr4_phy/inst/riu_nibble_8[1]_INST_0_i_4/O
                         net (fo=1, routed)           0.116     5.742    i_dram_wrapper/i_dram/inst/u_ddr4_mem_intfc/u_mig_ddr4_phy/inst/riu_nibble_8[1]_INST_0_i_4_n_0
    SLICE_X133Y840       LUT6 (Prop_G6LUT_SLICEM_I3_O)
                                                      0.150     5.892 r  i_dram_wrapper/i_dram/inst/u_ddr4_mem_intfc/u_mig_ddr4_phy/inst/riu_nibble_8[1]_INST_0_i_1/O
                         net (fo=82, routed)          2.154     8.046    i_dram_wrapper/i_dram/inst/u_ddr4_mem_intfc/u_mig_ddr4_phy/inst/io_address_riuclk_7_sn_1
    SLICE_X112Y741       LUT6 (Prop_H6LUT_SLICEL_I4_O)
                                                      0.150     8.196 r  i_dram_wrapper/i_dram/inst/u_ddr4_mem_intfc/u_mig_ddr4_phy/inst/riu2clb_vld_read_data[2]_i_3/O
                         net (fo=1, routed)           1.045     9.241    i_dram_wrapper/i_dram/inst/u_ddr4_mem_intfc/u_mig_ddr4_phy/inst/riu2clb_vld_read_data[2]_i_3_n_0
    SLICE_X112Y825       LUT5 (Prop_C6LUT_SLICEL_I1_O)
                                                      0.050     9.291 r  i_dram_wrapper/i_dram/inst/u_ddr4_mem_intfc/u_mig_ddr4_phy/inst/riu2clb_vld_read_data[2]_i_1/O
                         net (fo=1, routed)           0.050     9.341    i_dram_wrapper/i_dram/inst/u_ddr4_mem_intfc/u_mig_ddr4_phy/inst/riu2clb_vld_read_data[2]_i_1_n_0
    SLICE_X112Y825       FDRE                                         r  i_dram_wrapper/i_dram/inst/u_ddr4_mem_intfc/u_mig_ddr4_phy/inst/riu2clb_vld_read_data_reg[2]/D
  -------------------------------------------------------------------    -------------------

                         (clock mmcm_clkout6 rise edge)
                                                      6.667     6.667 r  
    E12                                               0.000     6.667 r  sys_clk_p (IN)
                         net (fo=0)                   0.000     6.667    i_bufds_sys_clk/I
    HPIOBDIFFINBUF_X1Y300
                         DIFFINBUF (Prop_DIFFINBUF_HPIOBDIFFINBUF_DIFF_IN_P_O)
                                                      0.564     7.231 r  i_bufds_sys_clk/DIFFINBUF_INST/O
                         net (fo=1, routed)           0.040     7.271    i_bufds_sys_clk/OUT
    E12                  IBUFCTRL (Prop_IBUFCTRL_HPIOB_M_I_O)
                                                      0.000     7.271 r  i_bufds_sys_clk/IBUFCTRL_INST/O
                         net (fo=1, routed)           0.297     7.568    sys_clk
    BUFGCE_X1Y289        BUFGCE (Prop_BUFCE_BUFGCE_I_O)
                                                      0.024     7.592 r  sys_clk_BUFGCE_inst/O
                         net (fo=19, routed)          0.795     8.387    i_dram_wrapper/i_dram/inst/u_ddr4_infrastructure/mmcm_clk_in
    MMCM_X1Y13           MMCME4_ADV (Prop_MMCM_CLKIN1_CLKOUT6)
                                                      0.630     9.017 r  i_dram_wrapper/i_dram/inst/u_ddr4_infrastructure/gen_mmcme4.u_mmcme_adv_inst/CLKOUT6
                         net (fo=1, routed)           0.226     9.243    i_dram_wrapper/i_dram/inst/u_ddr4_infrastructure/mmcm_clkout6
    BUFGCE_X1Y326        BUFGCE (Prop_BUFCE_BUFGCE_I_O)
                                                      0.024     9.267 r  i_dram_wrapper/i_dram/inst/u_ddr4_infrastructure/u_bufg_riuClk/O
    X4Y12 (CLOCK_ROOT)   net (fo=1746, routed)        1.871    11.138    i_dram_wrapper/i_dram/inst/u_ddr4_mem_intfc/u_mig_ddr4_phy/inst/riu_clk
    SLICE_X112Y825       FDRE                                         r  i_dram_wrapper/i_dram/inst/u_ddr4_mem_intfc/u_mig_ddr4_phy/inst/riu2clb_vld_read_data_reg[2]/C
                         clock pessimism             -0.365    10.773    
                         clock uncertainty           -0.056    10.717    
    SLICE_X112Y825       FDRE (Setup_CFF_SLICEL_C_D)
                                                      0.025    10.742    i_dram_wrapper/i_dram/inst/u_ddr4_mem_intfc/u_mig_ddr4_phy/inst/riu2clb_vld_read_data_reg[2]
  -------------------------------------------------------------------
                         required time                         10.742    
                         arrival time                          -9.341    
  -------------------------------------------------------------------
                         slack                                  1.401    





Min Delay Paths
--------------------------------------------------------------------------------------
Slack (MET) :             0.017ns  (arrival time - required time)
  Source:                 i_dram_wrapper/i_dram/inst/u_ddr4_mem_intfc/u_ddr_cal_riu/mcs0/inst/microblaze_I/U0/MicroBlaze_Core_I/Performance.Core/Decode_I/PC_Module_I/if_pc_reg[25]/C
                            (rising edge-triggered cell FDSE clocked by mmcm_clkout6  {rise@0.000ns fall@3.333ns period=6.667ns})
  Destination:            i_dram_wrapper/i_dram/inst/u_ddr4_mem_intfc/u_ddr_cal_riu/mcs0/inst/microblaze_I/U0/MicroBlaze_Core_I/Performance.Core/Decode_I/PC_Module_I/PC_Buffer_reg[3][25]_srl4/D
                            (rising edge-triggered cell SRL16E clocked by mmcm_clkout6  {rise@0.000ns fall@3.333ns period=6.667ns})
  Path Group:             mmcm_clkout6
  Path Type:              Hold (Min at Fast Process Corner)
  Requirement:            0.000ns  (mmcm_clkout6 rise@0.000ns - mmcm_clkout6 rise@0.000ns)
  Data Path Delay:        0.100ns  (logic 0.039ns (39.000%)  route 0.061ns (61.000%))
  Logic Levels:           0  
  Clock Path Skew:        0.038ns (DCD - SCD - CPR)
    Destination Clock Delay (DCD):    2.482ns
    Source Clock Delay      (SCD):    2.602ns
    Clock Pessimism Removal (CPR):    -0.159ns
  Clock Net Delay (Source):      1.149ns (routing 0.457ns, distribution 0.692ns)
  Clock Net Delay (Destination): 1.317ns (routing 0.512ns, distribution 0.805ns)

    Location             Delay type                Incr(ns)  Path(ns)    Netlist Resource(s)
  -------------------------------------------------------------------    -------------------
                         (clock mmcm_clkout6 rise edge)
                                                      0.000     0.000 r  
    E12                                               0.000     0.000 r  sys_clk_p (IN)
                         net (fo=0)                   0.000     0.000    i_bufds_sys_clk/I
    HPIOBDIFFINBUF_X1Y300
                         DIFFINBUF (Prop_DIFFINBUF_HPIOBDIFFINBUF_DIFF_IN_P_O)
                                                      0.340     0.340 r  i_bufds_sys_clk/DIFFINBUF_INST/O
                         net (fo=1, routed)           0.040     0.380    i_bufds_sys_clk/OUT
    E12                  IBUFCTRL (Prop_IBUFCTRL_HPIOB_M_I_O)
                                                      0.000     0.380 r  i_bufds_sys_clk/IBUFCTRL_INST/O
                         net (fo=1, routed)           0.150     0.530    sys_clk
    BUFGCE_X1Y289        BUFGCE (Prop_BUFCE_BUFGCE_I_O)
                                                      0.017     0.547 r  sys_clk_BUFGCE_inst/O
                         net (fo=19, routed)          0.504     1.051    i_dram_wrapper/i_dram/inst/u_ddr4_infrastructure/mmcm_clk_in
    MMCM_X1Y13           MMCME4_ADV (Prop_MMCM_CLKIN1_CLKOUT6)
                                                      0.230     1.281 r  i_dram_wrapper/i_dram/inst/u_ddr4_infrastructure/gen_mmcme4.u_mmcme_adv_inst/CLKOUT6
                         net (fo=1, routed)           0.155     1.436    i_dram_wrapper/i_dram/inst/u_ddr4_infrastructure/mmcm_clkout6
    BUFGCE_X1Y326        BUFGCE (Prop_BUFCE_BUFGCE_I_O)
                                                      0.017     1.453 r  i_dram_wrapper/i_dram/inst/u_ddr4_infrastructure/u_bufg_riuClk/O
    X4Y12 (CLOCK_ROOT)   net (fo=1746, routed)        1.149     2.602    i_dram_wrapper/i_dram/inst/u_ddr4_mem_intfc/u_ddr_cal_riu/mcs0/inst/microblaze_I/U0/MicroBlaze_Core_I/Performance.Core/Decode_I/PC_Module_I/Clk
    SLICE_X131Y855       FDSE                                         r  i_dram_wrapper/i_dram/inst/u_ddr4_mem_intfc/u_ddr_cal_riu/mcs0/inst/microblaze_I/U0/MicroBlaze_Core_I/Performance.Core/Decode_I/PC_Module_I/if_pc_reg[25]/C
  -------------------------------------------------------------------    -------------------
    SLICE_X131Y855       FDSE (Prop_HFF2_SLICEM_C_Q)
                                                      0.039     2.641 r  i_dram_wrapper/i_dram/inst/u_ddr4_mem_intfc/u_ddr_cal_riu/mcs0/inst/microblaze_I/U0/MicroBlaze_Core_I/Performance.Core/Decode_I/PC_Module_I/if_pc_reg[25]/Q
                         net (fo=4, routed)           0.061     2.702    i_dram_wrapper/i_dram/inst/u_ddr4_mem_intfc/u_ddr_cal_riu/mcs0/inst/microblaze_I/U0/MicroBlaze_Core_I/Performance.Core/Decode_I/PC_Module_I/S27_in
    SLICE_X131Y856       SRL16E                                       r  i_dram_wrapper/i_dram/inst/u_ddr4_mem_intfc/u_ddr_cal_riu/mcs0/inst/microblaze_I/U0/MicroBlaze_Core_I/Performance.Core/Decode_I/PC_Module_I/PC_Buffer_reg[3][25]_srl4/D
  -------------------------------------------------------------------    -------------------

                         (clock mmcm_clkout6 rise edge)
                                                      0.000     0.000 r  
    E12                                               0.000     0.000 r  sys_clk_p (IN)
                         net (fo=0)                   0.000     0.000    i_bufds_sys_clk/I
    HPIOBDIFFINBUF_X1Y300
                         DIFFINBUF (Prop_DIFFINBUF_HPIOBDIFFINBUF_DIFF_IN_P_O)
                                                      0.446     0.446 r  i_bufds_sys_clk/DIFFINBUF_INST/O
                         net (fo=1, routed)           0.050     0.496    i_bufds_sys_clk/OUT
    E12                  IBUFCTRL (Prop_IBUFCTRL_HPIOB_M_I_O)
                                                      0.000     0.496 r  i_bufds_sys_clk/IBUFCTRL_INST/O
                         net (fo=1, routed)           0.183     0.679    sys_clk
    BUFGCE_X1Y289        BUFGCE (Prop_BUFCE_BUFGCE_I_O)
                                                      0.019     0.698 r  sys_clk_BUFGCE_inst/O
                         net (fo=19, routed)          0.567     1.265    i_dram_wrapper/i_dram/inst/u_ddr4_infrastructure/mmcm_clk_in
    MMCM_X1Y13           MMCME4_ADV (Prop_MMCM_CLKIN1_CLKOUT6)
                                                     -0.295     0.970 r  i_dram_wrapper/i_dram/inst/u_ddr4_infrastructure/gen_mmcme4.u_mmcme_adv_inst/CLKOUT6
                         net (fo=1, routed)           0.176     1.146    i_dram_wrapper/i_dram/inst/u_ddr4_infrastructure/mmcm_clkout6
    BUFGCE_X1Y326        BUFGCE (Prop_BUFCE_BUFGCE_I_O)
                                                      0.019     1.165 r  i_dram_wrapper/i_dram/inst/u_ddr4_infrastructure/u_bufg_riuClk/O
    X4Y12 (CLOCK_ROOT)   net (fo=1746, routed)        1.317     2.482    i_dram_wrapper/i_dram/inst/u_ddr4_mem_intfc/u_ddr_cal_riu/mcs0/inst/microblaze_I/U0/MicroBlaze_Core_I/Performance.Core/Decode_I/PC_Module_I/Clk
    SLICE_X131Y856       SRL16E                                       r  i_dram_wrapper/i_dram/inst/u_ddr4_mem_intfc/u_ddr_cal_riu/mcs0/inst/microblaze_I/U0/MicroBlaze_Core_I/Performance.Core/Decode_I/PC_Module_I/PC_Buffer_reg[3][25]_srl4/CLK
                         clock pessimism              0.159     2.641    
    SLICE_X131Y856       SRL16E (Hold_B5LUT_SLICEM_CLK_D)
                                                      0.045     2.686    i_dram_wrapper/i_dram/inst/u_ddr4_mem_intfc/u_ddr_cal_riu/mcs0/inst/microblaze_I/U0/MicroBlaze_Core_I/Performance.Core/Decode_I/PC_Module_I/PC_Buffer_reg[3][25]_srl4
  -------------------------------------------------------------------
                         required time                         -2.686    
                         arrival time                           2.702    
  -------------------------------------------------------------------
                         slack                                  0.017    





Pulse Width Checks
--------------------------------------------------------------------------------------
Clock Name:         mmcm_clkout6
Waveform(ns):       { 0.000 3.333 }
Period(ns):         6.667
Sources:            { i_dram_wrapper/i_dram/inst/u_ddr4_infrastructure/gen_mmcme4.u_mmcme_adv_inst/CLKOUT6 }

Check Type        Corner  Lib Pin                   Reference Pin             Required(ns)  Actual(ns)  Slack(ns)  Location                 Pin
Min Period        n/a     BITSLICE_CONTROL/RIU_CLK  n/a                       3.846         6.667       2.821      BITSLICE_CONTROL_X1Y96   i_dram_wrapper/i_dram/inst/u_ddr4_mem_intfc/u_mig_ddr4_phy/inst/generate_block1.u_ddr_xiphy/byte_num[0].xiphy_byte_wrapper.u_xiphy_byte_wrapper/I_CONTROL[0].GEN_I_CONTROL.u_xiphy_control/xiphy_control/RIU_CLK
Low Pulse Width   Fast    BITSLICE_CONTROL/RIU_CLK  n/a                       1.731         3.333       1.602      BITSLICE_CONTROL_X1Y106  i_dram_wrapper/i_dram/inst/u_ddr4_mem_intfc/u_mig_ddr4_phy/inst/generate_block1.u_ddr_xiphy/byte_num[5].xiphy_byte_wrapper.u_xiphy_byte_wrapper/I_CONTROL[0].GEN_I_CONTROL.u_xiphy_control/xiphy_control/RIU_CLK
High Pulse Width  Slow    BITSLICE_CONTROL/RIU_CLK  n/a                       1.731         3.333       1.602      BITSLICE_CONTROL_X1Y96   i_dram_wrapper/i_dram/inst/u_ddr4_mem_intfc/u_mig_ddr4_phy/inst/generate_block1.u_ddr_xiphy/byte_num[0].xiphy_byte_wrapper.u_xiphy_byte_wrapper/I_CONTROL[0].GEN_I_CONTROL.u_xiphy_control/xiphy_control/RIU_CLK
Max Skew          Fast    BITSLICE_CONTROL/RIU_CLK  BITSLICE_CONTROL/PLL_CLK  1.985         0.886       1.099      BITSLICE_CONTROL_X1Y112  i_dram_wrapper/i_dram/inst/u_ddr4_mem_intfc/u_mig_ddr4_phy/inst/generate_block1.u_ddr_xiphy/byte_num[8].xiphy_byte_wrapper.u_xiphy_byte_wrapper/I_CONTROL[0].GEN_I_CONTROL.u_xiphy_control/xiphy_control/RIU_CLK



---------------------------------------------------------------------------------------------------
From Clock:  clk_50_clkwiz
  To Clock:  dbg_hub/inst/BSCANID.u_xsdbm_id/SWITCH_N_EXT_BSCAN.bscan_inst/SERIES7_BSCAN.bscan_inst/INTERNAL_TCK

Setup :            0  Failing Endpoints,  Worst Slack       19.672ns,  Total Violation        0.000ns
Hold  :           NA  Failing Endpoints,  Worst Slack           NA  ,  Total Violation           NA
---------------------------------------------------------------------------------------------------


Max Delay Paths
--------------------------------------------------------------------------------------
Slack (MET) :             19.672ns  (required time - arrival time)
  Source:                 dbg_hub/inst/BSCANID.u_xsdbm_id/CORE_XSDB.UUT_MASTER/U_ICON_INTERFACE/U_CMD6_WR/U_WR_FIFO/SUBCORE_FIFO.xsdbm_v3_0_0_wrfifo_inst/inst_fifo_gen/gconvfifo.rf/grf.rf/gntv_or_sync_fifo.gcx.clkx/gnxpm_cdc.rd_pntr_gc_reg[2]/C
                            (rising edge-triggered cell FDCE clocked by clk_50_clkwiz  {rise@0.000ns fall@10.000ns period=20.000ns})
  Destination:            dbg_hub/inst/BSCANID.u_xsdbm_id/CORE_XSDB.UUT_MASTER/U_ICON_INTERFACE/U_CMD6_WR/U_WR_FIFO/SUBCORE_FIFO.xsdbm_v3_0_0_wrfifo_inst/inst_fifo_gen/gconvfifo.rf/grf.rf/gntv_or_sync_fifo.gcx.clkx/gnxpm_cdc.gsync_stage[1].wr_stg_inst/Q_reg_reg[2]/D
                            (rising edge-triggered cell FDCE clocked by dbg_hub/inst/BSCANID.u_xsdbm_id/SWITCH_N_EXT_BSCAN.bscan_inst/SERIES7_BSCAN.bscan_inst/INTERNAL_TCK  {rise@0.000ns fall@25.000ns period=50.000ns})
  Path Group:             dbg_hub/inst/BSCANID.u_xsdbm_id/SWITCH_N_EXT_BSCAN.bscan_inst/SERIES7_BSCAN.bscan_inst/INTERNAL_TCK
  Path Type:              Setup (Max at Slow Process Corner)
  Requirement:            20.000ns  (MaxDelay Path 20.000ns)
  Data Path Delay:        0.353ns  (logic 0.077ns (21.813%)  route 0.276ns (78.187%))
  Logic Levels:           0  
  Timing Exception:       MaxDelay Path 20.000ns -datapath_only

    Location             Delay type                Incr(ns)  Path(ns)    Netlist Resource(s)
  -------------------------------------------------------------------    -------------------
    SLICE_X107Y610                                    0.000     0.000 r  dbg_hub/inst/BSCANID.u_xsdbm_id/CORE_XSDB.UUT_MASTER/U_ICON_INTERFACE/U_CMD6_WR/U_WR_FIFO/SUBCORE_FIFO.xsdbm_v3_0_0_wrfifo_inst/inst_fifo_gen/gconvfifo.rf/grf.rf/gntv_or_sync_fifo.gcx.clkx/gnxpm_cdc.rd_pntr_gc_reg[2]/C
    SLICE_X107Y610       FDCE (Prop_AFF_SLICEM_C_Q)
                                                      0.077     0.077 r  dbg_hub/inst/BSCANID.u_xsdbm_id/CORE_XSDB.UUT_MASTER/U_ICON_INTERFACE/U_CMD6_WR/U_WR_FIFO/SUBCORE_FIFO.xsdbm_v3_0_0_wrfifo_inst/inst_fifo_gen/gconvfifo.rf/grf.rf/gntv_or_sync_fifo.gcx.clkx/gnxpm_cdc.rd_pntr_gc_reg[2]/Q
                         net (fo=1, routed)           0.276     0.353    dbg_hub/inst/BSCANID.u_xsdbm_id/CORE_XSDB.UUT_MASTER/U_ICON_INTERFACE/U_CMD6_WR/U_WR_FIFO/SUBCORE_FIFO.xsdbm_v3_0_0_wrfifo_inst/inst_fifo_gen/gconvfifo.rf/grf.rf/gntv_or_sync_fifo.gcx.clkx/gnxpm_cdc.gsync_stage[1].wr_stg_inst/Q[2]
    SLICE_X107Y610       FDCE                                         r  dbg_hub/inst/BSCANID.u_xsdbm_id/CORE_XSDB.UUT_MASTER/U_ICON_INTERFACE/U_CMD6_WR/U_WR_FIFO/SUBCORE_FIFO.xsdbm_v3_0_0_wrfifo_inst/inst_fifo_gen/gconvfifo.rf/grf.rf/gntv_or_sync_fifo.gcx.clkx/gnxpm_cdc.gsync_stage[1].wr_stg_inst/Q_reg_reg[2]/D
  -------------------------------------------------------------------    -------------------

                         max delay                   20.000    20.000    
    SLICE_X107Y610       FDCE (Setup_HFF2_SLICEM_C_D)
                                                      0.025    20.025    dbg_hub/inst/BSCANID.u_xsdbm_id/CORE_XSDB.UUT_MASTER/U_ICON_INTERFACE/U_CMD6_WR/U_WR_FIFO/SUBCORE_FIFO.xsdbm_v3_0_0_wrfifo_inst/inst_fifo_gen/gconvfifo.rf/grf.rf/gntv_or_sync_fifo.gcx.clkx/gnxpm_cdc.gsync_stage[1].wr_stg_inst/Q_reg_reg[2]
  -------------------------------------------------------------------
                         required time                         20.025    
                         arrival time                          -0.353    
  -------------------------------------------------------------------
                         slack                                 19.672    





---------------------------------------------------------------------------------------------------
From Clock:  ara_async_pad
  To Clock:  clk_50_clkwiz

Setup :            0  Failing Endpoints,  Worst Slack       12.423ns,  Total Violation        0.000ns
Hold  :            0  Failing Endpoints,  Worst Slack        0.430ns,  Total Violation        0.000ns
---------------------------------------------------------------------------------------------------


Max Delay Paths
--------------------------------------------------------------------------------------
Slack (MET) :             12.423ns  (required time - arrival time)
  Source:                 jtag_tms_i
                            (input port clocked by ara_async_pad  {rise@0.000ns fall@500.000ns period=1000.000ns})
  Destination:            i_cheshire_soc/i_dbg_dmi_jtag/fpga_tms_sync_q_reg[0]/D
                            (rising edge-triggered cell FDPE clocked by clk_50_clkwiz  {rise@0.000ns fall@10.000ns period=20.000ns})
  Path Group:             clk_50_clkwiz
  Path Type:              Setup (Max at Slow Process Corner)
  Requirement:            20.000ns  (clk_50_clkwiz rise@20.000ns - ara_async_pad rise@0.000ns)
  Data Path Delay:        12.448ns  (logic 0.644ns (5.176%)  route 11.804ns (94.824%))
  Logic Levels:           2  (IBUFCTRL=1 INBUF=1)
  Input Delay:            0.000ns
  Clock Path Skew:        5.976ns (DCD - SCD + CPR)
    Destination Clock Delay (DCD):    5.976ns = ( 25.976 - 20.000 ) 
    Source Clock Delay      (SCD):    0.000ns
    Clock Pessimism Removal (CPR):    0.000ns
  Clock Uncertainty:      0.234ns  ((TSJ^2 + DJ^2)^1/2) / 2 + PE
    Total System Jitter     (TSJ):    0.050ns
    Discrete Jitter          (DJ):    0.150ns
    Phase Error              (PE):    0.155ns
  Inter-SLR Compensation: 0.896ns  (DCD * PF)
    Destination Clock Delay (DCD):    5.976ns
    Prorating Factor         (PF):    0.150
  Clock Net Delay (Destination): 3.307ns (routing 1.700ns, distribution 1.607ns)
  Clock Domain Crossing:  Inter clock paths are considered valid unless explicitly excluded by timing constraints such as set_clock_groups or set_false_path.

    Location             Delay type                Incr(ns)  Path(ns)    Netlist Resource(s)
  -------------------------------------------------------------------    -------------------
                         (clock ara_async_pad rise edge)
                                                      0.000     0.000 r  
                         ideal clock network latency
                                                      0.000     0.000    
                         input delay                  0.000     0.000    
    N28                                               0.000     0.000 r  jtag_tms_i (IN)
                         net (fo=0)                   0.000     0.000    jtag_tms_i_IBUF_inst/I
    N28                  INBUF (Prop_INBUF_HPIOB_M_PAD_O)
                                                      0.644     0.644 r  jtag_tms_i_IBUF_inst/INBUF_INST/O
                         net (fo=1, routed)           0.000     0.644    jtag_tms_i_IBUF_inst/OUT
    N28                  IBUFCTRL (Prop_IBUFCTRL_HPIOB_M_I_O)
                                                      0.000     0.644 r  jtag_tms_i_IBUF_inst/IBUFCTRL_INST/O
                         net (fo=1, routed)          11.804    12.448    i_cheshire_soc/i_dbg_dmi_jtag/tms_i
    SLR Crossing[1->2]   
    SLICE_X48Y601        FDPE                                         r  i_cheshire_soc/i_dbg_dmi_jtag/fpga_tms_sync_q_reg[0]/D
  -------------------------------------------------------------------    -------------------

                         (clock clk_50_clkwiz rise edge)
                                                     20.000    20.000 r  
    E12                                               0.000    20.000 r  sys_clk_p (IN)
                         net (fo=0)                   0.000    20.000    i_bufds_sys_clk/I
    HPIOBDIFFINBUF_X1Y300
                         DIFFINBUF (Prop_DIFFINBUF_HPIOBDIFFINBUF_DIFF_IN_P_O)
                                                      0.564    20.564 r  i_bufds_sys_clk/DIFFINBUF_INST/O
                         net (fo=1, routed)           0.040    20.604    i_bufds_sys_clk/OUT
    E12                  IBUFCTRL (Prop_IBUFCTRL_HPIOB_M_I_O)
                                                      0.000    20.604 r  i_bufds_sys_clk/IBUFCTRL_INST/O
                         net (fo=1, routed)           0.297    20.901    sys_clk
    BUFGCE_X1Y289        BUFGCE (Prop_BUFCE_BUFGCE_I_O)
                                                      0.024    20.925 r  sys_clk_BUFGCE_inst/O
                         net (fo=19, routed)          0.876    21.801    i_clkwiz/inst/clk_in1
    MMCM_X1Y11           MMCME4_ADV (Prop_MMCM_CLKIN1_CLKOUT0)
                                                      0.630    22.431 r  i_clkwiz/inst/mmcme4_adv_inst/CLKOUT0
                         net (fo=1, routed)           0.214    22.645    i_clkwiz/inst/clk_50_clkwiz
    BUFGCE_X1Y266        BUFGCE (Prop_BUFCE_BUFGCE_I_O)
                                                      0.024    22.669 r  i_clkwiz/inst/clkout1_buf/O
    X2Y7 (CLOCK_ROOT)    net (fo=199676, routed)      3.307    25.976    i_cheshire_soc/i_dbg_dmi_jtag/clk_i
    SLICE_X48Y601        FDPE                                         r  i_cheshire_soc/i_dbg_dmi_jtag/fpga_tms_sync_q_reg[0]/C
                         clock pessimism              0.000    25.976    
                         inter-SLR compensation      -0.896    25.080    
                         clock uncertainty           -0.234    24.846    
    SLICE_X48Y601        FDPE (Setup_DFF2_SLICEL_C_D)
                                                      0.025    24.871    i_cheshire_soc/i_dbg_dmi_jtag/fpga_tms_sync_q_reg[0]
  -------------------------------------------------------------------
                         required time                         24.871    
                         arrival time                         -12.448    
  -------------------------------------------------------------------
                         slack                                 12.423    





Min Delay Paths
--------------------------------------------------------------------------------------
Slack (MET) :             0.430ns  (arrival time - required time)
  Source:                 uart_rx_i
                            (input port clocked by ara_async_pad  {rise@0.000ns fall@500.000ns period=1000.000ns})
  Destination:            i_cheshire_soc/gen_uart.i_uart/i_apb_uart/UART_IS_SIN/iD_reg[0]/D
                            (rising edge-triggered cell FDCE clocked by clk_50_clkwiz  {rise@0.000ns fall@10.000ns period=20.000ns})
  Path Group:             clk_50_clkwiz
  Path Type:              Hold (Min at Slow Process Corner)
  Requirement:            0.000ns  (clk_50_clkwiz rise@0.000ns - ara_async_pad rise@0.000ns)
  Data Path Delay:        7.625ns  (logic 0.312ns (4.094%)  route 7.313ns (95.906%))
  Logic Levels:           2  (IBUFCTRL=1 INBUF=1)
  Input Delay:            0.000ns
  Clock Path Skew:        5.756ns (DCD - SCD - CPR)
    Destination Clock Delay (DCD):    5.756ns
    Source Clock Delay      (SCD):    0.000ns
    Clock Pessimism Removal (CPR):    -0.000ns
  Clock Uncertainty:      0.234ns  ((TSJ^2 + DJ^2)^1/2) / 2 + PE
    Total System Jitter     (TSJ):    0.050ns
    Discrete Jitter          (DJ):    0.150ns
    Phase Error              (PE):    0.155ns
  Inter-SLR Compensation: 1.144ns  (DPD * PF)
    Data Path Delay         (DPD):    7.625ns
    Prorating Factor         (PF):    0.150
  Clock Net Delay (Destination): 3.532ns (routing 1.870ns, distribution 1.662ns)
  Clock Domain Crossing:  Inter clock paths are considered valid unless explicitly excluded by timing constraints such as set_clock_groups or set_false_path.

    Location             Delay type                Incr(ns)  Path(ns)    Netlist Resource(s)
  -------------------------------------------------------------------    -------------------
                         (clock ara_async_pad rise edge)
                                                      0.000     0.000 r  
                         ideal clock network latency
                                                      0.000     0.000    
                         input delay                  0.000     0.000    
    AW25                                              0.000     0.000 r  uart_rx_i (IN)
                         net (fo=0)                   0.000     0.000    uart_rx_i_IBUF_inst/I
    AW25                 INBUF (Prop_INBUF_HPIOB_M_PAD_O)
                                                      0.312     0.312 r  uart_rx_i_IBUF_inst/INBUF_INST/O
                         net (fo=1, routed)           0.000     0.312    uart_rx_i_IBUF_inst/OUT
    AW25                 IBUFCTRL (Prop_IBUFCTRL_HPIOB_M_I_O)
                                                      0.000     0.312 r  uart_rx_i_IBUF_inst/IBUFCTRL_INST/O
                         net (fo=1, routed)           7.313     7.625    i_cheshire_soc/gen_uart.i_uart/i_apb_uart/UART_IS_SIN/D
    SLR Crossing[1->2]   
    SLICE_X55Y697        FDCE                                         r  i_cheshire_soc/gen_uart.i_uart/i_apb_uart/UART_IS_SIN/iD_reg[0]/D
  -------------------------------------------------------------------    -------------------

                         (clock clk_50_clkwiz rise edge)
                                                      0.000     0.000 r  
    E12                                               0.000     0.000 r  sys_clk_p (IN)
                         net (fo=0)                   0.000     0.000    i_bufds_sys_clk/I
    HPIOBDIFFINBUF_X1Y300
                         DIFFINBUF (Prop_DIFFINBUF_HPIOBDIFFINBUF_DIFF_IN_P_O)
                                                      0.675     0.675 r  i_bufds_sys_clk/DIFFINBUF_INST/O
                         net (fo=1, routed)           0.050     0.725    i_bufds_sys_clk/OUT
    E12                  IBUFCTRL (Prop_IBUFCTRL_HPIOB_M_I_O)
                                                      0.000     0.725 r  i_bufds_sys_clk/IBUFCTRL_INST/O
                         net (fo=1, routed)           0.335     1.060    sys_clk
    BUFGCE_X1Y289        BUFGCE (Prop_BUFCE_BUFGCE_I_O)
                                                      0.028     1.088 r  sys_clk_BUFGCE_inst/O
                         net (fo=19, routed)          0.991     2.079    i_clkwiz/inst/clk_in1
    MMCM_X1Y11           MMCME4_ADV (Prop_MMCM_CLKIN1_CLKOUT0)
                                                     -0.127     1.952 r  i_clkwiz/inst/mmcme4_adv_inst/CLKOUT0
                         net (fo=1, routed)           0.244     2.196    i_clkwiz/inst/clk_50_clkwiz
    BUFGCE_X1Y266        BUFGCE (Prop_BUFCE_BUFGCE_I_O)
                                                      0.028     2.224 r  i_clkwiz/inst/clkout1_buf/O
    X2Y7 (CLOCK_ROOT)    net (fo=199676, routed)      3.532     5.756    i_cheshire_soc/gen_uart.i_uart/i_apb_uart/UART_IS_SIN/CLK
    SLICE_X55Y697        FDCE                                         r  i_cheshire_soc/gen_uart.i_uart/i_apb_uart/UART_IS_SIN/iD_reg[0]/C
                         clock pessimism              0.000     5.756    
                         inter-SLR compensation       1.144     6.899    
                         clock uncertainty            0.234     7.133    
    SLICE_X55Y697        FDCE (Hold_DFF2_SLICEL_C_D)
                                                      0.062     7.195    i_cheshire_soc/gen_uart.i_uart/i_apb_uart/UART_IS_SIN/iD_reg[0]
  -------------------------------------------------------------------
                         required time                         -7.195    
                         arrival time                           7.625    
  -------------------------------------------------------------------
                         slack                                  0.430    





---------------------------------------------------------------------------------------------------
From Clock:  dbg_hub/inst/BSCANID.u_xsdbm_id/SWITCH_N_EXT_BSCAN.bscan_inst/SERIES7_BSCAN.bscan_inst/INTERNAL_TCK
  To Clock:  clk_50_clkwiz

Setup :            0  Failing Endpoints,  Worst Slack       49.454ns,  Total Violation        0.000ns
Hold  :           NA  Failing Endpoints,  Worst Slack           NA  ,  Total Violation           NA
---------------------------------------------------------------------------------------------------


Max Delay Paths
--------------------------------------------------------------------------------------
Slack (MET) :             49.454ns  (required time - arrival time)
  Source:                 dbg_hub/inst/BSCANID.u_xsdbm_id/CORE_XSDB.UUT_MASTER/U_ICON_INTERFACE/U_CMD6_RD/U_RD_FIFO/SUBCORE_FIFO.xsdbm_v3_0_0_rdfifo_inst/inst_fifo_gen/gconvfifo.rf/grf.rf/gntv_or_sync_fifo.gcx.clkx/gnxpm_cdc.rd_pntr_gc_reg[2]/C
                            (rising edge-triggered cell FDCE clocked by dbg_hub/inst/BSCANID.u_xsdbm_id/SWITCH_N_EXT_BSCAN.bscan_inst/SERIES7_BSCAN.bscan_inst/INTERNAL_TCK  {rise@0.000ns fall@25.000ns period=50.000ns})
  Destination:            dbg_hub/inst/BSCANID.u_xsdbm_id/CORE_XSDB.UUT_MASTER/U_ICON_INTERFACE/U_CMD6_RD/U_RD_FIFO/SUBCORE_FIFO.xsdbm_v3_0_0_rdfifo_inst/inst_fifo_gen/gconvfifo.rf/grf.rf/gntv_or_sync_fifo.gcx.clkx/gnxpm_cdc.gsync_stage[1].wr_stg_inst/Q_reg_reg[2]/D
                            (rising edge-triggered cell FDCE clocked by clk_50_clkwiz  {rise@0.000ns fall@10.000ns period=20.000ns})
  Path Group:             clk_50_clkwiz
  Path Type:              Setup (Max at Slow Process Corner)
  Requirement:            50.000ns  (MaxDelay Path 50.000ns)
  Data Path Delay:        0.571ns  (logic 0.076ns (13.310%)  route 0.495ns (86.690%))
  Logic Levels:           0  
  Timing Exception:       MaxDelay Path 50.000ns -datapath_only

    Location             Delay type                Incr(ns)  Path(ns)    Netlist Resource(s)
  -------------------------------------------------------------------    -------------------
    SLICE_X108Y608                                    0.000     0.000 r  dbg_hub/inst/BSCANID.u_xsdbm_id/CORE_XSDB.UUT_MASTER/U_ICON_INTERFACE/U_CMD6_RD/U_RD_FIFO/SUBCORE_FIFO.xsdbm_v3_0_0_rdfifo_inst/inst_fifo_gen/gconvfifo.rf/grf.rf/gntv_or_sync_fifo.gcx.clkx/gnxpm_cdc.rd_pntr_gc_reg[2]/C
    SLICE_X108Y608       FDCE (Prop_EFF_SLICEM_C_Q)
                                                      0.076     0.076 r  dbg_hub/inst/BSCANID.u_xsdbm_id/CORE_XSDB.UUT_MASTER/U_ICON_INTERFACE/U_CMD6_RD/U_RD_FIFO/SUBCORE_FIFO.xsdbm_v3_0_0_rdfifo_inst/inst_fifo_gen/gconvfifo.rf/grf.rf/gntv_or_sync_fifo.gcx.clkx/gnxpm_cdc.rd_pntr_gc_reg[2]/Q
                         net (fo=1, routed)           0.495     0.571    dbg_hub/inst/BSCANID.u_xsdbm_id/CORE_XSDB.UUT_MASTER/U_ICON_INTERFACE/U_CMD6_RD/U_RD_FIFO/SUBCORE_FIFO.xsdbm_v3_0_0_rdfifo_inst/inst_fifo_gen/gconvfifo.rf/grf.rf/gntv_or_sync_fifo.gcx.clkx/gnxpm_cdc.gsync_stage[1].wr_stg_inst/Q[2]
    SLICE_X108Y608       FDCE                                         r  dbg_hub/inst/BSCANID.u_xsdbm_id/CORE_XSDB.UUT_MASTER/U_ICON_INTERFACE/U_CMD6_RD/U_RD_FIFO/SUBCORE_FIFO.xsdbm_v3_0_0_rdfifo_inst/inst_fifo_gen/gconvfifo.rf/grf.rf/gntv_or_sync_fifo.gcx.clkx/gnxpm_cdc.gsync_stage[1].wr_stg_inst/Q_reg_reg[2]/D
  -------------------------------------------------------------------    -------------------

                         max delay                   50.000    50.000    
    SLICE_X108Y608       FDCE (Setup_DFF2_SLICEM_C_D)
                                                      0.025    50.025    dbg_hub/inst/BSCANID.u_xsdbm_id/CORE_XSDB.UUT_MASTER/U_ICON_INTERFACE/U_CMD6_RD/U_RD_FIFO/SUBCORE_FIFO.xsdbm_v3_0_0_rdfifo_inst/inst_fifo_gen/gconvfifo.rf/grf.rf/gntv_or_sync_fifo.gcx.clkx/gnxpm_cdc.gsync_stage[1].wr_stg_inst/Q_reg_reg[2]
  -------------------------------------------------------------------
                         required time                         50.025    
                         arrival time                          -0.571    
  -------------------------------------------------------------------
                         slack                                 49.454    





---------------------------------------------------------------------------------------------------
From Clock:  mmcm_clkout0
  To Clock:  clk_50_clkwiz

Setup :            0  Failing Endpoints,  Worst Slack        0.650ns,  Total Violation        0.000ns
Hold  :            0  Failing Endpoints,  Worst Slack        0.038ns,  Total Violation        0.000ns
---------------------------------------------------------------------------------------------------


Max Delay Paths
--------------------------------------------------------------------------------------
Slack (MET) :             0.650ns  (required time - arrival time)
  Source:                 i_dram_wrapper/gen_cdc.i_axi_cdc_mig/i_axi_cdc_dst/i_cdc_fifo_gray_src_r/gen_fpga_write.gen_slice[0].gen_word[20].word_q_reg[31]/C
                            (rising edge-triggered cell FDCE clocked by mmcm_clkout0  {rise@0.000ns fall@1.667ns period=3.333ns})
  Destination:            i_dram_wrapper/gen_cdc.i_axi_cdc_mig/i_axi_cdc_src/i_cdc_fifo_gray_dst_r/i_spill_register/spill_register_flushable_i/gen_spill_reg.a_data_q_reg[data][26]/D
                            (rising edge-triggered cell FDCE clocked by clk_50_clkwiz  {rise@0.000ns fall@10.000ns period=20.000ns})
  Path Group:             clk_50_clkwiz
  Path Type:              Setup (Max at Slow Process Corner)
  Requirement:            3.000ns  (MaxDelay Path 3.000ns)
  Data Path Delay:        2.375ns  (logic 0.382ns (16.084%)  route 1.993ns (83.916%))
  Logic Levels:           3  (LUT4=1 LUT6=2)
  Timing Exception:       MaxDelay Path 3.000ns -datapath_only

    Location             Delay type                Incr(ns)  Path(ns)    Netlist Resource(s)
  -------------------------------------------------------------------    -------------------
    SLICE_X88Y668                                     0.000     0.000 r  i_dram_wrapper/gen_cdc.i_axi_cdc_mig/i_axi_cdc_dst/i_cdc_fifo_gray_src_r/gen_fpga_write.gen_slice[0].gen_word[20].word_q_reg[31]/C
    SLICE_X88Y668        FDCE (Prop_GFF2_SLICEM_C_Q)
                                                      0.079     0.079 r  i_dram_wrapper/gen_cdc.i_axi_cdc_mig/i_axi_cdc_dst/i_cdc_fifo_gray_src_r/gen_fpga_write.gen_slice[0].gen_word[20].word_q_reg[31]/Q
                         net (fo=1, routed)           1.025     1.104    i_dram_wrapper/gen_cdc.i_axi_cdc_mig/i_axi_cdc_src/i_cdc_fifo_gray_dst_r/async_data_i[20][data][26]
    SLICE_X96Y646        LUT6 (Prop_F6LUT_SLICEL_I2_O)
                                                      0.035     1.139 r  i_dram_wrapper/gen_cdc.i_axi_cdc_mig/i_axi_cdc_src/i_cdc_fifo_gray_dst_r/i_spill_register_i_6530/O
                         net (fo=1, routed)           0.608     1.747    i_dram_wrapper/gen_cdc.i_axi_cdc_mig/i_axi_cdc_src/i_cdc_fifo_gray_dst_r/i_spill_register_i_6530_n_0
    SLICE_X96Y670        LUT6 (Prop_D6LUT_SLICEL_I4_O)
                                                      0.122     1.869 r  i_dram_wrapper/gen_cdc.i_axi_cdc_mig/i_axi_cdc_src/i_cdc_fifo_gray_dst_r/i_spill_register_i_2487/O
                         net (fo=1, routed)           0.310     2.179    i_dram_wrapper/gen_cdc.i_axi_cdc_mig/i_axi_cdc_src/i_cdc_fifo_gray_dst_r/i_spill_register_i_2487_n_0
    SLICE_X96Y682        LUT4 (Prop_C6LUT_SLICEL_I3_O)
                                                      0.146     2.325 r  i_dram_wrapper/gen_cdc.i_axi_cdc_mig/i_axi_cdc_src/i_cdc_fifo_gray_dst_r/i_spill_register_i_492/O
                         net (fo=1, routed)           0.050     2.375    i_dram_wrapper/gen_cdc.i_axi_cdc_mig/i_axi_cdc_src/i_cdc_fifo_gray_dst_r/i_spill_register/spill_register_flushable_i/data_i[data][26]
    SLICE_X96Y682        FDCE                                         r  i_dram_wrapper/gen_cdc.i_axi_cdc_mig/i_axi_cdc_src/i_cdc_fifo_gray_dst_r/i_spill_register/spill_register_flushable_i/gen_spill_reg.a_data_q_reg[data][26]/D
  -------------------------------------------------------------------    -------------------

                         max delay                    3.000     3.000    
    SLICE_X96Y682        FDCE (Setup_CFF_SLICEL_C_D)
                                                      0.025     3.025    i_dram_wrapper/gen_cdc.i_axi_cdc_mig/i_axi_cdc_src/i_cdc_fifo_gray_dst_r/i_spill_register/spill_register_flushable_i/gen_spill_reg.a_data_q_reg[data][26]
  -------------------------------------------------------------------
                         required time                          3.025    
                         arrival time                          -2.375    
  -------------------------------------------------------------------
                         slack                                  0.650    





Min Delay Paths
--------------------------------------------------------------------------------------
Slack (MET) :             0.038ns  (arrival time - required time)
  Source:                 i_dram_wrapper/gen_cdc.i_axi_cdc_mig/i_axi_cdc_dst/i_cdc_fifo_gray_dst_aw/rptr_q_reg[2]/C
                            (rising edge-triggered cell FDCE clocked by mmcm_clkout0  {rise@0.000ns fall@1.667ns period=3.333ns})
  Destination:            i_dram_wrapper/gen_cdc.i_axi_cdc_mig/i_axi_cdc_src/i_cdc_fifo_gray_src_aw/gen_sync[2].i_sync/reg_q_reg[0]/D
                            (rising edge-triggered cell FDCE clocked by clk_50_clkwiz  {rise@0.000ns fall@10.000ns period=20.000ns})
  Path Group:             clk_50_clkwiz
  Path Type:              Hold (Min at Slow Process Corner)
  Requirement:            0.000ns  (clk_50_clkwiz rise@0.000ns - mmcm_clkout0 rise@0.000ns)
  Data Path Delay:        1.602ns  (logic 0.059ns (3.683%)  route 1.543ns (96.317%))
  Logic Levels:           0  
  Clock Path Skew:        1.212ns (DCD - SCD - CPR)
    Destination Clock Delay (DCD):    5.986ns
    Source Clock Delay      (SCD):    4.595ns
    Clock Pessimism Removal (CPR):    0.178ns
  Clock Uncertainty:      0.290ns  ((TSJ^2 + DJ^2)^1/2) / 2 + PE
    Total System Jitter     (TSJ):    0.071ns
    Discrete Jitter          (DJ):    0.227ns
    Phase Error              (PE):    0.171ns
  Clock Net Delay (Source):      2.007ns (routing 0.777ns, distribution 1.230ns)
  Clock Net Delay (Destination): 3.762ns (routing 1.870ns, distribution 1.892ns)

    Location             Delay type                Incr(ns)  Path(ns)    Netlist Resource(s)
  -------------------------------------------------------------------    -------------------
                         (clock mmcm_clkout0 rise edge)
                                                      0.000     0.000 r  
    E12                                               0.000     0.000 r  sys_clk_p (IN)
                         net (fo=0)                   0.000     0.000    i_bufds_sys_clk/I
    HPIOBDIFFINBUF_X1Y300
                         DIFFINBUF (Prop_DIFFINBUF_HPIOBDIFFINBUF_DIFF_IN_P_O)
                                                      0.564     0.564 r  i_bufds_sys_clk/DIFFINBUF_INST/O
                         net (fo=1, routed)           0.040     0.604    i_bufds_sys_clk/OUT
    E12                  IBUFCTRL (Prop_IBUFCTRL_HPIOB_M_I_O)
                                                      0.000     0.604 r  i_bufds_sys_clk/IBUFCTRL_INST/O
                         net (fo=1, routed)           0.297     0.901    sys_clk
    BUFGCE_X1Y289        BUFGCE (Prop_BUFCE_BUFGCE_I_O)
                                                      0.024     0.925 r  sys_clk_BUFGCE_inst/O
                         net (fo=19, routed)          0.795     1.720    i_dram_wrapper/i_dram/inst/u_ddr4_infrastructure/mmcm_clk_in
    MMCM_X1Y13           MMCME4_ADV (Prop_MMCM_CLKIN1_CLKOUT0)
                                                      0.630     2.350 r  i_dram_wrapper/i_dram/inst/u_ddr4_infrastructure/gen_mmcme4.u_mmcme_adv_inst/CLKOUT0
                         net (fo=1, routed)           0.214     2.564    i_dram_wrapper/i_dram/inst/u_ddr4_infrastructure/mmcm_clkout0
    BUFGCE_X1Y332        BUFGCE (Prop_BUFCE_BUFGCE_I_O)
                                                      0.024     2.588 r  i_dram_wrapper/i_dram/inst/u_ddr4_infrastructure/u_bufg_divClk/O
    X4Y12 (CLOCK_ROOT)   net (fo=36893, routed)       2.007     4.595    i_dram_wrapper/gen_cdc.i_axi_cdc_mig/i_axi_cdc_dst/i_cdc_fifo_gray_dst_aw/dst_clk_i
    SLICE_X111Y699       FDCE                                         r  i_dram_wrapper/gen_cdc.i_axi_cdc_mig/i_axi_cdc_dst/i_cdc_fifo_gray_dst_aw/rptr_q_reg[2]/C
  -------------------------------------------------------------------    -------------------
    SLICE_X111Y699       FDCE (Prop_GFF_SLICEL_C_Q)
                                                      0.059     4.654 r  i_dram_wrapper/gen_cdc.i_axi_cdc_mig/i_axi_cdc_dst/i_cdc_fifo_gray_dst_aw/rptr_q_reg[2]/Q
                         net (fo=4, routed)           1.543     6.197    i_dram_wrapper/gen_cdc.i_axi_cdc_mig/i_axi_cdc_src/i_cdc_fifo_gray_src_aw/gen_sync[2].i_sync/serial_i
    SLICE_X111Y700       FDCE                                         r  i_dram_wrapper/gen_cdc.i_axi_cdc_mig/i_axi_cdc_src/i_cdc_fifo_gray_src_aw/gen_sync[2].i_sync/reg_q_reg[0]/D
  -------------------------------------------------------------------    -------------------

                         (clock clk_50_clkwiz rise edge)
                                                      0.000     0.000 r  
    E12                                               0.000     0.000 r  sys_clk_p (IN)
                         net (fo=0)                   0.000     0.000    i_bufds_sys_clk/I
    HPIOBDIFFINBUF_X1Y300
                         DIFFINBUF (Prop_DIFFINBUF_HPIOBDIFFINBUF_DIFF_IN_P_O)
                                                      0.675     0.675 r  i_bufds_sys_clk/DIFFINBUF_INST/O
                         net (fo=1, routed)           0.050     0.725    i_bufds_sys_clk/OUT
    E12                  IBUFCTRL (Prop_IBUFCTRL_HPIOB_M_I_O)
                                                      0.000     0.725 r  i_bufds_sys_clk/IBUFCTRL_INST/O
                         net (fo=1, routed)           0.335     1.060    sys_clk
    BUFGCE_X1Y289        BUFGCE (Prop_BUFCE_BUFGCE_I_O)
                                                      0.028     1.088 r  sys_clk_BUFGCE_inst/O
                         net (fo=19, routed)          0.991     2.079    i_clkwiz/inst/clk_in1
    MMCM_X1Y11           MMCME4_ADV (Prop_MMCM_CLKIN1_CLKOUT0)
                                                     -0.127     1.952 r  i_clkwiz/inst/mmcme4_adv_inst/CLKOUT0
                         net (fo=1, routed)           0.244     2.196    i_clkwiz/inst/clk_50_clkwiz
    BUFGCE_X1Y266        BUFGCE (Prop_BUFCE_BUFGCE_I_O)
                                                      0.028     2.224 r  i_clkwiz/inst/clkout1_buf/O
    X2Y7 (CLOCK_ROOT)    net (fo=199676, routed)      3.762     5.986    i_dram_wrapper/gen_cdc.i_axi_cdc_mig/i_axi_cdc_src/i_cdc_fifo_gray_src_aw/gen_sync[2].i_sync/clk_i
    SLICE_X111Y700       FDCE                                         r  i_dram_wrapper/gen_cdc.i_axi_cdc_mig/i_axi_cdc_src/i_cdc_fifo_gray_src_aw/gen_sync[2].i_sync/reg_q_reg[0]/C
                         clock pessimism             -0.178     5.807    
                         clock uncertainty            0.290     6.097    
    SLICE_X111Y700       FDCE (Hold_DFF2_SLICEL_C_D)
                                                      0.062     6.159    i_dram_wrapper/gen_cdc.i_axi_cdc_mig/i_axi_cdc_src/i_cdc_fifo_gray_src_aw/gen_sync[2].i_sync/reg_q_reg[0]
  -------------------------------------------------------------------
                         required time                         -6.159    
                         arrival time                           6.197    
  -------------------------------------------------------------------
                         slack                                  0.038    





---------------------------------------------------------------------------------------------------
From Clock:  clk_50_clkwiz
  To Clock:  mmcm_clkout0

Setup :            0  Failing Endpoints,  Worst Slack        0.553ns,  Total Violation        0.000ns
Hold  :            0  Failing Endpoints,  Worst Slack        0.881ns,  Total Violation        0.000ns
---------------------------------------------------------------------------------------------------


Max Delay Paths
--------------------------------------------------------------------------------------
Slack (MET) :             0.553ns  (required time - arrival time)
  Source:                 i_dram_wrapper/gen_cdc.i_axi_cdc_mig/i_axi_cdc_src/i_cdc_fifo_gray_src_w/gen_fpga_write.gen_slice[8].gen_word[14].word_q_reg[47]/C
                            (rising edge-triggered cell FDCE clocked by clk_50_clkwiz  {rise@0.000ns fall@10.000ns period=20.000ns})
  Destination:            i_dram_wrapper/gen_cdc.i_axi_cdc_mig/i_axi_cdc_dst/i_cdc_fifo_gray_dst_w/i_spill_register/spill_register_flushable_i/gen_spill_reg.a_data_q_reg[data][492]/D
                            (rising edge-triggered cell FDCE clocked by mmcm_clkout0  {rise@0.000ns fall@1.667ns period=3.333ns})
  Path Group:             mmcm_clkout0
  Path Type:              Setup (Max at Slow Process Corner)
  Requirement:            3.000ns  (MaxDelay Path 3.000ns)
  Data Path Delay:        2.472ns  (logic 0.448ns (18.123%)  route 2.024ns (81.877%))
  Logic Levels:           3  (LUT4=1 LUT6=2)
  Timing Exception:       MaxDelay Path 3.000ns -datapath_only

    Location             Delay type                Incr(ns)  Path(ns)    Netlist Resource(s)
  -------------------------------------------------------------------    -------------------
    SLICE_X87Y652                                     0.000     0.000 r  i_dram_wrapper/gen_cdc.i_axi_cdc_mig/i_axi_cdc_src/i_cdc_fifo_gray_src_w/gen_fpga_write.gen_slice[8].gen_word[14].word_q_reg[47]/C
    SLICE_X87Y652        FDCE (Prop_CFF2_SLICEM_C_Q)
                                                      0.077     0.077 r  i_dram_wrapper/gen_cdc.i_axi_cdc_mig/i_axi_cdc_src/i_cdc_fifo_gray_src_w/gen_fpga_write.gen_slice[8].gen_word[14].word_q_reg[47]/Q
                         net (fo=1, routed)           0.475     0.552    i_dram_wrapper/gen_cdc.i_axi_cdc_mig/i_axi_cdc_dst/i_cdc_fifo_gray_dst_w/async_data_i[14][data][492]
    SLICE_X87Y652        LUT6 (Prop_H6LUT_SLICEM_I2_O)
                                                      0.152     0.704 r  i_dram_wrapper/gen_cdc.i_axi_cdc_mig/i_axi_cdc_dst/i_cdc_fifo_gray_dst_w/i_spill_register_i_3046/O
                         net (fo=1, routed)           0.283     0.987    i_dram_wrapper/gen_cdc.i_axi_cdc_mig/i_axi_cdc_dst/i_cdc_fifo_gray_dst_w/i_spill_register_i_3046_n_0
    SLICE_X91Y651        LUT6 (Prop_F6LUT_SLICEL_I3_O)
                                                      0.097     1.084 r  i_dram_wrapper/gen_cdc.i_axi_cdc_mig/i_axi_cdc_dst/i_cdc_fifo_gray_dst_w/i_spill_register_i_660/O
                         net (fo=1, routed)           1.194     2.278    i_dram_wrapper/gen_cdc.i_axi_cdc_mig/i_axi_cdc_dst/i_cdc_fifo_gray_dst_w/i_spill_register_i_660_n_0
    SLICE_X97Y767        LUT4 (Prop_D6LUT_SLICEM_I3_O)
                                                      0.122     2.400 r  i_dram_wrapper/gen_cdc.i_axi_cdc_mig/i_axi_cdc_dst/i_cdc_fifo_gray_dst_w/i_spill_register_i_21/O
                         net (fo=1, routed)           0.072     2.472    i_dram_wrapper/gen_cdc.i_axi_cdc_mig/i_axi_cdc_dst/i_cdc_fifo_gray_dst_w/i_spill_register/spill_register_flushable_i/data_i[data][492]
    SLICE_X97Y767        FDCE                                         r  i_dram_wrapper/gen_cdc.i_axi_cdc_mig/i_axi_cdc_dst/i_cdc_fifo_gray_dst_w/i_spill_register/spill_register_flushable_i/gen_spill_reg.a_data_q_reg[data][492]/D
  -------------------------------------------------------------------    -------------------

                         max delay                    3.000     3.000    
    SLICE_X97Y767        FDCE (Setup_DFF_SLICEM_C_D)
                                                      0.025     3.025    i_dram_wrapper/gen_cdc.i_axi_cdc_mig/i_axi_cdc_dst/i_cdc_fifo_gray_dst_w/i_spill_register/spill_register_flushable_i/gen_spill_reg.a_data_q_reg[data][492]
  -------------------------------------------------------------------
                         required time                          3.025    
                         arrival time                          -2.472    
  -------------------------------------------------------------------
                         slack                                  0.553    





Min Delay Paths
--------------------------------------------------------------------------------------
Slack (MET) :             0.881ns  (arrival time - required time)
  Source:                 i_dram_wrapper/gen_cdc.i_axi_cdc_mig/i_axi_cdc_src/i_cdc_fifo_gray_src_ar/wptr_q_reg[3]/C
                            (rising edge-triggered cell FDCE clocked by clk_50_clkwiz  {rise@0.000ns fall@10.000ns period=20.000ns})
  Destination:            i_dram_wrapper/gen_cdc.i_axi_cdc_mig/i_axi_cdc_dst/i_cdc_fifo_gray_dst_ar/gen_sync[3].i_sync/reg_q_reg[0]/D
                            (rising edge-triggered cell FDCE clocked by mmcm_clkout0  {rise@0.000ns fall@1.667ns period=3.333ns})
  Path Group:             mmcm_clkout0
  Path Type:              Hold (Min at Fast Process Corner)
  Requirement:            0.000ns  (mmcm_clkout0 rise@0.000ns - clk_50_clkwiz rise@0.000ns)
  Data Path Delay:        0.146ns  (logic 0.041ns (28.082%)  route 0.105ns (71.918%))
  Logic Levels:           0  
  Clock Path Skew:        -1.072ns (DCD - SCD - CPR)
    Destination Clock Delay (DCD):    2.576ns
    Source Clock Delay      (SCD):    3.485ns
    Clock Pessimism Removal (CPR):    0.162ns
  Clock Uncertainty:      0.290ns  ((TSJ^2 + DJ^2)^1/2) / 2 + PE
    Total System Jitter     (TSJ):    0.071ns
    Discrete Jitter          (DJ):    0.227ns
    Phase Error              (PE):    0.171ns
  Clock Net Delay (Source):      1.994ns (routing 1.022ns, distribution 0.972ns)
  Clock Net Delay (Destination): 1.422ns (routing 0.521ns, distribution 0.901ns)

    Location             Delay type                Incr(ns)  Path(ns)    Netlist Resource(s)
  -------------------------------------------------------------------    -------------------
                         (clock clk_50_clkwiz rise edge)
                                                      0.000     0.000 r  
    E12                                               0.000     0.000 r  sys_clk_p (IN)
                         net (fo=0)                   0.000     0.000    i_bufds_sys_clk/I
    HPIOBDIFFINBUF_X1Y300
                         DIFFINBUF (Prop_DIFFINBUF_HPIOBDIFFINBUF_DIFF_IN_P_O)
                                                      0.340     0.340 r  i_bufds_sys_clk/DIFFINBUF_INST/O
                         net (fo=1, routed)           0.040     0.380    i_bufds_sys_clk/OUT
    E12                  IBUFCTRL (Prop_IBUFCTRL_HPIOB_M_I_O)
                                                      0.000     0.380 r  i_bufds_sys_clk/IBUFCTRL_INST/O
                         net (fo=1, routed)           0.150     0.530    sys_clk
    BUFGCE_X1Y289        BUFGCE (Prop_BUFCE_BUFGCE_I_O)
                                                      0.017     0.547 r  sys_clk_BUFGCE_inst/O
                         net (fo=19, routed)          0.552     1.099    i_clkwiz/inst/clk_in1
    MMCM_X1Y11           MMCME4_ADV (Prop_MMCM_CLKIN1_CLKOUT0)
                                                      0.230     1.329 r  i_clkwiz/inst/mmcme4_adv_inst/CLKOUT0
                         net (fo=1, routed)           0.145     1.474    i_clkwiz/inst/clk_50_clkwiz
    BUFGCE_X1Y266        BUFGCE (Prop_BUFCE_BUFGCE_I_O)
                                                      0.017     1.491 r  i_clkwiz/inst/clkout1_buf/O
    X2Y7 (CLOCK_ROOT)    net (fo=199676, routed)      1.994     3.485    i_dram_wrapper/gen_cdc.i_axi_cdc_mig/i_axi_cdc_src/i_cdc_fifo_gray_src_ar/src_clk_i
    SLICE_X86Y738        FDCE                                         r  i_dram_wrapper/gen_cdc.i_axi_cdc_mig/i_axi_cdc_src/i_cdc_fifo_gray_src_ar/wptr_q_reg[3]/C
  -------------------------------------------------------------------    -------------------
    SLICE_X86Y738        FDCE (Prop_DFF2_SLICEL_C_Q)
                                                      0.041     3.526 r  i_dram_wrapper/gen_cdc.i_axi_cdc_mig/i_axi_cdc_src/i_cdc_fifo_gray_src_ar/wptr_q_reg[3]/Q
                         net (fo=5, routed)           0.105     3.631    i_dram_wrapper/gen_cdc.i_axi_cdc_mig/i_axi_cdc_dst/i_cdc_fifo_gray_dst_ar/gen_sync[3].i_sync/serial_i
    SLICE_X90Y738        FDCE                                         r  i_dram_wrapper/gen_cdc.i_axi_cdc_mig/i_axi_cdc_dst/i_cdc_fifo_gray_dst_ar/gen_sync[3].i_sync/reg_q_reg[0]/D
  -------------------------------------------------------------------    -------------------

                         (clock mmcm_clkout0 rise edge)
                                                      0.000     0.000 r  
    E12                                               0.000     0.000 r  sys_clk_p (IN)
                         net (fo=0)                   0.000     0.000    i_bufds_sys_clk/I
    HPIOBDIFFINBUF_X1Y300
                         DIFFINBUF (Prop_DIFFINBUF_HPIOBDIFFINBUF_DIFF_IN_P_O)
                                                      0.446     0.446 r  i_bufds_sys_clk/DIFFINBUF_INST/O
                         net (fo=1, routed)           0.050     0.496    i_bufds_sys_clk/OUT
    E12                  IBUFCTRL (Prop_IBUFCTRL_HPIOB_M_I_O)
                                                      0.000     0.496 r  i_bufds_sys_clk/IBUFCTRL_INST/O
                         net (fo=1, routed)           0.183     0.679    sys_clk
    BUFGCE_X1Y289        BUFGCE (Prop_BUFCE_BUFGCE_I_O)
                                                      0.019     0.698 r  sys_clk_BUFGCE_inst/O
                         net (fo=19, routed)          0.567     1.265    i_dram_wrapper/i_dram/inst/u_ddr4_infrastructure/mmcm_clk_in
    MMCM_X1Y13           MMCME4_ADV (Prop_MMCM_CLKIN1_CLKOUT0)
                                                     -0.295     0.970 r  i_dram_wrapper/i_dram/inst/u_ddr4_infrastructure/gen_mmcme4.u_mmcme_adv_inst/CLKOUT0
                         net (fo=1, routed)           0.165     1.135    i_dram_wrapper/i_dram/inst/u_ddr4_infrastructure/mmcm_clkout0
    BUFGCE_X1Y332        BUFGCE (Prop_BUFCE_BUFGCE_I_O)
                                                      0.019     1.154 r  i_dram_wrapper/i_dram/inst/u_ddr4_infrastructure/u_bufg_divClk/O
    X4Y12 (CLOCK_ROOT)   net (fo=36893, routed)       1.422     2.576    i_dram_wrapper/gen_cdc.i_axi_cdc_mig/i_axi_cdc_dst/i_cdc_fifo_gray_dst_ar/gen_sync[3].i_sync/clk_i
    SLICE_X90Y738        FDCE                                         r  i_dram_wrapper/gen_cdc.i_axi_cdc_mig/i_axi_cdc_dst/i_cdc_fifo_gray_dst_ar/gen_sync[3].i_sync/reg_q_reg[0]/C
                         clock pessimism             -0.162     2.413    
                         clock uncertainty            0.290     2.703    
    SLICE_X90Y738        FDCE (Hold_HFF2_SLICEM_C_D)
                                                      0.047     2.750    i_dram_wrapper/gen_cdc.i_axi_cdc_mig/i_axi_cdc_dst/i_cdc_fifo_gray_dst_ar/gen_sync[3].i_sync/reg_q_reg[0]
  -------------------------------------------------------------------
                         required time                         -2.750    
                         arrival time                           3.631    
  -------------------------------------------------------------------
                         slack                                  0.881    





---------------------------------------------------------------------------------------------------
From Clock:  mmcm_clkout6
  To Clock:  mmcm_clkout0

Setup :            0  Failing Endpoints,  Worst Slack        1.889ns,  Total Violation        0.000ns
Hold  :           NA  Failing Endpoints,  Worst Slack           NA  ,  Total Violation           NA
---------------------------------------------------------------------------------------------------


Max Delay Paths
--------------------------------------------------------------------------------------
Slack (MET) :             1.889ns  (required time - arrival time)
  Source:                 i_dram_wrapper/i_dram/inst/u_ddr4_mem_intfc/u_ddr_cal_riu/io_address_riuclk_reg[9]/C
                            (rising edge-triggered cell FDRE clocked by mmcm_clkout6  {rise@0.000ns fall@3.333ns period=6.667ns})
  Destination:            i_dram_wrapper/i_dram/inst/u_ddr4_mem_intfc/u_io_addr_sync/SYNC[9].sync_reg_reg[0]/D
                            (rising edge-triggered cell FDRE clocked by mmcm_clkout0  {rise@0.000ns fall@1.667ns period=3.333ns})
  Path Group:             mmcm_clkout0
  Path Type:              Setup (Max at Slow Process Corner)
  Requirement:            3.000ns  (MaxDelay Path 3.000ns)
  Data Path Delay:        1.136ns  (logic 0.081ns (7.130%)  route 1.055ns (92.870%))
  Logic Levels:           0  
  Timing Exception:       MaxDelay Path 3.000ns -datapath_only

    Location             Delay type                Incr(ns)  Path(ns)    Netlist Resource(s)
  -------------------------------------------------------------------    -------------------
    SLICE_X134Y848                                    0.000     0.000 r  i_dram_wrapper/i_dram/inst/u_ddr4_mem_intfc/u_ddr_cal_riu/io_address_riuclk_reg[9]/C
    SLICE_X134Y848       FDRE (Prop_DFF2_SLICEL_C_Q)
                                                      0.081     0.081 r  i_dram_wrapper/i_dram/inst/u_ddr4_mem_intfc/u_ddr_cal_riu/io_address_riuclk_reg[9]/Q
                         net (fo=50, routed)          1.055     1.136    i_dram_wrapper/i_dram/inst/u_ddr4_mem_intfc/u_io_addr_sync/SYNC[31].sync_reg_reg[0]_0[9]
    SLICE_X132Y830       FDRE                                         r  i_dram_wrapper/i_dram/inst/u_ddr4_mem_intfc/u_io_addr_sync/SYNC[9].sync_reg_reg[0]/D
  -------------------------------------------------------------------    -------------------

                         max delay                    3.000     3.000    
    SLICE_X132Y830       FDRE (Setup_CFF2_SLICEL_C_D)
                                                      0.025     3.025    i_dram_wrapper/i_dram/inst/u_ddr4_mem_intfc/u_io_addr_sync/SYNC[9].sync_reg_reg[0]
  -------------------------------------------------------------------
                         required time                          3.025    
                         arrival time                          -1.136    
  -------------------------------------------------------------------
                         slack                                  1.889    





---------------------------------------------------------------------------------------------------
From Clock:  mmcm_clkout0
  To Clock:  pll_clk[0]_DIV

Setup :            0  Failing Endpoints,  Worst Slack        0.529ns,  Total Violation        0.000ns
Hold  :            0  Failing Endpoints,  Worst Slack        0.650ns,  Total Violation        0.000ns
---------------------------------------------------------------------------------------------------


Max Delay Paths
--------------------------------------------------------------------------------------
Slack (MET) :             0.529ns  (required time - arrival time)
  Source:                 i_dram_wrapper/i_dram/inst/u_ddr4_mem_intfc/u_ddr_cal_top/u_ddr_mc_pi/u_ddr_mc_write/genByte[0].u_ddr_mc_wr_byte/genBit[3].u_ddr_mc_wr_bit/dReg_reg[5]/C
                            (rising edge-triggered cell FDRE clocked by mmcm_clkout0  {rise@0.000ns fall@1.667ns period=3.333ns})
  Destination:            i_dram_wrapper/i_dram/inst/u_ddr4_mem_intfc/u_mig_ddr4_phy/inst/generate_block1.u_ddr_xiphy/byte_num[0].xiphy_byte_wrapper.u_xiphy_byte_wrapper/I_BITSLICE_LOWER[5].GEN_RXTX_BITSLICE_EN.u_xiphy_bitslice_lower/xiphy_rxtx_bitslice/D[5]
                            (rising edge-triggered cell RXTX_BITSLICE clocked by pll_clk[0]_DIV  {rise@0.000ns fall@1.667ns period=3.333ns})
  Path Group:             pll_clk[0]_DIV
  Path Type:              Setup (Max at Slow Process Corner)
  Requirement:            3.333ns  (pll_clk[0]_DIV rise@3.333ns - mmcm_clkout0 rise@0.000ns)
  Data Path Delay:        2.085ns  (logic 0.079ns (3.789%)  route 2.006ns (96.211%))
  Logic Levels:           0  
  Clock Path Skew:        -0.554ns (DCD - SCD + CPR)
    Destination Clock Delay (DCD):    4.077ns = ( 7.410 - 3.333 ) 
    Source Clock Delay      (SCD):    4.249ns
    Clock Pessimism Removal (CPR):    -0.382ns
  Clock Uncertainty:      0.154ns  ((TSJ^2 + DJ^2)^1/2) / 2 + PE
    Total System Jitter     (TSJ):    0.071ns
    Discrete Jitter          (DJ):    0.064ns
    Phase Error              (PE):    0.106ns
  Clock Net Delay (Source):      2.115ns (routing 0.854ns, distribution 1.261ns)
  Clock Net Delay (Destination): 0.015ns (routing 0.015ns, distribution 0.000ns)

    Location             Delay type                Incr(ns)  Path(ns)    Netlist Resource(s)
  -------------------------------------------------------------------    -------------------
                         (clock mmcm_clkout0 rise edge)
                                                      0.000     0.000 r  
    E12                                               0.000     0.000 r  sys_clk_p (IN)
                         net (fo=0)                   0.000     0.000    i_bufds_sys_clk/I
    HPIOBDIFFINBUF_X1Y300
                         DIFFINBUF (Prop_DIFFINBUF_HPIOBDIFFINBUF_DIFF_IN_P_O)
                                                      0.675     0.675 r  i_bufds_sys_clk/DIFFINBUF_INST/O
                         net (fo=1, routed)           0.050     0.725    i_bufds_sys_clk/OUT
    E12                  IBUFCTRL (Prop_IBUFCTRL_HPIOB_M_I_O)
                                                      0.000     0.725 r  i_bufds_sys_clk/IBUFCTRL_INST/O
                         net (fo=1, routed)           0.335     1.060    sys_clk
    BUFGCE_X1Y289        BUFGCE (Prop_BUFCE_BUFGCE_I_O)
                                                      0.028     1.088 r  sys_clk_BUFGCE_inst/O
                         net (fo=19, routed)          0.901     1.989    i_dram_wrapper/i_dram/inst/u_ddr4_infrastructure/mmcm_clk_in
    MMCM_X1Y13           MMCME4_ADV (Prop_MMCM_CLKIN1_CLKOUT0)
                                                     -0.127     1.862 r  i_dram_wrapper/i_dram/inst/u_ddr4_infrastructure/gen_mmcme4.u_mmcme_adv_inst/CLKOUT0
                         net (fo=1, routed)           0.244     2.106    i_dram_wrapper/i_dram/inst/u_ddr4_infrastructure/mmcm_clkout0
    BUFGCE_X1Y332        BUFGCE (Prop_BUFCE_BUFGCE_I_O)
                                                      0.028     2.134 r  i_dram_wrapper/i_dram/inst/u_ddr4_infrastructure/u_bufg_divClk/O
    X4Y12 (CLOCK_ROOT)   net (fo=36893, routed)       2.115     4.249    i_dram_wrapper/i_dram/inst/u_ddr4_mem_intfc/u_ddr_cal_top/u_ddr_mc_pi/u_ddr_mc_write/genByte[0].u_ddr_mc_wr_byte/genBit[3].u_ddr_mc_wr_bit/dReg_reg[13]_2
    SLICE_X122Y822       FDRE                                         r  i_dram_wrapper/i_dram/inst/u_ddr4_mem_intfc/u_ddr_cal_top/u_ddr_mc_pi/u_ddr_mc_write/genByte[0].u_ddr_mc_wr_byte/genBit[3].u_ddr_mc_wr_bit/dReg_reg[5]/C
  -------------------------------------------------------------------    -------------------
    SLICE_X122Y822       FDRE (Prop_BFF_SLICEL_C_Q)
                                                      0.079     4.328 r  i_dram_wrapper/i_dram/inst/u_ddr4_mem_intfc/u_ddr_cal_top/u_ddr_mc_pi/u_ddr_mc_write/genByte[0].u_ddr_mc_wr_byte/genBit[3].u_ddr_mc_wr_bit/dReg_reg[5]/Q
                         net (fo=1, routed)           2.006     6.334    i_dram_wrapper/i_dram/inst/u_ddr4_mem_intfc/u_mig_ddr4_phy/inst/generate_block1.u_ddr_xiphy/byte_num[0].xiphy_byte_wrapper.u_xiphy_byte_wrapper/I_BITSLICE_LOWER[5].GEN_RXTX_BITSLICE_EN.u_xiphy_bitslice_lower/ch0_mcal_DQOut[5]
    BITSLICE_RX_TX_X1Y629
                         RXTX_BITSLICE                                r  i_dram_wrapper/i_dram/inst/u_ddr4_mem_intfc/u_mig_ddr4_phy/inst/generate_block1.u_ddr_xiphy/byte_num[0].xiphy_byte_wrapper.u_xiphy_byte_wrapper/I_BITSLICE_LOWER[5].GEN_RXTX_BITSLICE_EN.u_xiphy_bitslice_lower/xiphy_rxtx_bitslice/D[5]
  -------------------------------------------------------------------    -------------------

                         (clock pll_clk[0]_DIV rise edge)
                                                      3.333     3.333 r  
    E12                                               0.000     3.333 r  sys_clk_p (IN)
                         net (fo=0)                   0.000     3.333    i_bufds_sys_clk/I
    HPIOBDIFFINBUF_X1Y300
                         DIFFINBUF (Prop_DIFFINBUF_HPIOBDIFFINBUF_DIFF_IN_P_O)
                                                      0.564     3.898 r  i_bufds_sys_clk/DIFFINBUF_INST/O
                         net (fo=1, routed)           0.040     3.938    i_bufds_sys_clk/OUT
    E12                  IBUFCTRL (Prop_IBUFCTRL_HPIOB_M_I_O)
                                                      0.000     3.938 r  i_bufds_sys_clk/IBUFCTRL_INST/O
                         net (fo=1, routed)           0.297     4.235    sys_clk
    BUFGCE_X1Y289        BUFGCE (Prop_BUFCE_BUFGCE_I_O)
                                                      0.024     4.259 r  sys_clk_BUFGCE_inst/O
                         net (fo=19, routed)          0.795     5.054    i_dram_wrapper/i_dram/inst/u_ddr4_infrastructure/mmcm_clk_in
    MMCM_X1Y13           MMCME4_ADV (Prop_MMCM_CLKIN1_CLKOUT0)
                                                      0.630     5.684 r  i_dram_wrapper/i_dram/inst/u_ddr4_infrastructure/gen_mmcme4.u_mmcme_adv_inst/CLKOUT0
                         net (fo=1, routed)           0.214     5.898    i_dram_wrapper/i_dram/inst/u_ddr4_infrastructure/mmcm_clkout0
    BUFGCE_X1Y332        BUFGCE (Prop_BUFCE_BUFGCE_I_O)
                                                      0.024     5.922 r  i_dram_wrapper/i_dram/inst/u_ddr4_infrastructure/u_bufg_divClk/O
                         net (fo=36893, routed)       1.761     7.683    i_dram_wrapper/i_dram/inst/u_ddr4_mem_intfc/u_mig_ddr4_phy/inst/u_ddr4_phy_pll/div_clk
    PLL_X1Y24            PLLE4_ADV (Prop_PLL_CLKIN_CLKOUTPHY)
                                                     -0.713     6.969 r  i_dram_wrapper/i_dram/inst/u_ddr4_mem_intfc/u_mig_ddr4_phy/inst/u_ddr4_phy_pll/plle_loop[0].gen_plle4.PLLE4_BASE_INST_OTHER/CLKOUTPHY
                         net (fo=8, routed)           0.103     7.072    i_dram_wrapper/i_dram/inst/u_ddr4_mem_intfc/u_mig_ddr4_phy/inst/generate_block1.u_ddr_xiphy/byte_num[0].xiphy_byte_wrapper.u_xiphy_byte_wrapper/I_CONTROL[0].GEN_I_CONTROL.u_xiphy_control/pll_clk[0]
    BITSLICE_CONTROL_X1Y96
                         BITSLICE_CONTROL (Prop_CONTROL_BITSLICE_CONTROL_PLL_CLK_TX_DIV2_CLK_Q)
                                                      0.117     7.189 r  i_dram_wrapper/i_dram/inst/u_ddr4_mem_intfc/u_mig_ddr4_phy/inst/generate_block1.u_ddr_xiphy/byte_num[0].xiphy_byte_wrapper.u_xiphy_byte_wrapper/I_CONTROL[0].GEN_I_CONTROL.u_xiphy_control/xiphy_control/TX_DIV2_CLK_Q
    BITSLICE_CONTROL_X1Y96
                         BITSLICE_CONTROL (Prop_CONTROL_BITSLICE_CONTROL_TX_DIV2_CLK_Q_TX_DIV4_CLK_Q)
                                                      0.075     7.264 r  i_dram_wrapper/i_dram/inst/u_ddr4_mem_intfc/u_mig_ddr4_phy/inst/generate_block1.u_ddr_xiphy/byte_num[0].xiphy_byte_wrapper.u_xiphy_byte_wrapper/I_CONTROL[0].GEN_I_CONTROL.u_xiphy_control/xiphy_control/TX_DIV4_CLK_Q
    BITSLICE_CONTROL_X1Y96
                         BITSLICE_CONTROL (Prop_CONTROL_BITSLICE_CONTROL_TX_DIV4_CLK_Q_TX_BIT_CTRL_OUT5[26])
                                                      0.131     7.395 r  i_dram_wrapper/i_dram/inst/u_ddr4_mem_intfc/u_mig_ddr4_phy/inst/generate_block1.u_ddr_xiphy/byte_num[0].xiphy_byte_wrapper.u_xiphy_byte_wrapper/I_CONTROL[0].GEN_I_CONTROL.u_xiphy_control/xiphy_control/TX_BIT_CTRL_OUT5[26]
    X4Y12 (CLOCK_ROOT)   net (fo=1, routed)           0.015     7.410    i_dram_wrapper/i_dram/inst/u_ddr4_mem_intfc/u_mig_ddr4_phy/inst/generate_block1.u_ddr_xiphy/byte_num[0].xiphy_byte_wrapper.u_xiphy_byte_wrapper/I_BITSLICE_LOWER[5].GEN_RXTX_BITSLICE_EN.u_xiphy_bitslice_lower/TX_BIT_CTRL_OUT5[26]
    BITSLICE_RX_TX_X1Y629
                         RXTX_BITSLICE                                r  i_dram_wrapper/i_dram/inst/u_ddr4_mem_intfc/u_mig_ddr4_phy/inst/generate_block1.u_ddr_xiphy/byte_num[0].xiphy_byte_wrapper.u_xiphy_byte_wrapper/I_BITSLICE_LOWER[5].GEN_RXTX_BITSLICE_EN.u_xiphy_bitslice_lower/xiphy_rxtx_bitslice/TX_BIT_CTRL_IN[26]
                         clock pessimism             -0.382     7.028    
                         clock uncertainty           -0.154     6.874    
    BITSLICE_RX_TX_X1Y629
                         RXTX_BITSLICE (Setup_RXTX_BITSLICE_BITSLICE_RX_TX_TX_BIT_CTRL_IN[26]_D[5])
                                                     -0.011     6.863    i_dram_wrapper/i_dram/inst/u_ddr4_mem_intfc/u_mig_ddr4_phy/inst/generate_block1.u_ddr_xiphy/byte_num[0].xiphy_byte_wrapper.u_xiphy_byte_wrapper/I_BITSLICE_LOWER[5].GEN_RXTX_BITSLICE_EN.u_xiphy_bitslice_lower/xiphy_rxtx_bitslice
  -------------------------------------------------------------------
                         required time                          6.863    
                         arrival time                          -6.334    
  -------------------------------------------------------------------
                         slack                                  0.529    





Min Delay Paths
--------------------------------------------------------------------------------------
Slack (MET) :             0.650ns  (arrival time - required time)
  Source:                 i_dram_wrapper/i_dram/inst/u_ddr4_mem_intfc/u_ddr_cal_top/mcal_ADR_dly_reg[0][96]/C
                            (rising edge-triggered cell FDRE clocked by mmcm_clkout0  {rise@0.000ns fall@1.667ns period=3.333ns})
  Destination:            i_dram_wrapper/i_dram/inst/u_ddr4_mem_intfc/u_mig_ddr4_phy/inst/generate_block1.u_ddr_xiphy/byte_num[3].xiphy_byte_wrapper.u_xiphy_byte_wrapper/I_BITSLICE_LOWER[0].GEN_RXTX_BITSLICE_EN.u_xiphy_bitslice_lower/xiphy_rxtx_bitslice/D[0]
                            (rising edge-triggered cell RXTX_BITSLICE clocked by pll_clk[0]_DIV  {rise@0.000ns fall@1.667ns period=3.333ns})
  Path Group:             pll_clk[0]_DIV
  Path Type:              Hold (Min at Slow Process Corner)
  Requirement:            0.000ns  (pll_clk[0]_DIV rise@0.000ns - mmcm_clkout0 rise@0.000ns)
  Data Path Delay:        0.316ns  (logic 0.061ns (19.304%)  route 0.255ns (80.696%))
  Logic Levels:           0  
  Clock Path Skew:        -0.564ns (DCD - SCD - CPR)
    Destination Clock Delay (DCD):    3.585ns
    Source Clock Delay      (SCD):    4.471ns
    Clock Pessimism Removal (CPR):    -0.322ns
  Clock Uncertainty:      0.154ns  ((TSJ^2 + DJ^2)^1/2) / 2 + PE
    Total System Jitter     (TSJ):    0.071ns
    Discrete Jitter          (DJ):    0.064ns
    Phase Error              (PE):    0.106ns
  Clock Net Delay (Source):      1.883ns (routing 0.777ns, distribution 1.106ns)
  Clock Net Delay (Destination): 0.043ns (routing 0.043ns, distribution 0.000ns)

    Location             Delay type                Incr(ns)  Path(ns)    Netlist Resource(s)
  -------------------------------------------------------------------    -------------------
                         (clock mmcm_clkout0 rise edge)
                                                      0.000     0.000 r  
    E12                                               0.000     0.000 r  sys_clk_p (IN)
                         net (fo=0)                   0.000     0.000    i_bufds_sys_clk/I
    HPIOBDIFFINBUF_X1Y300
                         DIFFINBUF (Prop_DIFFINBUF_HPIOBDIFFINBUF_DIFF_IN_P_O)
                                                      0.564     0.564 r  i_bufds_sys_clk/DIFFINBUF_INST/O
                         net (fo=1, routed)           0.040     0.604    i_bufds_sys_clk/OUT
    E12                  IBUFCTRL (Prop_IBUFCTRL_HPIOB_M_I_O)
                                                      0.000     0.604 r  i_bufds_sys_clk/IBUFCTRL_INST/O
                         net (fo=1, routed)           0.297     0.901    sys_clk
    BUFGCE_X1Y289        BUFGCE (Prop_BUFCE_BUFGCE_I_O)
                                                      0.024     0.925 r  sys_clk_BUFGCE_inst/O
                         net (fo=19, routed)          0.795     1.720    i_dram_wrapper/i_dram/inst/u_ddr4_infrastructure/mmcm_clk_in
    MMCM_X1Y13           MMCME4_ADV (Prop_MMCM_CLKIN1_CLKOUT0)
                                                      0.630     2.350 r  i_dram_wrapper/i_dram/inst/u_ddr4_infrastructure/gen_mmcme4.u_mmcme_adv_inst/CLKOUT0
                         net (fo=1, routed)           0.214     2.564    i_dram_wrapper/i_dram/inst/u_ddr4_infrastructure/mmcm_clkout0
    BUFGCE_X1Y332        BUFGCE (Prop_BUFCE_BUFGCE_I_O)
                                                      0.024     2.588 r  i_dram_wrapper/i_dram/inst/u_ddr4_infrastructure/u_bufg_divClk/O
    X4Y12 (CLOCK_ROOT)   net (fo=36893, routed)       1.883     4.471    i_dram_wrapper/i_dram/inst/u_ddr4_mem_intfc/u_ddr_cal_top/wosp_reg[2]_rep__7
    SLICE_X112Y765       FDRE                                         r  i_dram_wrapper/i_dram/inst/u_ddr4_mem_intfc/u_ddr_cal_top/mcal_ADR_dly_reg[0][96]/C
  -------------------------------------------------------------------    -------------------
    SLICE_X112Y765       FDRE (Prop_DFF2_SLICEL_C_Q)
                                                      0.061     4.532 r  i_dram_wrapper/i_dram/inst/u_ddr4_mem_intfc/u_ddr_cal_top/mcal_ADR_dly_reg[0][96]/Q
                         net (fo=1, routed)           0.255     4.787    i_dram_wrapper/i_dram/inst/u_ddr4_mem_intfc/u_mig_ddr4_phy/inst/generate_block1.u_ddr_xiphy/byte_num[3].xiphy_byte_wrapper.u_xiphy_byte_wrapper/I_BITSLICE_LOWER[0].GEN_RXTX_BITSLICE_EN.u_xiphy_bitslice_lower/clb2phy_wr_dq0[0]
    BITSLICE_RX_TX_X1Y663
                         RXTX_BITSLICE                                r  i_dram_wrapper/i_dram/inst/u_ddr4_mem_intfc/u_mig_ddr4_phy/inst/generate_block1.u_ddr_xiphy/byte_num[3].xiphy_byte_wrapper.u_xiphy_byte_wrapper/I_BITSLICE_LOWER[0].GEN_RXTX_BITSLICE_EN.u_xiphy_bitslice_lower/xiphy_rxtx_bitslice/D[0]
  -------------------------------------------------------------------    -------------------

                         (clock pll_clk[0]_DIV rise edge)
                                                      0.000     0.000 f  
    E12                                               0.000     0.000 f  sys_clk_p (IN)
                         net (fo=0)                   0.000     0.000    i_bufds_sys_clk/I
    HPIOBDIFFINBUF_X1Y300
                         DIFFINBUF (Prop_DIFFINBUF_HPIOBDIFFINBUF_DIFF_IN_P_O)
                                                      0.675     0.675 f  i_bufds_sys_clk/DIFFINBUF_INST/O
                         net (fo=1, routed)           0.050     0.725    i_bufds_sys_clk/OUT
    E12                  IBUFCTRL (Prop_IBUFCTRL_HPIOB_M_I_O)
                                                      0.000     0.725 f  i_bufds_sys_clk/IBUFCTRL_INST/O
                         net (fo=1, routed)           0.335     1.060    sys_clk
    BUFGCE_X1Y289        BUFGCE (Prop_BUFCE_BUFGCE_I_O)
                                                      0.028     1.088 f  sys_clk_BUFGCE_inst/O
                         net (fo=19, routed)          0.901     1.989    i_dram_wrapper/i_dram/inst/u_ddr4_infrastructure/mmcm_clk_in
    MMCM_X1Y13           MMCME4_ADV (Prop_MMCM_CLKIN1_CLKOUT0)
                                                     -0.127     1.862 f  i_dram_wrapper/i_dram/inst/u_ddr4_infrastructure/gen_mmcme4.u_mmcme_adv_inst/CLKOUT0
                         net (fo=1, routed)           0.244     2.106    i_dram_wrapper/i_dram/inst/u_ddr4_infrastructure/mmcm_clkout0
    BUFGCE_X1Y332        BUFGCE (Prop_BUFCE_BUFGCE_I_O)
                                                      0.028     2.134 f  i_dram_wrapper/i_dram/inst/u_ddr4_infrastructure/u_bufg_divClk/O
                         net (fo=36893, routed)       1.954     4.088    i_dram_wrapper/i_dram/inst/u_ddr4_mem_intfc/u_mig_ddr4_phy/inst/u_ddr4_phy_pll/div_clk
    PLL_X1Y24            PLLE4_ADV (Prop_PLL_CLKIN_CLKOUTPHY)
                                                     -1.141     2.946 f  i_dram_wrapper/i_dram/inst/u_ddr4_mem_intfc/u_mig_ddr4_phy/inst/u_ddr4_phy_pll/plle_loop[0].gen_plle4.PLLE4_BASE_INST_OTHER/CLKOUTPHY
                         net (fo=8, routed)           0.148     3.094    i_dram_wrapper/i_dram/inst/u_ddr4_mem_intfc/u_mig_ddr4_phy/inst/generate_block1.u_ddr_xiphy/byte_num[3].xiphy_byte_wrapper.u_xiphy_byte_wrapper/I_CONTROL[0].GEN_I_CONTROL.u_xiphy_control/pll_clk[0]
    BITSLICE_CONTROL_X1Y102
                         BITSLICE_CONTROL (Prop_CONTROL_BITSLICE_CONTROL_PLL_CLK_TX_DIV2_CLK_Q)
                                                      0.177     3.271 r  i_dram_wrapper/i_dram/inst/u_ddr4_mem_intfc/u_mig_ddr4_phy/inst/generate_block1.u_ddr_xiphy/byte_num[3].xiphy_byte_wrapper.u_xiphy_byte_wrapper/I_CONTROL[0].GEN_I_CONTROL.u_xiphy_control/xiphy_control/TX_DIV2_CLK_Q
    BITSLICE_CONTROL_X1Y102
                         BITSLICE_CONTROL (Prop_CONTROL_BITSLICE_CONTROL_TX_DIV2_CLK_Q_TX_DIV4_CLK_Q)
                                                      0.109     3.380 r  i_dram_wrapper/i_dram/inst/u_ddr4_mem_intfc/u_mig_ddr4_phy/inst/generate_block1.u_ddr_xiphy/byte_num[3].xiphy_byte_wrapper.u_xiphy_byte_wrapper/I_CONTROL[0].GEN_I_CONTROL.u_xiphy_control/xiphy_control/TX_DIV4_CLK_Q
    BITSLICE_CONTROL_X1Y102
                         BITSLICE_CONTROL (Prop_CONTROL_BITSLICE_CONTROL_TX_DIV4_CLK_Q_TX_BIT_CTRL_OUT0[26])
                                                      0.162     3.542 r  i_dram_wrapper/i_dram/inst/u_ddr4_mem_intfc/u_mig_ddr4_phy/inst/generate_block1.u_ddr_xiphy/byte_num[3].xiphy_byte_wrapper.u_xiphy_byte_wrapper/I_CONTROL[0].GEN_I_CONTROL.u_xiphy_control/xiphy_control/TX_BIT_CTRL_OUT0[26]
    X4Y12 (CLOCK_ROOT)   net (fo=1, routed)           0.043     3.585    i_dram_wrapper/i_dram/inst/u_ddr4_mem_intfc/u_mig_ddr4_phy/inst/generate_block1.u_ddr_xiphy/byte_num[3].xiphy_byte_wrapper.u_xiphy_byte_wrapper/I_BITSLICE_LOWER[0].GEN_RXTX_BITSLICE_EN.u_xiphy_bitslice_lower/TX_BIT_CTRL_OUT0[26]
    BITSLICE_RX_TX_X1Y663
                         RXTX_BITSLICE                                r  i_dram_wrapper/i_dram/inst/u_ddr4_mem_intfc/u_mig_ddr4_phy/inst/generate_block1.u_ddr_xiphy/byte_num[3].xiphy_byte_wrapper.u_xiphy_byte_wrapper/I_BITSLICE_LOWER[0].GEN_RXTX_BITSLICE_EN.u_xiphy_bitslice_lower/xiphy_rxtx_bitslice/TX_BIT_CTRL_IN[26]
                         clock pessimism              0.322     3.907    
                         clock uncertainty            0.154     4.062    
    BITSLICE_RX_TX_X1Y663
                         RXTX_BITSLICE (Hold_RXTX_BITSLICE_BITSLICE_RX_TX_TX_BIT_CTRL_IN[26]_D[0])
                                                      0.076     4.138    i_dram_wrapper/i_dram/inst/u_ddr4_mem_intfc/u_mig_ddr4_phy/inst/generate_block1.u_ddr_xiphy/byte_num[3].xiphy_byte_wrapper.u_xiphy_byte_wrapper/I_BITSLICE_LOWER[0].GEN_RXTX_BITSLICE_EN.u_xiphy_bitslice_lower/xiphy_rxtx_bitslice
  -------------------------------------------------------------------
                         required time                         -4.138    
                         arrival time                           4.787    
  -------------------------------------------------------------------
                         slack                                  0.650    





---------------------------------------------------------------------------------------------------
From Clock:  mmcm_clkout0
  To Clock:  pll_clk[1]_DIV

Setup :            0  Failing Endpoints,  Worst Slack        0.728ns,  Total Violation        0.000ns
Hold  :            0  Failing Endpoints,  Worst Slack        0.717ns,  Total Violation        0.000ns
---------------------------------------------------------------------------------------------------


Max Delay Paths
--------------------------------------------------------------------------------------
Slack (MET) :             0.728ns  (required time - arrival time)
  Source:                 i_dram_wrapper/i_dram/inst/u_ddr4_mem_intfc/u_ddr_cal_top/u_ddr_mc_pi/u_ddr_mc_write/genByte[5].u_ddr_mc_wr_byte/u_ddr_mc_wr_dm/dReg_reg[3]/C
                            (rising edge-triggered cell FDRE clocked by mmcm_clkout0  {rise@0.000ns fall@1.667ns period=3.333ns})
  Destination:            i_dram_wrapper/i_dram/inst/u_ddr4_mem_intfc/u_mig_ddr4_phy/inst/generate_block1.u_ddr_xiphy/byte_num[4].xiphy_byte_wrapper.u_xiphy_byte_wrapper/I_BITSLICE_LOWER[0].GEN_RXTX_BITSLICE_EN.u_xiphy_bitslice_lower/xiphy_rxtx_bitslice/D[3]
                            (rising edge-triggered cell RXTX_BITSLICE clocked by pll_clk[1]_DIV  {rise@0.000ns fall@1.667ns period=3.333ns})
  Path Group:             pll_clk[1]_DIV
  Path Type:              Setup (Max at Slow Process Corner)
  Requirement:            3.333ns  (pll_clk[1]_DIV rise@3.333ns - mmcm_clkout0 rise@0.000ns)
  Data Path Delay:        1.931ns  (logic 0.079ns (4.091%)  route 1.852ns (95.909%))
  Logic Levels:           0  
  Clock Path Skew:        -0.483ns (DCD - SCD + CPR)
    Destination Clock Delay (DCD):    4.097ns = ( 7.430 - 3.333 ) 
    Source Clock Delay      (SCD):    4.263ns
    Clock Pessimism Removal (CPR):    -0.318ns
  Clock Uncertainty:      0.154ns  ((TSJ^2 + DJ^2)^1/2) / 2 + PE
    Total System Jitter     (TSJ):    0.071ns
    Discrete Jitter          (DJ):    0.064ns
    Phase Error              (PE):    0.106ns
  Clock Net Delay (Source):      2.129ns (routing 0.854ns, distribution 1.275ns)
  Clock Net Delay (Destination): 0.014ns (routing 0.014ns, distribution 0.000ns)

    Location             Delay type                Incr(ns)  Path(ns)    Netlist Resource(s)
  -------------------------------------------------------------------    -------------------
                         (clock mmcm_clkout0 rise edge)
                                                      0.000     0.000 r  
    E12                                               0.000     0.000 r  sys_clk_p (IN)
                         net (fo=0)                   0.000     0.000    i_bufds_sys_clk/I
    HPIOBDIFFINBUF_X1Y300
                         DIFFINBUF (Prop_DIFFINBUF_HPIOBDIFFINBUF_DIFF_IN_P_O)
                                                      0.675     0.675 r  i_bufds_sys_clk/DIFFINBUF_INST/O
                         net (fo=1, routed)           0.050     0.725    i_bufds_sys_clk/OUT
    E12                  IBUFCTRL (Prop_IBUFCTRL_HPIOB_M_I_O)
                                                      0.000     0.725 r  i_bufds_sys_clk/IBUFCTRL_INST/O
                         net (fo=1, routed)           0.335     1.060    sys_clk
    BUFGCE_X1Y289        BUFGCE (Prop_BUFCE_BUFGCE_I_O)
                                                      0.028     1.088 r  sys_clk_BUFGCE_inst/O
                         net (fo=19, routed)          0.901     1.989    i_dram_wrapper/i_dram/inst/u_ddr4_infrastructure/mmcm_clk_in
    MMCM_X1Y13           MMCME4_ADV (Prop_MMCM_CLKIN1_CLKOUT0)
                                                     -0.127     1.862 r  i_dram_wrapper/i_dram/inst/u_ddr4_infrastructure/gen_mmcme4.u_mmcme_adv_inst/CLKOUT0
                         net (fo=1, routed)           0.244     2.106    i_dram_wrapper/i_dram/inst/u_ddr4_infrastructure/mmcm_clkout0
    BUFGCE_X1Y332        BUFGCE (Prop_BUFCE_BUFGCE_I_O)
                                                      0.028     2.134 r  i_dram_wrapper/i_dram/inst/u_ddr4_infrastructure/u_bufg_divClk/O
    X4Y12 (CLOCK_ROOT)   net (fo=36893, routed)       2.129     4.263    i_dram_wrapper/i_dram/inst/u_ddr4_mem_intfc/u_ddr_cal_top/u_ddr_mc_pi/u_ddr_mc_write/genByte[5].u_ddr_mc_wr_byte/u_ddr_mc_wr_dm/dReg_reg[0]_0
    SLICE_X128Y833       FDRE                                         r  i_dram_wrapper/i_dram/inst/u_ddr4_mem_intfc/u_ddr_cal_top/u_ddr_mc_pi/u_ddr_mc_write/genByte[5].u_ddr_mc_wr_byte/u_ddr_mc_wr_dm/dReg_reg[3]/C
  -------------------------------------------------------------------    -------------------
    SLICE_X128Y833       FDRE (Prop_CFF_SLICEL_C_Q)
                                                      0.079     4.342 r  i_dram_wrapper/i_dram/inst/u_ddr4_mem_intfc/u_ddr_cal_top/u_ddr_mc_pi/u_ddr_mc_write/genByte[5].u_ddr_mc_wr_byte/u_ddr_mc_wr_dm/dReg_reg[3]/Q
                         net (fo=1, routed)           1.852     6.194    i_dram_wrapper/i_dram/inst/u_ddr4_mem_intfc/u_mig_ddr4_phy/inst/generate_block1.u_ddr_xiphy/byte_num[4].xiphy_byte_wrapper.u_xiphy_byte_wrapper/I_BITSLICE_LOWER[0].GEN_RXTX_BITSLICE_EN.u_xiphy_bitslice_lower/clb2phy_wr_dq0[3]
    BITSLICE_RX_TX_X1Y676
                         RXTX_BITSLICE                                r  i_dram_wrapper/i_dram/inst/u_ddr4_mem_intfc/u_mig_ddr4_phy/inst/generate_block1.u_ddr_xiphy/byte_num[4].xiphy_byte_wrapper.u_xiphy_byte_wrapper/I_BITSLICE_LOWER[0].GEN_RXTX_BITSLICE_EN.u_xiphy_bitslice_lower/xiphy_rxtx_bitslice/D[3]
  -------------------------------------------------------------------    -------------------

                         (clock pll_clk[1]_DIV rise edge)
                                                      3.333     3.333 r  
    E12                                               0.000     3.333 r  sys_clk_p (IN)
                         net (fo=0)                   0.000     3.333    i_bufds_sys_clk/I
    HPIOBDIFFINBUF_X1Y300
                         DIFFINBUF (Prop_DIFFINBUF_HPIOBDIFFINBUF_DIFF_IN_P_O)
                                                      0.564     3.898 r  i_bufds_sys_clk/DIFFINBUF_INST/O
                         net (fo=1, routed)           0.040     3.938    i_bufds_sys_clk/OUT
    E12                  IBUFCTRL (Prop_IBUFCTRL_HPIOB_M_I_O)
                                                      0.000     3.938 r  i_bufds_sys_clk/IBUFCTRL_INST/O
                         net (fo=1, routed)           0.297     4.235    sys_clk
    BUFGCE_X1Y289        BUFGCE (Prop_BUFCE_BUFGCE_I_O)
                                                      0.024     4.259 r  sys_clk_BUFGCE_inst/O
                         net (fo=19, routed)          0.795     5.054    i_dram_wrapper/i_dram/inst/u_ddr4_infrastructure/mmcm_clk_in
    MMCM_X1Y13           MMCME4_ADV (Prop_MMCM_CLKIN1_CLKOUT0)
                                                      0.630     5.684 r  i_dram_wrapper/i_dram/inst/u_ddr4_infrastructure/gen_mmcme4.u_mmcme_adv_inst/CLKOUT0
                         net (fo=1, routed)           0.214     5.898    i_dram_wrapper/i_dram/inst/u_ddr4_infrastructure/mmcm_clkout0
    BUFGCE_X1Y332        BUFGCE (Prop_BUFCE_BUFGCE_I_O)
                                                      0.024     5.922 r  i_dram_wrapper/i_dram/inst/u_ddr4_infrastructure/u_bufg_divClk/O
                         net (fo=36893, routed)       1.804     7.726    i_dram_wrapper/i_dram/inst/u_ddr4_mem_intfc/u_mig_ddr4_phy/inst/u_ddr4_phy_pll/div_clk
    PLL_X1Y26            PLLE4_ADV (Prop_PLL_CLKIN_CLKOUTPHY)
                                                     -0.713     7.012 r  i_dram_wrapper/i_dram/inst/u_ddr4_mem_intfc/u_mig_ddr4_phy/inst/u_ddr4_phy_pll/plle_loop[1].gen_plle4.PLLE4_BASE_INST_OTHER/CLKOUTPHY
                         net (fo=6, routed)           0.103     7.115    i_dram_wrapper/i_dram/inst/u_ddr4_mem_intfc/u_mig_ddr4_phy/inst/generate_block1.u_ddr_xiphy/byte_num[4].xiphy_byte_wrapper.u_xiphy_byte_wrapper/I_CONTROL[0].GEN_I_CONTROL.u_xiphy_control/pll_clk[0]
    BITSLICE_CONTROL_X1Y104
                         BITSLICE_CONTROL (Prop_CONTROL_BITSLICE_CONTROL_PLL_CLK_TX_DIV2_CLK_Q)
                                                      0.117     7.232 r  i_dram_wrapper/i_dram/inst/u_ddr4_mem_intfc/u_mig_ddr4_phy/inst/generate_block1.u_ddr_xiphy/byte_num[4].xiphy_byte_wrapper.u_xiphy_byte_wrapper/I_CONTROL[0].GEN_I_CONTROL.u_xiphy_control/xiphy_control/TX_DIV2_CLK_Q
    BITSLICE_CONTROL_X1Y104
                         BITSLICE_CONTROL (Prop_CONTROL_BITSLICE_CONTROL_TX_DIV2_CLK_Q_TX_DIV4_CLK_Q)
                                                      0.075     7.307 r  i_dram_wrapper/i_dram/inst/u_ddr4_mem_intfc/u_mig_ddr4_phy/inst/generate_block1.u_ddr_xiphy/byte_num[4].xiphy_byte_wrapper.u_xiphy_byte_wrapper/I_CONTROL[0].GEN_I_CONTROL.u_xiphy_control/xiphy_control/TX_DIV4_CLK_Q
    BITSLICE_CONTROL_X1Y104
                         BITSLICE_CONTROL (Prop_CONTROL_BITSLICE_CONTROL_TX_DIV4_CLK_Q_TX_BIT_CTRL_OUT0[26])
                                                      0.109     7.416 r  i_dram_wrapper/i_dram/inst/u_ddr4_mem_intfc/u_mig_ddr4_phy/inst/generate_block1.u_ddr_xiphy/byte_num[4].xiphy_byte_wrapper.u_xiphy_byte_wrapper/I_CONTROL[0].GEN_I_CONTROL.u_xiphy_control/xiphy_control/TX_BIT_CTRL_OUT0[26]
    X4Y13 (CLOCK_ROOT)   net (fo=1, routed)           0.014     7.430    i_dram_wrapper/i_dram/inst/u_ddr4_mem_intfc/u_mig_ddr4_phy/inst/generate_block1.u_ddr_xiphy/byte_num[4].xiphy_byte_wrapper.u_xiphy_byte_wrapper/I_BITSLICE_LOWER[0].GEN_RXTX_BITSLICE_EN.u_xiphy_bitslice_lower/TX_BIT_CTRL_OUT0[26]
    BITSLICE_RX_TX_X1Y676
                         RXTX_BITSLICE                                r  i_dram_wrapper/i_dram/inst/u_ddr4_mem_intfc/u_mig_ddr4_phy/inst/generate_block1.u_ddr_xiphy/byte_num[4].xiphy_byte_wrapper.u_xiphy_byte_wrapper/I_BITSLICE_LOWER[0].GEN_RXTX_BITSLICE_EN.u_xiphy_bitslice_lower/xiphy_rxtx_bitslice/TX_BIT_CTRL_IN[26]
                         clock pessimism             -0.318     7.112    
                         clock uncertainty           -0.154     6.958    
    BITSLICE_RX_TX_X1Y676
                         RXTX_BITSLICE (Setup_RXTX_BITSLICE_BITSLICE_RX_TX_TX_BIT_CTRL_IN[26]_D[3])
                                                     -0.037     6.921    i_dram_wrapper/i_dram/inst/u_ddr4_mem_intfc/u_mig_ddr4_phy/inst/generate_block1.u_ddr_xiphy/byte_num[4].xiphy_byte_wrapper.u_xiphy_byte_wrapper/I_BITSLICE_LOWER[0].GEN_RXTX_BITSLICE_EN.u_xiphy_bitslice_lower/xiphy_rxtx_bitslice
  -------------------------------------------------------------------
                         required time                          6.921    
                         arrival time                          -6.194    
  -------------------------------------------------------------------
                         slack                                  0.728    





Min Delay Paths
--------------------------------------------------------------------------------------
Slack (MET) :             0.717ns  (arrival time - required time)
  Source:                 i_dram_wrapper/i_dram/inst/u_ddr4_mem_intfc/u_ddr_cal_top/u_ddr_mc_pi/rdEn[5].u_ddr_mc_rd_en_low/rdEn_reg[2]/C
                            (rising edge-triggered cell FDRE clocked by mmcm_clkout0  {rise@0.000ns fall@1.667ns period=3.333ns})
  Destination:            i_dram_wrapper/i_dram/inst/u_ddr4_mem_intfc/u_mig_ddr4_phy/inst/generate_block1.u_ddr_xiphy/byte_num[4].xiphy_byte_wrapper.u_xiphy_byte_wrapper/I_CONTROL[0].GEN_I_CONTROL.u_xiphy_control/xiphy_control/PHY_RDEN[2]
                            (rising edge-triggered cell BITSLICE_CONTROL clocked by pll_clk[1]_DIV  {rise@0.000ns fall@1.667ns period=3.333ns})
  Path Group:             pll_clk[1]_DIV
  Path Type:              Hold (Min at Slow Process Corner)
  Requirement:            0.000ns  (pll_clk[1]_DIV rise@0.000ns - mmcm_clkout0 rise@0.000ns)
  Data Path Delay:        0.567ns  (logic 0.057ns (10.053%)  route 0.510ns (89.947%))
  Logic Levels:           0  
  Clock Path Skew:        -0.574ns (DCD - SCD - CPR)
    Destination Clock Delay (DCD):    3.452ns
    Source Clock Delay      (SCD):    4.409ns
    Clock Pessimism Removal (CPR):    -0.383ns
  Clock Uncertainty:      0.154ns  ((TSJ^2 + DJ^2)^1/2) / 2 + PE
    Total System Jitter     (TSJ):    0.071ns
    Discrete Jitter          (DJ):    0.064ns
    Phase Error              (PE):    0.106ns
  Clock Net Delay (Source):      1.821ns (routing 0.777ns, distribution 1.044ns)
  Clock Net Delay (Destination): 0.147ns (routing 0.112ns, distribution 0.035ns)

    Location             Delay type                Incr(ns)  Path(ns)    Netlist Resource(s)
  -------------------------------------------------------------------    -------------------
                         (clock mmcm_clkout0 rise edge)
                                                      0.000     0.000 r  
    E12                                               0.000     0.000 r  sys_clk_p (IN)
                         net (fo=0)                   0.000     0.000    i_bufds_sys_clk/I
    HPIOBDIFFINBUF_X1Y300
                         DIFFINBUF (Prop_DIFFINBUF_HPIOBDIFFINBUF_DIFF_IN_P_O)
                                                      0.564     0.564 r  i_bufds_sys_clk/DIFFINBUF_INST/O
                         net (fo=1, routed)           0.040     0.604    i_bufds_sys_clk/OUT
    E12                  IBUFCTRL (Prop_IBUFCTRL_HPIOB_M_I_O)
                                                      0.000     0.604 r  i_bufds_sys_clk/IBUFCTRL_INST/O
                         net (fo=1, routed)           0.297     0.901    sys_clk
    BUFGCE_X1Y289        BUFGCE (Prop_BUFCE_BUFGCE_I_O)
                                                      0.024     0.925 r  sys_clk_BUFGCE_inst/O
                         net (fo=19, routed)          0.795     1.720    i_dram_wrapper/i_dram/inst/u_ddr4_infrastructure/mmcm_clk_in
    MMCM_X1Y13           MMCME4_ADV (Prop_MMCM_CLKIN1_CLKOUT0)
                                                      0.630     2.350 r  i_dram_wrapper/i_dram/inst/u_ddr4_infrastructure/gen_mmcme4.u_mmcme_adv_inst/CLKOUT0
                         net (fo=1, routed)           0.214     2.564    i_dram_wrapper/i_dram/inst/u_ddr4_infrastructure/mmcm_clkout0
    BUFGCE_X1Y332        BUFGCE (Prop_BUFCE_BUFGCE_I_O)
                                                      0.024     2.588 r  i_dram_wrapper/i_dram/inst/u_ddr4_infrastructure/u_bufg_divClk/O
    X4Y12 (CLOCK_ROOT)   net (fo=36893, routed)       1.821     4.409    i_dram_wrapper/i_dram/inst/u_ddr4_mem_intfc/u_ddr_cal_top/u_ddr_mc_pi/rdEn[5].u_ddr_mc_rd_en_low/rsMask_reg[7][9]_0
    SLICE_X137Y779       FDRE                                         r  i_dram_wrapper/i_dram/inst/u_ddr4_mem_intfc/u_ddr_cal_top/u_ddr_mc_pi/rdEn[5].u_ddr_mc_rd_en_low/rdEn_reg[2]/C
  -------------------------------------------------------------------    -------------------
    SLICE_X137Y779       FDRE (Prop_FFF_SLICEM_C_Q)
                                                      0.057     4.466 r  i_dram_wrapper/i_dram/inst/u_ddr4_mem_intfc/u_ddr_cal_top/u_ddr_mc_pi/rdEn[5].u_ddr_mc_rd_en_low/rdEn_reg[2]/Q
                         net (fo=1, routed)           0.510     4.976    i_dram_wrapper/i_dram/inst/u_ddr4_mem_intfc/u_mig_ddr4_phy/inst/generate_block1.u_ddr_xiphy/byte_num[4].xiphy_byte_wrapper.u_xiphy_byte_wrapper/I_CONTROL[0].GEN_I_CONTROL.u_xiphy_control/ch0_mcal_clb2phy_rden_low[2]
    BITSLICE_CONTROL_X1Y104
                         BITSLICE_CONTROL                             r  i_dram_wrapper/i_dram/inst/u_ddr4_mem_intfc/u_mig_ddr4_phy/inst/generate_block1.u_ddr_xiphy/byte_num[4].xiphy_byte_wrapper.u_xiphy_byte_wrapper/I_CONTROL[0].GEN_I_CONTROL.u_xiphy_control/xiphy_control/PHY_RDEN[2]
  -------------------------------------------------------------------    -------------------

                         (clock pll_clk[1]_DIV rise edge)
                                                      0.000     0.000 f  
    E12                                               0.000     0.000 f  sys_clk_p (IN)
                         net (fo=0)                   0.000     0.000    i_bufds_sys_clk/I
    HPIOBDIFFINBUF_X1Y300
                         DIFFINBUF (Prop_DIFFINBUF_HPIOBDIFFINBUF_DIFF_IN_P_O)
                                                      0.675     0.675 f  i_bufds_sys_clk/DIFFINBUF_INST/O
                         net (fo=1, routed)           0.050     0.725    i_bufds_sys_clk/OUT
    E12                  IBUFCTRL (Prop_IBUFCTRL_HPIOB_M_I_O)
                                                      0.000     0.725 f  i_bufds_sys_clk/IBUFCTRL_INST/O
                         net (fo=1, routed)           0.335     1.060    sys_clk
    BUFGCE_X1Y289        BUFGCE (Prop_BUFCE_BUFGCE_I_O)
                                                      0.028     1.088 f  sys_clk_BUFGCE_inst/O
                         net (fo=19, routed)          0.901     1.989    i_dram_wrapper/i_dram/inst/u_ddr4_infrastructure/mmcm_clk_in
    MMCM_X1Y13           MMCME4_ADV (Prop_MMCM_CLKIN1_CLKOUT0)
                                                     -0.127     1.862 f  i_dram_wrapper/i_dram/inst/u_ddr4_infrastructure/gen_mmcme4.u_mmcme_adv_inst/CLKOUT0
                         net (fo=1, routed)           0.244     2.106    i_dram_wrapper/i_dram/inst/u_ddr4_infrastructure/mmcm_clkout0
    BUFGCE_X1Y332        BUFGCE (Prop_BUFCE_BUFGCE_I_O)
                                                      0.028     2.134 f  i_dram_wrapper/i_dram/inst/u_ddr4_infrastructure/u_bufg_divClk/O
                         net (fo=36893, routed)       2.001     4.135    i_dram_wrapper/i_dram/inst/u_ddr4_mem_intfc/u_mig_ddr4_phy/inst/u_ddr4_phy_pll/div_clk
    PLL_X1Y26            PLLE4_ADV (Prop_PLL_CLKIN_CLKOUTPHY)
                                                     -1.141     2.993 f  i_dram_wrapper/i_dram/inst/u_ddr4_mem_intfc/u_mig_ddr4_phy/inst/u_ddr4_phy_pll/plle_loop[1].gen_plle4.PLLE4_BASE_INST_OTHER/CLKOUTPHY
    X4Y13 (CLOCK_ROOT)   net (fo=6, routed)           0.147     3.140    i_dram_wrapper/i_dram/inst/u_ddr4_mem_intfc/u_mig_ddr4_phy/inst/generate_block1.u_ddr_xiphy/byte_num[4].xiphy_byte_wrapper.u_xiphy_byte_wrapper/I_CONTROL[0].GEN_I_CONTROL.u_xiphy_control/pll_clk[0]
    BITSLICE_CONTROL_X1Y104
                         BITSLICE_CONTROL (Prop_CONTROL_BITSLICE_CONTROL_PLL_CLK_RX_DIV2_CLK_Q)
                                                      0.193     3.333 r  i_dram_wrapper/i_dram/inst/u_ddr4_mem_intfc/u_mig_ddr4_phy/inst/generate_block1.u_ddr_xiphy/byte_num[4].xiphy_byte_wrapper.u_xiphy_byte_wrapper/I_CONTROL[0].GEN_I_CONTROL.u_xiphy_control/xiphy_control/RX_DIV2_CLK_Q
    BITSLICE_CONTROL_X1Y104
                         BITSLICE_CONTROL (Prop_CONTROL_BITSLICE_CONTROL_RX_DIV2_CLK_Q_RX_DIV4_CLK_Q)
                                                      0.119     3.452 r  i_dram_wrapper/i_dram/inst/u_ddr4_mem_intfc/u_mig_ddr4_phy/inst/generate_block1.u_ddr_xiphy/byte_num[4].xiphy_byte_wrapper.u_xiphy_byte_wrapper/I_CONTROL[0].GEN_I_CONTROL.u_xiphy_control/xiphy_control/RX_DIV4_CLK_Q
                         clock pessimism              0.383     3.835    
                         clock uncertainty            0.154     3.990    
    BITSLICE_CONTROL_X1Y104
                         BITSLICE_CONTROL (Hold_CONTROL_BITSLICE_CONTROL_RX_DIV4_CLK_Q_PHY_RDEN[2])
                                                      0.270     4.260    i_dram_wrapper/i_dram/inst/u_ddr4_mem_intfc/u_mig_ddr4_phy/inst/generate_block1.u_ddr_xiphy/byte_num[4].xiphy_byte_wrapper.u_xiphy_byte_wrapper/I_CONTROL[0].GEN_I_CONTROL.u_xiphy_control/xiphy_control
  -------------------------------------------------------------------
                         required time                         -4.260    
                         arrival time                           4.976    
  -------------------------------------------------------------------
                         slack                                  0.717    





---------------------------------------------------------------------------------------------------
From Clock:  mmcm_clkout0
  To Clock:  pll_clk[2]_DIV

Setup :            0  Failing Endpoints,  Worst Slack        0.762ns,  Total Violation        0.000ns
Hold  :            0  Failing Endpoints,  Worst Slack        0.743ns,  Total Violation        0.000ns
---------------------------------------------------------------------------------------------------


Max Delay Paths
--------------------------------------------------------------------------------------
Slack (MET) :             0.762ns  (required time - arrival time)
  Source:                 i_dram_wrapper/i_dram/inst/u_ddr4_mem_intfc/u_ddr_cal_top/u_ddr_mc_pi/u_ddr_mc_write/oe_upp_reg[0]/C
                            (rising edge-triggered cell FDRE clocked by mmcm_clkout0  {rise@0.000ns fall@1.667ns period=3.333ns})
  Destination:            i_dram_wrapper/i_dram/inst/u_ddr4_mem_intfc/u_mig_ddr4_phy/inst/generate_block1.u_ddr_xiphy/byte_num[11].xiphy_byte_wrapper.u_xiphy_byte_wrapper/I_CONTROL[1].GEN_I_CONTROL.u_xiphy_control/xiphy_control/TBYTE_IN[0]
                            (rising edge-triggered cell BITSLICE_CONTROL clocked by pll_clk[2]_DIV  {rise@0.000ns fall@1.667ns period=3.333ns})
  Path Group:             pll_clk[2]_DIV
  Path Type:              Setup (Max at Slow Process Corner)
  Requirement:            3.333ns  (pll_clk[2]_DIV rise@3.333ns - mmcm_clkout0 rise@0.000ns)
  Data Path Delay:        1.592ns  (logic 0.079ns (4.962%)  route 1.513ns (95.038%))
  Logic Levels:           0  
  Clock Path Skew:        -0.667ns (DCD - SCD + CPR)
    Destination Clock Delay (DCD):    3.981ns = ( 7.314 - 3.333 ) 
    Source Clock Delay      (SCD):    4.279ns
    Clock Pessimism Removal (CPR):    -0.370ns
  Clock Uncertainty:      0.154ns  ((TSJ^2 + DJ^2)^1/2) / 2 + PE
    Total System Jitter     (TSJ):    0.071ns
    Discrete Jitter          (DJ):    0.064ns
    Phase Error              (PE):    0.106ns
  Clock Net Delay (Source):      2.145ns (routing 0.854ns, distribution 1.291ns)
  Clock Net Delay (Destination): 0.105ns (routing 0.089ns, distribution 0.016ns)

    Location             Delay type                Incr(ns)  Path(ns)    Netlist Resource(s)
  -------------------------------------------------------------------    -------------------
                         (clock mmcm_clkout0 rise edge)
                                                      0.000     0.000 r  
    E12                                               0.000     0.000 r  sys_clk_p (IN)
                         net (fo=0)                   0.000     0.000    i_bufds_sys_clk/I
    HPIOBDIFFINBUF_X1Y300
                         DIFFINBUF (Prop_DIFFINBUF_HPIOBDIFFINBUF_DIFF_IN_P_O)
                                                      0.675     0.675 r  i_bufds_sys_clk/DIFFINBUF_INST/O
                         net (fo=1, routed)           0.050     0.725    i_bufds_sys_clk/OUT
    E12                  IBUFCTRL (Prop_IBUFCTRL_HPIOB_M_I_O)
                                                      0.000     0.725 r  i_bufds_sys_clk/IBUFCTRL_INST/O
                         net (fo=1, routed)           0.335     1.060    sys_clk
    BUFGCE_X1Y289        BUFGCE (Prop_BUFCE_BUFGCE_I_O)
                                                      0.028     1.088 r  sys_clk_BUFGCE_inst/O
                         net (fo=19, routed)          0.901     1.989    i_dram_wrapper/i_dram/inst/u_ddr4_infrastructure/mmcm_clk_in
    MMCM_X1Y13           MMCME4_ADV (Prop_MMCM_CLKIN1_CLKOUT0)
                                                     -0.127     1.862 r  i_dram_wrapper/i_dram/inst/u_ddr4_infrastructure/gen_mmcme4.u_mmcme_adv_inst/CLKOUT0
                         net (fo=1, routed)           0.244     2.106    i_dram_wrapper/i_dram/inst/u_ddr4_infrastructure/mmcm_clkout0
    BUFGCE_X1Y332        BUFGCE (Prop_BUFCE_BUFGCE_I_O)
                                                      0.028     2.134 r  i_dram_wrapper/i_dram/inst/u_ddr4_infrastructure/u_bufg_divClk/O
    X4Y12 (CLOCK_ROOT)   net (fo=36893, routed)       2.145     4.279    i_dram_wrapper/i_dram/inst/u_ddr4_mem_intfc/u_ddr_cal_top/u_ddr_mc_pi/u_ddr_mc_write/wosp_reg[2]_rep__7_0
    SLICE_X116Y802       FDRE                                         r  i_dram_wrapper/i_dram/inst/u_ddr4_mem_intfc/u_ddr_cal_top/u_ddr_mc_pi/u_ddr_mc_write/oe_upp_reg[0]/C
  -------------------------------------------------------------------    -------------------
    SLICE_X116Y802       FDRE (Prop_EFF2_SLICEM_C_Q)
                                                      0.079     4.358 r  i_dram_wrapper/i_dram/inst/u_ddr4_mem_intfc/u_ddr_cal_top/u_ddr_mc_pi/u_ddr_mc_write/oe_upp_reg[0]/Q
                         net (fo=8, routed)           1.513     5.871    i_dram_wrapper/i_dram/inst/u_ddr4_mem_intfc/u_mig_ddr4_phy/inst/generate_block1.u_ddr_xiphy/byte_num[11].xiphy_byte_wrapper.u_xiphy_byte_wrapper/I_CONTROL[1].GEN_I_CONTROL.u_xiphy_control/ch0_mcal_clb2phy_t_b_upp[0]
    BITSLICE_CONTROL_X1Y119
                         BITSLICE_CONTROL                             r  i_dram_wrapper/i_dram/inst/u_ddr4_mem_intfc/u_mig_ddr4_phy/inst/generate_block1.u_ddr_xiphy/byte_num[11].xiphy_byte_wrapper.u_xiphy_byte_wrapper/I_CONTROL[1].GEN_I_CONTROL.u_xiphy_control/xiphy_control/TBYTE_IN[0]
  -------------------------------------------------------------------    -------------------

                         (clock pll_clk[2]_DIV rise edge)
                                                      3.333     3.333 f  
    E12                                               0.000     3.333 f  sys_clk_p (IN)
                         net (fo=0)                   0.000     3.333    i_bufds_sys_clk/I
    HPIOBDIFFINBUF_X1Y300
                         DIFFINBUF (Prop_DIFFINBUF_HPIOBDIFFINBUF_DIFF_IN_P_O)
                                                      0.564     3.898 f  i_bufds_sys_clk/DIFFINBUF_INST/O
                         net (fo=1, routed)           0.040     3.938    i_bufds_sys_clk/OUT
    E12                  IBUFCTRL (Prop_IBUFCTRL_HPIOB_M_I_O)
                                                      0.000     3.938 f  i_bufds_sys_clk/IBUFCTRL_INST/O
                         net (fo=1, routed)           0.297     4.235    sys_clk
    BUFGCE_X1Y289        BUFGCE (Prop_BUFCE_BUFGCE_I_O)
                                                      0.024     4.259 f  sys_clk_BUFGCE_inst/O
                         net (fo=19, routed)          0.795     5.054    i_dram_wrapper/i_dram/inst/u_ddr4_infrastructure/mmcm_clk_in
    MMCM_X1Y13           MMCME4_ADV (Prop_MMCM_CLKIN1_CLKOUT0)
                                                      0.630     5.684 f  i_dram_wrapper/i_dram/inst/u_ddr4_infrastructure/gen_mmcme4.u_mmcme_adv_inst/CLKOUT0
                         net (fo=1, routed)           0.214     5.898    i_dram_wrapper/i_dram/inst/u_ddr4_infrastructure/mmcm_clkout0
    BUFGCE_X1Y332        BUFGCE (Prop_BUFCE_BUFGCE_I_O)
                                                      0.024     5.922 f  i_dram_wrapper/i_dram/inst/u_ddr4_infrastructure/u_bufg_divClk/O
                         net (fo=36893, routed)       1.820     7.742    i_dram_wrapper/i_dram/inst/u_ddr4_mem_intfc/u_mig_ddr4_phy/inst/u_ddr4_phy_pll/div_clk
    PLL_X1Y28            PLLE4_ADV (Prop_PLL_CLKIN_CLKOUTPHY)
                                                     -0.713     7.028 f  i_dram_wrapper/i_dram/inst/u_ddr4_mem_intfc/u_mig_ddr4_phy/inst/u_ddr4_phy_pll/plle_loop[2].gen_plle4.PLLE4_BASE_INST_OTHER/CLKOUTPHY
    X4Y14 (CLOCK_ROOT)   net (fo=8, routed)           0.105     7.133    i_dram_wrapper/i_dram/inst/u_ddr4_mem_intfc/u_mig_ddr4_phy/inst/generate_block1.u_ddr_xiphy/byte_num[11].xiphy_byte_wrapper.u_xiphy_byte_wrapper/I_CONTROL[1].GEN_I_CONTROL.u_xiphy_control/pll_clk[0]
    BITSLICE_CONTROL_X1Y119
                         BITSLICE_CONTROL (Prop_CONTROL_BITSLICE_CONTROL_PLL_CLK_TX_DIV2_CLK_Q)
                                                      0.106     7.239 r  i_dram_wrapper/i_dram/inst/u_ddr4_mem_intfc/u_mig_ddr4_phy/inst/generate_block1.u_ddr_xiphy/byte_num[11].xiphy_byte_wrapper.u_xiphy_byte_wrapper/I_CONTROL[1].GEN_I_CONTROL.u_xiphy_control/xiphy_control/TX_DIV2_CLK_Q
    BITSLICE_CONTROL_X1Y119
                         BITSLICE_CONTROL (Prop_CONTROL_BITSLICE_CONTROL_TX_DIV2_CLK_Q_TX_DIV4_CLK_Q)
                                                      0.075     7.314 r  i_dram_wrapper/i_dram/inst/u_ddr4_mem_intfc/u_mig_ddr4_phy/inst/generate_block1.u_ddr_xiphy/byte_num[11].xiphy_byte_wrapper.u_xiphy_byte_wrapper/I_CONTROL[1].GEN_I_CONTROL.u_xiphy_control/xiphy_control/TX_DIV4_CLK_Q
                         clock pessimism             -0.370     6.945    
                         clock uncertainty           -0.154     6.791    
    BITSLICE_CONTROL_X1Y119
                         BITSLICE_CONTROL (Setup_CONTROL_BITSLICE_CONTROL_TX_DIV4_CLK_Q_TBYTE_IN[0])
                                                     -0.158     6.633    i_dram_wrapper/i_dram/inst/u_ddr4_mem_intfc/u_mig_ddr4_phy/inst/generate_block1.u_ddr_xiphy/byte_num[11].xiphy_byte_wrapper.u_xiphy_byte_wrapper/I_CONTROL[1].GEN_I_CONTROL.u_xiphy_control/xiphy_control
  -------------------------------------------------------------------
                         required time                          6.633    
                         arrival time                          -5.871    
  -------------------------------------------------------------------
                         slack                                  0.762    





Min Delay Paths
--------------------------------------------------------------------------------------
Slack (MET) :             0.743ns  (arrival time - required time)
  Source:                 i_dram_wrapper/i_dram/inst/u_ddr4_mem_intfc/u_ddr_cal_top/u_ddr_mc_pi/rdEn[1].u_ddr_mc_rd_en_low/rdEn_reg[0]/C
                            (rising edge-triggered cell FDRE clocked by mmcm_clkout0  {rise@0.000ns fall@1.667ns period=3.333ns})
  Destination:            i_dram_wrapper/i_dram/inst/u_ddr4_mem_intfc/u_mig_ddr4_phy/inst/generate_block1.u_ddr_xiphy/byte_num[8].xiphy_byte_wrapper.u_xiphy_byte_wrapper/I_CONTROL[0].GEN_I_CONTROL.u_xiphy_control/xiphy_control/PHY_RDEN[0]
                            (rising edge-triggered cell BITSLICE_CONTROL clocked by pll_clk[2]_DIV  {rise@0.000ns fall@1.667ns period=3.333ns})
  Path Group:             pll_clk[2]_DIV
  Path Type:              Hold (Min at Slow Process Corner)
  Requirement:            0.000ns  (pll_clk[2]_DIV rise@0.000ns - mmcm_clkout0 rise@0.000ns)
  Data Path Delay:        0.553ns  (logic 0.058ns (10.488%)  route 0.495ns (89.512%))
  Logic Levels:           0  
  Clock Path Skew:        -0.611ns (DCD - SCD - CPR)
    Destination Clock Delay (DCD):    3.473ns
    Source Clock Delay      (SCD):    4.454ns
    Clock Pessimism Removal (CPR):    -0.370ns
  Clock Uncertainty:      0.154ns  ((TSJ^2 + DJ^2)^1/2) / 2 + PE
    Total System Jitter     (TSJ):    0.071ns
    Discrete Jitter          (DJ):    0.064ns
    Phase Error              (PE):    0.106ns
  Clock Net Delay (Source):      1.866ns (routing 0.777ns, distribution 1.089ns)
  Clock Net Delay (Destination): 0.147ns (routing 0.115ns, distribution 0.032ns)

    Location             Delay type                Incr(ns)  Path(ns)    Netlist Resource(s)
  -------------------------------------------------------------------    -------------------
                         (clock mmcm_clkout0 rise edge)
                                                      0.000     0.000 r  
    E12                                               0.000     0.000 r  sys_clk_p (IN)
                         net (fo=0)                   0.000     0.000    i_bufds_sys_clk/I
    HPIOBDIFFINBUF_X1Y300
                         DIFFINBUF (Prop_DIFFINBUF_HPIOBDIFFINBUF_DIFF_IN_P_O)
                                                      0.564     0.564 r  i_bufds_sys_clk/DIFFINBUF_INST/O
                         net (fo=1, routed)           0.040     0.604    i_bufds_sys_clk/OUT
    E12                  IBUFCTRL (Prop_IBUFCTRL_HPIOB_M_I_O)
                                                      0.000     0.604 r  i_bufds_sys_clk/IBUFCTRL_INST/O
                         net (fo=1, routed)           0.297     0.901    sys_clk
    BUFGCE_X1Y289        BUFGCE (Prop_BUFCE_BUFGCE_I_O)
                                                      0.024     0.925 r  sys_clk_BUFGCE_inst/O
                         net (fo=19, routed)          0.795     1.720    i_dram_wrapper/i_dram/inst/u_ddr4_infrastructure/mmcm_clk_in
    MMCM_X1Y13           MMCME4_ADV (Prop_MMCM_CLKIN1_CLKOUT0)
                                                      0.630     2.350 r  i_dram_wrapper/i_dram/inst/u_ddr4_infrastructure/gen_mmcme4.u_mmcme_adv_inst/CLKOUT0
                         net (fo=1, routed)           0.214     2.564    i_dram_wrapper/i_dram/inst/u_ddr4_infrastructure/mmcm_clkout0
    BUFGCE_X1Y332        BUFGCE (Prop_BUFCE_BUFGCE_I_O)
                                                      0.024     2.588 r  i_dram_wrapper/i_dram/inst/u_ddr4_infrastructure/u_bufg_divClk/O
    X4Y12 (CLOCK_ROOT)   net (fo=36893, routed)       1.866     4.454    i_dram_wrapper/i_dram/inst/u_ddr4_mem_intfc/u_ddr_cal_top/u_ddr_mc_pi/rdEn[1].u_ddr_mc_rd_en_low/rsMask_reg[6][9]_0
    SLICE_X133Y837       FDRE                                         r  i_dram_wrapper/i_dram/inst/u_ddr4_mem_intfc/u_ddr_cal_top/u_ddr_mc_pi/rdEn[1].u_ddr_mc_rd_en_low/rdEn_reg[0]/C
  -------------------------------------------------------------------    -------------------
    SLICE_X133Y837       FDRE (Prop_GFF_SLICEM_C_Q)
                                                      0.058     4.512 r  i_dram_wrapper/i_dram/inst/u_ddr4_mem_intfc/u_ddr_cal_top/u_ddr_mc_pi/rdEn[1].u_ddr_mc_rd_en_low/rdEn_reg[0]/Q
                         net (fo=1, routed)           0.495     5.007    i_dram_wrapper/i_dram/inst/u_ddr4_mem_intfc/u_mig_ddr4_phy/inst/generate_block1.u_ddr_xiphy/byte_num[8].xiphy_byte_wrapper.u_xiphy_byte_wrapper/I_CONTROL[0].GEN_I_CONTROL.u_xiphy_control/ch0_mcal_clb2phy_rden_low[0]
    BITSLICE_CONTROL_X1Y112
                         BITSLICE_CONTROL                             r  i_dram_wrapper/i_dram/inst/u_ddr4_mem_intfc/u_mig_ddr4_phy/inst/generate_block1.u_ddr_xiphy/byte_num[8].xiphy_byte_wrapper.u_xiphy_byte_wrapper/I_CONTROL[0].GEN_I_CONTROL.u_xiphy_control/xiphy_control/PHY_RDEN[0]
  -------------------------------------------------------------------    -------------------

                         (clock pll_clk[2]_DIV rise edge)
                                                      0.000     0.000 r  
    E12                                               0.000     0.000 r  sys_clk_p (IN)
                         net (fo=0)                   0.000     0.000    i_bufds_sys_clk/I
    HPIOBDIFFINBUF_X1Y300
                         DIFFINBUF (Prop_DIFFINBUF_HPIOBDIFFINBUF_DIFF_IN_P_O)
                                                      0.675     0.675 r  i_bufds_sys_clk/DIFFINBUF_INST/O
                         net (fo=1, routed)           0.050     0.725    i_bufds_sys_clk/OUT
    E12                  IBUFCTRL (Prop_IBUFCTRL_HPIOB_M_I_O)
                                                      0.000     0.725 r  i_bufds_sys_clk/IBUFCTRL_INST/O
                         net (fo=1, routed)           0.335     1.060    sys_clk
    BUFGCE_X1Y289        BUFGCE (Prop_BUFCE_BUFGCE_I_O)
                                                      0.028     1.088 r  sys_clk_BUFGCE_inst/O
                         net (fo=19, routed)          0.901     1.989    i_dram_wrapper/i_dram/inst/u_ddr4_infrastructure/mmcm_clk_in
    MMCM_X1Y13           MMCME4_ADV (Prop_MMCM_CLKIN1_CLKOUT0)
                                                     -0.127     1.862 r  i_dram_wrapper/i_dram/inst/u_ddr4_infrastructure/gen_mmcme4.u_mmcme_adv_inst/CLKOUT0
                         net (fo=1, routed)           0.244     2.106    i_dram_wrapper/i_dram/inst/u_ddr4_infrastructure/mmcm_clkout0
    BUFGCE_X1Y332        BUFGCE (Prop_BUFCE_BUFGCE_I_O)
                                                      0.028     2.134 r  i_dram_wrapper/i_dram/inst/u_ddr4_infrastructure/u_bufg_divClk/O
                         net (fo=36893, routed)       2.022     4.156    i_dram_wrapper/i_dram/inst/u_ddr4_mem_intfc/u_mig_ddr4_phy/inst/u_ddr4_phy_pll/div_clk
    PLL_X1Y28            PLLE4_ADV (Prop_PLL_CLKIN_CLKOUTPHY)
                                                     -1.141     3.014 r  i_dram_wrapper/i_dram/inst/u_ddr4_mem_intfc/u_mig_ddr4_phy/inst/u_ddr4_phy_pll/plle_loop[2].gen_plle4.PLLE4_BASE_INST_OTHER/CLKOUTPHY
    X4Y14 (CLOCK_ROOT)   net (fo=8, routed)           0.147     3.161    i_dram_wrapper/i_dram/inst/u_ddr4_mem_intfc/u_mig_ddr4_phy/inst/generate_block1.u_ddr_xiphy/byte_num[8].xiphy_byte_wrapper.u_xiphy_byte_wrapper/I_CONTROL[0].GEN_I_CONTROL.u_xiphy_control/pll_clk[0]
    BITSLICE_CONTROL_X1Y112
                         BITSLICE_CONTROL (Prop_CONTROL_BITSLICE_CONTROL_PLL_CLK_RX_DIV2_CLK_Q)
                                                      0.193     3.354 r  i_dram_wrapper/i_dram/inst/u_ddr4_mem_intfc/u_mig_ddr4_phy/inst/generate_block1.u_ddr_xiphy/byte_num[8].xiphy_byte_wrapper.u_xiphy_byte_wrapper/I_CONTROL[0].GEN_I_CONTROL.u_xiphy_control/xiphy_control/RX_DIV2_CLK_Q
    BITSLICE_CONTROL_X1Y112
                         BITSLICE_CONTROL (Prop_CONTROL_BITSLICE_CONTROL_RX_DIV2_CLK_Q_RX_DIV4_CLK_Q)
                                                      0.119     3.473 r  i_dram_wrapper/i_dram/inst/u_ddr4_mem_intfc/u_mig_ddr4_phy/inst/generate_block1.u_ddr_xiphy/byte_num[8].xiphy_byte_wrapper.u_xiphy_byte_wrapper/I_CONTROL[0].GEN_I_CONTROL.u_xiphy_control/xiphy_control/RX_DIV4_CLK_Q
                         clock pessimism              0.370     3.843    
                         clock uncertainty            0.154     3.997    
    BITSLICE_CONTROL_X1Y112
                         BITSLICE_CONTROL (Hold_CONTROL_BITSLICE_CONTROL_RX_DIV4_CLK_Q_PHY_RDEN[0])
                                                      0.267     4.264    i_dram_wrapper/i_dram/inst/u_ddr4_mem_intfc/u_mig_ddr4_phy/inst/generate_block1.u_ddr_xiphy/byte_num[8].xiphy_byte_wrapper.u_xiphy_byte_wrapper/I_CONTROL[0].GEN_I_CONTROL.u_xiphy_control/xiphy_control
  -------------------------------------------------------------------
                         required time                         -4.264    
                         arrival time                           5.007    
  -------------------------------------------------------------------
                         slack                                  0.743    





---------------------------------------------------------------------------------------------------
From Clock:  mmcm_clkout0
  To Clock:  mmcm_clkout6

Setup :            0  Failing Endpoints,  Worst Slack        1.892ns,  Total Violation        0.000ns
Hold  :            0  Failing Endpoints,  Worst Slack        0.115ns,  Total Violation        0.000ns
---------------------------------------------------------------------------------------------------


Max Delay Paths
--------------------------------------------------------------------------------------
Slack (MET) :             1.892ns  (required time - arrival time)
  Source:                 i_dram_wrapper/i_dram/inst/u_ddr4_mem_intfc/u_ddr_cal_top/sample_gts_reg/C
                            (rising edge-triggered cell FDRE clocked by mmcm_clkout0  {rise@0.000ns fall@1.667ns period=3.333ns})
  Destination:            i_dram_wrapper/i_dram/inst/u_ddr4_mem_intfc/u_ddr_cal_riu/sample_gts_riu_reg/D
                            (rising edge-triggered cell FDRE clocked by mmcm_clkout6  {rise@0.000ns fall@3.333ns period=6.667ns})
  Path Group:             mmcm_clkout6
  Path Type:              Setup (Max at Slow Process Corner)
  Requirement:            3.333ns  (mmcm_clkout6 rise@6.667ns - mmcm_clkout0 rise@3.333ns)
  Data Path Delay:        1.032ns  (logic 0.078ns (7.558%)  route 0.954ns (92.442%))
  Logic Levels:           0  
  Clock Path Skew:        -0.258ns (DCD - SCD + CPR)
    Destination Clock Delay (DCD):    4.438ns = ( 11.105 - 6.667 ) 
    Source Clock Delay      (SCD):    4.208ns = ( 7.541 - 3.333 ) 
    Clock Pessimism Removal (CPR):    -0.489ns
  Clock Uncertainty:      0.176ns  ((TSJ^2 + DJ^2)^1/2) / 2 + PE
    Total System Jitter     (TSJ):    0.071ns
    Discrete Jitter          (DJ):    0.087ns
    Phase Error              (PE):    0.120ns
  Clock Net Delay (Source):      2.074ns (routing 0.854ns, distribution 1.220ns)
  Clock Net Delay (Destination): 1.838ns (routing 0.758ns, distribution 1.080ns)

    Location             Delay type                Incr(ns)  Path(ns)    Netlist Resource(s)
  -------------------------------------------------------------------    -------------------
                         (clock mmcm_clkout0 rise edge)
                                                      3.333     3.333 r  
    E12                                               0.000     3.333 r  sys_clk_p (IN)
                         net (fo=0)                   0.000     3.333    i_bufds_sys_clk/I
    HPIOBDIFFINBUF_X1Y300
                         DIFFINBUF (Prop_DIFFINBUF_HPIOBDIFFINBUF_DIFF_IN_P_O)
                                                      0.675     4.008 r  i_bufds_sys_clk/DIFFINBUF_INST/O
                         net (fo=1, routed)           0.050     4.058    i_bufds_sys_clk/OUT
    E12                  IBUFCTRL (Prop_IBUFCTRL_HPIOB_M_I_O)
                                                      0.000     4.058 r  i_bufds_sys_clk/IBUFCTRL_INST/O
                         net (fo=1, routed)           0.335     4.393    sys_clk
    BUFGCE_X1Y289        BUFGCE (Prop_BUFCE_BUFGCE_I_O)
                                                      0.028     4.421 r  sys_clk_BUFGCE_inst/O
                         net (fo=19, routed)          0.901     5.322    i_dram_wrapper/i_dram/inst/u_ddr4_infrastructure/mmcm_clk_in
    MMCM_X1Y13           MMCME4_ADV (Prop_MMCM_CLKIN1_CLKOUT0)
                                                     -0.127     5.195 r  i_dram_wrapper/i_dram/inst/u_ddr4_infrastructure/gen_mmcme4.u_mmcme_adv_inst/CLKOUT0
                         net (fo=1, routed)           0.244     5.439    i_dram_wrapper/i_dram/inst/u_ddr4_infrastructure/mmcm_clkout0
    BUFGCE_X1Y332        BUFGCE (Prop_BUFCE_BUFGCE_I_O)
                                                      0.028     5.467 r  i_dram_wrapper/i_dram/inst/u_ddr4_infrastructure/u_bufg_divClk/O
    X4Y12 (CLOCK_ROOT)   net (fo=36893, routed)       2.074     7.541    i_dram_wrapper/i_dram/inst/u_ddr4_mem_intfc/u_ddr_cal_top/wosp_reg[2]_rep__7
    SLICE_X131Y764       FDRE                                         r  i_dram_wrapper/i_dram/inst/u_ddr4_mem_intfc/u_ddr_cal_top/sample_gts_reg/C
  -------------------------------------------------------------------    -------------------
    SLICE_X131Y764       FDRE (Prop_DFF_SLICEM_C_Q)
                                                      0.078     7.619 r  i_dram_wrapper/i_dram/inst/u_ddr4_mem_intfc/u_ddr_cal_top/sample_gts_reg/Q
                         net (fo=1, routed)           0.954     8.573    i_dram_wrapper/i_dram/inst/u_ddr4_mem_intfc/u_ddr_cal_riu/sample_gts
    SLICE_X131Y833       FDRE                                         r  i_dram_wrapper/i_dram/inst/u_ddr4_mem_intfc/u_ddr_cal_riu/sample_gts_riu_reg/D
  -------------------------------------------------------------------    -------------------

                         (clock mmcm_clkout6 rise edge)
                                                      6.667     6.667 r  
    E12                                               0.000     6.667 r  sys_clk_p (IN)
                         net (fo=0)                   0.000     6.667    i_bufds_sys_clk/I
    HPIOBDIFFINBUF_X1Y300
                         DIFFINBUF (Prop_DIFFINBUF_HPIOBDIFFINBUF_DIFF_IN_P_O)
                                                      0.564     7.231 r  i_bufds_sys_clk/DIFFINBUF_INST/O
                         net (fo=1, routed)           0.040     7.271    i_bufds_sys_clk/OUT
    E12                  IBUFCTRL (Prop_IBUFCTRL_HPIOB_M_I_O)
                                                      0.000     7.271 r  i_bufds_sys_clk/IBUFCTRL_INST/O
                         net (fo=1, routed)           0.297     7.568    sys_clk
    BUFGCE_X1Y289        BUFGCE (Prop_BUFCE_BUFGCE_I_O)
                                                      0.024     7.592 r  sys_clk_BUFGCE_inst/O
                         net (fo=19, routed)          0.795     8.387    i_dram_wrapper/i_dram/inst/u_ddr4_infrastructure/mmcm_clk_in
    MMCM_X1Y13           MMCME4_ADV (Prop_MMCM_CLKIN1_CLKOUT6)
                                                      0.630     9.017 r  i_dram_wrapper/i_dram/inst/u_ddr4_infrastructure/gen_mmcme4.u_mmcme_adv_inst/CLKOUT6
                         net (fo=1, routed)           0.226     9.243    i_dram_wrapper/i_dram/inst/u_ddr4_infrastructure/mmcm_clkout6
    BUFGCE_X1Y326        BUFGCE (Prop_BUFCE_BUFGCE_I_O)
                                                      0.024     9.267 r  i_dram_wrapper/i_dram/inst/u_ddr4_infrastructure/u_bufg_riuClk/O
    X4Y12 (CLOCK_ROOT)   net (fo=1746, routed)        1.838    11.105    i_dram_wrapper/i_dram/inst/u_ddr4_mem_intfc/u_ddr_cal_riu/CLK
    SLICE_X131Y833       FDRE                                         r  i_dram_wrapper/i_dram/inst/u_ddr4_mem_intfc/u_ddr_cal_riu/sample_gts_riu_reg/C
                         clock pessimism             -0.489    10.616    
                         clock uncertainty           -0.176    10.440    
    SLICE_X131Y833       FDRE (Setup_AFF_SLICEM_C_D)
                                                      0.025    10.465    i_dram_wrapper/i_dram/inst/u_ddr4_mem_intfc/u_ddr_cal_riu/sample_gts_riu_reg
  -------------------------------------------------------------------
                         required time                         10.465    
                         arrival time                          -8.573    
  -------------------------------------------------------------------
                         slack                                  1.892    





Min Delay Paths
--------------------------------------------------------------------------------------
Slack (MET) :             0.115ns  (arrival time - required time)
  Source:                 i_dram_wrapper/i_dram/inst/u_ddr4_mem_intfc/u_ddr_cal_top/sample_gts_reg/C
                            (rising edge-triggered cell FDRE clocked by mmcm_clkout0  {rise@0.000ns fall@1.667ns period=3.333ns})
  Destination:            i_dram_wrapper/i_dram/inst/u_ddr4_mem_intfc/u_ddr_cal_riu/sample_gts_riu_reg/D
                            (rising edge-triggered cell FDRE clocked by mmcm_clkout6  {rise@0.000ns fall@3.333ns period=6.667ns})
  Path Group:             mmcm_clkout6
  Path Type:              Hold (Min at Fast Process Corner)
  Requirement:            0.000ns  (mmcm_clkout6 rise@0.000ns - mmcm_clkout0 rise@0.000ns)
  Data Path Delay:        0.514ns  (logic 0.039ns (7.588%)  route 0.475ns (92.412%))
  Logic Levels:           0  
  Clock Path Skew:        0.177ns (DCD - SCD - CPR)
    Destination Clock Delay (DCD):    2.444ns
    Source Clock Delay      (SCD):    2.578ns
    Clock Pessimism Removal (CPR):    -0.312ns
  Clock Uncertainty:      0.176ns  ((TSJ^2 + DJ^2)^1/2) / 2 + PE
    Total System Jitter     (TSJ):    0.071ns
    Discrete Jitter          (DJ):    0.087ns
    Phase Error              (PE):    0.120ns
  Clock Net Delay (Source):      1.135ns (routing 0.468ns, distribution 0.667ns)
  Clock Net Delay (Destination): 1.279ns (routing 0.512ns, distribution 0.767ns)

    Location             Delay type                Incr(ns)  Path(ns)    Netlist Resource(s)
  -------------------------------------------------------------------    -------------------
                         (clock mmcm_clkout0 rise edge)
                                                      0.000     0.000 r  
    E12                                               0.000     0.000 r  sys_clk_p (IN)
                         net (fo=0)                   0.000     0.000    i_bufds_sys_clk/I
    HPIOBDIFFINBUF_X1Y300
                         DIFFINBUF (Prop_DIFFINBUF_HPIOBDIFFINBUF_DIFF_IN_P_O)
                                                      0.340     0.340 r  i_bufds_sys_clk/DIFFINBUF_INST/O
                         net (fo=1, routed)           0.040     0.380    i_bufds_sys_clk/OUT
    E12                  IBUFCTRL (Prop_IBUFCTRL_HPIOB_M_I_O)
                                                      0.000     0.380 r  i_bufds_sys_clk/IBUFCTRL_INST/O
                         net (fo=1, routed)           0.150     0.530    sys_clk
    BUFGCE_X1Y289        BUFGCE (Prop_BUFCE_BUFGCE_I_O)
                                                      0.017     0.547 r  sys_clk_BUFGCE_inst/O
                         net (fo=19, routed)          0.504     1.051    i_dram_wrapper/i_dram/inst/u_ddr4_infrastructure/mmcm_clk_in
    MMCM_X1Y13           MMCME4_ADV (Prop_MMCM_CLKIN1_CLKOUT0)
                                                      0.230     1.281 r  i_dram_wrapper/i_dram/inst/u_ddr4_infrastructure/gen_mmcme4.u_mmcme_adv_inst/CLKOUT0
                         net (fo=1, routed)           0.145     1.426    i_dram_wrapper/i_dram/inst/u_ddr4_infrastructure/mmcm_clkout0
    BUFGCE_X1Y332        BUFGCE (Prop_BUFCE_BUFGCE_I_O)
                                                      0.017     1.443 r  i_dram_wrapper/i_dram/inst/u_ddr4_infrastructure/u_bufg_divClk/O
    X4Y12 (CLOCK_ROOT)   net (fo=36893, routed)       1.135     2.578    i_dram_wrapper/i_dram/inst/u_ddr4_mem_intfc/u_ddr_cal_top/wosp_reg[2]_rep__7
    SLICE_X131Y764       FDRE                                         r  i_dram_wrapper/i_dram/inst/u_ddr4_mem_intfc/u_ddr_cal_top/sample_gts_reg/C
  -------------------------------------------------------------------    -------------------
    SLICE_X131Y764       FDRE (Prop_DFF_SLICEM_C_Q)
                                                      0.039     2.617 r  i_dram_wrapper/i_dram/inst/u_ddr4_mem_intfc/u_ddr_cal_top/sample_gts_reg/Q
                         net (fo=1, routed)           0.475     3.092    i_dram_wrapper/i_dram/inst/u_ddr4_mem_intfc/u_ddr_cal_riu/sample_gts
    SLICE_X131Y833       FDRE                                         r  i_dram_wrapper/i_dram/inst/u_ddr4_mem_intfc/u_ddr_cal_riu/sample_gts_riu_reg/D
  -------------------------------------------------------------------    -------------------

                         (clock mmcm_clkout6 rise edge)
                                                      0.000     0.000 r  
    E12                                               0.000     0.000 r  sys_clk_p (IN)
                         net (fo=0)                   0.000     0.000    i_bufds_sys_clk/I
    HPIOBDIFFINBUF_X1Y300
                         DIFFINBUF (Prop_DIFFINBUF_HPIOBDIFFINBUF_DIFF_IN_P_O)
                                                      0.446     0.446 r  i_bufds_sys_clk/DIFFINBUF_INST/O
                         net (fo=1, routed)           0.050     0.496    i_bufds_sys_clk/OUT
    E12                  IBUFCTRL (Prop_IBUFCTRL_HPIOB_M_I_O)
                                                      0.000     0.496 r  i_bufds_sys_clk/IBUFCTRL_INST/O
                         net (fo=1, routed)           0.183     0.679    sys_clk
    BUFGCE_X1Y289        BUFGCE (Prop_BUFCE_BUFGCE_I_O)
                                                      0.019     0.698 r  sys_clk_BUFGCE_inst/O
                         net (fo=19, routed)          0.567     1.265    i_dram_wrapper/i_dram/inst/u_ddr4_infrastructure/mmcm_clk_in
    MMCM_X1Y13           MMCME4_ADV (Prop_MMCM_CLKIN1_CLKOUT6)
                                                     -0.295     0.970 r  i_dram_wrapper/i_dram/inst/u_ddr4_infrastructure/gen_mmcme4.u_mmcme_adv_inst/CLKOUT6
                         net (fo=1, routed)           0.176     1.146    i_dram_wrapper/i_dram/inst/u_ddr4_infrastructure/mmcm_clkout6
    BUFGCE_X1Y326        BUFGCE (Prop_BUFCE_BUFGCE_I_O)
                                                      0.019     1.165 r  i_dram_wrapper/i_dram/inst/u_ddr4_infrastructure/u_bufg_riuClk/O
    X4Y12 (CLOCK_ROOT)   net (fo=1746, routed)        1.279     2.444    i_dram_wrapper/i_dram/inst/u_ddr4_mem_intfc/u_ddr_cal_riu/CLK
    SLICE_X131Y833       FDRE                                         r  i_dram_wrapper/i_dram/inst/u_ddr4_mem_intfc/u_ddr_cal_riu/sample_gts_riu_reg/C
                         clock pessimism              0.312     2.755    
                         clock uncertainty            0.176     2.931    
    SLICE_X131Y833       FDRE (Hold_AFF_SLICEM_C_D)
                                                      0.046     2.977    i_dram_wrapper/i_dram/inst/u_ddr4_mem_intfc/u_ddr_cal_riu/sample_gts_riu_reg
  -------------------------------------------------------------------
                         required time                         -2.977    
                         arrival time                           3.092    
  -------------------------------------------------------------------
                         slack                                  0.115    





---------------------------------------------------------------------------------------------------
Path Group:  **async_default**
From Clock:  clk_50_clkwiz
  To Clock:  clk_50_clkwiz

Setup :            0  Failing Endpoints,  Worst Slack        9.937ns,  Total Violation        0.000ns
Hold  :            0  Failing Endpoints,  Worst Slack        0.122ns,  Total Violation        0.000ns
---------------------------------------------------------------------------------------------------


Max Delay Paths
--------------------------------------------------------------------------------------
Slack (MET) :             9.937ns  (required time - arrival time)
  Source:                 i_rstgen/i_rstgen_bypass/synch_regs_q_reg[3]/C
                            (rising edge-triggered cell FDCE clocked by clk_50_clkwiz  {rise@0.000ns fall@10.000ns period=20.000ns})
  Destination:            i_dram_wrapper/gen_cdc.i_axi_cdc_mig/i_axi_cdc_src/i_cdc_fifo_gray_src_w/gen_fpga_write.gen_slice[8].select_q_reg[29]/CLR
                            (recovery check against rising-edge clock clk_50_clkwiz  {rise@0.000ns fall@10.000ns period=20.000ns})
  Path Group:             **async_default**
  Path Type:              Recovery (Max at Slow Process Corner)
  Requirement:            20.000ns  (clk_50_clkwiz rise@20.000ns - clk_50_clkwiz rise@0.000ns)
  Data Path Delay:        9.671ns  (logic 0.198ns (2.047%)  route 9.473ns (97.953%))
  Logic Levels:           2  (BUFGCE=1 LUT1=1)
  Clock Path Skew:        -0.034ns (DCD - SCD + CPR)
    Destination Clock Delay (DCD):    6.030ns = ( 26.030 - 20.000 ) 
    Source Clock Delay      (SCD):    5.814ns
    Clock Pessimism Removal (CPR):    -0.251ns
  Clock Uncertainty:      0.083ns  ((TSJ^2 + DJ^2)^1/2) / 2 + PE
    Total System Jitter     (TSJ):    0.071ns
    Discrete Jitter          (DJ):    0.150ns
    Phase Error              (PE):    0.000ns
  Inter-SLR Compensation: 0.209ns  ((DCD - CCD) * PF)
    Destination Clock Delay (DCD):    6.030ns
    Common Clock Delay      (CCD):    4.640ns
    Prorating Factor         (PF):    0.150
  Clock Net Delay (Source):      3.590ns (routing 1.870ns, distribution 1.720ns)
  Clock Net Delay (Destination): 3.361ns (routing 1.700ns, distribution 1.661ns)

    Location             Delay type                Incr(ns)  Path(ns)    Netlist Resource(s)
  -------------------------------------------------------------------    -------------------
                         (clock clk_50_clkwiz rise edge)
                                                      0.000     0.000 r  
    E12                                               0.000     0.000 r  sys_clk_p (IN)
                         net (fo=0)                   0.000     0.000    i_bufds_sys_clk/I
    HPIOBDIFFINBUF_X1Y300
                         DIFFINBUF (Prop_DIFFINBUF_HPIOBDIFFINBUF_DIFF_IN_P_O)
                                                      0.675     0.675 r  i_bufds_sys_clk/DIFFINBUF_INST/O
                         net (fo=1, routed)           0.050     0.725    i_bufds_sys_clk/OUT
    E12                  IBUFCTRL (Prop_IBUFCTRL_HPIOB_M_I_O)
                                                      0.000     0.725 r  i_bufds_sys_clk/IBUFCTRL_INST/O
                         net (fo=1, routed)           0.335     1.060    sys_clk
    BUFGCE_X1Y289        BUFGCE (Prop_BUFCE_BUFGCE_I_O)
                                                      0.028     1.088 r  sys_clk_BUFGCE_inst/O
                         net (fo=19, routed)          0.991     2.079    i_clkwiz/inst/clk_in1
    MMCM_X1Y11           MMCME4_ADV (Prop_MMCM_CLKIN1_CLKOUT0)
                                                     -0.127     1.952 r  i_clkwiz/inst/mmcme4_adv_inst/CLKOUT0
                         net (fo=1, routed)           0.244     2.196    i_clkwiz/inst/clk_50_clkwiz
    BUFGCE_X1Y266        BUFGCE (Prop_BUFCE_BUFGCE_I_O)
                                                      0.028     2.224 r  i_clkwiz/inst/clkout1_buf/O
    X2Y7 (CLOCK_ROOT)    net (fo=199676, routed)      3.590     5.814    i_rstgen/i_rstgen_bypass/clk_i
    SLR Crossing[2->1]   
    SLICE_X89Y597        FDCE                                         r  i_rstgen/i_rstgen_bypass/synch_regs_q_reg[3]/C
  -------------------------------------------------------------------    -------------------
    SLICE_X89Y597        FDCE (Prop_CFF2_SLICEL_C_Q)
                                                      0.080     5.894 r  i_rstgen/i_rstgen_bypass/synch_regs_q_reg[3]/Q
                         net (fo=759, routed)         1.884     7.778    i_rstgen/i_rstgen_bypass/synch_regs_q[3]
    BUFGCE_X0Y224        BUFGCE (Prop_BUFCE_BUFGCE_I_O)
                                                      0.028     7.806 r  i_rstgen/i_rstgen_bypass/synch_regs_q[3]_BUFG_inst/O
                         net (fo=158465, routed)      2.165     9.971    i_dram_wrapper/gen_cdc.i_axi_cdc_mig/i_axi_cdc_src/i_cdc_fifo_gray_src_w/src_rst_ni
    SLR Crossing[1->2]   
    SLICE_X74Y889        LUT1 (Prop_H6LUT_SLICEM_I0_O)
                                                      0.090    10.061 f  i_dram_wrapper/gen_cdc.i_axi_cdc_mig/i_axi_cdc_src/i_cdc_fifo_gray_src_w/gen_fpga_write.gen_slice[9].gen_word[31].word_q[2]_i_2/O
                         net (fo=320, routed)         5.424    15.485    i_dram_wrapper/gen_cdc.i_axi_cdc_mig/i_axi_cdc_src/i_cdc_fifo_gray_src_w/gen_fpga_write.gen_slice[9].gen_word[31].word_q[2]_i_2_n_0
    SLICE_X100Y667       FDCE                                         f  i_dram_wrapper/gen_cdc.i_axi_cdc_mig/i_axi_cdc_src/i_cdc_fifo_gray_src_w/gen_fpga_write.gen_slice[8].select_q_reg[29]/CLR
  -------------------------------------------------------------------    -------------------

                         (clock clk_50_clkwiz rise edge)
                                                     20.000    20.000 r  
    E12                                               0.000    20.000 r  sys_clk_p (IN)
                         net (fo=0)                   0.000    20.000    i_bufds_sys_clk/I
    HPIOBDIFFINBUF_X1Y300
                         DIFFINBUF (Prop_DIFFINBUF_HPIOBDIFFINBUF_DIFF_IN_P_O)
                                                      0.564    20.564 r  i_bufds_sys_clk/DIFFINBUF_INST/O
                         net (fo=1, routed)           0.040    20.604    i_bufds_sys_clk/OUT
    E12                  IBUFCTRL (Prop_IBUFCTRL_HPIOB_M_I_O)
                                                      0.000    20.604 r  i_bufds_sys_clk/IBUFCTRL_INST/O
                         net (fo=1, routed)           0.297    20.901    sys_clk
    BUFGCE_X1Y289        BUFGCE (Prop_BUFCE_BUFGCE_I_O)
                                                      0.024    20.925 r  sys_clk_BUFGCE_inst/O
                         net (fo=19, routed)          0.876    21.801    i_clkwiz/inst/clk_in1
    MMCM_X1Y11           MMCME4_ADV (Prop_MMCM_CLKIN1_CLKOUT0)
                                                      0.630    22.431 r  i_clkwiz/inst/mmcme4_adv_inst/CLKOUT0
                         net (fo=1, routed)           0.214    22.645    i_clkwiz/inst/clk_50_clkwiz
    BUFGCE_X1Y266        BUFGCE (Prop_BUFCE_BUFGCE_I_O)
                                                      0.024    22.669 r  i_clkwiz/inst/clkout1_buf/O
    X2Y7 (CLOCK_ROOT)    net (fo=199676, routed)      3.361    26.030    i_dram_wrapper/gen_cdc.i_axi_cdc_mig/i_axi_cdc_src/i_cdc_fifo_gray_src_w/src_clk_i
    SLICE_X100Y667       FDCE                                         r  i_dram_wrapper/gen_cdc.i_axi_cdc_mig/i_axi_cdc_src/i_cdc_fifo_gray_src_w/gen_fpga_write.gen_slice[8].select_q_reg[29]/C
                         clock pessimism             -0.251    25.780    
                         inter-SLR compensation      -0.209    25.571    
                         clock uncertainty           -0.083    25.488    
    SLICE_X100Y667       FDCE (Recov_AFF_SLICEM_C_CLR)
                                                     -0.066    25.422    i_dram_wrapper/gen_cdc.i_axi_cdc_mig/i_axi_cdc_src/i_cdc_fifo_gray_src_w/gen_fpga_write.gen_slice[8].select_q_reg[29]
  -------------------------------------------------------------------
                         required time                         25.422    
                         arrival time                         -15.485    
  -------------------------------------------------------------------
                         slack                                  9.937    





Min Delay Paths
--------------------------------------------------------------------------------------
Slack (MET) :             0.122ns  (arrival time - required time)
  Source:                 dbg_hub/inst/BSCANID.u_xsdbm_id/CORE_XSDB.UUT_MASTER/U_XSDB_BUS_CONTROLLER/clr_rd_req_reg/C
                            (rising edge-triggered cell FDCE clocked by clk_50_clkwiz  {rise@0.000ns fall@10.000ns period=20.000ns})
  Destination:            dbg_hub/inst/BSCANID.u_xsdbm_id/CORE_XSDB.UUT_MASTER/U_XSDB_BUS_CONTROLLER/U_RD_REQ_FLAG/G_POS_EDGE.flag_reg/CLR
                            (removal check against rising-edge clock clk_50_clkwiz  {rise@0.000ns fall@10.000ns period=20.000ns})
  Path Group:             **async_default**
  Path Type:              Removal (Min at Fast Process Corner)
  Requirement:            0.000ns  (clk_50_clkwiz rise@0.000ns - clk_50_clkwiz rise@0.000ns)
  Data Path Delay:        0.115ns  (logic 0.039ns (33.913%)  route 0.076ns (66.087%))
  Logic Levels:           0  
  Clock Path Skew:        0.013ns (DCD - SCD - CPR)
    Destination Clock Delay (DCD):    3.504ns
    Source Clock Delay      (SCD):    3.543ns
    Clock Pessimism Removal (CPR):    -0.053ns
  Clock Net Delay (Source):      2.052ns (routing 1.022ns, distribution 1.030ns)
  Clock Net Delay (Destination): 2.295ns (routing 1.135ns, distribution 1.160ns)

    Location             Delay type                Incr(ns)  Path(ns)    Netlist Resource(s)
  -------------------------------------------------------------------    -------------------
                         (clock clk_50_clkwiz rise edge)
                                                      0.000     0.000 r  
    E12                                               0.000     0.000 r  sys_clk_p (IN)
                         net (fo=0)                   0.000     0.000    i_bufds_sys_clk/I
    HPIOBDIFFINBUF_X1Y300
                         DIFFINBUF (Prop_DIFFINBUF_HPIOBDIFFINBUF_DIFF_IN_P_O)
                                                      0.340     0.340 r  i_bufds_sys_clk/DIFFINBUF_INST/O
                         net (fo=1, routed)           0.040     0.380    i_bufds_sys_clk/OUT
    E12                  IBUFCTRL (Prop_IBUFCTRL_HPIOB_M_I_O)
                                                      0.000     0.380 r  i_bufds_sys_clk/IBUFCTRL_INST/O
                         net (fo=1, routed)           0.150     0.530    sys_clk
    BUFGCE_X1Y289        BUFGCE (Prop_BUFCE_BUFGCE_I_O)
                                                      0.017     0.547 r  sys_clk_BUFGCE_inst/O
                         net (fo=19, routed)          0.552     1.099    i_clkwiz/inst/clk_in1
    MMCM_X1Y11           MMCME4_ADV (Prop_MMCM_CLKIN1_CLKOUT0)
                                                      0.230     1.329 r  i_clkwiz/inst/mmcme4_adv_inst/CLKOUT0
                         net (fo=1, routed)           0.145     1.474    i_clkwiz/inst/clk_50_clkwiz
    BUFGCE_X1Y266        BUFGCE (Prop_BUFCE_BUFGCE_I_O)
                                                      0.017     1.491 r  i_clkwiz/inst/clkout1_buf/O
    X2Y7 (CLOCK_ROOT)    net (fo=199676, routed)      2.052     3.543    dbg_hub/inst/BSCANID.u_xsdbm_id/CORE_XSDB.UUT_MASTER/U_XSDB_BUS_CONTROLLER/clk
    SLICE_X108Y615       FDCE                                         r  dbg_hub/inst/BSCANID.u_xsdbm_id/CORE_XSDB.UUT_MASTER/U_XSDB_BUS_CONTROLLER/clr_rd_req_reg/C
  -------------------------------------------------------------------    -------------------
    SLICE_X108Y615       FDCE (Prop_DFF_SLICEM_C_Q)
                                                      0.039     3.582 f  dbg_hub/inst/BSCANID.u_xsdbm_id/CORE_XSDB.UUT_MASTER/U_XSDB_BUS_CONTROLLER/clr_rd_req_reg/Q
                         net (fo=2, routed)           0.076     3.658    dbg_hub/inst/BSCANID.u_xsdbm_id/CORE_XSDB.UUT_MASTER/U_XSDB_BUS_CONTROLLER/U_RD_REQ_FLAG/clr_rd_req
    SLICE_X108Y615       FDCE                                         f  dbg_hub/inst/BSCANID.u_xsdbm_id/CORE_XSDB.UUT_MASTER/U_XSDB_BUS_CONTROLLER/U_RD_REQ_FLAG/G_POS_EDGE.flag_reg/CLR
  -------------------------------------------------------------------    -------------------

                         (clock clk_50_clkwiz rise edge)
                                                      0.000     0.000 r  
    E12                                               0.000     0.000 r  sys_clk_p (IN)
                         net (fo=0)                   0.000     0.000    i_bufds_sys_clk/I
    HPIOBDIFFINBUF_X1Y300
                         DIFFINBUF (Prop_DIFFINBUF_HPIOBDIFFINBUF_DIFF_IN_P_O)
                                                      0.446     0.446 r  i_bufds_sys_clk/DIFFINBUF_INST/O
                         net (fo=1, routed)           0.050     0.496    i_bufds_sys_clk/OUT
    E12                  IBUFCTRL (Prop_IBUFCTRL_HPIOB_M_I_O)
                                                      0.000     0.496 r  i_bufds_sys_clk/IBUFCTRL_INST/O
                         net (fo=1, routed)           0.183     0.679    sys_clk
    BUFGCE_X1Y289        BUFGCE (Prop_BUFCE_BUFGCE_I_O)
                                                      0.019     0.698 r  sys_clk_BUFGCE_inst/O
                         net (fo=19, routed)          0.622     1.320    i_clkwiz/inst/clk_in1
    MMCM_X1Y11           MMCME4_ADV (Prop_MMCM_CLKIN1_CLKOUT0)
                                                     -0.295     1.025 r  i_clkwiz/inst/mmcme4_adv_inst/CLKOUT0
                         net (fo=1, routed)           0.165     1.190    i_clkwiz/inst/clk_50_clkwiz
    BUFGCE_X1Y266        BUFGCE (Prop_BUFCE_BUFGCE_I_O)
                                                      0.019     1.209 r  i_clkwiz/inst/clkout1_buf/O
    X2Y7 (CLOCK_ROOT)    net (fo=199676, routed)      2.295     3.504    dbg_hub/inst/BSCANID.u_xsdbm_id/CORE_XSDB.UUT_MASTER/U_XSDB_BUS_CONTROLLER/U_RD_REQ_FLAG/clk
    SLICE_X108Y615       FDCE                                         r  dbg_hub/inst/BSCANID.u_xsdbm_id/CORE_XSDB.UUT_MASTER/U_XSDB_BUS_CONTROLLER/U_RD_REQ_FLAG/G_POS_EDGE.flag_reg/C
                         clock pessimism              0.053     3.556    
    SLICE_X108Y615       FDCE (Remov_HFF2_SLICEM_C_CLR)
                                                     -0.020     3.536    dbg_hub/inst/BSCANID.u_xsdbm_id/CORE_XSDB.UUT_MASTER/U_XSDB_BUS_CONTROLLER/U_RD_REQ_FLAG/G_POS_EDGE.flag_reg
  -------------------------------------------------------------------
                         required time                         -3.536    
                         arrival time                           3.658    
  -------------------------------------------------------------------
                         slack                                  0.122    





---------------------------------------------------------------------------------------------------
Path Group:  **async_default**
From Clock:  dbg_hub/inst/BSCANID.u_xsdbm_id/SWITCH_N_EXT_BSCAN.bscan_inst/SERIES7_BSCAN.bscan_inst/INTERNAL_TCK
  To Clock:  dbg_hub/inst/BSCANID.u_xsdbm_id/SWITCH_N_EXT_BSCAN.bscan_inst/SERIES7_BSCAN.bscan_inst/INTERNAL_TCK

Setup :            0  Failing Endpoints,  Worst Slack       47.454ns,  Total Violation        0.000ns
Hold  :            0  Failing Endpoints,  Worst Slack        0.127ns,  Total Violation        0.000ns
---------------------------------------------------------------------------------------------------


Max Delay Paths
--------------------------------------------------------------------------------------
Slack (MET) :             47.454ns  (required time - arrival time)
  Source:                 dbg_hub/inst/BSCANID.u_xsdbm_id/SWITCH_N_EXT_BSCAN.bscan_switch/portno_reg[5]/C
                            (rising edge-triggered cell FDRE clocked by dbg_hub/inst/BSCANID.u_xsdbm_id/SWITCH_N_EXT_BSCAN.bscan_inst/SERIES7_BSCAN.bscan_inst/INTERNAL_TCK  {rise@0.000ns fall@25.000ns period=50.000ns})
  Destination:            dbg_hub/inst/BSCANID.u_xsdbm_id/CORE_XSDB.U_ICON/U_CMD/iTARGET_reg[15]/CLR
                            (recovery check against rising-edge clock dbg_hub/inst/BSCANID.u_xsdbm_id/SWITCH_N_EXT_BSCAN.bscan_inst/SERIES7_BSCAN.bscan_inst/INTERNAL_TCK  {rise@0.000ns fall@25.000ns period=50.000ns})
  Path Group:             **async_default**
  Path Type:              Recovery (Max at Slow Process Corner)
  Requirement:            50.000ns  (dbg_hub/inst/BSCANID.u_xsdbm_id/SWITCH_N_EXT_BSCAN.bscan_inst/SERIES7_BSCAN.bscan_inst/INTERNAL_TCK rise@50.000ns - dbg_hub/inst/BSCANID.u_xsdbm_id/SWITCH_N_EXT_BSCAN.bscan_inst/SERIES7_BSCAN.bscan_inst/INTERNAL_TCK rise@0.000ns)
  Data Path Delay:        2.121ns  (logic 0.282ns (13.296%)  route 1.839ns (86.704%))
  Logic Levels:           2  (LUT4=1 LUT6=1)
  Clock Path Skew:        -0.323ns (DCD - SCD + CPR)
    Destination Clock Delay (DCD):    4.929ns = ( 54.929 - 50.000 ) 
    Source Clock Delay      (SCD):    10.789ns
    Clock Pessimism Removal (CPR):    5.537ns
  Clock Uncertainty:      0.035ns  ((TSJ^2 + TIJ^2)^1/2 + DJ) / 2 + PE
    Total System Jitter     (TSJ):    0.071ns
    Total Input Jitter      (TIJ):    0.000ns
    Discrete Jitter          (DJ):    0.000ns
    Phase Error              (PE):    0.000ns
  Clock Net Delay (Source):      2.287ns (routing 1.172ns, distribution 1.115ns)
  Clock Net Delay (Destination): 1.820ns (routing 1.066ns, distribution 0.754ns)

    Location             Delay type                Incr(ns)  Path(ns)    Netlist Resource(s)
  -------------------------------------------------------------------    -------------------
                         (clock dbg_hub/inst/BSCANID.u_xsdbm_id/SWITCH_N_EXT_BSCAN.bscan_inst/SERIES7_BSCAN.bscan_inst/INTERNAL_TCK rise edge)
                                                      0.000     0.000 r  
    CONFIG_SITE_X0Y1     BSCANE2                      0.000     0.000 r  dbg_hub/inst/BSCANID.u_xsdbm_id/SWITCH_N_EXT_BSCAN.bscan_inst/SERIES7_BSCAN.bscan_inst/INTERNAL_TCK
    CONFIG_SITE_X0Y1     BSCANE2 (Prop_BSCAN1_CONFIG_SITE_INTERNAL_TCK_TCK)
                                                      4.300     4.300 r  dbg_hub/inst/BSCANID.u_xsdbm_id/SWITCH_N_EXT_BSCAN.bscan_inst/SERIES7_BSCAN.bscan_inst/TCK
                         net (fo=1, routed)           4.174     8.474    dbg_hub/inst/BSCANID.u_xsdbm_id/tck_bs
    SLR Crossing[1->2]   
    BUFGCE_X1Y288        BUFGCE (Prop_BUFCE_BUFGCE_I_O)
                                                      0.028     8.502 r  dbg_hub/inst/BSCANID.u_xsdbm_id/SWITCH_N_EXT_BSCAN.u_bufg_icon_tck/O
    X3Y10 (CLOCK_ROOT)   net (fo=494, routed)         2.287    10.789    dbg_hub/inst/BSCANID.u_xsdbm_id/SWITCH_N_EXT_BSCAN.bscan_switch/s_bscan_tck
    SLICE_X145Y606       FDRE                                         r  dbg_hub/inst/BSCANID.u_xsdbm_id/SWITCH_N_EXT_BSCAN.bscan_switch/portno_reg[5]/C
  -------------------------------------------------------------------    -------------------
    SLICE_X145Y606       FDRE (Prop_GFF2_SLICEL_C_Q)
                                                      0.081    10.870 f  dbg_hub/inst/BSCANID.u_xsdbm_id/SWITCH_N_EXT_BSCAN.bscan_switch/portno_reg[5]/Q
                         net (fo=1, routed)           0.219    11.089    dbg_hub/inst/BSCANID.u_xsdbm_id/SWITCH_N_EXT_BSCAN.bscan_switch/portno[5]
    SLICE_X145Y606       LUT6 (Prop_H6LUT_SLICEL_I5_O)
                                                      0.090    11.179 f  dbg_hub/inst/BSCANID.u_xsdbm_id/SWITCH_N_EXT_BSCAN.bscan_switch/m_bscan_drck[0]_INST_0_i_1/O
                         net (fo=5, routed)           0.231    11.410    dbg_hub/inst/BSCANID.u_xsdbm_id/SWITCH_N_EXT_BSCAN.bscan_switch/m_bscan_drck[0]_INST_0_i_1_n_0
    SLICE_X144Y610       LUT4 (Prop_C5LUT_SLICEM_I3_O)
                                                      0.111    11.521 r  dbg_hub/inst/BSCANID.u_xsdbm_id/SWITCH_N_EXT_BSCAN.bscan_switch/m_bscan_sel[0]_INST_0/O
                         net (fo=11, routed)          1.389    12.910    dbg_hub/inst/BSCANID.u_xsdbm_id/CORE_XSDB.U_ICON/U_CMD/iTARGET_reg[6]_0
    SLICE_X111Y615       FDCE                                         f  dbg_hub/inst/BSCANID.u_xsdbm_id/CORE_XSDB.U_ICON/U_CMD/iTARGET_reg[15]/CLR  (IS_INVERTED)
  -------------------------------------------------------------------    -------------------

                         (clock dbg_hub/inst/BSCANID.u_xsdbm_id/SWITCH_N_EXT_BSCAN.bscan_inst/SERIES7_BSCAN.bscan_inst/INTERNAL_TCK rise edge)
                                                     50.000    50.000 r  
    CONFIG_SITE_X0Y1     BSCANE2                      0.000    50.000 r  dbg_hub/inst/BSCANID.u_xsdbm_id/SWITCH_N_EXT_BSCAN.bscan_inst/SERIES7_BSCAN.bscan_inst/INTERNAL_TCK
    CONFIG_SITE_X0Y1     BSCANE2 (Prop_BSCAN1_CONFIG_SITE_INTERNAL_TCK_TCK)
                                                      0.465    50.465 r  dbg_hub/inst/BSCANID.u_xsdbm_id/SWITCH_N_EXT_BSCAN.bscan_inst/SERIES7_BSCAN.bscan_inst/TCK
                         net (fo=1, routed)           2.620    53.085    dbg_hub/inst/BSCANID.u_xsdbm_id/tck_bs
    SLR Crossing[1->2]   
    BUFGCE_X1Y288        BUFGCE (Prop_BUFCE_BUFGCE_I_O)
                                                      0.024    53.109 r  dbg_hub/inst/BSCANID.u_xsdbm_id/SWITCH_N_EXT_BSCAN.u_bufg_icon_tck/O
    X3Y10 (CLOCK_ROOT)   net (fo=494, routed)         1.820    54.929    dbg_hub/inst/BSCANID.u_xsdbm_id/CORE_XSDB.U_ICON/U_CMD/m_bscan_tck[0]
    SLICE_X111Y615       FDCE                                         r  dbg_hub/inst/BSCANID.u_xsdbm_id/CORE_XSDB.U_ICON/U_CMD/iTARGET_reg[15]/C
                         clock pessimism              5.537    60.466    
                         clock uncertainty           -0.035    60.430    
    SLICE_X111Y615       FDCE (Recov_AFF_SLICEL_C_CLR)
                                                     -0.066    60.364    dbg_hub/inst/BSCANID.u_xsdbm_id/CORE_XSDB.U_ICON/U_CMD/iTARGET_reg[15]
  -------------------------------------------------------------------
                         required time                         60.364    
                         arrival time                         -12.910    
  -------------------------------------------------------------------
                         slack                                 47.454    





Min Delay Paths
--------------------------------------------------------------------------------------
Slack (MET) :             0.127ns  (arrival time - required time)
  Source:                 dbg_hub/inst/BSCANID.u_xsdbm_id/CORE_XSDB.UUT_MASTER/U_ICON_INTERFACE/U_CMD6_WR/U_WR_FIFO/SUBCORE_FIFO.xsdbm_v3_0_0_wrfifo_inst/inst_fifo_gen/gconvfifo.rf/grf.rf/rstblk/ngwrdrst.grst.g7serrst.rst_wr_reg2_reg/C
                            (rising edge-triggered cell FDPE clocked by dbg_hub/inst/BSCANID.u_xsdbm_id/SWITCH_N_EXT_BSCAN.bscan_inst/SERIES7_BSCAN.bscan_inst/INTERNAL_TCK  {rise@0.000ns fall@25.000ns period=50.000ns})
  Destination:            dbg_hub/inst/BSCANID.u_xsdbm_id/CORE_XSDB.UUT_MASTER/U_ICON_INTERFACE/U_CMD6_WR/U_WR_FIFO/SUBCORE_FIFO.xsdbm_v3_0_0_wrfifo_inst/inst_fifo_gen/gconvfifo.rf/grf.rf/rstblk/ngwrdrst.grst.g7serrst.wr_rst_asreg_reg/PRE
                            (removal check against rising-edge clock dbg_hub/inst/BSCANID.u_xsdbm_id/SWITCH_N_EXT_BSCAN.bscan_inst/SERIES7_BSCAN.bscan_inst/INTERNAL_TCK  {rise@0.000ns fall@25.000ns period=50.000ns})
  Path Group:             **async_default**
  Path Type:              Removal (Min at Fast Process Corner)
  Requirement:            0.000ns  (dbg_hub/inst/BSCANID.u_xsdbm_id/SWITCH_N_EXT_BSCAN.bscan_inst/SERIES7_BSCAN.bscan_inst/INTERNAL_TCK rise@0.000ns - dbg_hub/inst/BSCANID.u_xsdbm_id/SWITCH_N_EXT_BSCAN.bscan_inst/SERIES7_BSCAN.bscan_inst/INTERNAL_TCK rise@0.000ns)
  Data Path Delay:        0.156ns  (logic 0.039ns (25.000%)  route 0.117ns (75.000%))
  Logic Levels:           0  
  Clock Path Skew:        0.049ns (DCD - SCD - CPR)
    Destination Clock Delay (DCD):    8.454ns
    Source Clock Delay      (SCD):    3.615ns
    Clock Pessimism Removal (CPR):    4.790ns
  Clock Net Delay (Source):      1.130ns (routing 0.644ns, distribution 0.486ns)
  Clock Net Delay (Destination): 1.277ns (routing 0.719ns, distribution 0.558ns)

    Location             Delay type                Incr(ns)  Path(ns)    Netlist Resource(s)
  -------------------------------------------------------------------    -------------------
                         (clock dbg_hub/inst/BSCANID.u_xsdbm_id/SWITCH_N_EXT_BSCAN.bscan_inst/SERIES7_BSCAN.bscan_inst/INTERNAL_TCK rise edge)
                                                      0.000     0.000 r  
    CONFIG_SITE_X0Y1     BSCANE2                      0.000     0.000 r  dbg_hub/inst/BSCANID.u_xsdbm_id/SWITCH_N_EXT_BSCAN.bscan_inst/SERIES7_BSCAN.bscan_inst/INTERNAL_TCK
    CONFIG_SITE_X0Y1     BSCANE2 (Prop_BSCAN1_CONFIG_SITE_INTERNAL_TCK_TCK)
                                                      0.465     0.465 r  dbg_hub/inst/BSCANID.u_xsdbm_id/SWITCH_N_EXT_BSCAN.bscan_inst/SERIES7_BSCAN.bscan_inst/TCK
                         net (fo=1, routed)           2.003     2.468    dbg_hub/inst/BSCANID.u_xsdbm_id/tck_bs
    SLR Crossing[1->2]   
    BUFGCE_X1Y288        BUFGCE (Prop_BUFCE_BUFGCE_I_O)
                                                      0.017     2.485 r  dbg_hub/inst/BSCANID.u_xsdbm_id/SWITCH_N_EXT_BSCAN.u_bufg_icon_tck/O
    X3Y10 (CLOCK_ROOT)   net (fo=494, routed)         1.130     3.615    dbg_hub/inst/BSCANID.u_xsdbm_id/CORE_XSDB.UUT_MASTER/U_ICON_INTERFACE/U_CMD6_WR/U_WR_FIFO/SUBCORE_FIFO.xsdbm_v3_0_0_wrfifo_inst/inst_fifo_gen/gconvfifo.rf/grf.rf/rstblk/wr_clk
    SLICE_X107Y612       FDPE                                         r  dbg_hub/inst/BSCANID.u_xsdbm_id/CORE_XSDB.UUT_MASTER/U_ICON_INTERFACE/U_CMD6_WR/U_WR_FIFO/SUBCORE_FIFO.xsdbm_v3_0_0_wrfifo_inst/inst_fifo_gen/gconvfifo.rf/grf.rf/rstblk/ngwrdrst.grst.g7serrst.rst_wr_reg2_reg/C
  -------------------------------------------------------------------    -------------------
    SLICE_X107Y612       FDPE (Prop_AFF2_SLICEM_C_Q)
                                                      0.039     3.654 f  dbg_hub/inst/BSCANID.u_xsdbm_id/CORE_XSDB.UUT_MASTER/U_ICON_INTERFACE/U_CMD6_WR/U_WR_FIFO/SUBCORE_FIFO.xsdbm_v3_0_0_wrfifo_inst/inst_fifo_gen/gconvfifo.rf/grf.rf/rstblk/ngwrdrst.grst.g7serrst.rst_wr_reg2_reg/Q
                         net (fo=1, routed)           0.117     3.771    dbg_hub/inst/BSCANID.u_xsdbm_id/CORE_XSDB.UUT_MASTER/U_ICON_INTERFACE/U_CMD6_WR/U_WR_FIFO/SUBCORE_FIFO.xsdbm_v3_0_0_wrfifo_inst/inst_fifo_gen/gconvfifo.rf/grf.rf/rstblk/rst_wr_reg2
    SLICE_X106Y613       FDPE                                         f  dbg_hub/inst/BSCANID.u_xsdbm_id/CORE_XSDB.UUT_MASTER/U_ICON_INTERFACE/U_CMD6_WR/U_WR_FIFO/SUBCORE_FIFO.xsdbm_v3_0_0_wrfifo_inst/inst_fifo_gen/gconvfifo.rf/grf.rf/rstblk/ngwrdrst.grst.g7serrst.wr_rst_asreg_reg/PRE
  -------------------------------------------------------------------    -------------------

                         (clock dbg_hub/inst/BSCANID.u_xsdbm_id/SWITCH_N_EXT_BSCAN.bscan_inst/SERIES7_BSCAN.bscan_inst/INTERNAL_TCK rise edge)
                                                      0.000     0.000 r  
    CONFIG_SITE_X0Y1     BSCANE2                      0.000     0.000 r  dbg_hub/inst/BSCANID.u_xsdbm_id/SWITCH_N_EXT_BSCAN.bscan_inst/SERIES7_BSCAN.bscan_inst/INTERNAL_TCK
    CONFIG_SITE_X0Y1     BSCANE2 (Prop_BSCAN1_CONFIG_SITE_INTERNAL_TCK_TCK)
                                                      4.300     4.300 r  dbg_hub/inst/BSCANID.u_xsdbm_id/SWITCH_N_EXT_BSCAN.bscan_inst/SERIES7_BSCAN.bscan_inst/TCK
                         net (fo=1, routed)           2.858     7.158    dbg_hub/inst/BSCANID.u_xsdbm_id/tck_bs
    SLR Crossing[1->2]   
    BUFGCE_X1Y288        BUFGCE (Prop_BUFCE_BUFGCE_I_O)
                                                      0.019     7.177 r  dbg_hub/inst/BSCANID.u_xsdbm_id/SWITCH_N_EXT_BSCAN.u_bufg_icon_tck/O
    X3Y10 (CLOCK_ROOT)   net (fo=494, routed)         1.277     8.454    dbg_hub/inst/BSCANID.u_xsdbm_id/CORE_XSDB.UUT_MASTER/U_ICON_INTERFACE/U_CMD6_WR/U_WR_FIFO/SUBCORE_FIFO.xsdbm_v3_0_0_wrfifo_inst/inst_fifo_gen/gconvfifo.rf/grf.rf/rstblk/wr_clk
    SLICE_X106Y613       FDPE                                         r  dbg_hub/inst/BSCANID.u_xsdbm_id/CORE_XSDB.UUT_MASTER/U_ICON_INTERFACE/U_CMD6_WR/U_WR_FIFO/SUBCORE_FIFO.xsdbm_v3_0_0_wrfifo_inst/inst_fifo_gen/gconvfifo.rf/grf.rf/rstblk/ngwrdrst.grst.g7serrst.wr_rst_asreg_reg/C
                         clock pessimism             -4.790     3.664    
    SLICE_X106Y613       FDPE (Remov_HFF2_SLICEL_C_PRE)
                                                     -0.020     3.644    dbg_hub/inst/BSCANID.u_xsdbm_id/CORE_XSDB.UUT_MASTER/U_ICON_INTERFACE/U_CMD6_WR/U_WR_FIFO/SUBCORE_FIFO.xsdbm_v3_0_0_wrfifo_inst/inst_fifo_gen/gconvfifo.rf/grf.rf/rstblk/ngwrdrst.grst.g7serrst.wr_rst_asreg_reg
  -------------------------------------------------------------------
                         required time                         -3.644    
                         arrival time                           3.771    
  -------------------------------------------------------------------
                         slack                                  0.127    





---------------------------------------------------------------------------------------------------
Path Group:  **async_default**
From Clock:  mmcm_clkout0
  To Clock:  mmcm_clkout0

Setup :            0  Failing Endpoints,  Worst Slack        0.151ns,  Total Violation        0.000ns
Hold  :            0  Failing Endpoints,  Worst Slack        0.114ns,  Total Violation        0.000ns
---------------------------------------------------------------------------------------------------


Max Delay Paths
--------------------------------------------------------------------------------------
Slack (MET) :             0.151ns  (required time - arrival time)
  Source:                 i_dram_wrapper/i_ui_rstgen/i_rstgen_bypass/synch_regs_q_reg[3]/C
                            (rising edge-triggered cell FDCE clocked by mmcm_clkout0  {rise@0.000ns fall@1.667ns period=3.333ns})
  Destination:            i_dram_wrapper/gen_cdc.i_axi_cdc_mig/i_axi_cdc_dst/i_cdc_fifo_gray_dst_w/gen_fpga_read.gen_slice[2].select_q_reg[12]/CLR
                            (recovery check against rising-edge clock mmcm_clkout0  {rise@0.000ns fall@1.667ns period=3.333ns})
  Path Group:             **async_default**
  Path Type:              Recovery (Max at Slow Process Corner)
  Requirement:            3.333ns  (mmcm_clkout0 rise@3.333ns - mmcm_clkout0 rise@0.000ns)
  Data Path Delay:        3.171ns  (logic 0.177ns (5.582%)  route 2.994ns (94.418%))
  Logic Levels:           1  (LUT1=1)
  Clock Path Skew:        0.107ns (DCD - SCD + CPR)
    Destination Clock Delay (DCD):    4.850ns = ( 8.184 - 3.333 ) 
    Source Clock Delay      (SCD):    4.366ns
    Clock Pessimism Removal (CPR):    -0.378ns
  Clock Uncertainty:      0.052ns  ((TSJ^2 + DJ^2)^1/2) / 2 + PE
    Total System Jitter     (TSJ):    0.071ns
    Discrete Jitter          (DJ):    0.076ns
    Phase Error              (PE):    0.000ns
  Clock Net Delay (Source):      2.232ns (routing 0.854ns, distribution 1.378ns)
  Clock Net Delay (Destination): 2.262ns (routing 0.777ns, distribution 1.485ns)

    Location             Delay type                Incr(ns)  Path(ns)    Netlist Resource(s)
  -------------------------------------------------------------------    -------------------
                         (clock mmcm_clkout0 rise edge)
                                                      0.000     0.000 r  
    E12                                               0.000     0.000 r  sys_clk_p (IN)
                         net (fo=0)                   0.000     0.000    i_bufds_sys_clk/I
    HPIOBDIFFINBUF_X1Y300
                         DIFFINBUF (Prop_DIFFINBUF_HPIOBDIFFINBUF_DIFF_IN_P_O)
                                                      0.675     0.675 r  i_bufds_sys_clk/DIFFINBUF_INST/O
                         net (fo=1, routed)           0.050     0.725    i_bufds_sys_clk/OUT
    E12                  IBUFCTRL (Prop_IBUFCTRL_HPIOB_M_I_O)
                                                      0.000     0.725 r  i_bufds_sys_clk/IBUFCTRL_INST/O
                         net (fo=1, routed)           0.335     1.060    sys_clk
    BUFGCE_X1Y289        BUFGCE (Prop_BUFCE_BUFGCE_I_O)
                                                      0.028     1.088 r  sys_clk_BUFGCE_inst/O
                         net (fo=19, routed)          0.901     1.989    i_dram_wrapper/i_dram/inst/u_ddr4_infrastructure/mmcm_clk_in
    MMCM_X1Y13           MMCME4_ADV (Prop_MMCM_CLKIN1_CLKOUT0)
                                                     -0.127     1.862 r  i_dram_wrapper/i_dram/inst/u_ddr4_infrastructure/gen_mmcme4.u_mmcme_adv_inst/CLKOUT0
                         net (fo=1, routed)           0.244     2.106    i_dram_wrapper/i_dram/inst/u_ddr4_infrastructure/mmcm_clkout0
    BUFGCE_X1Y332        BUFGCE (Prop_BUFCE_BUFGCE_I_O)
                                                      0.028     2.134 r  i_dram_wrapper/i_dram/inst/u_ddr4_infrastructure/u_bufg_divClk/O
    X4Y12 (CLOCK_ROOT)   net (fo=36893, routed)       2.232     4.366    i_dram_wrapper/i_ui_rstgen/i_rstgen_bypass/clk_i
    SLICE_X111Y729       FDCE                                         r  i_dram_wrapper/i_ui_rstgen/i_rstgen_bypass/synch_regs_q_reg[3]/C
  -------------------------------------------------------------------    -------------------
    SLICE_X111Y729       FDCE (Prop_CFF2_SLICEL_C_Q)
                                                      0.080     4.446 r  i_dram_wrapper/i_ui_rstgen/i_rstgen_bypass/synch_regs_q_reg[3]/Q
                         net (fo=40, routed)          1.014     5.460    i_dram_wrapper/gen_cdc.i_axi_cdc_mig/i_axi_cdc_dst/i_cdc_fifo_gray_dst_w/synch_regs_q[3]_bufg_place
    SLICE_X85Y757        LUT1 (Prop_F6LUT_SLICEL_I0_O)
                                                      0.097     5.557 f  i_dram_wrapper/gen_cdc.i_axi_cdc_mig/i_axi_cdc_dst/i_cdc_fifo_gray_dst_w/rptr_q[5]_i_3/O
                         net (fo=320, routed)         1.980     7.537    i_dram_wrapper/gen_cdc.i_axi_cdc_mig/i_axi_cdc_dst/i_cdc_fifo_gray_dst_w/rptr_q[5]_i_3_n_0
    SLICE_X60Y838        FDCE                                         f  i_dram_wrapper/gen_cdc.i_axi_cdc_mig/i_axi_cdc_dst/i_cdc_fifo_gray_dst_w/gen_fpga_read.gen_slice[2].select_q_reg[12]/CLR
  -------------------------------------------------------------------    -------------------

                         (clock mmcm_clkout0 rise edge)
                                                      3.333     3.333 r  
    E12                                               0.000     3.333 r  sys_clk_p (IN)
                         net (fo=0)                   0.000     3.333    i_bufds_sys_clk/I
    HPIOBDIFFINBUF_X1Y300
                         DIFFINBUF (Prop_DIFFINBUF_HPIOBDIFFINBUF_DIFF_IN_P_O)
                                                      0.564     3.898 r  i_bufds_sys_clk/DIFFINBUF_INST/O
                         net (fo=1, routed)           0.040     3.938    i_bufds_sys_clk/OUT
    E12                  IBUFCTRL (Prop_IBUFCTRL_HPIOB_M_I_O)
                                                      0.000     3.938 r  i_bufds_sys_clk/IBUFCTRL_INST/O
                         net (fo=1, routed)           0.297     4.235    sys_clk
    BUFGCE_X1Y289        BUFGCE (Prop_BUFCE_BUFGCE_I_O)
                                                      0.024     4.259 r  sys_clk_BUFGCE_inst/O
                         net (fo=19, routed)          0.795     5.054    i_dram_wrapper/i_dram/inst/u_ddr4_infrastructure/mmcm_clk_in
    MMCM_X1Y13           MMCME4_ADV (Prop_MMCM_CLKIN1_CLKOUT0)
                                                      0.630     5.684 r  i_dram_wrapper/i_dram/inst/u_ddr4_infrastructure/gen_mmcme4.u_mmcme_adv_inst/CLKOUT0
                         net (fo=1, routed)           0.214     5.898    i_dram_wrapper/i_dram/inst/u_ddr4_infrastructure/mmcm_clkout0
    BUFGCE_X1Y332        BUFGCE (Prop_BUFCE_BUFGCE_I_O)
                                                      0.024     5.922 r  i_dram_wrapper/i_dram/inst/u_ddr4_infrastructure/u_bufg_divClk/O
    X4Y12 (CLOCK_ROOT)   net (fo=36893, routed)       2.262     8.184    i_dram_wrapper/gen_cdc.i_axi_cdc_mig/i_axi_cdc_dst/i_cdc_fifo_gray_dst_w/dst_clk_i
    SLICE_X60Y838        FDCE                                         r  i_dram_wrapper/gen_cdc.i_axi_cdc_mig/i_axi_cdc_dst/i_cdc_fifo_gray_dst_w/gen_fpga_read.gen_slice[2].select_q_reg[12]/C
                         clock pessimism             -0.378     7.806    
                         clock uncertainty           -0.052     7.754    
    SLICE_X60Y838        FDCE (Recov_AFF_SLICEM_C_CLR)
                                                     -0.066     7.688    i_dram_wrapper/gen_cdc.i_axi_cdc_mig/i_axi_cdc_dst/i_cdc_fifo_gray_dst_w/gen_fpga_read.gen_slice[2].select_q_reg[12]
  -------------------------------------------------------------------
                         required time                          7.688    
                         arrival time                          -7.537    
  -------------------------------------------------------------------
                         slack                                  0.151    





Min Delay Paths
--------------------------------------------------------------------------------------
Slack (MET) :             0.114ns  (arrival time - required time)
  Source:                 i_dram_wrapper/i_ui_por/i_rstgen_bypass/synch_regs_q_reg[3]/C
                            (rising edge-triggered cell FDCE clocked by mmcm_clkout0  {rise@0.000ns fall@1.667ns period=3.333ns})
  Destination:            i_dram_wrapper/fabric_ready_o_reg/CLR
                            (removal check against rising-edge clock mmcm_clkout0  {rise@0.000ns fall@1.667ns period=3.333ns})
  Path Group:             **async_default**
  Path Type:              Removal (Min at Fast Process Corner)
  Requirement:            0.000ns  (mmcm_clkout0 rise@0.000ns - mmcm_clkout0 rise@0.000ns)
  Data Path Delay:        0.107ns  (logic 0.039ns (36.449%)  route 0.068ns (63.551%))
  Logic Levels:           0  
  Clock Path Skew:        0.013ns (DCD - SCD - CPR)
    Destination Clock Delay (DCD):    2.539ns
    Source Clock Delay      (SCD):    2.676ns
    Clock Pessimism Removal (CPR):    -0.151ns
  Clock Net Delay (Source):      1.233ns (routing 0.468ns, distribution 0.765ns)
  Clock Net Delay (Destination): 1.385ns (routing 0.521ns, distribution 0.864ns)

    Location             Delay type                Incr(ns)  Path(ns)    Netlist Resource(s)
  -------------------------------------------------------------------    -------------------
                         (clock mmcm_clkout0 rise edge)
                                                      0.000     0.000 r  
    E12                                               0.000     0.000 r  sys_clk_p (IN)
                         net (fo=0)                   0.000     0.000    i_bufds_sys_clk/I
    HPIOBDIFFINBUF_X1Y300
                         DIFFINBUF (Prop_DIFFINBUF_HPIOBDIFFINBUF_DIFF_IN_P_O)
                                                      0.340     0.340 r  i_bufds_sys_clk/DIFFINBUF_INST/O
                         net (fo=1, routed)           0.040     0.380    i_bufds_sys_clk/OUT
    E12                  IBUFCTRL (Prop_IBUFCTRL_HPIOB_M_I_O)
                                                      0.000     0.380 r  i_bufds_sys_clk/IBUFCTRL_INST/O
                         net (fo=1, routed)           0.150     0.530    sys_clk
    BUFGCE_X1Y289        BUFGCE (Prop_BUFCE_BUFGCE_I_O)
                                                      0.017     0.547 r  sys_clk_BUFGCE_inst/O
                         net (fo=19, routed)          0.504     1.051    i_dram_wrapper/i_dram/inst/u_ddr4_infrastructure/mmcm_clk_in
    MMCM_X1Y13           MMCME4_ADV (Prop_MMCM_CLKIN1_CLKOUT0)
                                                      0.230     1.281 r  i_dram_wrapper/i_dram/inst/u_ddr4_infrastructure/gen_mmcme4.u_mmcme_adv_inst/CLKOUT0
                         net (fo=1, routed)           0.145     1.426    i_dram_wrapper/i_dram/inst/u_ddr4_infrastructure/mmcm_clkout0
    BUFGCE_X1Y332        BUFGCE (Prop_BUFCE_BUFGCE_I_O)
                                                      0.017     1.443 r  i_dram_wrapper/i_dram/inst/u_ddr4_infrastructure/u_bufg_divClk/O
    X4Y12 (CLOCK_ROOT)   net (fo=36893, routed)       1.233     2.676    i_dram_wrapper/i_ui_por/i_rstgen_bypass/clk_i
    SLICE_X110Y732       FDCE                                         r  i_dram_wrapper/i_ui_por/i_rstgen_bypass/synch_regs_q_reg[3]/C
  -------------------------------------------------------------------    -------------------
    SLICE_X110Y732       FDCE (Prop_GFF2_SLICEM_C_Q)
                                                      0.039     2.715 r  i_dram_wrapper/i_ui_por/i_rstgen_bypass/synch_regs_q_reg[3]/Q
                         net (fo=1, routed)           0.068     2.783    i_dram_wrapper/ui_por_n
    SLICE_X111Y732       FDCE                                         f  i_dram_wrapper/fabric_ready_o_reg/CLR  (IS_INVERTED)
  -------------------------------------------------------------------    -------------------

                         (clock mmcm_clkout0 rise edge)
                                                      0.000     0.000 r  
    E12                                               0.000     0.000 r  sys_clk_p (IN)
                         net (fo=0)                   0.000     0.000    i_bufds_sys_clk/I
    HPIOBDIFFINBUF_X1Y300
                         DIFFINBUF (Prop_DIFFINBUF_HPIOBDIFFINBUF_DIFF_IN_P_O)
                                                      0.446     0.446 r  i_bufds_sys_clk/DIFFINBUF_INST/O
                         net (fo=1, routed)           0.050     0.496    i_bufds_sys_clk/OUT
    E12                  IBUFCTRL (Prop_IBUFCTRL_HPIOB_M_I_O)
                                                      0.000     0.496 r  i_bufds_sys_clk/IBUFCTRL_INST/O
                         net (fo=1, routed)           0.183     0.679    sys_clk
    BUFGCE_X1Y289        BUFGCE (Prop_BUFCE_BUFGCE_I_O)
                                                      0.019     0.698 r  sys_clk_BUFGCE_inst/O
                         net (fo=19, routed)          0.567     1.265    i_dram_wrapper/i_dram/inst/u_ddr4_infrastructure/mmcm_clk_in
    MMCM_X1Y13           MMCME4_ADV (Prop_MMCM_CLKIN1_CLKOUT0)
                                                     -0.295     0.970 r  i_dram_wrapper/i_dram/inst/u_ddr4_infrastructure/gen_mmcme4.u_mmcme_adv_inst/CLKOUT0
                         net (fo=1, routed)           0.165     1.135    i_dram_wrapper/i_dram/inst/u_ddr4_infrastructure/mmcm_clkout0
    BUFGCE_X1Y332        BUFGCE (Prop_BUFCE_BUFGCE_I_O)
                                                      0.019     1.154 r  i_dram_wrapper/i_dram/inst/u_ddr4_infrastructure/u_bufg_divClk/O
    X4Y12 (CLOCK_ROOT)   net (fo=36893, routed)       1.385     2.539    i_dram_wrapper/dram_axi_clk
    SLICE_X111Y732       FDCE                                         r  i_dram_wrapper/fabric_ready_o_reg/C
                         clock pessimism              0.151     2.689    
    SLICE_X111Y732       FDCE (Remov_HFF2_SLICEL_C_CLR)
                                                     -0.020     2.669    i_dram_wrapper/fabric_ready_o_reg
  -------------------------------------------------------------------
                         required time                         -2.669    
                         arrival time                           2.783    
  -------------------------------------------------------------------
                         slack                                  0.114    





---------------------------------------------------------------------------------------------------
Path Group:  **default**
From Clock:  clk_50_clkwiz
  To Clock:  

Setup :            0  Failing Endpoints,  Worst Slack       16.144ns,  Total Violation        0.000ns
Hold  :           NA  Failing Endpoints,  Worst Slack           NA  ,  Total Violation           NA
---------------------------------------------------------------------------------------------------


Max Delay Paths
--------------------------------------------------------------------------------------
Slack (MET) :             16.144ns  (required time - arrival time)
  Source:                 i_cheshire_soc/i_dbg_dmi_jtag/i_dmi_jtag_tap/td_o_reg/C
                            (rising edge-triggered cell FDCE clocked by clk_50_clkwiz  {rise@0.000ns fall@10.000ns period=20.000ns})
  Destination:            jtag_tdo_o
  Path Group:             **default**
  Path Type:              Max at Slow Process Corner
  Requirement:            20.000ns  (MaxDelay Path 20.000ns)
  Data Path Delay:        3.856ns  (logic 0.919ns (23.826%)  route 2.937ns (76.174%))
  Logic Levels:           1  (OBUF=1)
  Output Delay:           0.000ns
  Timing Exception:       MaxDelay Path 20.000ns -datapath_only

    Location             Delay type                Incr(ns)  Path(ns)    Netlist Resource(s)
  -------------------------------------------------------------------    -------------------
    SLICE_X51Y600                                     0.000     0.000 r  i_cheshire_soc/i_dbg_dmi_jtag/i_dmi_jtag_tap/td_o_reg/C
    SLICE_X51Y600        FDCE (Prop_CFF2_SLICEM_C_Q)
                                                      0.077     0.077 r  i_cheshire_soc/i_dbg_dmi_jtag/i_dmi_jtag_tap/td_o_reg/Q
                         net (fo=1, routed)           2.937     3.014    jtag_tdo_o_OBUF
    SLR Crossing[2->1]   
    N30                  OBUF (Prop_OUTBUF_HPIOB_M_I_O)
                                                      0.842     3.856 r  jtag_tdo_o_OBUF_inst/O
                         net (fo=0)                   0.000     3.856    jtag_tdo_o
    N30                                                               r  jtag_tdo_o (OUT)
  -------------------------------------------------------------------    -------------------

                         max delay                   20.000    20.000    
                         output delay                -0.000    20.000    
  -------------------------------------------------------------------
                         required time                         20.000    
                         arrival time                          -3.856    
  -------------------------------------------------------------------
                         slack                                 16.144    





---------------------------------------------------------------------------------------------------
Path Group:  **default**
From Clock:  mmcm_clkout0
  To Clock:  

Setup :            0  Failing Endpoints,  Worst Slack        1.107ns,  Total Violation        0.000ns
Hold  :           NA  Failing Endpoints,  Worst Slack           NA  ,  Total Violation           NA
---------------------------------------------------------------------------------------------------


Max Delay Paths
--------------------------------------------------------------------------------------
Slack (MET) :             1.107ns  (required time - arrival time)
  Source:                 i_dram_wrapper/i_dram/inst/u_ddr4_mem_intfc/u_ddr_cal_top/cal_RESET_n_reg[0]/C
                            (rising edge-triggered cell FDRE clocked by mmcm_clkout0  {rise@0.000ns fall@1.667ns period=3.333ns})
  Destination:            c0_ddr4_reset_n
  Path Group:             **default**
  Path Type:              Max at Slow Process Corner
  Requirement:            3.333ns  (MaxDelay Path 3.333ns)
  Data Path Delay:        2.226ns  (logic 0.864ns (38.825%)  route 1.362ns (61.175%))
  Logic Levels:           1  (OBUF=1)
  Output Delay:           0.000ns
  Timing Exception:       MaxDelay Path 3.333ns -datapath_only

    Location             Delay type                Incr(ns)  Path(ns)    Netlist Resource(s)
  -------------------------------------------------------------------    -------------------
    SLICE_X126Y782                                    0.000     0.000 r  i_dram_wrapper/i_dram/inst/u_ddr4_mem_intfc/u_ddr_cal_top/cal_RESET_n_reg[0]/C
    SLICE_X126Y782       FDRE (Prop_DFF2_SLICEL_C_Q)
                                                      0.081     0.081 r  i_dram_wrapper/i_dram/inst/u_ddr4_mem_intfc/u_ddr_cal_top/cal_RESET_n_reg[0]/Q
                         net (fo=1, routed)           1.362     1.443    i_dram_wrapper/i_dram/inst/u_ddr4_mem_intfc/u_mig_ddr4_phy/inst/cal_RESET_n[0]
    N20                  OBUF (Prop_OUTBUF_HPIOB_S_I_O)
                                                      0.783     2.226 r  i_dram_wrapper/i_dram/inst/u_ddr4_mem_intfc/u_mig_ddr4_phy/inst/OBUF_reset_n/O
                         net (fo=0)                   0.000     2.226    c0_ddr4_reset_n
    N20                                                               r  c0_ddr4_reset_n (OUT)
  -------------------------------------------------------------------    -------------------

                         max delay                    3.333     3.333    
                         output delay                -0.000     3.333    
  -------------------------------------------------------------------
                         required time                          3.333    
                         arrival time                          -2.226    
  -------------------------------------------------------------------
                         slack                                  1.107    





--------------------------------------------------------------------------------------
Path Group:  (none)
From Clock:  clk_50_clkwiz
  To Clock:  

Max Delay             0 Endpoints
Min Delay             2 Endpoints
--------------------------------------------------------------------------------------


Min Delay Paths
--------------------------------------------------------------------------------------
Slack:                    inf
  Source:                 i_cheshire_soc/i_dbg_dmi_jtag/i_dmi_jtag_tap/td_o_reg/C
                            (rising edge-triggered cell FDCE clocked by clk_50_clkwiz  {rise@0.000ns fall@10.000ns period=20.000ns})
  Destination:            jtag_tdo_o
                            (output port)
  Path Group:             (none)
  Path Type:              Min at Fast Process Corner
  Data Path Delay:        1.717ns  (logic 0.454ns (26.455%)  route 1.263ns (73.545%))
  Logic Levels:           1  (OBUF=1)
  Clock Uncertainty:      0.234ns  ((TSJ^2 + DJ^2)^1/2) / 2 + PE
    Total System Jitter     (TSJ):    0.050ns
    Discrete Jitter          (DJ):    0.150ns
    Phase Error              (PE):    0.155ns
  Clock Net Delay (Source):      2.014ns (routing 1.022ns, distribution 0.992ns)
  Timing Exception:       False Path

    Location             Delay type                Incr(ns)  Path(ns)    Netlist Resource(s)
  -------------------------------------------------------------------    -------------------
                         (clock clk_50_clkwiz rise edge)
                                                      0.000     0.000 r  
    E12                                               0.000     0.000 r  sys_clk_p (IN)
                         net (fo=0)                   0.000     0.000    i_bufds_sys_clk/I
    HPIOBDIFFINBUF_X1Y300
                         DIFFINBUF (Prop_DIFFINBUF_HPIOBDIFFINBUF_DIFF_IN_P_O)
                                                      0.340     0.340 r  i_bufds_sys_clk/DIFFINBUF_INST/O
                         net (fo=1, routed)           0.040     0.380    i_bufds_sys_clk/OUT
    E12                  IBUFCTRL (Prop_IBUFCTRL_HPIOB_M_I_O)
                                                      0.000     0.380 r  i_bufds_sys_clk/IBUFCTRL_INST/O
                         net (fo=1, routed)           0.150     0.530    sys_clk
    BUFGCE_X1Y289        BUFGCE (Prop_BUFCE_BUFGCE_I_O)
                                                      0.017     0.547 r  sys_clk_BUFGCE_inst/O
                         net (fo=19, routed)          0.552     1.099    i_clkwiz/inst/clk_in1
    MMCM_X1Y11           MMCME4_ADV (Prop_MMCM_CLKIN1_CLKOUT0)
                                                      0.230     1.329 r  i_clkwiz/inst/mmcme4_adv_inst/CLKOUT0
                         net (fo=1, routed)           0.145     1.474    i_clkwiz/inst/clk_50_clkwiz
    BUFGCE_X1Y266        BUFGCE (Prop_BUFCE_BUFGCE_I_O)
                                                      0.017     1.491 r  i_clkwiz/inst/clkout1_buf/O
    X2Y7 (CLOCK_ROOT)    net (fo=199676, routed)      2.014     3.505    i_cheshire_soc/i_dbg_dmi_jtag/i_dmi_jtag_tap/clk_i
    SLICE_X51Y600        FDCE                                         r  i_cheshire_soc/i_dbg_dmi_jtag/i_dmi_jtag_tap/td_o_reg/C
  -------------------------------------------------------------------    -------------------
    SLICE_X51Y600        FDCE (Prop_CFF2_SLICEM_C_Q)
                                                      0.039     3.544 r  i_cheshire_soc/i_dbg_dmi_jtag/i_dmi_jtag_tap/td_o_reg/Q
                         net (fo=1, routed)           1.263     4.807    jtag_tdo_o_OBUF
    SLR Crossing[2->1]   
    N30                  OBUF (Prop_OUTBUF_HPIOB_M_I_O)
                                                      0.415     5.223 r  jtag_tdo_o_OBUF_inst/O
                         net (fo=0)                   0.000     5.223    jtag_tdo_o
    N30                                                               r  jtag_tdo_o (OUT)
  -------------------------------------------------------------------    -------------------





--------------------------------------------------------------------------------------
Path Group:  (none)
From Clock:  mmcm_clkout0
  To Clock:  

Max Delay             0 Endpoints
Min Delay             1 Endpoint
--------------------------------------------------------------------------------------


Min Delay Paths
--------------------------------------------------------------------------------------
Slack:                    inf
  Source:                 i_dram_wrapper/i_dram/inst/u_ddr4_mem_intfc/u_ddr_cal_top/cal_RESET_n_reg[0]/C
                            (rising edge-triggered cell FDRE clocked by mmcm_clkout0  {rise@0.000ns fall@1.667ns period=3.333ns})
  Destination:            c0_ddr4_reset_n
                            (output port)
  Path Group:             (none)
  Path Type:              Min at Fast Process Corner
  Data Path Delay:        1.013ns  (logic 0.399ns (39.367%)  route 0.614ns (60.633%))
  Logic Levels:           1  (OBUF=1)
  Clock Uncertainty:      0.118ns  ((TSJ^2 + DJ^2)^1/2) / 2 + PE
    Total System Jitter     (TSJ):    0.050ns
    Discrete Jitter          (DJ):    0.076ns
    Phase Error              (PE):    0.073ns
  Clock Net Delay (Source):      1.169ns (routing 0.468ns, distribution 0.701ns)
  Timing Exception:       False Path

    Location             Delay type                Incr(ns)  Path(ns)    Netlist Resource(s)
  -------------------------------------------------------------------    -------------------
                         (clock mmcm_clkout0 rise edge)
                                                      0.000     0.000 r  
    E12                                               0.000     0.000 r  sys_clk_p (IN)
                         net (fo=0)                   0.000     0.000    i_bufds_sys_clk/I
    HPIOBDIFFINBUF_X1Y300
                         DIFFINBUF (Prop_DIFFINBUF_HPIOBDIFFINBUF_DIFF_IN_P_O)
                                                      0.340     0.340 r  i_bufds_sys_clk/DIFFINBUF_INST/O
                         net (fo=1, routed)           0.040     0.380    i_bufds_sys_clk/OUT
    E12                  IBUFCTRL (Prop_IBUFCTRL_HPIOB_M_I_O)
                                                      0.000     0.380 r  i_bufds_sys_clk/IBUFCTRL_INST/O
                         net (fo=1, routed)           0.150     0.530    sys_clk
    BUFGCE_X1Y289        BUFGCE (Prop_BUFCE_BUFGCE_I_O)
                                                      0.017     0.547 r  sys_clk_BUFGCE_inst/O
                         net (fo=19, routed)          0.504     1.051    i_dram_wrapper/i_dram/inst/u_ddr4_infrastructure/mmcm_clk_in
    MMCM_X1Y13           MMCME4_ADV (Prop_MMCM_CLKIN1_CLKOUT0)
                                                      0.230     1.281 r  i_dram_wrapper/i_dram/inst/u_ddr4_infrastructure/gen_mmcme4.u_mmcme_adv_inst/CLKOUT0
                         net (fo=1, routed)           0.145     1.426    i_dram_wrapper/i_dram/inst/u_ddr4_infrastructure/mmcm_clkout0
    BUFGCE_X1Y332        BUFGCE (Prop_BUFCE_BUFGCE_I_O)
                                                      0.017     1.443 r  i_dram_wrapper/i_dram/inst/u_ddr4_infrastructure/u_bufg_divClk/O
    X4Y12 (CLOCK_ROOT)   net (fo=36893, routed)       1.169     2.612    i_dram_wrapper/i_dram/inst/u_ddr4_mem_intfc/u_ddr_cal_top/wosp_reg[2]_rep__7
    SLICE_X126Y782       FDRE                                         r  i_dram_wrapper/i_dram/inst/u_ddr4_mem_intfc/u_ddr_cal_top/cal_RESET_n_reg[0]/C
  -------------------------------------------------------------------    -------------------
    SLICE_X126Y782       FDRE (Prop_DFF2_SLICEL_C_Q)
                                                      0.041     2.653 r  i_dram_wrapper/i_dram/inst/u_ddr4_mem_intfc/u_ddr_cal_top/cal_RESET_n_reg[0]/Q
                         net (fo=1, routed)           0.614     3.267    i_dram_wrapper/i_dram/inst/u_ddr4_mem_intfc/u_mig_ddr4_phy/inst/cal_RESET_n[0]
    N20                  OBUF (Prop_OUTBUF_HPIOB_S_I_O)
                                                      0.358     3.625 r  i_dram_wrapper/i_dram/inst/u_ddr4_mem_intfc/u_mig_ddr4_phy/inst/OBUF_reset_n/O
                         net (fo=0)                   0.000     3.625    c0_ddr4_reset_n
    N20                                                               r  c0_ddr4_reset_n (OUT)
  -------------------------------------------------------------------    -------------------





--------------------------------------------------------------------------------------
Path Group:  (none)
From Clock:  
  To Clock:  clk_50_clkwiz

Max Delay             4 Endpoints
Min Delay             4 Endpoints
--------------------------------------------------------------------------------------


Max Delay Paths
--------------------------------------------------------------------------------------
Slack:                    inf
  Source:                 sys_reset
                            (input port)
  Destination:            i_board_por/i_rstgen_bypass/synch_regs_q_reg[0]/CLR
                            (recovery check against rising-edge clock clk_50_clkwiz  {rise@0.000ns fall@10.000ns period=20.000ns})
  Path Group:             (none)
  Path Type:              Recovery (Max at Slow Process Corner)
  Data Path Delay:        3.764ns  (logic 0.633ns (16.817%)  route 3.131ns (83.183%))
  Logic Levels:           3  (IBUFCTRL=1 INBUF=1 LUT2=1)
  Clock Path Skew:        6.011ns (DCD - SCD + CPR)
    Destination Clock Delay (DCD):    6.011ns
    Source Clock Delay      (SCD):    0.000ns
    Clock Pessimism Removal (CPR):    0.000ns
  Clock Net Delay (Destination): 3.342ns (routing 1.700ns, distribution 1.642ns)
  Timing Exception:       False Path

    Location             Delay type                Incr(ns)  Path(ns)    Netlist Resource(s)
  -------------------------------------------------------------------    -------------------
    L19                                               0.000     0.000 f  sys_reset (IN)
                         net (fo=0)                   0.000     0.000    sys_reset_IBUF_inst/I
    L19                  INBUF (Prop_INBUF_HPIOB_SNGL_PAD_O)
                                                      0.580     0.580 f  sys_reset_IBUF_inst/INBUF_INST/O
                         net (fo=1, routed)           0.000     0.580    sys_reset_IBUF_inst/OUT
    L19                  IBUFCTRL (Prop_IBUFCTRL_HPIOB_SNGL_I_O)
                                                      0.000     0.580 f  sys_reset_IBUF_inst/IBUFCTRL_INST/O
                         net (fo=1, routed)           2.847     3.427    sys_reset_IBUF
    SLICE_X110Y641       LUT2 (Prop_H6LUT_SLICEM_I1_O)
                                                      0.053     3.480 r  i_board_por_i_1/O
                         net (fo=4, routed)           0.284     3.764    i_board_por/i_rstgen_bypass/rst_test_mode_ni
    SLICE_X109Y641       FDCE                                         f  i_board_por/i_rstgen_bypass/synch_regs_q_reg[0]/CLR  (IS_INVERTED)
  -------------------------------------------------------------------    -------------------

                         (clock clk_50_clkwiz rise edge)
                                                      0.000     0.000 r  
    E12                                               0.000     0.000 r  sys_clk_p (IN)
                         net (fo=0)                   0.000     0.000    i_bufds_sys_clk/I
    HPIOBDIFFINBUF_X1Y300
                         DIFFINBUF (Prop_DIFFINBUF_HPIOBDIFFINBUF_DIFF_IN_P_O)
                                                      0.564     0.564 r  i_bufds_sys_clk/DIFFINBUF_INST/O
                         net (fo=1, routed)           0.040     0.604    i_bufds_sys_clk/OUT
    E12                  IBUFCTRL (Prop_IBUFCTRL_HPIOB_M_I_O)
                                                      0.000     0.604 r  i_bufds_sys_clk/IBUFCTRL_INST/O
                         net (fo=1, routed)           0.297     0.901    sys_clk
    BUFGCE_X1Y289        BUFGCE (Prop_BUFCE_BUFGCE_I_O)
                                                      0.024     0.925 r  sys_clk_BUFGCE_inst/O
                         net (fo=19, routed)          0.876     1.801    i_clkwiz/inst/clk_in1
    MMCM_X1Y11           MMCME4_ADV (Prop_MMCM_CLKIN1_CLKOUT0)
                                                      0.630     2.431 r  i_clkwiz/inst/mmcme4_adv_inst/CLKOUT0
                         net (fo=1, routed)           0.214     2.645    i_clkwiz/inst/clk_50_clkwiz
    BUFGCE_X1Y266        BUFGCE (Prop_BUFCE_BUFGCE_I_O)
                                                      0.024     2.669 r  i_clkwiz/inst/clkout1_buf/O
    X2Y7 (CLOCK_ROOT)    net (fo=199676, routed)      3.342     6.011    i_board_por/i_rstgen_bypass/clk_i
    SLICE_X109Y641       FDCE                                         r  i_board_por/i_rstgen_bypass/synch_regs_q_reg[0]/C





Min Delay Paths
--------------------------------------------------------------------------------------
Slack:                    inf
  Source:                 sys_reset
                            (input port)
  Destination:            i_board_por/i_rstgen_bypass/synch_regs_q_reg[0]/CLR
                            (removal check against rising-edge clock clk_50_clkwiz  {rise@0.000ns fall@10.000ns period=20.000ns})
  Path Group:             (none)
  Path Type:              Removal (Min at Fast Process Corner)
  Data Path Delay:        1.648ns  (logic 0.155ns (9.422%)  route 1.493ns (90.578%))
  Logic Levels:           3  (IBUFCTRL=1 INBUF=1 LUT2=1)
  Clock Path Skew:        3.482ns (DCD - SCD - CPR)
    Destination Clock Delay (DCD):    3.482ns
    Source Clock Delay      (SCD):    0.000ns
    Clock Pessimism Removal (CPR):    -0.000ns
  Clock Net Delay (Destination): 2.273ns (routing 1.135ns, distribution 1.138ns)
  Timing Exception:       False Path

    Location             Delay type                Incr(ns)  Path(ns)    Netlist Resource(s)
  -------------------------------------------------------------------    -------------------
    L19                                               0.000     0.000 f  sys_reset (IN)
                         net (fo=0)                   0.000     0.000    sys_reset_IBUF_inst/I
    L19                  INBUF (Prop_INBUF_HPIOB_SNGL_PAD_O)
                                                      0.132     0.132 f  sys_reset_IBUF_inst/INBUF_INST/O
                         net (fo=1, routed)           0.000     0.132    sys_reset_IBUF_inst/OUT
    L19                  IBUFCTRL (Prop_IBUFCTRL_HPIOB_SNGL_I_O)
                                                      0.000     0.132 f  sys_reset_IBUF_inst/IBUFCTRL_INST/O
                         net (fo=1, routed)           1.369     1.501    sys_reset_IBUF
    SLICE_X110Y641       LUT2 (Prop_H6LUT_SLICEM_I1_O)
                                                      0.023     1.524 r  i_board_por_i_1/O
                         net (fo=4, routed)           0.124     1.648    i_board_por/i_rstgen_bypass/rst_test_mode_ni
    SLICE_X109Y641       FDCE                                         f  i_board_por/i_rstgen_bypass/synch_regs_q_reg[0]/CLR  (IS_INVERTED)
  -------------------------------------------------------------------    -------------------

                         (clock clk_50_clkwiz rise edge)
                                                      0.000     0.000 r  
    E12                                               0.000     0.000 r  sys_clk_p (IN)
                         net (fo=0)                   0.000     0.000    i_bufds_sys_clk/I
    HPIOBDIFFINBUF_X1Y300
                         DIFFINBUF (Prop_DIFFINBUF_HPIOBDIFFINBUF_DIFF_IN_P_O)
                                                      0.446     0.446 r  i_bufds_sys_clk/DIFFINBUF_INST/O
                         net (fo=1, routed)           0.050     0.496    i_bufds_sys_clk/OUT
    E12                  IBUFCTRL (Prop_IBUFCTRL_HPIOB_M_I_O)
                                                      0.000     0.496 r  i_bufds_sys_clk/IBUFCTRL_INST/O
                         net (fo=1, routed)           0.183     0.679    sys_clk
    BUFGCE_X1Y289        BUFGCE (Prop_BUFCE_BUFGCE_I_O)
                                                      0.019     0.698 r  sys_clk_BUFGCE_inst/O
                         net (fo=19, routed)          0.622     1.320    i_clkwiz/inst/clk_in1
    MMCM_X1Y11           MMCME4_ADV (Prop_MMCM_CLKIN1_CLKOUT0)
                                                     -0.295     1.025 r  i_clkwiz/inst/mmcme4_adv_inst/CLKOUT0
                         net (fo=1, routed)           0.165     1.190    i_clkwiz/inst/clk_50_clkwiz
    BUFGCE_X1Y266        BUFGCE (Prop_BUFCE_BUFGCE_I_O)
                                                      0.019     1.209 r  i_clkwiz/inst/clkout1_buf/O
    X2Y7 (CLOCK_ROOT)    net (fo=199676, routed)      2.273     3.482    i_board_por/i_rstgen_bypass/clk_i
    SLICE_X109Y641       FDCE                                         r  i_board_por/i_rstgen_bypass/synch_regs_q_reg[0]/C





--------------------------------------------------------------------------------------
Path Group:  (none)
From Clock:  clk_50_clkwiz
  To Clock:  clk_50_clkwiz

Max Delay            23 Endpoints
Min Delay            23 Endpoints
--------------------------------------------------------------------------------------


Max Delay Paths
--------------------------------------------------------------------------------------
Slack:                    inf
  Source:                 i_vio/inst/DECODER_INST/Hold_probe_in_reg/C
                            (rising edge-triggered cell FDRE clocked by clk_50_clkwiz  {rise@0.000ns fall@10.000ns period=20.000ns})
  Destination:            i_vio/inst/PROBE_IN_INST/probe_in_reg_reg[3]/CE
                            (rising edge-triggered cell FDRE clocked by clk_50_clkwiz  {rise@0.000ns fall@10.000ns period=20.000ns})
  Path Group:             (none)
  Path Type:              Setup (Max at Slow Process Corner)
  Data Path Delay:        1.382ns  (logic 0.127ns (9.190%)  route 1.255ns (90.810%))
  Logic Levels:           1  (LUT1=1)
  Clock Path Skew:        0.045ns (DCD - SCD + CPR)
    Destination Clock Delay (DCD):    6.010ns
    Source Clock Delay      (SCD):    5.966ns
    Clock Pessimism Removal (CPR):    0.000ns
  Clock Uncertainty:      0.083ns  ((TSJ^2 + DJ^2)^1/2) / 2 + PE
    Total System Jitter     (TSJ):    0.071ns
    Discrete Jitter          (DJ):    0.150ns
    Phase Error              (PE):    0.000ns
  Clock Net Delay (Source):      3.742ns (routing 1.870ns, distribution 1.872ns)
  Clock Net Delay (Destination): 3.341ns (routing 1.700ns, distribution 1.641ns)
  Timing Exception:       False Path

    Location             Delay type                Incr(ns)  Path(ns)    Netlist Resource(s)
  -------------------------------------------------------------------    -------------------
                         (clock clk_50_clkwiz rise edge)
                                                      0.000     0.000 r  
    E12                                               0.000     0.000 r  sys_clk_p (IN)
                         net (fo=0)                   0.000     0.000    i_bufds_sys_clk/I
    HPIOBDIFFINBUF_X1Y300
                         DIFFINBUF (Prop_DIFFINBUF_HPIOBDIFFINBUF_DIFF_IN_P_O)
                                                      0.675     0.675 r  i_bufds_sys_clk/DIFFINBUF_INST/O
                         net (fo=1, routed)           0.050     0.725    i_bufds_sys_clk/OUT
    E12                  IBUFCTRL (Prop_IBUFCTRL_HPIOB_M_I_O)
                                                      0.000     0.725 r  i_bufds_sys_clk/IBUFCTRL_INST/O
                         net (fo=1, routed)           0.335     1.060    sys_clk
    BUFGCE_X1Y289        BUFGCE (Prop_BUFCE_BUFGCE_I_O)
                                                      0.028     1.088 r  sys_clk_BUFGCE_inst/O
                         net (fo=19, routed)          0.991     2.079    i_clkwiz/inst/clk_in1
    MMCM_X1Y11           MMCME4_ADV (Prop_MMCM_CLKIN1_CLKOUT0)
                                                     -0.127     1.952 r  i_clkwiz/inst/mmcme4_adv_inst/CLKOUT0
                         net (fo=1, routed)           0.244     2.196    i_clkwiz/inst/clk_50_clkwiz
    BUFGCE_X1Y266        BUFGCE (Prop_BUFCE_BUFGCE_I_O)
                                                      0.028     2.224 r  i_clkwiz/inst/clkout1_buf/O
    X2Y7 (CLOCK_ROOT)    net (fo=199676, routed)      3.742     5.966    i_vio/inst/DECODER_INST/out
    SLICE_X110Y625       FDRE                                         r  i_vio/inst/DECODER_INST/Hold_probe_in_reg/C
  -------------------------------------------------------------------    -------------------
    SLICE_X110Y625       FDRE (Prop_EFF_SLICEM_C_Q)
                                                      0.076     6.042 f  i_vio/inst/DECODER_INST/Hold_probe_in_reg/Q
                         net (fo=1, routed)           0.045     6.087    i_vio/inst/DECODER_INST/Hold_probe_in
    SLICE_X110Y625       LUT1 (Prop_F6LUT_SLICEM_I0_O)
                                                      0.051     6.138 r  i_vio/inst/DECODER_INST/probe_in_reg[3]_i_1/O
                         net (fo=4, routed)           1.210     7.348    i_vio/inst/PROBE_IN_INST/E[0]
    SLICE_X106Y624       FDRE                                         r  i_vio/inst/PROBE_IN_INST/probe_in_reg_reg[3]/CE
  -------------------------------------------------------------------    -------------------

                         (clock clk_50_clkwiz rise edge)
                                                      0.000     0.000 r  
    E12                                               0.000     0.000 r  sys_clk_p (IN)
                         net (fo=0)                   0.000     0.000    i_bufds_sys_clk/I
    HPIOBDIFFINBUF_X1Y300
                         DIFFINBUF (Prop_DIFFINBUF_HPIOBDIFFINBUF_DIFF_IN_P_O)
                                                      0.564     0.564 r  i_bufds_sys_clk/DIFFINBUF_INST/O
                         net (fo=1, routed)           0.040     0.604    i_bufds_sys_clk/OUT
    E12                  IBUFCTRL (Prop_IBUFCTRL_HPIOB_M_I_O)
                                                      0.000     0.604 r  i_bufds_sys_clk/IBUFCTRL_INST/O
                         net (fo=1, routed)           0.297     0.901    sys_clk
    BUFGCE_X1Y289        BUFGCE (Prop_BUFCE_BUFGCE_I_O)
                                                      0.024     0.925 r  sys_clk_BUFGCE_inst/O
                         net (fo=19, routed)          0.876     1.801    i_clkwiz/inst/clk_in1
    MMCM_X1Y11           MMCME4_ADV (Prop_MMCM_CLKIN1_CLKOUT0)
                                                      0.630     2.431 r  i_clkwiz/inst/mmcme4_adv_inst/CLKOUT0
                         net (fo=1, routed)           0.214     2.645    i_clkwiz/inst/clk_50_clkwiz
    BUFGCE_X1Y266        BUFGCE (Prop_BUFCE_BUFGCE_I_O)
                                                      0.024     2.669 r  i_clkwiz/inst/clkout1_buf/O
    X2Y7 (CLOCK_ROOT)    net (fo=199676, routed)      3.341     6.010    i_vio/inst/PROBE_IN_INST/clk
    SLICE_X106Y624       FDRE                                         r  i_vio/inst/PROBE_IN_INST/probe_in_reg_reg[3]/C





Min Delay Paths
--------------------------------------------------------------------------------------
Slack:                    inf
  Source:                 i_vio/inst/PROBE_OUT_ALL_INST/G_PROBE_OUT[0].PROBE_OUT0_INST/data_int_reg[0]/C
                            (rising edge-triggered cell FDRE clocked by clk_50_clkwiz  {rise@0.000ns fall@10.000ns period=20.000ns})
  Destination:            i_vio/inst/PROBE_OUT_ALL_INST/G_PROBE_OUT[0].PROBE_OUT0_INST/Probe_out_reg[0]/D
                            (rising edge-triggered cell FDRE clocked by clk_50_clkwiz  {rise@0.000ns fall@10.000ns period=20.000ns})
  Path Group:             (none)
  Path Type:              Hold (Min at Fast Process Corner)
  Data Path Delay:        0.083ns  (logic 0.039ns (46.988%)  route 0.044ns (53.012%))
  Logic Levels:           0  
  Clock Path Skew:        -0.040ns (DCD - SCD - CPR)
    Destination Clock Delay (DCD):    3.498ns
    Source Clock Delay      (SCD):    3.537ns
    Clock Pessimism Removal (CPR):    -0.000ns
  Clock Uncertainty:      0.083ns  ((TSJ^2 + DJ^2)^1/2) / 2 + PE
    Total System Jitter     (TSJ):    0.071ns
    Discrete Jitter          (DJ):    0.150ns
    Phase Error              (PE):    0.000ns
  Clock Net Delay (Source):      2.046ns (routing 1.022ns, distribution 1.024ns)
  Clock Net Delay (Destination): 2.289ns (routing 1.135ns, distribution 1.154ns)
  Timing Exception:       False Path

    Location             Delay type                Incr(ns)  Path(ns)    Netlist Resource(s)
  -------------------------------------------------------------------    -------------------
                         (clock clk_50_clkwiz rise edge)
                                                      0.000     0.000 r  
    E12                                               0.000     0.000 r  sys_clk_p (IN)
                         net (fo=0)                   0.000     0.000    i_bufds_sys_clk/I
    HPIOBDIFFINBUF_X1Y300
                         DIFFINBUF (Prop_DIFFINBUF_HPIOBDIFFINBUF_DIFF_IN_P_O)
                                                      0.340     0.340 r  i_bufds_sys_clk/DIFFINBUF_INST/O
                         net (fo=1, routed)           0.040     0.380    i_bufds_sys_clk/OUT
    E12                  IBUFCTRL (Prop_IBUFCTRL_HPIOB_M_I_O)
                                                      0.000     0.380 r  i_bufds_sys_clk/IBUFCTRL_INST/O
                         net (fo=1, routed)           0.150     0.530    sys_clk
    BUFGCE_X1Y289        BUFGCE (Prop_BUFCE_BUFGCE_I_O)
                                                      0.017     0.547 r  sys_clk_BUFGCE_inst/O
                         net (fo=19, routed)          0.552     1.099    i_clkwiz/inst/clk_in1
    MMCM_X1Y11           MMCME4_ADV (Prop_MMCM_CLKIN1_CLKOUT0)
                                                      0.230     1.329 r  i_clkwiz/inst/mmcme4_adv_inst/CLKOUT0
                         net (fo=1, routed)           0.145     1.474    i_clkwiz/inst/clk_50_clkwiz
    BUFGCE_X1Y266        BUFGCE (Prop_BUFCE_BUFGCE_I_O)
                                                      0.017     1.491 r  i_clkwiz/inst/clkout1_buf/O
    X2Y7 (CLOCK_ROOT)    net (fo=199676, routed)      2.046     3.537    i_vio/inst/PROBE_OUT_ALL_INST/G_PROBE_OUT[0].PROBE_OUT0_INST/out
    SLICE_X110Y626       FDRE                                         r  i_vio/inst/PROBE_OUT_ALL_INST/G_PROBE_OUT[0].PROBE_OUT0_INST/data_int_reg[0]/C
  -------------------------------------------------------------------    -------------------
    SLICE_X110Y626       FDRE (Prop_HFF_SLICEM_C_Q)
                                                      0.039     3.576 r  i_vio/inst/PROBE_OUT_ALL_INST/G_PROBE_OUT[0].PROBE_OUT0_INST/data_int_reg[0]/Q
                         net (fo=3, routed)           0.044     3.620    i_vio/inst/PROBE_OUT_ALL_INST/G_PROBE_OUT[0].PROBE_OUT0_INST/data_int[0]
    SLICE_X110Y626       FDRE                                         r  i_vio/inst/PROBE_OUT_ALL_INST/G_PROBE_OUT[0].PROBE_OUT0_INST/Probe_out_reg[0]/D
  -------------------------------------------------------------------    -------------------

                         (clock clk_50_clkwiz rise edge)
                                                      0.000     0.000 r  
    E12                                               0.000     0.000 r  sys_clk_p (IN)
                         net (fo=0)                   0.000     0.000    i_bufds_sys_clk/I
    HPIOBDIFFINBUF_X1Y300
                         DIFFINBUF (Prop_DIFFINBUF_HPIOBDIFFINBUF_DIFF_IN_P_O)
                                                      0.446     0.446 r  i_bufds_sys_clk/DIFFINBUF_INST/O
                         net (fo=1, routed)           0.050     0.496    i_bufds_sys_clk/OUT
    E12                  IBUFCTRL (Prop_IBUFCTRL_HPIOB_M_I_O)
                                                      0.000     0.496 r  i_bufds_sys_clk/IBUFCTRL_INST/O
                         net (fo=1, routed)           0.183     0.679    sys_clk
    BUFGCE_X1Y289        BUFGCE (Prop_BUFCE_BUFGCE_I_O)
                                                      0.019     0.698 r  sys_clk_BUFGCE_inst/O
                         net (fo=19, routed)          0.622     1.320    i_clkwiz/inst/clk_in1
    MMCM_X1Y11           MMCME4_ADV (Prop_MMCM_CLKIN1_CLKOUT0)
                                                     -0.295     1.025 r  i_clkwiz/inst/mmcme4_adv_inst/CLKOUT0
                         net (fo=1, routed)           0.165     1.190    i_clkwiz/inst/clk_50_clkwiz
    BUFGCE_X1Y266        BUFGCE (Prop_BUFCE_BUFGCE_I_O)
                                                      0.019     1.209 r  i_clkwiz/inst/clkout1_buf/O
    X2Y7 (CLOCK_ROOT)    net (fo=199676, routed)      2.289     3.498    i_vio/inst/PROBE_OUT_ALL_INST/G_PROBE_OUT[0].PROBE_OUT0_INST/clk
    SLICE_X110Y626       FDRE                                         r  i_vio/inst/PROBE_OUT_ALL_INST/G_PROBE_OUT[0].PROBE_OUT0_INST/Probe_out_reg[0]/C





--------------------------------------------------------------------------------------
Path Group:  (none)
From Clock:  dbg_hub/inst/BSCANID.u_xsdbm_id/SWITCH_N_EXT_BSCAN.bscan_inst/SERIES7_BSCAN.bscan_inst/INTERNAL_TCK
  To Clock:  clk_50_clkwiz

Max Delay            79 Endpoints
Min Delay            87 Endpoints
--------------------------------------------------------------------------------------


Max Delay Paths
--------------------------------------------------------------------------------------
Slack:                    inf
  Source:                 dbg_hub/inst/BSCANID.u_xsdbm_id/CORE_XSDB.UUT_MASTER/U_ICON_INTERFACE/U_CMD5/shift_reg_in_reg[13]/C
                            (rising edge-triggered cell FDRE clocked by dbg_hub/inst/BSCANID.u_xsdbm_id/SWITCH_N_EXT_BSCAN.bscan_inst/SERIES7_BSCAN.bscan_inst/INTERNAL_TCK  {rise@0.000ns fall@25.000ns period=50.000ns})
  Destination:            dbg_hub/inst/BSCANID.u_xsdbm_id/CORE_XSDB.UUT_MASTER/U_ICON_INTERFACE/U_CMD5/ctl_reg_reg[13]/D
                            (rising edge-triggered cell FDRE clocked by clk_50_clkwiz  {rise@0.000ns fall@10.000ns period=20.000ns})
  Path Group:             (none)
  Path Type:              Setup (Max at Slow Process Corner)
  Data Path Delay:        1.745ns  (logic 0.080ns (4.585%)  route 1.665ns (95.415%))
  Logic Levels:           0  
  Clock Path Skew:        -4.534ns (DCD - SCD + CPR)
    Destination Clock Delay (DCD):    6.029ns
    Source Clock Delay      (SCD):    10.563ns
    Clock Pessimism Removal (CPR):    0.000ns
  Clock Uncertainty:      0.238ns  ((TSJ^2 + DJ^2)^1/2) / 2 + PE
    Total System Jitter     (TSJ):    0.071ns
    Discrete Jitter          (DJ):    0.150ns
    Phase Error              (PE):    0.155ns
  Clock Net Delay (Source):      2.061ns (routing 1.172ns, distribution 0.889ns)
  Clock Net Delay (Destination): 3.360ns (routing 1.700ns, distribution 1.660ns)
  Timing Exception:       False Path

    Location             Delay type                Incr(ns)  Path(ns)    Netlist Resource(s)
  -------------------------------------------------------------------    -------------------
                         (clock dbg_hub/inst/BSCANID.u_xsdbm_id/SWITCH_N_EXT_BSCAN.bscan_inst/SERIES7_BSCAN.bscan_inst/INTERNAL_TCK rise edge)
                                                      0.000     0.000 r  
    CONFIG_SITE_X0Y1     BSCANE2                      0.000     0.000 r  dbg_hub/inst/BSCANID.u_xsdbm_id/SWITCH_N_EXT_BSCAN.bscan_inst/SERIES7_BSCAN.bscan_inst/INTERNAL_TCK
    CONFIG_SITE_X0Y1     BSCANE2 (Prop_BSCAN1_CONFIG_SITE_INTERNAL_TCK_TCK)
                                                      4.300     4.300 r  dbg_hub/inst/BSCANID.u_xsdbm_id/SWITCH_N_EXT_BSCAN.bscan_inst/SERIES7_BSCAN.bscan_inst/TCK
                         net (fo=1, routed)           4.174     8.474    dbg_hub/inst/BSCANID.u_xsdbm_id/tck_bs
    SLR Crossing[1->2]   
    BUFGCE_X1Y288        BUFGCE (Prop_BUFCE_BUFGCE_I_O)
                                                      0.028     8.502 r  dbg_hub/inst/BSCANID.u_xsdbm_id/SWITCH_N_EXT_BSCAN.u_bufg_icon_tck/O
    X3Y10 (CLOCK_ROOT)   net (fo=494, routed)         2.061    10.563    dbg_hub/inst/BSCANID.u_xsdbm_id/CORE_XSDB.UUT_MASTER/U_ICON_INTERFACE/U_CMD5/m_bscan_tck[0]
    SLICE_X110Y617       FDRE                                         r  dbg_hub/inst/BSCANID.u_xsdbm_id/CORE_XSDB.UUT_MASTER/U_ICON_INTERFACE/U_CMD5/shift_reg_in_reg[13]/C
  -------------------------------------------------------------------    -------------------
    SLICE_X110Y617       FDRE (Prop_DFF2_SLICEM_C_Q)
                                                      0.080    10.643 r  dbg_hub/inst/BSCANID.u_xsdbm_id/CORE_XSDB.UUT_MASTER/U_ICON_INTERFACE/U_CMD5/shift_reg_in_reg[13]/Q
                         net (fo=2, routed)           1.665    12.308    dbg_hub/inst/BSCANID.u_xsdbm_id/CORE_XSDB.UUT_MASTER/U_ICON_INTERFACE/U_CMD5/shift_reg_in[13]
    SLICE_X110Y618       FDRE                                         r  dbg_hub/inst/BSCANID.u_xsdbm_id/CORE_XSDB.UUT_MASTER/U_ICON_INTERFACE/U_CMD5/ctl_reg_reg[13]/D
  -------------------------------------------------------------------    -------------------

                         (clock clk_50_clkwiz rise edge)
                                                      0.000     0.000 r  
    E12                                               0.000     0.000 r  sys_clk_p (IN)
                         net (fo=0)                   0.000     0.000    i_bufds_sys_clk/I
    HPIOBDIFFINBUF_X1Y300
                         DIFFINBUF (Prop_DIFFINBUF_HPIOBDIFFINBUF_DIFF_IN_P_O)
                                                      0.564     0.564 r  i_bufds_sys_clk/DIFFINBUF_INST/O
                         net (fo=1, routed)           0.040     0.604    i_bufds_sys_clk/OUT
    E12                  IBUFCTRL (Prop_IBUFCTRL_HPIOB_M_I_O)
                                                      0.000     0.604 r  i_bufds_sys_clk/IBUFCTRL_INST/O
                         net (fo=1, routed)           0.297     0.901    sys_clk
    BUFGCE_X1Y289        BUFGCE (Prop_BUFCE_BUFGCE_I_O)
                                                      0.024     0.925 r  sys_clk_BUFGCE_inst/O
                         net (fo=19, routed)          0.876     1.801    i_clkwiz/inst/clk_in1
    MMCM_X1Y11           MMCME4_ADV (Prop_MMCM_CLKIN1_CLKOUT0)
                                                      0.630     2.431 r  i_clkwiz/inst/mmcme4_adv_inst/CLKOUT0
                         net (fo=1, routed)           0.214     2.645    i_clkwiz/inst/clk_50_clkwiz
    BUFGCE_X1Y266        BUFGCE (Prop_BUFCE_BUFGCE_I_O)
                                                      0.024     2.669 r  i_clkwiz/inst/clkout1_buf/O
    X2Y7 (CLOCK_ROOT)    net (fo=199676, routed)      3.360     6.029    dbg_hub/inst/BSCANID.u_xsdbm_id/CORE_XSDB.UUT_MASTER/U_ICON_INTERFACE/U_CMD5/clk
    SLICE_X110Y618       FDRE                                         r  dbg_hub/inst/BSCANID.u_xsdbm_id/CORE_XSDB.UUT_MASTER/U_ICON_INTERFACE/U_CMD5/ctl_reg_reg[13]/C





Min Delay Paths
--------------------------------------------------------------------------------------
Slack:                    inf
  Source:                 dbg_hub/inst/BSCANID.u_xsdbm_id/CORE_XSDB.UUT_MASTER/U_ICON_INTERFACE/U_CMD4/shift_reg_in_reg[13]/C
                            (rising edge-triggered cell FDRE clocked by dbg_hub/inst/BSCANID.u_xsdbm_id/SWITCH_N_EXT_BSCAN.bscan_inst/SERIES7_BSCAN.bscan_inst/INTERNAL_TCK  {rise@0.000ns fall@25.000ns period=50.000ns})
  Destination:            dbg_hub/inst/BSCANID.u_xsdbm_id/CORE_XSDB.UUT_MASTER/U_ICON_INTERFACE/U_CMD4/ctl_reg_reg[13]/D
                            (rising edge-triggered cell FDRE clocked by clk_50_clkwiz  {rise@0.000ns fall@10.000ns period=20.000ns})
  Path Group:             (none)
  Path Type:              Hold (Min at Fast Process Corner)
  Data Path Delay:        0.104ns  (logic 0.040ns (38.462%)  route 0.064ns (61.539%))
  Logic Levels:           0  
  Clock Path Skew:        -0.119ns (DCD - SCD - CPR)
    Destination Clock Delay (DCD):    3.498ns
    Source Clock Delay      (SCD):    3.617ns
    Clock Pessimism Removal (CPR):    -0.000ns
  Clock Uncertainty:      0.238ns  ((TSJ^2 + DJ^2)^1/2) / 2 + PE
    Total System Jitter     (TSJ):    0.071ns
    Discrete Jitter          (DJ):    0.150ns
    Phase Error              (PE):    0.155ns
  Clock Net Delay (Source):      1.132ns (routing 0.644ns, distribution 0.488ns)
  Clock Net Delay (Destination): 2.289ns (routing 1.135ns, distribution 1.154ns)
  Timing Exception:       False Path

    Location             Delay type                Incr(ns)  Path(ns)    Netlist Resource(s)
  -------------------------------------------------------------------    -------------------
                         (clock dbg_hub/inst/BSCANID.u_xsdbm_id/SWITCH_N_EXT_BSCAN.bscan_inst/SERIES7_BSCAN.bscan_inst/INTERNAL_TCK rise edge)
                                                      0.000     0.000 r  
    CONFIG_SITE_X0Y1     BSCANE2                      0.000     0.000 r  dbg_hub/inst/BSCANID.u_xsdbm_id/SWITCH_N_EXT_BSCAN.bscan_inst/SERIES7_BSCAN.bscan_inst/INTERNAL_TCK
    CONFIG_SITE_X0Y1     BSCANE2 (Prop_BSCAN1_CONFIG_SITE_INTERNAL_TCK_TCK)
                                                      0.465     0.465 r  dbg_hub/inst/BSCANID.u_xsdbm_id/SWITCH_N_EXT_BSCAN.bscan_inst/SERIES7_BSCAN.bscan_inst/TCK
                         net (fo=1, routed)           2.003     2.468    dbg_hub/inst/BSCANID.u_xsdbm_id/tck_bs
    SLR Crossing[1->2]   
    BUFGCE_X1Y288        BUFGCE (Prop_BUFCE_BUFGCE_I_O)
                                                      0.017     2.485 r  dbg_hub/inst/BSCANID.u_xsdbm_id/SWITCH_N_EXT_BSCAN.u_bufg_icon_tck/O
    X3Y10 (CLOCK_ROOT)   net (fo=494, routed)         1.132     3.617    dbg_hub/inst/BSCANID.u_xsdbm_id/CORE_XSDB.UUT_MASTER/U_ICON_INTERFACE/U_CMD4/m_bscan_tck[0]
    SLICE_X109Y602       FDRE                                         r  dbg_hub/inst/BSCANID.u_xsdbm_id/CORE_XSDB.UUT_MASTER/U_ICON_INTERFACE/U_CMD4/shift_reg_in_reg[13]/C
  -------------------------------------------------------------------    -------------------
    SLICE_X109Y602       FDRE (Prop_BFF2_SLICEL_C_Q)
                                                      0.040     3.657 r  dbg_hub/inst/BSCANID.u_xsdbm_id/CORE_XSDB.UUT_MASTER/U_ICON_INTERFACE/U_CMD4/shift_reg_in_reg[13]/Q
                         net (fo=2, routed)           0.064     3.721    dbg_hub/inst/BSCANID.u_xsdbm_id/CORE_XSDB.UUT_MASTER/U_ICON_INTERFACE/U_CMD4/shift_reg_in[13]
    SLICE_X108Y602       FDRE                                         r  dbg_hub/inst/BSCANID.u_xsdbm_id/CORE_XSDB.UUT_MASTER/U_ICON_INTERFACE/U_CMD4/ctl_reg_reg[13]/D
  -------------------------------------------------------------------    -------------------

                         (clock clk_50_clkwiz rise edge)
                                                      0.000     0.000 r  
    E12                                               0.000     0.000 r  sys_clk_p (IN)
                         net (fo=0)                   0.000     0.000    i_bufds_sys_clk/I
    HPIOBDIFFINBUF_X1Y300
                         DIFFINBUF (Prop_DIFFINBUF_HPIOBDIFFINBUF_DIFF_IN_P_O)
                                                      0.446     0.446 r  i_bufds_sys_clk/DIFFINBUF_INST/O
                         net (fo=1, routed)           0.050     0.496    i_bufds_sys_clk/OUT
    E12                  IBUFCTRL (Prop_IBUFCTRL_HPIOB_M_I_O)
                                                      0.000     0.496 r  i_bufds_sys_clk/IBUFCTRL_INST/O
                         net (fo=1, routed)           0.183     0.679    sys_clk
    BUFGCE_X1Y289        BUFGCE (Prop_BUFCE_BUFGCE_I_O)
                                                      0.019     0.698 r  sys_clk_BUFGCE_inst/O
                         net (fo=19, routed)          0.622     1.320    i_clkwiz/inst/clk_in1
    MMCM_X1Y11           MMCME4_ADV (Prop_MMCM_CLKIN1_CLKOUT0)
                                                     -0.295     1.025 r  i_clkwiz/inst/mmcme4_adv_inst/CLKOUT0
                         net (fo=1, routed)           0.165     1.190    i_clkwiz/inst/clk_50_clkwiz
    BUFGCE_X1Y266        BUFGCE (Prop_BUFCE_BUFGCE_I_O)
                                                      0.019     1.209 r  i_clkwiz/inst/clkout1_buf/O
    X2Y7 (CLOCK_ROOT)    net (fo=199676, routed)      2.289     3.498    dbg_hub/inst/BSCANID.u_xsdbm_id/CORE_XSDB.UUT_MASTER/U_ICON_INTERFACE/U_CMD4/clk
    SLICE_X108Y602       FDRE                                         r  dbg_hub/inst/BSCANID.u_xsdbm_id/CORE_XSDB.UUT_MASTER/U_ICON_INTERFACE/U_CMD4/ctl_reg_reg[13]/C





--------------------------------------------------------------------------------------
Path Group:  (none)
From Clock:  mmcm_clkout0
  To Clock:  clk_50_clkwiz

Max Delay             4 Endpoints
Min Delay           537 Endpoints
--------------------------------------------------------------------------------------


Max Delay Paths
--------------------------------------------------------------------------------------
Slack:                    inf
  Source:                 i_dram_wrapper/fabric_ready_o_reg/C
                            (rising edge-triggered cell FDCE clocked by mmcm_clkout0  {rise@0.000ns fall@1.667ns period=3.333ns})
  Destination:            i_rstgen/i_rstgen_bypass/synch_regs_q_reg[0]/CLR
                            (recovery check against rising-edge clock clk_50_clkwiz  {rise@0.000ns fall@10.000ns period=20.000ns})
  Path Group:             (none)
  Path Type:              Recovery (Max at Slow Process Corner)
  Data Path Delay:        2.144ns  (logic 0.080ns (3.731%)  route 2.064ns (96.269%))
  Logic Levels:           0  
  Clock Path Skew:        1.525ns (DCD - SCD + CPR)
    Destination Clock Delay (DCD):    5.904ns
    Source Clock Delay      (SCD):    4.380ns
    Clock Pessimism Removal (CPR):    0.000ns
  Clock Uncertainty:      0.290ns  ((TSJ^2 + DJ^2)^1/2) / 2 + PE
    Total System Jitter     (TSJ):    0.071ns
    Discrete Jitter          (DJ):    0.227ns
    Phase Error              (PE):    0.171ns
  Clock Net Delay (Source):      2.246ns (routing 0.854ns, distribution 1.392ns)
  Clock Net Delay (Destination): 3.235ns (routing 1.700ns, distribution 1.535ns)
  Timing Exception:       False Path

    Location             Delay type                Incr(ns)  Path(ns)    Netlist Resource(s)
  -------------------------------------------------------------------    -------------------
                         (clock mmcm_clkout0 rise edge)
                                                      0.000     0.000 r  
    E12                                               0.000     0.000 r  sys_clk_p (IN)
                         net (fo=0)                   0.000     0.000    i_bufds_sys_clk/I
    HPIOBDIFFINBUF_X1Y300
                         DIFFINBUF (Prop_DIFFINBUF_HPIOBDIFFINBUF_DIFF_IN_P_O)
                                                      0.675     0.675 r  i_bufds_sys_clk/DIFFINBUF_INST/O
                         net (fo=1, routed)           0.050     0.725    i_bufds_sys_clk/OUT
    E12                  IBUFCTRL (Prop_IBUFCTRL_HPIOB_M_I_O)
                                                      0.000     0.725 r  i_bufds_sys_clk/IBUFCTRL_INST/O
                         net (fo=1, routed)           0.335     1.060    sys_clk
    BUFGCE_X1Y289        BUFGCE (Prop_BUFCE_BUFGCE_I_O)
                                                      0.028     1.088 r  sys_clk_BUFGCE_inst/O
                         net (fo=19, routed)          0.901     1.989    i_dram_wrapper/i_dram/inst/u_ddr4_infrastructure/mmcm_clk_in
    MMCM_X1Y13           MMCME4_ADV (Prop_MMCM_CLKIN1_CLKOUT0)
                                                     -0.127     1.862 r  i_dram_wrapper/i_dram/inst/u_ddr4_infrastructure/gen_mmcme4.u_mmcme_adv_inst/CLKOUT0
                         net (fo=1, routed)           0.244     2.106    i_dram_wrapper/i_dram/inst/u_ddr4_infrastructure/mmcm_clkout0
    BUFGCE_X1Y332        BUFGCE (Prop_BUFCE_BUFGCE_I_O)
                                                      0.028     2.134 r  i_dram_wrapper/i_dram/inst/u_ddr4_infrastructure/u_bufg_divClk/O
    X4Y12 (CLOCK_ROOT)   net (fo=36893, routed)       2.246     4.380    i_dram_wrapper/dram_axi_clk
    SLICE_X111Y732       FDCE                                         r  i_dram_wrapper/fabric_ready_o_reg/C
  -------------------------------------------------------------------    -------------------
    SLICE_X111Y732       FDCE (Prop_HFF2_SLICEL_C_Q)
                                                      0.080     4.460 r  i_dram_wrapper/fabric_ready_o_reg/Q
                         net (fo=9, routed)           2.064     6.524    i_rstgen/i_rstgen_bypass/rst_test_mode_ni
    SLR Crossing[2->1]   
    SLICE_X89Y597        FDCE                                         f  i_rstgen/i_rstgen_bypass/synch_regs_q_reg[0]/CLR  (IS_INVERTED)
  -------------------------------------------------------------------    -------------------

                         (clock clk_50_clkwiz rise edge)
                                                      0.000     0.000 r  
    E12                                               0.000     0.000 r  sys_clk_p (IN)
                         net (fo=0)                   0.000     0.000    i_bufds_sys_clk/I
    HPIOBDIFFINBUF_X1Y300
                         DIFFINBUF (Prop_DIFFINBUF_HPIOBDIFFINBUF_DIFF_IN_P_O)
                                                      0.564     0.564 r  i_bufds_sys_clk/DIFFINBUF_INST/O
                         net (fo=1, routed)           0.040     0.604    i_bufds_sys_clk/OUT
    E12                  IBUFCTRL (Prop_IBUFCTRL_HPIOB_M_I_O)
                                                      0.000     0.604 r  i_bufds_sys_clk/IBUFCTRL_INST/O
                         net (fo=1, routed)           0.297     0.901    sys_clk
    BUFGCE_X1Y289        BUFGCE (Prop_BUFCE_BUFGCE_I_O)
                                                      0.024     0.925 r  sys_clk_BUFGCE_inst/O
                         net (fo=19, routed)          0.876     1.801    i_clkwiz/inst/clk_in1
    MMCM_X1Y11           MMCME4_ADV (Prop_MMCM_CLKIN1_CLKOUT0)
                                                      0.630     2.431 r  i_clkwiz/inst/mmcme4_adv_inst/CLKOUT0
                         net (fo=1, routed)           0.214     2.645    i_clkwiz/inst/clk_50_clkwiz
    BUFGCE_X1Y266        BUFGCE (Prop_BUFCE_BUFGCE_I_O)
                                                      0.024     2.669 r  i_clkwiz/inst/clkout1_buf/O
    X2Y7 (CLOCK_ROOT)    net (fo=199676, routed)      3.235     5.904    i_rstgen/i_rstgen_bypass/clk_i
    SLR Crossing[2->1]   
    SLICE_X89Y597        FDCE                                         r  i_rstgen/i_rstgen_bypass/synch_regs_q_reg[0]/C





Min Delay Paths
--------------------------------------------------------------------------------------
Slack:                    inf
  Source:                 i_dram_wrapper/i_dram/inst/u_ddr4_mem_intfc/u_ddr_cal_top/u_ddr_cal/u_xsdb_arbiter/slave_do_fclk_reg[2]/C
                            (rising edge-triggered cell FDRE clocked by mmcm_clkout0  {rise@0.000ns fall@1.667ns period=3.333ns})
  Destination:            i_dram_wrapper/i_dram/inst/u_ddr4_mem_intfc/u_ddr_cal_top/u_ddr_cal/u_xsdb_arbiter/u_slave_do_sync/SYNC[2].sync_reg_reg[0]/D
                            (rising edge-triggered cell FDRE clocked by clk_50_clkwiz  {rise@0.000ns fall@10.000ns period=20.000ns})
  Path Group:             (none)
  Path Type:              Hold (Min at Fast Process Corner)
  Data Path Delay:        0.122ns  (logic 0.039ns (31.967%)  route 0.083ns (68.033%))
  Logic Levels:           0  
  Clock Path Skew:        1.033ns (DCD - SCD - CPR)
    Destination Clock Delay (DCD):    3.619ns
    Source Clock Delay      (SCD):    2.585ns
    Clock Pessimism Removal (CPR):    -0.000ns
  Clock Uncertainty:      0.290ns  ((TSJ^2 + DJ^2)^1/2) / 2 + PE
    Total System Jitter     (TSJ):    0.071ns
    Discrete Jitter          (DJ):    0.227ns
    Phase Error              (PE):    0.171ns
  Clock Net Delay (Source):      1.142ns (routing 0.468ns, distribution 0.674ns)
  Clock Net Delay (Destination): 2.410ns (routing 1.135ns, distribution 1.275ns)
  Timing Exception:       False Path

    Location             Delay type                Incr(ns)  Path(ns)    Netlist Resource(s)
  -------------------------------------------------------------------    -------------------
                         (clock mmcm_clkout0 rise edge)
                                                      0.000     0.000 r  
    E12                                               0.000     0.000 r  sys_clk_p (IN)
                         net (fo=0)                   0.000     0.000    i_bufds_sys_clk/I
    HPIOBDIFFINBUF_X1Y300
                         DIFFINBUF (Prop_DIFFINBUF_HPIOBDIFFINBUF_DIFF_IN_P_O)
                                                      0.340     0.340 r  i_bufds_sys_clk/DIFFINBUF_INST/O
                         net (fo=1, routed)           0.040     0.380    i_bufds_sys_clk/OUT
    E12                  IBUFCTRL (Prop_IBUFCTRL_HPIOB_M_I_O)
                                                      0.000     0.380 r  i_bufds_sys_clk/IBUFCTRL_INST/O
                         net (fo=1, routed)           0.150     0.530    sys_clk
    BUFGCE_X1Y289        BUFGCE (Prop_BUFCE_BUFGCE_I_O)
                                                      0.017     0.547 r  sys_clk_BUFGCE_inst/O
                         net (fo=19, routed)          0.504     1.051    i_dram_wrapper/i_dram/inst/u_ddr4_infrastructure/mmcm_clk_in
    MMCM_X1Y13           MMCME4_ADV (Prop_MMCM_CLKIN1_CLKOUT0)
                                                      0.230     1.281 r  i_dram_wrapper/i_dram/inst/u_ddr4_infrastructure/gen_mmcme4.u_mmcme_adv_inst/CLKOUT0
                         net (fo=1, routed)           0.145     1.426    i_dram_wrapper/i_dram/inst/u_ddr4_infrastructure/mmcm_clkout0
    BUFGCE_X1Y332        BUFGCE (Prop_BUFCE_BUFGCE_I_O)
                                                      0.017     1.443 r  i_dram_wrapper/i_dram/inst/u_ddr4_infrastructure/u_bufg_divClk/O
    X4Y12 (CLOCK_ROOT)   net (fo=36893, routed)       1.142     2.585    i_dram_wrapper/i_dram/inst/u_ddr4_mem_intfc/u_ddr_cal_top/u_ddr_cal/u_xsdb_arbiter/SYNC[0].sync_reg_reg[0]
    SLICE_X122Y726       FDRE                                         r  i_dram_wrapper/i_dram/inst/u_ddr4_mem_intfc/u_ddr_cal_top/u_ddr_cal/u_xsdb_arbiter/slave_do_fclk_reg[2]/C
  -------------------------------------------------------------------    -------------------
    SLICE_X122Y726       FDRE (Prop_HFF2_SLICEL_C_Q)
                                                      0.039     2.624 r  i_dram_wrapper/i_dram/inst/u_ddr4_mem_intfc/u_ddr_cal_top/u_ddr_cal/u_xsdb_arbiter/slave_do_fclk_reg[2]/Q
                         net (fo=1, routed)           0.083     2.707    i_dram_wrapper/i_dram/inst/u_ddr4_mem_intfc/u_ddr_cal_top/u_ddr_cal/u_xsdb_arbiter/u_slave_do_sync/out[2]
    SLICE_X122Y726       FDRE                                         r  i_dram_wrapper/i_dram/inst/u_ddr4_mem_intfc/u_ddr_cal_top/u_ddr_cal/u_xsdb_arbiter/u_slave_do_sync/SYNC[2].sync_reg_reg[0]/D
  -------------------------------------------------------------------    -------------------

                         (clock clk_50_clkwiz rise edge)
                                                      0.000     0.000 r  
    E12                                               0.000     0.000 r  sys_clk_p (IN)
                         net (fo=0)                   0.000     0.000    i_bufds_sys_clk/I
    HPIOBDIFFINBUF_X1Y300
                         DIFFINBUF (Prop_DIFFINBUF_HPIOBDIFFINBUF_DIFF_IN_P_O)
                                                      0.446     0.446 r  i_bufds_sys_clk/DIFFINBUF_INST/O
                         net (fo=1, routed)           0.050     0.496    i_bufds_sys_clk/OUT
    E12                  IBUFCTRL (Prop_IBUFCTRL_HPIOB_M_I_O)
                                                      0.000     0.496 r  i_bufds_sys_clk/IBUFCTRL_INST/O
                         net (fo=1, routed)           0.183     0.679    sys_clk
    BUFGCE_X1Y289        BUFGCE (Prop_BUFCE_BUFGCE_I_O)
                                                      0.019     0.698 r  sys_clk_BUFGCE_inst/O
                         net (fo=19, routed)          0.622     1.320    i_clkwiz/inst/clk_in1
    MMCM_X1Y11           MMCME4_ADV (Prop_MMCM_CLKIN1_CLKOUT0)
                                                     -0.295     1.025 r  i_clkwiz/inst/mmcme4_adv_inst/CLKOUT0
                         net (fo=1, routed)           0.165     1.190    i_clkwiz/inst/clk_50_clkwiz
    BUFGCE_X1Y266        BUFGCE (Prop_BUFCE_BUFGCE_I_O)
                                                      0.019     1.209 r  i_clkwiz/inst/clkout1_buf/O
    X2Y7 (CLOCK_ROOT)    net (fo=199676, routed)      2.410     3.619    i_dram_wrapper/i_dram/inst/u_ddr4_mem_intfc/u_ddr_cal_top/u_ddr_cal/u_xsdb_arbiter/u_slave_do_sync/CLK
    SLICE_X122Y726       FDRE                                         r  i_dram_wrapper/i_dram/inst/u_ddr4_mem_intfc/u_ddr_cal_top/u_ddr_cal/u_xsdb_arbiter/u_slave_do_sync/SYNC[2].sync_reg_reg[0]/C





--------------------------------------------------------------------------------------
Path Group:  (none)
From Clock:  clk_50_clkwiz
  To Clock:  dbg_hub/inst/BSCANID.u_xsdbm_id/SWITCH_N_EXT_BSCAN.bscan_inst/SERIES7_BSCAN.bscan_inst/INTERNAL_TCK

Max Delay            95 Endpoints
Min Delay           103 Endpoints
--------------------------------------------------------------------------------------


Max Delay Paths
--------------------------------------------------------------------------------------
Slack:                    inf
  Source:                 dbg_hub/inst/BSCANID.u_xsdbm_id/CORE_XSDB.UUT_MASTER/U_ICON_INTERFACE/U_CMD1/ctl_reg_reg[0]/C
                            (rising edge-triggered cell FDRE clocked by clk_50_clkwiz  {rise@0.000ns fall@10.000ns period=20.000ns})
  Destination:            dbg_hub/inst/BSCANID.u_xsdbm_id/CORE_XSDB.UUT_MASTER/U_ICON_INTERFACE/U_CMD4/shift_reg_in_reg[12]/R
                            (rising edge-triggered cell FDRE clocked by dbg_hub/inst/BSCANID.u_xsdbm_id/SWITCH_N_EXT_BSCAN.bscan_inst/SERIES7_BSCAN.bscan_inst/INTERNAL_TCK  {rise@0.000ns fall@25.000ns period=50.000ns})
  Path Group:             (none)
  Path Type:              Setup (Max at Slow Process Corner)
  Data Path Delay:        1.330ns  (logic 0.077ns (5.789%)  route 1.253ns (94.211%))
  Logic Levels:           0  
  Clock Path Skew:        -1.011ns (DCD - SCD + CPR)
    Destination Clock Delay (DCD):    4.938ns
    Source Clock Delay      (SCD):    5.949ns
    Clock Pessimism Removal (CPR):    0.000ns
  Clock Uncertainty:      0.238ns  ((TSJ^2 + DJ^2)^1/2) / 2 + PE
    Total System Jitter     (TSJ):    0.071ns
    Discrete Jitter          (DJ):    0.150ns
    Phase Error              (PE):    0.155ns
  Clock Net Delay (Source):      3.725ns (routing 1.870ns, distribution 1.855ns)
  Clock Net Delay (Destination): 1.829ns (routing 1.066ns, distribution 0.763ns)
  Timing Exception:       False Path

    Location             Delay type                Incr(ns)  Path(ns)    Netlist Resource(s)
  -------------------------------------------------------------------    -------------------
                         (clock clk_50_clkwiz rise edge)
                                                      0.000     0.000 r  
    E12                                               0.000     0.000 r  sys_clk_p (IN)
                         net (fo=0)                   0.000     0.000    i_bufds_sys_clk/I
    HPIOBDIFFINBUF_X1Y300
                         DIFFINBUF (Prop_DIFFINBUF_HPIOBDIFFINBUF_DIFF_IN_P_O)
                                                      0.675     0.675 r  i_bufds_sys_clk/DIFFINBUF_INST/O
                         net (fo=1, routed)           0.050     0.725    i_bufds_sys_clk/OUT
    E12                  IBUFCTRL (Prop_IBUFCTRL_HPIOB_M_I_O)
                                                      0.000     0.725 r  i_bufds_sys_clk/IBUFCTRL_INST/O
                         net (fo=1, routed)           0.335     1.060    sys_clk
    BUFGCE_X1Y289        BUFGCE (Prop_BUFCE_BUFGCE_I_O)
                                                      0.028     1.088 r  sys_clk_BUFGCE_inst/O
                         net (fo=19, routed)          0.991     2.079    i_clkwiz/inst/clk_in1
    MMCM_X1Y11           MMCME4_ADV (Prop_MMCM_CLKIN1_CLKOUT0)
                                                     -0.127     1.952 r  i_clkwiz/inst/mmcme4_adv_inst/CLKOUT0
                         net (fo=1, routed)           0.244     2.196    i_clkwiz/inst/clk_50_clkwiz
    BUFGCE_X1Y266        BUFGCE (Prop_BUFCE_BUFGCE_I_O)
                                                      0.028     2.224 r  i_clkwiz/inst/clkout1_buf/O
    X2Y7 (CLOCK_ROOT)    net (fo=199676, routed)      3.725     5.949    dbg_hub/inst/BSCANID.u_xsdbm_id/CORE_XSDB.UUT_MASTER/U_ICON_INTERFACE/U_CMD1/clk
    SLICE_X108Y607       FDRE                                         r  dbg_hub/inst/BSCANID.u_xsdbm_id/CORE_XSDB.UUT_MASTER/U_ICON_INTERFACE/U_CMD1/ctl_reg_reg[0]/C
  -------------------------------------------------------------------    -------------------
    SLICE_X108Y607       FDRE (Prop_AFF_SLICEM_C_Q)
                                                      0.077     6.026 r  dbg_hub/inst/BSCANID.u_xsdbm_id/CORE_XSDB.UUT_MASTER/U_ICON_INTERFACE/U_CMD1/ctl_reg_reg[0]/Q
                         net (fo=168, routed)         1.253     7.279    dbg_hub/inst/BSCANID.u_xsdbm_id/CORE_XSDB.UUT_MASTER/U_ICON_INTERFACE/U_CMD4/SR[0]
    SLICE_X109Y602       FDRE                                         r  dbg_hub/inst/BSCANID.u_xsdbm_id/CORE_XSDB.UUT_MASTER/U_ICON_INTERFACE/U_CMD4/shift_reg_in_reg[12]/R
  -------------------------------------------------------------------    -------------------

                         (clock dbg_hub/inst/BSCANID.u_xsdbm_id/SWITCH_N_EXT_BSCAN.bscan_inst/SERIES7_BSCAN.bscan_inst/INTERNAL_TCK rise edge)
                                                      0.000     0.000 r  
    CONFIG_SITE_X0Y1     BSCANE2                      0.000     0.000 r  dbg_hub/inst/BSCANID.u_xsdbm_id/SWITCH_N_EXT_BSCAN.bscan_inst/SERIES7_BSCAN.bscan_inst/INTERNAL_TCK
    CONFIG_SITE_X0Y1     BSCANE2 (Prop_BSCAN1_CONFIG_SITE_INTERNAL_TCK_TCK)
                                                      0.465     0.465 r  dbg_hub/inst/BSCANID.u_xsdbm_id/SWITCH_N_EXT_BSCAN.bscan_inst/SERIES7_BSCAN.bscan_inst/TCK
                         net (fo=1, routed)           2.620     3.085    dbg_hub/inst/BSCANID.u_xsdbm_id/tck_bs
    SLR Crossing[1->2]   
    BUFGCE_X1Y288        BUFGCE (Prop_BUFCE_BUFGCE_I_O)
                                                      0.024     3.109 r  dbg_hub/inst/BSCANID.u_xsdbm_id/SWITCH_N_EXT_BSCAN.u_bufg_icon_tck/O
    X3Y10 (CLOCK_ROOT)   net (fo=494, routed)         1.829     4.938    dbg_hub/inst/BSCANID.u_xsdbm_id/CORE_XSDB.UUT_MASTER/U_ICON_INTERFACE/U_CMD4/m_bscan_tck[0]
    SLICE_X109Y602       FDRE                                         r  dbg_hub/inst/BSCANID.u_xsdbm_id/CORE_XSDB.UUT_MASTER/U_ICON_INTERFACE/U_CMD4/shift_reg_in_reg[12]/C





Min Delay Paths
--------------------------------------------------------------------------------------
Slack:                    inf
  Source:                 dbg_hub/inst/BSCANID.u_xsdbm_id/CORE_XSDB.UUT_MASTER/U_ICON_INTERFACE/U_CMD7_STAT/stat_reg_reg[1]/C
                            (rising edge-triggered cell FDRE clocked by clk_50_clkwiz  {rise@0.000ns fall@10.000ns period=20.000ns})
  Destination:            dbg_hub/inst/BSCANID.u_xsdbm_id/CORE_XSDB.UUT_MASTER/U_ICON_INTERFACE/U_CMD7_STAT/stat_reg_1_reg[1]/D
                            (rising edge-triggered cell FDRE clocked by dbg_hub/inst/BSCANID.u_xsdbm_id/SWITCH_N_EXT_BSCAN.bscan_inst/SERIES7_BSCAN.bscan_inst/INTERNAL_TCK  {rise@0.000ns fall@25.000ns period=50.000ns})
  Path Group:             (none)
  Path Type:              Hold (Min at Fast Process Corner)
  Data Path Delay:        0.147ns  (logic 0.039ns (26.531%)  route 0.108ns (73.469%))
  Logic Levels:           0  
  Clock Path Skew:        5.045ns (DCD - SCD - CPR)
    Destination Clock Delay (DCD):    8.502ns
    Source Clock Delay      (SCD):    3.457ns
    Clock Pessimism Removal (CPR):    -0.000ns
  Clock Uncertainty:      0.238ns  ((TSJ^2 + DJ^2)^1/2) / 2 + PE
    Total System Jitter     (TSJ):    0.071ns
    Discrete Jitter          (DJ):    0.150ns
    Phase Error              (PE):    0.155ns
  Clock Net Delay (Source):      1.966ns (routing 1.022ns, distribution 0.944ns)
  Clock Net Delay (Destination): 1.325ns (routing 0.719ns, distribution 0.606ns)
  Timing Exception:       False Path

    Location             Delay type                Incr(ns)  Path(ns)    Netlist Resource(s)
  -------------------------------------------------------------------    -------------------
                         (clock clk_50_clkwiz rise edge)
                                                      0.000     0.000 r  
    E12                                               0.000     0.000 r  sys_clk_p (IN)
                         net (fo=0)                   0.000     0.000    i_bufds_sys_clk/I
    HPIOBDIFFINBUF_X1Y300
                         DIFFINBUF (Prop_DIFFINBUF_HPIOBDIFFINBUF_DIFF_IN_P_O)
                                                      0.340     0.340 r  i_bufds_sys_clk/DIFFINBUF_INST/O
                         net (fo=1, routed)           0.040     0.380    i_bufds_sys_clk/OUT
    E12                  IBUFCTRL (Prop_IBUFCTRL_HPIOB_M_I_O)
                                                      0.000     0.380 r  i_bufds_sys_clk/IBUFCTRL_INST/O
                         net (fo=1, routed)           0.150     0.530    sys_clk
    BUFGCE_X1Y289        BUFGCE (Prop_BUFCE_BUFGCE_I_O)
                                                      0.017     0.547 r  sys_clk_BUFGCE_inst/O
                         net (fo=19, routed)          0.552     1.099    i_clkwiz/inst/clk_in1
    MMCM_X1Y11           MMCME4_ADV (Prop_MMCM_CLKIN1_CLKOUT0)
                                                      0.230     1.329 r  i_clkwiz/inst/mmcme4_adv_inst/CLKOUT0
                         net (fo=1, routed)           0.145     1.474    i_clkwiz/inst/clk_50_clkwiz
    BUFGCE_X1Y266        BUFGCE (Prop_BUFCE_BUFGCE_I_O)
                                                      0.017     1.491 r  i_clkwiz/inst/clkout1_buf/O
    X2Y7 (CLOCK_ROOT)    net (fo=199676, routed)      1.966     3.457    dbg_hub/inst/BSCANID.u_xsdbm_id/CORE_XSDB.UUT_MASTER/U_ICON_INTERFACE/U_CMD7_STAT/clk
    SLICE_X70Y602        FDRE                                         r  dbg_hub/inst/BSCANID.u_xsdbm_id/CORE_XSDB.UUT_MASTER/U_ICON_INTERFACE/U_CMD7_STAT/stat_reg_reg[1]/C
  -------------------------------------------------------------------    -------------------
    SLICE_X70Y602        FDRE (Prop_AFF2_SLICEM_C_Q)
                                                      0.039     3.496 r  dbg_hub/inst/BSCANID.u_xsdbm_id/CORE_XSDB.UUT_MASTER/U_ICON_INTERFACE/U_CMD7_STAT/stat_reg_reg[1]/Q
                         net (fo=1, routed)           0.108     3.604    dbg_hub/inst/BSCANID.u_xsdbm_id/CORE_XSDB.UUT_MASTER/U_ICON_INTERFACE/U_CMD7_STAT/stat_reg[1]
    SLICE_X70Y603        FDRE                                         r  dbg_hub/inst/BSCANID.u_xsdbm_id/CORE_XSDB.UUT_MASTER/U_ICON_INTERFACE/U_CMD7_STAT/stat_reg_1_reg[1]/D
  -------------------------------------------------------------------    -------------------

                         (clock dbg_hub/inst/BSCANID.u_xsdbm_id/SWITCH_N_EXT_BSCAN.bscan_inst/SERIES7_BSCAN.bscan_inst/INTERNAL_TCK rise edge)
                                                      0.000     0.000 r  
    CONFIG_SITE_X0Y1     BSCANE2                      0.000     0.000 r  dbg_hub/inst/BSCANID.u_xsdbm_id/SWITCH_N_EXT_BSCAN.bscan_inst/SERIES7_BSCAN.bscan_inst/INTERNAL_TCK
    CONFIG_SITE_X0Y1     BSCANE2 (Prop_BSCAN1_CONFIG_SITE_INTERNAL_TCK_TCK)
                                                      4.300     4.300 r  dbg_hub/inst/BSCANID.u_xsdbm_id/SWITCH_N_EXT_BSCAN.bscan_inst/SERIES7_BSCAN.bscan_inst/TCK
                         net (fo=1, routed)           2.858     7.158    dbg_hub/inst/BSCANID.u_xsdbm_id/tck_bs
    SLR Crossing[1->2]   
    BUFGCE_X1Y288        BUFGCE (Prop_BUFCE_BUFGCE_I_O)
                                                      0.019     7.177 r  dbg_hub/inst/BSCANID.u_xsdbm_id/SWITCH_N_EXT_BSCAN.u_bufg_icon_tck/O
    X3Y10 (CLOCK_ROOT)   net (fo=494, routed)         1.325     8.502    dbg_hub/inst/BSCANID.u_xsdbm_id/CORE_XSDB.UUT_MASTER/U_ICON_INTERFACE/U_CMD7_STAT/m_bscan_tck[0]
    SLICE_X70Y603        FDRE                                         r  dbg_hub/inst/BSCANID.u_xsdbm_id/CORE_XSDB.UUT_MASTER/U_ICON_INTERFACE/U_CMD7_STAT/stat_reg_1_reg[1]/C





--------------------------------------------------------------------------------------
Path Group:  (none)
From Clock:  clk_50_clkwiz
  To Clock:  mmcm_clkout0

Max Delay             4 Endpoints
Min Delay           686 Endpoints
--------------------------------------------------------------------------------------


Max Delay Paths
--------------------------------------------------------------------------------------
Slack:                    inf
  Source:                 sys_rst_reg/C
                            (rising edge-triggered cell FDPE clocked by clk_50_clkwiz  {rise@0.000ns fall@10.000ns period=20.000ns})
  Destination:            i_dram_wrapper/i_ui_por/i_rstgen_bypass/synch_regs_q_reg[0]/CLR
                            (recovery check against rising-edge clock mmcm_clkout0  {rise@0.000ns fall@1.667ns period=3.333ns})
  Path Group:             (none)
  Path Type:              Recovery (Max at Slow Process Corner)
  Data Path Delay:        1.161ns  (logic 0.079ns (6.804%)  route 1.082ns (93.196%))
  Logic Levels:           0  
  Clock Path Skew:        -1.328ns (DCD - SCD + CPR)
    Destination Clock Delay (DCD):    4.596ns
    Source Clock Delay      (SCD):    5.925ns
    Clock Pessimism Removal (CPR):    0.000ns
  Clock Uncertainty:      0.290ns  ((TSJ^2 + DJ^2)^1/2) / 2 + PE
    Total System Jitter     (TSJ):    0.071ns
    Discrete Jitter          (DJ):    0.227ns
    Phase Error              (PE):    0.171ns
  Clock Net Delay (Source):      3.701ns (routing 1.870ns, distribution 1.831ns)
  Clock Net Delay (Destination): 2.008ns (routing 0.777ns, distribution 1.231ns)
  Timing Exception:       False Path

    Location             Delay type                Incr(ns)  Path(ns)    Netlist Resource(s)
  -------------------------------------------------------------------    -------------------
                         (clock clk_50_clkwiz rise edge)
                                                      0.000     0.000 r  
    E12                                               0.000     0.000 r  sys_clk_p (IN)
                         net (fo=0)                   0.000     0.000    i_bufds_sys_clk/I
    HPIOBDIFFINBUF_X1Y300
                         DIFFINBUF (Prop_DIFFINBUF_HPIOBDIFFINBUF_DIFF_IN_P_O)
                                                      0.675     0.675 r  i_bufds_sys_clk/DIFFINBUF_INST/O
                         net (fo=1, routed)           0.050     0.725    i_bufds_sys_clk/OUT
    E12                  IBUFCTRL (Prop_IBUFCTRL_HPIOB_M_I_O)
                                                      0.000     0.725 r  i_bufds_sys_clk/IBUFCTRL_INST/O
                         net (fo=1, routed)           0.335     1.060    sys_clk
    BUFGCE_X1Y289        BUFGCE (Prop_BUFCE_BUFGCE_I_O)
                                                      0.028     1.088 r  sys_clk_BUFGCE_inst/O
                         net (fo=19, routed)          0.991     2.079    i_clkwiz/inst/clk_in1
    MMCM_X1Y11           MMCME4_ADV (Prop_MMCM_CLKIN1_CLKOUT0)
                                                     -0.127     1.952 r  i_clkwiz/inst/mmcme4_adv_inst/CLKOUT0
                         net (fo=1, routed)           0.244     2.196    i_clkwiz/inst/clk_50_clkwiz
    BUFGCE_X1Y266        BUFGCE (Prop_BUFCE_BUFGCE_I_O)
                                                      0.028     2.224 r  i_clkwiz/inst/clkout1_buf/O
    X2Y7 (CLOCK_ROOT)    net (fo=199676, routed)      3.701     5.925    soc_clk
    SLICE_X109Y629       FDPE                                         r  sys_rst_reg/C
  -------------------------------------------------------------------    -------------------
    SLICE_X109Y629       FDPE (Prop_EFF_SLICEL_C_Q)
                                                      0.079     6.004 f  sys_rst_reg/Q
                         net (fo=7, routed)           1.082     7.086    i_dram_wrapper/i_ui_por/i_rstgen_bypass/rst_test_mode_ni
    SLICE_X110Y732       FDCE                                         f  i_dram_wrapper/i_ui_por/i_rstgen_bypass/synch_regs_q_reg[0]/CLR
  -------------------------------------------------------------------    -------------------

                         (clock mmcm_clkout0 rise edge)
                                                      0.000     0.000 r  
    E12                                               0.000     0.000 r  sys_clk_p (IN)
                         net (fo=0)                   0.000     0.000    i_bufds_sys_clk/I
    HPIOBDIFFINBUF_X1Y300
                         DIFFINBUF (Prop_DIFFINBUF_HPIOBDIFFINBUF_DIFF_IN_P_O)
                                                      0.564     0.564 r  i_bufds_sys_clk/DIFFINBUF_INST/O
                         net (fo=1, routed)           0.040     0.604    i_bufds_sys_clk/OUT
    E12                  IBUFCTRL (Prop_IBUFCTRL_HPIOB_M_I_O)
                                                      0.000     0.604 r  i_bufds_sys_clk/IBUFCTRL_INST/O
                         net (fo=1, routed)           0.297     0.901    sys_clk
    BUFGCE_X1Y289        BUFGCE (Prop_BUFCE_BUFGCE_I_O)
                                                      0.024     0.925 r  sys_clk_BUFGCE_inst/O
                         net (fo=19, routed)          0.795     1.720    i_dram_wrapper/i_dram/inst/u_ddr4_infrastructure/mmcm_clk_in
    MMCM_X1Y13           MMCME4_ADV (Prop_MMCM_CLKIN1_CLKOUT0)
                                                      0.630     2.350 r  i_dram_wrapper/i_dram/inst/u_ddr4_infrastructure/gen_mmcme4.u_mmcme_adv_inst/CLKOUT0
                         net (fo=1, routed)           0.214     2.564    i_dram_wrapper/i_dram/inst/u_ddr4_infrastructure/mmcm_clkout0
    BUFGCE_X1Y332        BUFGCE (Prop_BUFCE_BUFGCE_I_O)
                                                      0.024     2.588 r  i_dram_wrapper/i_dram/inst/u_ddr4_infrastructure/u_bufg_divClk/O
    X4Y12 (CLOCK_ROOT)   net (fo=36893, routed)       2.008     4.596    i_dram_wrapper/i_ui_por/i_rstgen_bypass/clk_i
    SLICE_X110Y732       FDCE                                         r  i_dram_wrapper/i_ui_por/i_rstgen_bypass/synch_regs_q_reg[0]/C





Min Delay Paths
--------------------------------------------------------------------------------------
Slack:                    inf
  Source:                 i_dram_wrapper/gen_cdc.i_axi_cdc_mig/i_axi_cdc_src/i_cdc_fifo_gray_src_w/gen_fpga_write.gen_slice[8].gen_word[30].word_q_reg[58]/C
                            (rising edge-triggered cell FDCE clocked by clk_50_clkwiz  {rise@0.000ns fall@10.000ns period=20.000ns})
  Destination:            i_dram_wrapper/gen_cdc.i_axi_cdc_mig/i_axi_cdc_dst/i_cdc_fifo_gray_dst_w/i_spill_register/spill_register_flushable_i/gen_spill_reg.a_data_q_reg[data][503]/D
                            (rising edge-triggered cell FDCE clocked by mmcm_clkout0  {rise@0.000ns fall@1.667ns period=3.333ns})
  Path Group:             (none)
  Path Type:              Hold (Min at Fast Process Corner)
  Data Path Delay:        0.196ns  (logic 0.077ns (39.286%)  route 0.119ns (60.714%))
  Logic Levels:           2  (LUT4=1 LUT6=1)
  Clock Path Skew:        -0.887ns (DCD - SCD - CPR)
    Destination Clock Delay (DCD):    2.600ns
    Source Clock Delay      (SCD):    3.486ns
    Clock Pessimism Removal (CPR):    -0.000ns
  Clock Uncertainty:      0.290ns  ((TSJ^2 + DJ^2)^1/2) / 2 + PE
    Total System Jitter     (TSJ):    0.071ns
    Discrete Jitter          (DJ):    0.227ns
    Phase Error              (PE):    0.171ns
  Clock Net Delay (Source):      1.995ns (routing 1.022ns, distribution 0.973ns)
  Clock Net Delay (Destination): 1.446ns (routing 0.521ns, distribution 0.925ns)
  Timing Exception:       False Path

    Location             Delay type                Incr(ns)  Path(ns)    Netlist Resource(s)
  -------------------------------------------------------------------    -------------------
                         (clock clk_50_clkwiz rise edge)
                                                      0.000     0.000 r  
    E12                                               0.000     0.000 r  sys_clk_p (IN)
                         net (fo=0)                   0.000     0.000    i_bufds_sys_clk/I
    HPIOBDIFFINBUF_X1Y300
                         DIFFINBUF (Prop_DIFFINBUF_HPIOBDIFFINBUF_DIFF_IN_P_O)
                                                      0.340     0.340 r  i_bufds_sys_clk/DIFFINBUF_INST/O
                         net (fo=1, routed)           0.040     0.380    i_bufds_sys_clk/OUT
    E12                  IBUFCTRL (Prop_IBUFCTRL_HPIOB_M_I_O)
                                                      0.000     0.380 r  i_bufds_sys_clk/IBUFCTRL_INST/O
                         net (fo=1, routed)           0.150     0.530    sys_clk
    BUFGCE_X1Y289        BUFGCE (Prop_BUFCE_BUFGCE_I_O)
                                                      0.017     0.547 r  sys_clk_BUFGCE_inst/O
                         net (fo=19, routed)          0.552     1.099    i_clkwiz/inst/clk_in1
    MMCM_X1Y11           MMCME4_ADV (Prop_MMCM_CLKIN1_CLKOUT0)
                                                      0.230     1.329 r  i_clkwiz/inst/mmcme4_adv_inst/CLKOUT0
                         net (fo=1, routed)           0.145     1.474    i_clkwiz/inst/clk_50_clkwiz
    BUFGCE_X1Y266        BUFGCE (Prop_BUFCE_BUFGCE_I_O)
                                                      0.017     1.491 r  i_clkwiz/inst/clkout1_buf/O
    X2Y7 (CLOCK_ROOT)    net (fo=199676, routed)      1.995     3.486    i_dram_wrapper/gen_cdc.i_axi_cdc_mig/i_axi_cdc_src/i_cdc_fifo_gray_src_w/src_clk_i
    SLICE_X87Y744        FDCE                                         r  i_dram_wrapper/gen_cdc.i_axi_cdc_mig/i_axi_cdc_src/i_cdc_fifo_gray_src_w/gen_fpga_write.gen_slice[8].gen_word[30].word_q_reg[58]/C
  -------------------------------------------------------------------    -------------------
    SLICE_X87Y744        FDCE (Prop_GFF_SLICEM_C_Q)
                                                      0.039     3.525 r  i_dram_wrapper/gen_cdc.i_axi_cdc_mig/i_axi_cdc_src/i_cdc_fifo_gray_src_w/gen_fpga_write.gen_slice[8].gen_word[30].word_q_reg[58]/Q
                         net (fo=1, routed)           0.029     3.554    i_dram_wrapper/gen_cdc.i_axi_cdc_mig/i_axi_cdc_dst/i_cdc_fifo_gray_dst_w/async_data_i[30][data][503]
    SLICE_X87Y744        LUT6 (Prop_H6LUT_SLICEM_I5_O)
                                                      0.023     3.577 r  i_dram_wrapper/gen_cdc.i_axi_cdc_mig/i_axi_cdc_dst/i_cdc_fifo_gray_dst_w/i_spill_register_i_614/O
                         net (fo=1, routed)           0.073     3.650    i_dram_wrapper/gen_cdc.i_axi_cdc_mig/i_axi_cdc_dst/i_cdc_fifo_gray_dst_w/i_spill_register_i_614_n_0
    SLICE_X86Y745        LUT4 (Prop_H6LUT_SLICEL_I1_O)
                                                      0.015     3.665 r  i_dram_wrapper/gen_cdc.i_axi_cdc_mig/i_axi_cdc_dst/i_cdc_fifo_gray_dst_w/i_spill_register_i_10/O
                         net (fo=1, routed)           0.017     3.682    i_dram_wrapper/gen_cdc.i_axi_cdc_mig/i_axi_cdc_dst/i_cdc_fifo_gray_dst_w/i_spill_register/spill_register_flushable_i/data_i[data][503]
    SLICE_X86Y745        FDCE                                         r  i_dram_wrapper/gen_cdc.i_axi_cdc_mig/i_axi_cdc_dst/i_cdc_fifo_gray_dst_w/i_spill_register/spill_register_flushable_i/gen_spill_reg.a_data_q_reg[data][503]/D
  -------------------------------------------------------------------    -------------------

                         (clock mmcm_clkout0 rise edge)
                                                      0.000     0.000 r  
    E12                                               0.000     0.000 r  sys_clk_p (IN)
                         net (fo=0)                   0.000     0.000    i_bufds_sys_clk/I
    HPIOBDIFFINBUF_X1Y300
                         DIFFINBUF (Prop_DIFFINBUF_HPIOBDIFFINBUF_DIFF_IN_P_O)
                                                      0.446     0.446 r  i_bufds_sys_clk/DIFFINBUF_INST/O
                         net (fo=1, routed)           0.050     0.496    i_bufds_sys_clk/OUT
    E12                  IBUFCTRL (Prop_IBUFCTRL_HPIOB_M_I_O)
                                                      0.000     0.496 r  i_bufds_sys_clk/IBUFCTRL_INST/O
                         net (fo=1, routed)           0.183     0.679    sys_clk
    BUFGCE_X1Y289        BUFGCE (Prop_BUFCE_BUFGCE_I_O)
                                                      0.019     0.698 r  sys_clk_BUFGCE_inst/O
                         net (fo=19, routed)          0.567     1.265    i_dram_wrapper/i_dram/inst/u_ddr4_infrastructure/mmcm_clk_in
    MMCM_X1Y13           MMCME4_ADV (Prop_MMCM_CLKIN1_CLKOUT0)
                                                     -0.295     0.970 r  i_dram_wrapper/i_dram/inst/u_ddr4_infrastructure/gen_mmcme4.u_mmcme_adv_inst/CLKOUT0
                         net (fo=1, routed)           0.165     1.135    i_dram_wrapper/i_dram/inst/u_ddr4_infrastructure/mmcm_clkout0
    BUFGCE_X1Y332        BUFGCE (Prop_BUFCE_BUFGCE_I_O)
                                                      0.019     1.154 r  i_dram_wrapper/i_dram/inst/u_ddr4_infrastructure/u_bufg_divClk/O
    X4Y12 (CLOCK_ROOT)   net (fo=36893, routed)       1.446     2.600    i_dram_wrapper/gen_cdc.i_axi_cdc_mig/i_axi_cdc_dst/i_cdc_fifo_gray_dst_w/i_spill_register/spill_register_flushable_i/clk_i
    SLICE_X86Y745        FDCE                                         r  i_dram_wrapper/gen_cdc.i_axi_cdc_mig/i_axi_cdc_dst/i_cdc_fifo_gray_dst_w/i_spill_register/spill_register_flushable_i/gen_spill_reg.a_data_q_reg[data][503]/C





--------------------------------------------------------------------------------------
Path Group:  (none)
From Clock:  mmcm_clkout0
  To Clock:  mmcm_clkout0

Max Delay             4 Endpoints
Min Delay             4 Endpoints
--------------------------------------------------------------------------------------


Max Delay Paths
--------------------------------------------------------------------------------------
Slack:                    inf
  Source:                 i_dram_wrapper/fabric_ready_o_reg/C
                            (rising edge-triggered cell FDCE clocked by mmcm_clkout0  {rise@0.000ns fall@1.667ns period=3.333ns})
  Destination:            i_dram_wrapper/i_ui_rstgen/i_rstgen_bypass/synch_regs_q_reg[0]/CLR
                            (recovery check against rising-edge clock mmcm_clkout0  {rise@0.000ns fall@1.667ns period=3.333ns})
  Path Group:             (none)
  Path Type:              Recovery (Max at Slow Process Corner)
  Data Path Delay:        0.353ns  (logic 0.080ns (22.663%)  route 0.273ns (77.337%))
  Logic Levels:           0  
  Clock Path Skew:        0.210ns (DCD - SCD + CPR)
    Destination Clock Delay (DCD):    4.589ns
    Source Clock Delay      (SCD):    4.380ns
    Clock Pessimism Removal (CPR):    0.000ns
  Clock Uncertainty:      0.052ns  ((TSJ^2 + DJ^2)^1/2) / 2 + PE
    Total System Jitter     (TSJ):    0.071ns
    Discrete Jitter          (DJ):    0.076ns
    Phase Error              (PE):    0.000ns
  Clock Net Delay (Source):      2.246ns (routing 0.854ns, distribution 1.392ns)
  Clock Net Delay (Destination): 2.001ns (routing 0.777ns, distribution 1.224ns)
  Timing Exception:       False Path

    Location             Delay type                Incr(ns)  Path(ns)    Netlist Resource(s)
  -------------------------------------------------------------------    -------------------
                         (clock mmcm_clkout0 rise edge)
                                                      0.000     0.000 r  
    E12                                               0.000     0.000 r  sys_clk_p (IN)
                         net (fo=0)                   0.000     0.000    i_bufds_sys_clk/I
    HPIOBDIFFINBUF_X1Y300
                         DIFFINBUF (Prop_DIFFINBUF_HPIOBDIFFINBUF_DIFF_IN_P_O)
                                                      0.675     0.675 r  i_bufds_sys_clk/DIFFINBUF_INST/O
                         net (fo=1, routed)           0.050     0.725    i_bufds_sys_clk/OUT
    E12                  IBUFCTRL (Prop_IBUFCTRL_HPIOB_M_I_O)
                                                      0.000     0.725 r  i_bufds_sys_clk/IBUFCTRL_INST/O
                         net (fo=1, routed)           0.335     1.060    sys_clk
    BUFGCE_X1Y289        BUFGCE (Prop_BUFCE_BUFGCE_I_O)
                                                      0.028     1.088 r  sys_clk_BUFGCE_inst/O
                         net (fo=19, routed)          0.901     1.989    i_dram_wrapper/i_dram/inst/u_ddr4_infrastructure/mmcm_clk_in
    MMCM_X1Y13           MMCME4_ADV (Prop_MMCM_CLKIN1_CLKOUT0)
                                                     -0.127     1.862 r  i_dram_wrapper/i_dram/inst/u_ddr4_infrastructure/gen_mmcme4.u_mmcme_adv_inst/CLKOUT0
                         net (fo=1, routed)           0.244     2.106    i_dram_wrapper/i_dram/inst/u_ddr4_infrastructure/mmcm_clkout0
    BUFGCE_X1Y332        BUFGCE (Prop_BUFCE_BUFGCE_I_O)
                                                      0.028     2.134 r  i_dram_wrapper/i_dram/inst/u_ddr4_infrastructure/u_bufg_divClk/O
    X4Y12 (CLOCK_ROOT)   net (fo=36893, routed)       2.246     4.380    i_dram_wrapper/dram_axi_clk
    SLICE_X111Y732       FDCE                                         r  i_dram_wrapper/fabric_ready_o_reg/C
  -------------------------------------------------------------------    -------------------
    SLICE_X111Y732       FDCE (Prop_HFF2_SLICEL_C_Q)
                                                      0.080     4.460 r  i_dram_wrapper/fabric_ready_o_reg/Q
                         net (fo=9, routed)           0.273     4.733    i_dram_wrapper/i_ui_rstgen/i_rstgen_bypass/rst_test_mode_ni
    SLICE_X111Y729       FDCE                                         f  i_dram_wrapper/i_ui_rstgen/i_rstgen_bypass/synch_regs_q_reg[0]/CLR  (IS_INVERTED)
  -------------------------------------------------------------------    -------------------

                         (clock mmcm_clkout0 rise edge)
                                                      0.000     0.000 r  
    E12                                               0.000     0.000 r  sys_clk_p (IN)
                         net (fo=0)                   0.000     0.000    i_bufds_sys_clk/I
    HPIOBDIFFINBUF_X1Y300
                         DIFFINBUF (Prop_DIFFINBUF_HPIOBDIFFINBUF_DIFF_IN_P_O)
                                                      0.564     0.564 r  i_bufds_sys_clk/DIFFINBUF_INST/O
                         net (fo=1, routed)           0.040     0.604    i_bufds_sys_clk/OUT
    E12                  IBUFCTRL (Prop_IBUFCTRL_HPIOB_M_I_O)
                                                      0.000     0.604 r  i_bufds_sys_clk/IBUFCTRL_INST/O
                         net (fo=1, routed)           0.297     0.901    sys_clk
    BUFGCE_X1Y289        BUFGCE (Prop_BUFCE_BUFGCE_I_O)
                                                      0.024     0.925 r  sys_clk_BUFGCE_inst/O
                         net (fo=19, routed)          0.795     1.720    i_dram_wrapper/i_dram/inst/u_ddr4_infrastructure/mmcm_clk_in
    MMCM_X1Y13           MMCME4_ADV (Prop_MMCM_CLKIN1_CLKOUT0)
                                                      0.630     2.350 r  i_dram_wrapper/i_dram/inst/u_ddr4_infrastructure/gen_mmcme4.u_mmcme_adv_inst/CLKOUT0
                         net (fo=1, routed)           0.214     2.564    i_dram_wrapper/i_dram/inst/u_ddr4_infrastructure/mmcm_clkout0
    BUFGCE_X1Y332        BUFGCE (Prop_BUFCE_BUFGCE_I_O)
                                                      0.024     2.588 r  i_dram_wrapper/i_dram/inst/u_ddr4_infrastructure/u_bufg_divClk/O
    X4Y12 (CLOCK_ROOT)   net (fo=36893, routed)       2.001     4.589    i_dram_wrapper/i_ui_rstgen/i_rstgen_bypass/clk_i
    SLICE_X111Y729       FDCE                                         r  i_dram_wrapper/i_ui_rstgen/i_rstgen_bypass/synch_regs_q_reg[0]/C





Min Delay Paths
--------------------------------------------------------------------------------------
Slack:                    inf
  Source:                 i_dram_wrapper/fabric_ready_o_reg/C
                            (rising edge-triggered cell FDCE clocked by mmcm_clkout0  {rise@0.000ns fall@1.667ns period=3.333ns})
  Destination:            i_dram_wrapper/i_ui_rstgen/i_rstgen_bypass/synch_regs_q_reg[0]/CLR
                            (removal check against rising-edge clock mmcm_clkout0  {rise@0.000ns fall@1.667ns period=3.333ns})
  Path Group:             (none)
  Path Type:              Removal (Min at Fast Process Corner)
  Data Path Delay:        0.160ns  (logic 0.039ns (24.375%)  route 0.121ns (75.625%))
  Logic Levels:           0  
  Clock Path Skew:        -0.146ns (DCD - SCD - CPR)
    Destination Clock Delay (DCD):    2.532ns
    Source Clock Delay      (SCD):    2.677ns
    Clock Pessimism Removal (CPR):    -0.000ns
  Clock Uncertainty:      0.052ns  ((TSJ^2 + DJ^2)^1/2) / 2 + PE
    Total System Jitter     (TSJ):    0.071ns
    Discrete Jitter          (DJ):    0.076ns
    Phase Error              (PE):    0.000ns
  Clock Net Delay (Source):      1.234ns (routing 0.468ns, distribution 0.766ns)
  Clock Net Delay (Destination): 1.378ns (routing 0.521ns, distribution 0.857ns)
  Timing Exception:       False Path

    Location             Delay type                Incr(ns)  Path(ns)    Netlist Resource(s)
  -------------------------------------------------------------------    -------------------
                         (clock mmcm_clkout0 rise edge)
                                                      0.000     0.000 r  
    E12                                               0.000     0.000 r  sys_clk_p (IN)
                         net (fo=0)                   0.000     0.000    i_bufds_sys_clk/I
    HPIOBDIFFINBUF_X1Y300
                         DIFFINBUF (Prop_DIFFINBUF_HPIOBDIFFINBUF_DIFF_IN_P_O)
                                                      0.340     0.340 r  i_bufds_sys_clk/DIFFINBUF_INST/O
                         net (fo=1, routed)           0.040     0.380    i_bufds_sys_clk/OUT
    E12                  IBUFCTRL (Prop_IBUFCTRL_HPIOB_M_I_O)
                                                      0.000     0.380 r  i_bufds_sys_clk/IBUFCTRL_INST/O
                         net (fo=1, routed)           0.150     0.530    sys_clk
    BUFGCE_X1Y289        BUFGCE (Prop_BUFCE_BUFGCE_I_O)
                                                      0.017     0.547 r  sys_clk_BUFGCE_inst/O
                         net (fo=19, routed)          0.504     1.051    i_dram_wrapper/i_dram/inst/u_ddr4_infrastructure/mmcm_clk_in
    MMCM_X1Y13           MMCME4_ADV (Prop_MMCM_CLKIN1_CLKOUT0)
                                                      0.230     1.281 r  i_dram_wrapper/i_dram/inst/u_ddr4_infrastructure/gen_mmcme4.u_mmcme_adv_inst/CLKOUT0
                         net (fo=1, routed)           0.145     1.426    i_dram_wrapper/i_dram/inst/u_ddr4_infrastructure/mmcm_clkout0
    BUFGCE_X1Y332        BUFGCE (Prop_BUFCE_BUFGCE_I_O)
                                                      0.017     1.443 r  i_dram_wrapper/i_dram/inst/u_ddr4_infrastructure/u_bufg_divClk/O
    X4Y12 (CLOCK_ROOT)   net (fo=36893, routed)       1.234     2.677    i_dram_wrapper/dram_axi_clk
    SLICE_X111Y732       FDCE                                         r  i_dram_wrapper/fabric_ready_o_reg/C
  -------------------------------------------------------------------    -------------------
    SLICE_X111Y732       FDCE (Prop_HFF2_SLICEL_C_Q)
                                                      0.039     2.716 r  i_dram_wrapper/fabric_ready_o_reg/Q
                         net (fo=9, routed)           0.121     2.837    i_dram_wrapper/i_ui_rstgen/i_rstgen_bypass/rst_test_mode_ni
    SLICE_X111Y729       FDCE                                         f  i_dram_wrapper/i_ui_rstgen/i_rstgen_bypass/synch_regs_q_reg[0]/CLR  (IS_INVERTED)
  -------------------------------------------------------------------    -------------------

                         (clock mmcm_clkout0 rise edge)
                                                      0.000     0.000 r  
    E12                                               0.000     0.000 r  sys_clk_p (IN)
                         net (fo=0)                   0.000     0.000    i_bufds_sys_clk/I
    HPIOBDIFFINBUF_X1Y300
                         DIFFINBUF (Prop_DIFFINBUF_HPIOBDIFFINBUF_DIFF_IN_P_O)
                                                      0.446     0.446 r  i_bufds_sys_clk/DIFFINBUF_INST/O
                         net (fo=1, routed)           0.050     0.496    i_bufds_sys_clk/OUT
    E12                  IBUFCTRL (Prop_IBUFCTRL_HPIOB_M_I_O)
                                                      0.000     0.496 r  i_bufds_sys_clk/IBUFCTRL_INST/O
                         net (fo=1, routed)           0.183     0.679    sys_clk
    BUFGCE_X1Y289        BUFGCE (Prop_BUFCE_BUFGCE_I_O)
                                                      0.019     0.698 r  sys_clk_BUFGCE_inst/O
                         net (fo=19, routed)          0.567     1.265    i_dram_wrapper/i_dram/inst/u_ddr4_infrastructure/mmcm_clk_in
    MMCM_X1Y13           MMCME4_ADV (Prop_MMCM_CLKIN1_CLKOUT0)
                                                     -0.295     0.970 r  i_dram_wrapper/i_dram/inst/u_ddr4_infrastructure/gen_mmcme4.u_mmcme_adv_inst/CLKOUT0
                         net (fo=1, routed)           0.165     1.135    i_dram_wrapper/i_dram/inst/u_ddr4_infrastructure/mmcm_clkout0
    BUFGCE_X1Y332        BUFGCE (Prop_BUFCE_BUFGCE_I_O)
                                                      0.019     1.154 r  i_dram_wrapper/i_dram/inst/u_ddr4_infrastructure/u_bufg_divClk/O
    X4Y12 (CLOCK_ROOT)   net (fo=36893, routed)       1.378     2.532    i_dram_wrapper/i_ui_rstgen/i_rstgen_bypass/clk_i
    SLICE_X111Y729       FDCE                                         r  i_dram_wrapper/i_ui_rstgen/i_rstgen_bypass/synch_regs_q_reg[0]/C





--------------------------------------------------------------------------------------
Path Group:  (none)
From Clock:  mmcm_clkout6
  To Clock:  mmcm_clkout0

Max Delay             0 Endpoints
Min Delay           129 Endpoints
--------------------------------------------------------------------------------------


Min Delay Paths
--------------------------------------------------------------------------------------
Slack:                    inf
  Source:                 i_dram_wrapper/i_dram/inst/u_ddr4_mem_intfc/u_ddr_cal_riu/riu2clb_valid_r1_riuclk_reg[3]/C
                            (rising edge-triggered cell FDRE clocked by mmcm_clkout6  {rise@0.000ns fall@3.333ns period=6.667ns})
  Destination:            i_dram_wrapper/i_dram/inst/u_ddr4_mem_intfc/u_riu2clb_valid_sync/SYNC[3].sync_reg_reg[0]/D
                            (rising edge-triggered cell FDRE clocked by mmcm_clkout0  {rise@0.000ns fall@1.667ns period=3.333ns})
  Path Group:             (none)
  Path Type:              Hold (Min at Fast Process Corner)
  Data Path Delay:        0.106ns  (logic 0.039ns (36.792%)  route 0.067ns (63.208%))
  Logic Levels:           0  
  Clock Path Skew:        -0.130ns (DCD - SCD - CPR)
    Destination Clock Delay (DCD):    2.427ns
    Source Clock Delay      (SCD):    2.556ns
    Clock Pessimism Removal (CPR):    -0.000ns
  Clock Uncertainty:      0.176ns  ((TSJ^2 + DJ^2)^1/2) / 2 + PE
    Total System Jitter     (TSJ):    0.071ns
    Discrete Jitter          (DJ):    0.087ns
    Phase Error              (PE):    0.120ns
  Clock Net Delay (Source):      1.103ns (routing 0.457ns, distribution 0.646ns)
  Clock Net Delay (Destination): 1.273ns (routing 0.521ns, distribution 0.752ns)
  Timing Exception:       False Path

    Location             Delay type                Incr(ns)  Path(ns)    Netlist Resource(s)
  -------------------------------------------------------------------    -------------------
                         (clock mmcm_clkout6 rise edge)
                                                      0.000     0.000 r  
    E12                                               0.000     0.000 r  sys_clk_p (IN)
                         net (fo=0)                   0.000     0.000    i_bufds_sys_clk/I
    HPIOBDIFFINBUF_X1Y300
                         DIFFINBUF (Prop_DIFFINBUF_HPIOBDIFFINBUF_DIFF_IN_P_O)
                                                      0.340     0.340 r  i_bufds_sys_clk/DIFFINBUF_INST/O
                         net (fo=1, routed)           0.040     0.380    i_bufds_sys_clk/OUT
    E12                  IBUFCTRL (Prop_IBUFCTRL_HPIOB_M_I_O)
                                                      0.000     0.380 r  i_bufds_sys_clk/IBUFCTRL_INST/O
                         net (fo=1, routed)           0.150     0.530    sys_clk
    BUFGCE_X1Y289        BUFGCE (Prop_BUFCE_BUFGCE_I_O)
                                                      0.017     0.547 r  sys_clk_BUFGCE_inst/O
                         net (fo=19, routed)          0.504     1.051    i_dram_wrapper/i_dram/inst/u_ddr4_infrastructure/mmcm_clk_in
    MMCM_X1Y13           MMCME4_ADV (Prop_MMCM_CLKIN1_CLKOUT6)
                                                      0.230     1.281 r  i_dram_wrapper/i_dram/inst/u_ddr4_infrastructure/gen_mmcme4.u_mmcme_adv_inst/CLKOUT6
                         net (fo=1, routed)           0.155     1.436    i_dram_wrapper/i_dram/inst/u_ddr4_infrastructure/mmcm_clkout6
    BUFGCE_X1Y326        BUFGCE (Prop_BUFCE_BUFGCE_I_O)
                                                      0.017     1.453 r  i_dram_wrapper/i_dram/inst/u_ddr4_infrastructure/u_bufg_riuClk/O
    X4Y12 (CLOCK_ROOT)   net (fo=1746, routed)        1.103     2.556    i_dram_wrapper/i_dram/inst/u_ddr4_mem_intfc/u_ddr_cal_riu/CLK
    SLICE_X132Y778       FDRE                                         r  i_dram_wrapper/i_dram/inst/u_ddr4_mem_intfc/u_ddr_cal_riu/riu2clb_valid_r1_riuclk_reg[3]/C
  -------------------------------------------------------------------    -------------------
    SLICE_X132Y778       FDRE (Prop_AFF_SLICEL_C_Q)
                                                      0.039     2.595 r  i_dram_wrapper/i_dram/inst/u_ddr4_mem_intfc/u_ddr_cal_riu/riu2clb_valid_r1_riuclk_reg[3]/Q
                         net (fo=1, routed)           0.067     2.662    i_dram_wrapper/i_dram/inst/u_ddr4_mem_intfc/u_riu2clb_valid_sync/SYNC[19].sync_reg_reg[0]_0[3]
    SLICE_X133Y778       FDRE                                         r  i_dram_wrapper/i_dram/inst/u_ddr4_mem_intfc/u_riu2clb_valid_sync/SYNC[3].sync_reg_reg[0]/D
  -------------------------------------------------------------------    -------------------

                         (clock mmcm_clkout0 rise edge)
                                                      0.000     0.000 r  
    E12                                               0.000     0.000 r  sys_clk_p (IN)
                         net (fo=0)                   0.000     0.000    i_bufds_sys_clk/I
    HPIOBDIFFINBUF_X1Y300
                         DIFFINBUF (Prop_DIFFINBUF_HPIOBDIFFINBUF_DIFF_IN_P_O)
                                                      0.446     0.446 r  i_bufds_sys_clk/DIFFINBUF_INST/O
                         net (fo=1, routed)           0.050     0.496    i_bufds_sys_clk/OUT
    E12                  IBUFCTRL (Prop_IBUFCTRL_HPIOB_M_I_O)
                                                      0.000     0.496 r  i_bufds_sys_clk/IBUFCTRL_INST/O
                         net (fo=1, routed)           0.183     0.679    sys_clk
    BUFGCE_X1Y289        BUFGCE (Prop_BUFCE_BUFGCE_I_O)
                                                      0.019     0.698 r  sys_clk_BUFGCE_inst/O
                         net (fo=19, routed)          0.567     1.265    i_dram_wrapper/i_dram/inst/u_ddr4_infrastructure/mmcm_clk_in
    MMCM_X1Y13           MMCME4_ADV (Prop_MMCM_CLKIN1_CLKOUT0)
                                                     -0.295     0.970 r  i_dram_wrapper/i_dram/inst/u_ddr4_infrastructure/gen_mmcme4.u_mmcme_adv_inst/CLKOUT0
                         net (fo=1, routed)           0.165     1.135    i_dram_wrapper/i_dram/inst/u_ddr4_infrastructure/mmcm_clkout0
    BUFGCE_X1Y332        BUFGCE (Prop_BUFCE_BUFGCE_I_O)
                                                      0.019     1.154 r  i_dram_wrapper/i_dram/inst/u_ddr4_infrastructure/u_bufg_divClk/O
    X4Y12 (CLOCK_ROOT)   net (fo=36893, routed)       1.273     2.427    i_dram_wrapper/i_dram/inst/u_ddr4_mem_intfc/u_riu2clb_valid_sync/SYNC[18].sync_reg_reg[1]_0
    SLICE_X133Y778       FDRE                                         r  i_dram_wrapper/i_dram/inst/u_ddr4_mem_intfc/u_riu2clb_valid_sync/SYNC[3].sync_reg_reg[0]/C





--------------------------------------------------------------------------------------
Path Group:  (none)
From Clock:  sys_clk
  To Clock:  mmcm_clkout0

Max Delay             1 Endpoint
Min Delay             1 Endpoint
--------------------------------------------------------------------------------------


Max Delay Paths
--------------------------------------------------------------------------------------
Slack:                    inf
  Source:                 i_dram_wrapper/i_dram/inst/u_ddr4_infrastructure/rst_async_riu_div_reg/C
                            (rising edge-triggered cell FDRE clocked by sys_clk  {rise@0.000ns fall@2.000ns period=4.000ns})
  Destination:            i_dram_wrapper/i_dram/inst/u_ddr4_infrastructure/rst_div_sync_r_reg[0]/D
                            (rising edge-triggered cell FDRE clocked by mmcm_clkout0  {rise@0.000ns fall@1.667ns period=3.333ns})
  Path Group:             (none)
  Path Type:              Setup (Max at Slow Process Corner)
  Data Path Delay:        0.299ns  (logic 0.080ns (26.756%)  route 0.219ns (73.244%))
  Logic Levels:           0  
  Clock Path Skew:        2.088ns (DCD - SCD + CPR)
    Destination Clock Delay (DCD):    4.459ns
    Source Clock Delay      (SCD):    2.372ns
    Clock Pessimism Removal (CPR):    0.000ns
  Clock Uncertainty:      0.125ns  ((TSJ^2 + DJ^2)^1/2) / 2 + PE
    Total System Jitter     (TSJ):    0.071ns
    Discrete Jitter          (DJ):    0.076ns
    Phase Error              (PE):    0.073ns
  Clock Net Delay (Source):      1.284ns (routing 0.171ns, distribution 1.113ns)
  Clock Net Delay (Destination): 1.871ns (routing 0.777ns, distribution 1.094ns)
  Timing Exception:       False Path

    Location             Delay type                Incr(ns)  Path(ns)    Netlist Resource(s)
  -------------------------------------------------------------------    -------------------
                         (clock sys_clk rise edge)    0.000     0.000 r  
    E12                                               0.000     0.000 r  sys_clk_p (IN)
                         net (fo=0)                   0.000     0.000    i_bufds_sys_clk/I
    HPIOBDIFFINBUF_X1Y300
                         DIFFINBUF (Prop_DIFFINBUF_HPIOBDIFFINBUF_DIFF_IN_P_O)
                                                      0.675     0.675 r  i_bufds_sys_clk/DIFFINBUF_INST/O
                         net (fo=1, routed)           0.050     0.725    i_bufds_sys_clk/OUT
    E12                  IBUFCTRL (Prop_IBUFCTRL_HPIOB_M_I_O)
                                                      0.000     0.725 r  i_bufds_sys_clk/IBUFCTRL_INST/O
                         net (fo=1, routed)           0.335     1.060    sys_clk
    BUFGCE_X1Y289        BUFGCE (Prop_BUFCE_BUFGCE_I_O)
                                                      0.028     1.088 r  sys_clk_BUFGCE_inst/O
    X4Y12 (CLOCK_ROOT)   net (fo=19, routed)          1.284     2.372    i_dram_wrapper/i_dram/inst/u_ddr4_infrastructure/sys_clk_in
    SLICE_X141Y848       FDRE                                         r  i_dram_wrapper/i_dram/inst/u_ddr4_infrastructure/rst_async_riu_div_reg/C
  -------------------------------------------------------------------    -------------------
    SLICE_X141Y848       FDRE (Prop_AFF2_SLICEM_C_Q)
                                                      0.080     2.452 r  i_dram_wrapper/i_dram/inst/u_ddr4_infrastructure/rst_async_riu_div_reg/Q
                         net (fo=2, routed)           0.219     2.671    i_dram_wrapper/i_dram/inst/u_ddr4_infrastructure/rst_async_riu_div
    SLICE_X141Y849       FDRE                                         r  i_dram_wrapper/i_dram/inst/u_ddr4_infrastructure/rst_div_sync_r_reg[0]/D
  -------------------------------------------------------------------    -------------------

                         (clock mmcm_clkout0 rise edge)
                                                      0.000     0.000 r  
    E12                                               0.000     0.000 r  sys_clk_p (IN)
                         net (fo=0)                   0.000     0.000    i_bufds_sys_clk/I
    HPIOBDIFFINBUF_X1Y300
                         DIFFINBUF (Prop_DIFFINBUF_HPIOBDIFFINBUF_DIFF_IN_P_O)
                                                      0.564     0.564 r  i_bufds_sys_clk/DIFFINBUF_INST/O
                         net (fo=1, routed)           0.040     0.604    i_bufds_sys_clk/OUT
    E12                  IBUFCTRL (Prop_IBUFCTRL_HPIOB_M_I_O)
                                                      0.000     0.604 r  i_bufds_sys_clk/IBUFCTRL_INST/O
                         net (fo=1, routed)           0.297     0.901    sys_clk
    BUFGCE_X1Y289        BUFGCE (Prop_BUFCE_BUFGCE_I_O)
                                                      0.024     0.925 r  sys_clk_BUFGCE_inst/O
                         net (fo=19, routed)          0.795     1.720    i_dram_wrapper/i_dram/inst/u_ddr4_infrastructure/mmcm_clk_in
    MMCM_X1Y13           MMCME4_ADV (Prop_MMCM_CLKIN1_CLKOUT0)
                                                      0.630     2.350 r  i_dram_wrapper/i_dram/inst/u_ddr4_infrastructure/gen_mmcme4.u_mmcme_adv_inst/CLKOUT0
                         net (fo=1, routed)           0.214     2.564    i_dram_wrapper/i_dram/inst/u_ddr4_infrastructure/mmcm_clkout0
    BUFGCE_X1Y332        BUFGCE (Prop_BUFCE_BUFGCE_I_O)
                                                      0.024     2.588 r  i_dram_wrapper/i_dram/inst/u_ddr4_infrastructure/u_bufg_divClk/O
    X4Y12 (CLOCK_ROOT)   net (fo=36893, routed)       1.871     4.459    i_dram_wrapper/i_dram/inst/u_ddr4_infrastructure/input_rst_mmcm_reg_0
    SLICE_X141Y849       FDRE                                         r  i_dram_wrapper/i_dram/inst/u_ddr4_infrastructure/rst_div_sync_r_reg[0]/C





Min Delay Paths
--------------------------------------------------------------------------------------
Slack:                    inf
  Source:                 i_dram_wrapper/i_dram/inst/u_ddr4_infrastructure/rst_async_riu_div_reg/C
                            (rising edge-triggered cell FDRE clocked by sys_clk  {rise@0.000ns fall@2.000ns period=4.000ns})
  Destination:            i_dram_wrapper/i_dram/inst/u_ddr4_infrastructure/rst_div_sync_r_reg[0]/D
                            (rising edge-triggered cell FDRE clocked by mmcm_clkout0  {rise@0.000ns fall@1.667ns period=3.333ns})
  Path Group:             (none)
  Path Type:              Hold (Min at Fast Process Corner)
  Data Path Delay:        0.125ns  (logic 0.039ns (31.200%)  route 0.086ns (68.800%))
  Logic Levels:           0  
  Clock Path Skew:        1.193ns (DCD - SCD - CPR)
    Destination Clock Delay (DCD):    2.456ns
    Source Clock Delay      (SCD):    1.262ns
    Clock Pessimism Removal (CPR):    -0.000ns
  Clock Uncertainty:      0.125ns  ((TSJ^2 + DJ^2)^1/2) / 2 + PE
    Total System Jitter     (TSJ):    0.071ns
    Discrete Jitter          (DJ):    0.076ns
    Phase Error              (PE):    0.073ns
  Clock Net Delay (Source):      0.715ns (routing 0.096ns, distribution 0.619ns)
  Clock Net Delay (Destination): 1.302ns (routing 0.521ns, distribution 0.781ns)
  Timing Exception:       False Path

    Location             Delay type                Incr(ns)  Path(ns)    Netlist Resource(s)
  -------------------------------------------------------------------    -------------------
                         (clock sys_clk rise edge)    0.000     0.000 r  
    E12                                               0.000     0.000 r  sys_clk_p (IN)
                         net (fo=0)                   0.000     0.000    i_bufds_sys_clk/I
    HPIOBDIFFINBUF_X1Y300
                         DIFFINBUF (Prop_DIFFINBUF_HPIOBDIFFINBUF_DIFF_IN_P_O)
                                                      0.340     0.340 r  i_bufds_sys_clk/DIFFINBUF_INST/O
                         net (fo=1, routed)           0.040     0.380    i_bufds_sys_clk/OUT
    E12                  IBUFCTRL (Prop_IBUFCTRL_HPIOB_M_I_O)
                                                      0.000     0.380 r  i_bufds_sys_clk/IBUFCTRL_INST/O
                         net (fo=1, routed)           0.150     0.530    sys_clk
    BUFGCE_X1Y289        BUFGCE (Prop_BUFCE_BUFGCE_I_O)
                                                      0.017     0.547 r  sys_clk_BUFGCE_inst/O
    X4Y12 (CLOCK_ROOT)   net (fo=19, routed)          0.715     1.262    i_dram_wrapper/i_dram/inst/u_ddr4_infrastructure/sys_clk_in
    SLICE_X141Y848       FDRE                                         r  i_dram_wrapper/i_dram/inst/u_ddr4_infrastructure/rst_async_riu_div_reg/C
  -------------------------------------------------------------------    -------------------
    SLICE_X141Y848       FDRE (Prop_AFF2_SLICEM_C_Q)
                                                      0.039     1.301 r  i_dram_wrapper/i_dram/inst/u_ddr4_infrastructure/rst_async_riu_div_reg/Q
                         net (fo=2, routed)           0.086     1.387    i_dram_wrapper/i_dram/inst/u_ddr4_infrastructure/rst_async_riu_div
    SLICE_X141Y849       FDRE                                         r  i_dram_wrapper/i_dram/inst/u_ddr4_infrastructure/rst_div_sync_r_reg[0]/D
  -------------------------------------------------------------------    -------------------

                         (clock mmcm_clkout0 rise edge)
                                                      0.000     0.000 r  
    E12                                               0.000     0.000 r  sys_clk_p (IN)
                         net (fo=0)                   0.000     0.000    i_bufds_sys_clk/I
    HPIOBDIFFINBUF_X1Y300
                         DIFFINBUF (Prop_DIFFINBUF_HPIOBDIFFINBUF_DIFF_IN_P_O)
                                                      0.446     0.446 r  i_bufds_sys_clk/DIFFINBUF_INST/O
                         net (fo=1, routed)           0.050     0.496    i_bufds_sys_clk/OUT
    E12                  IBUFCTRL (Prop_IBUFCTRL_HPIOB_M_I_O)
                                                      0.000     0.496 r  i_bufds_sys_clk/IBUFCTRL_INST/O
                         net (fo=1, routed)           0.183     0.679    sys_clk
    BUFGCE_X1Y289        BUFGCE (Prop_BUFCE_BUFGCE_I_O)
                                                      0.019     0.698 r  sys_clk_BUFGCE_inst/O
                         net (fo=19, routed)          0.567     1.265    i_dram_wrapper/i_dram/inst/u_ddr4_infrastructure/mmcm_clk_in
    MMCM_X1Y13           MMCME4_ADV (Prop_MMCM_CLKIN1_CLKOUT0)
                                                     -0.295     0.970 r  i_dram_wrapper/i_dram/inst/u_ddr4_infrastructure/gen_mmcme4.u_mmcme_adv_inst/CLKOUT0
                         net (fo=1, routed)           0.165     1.135    i_dram_wrapper/i_dram/inst/u_ddr4_infrastructure/mmcm_clkout0
    BUFGCE_X1Y332        BUFGCE (Prop_BUFCE_BUFGCE_I_O)
                                                      0.019     1.154 r  i_dram_wrapper/i_dram/inst/u_ddr4_infrastructure/u_bufg_divClk/O
    X4Y12 (CLOCK_ROOT)   net (fo=36893, routed)       1.302     2.456    i_dram_wrapper/i_dram/inst/u_ddr4_infrastructure/input_rst_mmcm_reg_0
    SLICE_X141Y849       FDRE                                         r  i_dram_wrapper/i_dram/inst/u_ddr4_infrastructure/rst_div_sync_r_reg[0]/C





--------------------------------------------------------------------------------------
Path Group:  (none)
From Clock:  mmcm_clkout0
  To Clock:  mmcm_clkout6

Max Delay             0 Endpoints
Min Delay            35 Endpoints
--------------------------------------------------------------------------------------


Min Delay Paths
--------------------------------------------------------------------------------------
Slack:                    inf
  Source:                 i_dram_wrapper/i_dram/inst/u_ddr4_mem_intfc/u_ddr_cal_top/u_ddr_cal/u_ddr_cal_addr_decode/io_ready_lvl_reg/C
                            (rising edge-triggered cell FDRE clocked by mmcm_clkout0  {rise@0.000ns fall@1.667ns period=3.333ns})
  Destination:            i_dram_wrapper/i_dram/inst/u_ddr4_mem_intfc/u_io_ready_lvl_sync/SYNC[0].sync_reg_reg[0]/D
                            (rising edge-triggered cell FDRE clocked by mmcm_clkout6  {rise@0.000ns fall@3.333ns period=6.667ns})
  Path Group:             (none)
  Path Type:              Hold (Min at Fast Process Corner)
  Data Path Delay:        0.102ns  (logic 0.039ns (38.235%)  route 0.063ns (61.765%))
  Logic Levels:           0  
  Clock Path Skew:        -0.143ns (DCD - SCD - CPR)
    Destination Clock Delay (DCD):    2.446ns
    Source Clock Delay      (SCD):    2.588ns
    Clock Pessimism Removal (CPR):    -0.000ns
  Clock Uncertainty:      0.176ns  ((TSJ^2 + DJ^2)^1/2) / 2 + PE
    Total System Jitter     (TSJ):    0.071ns
    Discrete Jitter          (DJ):    0.087ns
    Phase Error              (PE):    0.120ns
  Clock Net Delay (Source):      1.145ns (routing 0.468ns, distribution 0.677ns)
  Clock Net Delay (Destination): 1.281ns (routing 0.512ns, distribution 0.769ns)
  Timing Exception:       False Path

    Location             Delay type                Incr(ns)  Path(ns)    Netlist Resource(s)
  -------------------------------------------------------------------    -------------------
                         (clock mmcm_clkout0 rise edge)
                                                      0.000     0.000 r  
    E12                                               0.000     0.000 r  sys_clk_p (IN)
                         net (fo=0)                   0.000     0.000    i_bufds_sys_clk/I
    HPIOBDIFFINBUF_X1Y300
                         DIFFINBUF (Prop_DIFFINBUF_HPIOBDIFFINBUF_DIFF_IN_P_O)
                                                      0.340     0.340 r  i_bufds_sys_clk/DIFFINBUF_INST/O
                         net (fo=1, routed)           0.040     0.380    i_bufds_sys_clk/OUT
    E12                  IBUFCTRL (Prop_IBUFCTRL_HPIOB_M_I_O)
                                                      0.000     0.380 r  i_bufds_sys_clk/IBUFCTRL_INST/O
                         net (fo=1, routed)           0.150     0.530    sys_clk
    BUFGCE_X1Y289        BUFGCE (Prop_BUFCE_BUFGCE_I_O)
                                                      0.017     0.547 r  sys_clk_BUFGCE_inst/O
                         net (fo=19, routed)          0.504     1.051    i_dram_wrapper/i_dram/inst/u_ddr4_infrastructure/mmcm_clk_in
    MMCM_X1Y13           MMCME4_ADV (Prop_MMCM_CLKIN1_CLKOUT0)
                                                      0.230     1.281 r  i_dram_wrapper/i_dram/inst/u_ddr4_infrastructure/gen_mmcme4.u_mmcme_adv_inst/CLKOUT0
                         net (fo=1, routed)           0.145     1.426    i_dram_wrapper/i_dram/inst/u_ddr4_infrastructure/mmcm_clkout0
    BUFGCE_X1Y332        BUFGCE (Prop_BUFCE_BUFGCE_I_O)
                                                      0.017     1.443 r  i_dram_wrapper/i_dram/inst/u_ddr4_infrastructure/u_bufg_divClk/O
    X4Y12 (CLOCK_ROOT)   net (fo=36893, routed)       1.145     2.588    i_dram_wrapper/i_dram/inst/u_ddr4_mem_intfc/u_ddr_cal_top/u_ddr_cal/u_ddr_cal_addr_decode/odt_shift_reg[0][20]
    SLICE_X135Y839       FDRE                                         r  i_dram_wrapper/i_dram/inst/u_ddr4_mem_intfc/u_ddr_cal_top/u_ddr_cal/u_ddr_cal_addr_decode/io_ready_lvl_reg/C
  -------------------------------------------------------------------    -------------------
    SLICE_X135Y839       FDRE (Prop_HFF_SLICEM_C_Q)
                                                      0.039     2.627 r  i_dram_wrapper/i_dram/inst/u_ddr4_mem_intfc/u_ddr_cal_top/u_ddr_cal/u_ddr_cal_addr_decode/io_ready_lvl_reg/Q
                         net (fo=2, routed)           0.063     2.690    i_dram_wrapper/i_dram/inst/u_ddr4_mem_intfc/u_io_ready_lvl_sync/D[0]
    SLICE_X135Y839       FDRE                                         r  i_dram_wrapper/i_dram/inst/u_ddr4_mem_intfc/u_io_ready_lvl_sync/SYNC[0].sync_reg_reg[0]/D
  -------------------------------------------------------------------    -------------------

                         (clock mmcm_clkout6 rise edge)
                                                      0.000     0.000 r  
    E12                                               0.000     0.000 r  sys_clk_p (IN)
                         net (fo=0)                   0.000     0.000    i_bufds_sys_clk/I
    HPIOBDIFFINBUF_X1Y300
                         DIFFINBUF (Prop_DIFFINBUF_HPIOBDIFFINBUF_DIFF_IN_P_O)
                                                      0.446     0.446 r  i_bufds_sys_clk/DIFFINBUF_INST/O
                         net (fo=1, routed)           0.050     0.496    i_bufds_sys_clk/OUT
    E12                  IBUFCTRL (Prop_IBUFCTRL_HPIOB_M_I_O)
                                                      0.000     0.496 r  i_bufds_sys_clk/IBUFCTRL_INST/O
                         net (fo=1, routed)           0.183     0.679    sys_clk
    BUFGCE_X1Y289        BUFGCE (Prop_BUFCE_BUFGCE_I_O)
                                                      0.019     0.698 r  sys_clk_BUFGCE_inst/O
                         net (fo=19, routed)          0.567     1.265    i_dram_wrapper/i_dram/inst/u_ddr4_infrastructure/mmcm_clk_in
    MMCM_X1Y13           MMCME4_ADV (Prop_MMCM_CLKIN1_CLKOUT6)
                                                     -0.295     0.970 r  i_dram_wrapper/i_dram/inst/u_ddr4_infrastructure/gen_mmcme4.u_mmcme_adv_inst/CLKOUT6
                         net (fo=1, routed)           0.176     1.146    i_dram_wrapper/i_dram/inst/u_ddr4_infrastructure/mmcm_clkout6
    BUFGCE_X1Y326        BUFGCE (Prop_BUFCE_BUFGCE_I_O)
                                                      0.019     1.165 r  i_dram_wrapper/i_dram/inst/u_ddr4_infrastructure/u_bufg_riuClk/O
    X4Y12 (CLOCK_ROOT)   net (fo=1746, routed)        1.281     2.446    i_dram_wrapper/i_dram/inst/u_ddr4_mem_intfc/u_io_ready_lvl_sync/CLK
    SLICE_X135Y839       FDRE                                         r  i_dram_wrapper/i_dram/inst/u_ddr4_mem_intfc/u_io_ready_lvl_sync/SYNC[0].sync_reg_reg[0]/C





--------------------------------------------------------------------------------------
Path Group:  (none)
From Clock:  mmcm_clkout6
  To Clock:  mmcm_clkout6

Max Delay             2 Endpoints
Min Delay           486 Endpoints
--------------------------------------------------------------------------------------


Max Delay Paths
--------------------------------------------------------------------------------------
Slack:                    inf
  Source:                 i_dram_wrapper/i_dram/inst/u_ddr4_infrastructure/rst_mb_logic_r1_reg/C
                            (rising edge-triggered cell FDRE clocked by mmcm_clkout6  {rise@0.000ns fall@3.333ns period=6.667ns})
  Destination:            i_dram_wrapper/i_dram/inst/u_ddr4_mem_intfc/u_ddr_cal_riu/mcs0/inst/rst_0/U0/EXT_LPF/ACTIVE_HIGH_EXT.ACT_HI_EXT/GENERATE_LEVEL_P_S_CDC.SINGLE_BIT.CROSS_PLEVEL_IN2SCNDRY_IN_cdc_to/D
                            (rising edge-triggered cell FDRE clocked by mmcm_clkout6  {rise@0.000ns fall@3.333ns period=6.667ns})
  Path Group:             (none)
  Path Type:              Setup (Max at Slow Process Corner)
  Data Path Delay:        0.836ns  (logic 0.079ns (9.450%)  route 0.757ns (90.550%))
  Logic Levels:           0  
  Clock Path Skew:        0.212ns (DCD - SCD + CPR)
    Destination Clock Delay (DCD):    4.459ns
    Source Clock Delay      (SCD):    4.248ns
    Clock Pessimism Removal (CPR):    0.000ns
  Clock Uncertainty:      0.056ns  ((TSJ^2 + DJ^2)^1/2) / 2 + PE
    Total System Jitter     (TSJ):    0.071ns
    Discrete Jitter          (DJ):    0.087ns
    Phase Error              (PE):    0.000ns
  Clock Net Delay (Source):      2.097ns (routing 0.835ns, distribution 1.262ns)
  Clock Net Delay (Destination): 1.859ns (routing 0.758ns, distribution 1.101ns)
  Timing Exception:       False Path

    Location             Delay type                Incr(ns)  Path(ns)    Netlist Resource(s)
  -------------------------------------------------------------------    -------------------
                         (clock mmcm_clkout6 rise edge)
                                                      0.000     0.000 r  
    E12                                               0.000     0.000 r  sys_clk_p (IN)
                         net (fo=0)                   0.000     0.000    i_bufds_sys_clk/I
    HPIOBDIFFINBUF_X1Y300
                         DIFFINBUF (Prop_DIFFINBUF_HPIOBDIFFINBUF_DIFF_IN_P_O)
                                                      0.675     0.675 r  i_bufds_sys_clk/DIFFINBUF_INST/O
                         net (fo=1, routed)           0.050     0.725    i_bufds_sys_clk/OUT
    E12                  IBUFCTRL (Prop_IBUFCTRL_HPIOB_M_I_O)
                                                      0.000     0.725 r  i_bufds_sys_clk/IBUFCTRL_INST/O
                         net (fo=1, routed)           0.335     1.060    sys_clk
    BUFGCE_X1Y289        BUFGCE (Prop_BUFCE_BUFGCE_I_O)
                                                      0.028     1.088 r  sys_clk_BUFGCE_inst/O
                         net (fo=19, routed)          0.901     1.989    i_dram_wrapper/i_dram/inst/u_ddr4_infrastructure/mmcm_clk_in
    MMCM_X1Y13           MMCME4_ADV (Prop_MMCM_CLKIN1_CLKOUT6)
                                                     -0.127     1.862 r  i_dram_wrapper/i_dram/inst/u_ddr4_infrastructure/gen_mmcme4.u_mmcme_adv_inst/CLKOUT6
                         net (fo=1, routed)           0.261     2.123    i_dram_wrapper/i_dram/inst/u_ddr4_infrastructure/mmcm_clkout6
    BUFGCE_X1Y326        BUFGCE (Prop_BUFCE_BUFGCE_I_O)
                                                      0.028     2.151 r  i_dram_wrapper/i_dram/inst/u_ddr4_infrastructure/u_bufg_riuClk/O
    X4Y12 (CLOCK_ROOT)   net (fo=1746, routed)        2.097     4.248    i_dram_wrapper/i_dram/inst/u_ddr4_infrastructure/c0_riu_clk
    SLICE_X140Y850       FDRE                                         r  i_dram_wrapper/i_dram/inst/u_ddr4_infrastructure/rst_mb_logic_r1_reg/C
  -------------------------------------------------------------------    -------------------
    SLICE_X140Y850       FDRE (Prop_EFF_SLICEL_C_Q)
                                                      0.079     4.327 r  i_dram_wrapper/i_dram/inst/u_ddr4_infrastructure/rst_mb_logic_r1_reg/Q
                         net (fo=5, routed)           0.757     5.084    i_dram_wrapper/i_dram/inst/u_ddr4_mem_intfc/u_ddr_cal_riu/mcs0/inst/rst_0/U0/EXT_LPF/ACTIVE_HIGH_EXT.ACT_HI_EXT/ext_reset_in
    SLICE_X137Y892       FDRE                                         r  i_dram_wrapper/i_dram/inst/u_ddr4_mem_intfc/u_ddr_cal_riu/mcs0/inst/rst_0/U0/EXT_LPF/ACTIVE_HIGH_EXT.ACT_HI_EXT/GENERATE_LEVEL_P_S_CDC.SINGLE_BIT.CROSS_PLEVEL_IN2SCNDRY_IN_cdc_to/D
  -------------------------------------------------------------------    -------------------

                         (clock mmcm_clkout6 rise edge)
                                                      0.000     0.000 r  
    E12                                               0.000     0.000 r  sys_clk_p (IN)
                         net (fo=0)                   0.000     0.000    i_bufds_sys_clk/I
    HPIOBDIFFINBUF_X1Y300
                         DIFFINBUF (Prop_DIFFINBUF_HPIOBDIFFINBUF_DIFF_IN_P_O)
                                                      0.564     0.564 r  i_bufds_sys_clk/DIFFINBUF_INST/O
                         net (fo=1, routed)           0.040     0.604    i_bufds_sys_clk/OUT
    E12                  IBUFCTRL (Prop_IBUFCTRL_HPIOB_M_I_O)
                                                      0.000     0.604 r  i_bufds_sys_clk/IBUFCTRL_INST/O
                         net (fo=1, routed)           0.297     0.901    sys_clk
    BUFGCE_X1Y289        BUFGCE (Prop_BUFCE_BUFGCE_I_O)
                                                      0.024     0.925 r  sys_clk_BUFGCE_inst/O
                         net (fo=19, routed)          0.795     1.720    i_dram_wrapper/i_dram/inst/u_ddr4_infrastructure/mmcm_clk_in
    MMCM_X1Y13           MMCME4_ADV (Prop_MMCM_CLKIN1_CLKOUT6)
                                                      0.630     2.350 r  i_dram_wrapper/i_dram/inst/u_ddr4_infrastructure/gen_mmcme4.u_mmcme_adv_inst/CLKOUT6
                         net (fo=1, routed)           0.226     2.576    i_dram_wrapper/i_dram/inst/u_ddr4_infrastructure/mmcm_clkout6
    BUFGCE_X1Y326        BUFGCE (Prop_BUFCE_BUFGCE_I_O)
                                                      0.024     2.600 r  i_dram_wrapper/i_dram/inst/u_ddr4_infrastructure/u_bufg_riuClk/O
    X4Y12 (CLOCK_ROOT)   net (fo=1746, routed)        1.859     4.459    i_dram_wrapper/i_dram/inst/u_ddr4_mem_intfc/u_ddr_cal_riu/mcs0/inst/rst_0/U0/EXT_LPF/ACTIVE_HIGH_EXT.ACT_HI_EXT/slowest_sync_clk
    SLICE_X137Y892       FDRE                                         r  i_dram_wrapper/i_dram/inst/u_ddr4_mem_intfc/u_ddr_cal_riu/mcs0/inst/rst_0/U0/EXT_LPF/ACTIVE_HIGH_EXT.ACT_HI_EXT/GENERATE_LEVEL_P_S_CDC.SINGLE_BIT.CROSS_PLEVEL_IN2SCNDRY_IN_cdc_to/C





Min Delay Paths
--------------------------------------------------------------------------------------
Slack:                    inf
  Source:                 i_dram_wrapper/i_dram/inst/u_ddr4_mem_intfc/u_ddr_cal_riu/mcs0/inst/rst_0/U0/FDRE_inst/C
                            (rising edge-triggered cell FDRE clocked by mmcm_clkout6  {rise@0.000ns fall@3.333ns period=6.667ns})
  Destination:            i_dram_wrapper/i_dram/inst/u_ddr4_mem_intfc/u_ddr_cal_riu/mcs0/inst/microblaze_I/U0/MicroBlaze_Core_I/Reset_DFF/Synchronize.use_sync_reset.sync_reg[1]/D
                            (rising edge-triggered cell FDRE clocked by mmcm_clkout6  {rise@0.000ns fall@3.333ns period=6.667ns})
  Path Group:             (none)
  Path Type:              Hold (Min at Fast Process Corner)
  Data Path Delay:        0.152ns  (logic 0.040ns (26.316%)  route 0.112ns (73.684%))
  Logic Levels:           0  
  Clock Path Skew:        -0.144ns (DCD - SCD - CPR)
    Destination Clock Delay (DCD):    2.454ns
    Source Clock Delay      (SCD):    2.597ns
    Clock Pessimism Removal (CPR):    -0.000ns
  Clock Uncertainty:      0.056ns  ((TSJ^2 + DJ^2)^1/2) / 2 + PE
    Total System Jitter     (TSJ):    0.071ns
    Discrete Jitter          (DJ):    0.087ns
    Phase Error              (PE):    0.000ns
  Clock Net Delay (Source):      1.144ns (routing 0.457ns, distribution 0.687ns)
  Clock Net Delay (Destination): 1.289ns (routing 0.512ns, distribution 0.777ns)
  Timing Exception:       False Path

    Location             Delay type                Incr(ns)  Path(ns)    Netlist Resource(s)
  -------------------------------------------------------------------    -------------------
                         (clock mmcm_clkout6 rise edge)
                                                      0.000     0.000 r  
    E12                                               0.000     0.000 r  sys_clk_p (IN)
                         net (fo=0)                   0.000     0.000    i_bufds_sys_clk/I
    HPIOBDIFFINBUF_X1Y300
                         DIFFINBUF (Prop_DIFFINBUF_HPIOBDIFFINBUF_DIFF_IN_P_O)
                                                      0.340     0.340 r  i_bufds_sys_clk/DIFFINBUF_INST/O
                         net (fo=1, routed)           0.040     0.380    i_bufds_sys_clk/OUT
    E12                  IBUFCTRL (Prop_IBUFCTRL_HPIOB_M_I_O)
                                                      0.000     0.380 r  i_bufds_sys_clk/IBUFCTRL_INST/O
                         net (fo=1, routed)           0.150     0.530    sys_clk
    BUFGCE_X1Y289        BUFGCE (Prop_BUFCE_BUFGCE_I_O)
                                                      0.017     0.547 r  sys_clk_BUFGCE_inst/O
                         net (fo=19, routed)          0.504     1.051    i_dram_wrapper/i_dram/inst/u_ddr4_infrastructure/mmcm_clk_in
    MMCM_X1Y13           MMCME4_ADV (Prop_MMCM_CLKIN1_CLKOUT6)
                                                      0.230     1.281 r  i_dram_wrapper/i_dram/inst/u_ddr4_infrastructure/gen_mmcme4.u_mmcme_adv_inst/CLKOUT6
                         net (fo=1, routed)           0.155     1.436    i_dram_wrapper/i_dram/inst/u_ddr4_infrastructure/mmcm_clkout6
    BUFGCE_X1Y326        BUFGCE (Prop_BUFCE_BUFGCE_I_O)
                                                      0.017     1.453 r  i_dram_wrapper/i_dram/inst/u_ddr4_infrastructure/u_bufg_riuClk/O
    X4Y12 (CLOCK_ROOT)   net (fo=1746, routed)        1.144     2.597    i_dram_wrapper/i_dram/inst/u_ddr4_mem_intfc/u_ddr_cal_riu/mcs0/inst/rst_0/U0/slowest_sync_clk
    SLICE_X136Y887       FDRE                                         r  i_dram_wrapper/i_dram/inst/u_ddr4_mem_intfc/u_ddr_cal_riu/mcs0/inst/rst_0/U0/FDRE_inst/C
  -------------------------------------------------------------------    -------------------
    SLICE_X136Y887       FDRE (Prop_AFF2_SLICEL_C_Q)
                                                      0.040     2.637 r  i_dram_wrapper/i_dram/inst/u_ddr4_mem_intfc/u_ddr_cal_riu/mcs0/inst/rst_0/U0/FDRE_inst/Q
                         net (fo=1, routed)           0.112     2.749    i_dram_wrapper/i_dram/inst/u_ddr4_mem_intfc/u_ddr_cal_riu/mcs0/inst/microblaze_I/U0/MicroBlaze_Core_I/Reset_DFF/Reset
    SLICE_X136Y881       FDRE                                         r  i_dram_wrapper/i_dram/inst/u_ddr4_mem_intfc/u_ddr_cal_riu/mcs0/inst/microblaze_I/U0/MicroBlaze_Core_I/Reset_DFF/Synchronize.use_sync_reset.sync_reg[1]/D
  -------------------------------------------------------------------    -------------------

                         (clock mmcm_clkout6 rise edge)
                                                      0.000     0.000 r  
    E12                                               0.000     0.000 r  sys_clk_p (IN)
                         net (fo=0)                   0.000     0.000    i_bufds_sys_clk/I
    HPIOBDIFFINBUF_X1Y300
                         DIFFINBUF (Prop_DIFFINBUF_HPIOBDIFFINBUF_DIFF_IN_P_O)
                                                      0.446     0.446 r  i_bufds_sys_clk/DIFFINBUF_INST/O
                         net (fo=1, routed)           0.050     0.496    i_bufds_sys_clk/OUT
    E12                  IBUFCTRL (Prop_IBUFCTRL_HPIOB_M_I_O)
                                                      0.000     0.496 r  i_bufds_sys_clk/IBUFCTRL_INST/O
                         net (fo=1, routed)           0.183     0.679    sys_clk
    BUFGCE_X1Y289        BUFGCE (Prop_BUFCE_BUFGCE_I_O)
                                                      0.019     0.698 r  sys_clk_BUFGCE_inst/O
                         net (fo=19, routed)          0.567     1.265    i_dram_wrapper/i_dram/inst/u_ddr4_infrastructure/mmcm_clk_in
    MMCM_X1Y13           MMCME4_ADV (Prop_MMCM_CLKIN1_CLKOUT6)
                                                     -0.295     0.970 r  i_dram_wrapper/i_dram/inst/u_ddr4_infrastructure/gen_mmcme4.u_mmcme_adv_inst/CLKOUT6
                         net (fo=1, routed)           0.176     1.146    i_dram_wrapper/i_dram/inst/u_ddr4_infrastructure/mmcm_clkout6
    BUFGCE_X1Y326        BUFGCE (Prop_BUFCE_BUFGCE_I_O)
                                                      0.019     1.165 r  i_dram_wrapper/i_dram/inst/u_ddr4_infrastructure/u_bufg_riuClk/O
    X4Y12 (CLOCK_ROOT)   net (fo=1746, routed)        1.289     2.454    i_dram_wrapper/i_dram/inst/u_ddr4_mem_intfc/u_ddr_cal_riu/mcs0/inst/microblaze_I/U0/MicroBlaze_Core_I/Reset_DFF/Clk
    SLICE_X136Y881       FDRE                                         r  i_dram_wrapper/i_dram/inst/u_ddr4_mem_intfc/u_ddr_cal_riu/mcs0/inst/microblaze_I/U0/MicroBlaze_Core_I/Reset_DFF/Synchronize.use_sync_reset.sync_reg[1]/C





--------------------------------------------------------------------------------------
Path Group:  (none)
From Clock:  sys_clk
  To Clock:  mmcm_clkout6

Max Delay             2 Endpoints
Min Delay             2 Endpoints
--------------------------------------------------------------------------------------


Max Delay Paths
--------------------------------------------------------------------------------------
Slack:                    inf
  Source:                 i_dram_wrapper/i_dram/inst/u_ddr4_infrastructure/rst_async_mb_reg/C
                            (rising edge-triggered cell FDRE clocked by sys_clk  {rise@0.000ns fall@2.000ns period=4.000ns})
  Destination:            i_dram_wrapper/i_dram/inst/u_ddr4_infrastructure/rst_mb_sync_r_reg[0]/D
                            (rising edge-triggered cell FDRE clocked by mmcm_clkout6  {rise@0.000ns fall@3.333ns period=6.667ns})
  Path Group:             (none)
  Path Type:              Setup (Max at Slow Process Corner)
  Data Path Delay:        0.287ns  (logic 0.081ns (28.223%)  route 0.206ns (71.777%))
  Logic Levels:           0  
  Clock Path Skew:        2.097ns (DCD - SCD + CPR)
    Destination Clock Delay (DCD):    4.457ns
    Source Clock Delay      (SCD):    2.361ns
    Clock Pessimism Removal (CPR):    0.000ns
  Clock Uncertainty:      0.129ns  ((TSJ^2 + DJ^2)^1/2) / 2 + PE
    Total System Jitter     (TSJ):    0.071ns
    Discrete Jitter          (DJ):    0.087ns
    Phase Error              (PE):    0.073ns
  Clock Net Delay (Source):      1.273ns (routing 0.171ns, distribution 1.102ns)
  Clock Net Delay (Destination): 1.857ns (routing 0.758ns, distribution 1.099ns)
  Timing Exception:       False Path

    Location             Delay type                Incr(ns)  Path(ns)    Netlist Resource(s)
  -------------------------------------------------------------------    -------------------
                         (clock sys_clk rise edge)    0.000     0.000 r  
    E12                                               0.000     0.000 r  sys_clk_p (IN)
                         net (fo=0)                   0.000     0.000    i_bufds_sys_clk/I
    HPIOBDIFFINBUF_X1Y300
                         DIFFINBUF (Prop_DIFFINBUF_HPIOBDIFFINBUF_DIFF_IN_P_O)
                                                      0.675     0.675 r  i_bufds_sys_clk/DIFFINBUF_INST/O
                         net (fo=1, routed)           0.050     0.725    i_bufds_sys_clk/OUT
    E12                  IBUFCTRL (Prop_IBUFCTRL_HPIOB_M_I_O)
                                                      0.000     0.725 r  i_bufds_sys_clk/IBUFCTRL_INST/O
                         net (fo=1, routed)           0.335     1.060    sys_clk
    BUFGCE_X1Y289        BUFGCE (Prop_BUFCE_BUFGCE_I_O)
                                                      0.028     1.088 r  sys_clk_BUFGCE_inst/O
    X4Y12 (CLOCK_ROOT)   net (fo=19, routed)          1.273     2.361    i_dram_wrapper/i_dram/inst/u_ddr4_infrastructure/sys_clk_in
    SLICE_X140Y846       FDRE                                         r  i_dram_wrapper/i_dram/inst/u_ddr4_infrastructure/rst_async_mb_reg/C
  -------------------------------------------------------------------    -------------------
    SLICE_X140Y846       FDRE (Prop_AFF2_SLICEL_C_Q)
                                                      0.081     2.442 r  i_dram_wrapper/i_dram/inst/u_ddr4_infrastructure/rst_async_mb_reg/Q
                         net (fo=1, routed)           0.206     2.648    i_dram_wrapper/i_dram/inst/u_ddr4_infrastructure/rst_async_mb
    SLICE_X140Y847       FDRE                                         r  i_dram_wrapper/i_dram/inst/u_ddr4_infrastructure/rst_mb_sync_r_reg[0]/D
  -------------------------------------------------------------------    -------------------

                         (clock mmcm_clkout6 rise edge)
                                                      0.000     0.000 r  
    E12                                               0.000     0.000 r  sys_clk_p (IN)
                         net (fo=0)                   0.000     0.000    i_bufds_sys_clk/I
    HPIOBDIFFINBUF_X1Y300
                         DIFFINBUF (Prop_DIFFINBUF_HPIOBDIFFINBUF_DIFF_IN_P_O)
                                                      0.564     0.564 r  i_bufds_sys_clk/DIFFINBUF_INST/O
                         net (fo=1, routed)           0.040     0.604    i_bufds_sys_clk/OUT
    E12                  IBUFCTRL (Prop_IBUFCTRL_HPIOB_M_I_O)
                                                      0.000     0.604 r  i_bufds_sys_clk/IBUFCTRL_INST/O
                         net (fo=1, routed)           0.297     0.901    sys_clk
    BUFGCE_X1Y289        BUFGCE (Prop_BUFCE_BUFGCE_I_O)
                                                      0.024     0.925 r  sys_clk_BUFGCE_inst/O
                         net (fo=19, routed)          0.795     1.720    i_dram_wrapper/i_dram/inst/u_ddr4_infrastructure/mmcm_clk_in
    MMCM_X1Y13           MMCME4_ADV (Prop_MMCM_CLKIN1_CLKOUT6)
                                                      0.630     2.350 r  i_dram_wrapper/i_dram/inst/u_ddr4_infrastructure/gen_mmcme4.u_mmcme_adv_inst/CLKOUT6
                         net (fo=1, routed)           0.226     2.576    i_dram_wrapper/i_dram/inst/u_ddr4_infrastructure/mmcm_clkout6
    BUFGCE_X1Y326        BUFGCE (Prop_BUFCE_BUFGCE_I_O)
                                                      0.024     2.600 r  i_dram_wrapper/i_dram/inst/u_ddr4_infrastructure/u_bufg_riuClk/O
    X4Y12 (CLOCK_ROOT)   net (fo=1746, routed)        1.857     4.457    i_dram_wrapper/i_dram/inst/u_ddr4_infrastructure/c0_riu_clk
    SLICE_X140Y847       FDRE                                         r  i_dram_wrapper/i_dram/inst/u_ddr4_infrastructure/rst_mb_sync_r_reg[0]/C





Min Delay Paths
--------------------------------------------------------------------------------------
Slack:                    inf
  Source:                 i_dram_wrapper/i_dram/inst/u_ddr4_infrastructure/rst_async_riu_div_reg/C
                            (rising edge-triggered cell FDRE clocked by sys_clk  {rise@0.000ns fall@2.000ns period=4.000ns})
  Destination:            i_dram_wrapper/i_dram/inst/u_ddr4_infrastructure/rst_riu_sync_r_reg[0]/D
                            (rising edge-triggered cell FDRE clocked by mmcm_clkout6  {rise@0.000ns fall@3.333ns period=6.667ns})
  Path Group:             (none)
  Path Type:              Hold (Min at Fast Process Corner)
  Data Path Delay:        0.102ns  (logic 0.039ns (38.235%)  route 0.063ns (61.765%))
  Logic Levels:           0  
  Clock Path Skew:        1.200ns (DCD - SCD - CPR)
    Destination Clock Delay (DCD):    2.463ns
    Source Clock Delay      (SCD):    1.262ns
    Clock Pessimism Removal (CPR):    -0.000ns
  Clock Uncertainty:      0.129ns  ((TSJ^2 + DJ^2)^1/2) / 2 + PE
    Total System Jitter     (TSJ):    0.071ns
    Discrete Jitter          (DJ):    0.087ns
    Phase Error              (PE):    0.073ns
  Clock Net Delay (Source):      0.715ns (routing 0.096ns, distribution 0.619ns)
  Clock Net Delay (Destination): 1.298ns (routing 0.512ns, distribution 0.786ns)
  Timing Exception:       False Path

    Location             Delay type                Incr(ns)  Path(ns)    Netlist Resource(s)
  -------------------------------------------------------------------    -------------------
                         (clock sys_clk rise edge)    0.000     0.000 r  
    E12                                               0.000     0.000 r  sys_clk_p (IN)
                         net (fo=0)                   0.000     0.000    i_bufds_sys_clk/I
    HPIOBDIFFINBUF_X1Y300
                         DIFFINBUF (Prop_DIFFINBUF_HPIOBDIFFINBUF_DIFF_IN_P_O)
                                                      0.340     0.340 r  i_bufds_sys_clk/DIFFINBUF_INST/O
                         net (fo=1, routed)           0.040     0.380    i_bufds_sys_clk/OUT
    E12                  IBUFCTRL (Prop_IBUFCTRL_HPIOB_M_I_O)
                                                      0.000     0.380 r  i_bufds_sys_clk/IBUFCTRL_INST/O
                         net (fo=1, routed)           0.150     0.530    sys_clk
    BUFGCE_X1Y289        BUFGCE (Prop_BUFCE_BUFGCE_I_O)
                                                      0.017     0.547 r  sys_clk_BUFGCE_inst/O
    X4Y12 (CLOCK_ROOT)   net (fo=19, routed)          0.715     1.262    i_dram_wrapper/i_dram/inst/u_ddr4_infrastructure/sys_clk_in
    SLICE_X141Y848       FDRE                                         r  i_dram_wrapper/i_dram/inst/u_ddr4_infrastructure/rst_async_riu_div_reg/C
  -------------------------------------------------------------------    -------------------
    SLICE_X141Y848       FDRE (Prop_AFF2_SLICEM_C_Q)
                                                      0.039     1.301 r  i_dram_wrapper/i_dram/inst/u_ddr4_infrastructure/rst_async_riu_div_reg/Q
                         net (fo=2, routed)           0.063     1.364    i_dram_wrapper/i_dram/inst/u_ddr4_infrastructure/rst_async_riu_div
    SLICE_X141Y849       FDRE                                         r  i_dram_wrapper/i_dram/inst/u_ddr4_infrastructure/rst_riu_sync_r_reg[0]/D
  -------------------------------------------------------------------    -------------------

                         (clock mmcm_clkout6 rise edge)
                                                      0.000     0.000 r  
    E12                                               0.000     0.000 r  sys_clk_p (IN)
                         net (fo=0)                   0.000     0.000    i_bufds_sys_clk/I
    HPIOBDIFFINBUF_X1Y300
                         DIFFINBUF (Prop_DIFFINBUF_HPIOBDIFFINBUF_DIFF_IN_P_O)
                                                      0.446     0.446 r  i_bufds_sys_clk/DIFFINBUF_INST/O
                         net (fo=1, routed)           0.050     0.496    i_bufds_sys_clk/OUT
    E12                  IBUFCTRL (Prop_IBUFCTRL_HPIOB_M_I_O)
                                                      0.000     0.496 r  i_bufds_sys_clk/IBUFCTRL_INST/O
                         net (fo=1, routed)           0.183     0.679    sys_clk
    BUFGCE_X1Y289        BUFGCE (Prop_BUFCE_BUFGCE_I_O)
                                                      0.019     0.698 r  sys_clk_BUFGCE_inst/O
                         net (fo=19, routed)          0.567     1.265    i_dram_wrapper/i_dram/inst/u_ddr4_infrastructure/mmcm_clk_in
    MMCM_X1Y13           MMCME4_ADV (Prop_MMCM_CLKIN1_CLKOUT6)
                                                     -0.295     0.970 r  i_dram_wrapper/i_dram/inst/u_ddr4_infrastructure/gen_mmcme4.u_mmcme_adv_inst/CLKOUT6
                         net (fo=1, routed)           0.176     1.146    i_dram_wrapper/i_dram/inst/u_ddr4_infrastructure/mmcm_clkout6
    BUFGCE_X1Y326        BUFGCE (Prop_BUFCE_BUFGCE_I_O)
                                                      0.019     1.165 r  i_dram_wrapper/i_dram/inst/u_ddr4_infrastructure/u_bufg_riuClk/O
    X4Y12 (CLOCK_ROOT)   net (fo=1746, routed)        1.298     2.463    i_dram_wrapper/i_dram/inst/u_ddr4_infrastructure/c0_riu_clk
    SLICE_X141Y849       FDRE                                         r  i_dram_wrapper/i_dram/inst/u_ddr4_infrastructure/rst_riu_sync_r_reg[0]/C





--------------------------------------------------------------------------------------
Path Group:  (none)
From Clock:  clk_50_clkwiz
  To Clock:  sys_clk

Max Delay             2 Endpoints
Min Delay             2 Endpoints
--------------------------------------------------------------------------------------


Max Delay Paths
--------------------------------------------------------------------------------------
Slack:                    inf
  Source:                 sys_rst_reg/C
                            (rising edge-triggered cell FDPE clocked by clk_50_clkwiz  {rise@0.000ns fall@10.000ns period=20.000ns})
  Destination:            i_dram_wrapper/i_dram/inst/u_ddr4_infrastructure/rst_input_async_reg[0]/PRE
                            (recovery check against rising-edge clock sys_clk  {rise@0.000ns fall@2.000ns period=4.000ns})
  Path Group:             (none)
  Path Type:              Recovery (Max at Slow Process Corner)
  Data Path Delay:        1.977ns  (logic 0.079ns (3.996%)  route 1.898ns (96.004%))
  Logic Levels:           0  
  Clock Path Skew:        -4.050ns (DCD - SCD + CPR)
    Destination Clock Delay (DCD):    1.874ns
    Source Clock Delay      (SCD):    5.925ns
    Clock Pessimism Removal (CPR):    0.000ns
  Clock Uncertainty:      0.238ns  ((TSJ^2 + DJ^2)^1/2) / 2 + PE
    Total System Jitter     (TSJ):    0.071ns
    Discrete Jitter          (DJ):    0.150ns
    Phase Error              (PE):    0.155ns
  Clock Net Delay (Source):      3.701ns (routing 1.870ns, distribution 1.831ns)
  Clock Net Delay (Destination): 0.949ns (routing 0.155ns, distribution 0.794ns)
  Timing Exception:       False Path

    Location             Delay type                Incr(ns)  Path(ns)    Netlist Resource(s)
  -------------------------------------------------------------------    -------------------
                         (clock clk_50_clkwiz rise edge)
                                                      0.000     0.000 r  
    E12                                               0.000     0.000 r  sys_clk_p (IN)
                         net (fo=0)                   0.000     0.000    i_bufds_sys_clk/I
    HPIOBDIFFINBUF_X1Y300
                         DIFFINBUF (Prop_DIFFINBUF_HPIOBDIFFINBUF_DIFF_IN_P_O)
                                                      0.675     0.675 r  i_bufds_sys_clk/DIFFINBUF_INST/O
                         net (fo=1, routed)           0.050     0.725    i_bufds_sys_clk/OUT
    E12                  IBUFCTRL (Prop_IBUFCTRL_HPIOB_M_I_O)
                                                      0.000     0.725 r  i_bufds_sys_clk/IBUFCTRL_INST/O
                         net (fo=1, routed)           0.335     1.060    sys_clk
    BUFGCE_X1Y289        BUFGCE (Prop_BUFCE_BUFGCE_I_O)
                                                      0.028     1.088 r  sys_clk_BUFGCE_inst/O
                         net (fo=19, routed)          0.991     2.079    i_clkwiz/inst/clk_in1
    MMCM_X1Y11           MMCME4_ADV (Prop_MMCM_CLKIN1_CLKOUT0)
                                                     -0.127     1.952 r  i_clkwiz/inst/mmcme4_adv_inst/CLKOUT0
                         net (fo=1, routed)           0.244     2.196    i_clkwiz/inst/clk_50_clkwiz
    BUFGCE_X1Y266        BUFGCE (Prop_BUFCE_BUFGCE_I_O)
                                                      0.028     2.224 r  i_clkwiz/inst/clkout1_buf/O
    X2Y7 (CLOCK_ROOT)    net (fo=199676, routed)      3.701     5.925    soc_clk
    SLICE_X109Y629       FDPE                                         r  sys_rst_reg/C
  -------------------------------------------------------------------    -------------------
    SLICE_X109Y629       FDPE (Prop_EFF_SLICEL_C_Q)
                                                      0.079     6.004 f  sys_rst_reg/Q
                         net (fo=7, routed)           1.898     7.902    i_dram_wrapper/i_dram/inst/u_ddr4_infrastructure/sys_rst
    SLICE_X126Y737       FDPE                                         f  i_dram_wrapper/i_dram/inst/u_ddr4_infrastructure/rst_input_async_reg[0]/PRE
  -------------------------------------------------------------------    -------------------

                         (clock sys_clk rise edge)    0.000     0.000 r  
    E12                                               0.000     0.000 r  sys_clk_p (IN)
                         net (fo=0)                   0.000     0.000    i_bufds_sys_clk/I
    HPIOBDIFFINBUF_X1Y300
                         DIFFINBUF (Prop_DIFFINBUF_HPIOBDIFFINBUF_DIFF_IN_P_O)
                                                      0.564     0.564 r  i_bufds_sys_clk/DIFFINBUF_INST/O
                         net (fo=1, routed)           0.040     0.604    i_bufds_sys_clk/OUT
    E12                  IBUFCTRL (Prop_IBUFCTRL_HPIOB_M_I_O)
                                                      0.000     0.604 r  i_bufds_sys_clk/IBUFCTRL_INST/O
                         net (fo=1, routed)           0.297     0.901    sys_clk
    BUFGCE_X1Y289        BUFGCE (Prop_BUFCE_BUFGCE_I_O)
                                                      0.024     0.925 r  sys_clk_BUFGCE_inst/O
    X4Y12 (CLOCK_ROOT)   net (fo=19, routed)          0.949     1.874    i_dram_wrapper/i_dram/inst/u_ddr4_infrastructure/sys_clk_in
    SLICE_X126Y737       FDPE                                         r  i_dram_wrapper/i_dram/inst/u_ddr4_infrastructure/rst_input_async_reg[0]/C





Min Delay Paths
--------------------------------------------------------------------------------------
Slack:                    inf
  Source:                 sys_rst_reg/C
                            (rising edge-triggered cell FDPE clocked by clk_50_clkwiz  {rise@0.000ns fall@10.000ns period=20.000ns})
  Destination:            i_dram_wrapper/i_dram/inst/u_ddr4_infrastructure/rst_input_async_reg[0]/PRE
                            (removal check against rising-edge clock sys_clk  {rise@0.000ns fall@2.000ns period=4.000ns})
  Path Group:             (none)
  Path Type:              Removal (Min at Fast Process Corner)
  Data Path Delay:        0.992ns  (logic 0.039ns (3.931%)  route 0.953ns (96.069%))
  Logic Levels:           0  
  Clock Path Skew:        -2.130ns (DCD - SCD - CPR)
    Destination Clock Delay (DCD):    1.395ns
    Source Clock Delay      (SCD):    3.524ns
    Clock Pessimism Removal (CPR):    -0.000ns
  Clock Uncertainty:      0.238ns  ((TSJ^2 + DJ^2)^1/2) / 2 + PE
    Total System Jitter     (TSJ):    0.071ns
    Discrete Jitter          (DJ):    0.150ns
    Phase Error              (PE):    0.155ns
  Clock Net Delay (Source):      2.033ns (routing 1.022ns, distribution 1.011ns)
  Clock Net Delay (Destination): 0.697ns (routing 0.108ns, distribution 0.589ns)
  Timing Exception:       False Path

    Location             Delay type                Incr(ns)  Path(ns)    Netlist Resource(s)
  -------------------------------------------------------------------    -------------------
                         (clock clk_50_clkwiz rise edge)
                                                      0.000     0.000 r  
    E12                                               0.000     0.000 r  sys_clk_p (IN)
                         net (fo=0)                   0.000     0.000    i_bufds_sys_clk/I
    HPIOBDIFFINBUF_X1Y300
                         DIFFINBUF (Prop_DIFFINBUF_HPIOBDIFFINBUF_DIFF_IN_P_O)
                                                      0.340     0.340 r  i_bufds_sys_clk/DIFFINBUF_INST/O
                         net (fo=1, routed)           0.040     0.380    i_bufds_sys_clk/OUT
    E12                  IBUFCTRL (Prop_IBUFCTRL_HPIOB_M_I_O)
                                                      0.000     0.380 r  i_bufds_sys_clk/IBUFCTRL_INST/O
                         net (fo=1, routed)           0.150     0.530    sys_clk
    BUFGCE_X1Y289        BUFGCE (Prop_BUFCE_BUFGCE_I_O)
                                                      0.017     0.547 r  sys_clk_BUFGCE_inst/O
                         net (fo=19, routed)          0.552     1.099    i_clkwiz/inst/clk_in1
    MMCM_X1Y11           MMCME4_ADV (Prop_MMCM_CLKIN1_CLKOUT0)
                                                      0.230     1.329 r  i_clkwiz/inst/mmcme4_adv_inst/CLKOUT0
                         net (fo=1, routed)           0.145     1.474    i_clkwiz/inst/clk_50_clkwiz
    BUFGCE_X1Y266        BUFGCE (Prop_BUFCE_BUFGCE_I_O)
                                                      0.017     1.491 r  i_clkwiz/inst/clkout1_buf/O
    X2Y7 (CLOCK_ROOT)    net (fo=199676, routed)      2.033     3.524    soc_clk
    SLICE_X109Y629       FDPE                                         r  sys_rst_reg/C
  -------------------------------------------------------------------    -------------------
    SLICE_X109Y629       FDPE (Prop_EFF_SLICEL_C_Q)
                                                      0.039     3.563 f  sys_rst_reg/Q
                         net (fo=7, routed)           0.953     4.516    i_dram_wrapper/i_dram/inst/u_ddr4_infrastructure/sys_rst
    SLICE_X126Y737       FDPE                                         f  i_dram_wrapper/i_dram/inst/u_ddr4_infrastructure/rst_input_async_reg[0]/PRE
  -------------------------------------------------------------------    -------------------

                         (clock sys_clk rise edge)    0.000     0.000 r  
    E12                                               0.000     0.000 r  sys_clk_p (IN)
                         net (fo=0)                   0.000     0.000    i_bufds_sys_clk/I
    HPIOBDIFFINBUF_X1Y300
                         DIFFINBUF (Prop_DIFFINBUF_HPIOBDIFFINBUF_DIFF_IN_P_O)
                                                      0.446     0.446 r  i_bufds_sys_clk/DIFFINBUF_INST/O
                         net (fo=1, routed)           0.050     0.496    i_bufds_sys_clk/OUT
    E12                  IBUFCTRL (Prop_IBUFCTRL_HPIOB_M_I_O)
                                                      0.000     0.496 r  i_bufds_sys_clk/IBUFCTRL_INST/O
                         net (fo=1, routed)           0.183     0.679    sys_clk
    BUFGCE_X1Y289        BUFGCE (Prop_BUFCE_BUFGCE_I_O)
                                                      0.019     0.698 r  sys_clk_BUFGCE_inst/O
    X4Y12 (CLOCK_ROOT)   net (fo=19, routed)          0.697     1.395    i_dram_wrapper/i_dram/inst/u_ddr4_infrastructure/sys_clk_in
    SLICE_X126Y737       FDPE                                         r  i_dram_wrapper/i_dram/inst/u_ddr4_infrastructure/rst_input_async_reg[0]/C





--------------------------------------------------------------------------------------
Path Group:  (none)
From Clock:  
  To Clock:  clk_50_clkwiz

Max Delay            12 Endpoints
Min Delay            12 Endpoints
--------------------------------------------------------------------------------------


Max Delay Paths
--------------------------------------------------------------------------------------
Slack:                    inf
  Source:                 i_startupe3/DATA_IN[3]
                            (internal pin)
  Destination:            i_cheshire_soc/gen_spi_host.i_spi_host/u_spi_core/u_shift_reg/sr_q_reg[3]/D
                            (rising edge-triggered cell FDCE clocked by clk_50_clkwiz  {rise@0.000ns fall@10.000ns period=20.000ns})
  Path Group:             (none)
  Path Type:              Setup (Max at Slow Process Corner)
  Data Path Delay:        10.352ns  (logic 3.301ns (31.888%)  route 7.051ns (68.112%))
  Logic Levels:           3  (LUT5=1 LUT6=1 STARTUPE3=1)
  Clock Uncertainty:      0.234ns  ((TSJ^2 + DJ^2)^1/2) / 2 + PE
    Total System Jitter     (TSJ):    0.050ns
    Discrete Jitter          (DJ):    0.150ns
    Phase Error              (PE):    0.155ns
  Clock Net Delay (Destination): 3.500ns (routing 1.700ns, distribution 1.800ns)

    Location             Delay type                Incr(ns)  Path(ns)    Netlist Resource(s)
  -------------------------------------------------------------------    -------------------
    CONFIG_SITE_X0Y1     STARTUPE3                    0.000     0.000 r  i_startupe3/DATA_IN[3]
    CONFIG_SITE_X0Y1     STARTUPE3 (Prop_STARTUP_CONFIG_SITE_DATA_IN[3]_DI[3])
                                                      3.100     3.100 r  i_startupe3/DI[3]
                         net (fo=2, routed)           6.834     9.934    i_cheshire_soc/gen_spi_host.i_spi_host/u_spi_core/u_shift_reg/sd_i[3]
    SLR Crossing[1->2]   
    SLICE_X8Y705         LUT5 (Prop_G6LUT_SLICEM_I4_O)
                                                      0.150    10.084 f  i_cheshire_soc/gen_spi_host.i_spi_host/u_spi_core/u_shift_reg/rx_buf_q[3]_i_2/O
                         net (fo=2, routed)           0.168    10.252    i_cheshire_soc/gen_spi_host.i_spi_host/u_spi_core/u_shift_reg/rx_buf_q[3]_i_2_n_0
    SLICE_X9Y705         LUT6 (Prop_B6LUT_SLICEL_I0_O)
                                                      0.051    10.303 r  i_cheshire_soc/gen_spi_host.i_spi_host/u_spi_core/u_shift_reg/sr_q[3]_i_1/O
                         net (fo=1, routed)           0.049    10.352    i_cheshire_soc/gen_spi_host.i_spi_host/u_spi_core/u_shift_reg/sr_d[3]
    SLICE_X9Y705         FDCE                                         r  i_cheshire_soc/gen_spi_host.i_spi_host/u_spi_core/u_shift_reg/sr_q_reg[3]/D
  -------------------------------------------------------------------    -------------------

                         (clock clk_50_clkwiz rise edge)
                                                      0.000     0.000 r  
    E12                                               0.000     0.000 r  sys_clk_p (IN)
                         net (fo=0)                   0.000     0.000    i_bufds_sys_clk/I
    HPIOBDIFFINBUF_X1Y300
                         DIFFINBUF (Prop_DIFFINBUF_HPIOBDIFFINBUF_DIFF_IN_P_O)
                                                      0.564     0.564 r  i_bufds_sys_clk/DIFFINBUF_INST/O
                         net (fo=1, routed)           0.040     0.604    i_bufds_sys_clk/OUT
    E12                  IBUFCTRL (Prop_IBUFCTRL_HPIOB_M_I_O)
                                                      0.000     0.604 r  i_bufds_sys_clk/IBUFCTRL_INST/O
                         net (fo=1, routed)           0.297     0.901    sys_clk
    BUFGCE_X1Y289        BUFGCE (Prop_BUFCE_BUFGCE_I_O)
                                                      0.024     0.925 r  sys_clk_BUFGCE_inst/O
                         net (fo=19, routed)          0.876     1.801    i_clkwiz/inst/clk_in1
    MMCM_X1Y11           MMCME4_ADV (Prop_MMCM_CLKIN1_CLKOUT0)
                                                      0.630     2.431 r  i_clkwiz/inst/mmcme4_adv_inst/CLKOUT0
                         net (fo=1, routed)           0.214     2.645    i_clkwiz/inst/clk_50_clkwiz
    BUFGCE_X1Y266        BUFGCE (Prop_BUFCE_BUFGCE_I_O)
                                                      0.024     2.669 r  i_clkwiz/inst/clkout1_buf/O
    X2Y7 (CLOCK_ROOT)    net (fo=199676, routed)      3.500     6.169    i_cheshire_soc/gen_spi_host.i_spi_host/u_spi_core/u_shift_reg/clk_i
    SLICE_X9Y705         FDCE                                         r  i_cheshire_soc/gen_spi_host.i_spi_host/u_spi_core/u_shift_reg/sr_q_reg[3]/C





Min Delay Paths
--------------------------------------------------------------------------------------
Slack:                    inf
  Source:                 i_startupe3/DATA_IN[1]
                            (internal pin)
  Destination:            i_cheshire_soc/gen_spi_host.i_spi_host/u_spi_core/u_shift_reg/rx_buf_q_reg[0]/D
                            (rising edge-triggered cell FDCE clocked by clk_50_clkwiz  {rise@0.000ns fall@10.000ns period=20.000ns})
  Path Group:             (none)
  Path Type:              Hold (Min at Fast Process Corner)
  Data Path Delay:        3.401ns  (logic 0.525ns (15.437%)  route 2.876ns (84.563%))
  Logic Levels:           2  (LUT6=1 STARTUPE3=1)
  Clock Uncertainty:      0.234ns  ((TSJ^2 + DJ^2)^1/2) / 2 + PE
    Total System Jitter     (TSJ):    0.050ns
    Discrete Jitter          (DJ):    0.150ns
    Phase Error              (PE):    0.155ns
  Clock Net Delay (Destination): 2.388ns (routing 1.135ns, distribution 1.253ns)

    Location             Delay type                Incr(ns)  Path(ns)    Netlist Resource(s)
  -------------------------------------------------------------------    -------------------
    CONFIG_SITE_X0Y1     STARTUPE3                    0.000     0.000 r  i_startupe3/DATA_IN[1]
    CONFIG_SITE_X0Y1     STARTUPE3 (Prop_STARTUP_CONFIG_SITE_DATA_IN[1]_DI[1])
                                                      0.465     0.465 r  i_startupe3/DI[1]
                         net (fo=4, routed)           2.855     3.320    i_cheshire_soc/gen_spi_host.i_spi_host/u_spi_core/u_shift_reg/sd_i[1]
    SLR Crossing[1->2]   
    SLICE_X8Y707         LUT6 (Prop_B6LUT_SLICEM_I5_O)
                                                      0.060     3.380 r  i_cheshire_soc/gen_spi_host.i_spi_host/u_spi_core/u_shift_reg/rx_buf_q[0]_i_1/O
                         net (fo=1, routed)           0.021     3.401    i_cheshire_soc/gen_spi_host.i_spi_host/u_spi_core/u_shift_reg/rx_buf_q[0]_i_1_n_0
    SLICE_X8Y707         FDCE                                         r  i_cheshire_soc/gen_spi_host.i_spi_host/u_spi_core/u_shift_reg/rx_buf_q_reg[0]/D
  -------------------------------------------------------------------    -------------------

                         (clock clk_50_clkwiz rise edge)
                                                      0.000     0.000 r  
    E12                                               0.000     0.000 r  sys_clk_p (IN)
                         net (fo=0)                   0.000     0.000    i_bufds_sys_clk/I
    HPIOBDIFFINBUF_X1Y300
                         DIFFINBUF (Prop_DIFFINBUF_HPIOBDIFFINBUF_DIFF_IN_P_O)
                                                      0.446     0.446 r  i_bufds_sys_clk/DIFFINBUF_INST/O
                         net (fo=1, routed)           0.050     0.496    i_bufds_sys_clk/OUT
    E12                  IBUFCTRL (Prop_IBUFCTRL_HPIOB_M_I_O)
                                                      0.000     0.496 r  i_bufds_sys_clk/IBUFCTRL_INST/O
                         net (fo=1, routed)           0.183     0.679    sys_clk
    BUFGCE_X1Y289        BUFGCE (Prop_BUFCE_BUFGCE_I_O)
                                                      0.019     0.698 r  sys_clk_BUFGCE_inst/O
                         net (fo=19, routed)          0.622     1.320    i_clkwiz/inst/clk_in1
    MMCM_X1Y11           MMCME4_ADV (Prop_MMCM_CLKIN1_CLKOUT0)
                                                     -0.295     1.025 r  i_clkwiz/inst/mmcme4_adv_inst/CLKOUT0
                         net (fo=1, routed)           0.165     1.190    i_clkwiz/inst/clk_50_clkwiz
    BUFGCE_X1Y266        BUFGCE (Prop_BUFCE_BUFGCE_I_O)
                                                      0.019     1.209 r  i_clkwiz/inst/clkout1_buf/O
    X2Y7 (CLOCK_ROOT)    net (fo=199676, routed)      2.388     3.597    i_cheshire_soc/gen_spi_host.i_spi_host/u_spi_core/u_shift_reg/clk_i
    SLICE_X8Y707         FDCE                                         r  i_cheshire_soc/gen_spi_host.i_spi_host/u_spi_core/u_shift_reg/rx_buf_q_reg[0]/C





--------------------------------------------------------------------------------------
Path Group:  (none)
From Clock:  
  To Clock:  dbg_hub/inst/BSCANID.u_xsdbm_id/SWITCH_N_EXT_BSCAN.bscan_inst/SERIES7_BSCAN.bscan_inst/INTERNAL_TCK

Max Delay             4 Endpoints
Min Delay             4 Endpoints
--------------------------------------------------------------------------------------


Max Delay Paths
--------------------------------------------------------------------------------------
Slack:                    inf
  Source:                 dbg_hub/inst/BSCANID.u_xsdbm_id/SWITCH_N_EXT_BSCAN.bscan_inst/SERIES7_BSCAN.bscan_inst/INTERNAL_TDI
                            (internal pin)
  Destination:            dbg_hub/inst/BSCANID.u_xsdbm_id/SWITCH_N_EXT_BSCAN.bscanid_reg[31]/D
                            (rising edge-triggered cell FDRE clocked by dbg_hub/inst/BSCANID.u_xsdbm_id/SWITCH_N_EXT_BSCAN.bscan_inst/SERIES7_BSCAN.bscan_inst/INTERNAL_TCK  {rise@0.000ns fall@25.000ns period=50.000ns})
  Path Group:             (none)
  Path Type:              Setup (Max at Slow Process Corner)
  Data Path Delay:        8.124ns  (logic 4.448ns (54.751%)  route 3.676ns (45.249%))
  Logic Levels:           2  (BSCANE2=1 LUT4=1)
  Clock Uncertainty:      0.025ns  ((TSJ^2 + TIJ^2)^1/2 + DJ) / 2 + PE
    Total System Jitter     (TSJ):    0.050ns
    Total Input Jitter      (TIJ):    0.000ns
    Discrete Jitter          (DJ):    0.000ns
    Phase Error              (PE):    0.000ns
  Clock Net Delay (Destination): 1.827ns (routing 1.066ns, distribution 0.761ns)

    Location             Delay type                Incr(ns)  Path(ns)    Netlist Resource(s)
  -------------------------------------------------------------------    -------------------
    CONFIG_SITE_X0Y1     BSCANE2                      0.000     0.000 r  dbg_hub/inst/BSCANID.u_xsdbm_id/SWITCH_N_EXT_BSCAN.bscan_inst/SERIES7_BSCAN.bscan_inst/INTERNAL_TDI
    CONFIG_SITE_X0Y1     BSCANE2 (Prop_BSCAN1_CONFIG_SITE_INTERNAL_TDI_TDI)
                                                      4.300     4.300 r  dbg_hub/inst/BSCANID.u_xsdbm_id/SWITCH_N_EXT_BSCAN.bscan_inst/SERIES7_BSCAN.bscan_inst/TDI
                         net (fo=4, routed)           3.621     7.921    dbg_hub/inst/BSCANID.u_xsdbm_id/TDI
    SLR Crossing[1->2]   
    SLICE_X107Y601       LUT4 (Prop_E6LUT_SLICEM_I3_O)
                                                      0.148     8.069 r  dbg_hub/inst/BSCANID.u_xsdbm_id/SWITCH_N_EXT_BSCAN.bscanid[31]_i_1/O
                         net (fo=1, routed)           0.055     8.124    dbg_hub/inst/BSCANID.u_xsdbm_id/p_2_in[31]
    SLICE_X107Y601       FDRE                                         r  dbg_hub/inst/BSCANID.u_xsdbm_id/SWITCH_N_EXT_BSCAN.bscanid_reg[31]/D
  -------------------------------------------------------------------    -------------------

                         (clock dbg_hub/inst/BSCANID.u_xsdbm_id/SWITCH_N_EXT_BSCAN.bscan_inst/SERIES7_BSCAN.bscan_inst/INTERNAL_TCK rise edge)
                                                      0.000     0.000 r  
    CONFIG_SITE_X0Y1     BSCANE2                      0.000     0.000 r  dbg_hub/inst/BSCANID.u_xsdbm_id/SWITCH_N_EXT_BSCAN.bscan_inst/SERIES7_BSCAN.bscan_inst/INTERNAL_TCK
    CONFIG_SITE_X0Y1     BSCANE2 (Prop_BSCAN1_CONFIG_SITE_INTERNAL_TCK_TCK)
                                                      0.465     0.465 r  dbg_hub/inst/BSCANID.u_xsdbm_id/SWITCH_N_EXT_BSCAN.bscan_inst/SERIES7_BSCAN.bscan_inst/TCK
                         net (fo=1, routed)           2.620     3.085    dbg_hub/inst/BSCANID.u_xsdbm_id/tck_bs
    SLR Crossing[1->2]   
    BUFGCE_X1Y288        BUFGCE (Prop_BUFCE_BUFGCE_I_O)
                                                      0.024     3.109 r  dbg_hub/inst/BSCANID.u_xsdbm_id/SWITCH_N_EXT_BSCAN.u_bufg_icon_tck/O
    X3Y10 (CLOCK_ROOT)   net (fo=494, routed)         1.827     4.936    dbg_hub/inst/BSCANID.u_xsdbm_id/itck_i
    SLICE_X107Y601       FDRE                                         r  dbg_hub/inst/BSCANID.u_xsdbm_id/SWITCH_N_EXT_BSCAN.bscanid_reg[31]/C





Min Delay Paths
--------------------------------------------------------------------------------------
Slack:                    inf
  Source:                 dbg_hub/inst/BSCANID.u_xsdbm_id/SWITCH_N_EXT_BSCAN.bscan_inst/SERIES7_BSCAN.bscan_inst/INTERNAL_TDI
                            (internal pin)
  Destination:            dbg_hub/inst/BSCANID.u_xsdbm_id/SWITCH_N_EXT_BSCAN.bscan_switch/shiftreg_reg[31]/D
                            (rising edge-triggered cell FDRE clocked by dbg_hub/inst/BSCANID.u_xsdbm_id/SWITCH_N_EXT_BSCAN.bscan_inst/SERIES7_BSCAN.bscan_inst/INTERNAL_TCK  {rise@0.000ns fall@25.000ns period=50.000ns})
  Path Group:             (none)
  Path Type:              Hold (Min at Fast Process Corner)
  Data Path Delay:        1.637ns  (logic 0.514ns (31.399%)  route 1.123ns (68.601%))
  Logic Levels:           2  (BSCANE2=1 LUT5=1)
  Clock Uncertainty:      0.025ns  ((TSJ^2 + TIJ^2)^1/2 + DJ) / 2 + PE
    Total System Jitter     (TSJ):    0.050ns
    Total Input Jitter      (TIJ):    0.000ns
    Discrete Jitter          (DJ):    0.000ns
    Phase Error              (PE):    0.000ns
  Clock Net Delay (Destination): 1.421ns (routing 0.719ns, distribution 0.702ns)

    Location             Delay type                Incr(ns)  Path(ns)    Netlist Resource(s)
  -------------------------------------------------------------------    -------------------
    CONFIG_SITE_X0Y1     BSCANE2                      0.000     0.000 r  dbg_hub/inst/BSCANID.u_xsdbm_id/SWITCH_N_EXT_BSCAN.bscan_inst/SERIES7_BSCAN.bscan_inst/INTERNAL_TDI
    CONFIG_SITE_X0Y1     BSCANE2 (Prop_BSCAN1_CONFIG_SITE_INTERNAL_TDI_TDI)
                                                      0.465     0.465 r  dbg_hub/inst/BSCANID.u_xsdbm_id/SWITCH_N_EXT_BSCAN.bscan_inst/SERIES7_BSCAN.bscan_inst/TDI
                         net (fo=4, routed)           1.104     1.569    dbg_hub/inst/BSCANID.u_xsdbm_id/SWITCH_N_EXT_BSCAN.bscan_switch/s_bscan_tdi
    SLR Crossing[1->2]   
    SLICE_X144Y614       LUT5 (Prop_E6LUT_SLICEM_I2_O)
                                                      0.049     1.618 r  dbg_hub/inst/BSCANID.u_xsdbm_id/SWITCH_N_EXT_BSCAN.bscan_switch/shiftreg[31]_i_2/O
                         net (fo=1, routed)           0.019     1.637    dbg_hub/inst/BSCANID.u_xsdbm_id/SWITCH_N_EXT_BSCAN.bscan_switch/shiftreg[31]_i_2_n_0
    SLICE_X144Y614       FDRE                                         r  dbg_hub/inst/BSCANID.u_xsdbm_id/SWITCH_N_EXT_BSCAN.bscan_switch/shiftreg_reg[31]/D
  -------------------------------------------------------------------    -------------------

                         (clock dbg_hub/inst/BSCANID.u_xsdbm_id/SWITCH_N_EXT_BSCAN.bscan_inst/SERIES7_BSCAN.bscan_inst/INTERNAL_TCK rise edge)
                                                      0.000     0.000 r  
    CONFIG_SITE_X0Y1     BSCANE2                      0.000     0.000 r  dbg_hub/inst/BSCANID.u_xsdbm_id/SWITCH_N_EXT_BSCAN.bscan_inst/SERIES7_BSCAN.bscan_inst/INTERNAL_TCK
    CONFIG_SITE_X0Y1     BSCANE2 (Prop_BSCAN1_CONFIG_SITE_INTERNAL_TCK_TCK)
                                                      4.300     4.300 r  dbg_hub/inst/BSCANID.u_xsdbm_id/SWITCH_N_EXT_BSCAN.bscan_inst/SERIES7_BSCAN.bscan_inst/TCK
                         net (fo=1, routed)           2.858     7.158    dbg_hub/inst/BSCANID.u_xsdbm_id/tck_bs
    SLR Crossing[1->2]   
    BUFGCE_X1Y288        BUFGCE (Prop_BUFCE_BUFGCE_I_O)
                                                      0.019     7.177 r  dbg_hub/inst/BSCANID.u_xsdbm_id/SWITCH_N_EXT_BSCAN.u_bufg_icon_tck/O
    X3Y10 (CLOCK_ROOT)   net (fo=494, routed)         1.421     8.598    dbg_hub/inst/BSCANID.u_xsdbm_id/SWITCH_N_EXT_BSCAN.bscan_switch/s_bscan_tck
    SLICE_X144Y614       FDRE                                         r  dbg_hub/inst/BSCANID.u_xsdbm_id/SWITCH_N_EXT_BSCAN.bscan_switch/shiftreg_reg[31]/C





--------------------------------------------------------------------------------------
Path Group:  (none)
From Clock:  
  To Clock:  sys_clk

Max Delay             2 Endpoints
Min Delay             2 Endpoints
--------------------------------------------------------------------------------------


Max Delay Paths
--------------------------------------------------------------------------------------
Slack:                    inf
  Source:                 i_dram_wrapper/i_dram/inst/u_ddr4_mem_intfc/u_mig_ddr4_phy/inst/u_ddr4_phy_pll/plle_loop[0].gen_plle4.PLLE4_BASE_INST_OTHER/LOCKED
                            (internal pin)
  Destination:            i_dram_wrapper/i_dram/inst/u_ddr4_infrastructure/rst_async_riu_div_reg/D
                            (rising edge-triggered cell FDRE clocked by sys_clk  {rise@0.000ns fall@2.000ns period=4.000ns})
  Path Group:             (none)
  Path Type:              Setup (Max at Slow Process Corner)
  Data Path Delay:        2.482ns  (logic 0.273ns (10.999%)  route 2.209ns (89.001%))
  Logic Levels:           2  (LUT3=2)
  Clock Uncertainty:      0.025ns  ((TSJ^2 + TIJ^2)^1/2 + DJ) / 2 + PE
    Total System Jitter     (TSJ):    0.050ns
    Total Input Jitter      (TIJ):    0.000ns
    Discrete Jitter          (DJ):    0.000ns
    Phase Error              (PE):    0.000ns
  Clock Net Delay (Destination): 1.124ns (routing 0.155ns, distribution 0.969ns)

    Location             Delay type                Incr(ns)  Path(ns)    Netlist Resource(s)
  -------------------------------------------------------------------    -------------------
    PLL_X1Y24            PLLE4_ADV                    0.000     0.000 f  i_dram_wrapper/i_dram/inst/u_ddr4_mem_intfc/u_mig_ddr4_phy/inst/u_ddr4_phy_pll/plle_loop[0].gen_plle4.PLLE4_BASE_INST_OTHER/LOCKED
                         net (fo=1, routed)           1.060     1.060    i_dram_wrapper/i_dram/inst/u_ddr4_mem_intfc/u_mig_ddr4_phy/inst/u_ddr4_phy_pll/pll_lock_i[0]
    SLICE_X112Y847       LUT3 (Prop_H6LUT_SLICEL_I0_O)
                                                      0.150     1.210 f  i_dram_wrapper/i_dram/inst/u_ddr4_mem_intfc/u_mig_ddr4_phy/inst/u_ddr4_phy_pll/pll_lock__0/O
                         net (fo=1, routed)           0.593     1.803    i_dram_wrapper/i_dram/inst/u_ddr4_infrastructure/pll_lock
    SLICE_X132Y847       LUT3 (Prop_F6LUT_SLICEL_I2_O)
                                                      0.123     1.926 r  i_dram_wrapper/i_dram/inst/u_ddr4_infrastructure/rst_async_riu_div_i_1/O
                         net (fo=1, routed)           0.556     2.482    i_dram_wrapper/i_dram/inst/u_ddr4_infrastructure/rst_async_riu_div_reg0
    SLICE_X141Y848       FDRE                                         r  i_dram_wrapper/i_dram/inst/u_ddr4_infrastructure/rst_async_riu_div_reg/D
  -------------------------------------------------------------------    -------------------

                         (clock sys_clk rise edge)    0.000     0.000 r  
    E12                                               0.000     0.000 r  sys_clk_p (IN)
                         net (fo=0)                   0.000     0.000    i_bufds_sys_clk/I
    HPIOBDIFFINBUF_X1Y300
                         DIFFINBUF (Prop_DIFFINBUF_HPIOBDIFFINBUF_DIFF_IN_P_O)
                                                      0.564     0.564 r  i_bufds_sys_clk/DIFFINBUF_INST/O
                         net (fo=1, routed)           0.040     0.604    i_bufds_sys_clk/OUT
    E12                  IBUFCTRL (Prop_IBUFCTRL_HPIOB_M_I_O)
                                                      0.000     0.604 r  i_bufds_sys_clk/IBUFCTRL_INST/O
                         net (fo=1, routed)           0.297     0.901    sys_clk
    BUFGCE_X1Y289        BUFGCE (Prop_BUFCE_BUFGCE_I_O)
                                                      0.024     0.925 r  sys_clk_BUFGCE_inst/O
    X4Y12 (CLOCK_ROOT)   net (fo=19, routed)          1.124     2.049    i_dram_wrapper/i_dram/inst/u_ddr4_infrastructure/sys_clk_in
    SLICE_X141Y848       FDRE                                         r  i_dram_wrapper/i_dram/inst/u_ddr4_infrastructure/rst_async_riu_div_reg/C





Min Delay Paths
--------------------------------------------------------------------------------------
Slack:                    inf
  Source:                 i_dram_wrapper/i_dram/inst/u_ddr4_infrastructure/gen_mmcme4.u_mmcme_adv_inst/LOCKED
                            (internal pin)
  Destination:            i_dram_wrapper/i_dram/inst/u_ddr4_infrastructure/rst_async_mb_reg/D
                            (rising edge-triggered cell FDRE clocked by sys_clk  {rise@0.000ns fall@2.000ns period=4.000ns})
  Path Group:             (none)
  Path Type:              Hold (Min at Fast Process Corner)
  Data Path Delay:        0.592ns  (logic 0.048ns (8.108%)  route 0.544ns (91.892%))
  Logic Levels:           1  (LUT2=1)
  Clock Uncertainty:      0.025ns  ((TSJ^2 + TIJ^2)^1/2 + DJ) / 2 + PE
    Total System Jitter     (TSJ):    0.050ns
    Total Input Jitter      (TIJ):    0.000ns
    Discrete Jitter          (DJ):    0.000ns
    Phase Error              (PE):    0.000ns
  Clock Net Delay (Destination): 0.807ns (routing 0.108ns, distribution 0.699ns)

    Location             Delay type                Incr(ns)  Path(ns)    Netlist Resource(s)
  -------------------------------------------------------------------    -------------------
    MMCM_X1Y13           MMCME4_ADV                   0.000     0.000 f  i_dram_wrapper/i_dram/inst/u_ddr4_infrastructure/gen_mmcme4.u_mmcme_adv_inst/LOCKED
                         net (fo=3, routed)           0.348     0.348    i_dram_wrapper/i_dram/inst/u_ddr4_infrastructure/mmcm_lock
    SLICE_X132Y847       LUT2 (Prop_D5LUT_SLICEL_I1_O)
                                                      0.048     0.396 r  i_dram_wrapper/i_dram/inst/u_ddr4_infrastructure/rst_async_mb_i_1/O
                         net (fo=1, routed)           0.196     0.592    i_dram_wrapper/i_dram/inst/u_ddr4_infrastructure/rst_async_mb_reg0
    SLICE_X140Y846       FDRE                                         r  i_dram_wrapper/i_dram/inst/u_ddr4_infrastructure/rst_async_mb_reg/D
  -------------------------------------------------------------------    -------------------

                         (clock sys_clk rise edge)    0.000     0.000 r  
    E12                                               0.000     0.000 r  sys_clk_p (IN)
                         net (fo=0)                   0.000     0.000    i_bufds_sys_clk/I
    HPIOBDIFFINBUF_X1Y300
                         DIFFINBUF (Prop_DIFFINBUF_HPIOBDIFFINBUF_DIFF_IN_P_O)
                                                      0.446     0.446 r  i_bufds_sys_clk/DIFFINBUF_INST/O
                         net (fo=1, routed)           0.050     0.496    i_bufds_sys_clk/OUT
    E12                  IBUFCTRL (Prop_IBUFCTRL_HPIOB_M_I_O)
                                                      0.000     0.496 r  i_bufds_sys_clk/IBUFCTRL_INST/O
                         net (fo=1, routed)           0.183     0.679    sys_clk
    BUFGCE_X1Y289        BUFGCE (Prop_BUFCE_BUFGCE_I_O)
                                                      0.019     0.698 r  sys_clk_BUFGCE_inst/O
    X4Y12 (CLOCK_ROOT)   net (fo=19, routed)          0.807     1.505    i_dram_wrapper/i_dram/inst/u_ddr4_infrastructure/sys_clk_in
    SLICE_X140Y846       FDRE                                         r  i_dram_wrapper/i_dram/inst/u_ddr4_infrastructure/rst_async_mb_reg/C





