Copyright 1986-2020 Xilinx, Inc. All Rights Reserved.
----------------------------------------------------------------------------------------------------------------------------------------------------------------------
| Tool Version      : Vivado v.2020.1 (win64) Build 2902540 Wed May 27 19:54:49 MDT 2020
| Date              : Thu Sep 17 17:27:48 2026
| Host              : DESKTOP-9T3TD2K running 64-bit major release  (build 9200)
| Command           : report_bus_skew -delay_type min_max -warn_on_violation -file D:/project/ara/hardware/fpga/ara_dsa_vcu118/reports/impl_54e53e8b3aaf/bus_skew.rpt
| Design            : ara_dsa_vcu118
| Device            : xcvu9p-flga2104
| Speed File        : -2L  PRODUCTION 1.27 02-28-2020
| Temperature Grade : E
----------------------------------------------------------------------------------------------------------------------------------------------------------------------

Bus Skew Report

Table of Contents
-----------------
1. Bus Skew Report Summary
2. Bus Skew Report Per Constraint

1. Bus Skew Report Summary
--------------------------

Id  Position  From                            To                              Corner  Requirement(ns)  Actual(ns)  Slack(ns)
--  --------  ------------------------------  ------------------------------  ------  ---------------  ----------  ---------
1   50        [get_clocks -quiet -of_objects [get_pins -quiet i_dram_wrapper/gen_cdc.i_axi_cdc_mig/i_axi_cdc_src/i_cdc_fifo_gray_src_aw/src_clk_i]]
                                              [get_pins -quiet -of_objects [filter -regexp [get_cells -quiet -hierarchical -filter {NAME =~ i_dram_wrapper/gen_cdc.i_axi_cdc_mig/i_axi_cdc_dst/i_cdc_fifo_gray_dst_aw/gen_sync* && REF_NAME =~ FD*}] {NAME =~ .*/reg_q_reg\[0\]$}] -filter {REF_PIN_NAME == D}]
                                                                              Slow              3.000       0.814      2.186
2   51        [get_clocks -quiet -of_objects [get_pins -quiet i_dram_wrapper/gen_cdc.i_axi_cdc_mig/i_axi_cdc_dst/i_cdc_fifo_gray_dst_aw/dst_clk_i]]
                                              [get_pins -quiet -of_objects [filter -regexp [get_cells -quiet -hierarchical -filter {NAME =~ i_dram_wrapper/gen_cdc.i_axi_cdc_mig/i_axi_cdc_src/i_cdc_fifo_gray_src_aw/gen_sync* && REF_NAME =~ FD*}] {NAME =~ .*/reg_q_reg\[0\]$}] -filter {REF_PIN_NAME == D}]
                                                                              Slow              3.000       0.840      2.160
3   55        [get_clocks -quiet -of_objects [get_pins -quiet i_dram_wrapper/gen_cdc.i_axi_cdc_mig/i_axi_cdc_src/i_cdc_fifo_gray_src_w/src_clk_i]]
                                              [get_pins -quiet -of_objects [filter -regexp [get_cells -quiet -hierarchical -filter {NAME =~ i_dram_wrapper/gen_cdc.i_axi_cdc_mig/i_axi_cdc_dst/i_cdc_fifo_gray_dst_w/gen_sync* && REF_NAME =~ FD*}] {NAME =~ .*/reg_q_reg\[0\]$}] -filter {REF_PIN_NAME == D}]
                                                                              Slow              3.000       0.106      2.894
4   56        [get_clocks -quiet -of_objects [get_pins -quiet i_dram_wrapper/gen_cdc.i_axi_cdc_mig/i_axi_cdc_dst/i_cdc_fifo_gray_dst_w/dst_clk_i]]
                                              [get_pins -quiet -of_objects [filter -regexp [get_cells -quiet -hierarchical -filter {NAME =~ i_dram_wrapper/gen_cdc.i_axi_cdc_mig/i_axi_cdc_src/i_cdc_fifo_gray_src_w/gen_sync* && REF_NAME =~ FD*}] {NAME =~ .*/reg_q_reg\[0\]$}] -filter {REF_PIN_NAME == D}]
                                                                              Slow              3.000       0.141      2.859
5   60        [get_clocks -quiet -of_objects [get_pins -quiet i_dram_wrapper/gen_cdc.i_axi_cdc_mig/i_axi_cdc_src/i_cdc_fifo_gray_src_ar/src_clk_i]]
                                              [get_pins -quiet -of_objects [filter -regexp [get_cells -quiet -hierarchical -filter {NAME =~ i_dram_wrapper/gen_cdc.i_axi_cdc_mig/i_axi_cdc_dst/i_cdc_fifo_gray_dst_ar/gen_sync* && REF_NAME =~ FD*}] {NAME =~ .*/reg_q_reg\[0\]$}] -filter {REF_PIN_NAME == D}]
                                                                              Slow              3.000       0.222      2.778
6   61        [get_clocks -quiet -of_objects [get_pins -quiet i_dram_wrapper/gen_cdc.i_axi_cdc_mig/i_axi_cdc_dst/i_cdc_fifo_gray_dst_ar/dst_clk_i]]
                                              [get_pins -quiet -of_objects [filter -regexp [get_cells -quiet -hierarchical -filter {NAME =~ i_dram_wrapper/gen_cdc.i_axi_cdc_mig/i_axi_cdc_src/i_cdc_fifo_gray_src_ar/gen_sync* && REF_NAME =~ FD*}] {NAME =~ .*/reg_q_reg\[0\]$}] -filter {REF_PIN_NAME == D}]
                                                                              Slow              3.000       0.034      2.966
7   65        [get_clocks -quiet -of_objects [get_pins -quiet i_dram_wrapper/gen_cdc.i_axi_cdc_mig/i_axi_cdc_dst/i_cdc_fifo_gray_src_b/src_clk_i]]
                                              [get_pins -quiet -of_objects [filter -regexp [get_cells -quiet -hierarchical -filter {NAME =~ i_dram_wrapper/gen_cdc.i_axi_cdc_mig/i_axi_cdc_src/i_cdc_fifo_gray_dst_b/gen_sync* && REF_NAME =~ FD*}] {NAME =~ .*/reg_q_reg\[0\]$}] -filter {REF_PIN_NAME == D}]
                                                                              Slow              3.000       0.238      2.762
8   66        [get_clocks -quiet -of_objects [get_pins -quiet i_dram_wrapper/gen_cdc.i_axi_cdc_mig/i_axi_cdc_src/i_cdc_fifo_gray_dst_b/dst_clk_i]]
                                              [get_pins -quiet -of_objects [filter -regexp [get_cells -quiet -hierarchical -filter {NAME =~ i_dram_wrapper/gen_cdc.i_axi_cdc_mig/i_axi_cdc_dst/i_cdc_fifo_gray_src_b/gen_sync* && REF_NAME =~ FD*}] {NAME =~ .*/reg_q_reg\[0\]$}] -filter {REF_PIN_NAME == D}]
                                                                              Slow              3.000       0.086      2.914
9   70        [get_clocks -quiet -of_objects [get_pins -quiet i_dram_wrapper/gen_cdc.i_axi_cdc_mig/i_axi_cdc_dst/i_cdc_fifo_gray_src_r/src_clk_i]]
                                              [get_pins -quiet -of_objects [filter -regexp [get_cells -quiet -hierarchical -filter {NAME =~ i_dram_wrapper/gen_cdc.i_axi_cdc_mig/i_axi_cdc_src/i_cdc_fifo_gray_dst_r/gen_sync* && REF_NAME =~ FD*}] {NAME =~ .*/reg_q_reg\[0\]$}] -filter {REF_PIN_NAME == D}]
                                                                              Slow              3.000       0.115      2.885
10  71        [get_clocks -quiet -of_objects [get_pins -quiet i_dram_wrapper/gen_cdc.i_axi_cdc_mig/i_axi_cdc_src/i_cdc_fifo_gray_dst_r/dst_clk_i]]
                                              [get_pins -quiet -of_objects [filter -regexp [get_cells -quiet -hierarchical -filter {NAME =~ i_dram_wrapper/gen_cdc.i_axi_cdc_mig/i_axi_cdc_dst/i_cdc_fifo_gray_src_r/gen_sync* && REF_NAME =~ FD*}] {NAME =~ .*/reg_q_reg\[0\]$}] -filter {REF_PIN_NAME == D}]
                                                                              Slow              3.000       0.029      2.971
11  95        [get_cells [list {dbg_hub/inst/BSCANID.u_xsdbm_id/CORE_XSDB.UUT_MASTER/U_ICON_INTERFACE/U_CMD6_RD/U_RD_FIFO/SUBCORE_FIFO.xsdbm_v3_0_0_rdfifo_inst/inst_fifo_gen/gconvfifo.rf/grf.rf/gntv_or_sync_fifo.gcx.clkx/gnxpm_cdc.rd_pntr_gc_reg[0]} {dbg_hub/inst/BSCANID.u_xsdbm_id/CORE_XSDB.UUT_MASTER/U_ICON_INTERFACE/U_CMD6_RD/U_RD_FIFO/SUBCORE_FIFO.xsdbm_v3_0_0_rdfifo_inst/inst_fifo_gen/gconvfifo.rf/grf.rf/gntv_or_sync_fifo.gcx.clkx/gnxpm_cdc.rd_pntr_gc_reg[1]} {dbg_hub/inst/BSCANID.u_xsdbm_id/CORE_XSDB.UUT_MASTER/U_ICON_INTERFACE/U_CMD6_RD/U_RD_FIFO/SUBCORE_FIFO.xsdbm_v3_0_0_rdfifo_inst/inst_fifo_gen/gconvfifo.rf/grf.rf/gntv_or_sync_fifo.gcx.clkx/gnxpm_cdc.rd_pntr_gc_reg[2]} {dbg_hub/inst/BSCANID.u_xsdbm_id/CORE_XSDB.UUT_MASTER/U_ICON_INTERFACE/U_CMD6_RD/U_RD_FIFO/SUBCORE_FIFO.xsdbm_v3_0_0_rdfifo_inst/inst_fifo_gen/gconvfifo.rf/grf.rf/gntv_or_sync_fifo.gcx.clkx/gnxpm_cdc.rd_pntr_gc_reg[3]}]]
                                              [get_cells [list {dbg_hub/inst/BSCANID.u_xsdbm_id/CORE_XSDB.UUT_MASTER/U_ICON_INTERFACE/U_CMD6_RD/U_RD_FIFO/SUBCORE_FIFO.xsdbm_v3_0_0_rdfifo_inst/inst_fifo_gen/gconvfifo.rf/grf.rf/gntv_or_sync_fifo.gcx.clkx/gnxpm_cdc.gsync_stage[1].wr_stg_inst/Q_reg_reg[0]} {dbg_hub/inst/BSCANID.u_xsdbm_id/CORE_XSDB.UUT_MASTER/U_ICON_INTERFACE/U_CMD6_RD/U_RD_FIFO/SUBCORE_FIFO.xsdbm_v3_0_0_rdfifo_inst/inst_fifo_gen/gconvfifo.rf/grf.rf/gntv_or_sync_fifo.gcx.clkx/gnxpm_cdc.gsync_stage[1].wr_stg_inst/Q_reg_reg[1]} {dbg_hub/inst/BSCANID.u_xsdbm_id/CORE_XSDB.UUT_MASTER/U_ICON_INTERFACE/U_CMD6_RD/U_RD_FIFO/SUBCORE_FIFO.xsdbm_v3_0_0_rdfifo_inst/inst_fifo_gen/gconvfifo.rf/grf.rf/gntv_or_sync_fifo.gcx.clkx/gnxpm_cdc.gsync_stage[1].wr_stg_inst/Q_reg_reg[2]} {dbg_hub/inst/BSCANID.u_xsdbm_id/CORE_XSDB.UUT_MASTER/U_ICON_INTERFACE/U_CMD6_RD/U_RD_FIFO/SUBCORE_FIFO.xsdbm_v3_0_0_rdfifo_inst/inst_fifo_gen/gconvfifo.rf/grf.rf/gntv_or_sync_fifo.gcx.clkx/gnxpm_cdc.gsync_stage[1].wr_stg_inst/Q_reg_reg[3]}]]
                                                                              Slow             20.000       1.547     18.453
12  97        [get_cells [list {dbg_hub/inst/BSCANID.u_xsdbm_id/CORE_XSDB.UUT_MASTER/U_ICON_INTERFACE/U_CMD6_RD/U_RD_FIFO/SUBCORE_FIFO.xsdbm_v3_0_0_rdfifo_inst/inst_fifo_gen/gconvfifo.rf/grf.rf/gntv_or_sync_fifo.gcx.clkx/gnxpm_cdc.wr_pntr_gc_reg[0]} {dbg_hub/inst/BSCANID.u_xsdbm_id/CORE_XSDB.UUT_MASTER/U_ICON_INTERFACE/U_CMD6_RD/U_RD_FIFO/SUBCORE_FIFO.xsdbm_v3_0_0_rdfifo_inst/inst_fifo_gen/gconvfifo.rf/grf.rf/gntv_or_sync_fifo.gcx.clkx/gnxpm_cdc.wr_pntr_gc_reg[1]} {dbg_hub/inst/BSCANID.u_xsdbm_id/CORE_XSDB.UUT_MASTER/U_ICON_INTERFACE/U_CMD6_RD/U_RD_FIFO/SUBCORE_FIFO.xsdbm_v3_0_0_rdfifo_inst/inst_fifo_gen/gconvfifo.rf/grf.rf/gntv_or_sync_fifo.gcx.clkx/gnxpm_cdc.wr_pntr_gc_reg[2]} {dbg_hub/inst/BSCANID.u_xsdbm_id/CORE_XSDB.UUT_MASTER/U_ICON_INTERFACE/U_CMD6_RD/U_RD_FIFO/SUBCORE_FIFO.xsdbm_v3_0_0_rdfifo_inst/inst_fifo_gen/gconvfifo.rf/grf.rf/gntv_or_sync_fifo.gcx.clkx/gnxpm_cdc.wr_pntr_gc_reg[3]}]]
                                              [get_cells [list {dbg_hub/inst/BSCANID.u_xsdbm_id/CORE_XSDB.UUT_MASTER/U_ICON_INTERFACE/U_CMD6_RD/U_RD_FIFO/SUBCORE_FIFO.xsdbm_v3_0_0_rdfifo_inst/inst_fifo_gen/gconvfifo.rf/grf.rf/gntv_or_sync_fifo.gcx.clkx/gnxpm_cdc.gsync_stage[1].rd_stg_inst/Q_reg_reg[0]} {dbg_hub/inst/BSCANID.u_xsdbm_id/CORE_XSDB.UUT_MASTER/U_ICON_INTERFACE/U_CMD6_RD/U_RD_FIFO/SUBCORE_FIFO.xsdbm_v3_0_0_rdfifo_inst/inst_fifo_gen/gconvfifo.rf/grf.rf/gntv_or_sync_fifo.gcx.clkx/gnxpm_cdc.gsync_stage[1].rd_stg_inst/Q_reg_reg[1]} {dbg_hub/inst/BSCANID.u_xsdbm_id/CORE_XSDB.UUT_MASTER/U_ICON_INTERFACE/U_CMD6_RD/U_RD_FIFO/SUBCORE_FIFO.xsdbm_v3_0_0_rdfifo_inst/inst_fifo_gen/gconvfifo.rf/grf.rf/gntv_or_sync_fifo.gcx.clkx/gnxpm_cdc.gsync_stage[1].rd_stg_inst/Q_reg_reg[2]} {dbg_hub/inst/BSCANID.u_xsdbm_id/CORE_XSDB.UUT_MASTER/U_ICON_INTERFACE/U_CMD6_RD/U_RD_FIFO/SUBCORE_FIFO.xsdbm_v3_0_0_rdfifo_inst/inst_fifo_gen/gconvfifo.rf/grf.rf/gntv_or_sync_fifo.gcx.clkx/gnxpm_cdc.gsync_stage[1].rd_stg_inst/Q_reg_reg[3]}]]
                                                                              Slow             20.000       1.373     18.627
13  100       [get_cells [list {dbg_hub/inst/BSCANID.u_xsdbm_id/CORE_XSDB.UUT_MASTER/U_ICON_INTERFACE/U_CMD6_WR/U_WR_FIFO/SUBCORE_FIFO.xsdbm_v3_0_0_wrfifo_inst/inst_fifo_gen/gconvfifo.rf/grf.rf/gntv_or_sync_fifo.gcx.clkx/gnxpm_cdc.rd_pntr_gc_reg[0]} {dbg_hub/inst/BSCANID.u_xsdbm_id/CORE_XSDB.UUT_MASTER/U_ICON_INTERFACE/U_CMD6_WR/U_WR_FIFO/SUBCORE_FIFO.xsdbm_v3_0_0_wrfifo_inst/inst_fifo_gen/gconvfifo.rf/grf.rf/gntv_or_sync_fifo.gcx.clkx/gnxpm_cdc.rd_pntr_gc_reg[1]} {dbg_hub/inst/BSCANID.u_xsdbm_id/CORE_XSDB.UUT_MASTER/U_ICON_INTERFACE/U_CMD6_WR/U_WR_FIFO/SUBCORE_FIFO.xsdbm_v3_0_0_wrfifo_inst/inst_fifo_gen/gconvfifo.rf/grf.rf/gntv_or_sync_fifo.gcx.clkx/gnxpm_cdc.rd_pntr_gc_reg[2]} {dbg_hub/inst/BSCANID.u_xsdbm_id/CORE_XSDB.UUT_MASTER/U_ICON_INTERFACE/U_CMD6_WR/U_WR_FIFO/SUBCORE_FIFO.xsdbm_v3_0_0_wrfifo_inst/inst_fifo_gen/gconvfifo.rf/grf.rf/gntv_or_sync_fifo.gcx.clkx/gnxpm_cdc.rd_pntr_gc_reg[3]}]]
                                              [get_cells [list {dbg_hub/inst/BSCANID.u_xsdbm_id/CORE_XSDB.UUT_MASTER/U_ICON_INTERFACE/U_CMD6_WR/U_WR_FIFO/SUBCORE_FIFO.xsdbm_v3_0_0_wrfifo_inst/inst_fifo_gen/gconvfifo.rf/grf.rf/gntv_or_sync_fifo.gcx.clkx/gnxpm_cdc.gsync_stage[1].wr_stg_inst/Q_reg_reg[0]} {dbg_hub/inst/BSCANID.u_xsdbm_id/CORE_XSDB.UUT_MASTER/U_ICON_INTERFACE/U_CMD6_WR/U_WR_FIFO/SUBCORE_FIFO.xsdbm_v3_0_0_wrfifo_inst/inst_fifo_gen/gconvfifo.rf/grf.rf/gntv_or_sync_fifo.gcx.clkx/gnxpm_cdc.gsync_stage[1].wr_stg_inst/Q_reg_reg[1]} {dbg_hub/inst/BSCANID.u_xsdbm_id/CORE_XSDB.UUT_MASTER/U_ICON_INTERFACE/U_CMD6_WR/U_WR_FIFO/SUBCORE_FIFO.xsdbm_v3_0_0_wrfifo_inst/inst_fifo_gen/gconvfifo.rf/grf.rf/gntv_or_sync_fifo.gcx.clkx/gnxpm_cdc.gsync_stage[1].wr_stg_inst/Q_reg_reg[2]} {dbg_hub/inst/BSCANID.u_xsdbm_id/CORE_XSDB.UUT_MASTER/U_ICON_INTERFACE/U_CMD6_WR/U_WR_FIFO/SUBCORE_FIFO.xsdbm_v3_0_0_wrfifo_inst/inst_fifo_gen/gconvfifo.rf/grf.rf/gntv_or_sync_fifo.gcx.clkx/gnxpm_cdc.gsync_stage[1].wr_stg_inst/Q_reg_reg[3]}]]
                                                                              Slow             20.000       0.657     19.343
14  102       [get_cells [list {dbg_hub/inst/BSCANID.u_xsdbm_id/CORE_XSDB.UUT_MASTER/U_ICON_INTERFACE/U_CMD6_WR/U_WR_FIFO/SUBCORE_FIFO.xsdbm_v3_0_0_wrfifo_inst/inst_fifo_gen/gconvfifo.rf/grf.rf/gntv_or_sync_fifo.gcx.clkx/gnxpm_cdc.wr_pntr_gc_reg[0]} {dbg_hub/inst/BSCANID.u_xsdbm_id/CORE_XSDB.UUT_MASTER/U_ICON_INTERFACE/U_CMD6_WR/U_WR_FIFO/SUBCORE_FIFO.xsdbm_v3_0_0_wrfifo_inst/inst_fifo_gen/gconvfifo.rf/grf.rf/gntv_or_sync_fifo.gcx.clkx/gnxpm_cdc.wr_pntr_gc_reg[1]} {dbg_hub/inst/BSCANID.u_xsdbm_id/CORE_XSDB.UUT_MASTER/U_ICON_INTERFACE/U_CMD6_WR/U_WR_FIFO/SUBCORE_FIFO.xsdbm_v3_0_0_wrfifo_inst/inst_fifo_gen/gconvfifo.rf/grf.rf/gntv_or_sync_fifo.gcx.clkx/gnxpm_cdc.wr_pntr_gc_reg[2]} {dbg_hub/inst/BSCANID.u_xsdbm_id/CORE_XSDB.UUT_MASTER/U_ICON_INTERFACE/U_CMD6_WR/U_WR_FIFO/SUBCORE_FIFO.xsdbm_v3_0_0_wrfifo_inst/inst_fifo_gen/gconvfifo.rf/grf.rf/gntv_or_sync_fifo.gcx.clkx/gnxpm_cdc.wr_pntr_gc_reg[3]}]]
                                              [get_cells [list {dbg_hub/inst/BSCANID.u_xsdbm_id/CORE_XSDB.UUT_MASTER/U_ICON_INTERFACE/U_CMD6_WR/U_WR_FIFO/SUBCORE_FIFO.xsdbm_v3_0_0_wrfifo_inst/inst_fifo_gen/gconvfifo.rf/grf.rf/gntv_or_sync_fifo.gcx.clkx/gnxpm_cdc.gsync_stage[1].rd_stg_inst/Q_reg_reg[0]} {dbg_hub/inst/BSCANID.u_xsdbm_id/CORE_XSDB.UUT_MASTER/U_ICON_INTERFACE/U_CMD6_WR/U_WR_FIFO/SUBCORE_FIFO.xsdbm_v3_0_0_wrfifo_inst/inst_fifo_gen/gconvfifo.rf/grf.rf/gntv_or_sync_fifo.gcx.clkx/gnxpm_cdc.gsync_stage[1].rd_stg_inst/Q_reg_reg[1]} {dbg_hub/inst/BSCANID.u_xsdbm_id/CORE_XSDB.UUT_MASTER/U_ICON_INTERFACE/U_CMD6_WR/U_WR_FIFO/SUBCORE_FIFO.xsdbm_v3_0_0_wrfifo_inst/inst_fifo_gen/gconvfifo.rf/grf.rf/gntv_or_sync_fifo.gcx.clkx/gnxpm_cdc.gsync_stage[1].rd_stg_inst/Q_reg_reg[2]} {dbg_hub/inst/BSCANID.u_xsdbm_id/CORE_XSDB.UUT_MASTER/U_ICON_INTERFACE/U_CMD6_WR/U_WR_FIFO/SUBCORE_FIFO.xsdbm_v3_0_0_wrfifo_inst/inst_fifo_gen/gconvfifo.rf/grf.rf/gntv_or_sync_fifo.gcx.clkx/gnxpm_cdc.gsync_stage[1].rd_stg_inst/Q_reg_reg[3]}]]
                                                                              Slow             20.000       1.030     18.970


2. Bus Skew Report Per Constraint
---------------------------------

Id: 1
set_bus_skew -from [get_clocks -quiet -of_objects [get_pins -quiet i_dram_wrapper/gen_cdc.i_axi_cdc_mig/i_axi_cdc_src/i_cdc_fifo_gray_src_aw/src_clk_i]] -to [get_pins -quiet -of_objects [filter -regexp [get_cells -quiet -hierarchical -filter {NAME =~ i_dram_wrapper/gen_cdc.i_axi_cdc_mig/i_axi_cdc_dst/i_cdc_fifo_gray_dst_aw/gen_sync* && REF_NAME =~ FD*}] {NAME =~ .*/reg_q_reg\[0\]$}] -filter {REF_PIN_NAME == D}] 3.000
Requirement: 3.000ns
Endpoints: 6

From Clock            To Clock              Endpoint Pin                    Reference Pin                   Corner  Actual(ns)  Slack(ns)
--------------------  --------------------  ------------------------------  ------------------------------  ------  ----------  ---------
clk_50_clkwiz         mmcm_clkout0          i_dram_wrapper/gen_cdc.i_axi_cdc_mig/i_axi_cdc_dst/i_cdc_fifo_gray_dst_aw/gen_sync[0].i_sync/reg_q_reg[0]/D
                                                                            i_dram_wrapper/gen_cdc.i_axi_cdc_mig/i_axi_cdc_dst/i_cdc_fifo_gray_dst_aw/gen_sync[5].i_sync/reg_q_reg[0]/D
                                                                                                            Slow         0.814      2.186


Slack (MET) :             2.186ns  (requirement - actual skew)
  Endpoint Source:        i_dram_wrapper/gen_cdc.i_axi_cdc_mig/i_axi_cdc_src/i_cdc_fifo_gray_src_aw/wptr_q_reg[0]/C
                            (rising edge-triggered cell FDCE clocked by clk_50_clkwiz)
  Endpoint Destination:   i_dram_wrapper/gen_cdc.i_axi_cdc_mig/i_axi_cdc_dst/i_cdc_fifo_gray_dst_aw/gen_sync[0].i_sync/reg_q_reg[0]/D
                            (rising edge-triggered cell FDCE clocked by mmcm_clkout0)
  Reference Source:       i_dram_wrapper/gen_cdc.i_axi_cdc_mig/i_axi_cdc_src/i_cdc_fifo_gray_src_aw/wptr_q_reg[5]/C
                            (rising edge-triggered cell FDCE clocked by clk_50_clkwiz)
  Reference Destination:  i_dram_wrapper/gen_cdc.i_axi_cdc_mig/i_axi_cdc_dst/i_cdc_fifo_gray_dst_aw/gen_sync[5].i_sync/reg_q_reg[0]/D
                            (rising edge-triggered cell FDCE clocked by mmcm_clkout0)
  Path Type:              Bus Skew (Max at Slow Process Corner)
  Requirement:            3.000ns
  Endpoint Relative Delay:    2.470ns
  Reference Relative Delay:   1.946ns
  Relative CRPR:              0.000ns
  Uncertainty:                0.290ns
  Actual Bus Skew:            0.814ns  (Endpoint Relative Delay - Reference Relative Delay - Relative CRPR + Uncertainty)

Endpoint path:
    Location             Delay type                Incr(ns)  Path(ns)    Netlist Resource(s)
  -------------------------------------------------------------------    -------------------
                         (clock clk_50_clkwiz rise edge)
                                                      0.000     0.000 r  
    E12                                               0.000     0.000 r  sys_clk_p (IN)
                         net (fo=0)                   0.000     0.000    i_bufds_sys_clk/I
    HPIOBDIFFINBUF_X1Y300
                         DIFFINBUF (Prop_DIFFINBUF_HPIOBDIFFINBUF_DIFF_IN_P_O)
                                                      0.675     0.675 r  i_bufds_sys_clk/DIFFINBUF_INST/O
                         net (fo=1, routed)           0.050     0.725    i_bufds_sys_clk/OUT
    E12                  IBUFCTRL (Prop_IBUFCTRL_HPIOB_M_I_O)
                                                      0.000     0.725 r  i_bufds_sys_clk/IBUFCTRL_INST/O
                         net (fo=1, routed)           0.335     1.060    sys_clk
    BUFGCE_X1Y289        BUFGCE (Prop_BUFCE_BUFGCE_I_O)
                                                      0.028     1.088 r  sys_clk_BUFGCE_inst/O
                         net (fo=19, routed)          0.991     2.079    i_clkwiz/inst/clk_in1
    MMCM_X1Y11           MMCME4_ADV (Prop_MMCM_CLKIN1_CLKOUT0)
                                                     -0.127     1.952 r  i_clkwiz/inst/mmcme4_adv_inst/CLKOUT0
                         net (fo=1, routed)           0.244     2.196    i_clkwiz/inst/clk_50_clkwiz
    BUFGCE_X1Y266        BUFGCE (Prop_BUFCE_BUFGCE_I_O)
                                                      0.028     2.224 r  i_clkwiz/inst/clkout1_buf/O
    X2Y7 (CLOCK_ROOT)    net (fo=199658, routed)      3.758     5.982    i_dram_wrapper/gen_cdc.i_axi_cdc_mig/i_axi_cdc_src/i_cdc_fifo_gray_src_aw/src_clk_i
    SLICE_X110Y697       FDCE                                         r  i_dram_wrapper/gen_cdc.i_axi_cdc_mig/i_axi_cdc_src/i_cdc_fifo_gray_src_aw/wptr_q_reg[0]/C
  -------------------------------------------------------------------    -------------------
    SLICE_X110Y697       FDCE (Prop_DFF_SLICEM_C_Q)
                                                      0.078     6.060 r  i_dram_wrapper/gen_cdc.i_axi_cdc_mig/i_axi_cdc_src/i_cdc_fifo_gray_src_aw/wptr_q_reg[0]/Q
                         net (fo=2, routed)           1.213     7.273    i_dram_wrapper/gen_cdc.i_axi_cdc_mig/i_axi_cdc_dst/i_cdc_fifo_gray_dst_aw/gen_sync[0].i_sync/serial_i
    SLICE_X111Y695       FDCE                                         r  i_dram_wrapper/gen_cdc.i_axi_cdc_mig/i_axi_cdc_dst/i_cdc_fifo_gray_dst_aw/gen_sync[0].i_sync/reg_q_reg[0]/D
  -------------------------------------------------------------------    -------------------

                         (clock mmcm_clkout0 rise edge)
                                                      0.000     0.000 r  
    E12                                               0.000     0.000 r  sys_clk_p (IN)
                         net (fo=0)                   0.000     0.000    i_bufds_sys_clk/I
    HPIOBDIFFINBUF_X1Y300
                         DIFFINBUF (Prop_DIFFINBUF_HPIOBDIFFINBUF_DIFF_IN_P_O)
                                                      0.564     0.564 r  i_bufds_sys_clk/DIFFINBUF_INST/O
                         net (fo=1, routed)           0.040     0.604    i_bufds_sys_clk/OUT
    E12                  IBUFCTRL (Prop_IBUFCTRL_HPIOB_M_I_O)
                                                      0.000     0.604 r  i_bufds_sys_clk/IBUFCTRL_INST/O
                         net (fo=1, routed)           0.297     0.901    sys_clk
    BUFGCE_X1Y289        BUFGCE (Prop_BUFCE_BUFGCE_I_O)
                                                      0.024     0.925 r  sys_clk_BUFGCE_inst/O
                         net (fo=19, routed)          0.795     1.720    i_dram_wrapper/i_dram/inst/u_ddr4_infrastructure/mmcm_clk_in
    MMCM_X1Y13           MMCME4_ADV (Prop_MMCM_CLKIN1_CLKOUT0)
                                                      0.630     2.350 r  i_dram_wrapper/i_dram/inst/u_ddr4_infrastructure/gen_mmcme4.u_mmcme_adv_inst/CLKOUT0
                         net (fo=1, routed)           0.214     2.564    i_dram_wrapper/i_dram/inst/u_ddr4_infrastructure/mmcm_clkout0
    BUFGCE_X1Y332        BUFGCE (Prop_BUFCE_BUFGCE_I_O)
                                                      0.024     2.588 r  i_dram_wrapper/i_dram/inst/u_ddr4_infrastructure/u_bufg_divClk/O
    X4Y12 (CLOCK_ROOT)   net (fo=36893, routed)       2.011     4.599    i_dram_wrapper/gen_cdc.i_axi_cdc_mig/i_axi_cdc_dst/i_cdc_fifo_gray_dst_aw/gen_sync[0].i_sync/clk_i
    SLICE_X111Y695       FDCE                                         r  i_dram_wrapper/gen_cdc.i_axi_cdc_mig/i_axi_cdc_dst/i_cdc_fifo_gray_dst_aw/gen_sync[0].i_sync/reg_q_reg[0]/C
                         clock pessimism              0.178     4.778    
    SLICE_X111Y695       FDCE (Setup_HFF2_SLICEL_C_D)
                                                      0.025     4.803    i_dram_wrapper/gen_cdc.i_axi_cdc_mig/i_axi_cdc_dst/i_cdc_fifo_gray_dst_aw/gen_sync[0].i_sync/reg_q_reg[0]
  -------------------------------------------------------------------
                         data arrival                           7.273    
                         clock arrival                          4.803    
  -------------------------------------------------------------------
                         relative delay                         2.470    

Reference path:
    Location             Delay type                Incr(ns)  Path(ns)    Netlist Resource(s)
  -------------------------------------------------------------------    -------------------
                         (clock clk_50_clkwiz rise edge)
                                                      0.000     0.000 r  
    E12                                               0.000     0.000 r  sys_clk_p (IN)
                         net (fo=0)                   0.000     0.000    i_bufds_sys_clk/I
    HPIOBDIFFINBUF_X1Y300
                         DIFFINBUF (Prop_DIFFINBUF_HPIOBDIFFINBUF_DIFF_IN_P_O)
                                                      0.564     0.564 r  i_bufds_sys_clk/DIFFINBUF_INST/O
                         net (fo=1, routed)           0.040     0.604    i_bufds_sys_clk/OUT
    E12                  IBUFCTRL (Prop_IBUFCTRL_HPIOB_M_I_O)
                                                      0.000     0.604 r  i_bufds_sys_clk/IBUFCTRL_INST/O
                         net (fo=1, routed)           0.297     0.901    sys_clk
    BUFGCE_X1Y289        BUFGCE (Prop_BUFCE_BUFGCE_I_O)
                                                      0.024     0.925 r  sys_clk_BUFGCE_inst/O
                         net (fo=19, routed)          0.876     1.801    i_clkwiz/inst/clk_in1
    MMCM_X1Y11           MMCME4_ADV (Prop_MMCM_CLKIN1_CLKOUT0)
                                                      0.630     2.431 r  i_clkwiz/inst/mmcme4_adv_inst/CLKOUT0
                         net (fo=1, routed)           0.214     2.645    i_clkwiz/inst/clk_50_clkwiz
    BUFGCE_X1Y266        BUFGCE (Prop_BUFCE_BUFGCE_I_O)
                                                      0.024     2.669 r  i_clkwiz/inst/clkout1_buf/O
    X2Y7 (CLOCK_ROOT)    net (fo=199658, routed)      3.371     6.040    i_dram_wrapper/gen_cdc.i_axi_cdc_mig/i_axi_cdc_src/i_cdc_fifo_gray_src_aw/src_clk_i
    SLICE_X110Y697       FDCE                                         r  i_dram_wrapper/gen_cdc.i_axi_cdc_mig/i_axi_cdc_src/i_cdc_fifo_gray_src_aw/wptr_q_reg[5]/C
  -------------------------------------------------------------------    -------------------
    SLICE_X110Y697       FDCE (Prop_EFF_SLICEM_C_Q)
                                                      0.058     6.098 r  i_dram_wrapper/gen_cdc.i_axi_cdc_mig/i_axi_cdc_src/i_cdc_fifo_gray_src_aw/wptr_q_reg[5]/Q
                         net (fo=12, routed)          0.114     6.212    i_dram_wrapper/gen_cdc.i_axi_cdc_mig/i_axi_cdc_dst/i_cdc_fifo_gray_dst_aw/gen_sync[5].i_sync/serial_i
    SLICE_X111Y698       FDCE                                         r  i_dram_wrapper/gen_cdc.i_axi_cdc_mig/i_axi_cdc_dst/i_cdc_fifo_gray_dst_aw/gen_sync[5].i_sync/reg_q_reg[0]/D
  -------------------------------------------------------------------    -------------------

                         (clock mmcm_clkout0 rise edge)
                                                      0.000     0.000 r  
    E12                                               0.000     0.000 r  sys_clk_p (IN)
                         net (fo=0)                   0.000     0.000    i_bufds_sys_clk/I
    HPIOBDIFFINBUF_X1Y300
                         DIFFINBUF (Prop_DIFFINBUF_HPIOBDIFFINBUF_DIFF_IN_P_O)
                                                      0.675     0.675 r  i_bufds_sys_clk/DIFFINBUF_INST/O
                         net (fo=1, routed)           0.050     0.725    i_bufds_sys_clk/OUT
    E12                  IBUFCTRL (Prop_IBUFCTRL_HPIOB_M_I_O)
                                                      0.000     0.725 r  i_bufds_sys_clk/IBUFCTRL_INST/O
                         net (fo=1, routed)           0.335     1.060    sys_clk
    BUFGCE_X1Y289        BUFGCE (Prop_BUFCE_BUFGCE_I_O)
                                                      0.028     1.088 r  sys_clk_BUFGCE_inst/O
                         net (fo=19, routed)          0.901     1.989    i_dram_wrapper/i_dram/inst/u_ddr4_infrastructure/mmcm_clk_in
    MMCM_X1Y13           MMCME4_ADV (Prop_MMCM_CLKIN1_CLKOUT0)
                                                     -0.127     1.862 r  i_dram_wrapper/i_dram/inst/u_ddr4_infrastructure/gen_mmcme4.u_mmcme_adv_inst/CLKOUT0
                         net (fo=1, routed)           0.244     2.106    i_dram_wrapper/i_dram/inst/u_ddr4_infrastructure/mmcm_clkout0
    BUFGCE_X1Y332        BUFGCE (Prop_BUFCE_BUFGCE_I_O)
                                                      0.028     2.134 r  i_dram_wrapper/i_dram/inst/u_ddr4_infrastructure/u_bufg_divClk/O
    X4Y12 (CLOCK_ROOT)   net (fo=36893, routed)       2.249     4.383    i_dram_wrapper/gen_cdc.i_axi_cdc_mig/i_axi_cdc_dst/i_cdc_fifo_gray_dst_aw/gen_sync[5].i_sync/clk_i
    SLICE_X111Y698       FDCE                                         r  i_dram_wrapper/gen_cdc.i_axi_cdc_mig/i_axi_cdc_dst/i_cdc_fifo_gray_dst_aw/gen_sync[5].i_sync/reg_q_reg[0]/C
                         clock pessimism             -0.178     4.204    
    SLICE_X111Y698       FDCE (Hold_DFF2_SLICEL_C_D)
                                                      0.062     4.266    i_dram_wrapper/gen_cdc.i_axi_cdc_mig/i_axi_cdc_dst/i_cdc_fifo_gray_dst_aw/gen_sync[5].i_sync/reg_q_reg[0]
  -------------------------------------------------------------------
                         data arrival                           6.212    
                         clock arrival                          4.266    
  -------------------------------------------------------------------
                         relative delay                         1.946    



Id: 2
set_bus_skew -from [get_clocks -quiet -of_objects [get_pins -quiet i_dram_wrapper/gen_cdc.i_axi_cdc_mig/i_axi_cdc_dst/i_cdc_fifo_gray_dst_aw/dst_clk_i]] -to [get_pins -quiet -of_objects [filter -regexp [get_cells -quiet -hierarchical -filter {NAME =~ i_dram_wrapper/gen_cdc.i_axi_cdc_mig/i_axi_cdc_src/i_cdc_fifo_gray_src_aw/gen_sync* && REF_NAME =~ FD*}] {NAME =~ .*/reg_q_reg\[0\]$}] -filter {REF_PIN_NAME == D}] 3.000
Requirement: 3.000ns
Endpoints: 6

From Clock            To Clock              Endpoint Pin                    Reference Pin                   Corner  Actual(ns)  Slack(ns)
--------------------  --------------------  ------------------------------  ------------------------------  ------  ----------  ---------
mmcm_clkout0          clk_50_clkwiz         i_dram_wrapper/gen_cdc.i_axi_cdc_mig/i_axi_cdc_src/i_cdc_fifo_gray_src_aw/gen_sync[5].i_sync/reg_q_reg[0]/D
                                                                            i_dram_wrapper/gen_cdc.i_axi_cdc_mig/i_axi_cdc_src/i_cdc_fifo_gray_src_aw/gen_sync[3].i_sync/reg_q_reg[0]/D
                                                                                                            Slow         0.840      2.160


Slack (MET) :             2.160ns  (requirement - actual skew)
  Endpoint Source:        i_dram_wrapper/gen_cdc.i_axi_cdc_mig/i_axi_cdc_dst/i_cdc_fifo_gray_dst_aw/rptr_q_reg[5]/C
                            (rising edge-triggered cell FDCE clocked by mmcm_clkout0)
  Endpoint Destination:   i_dram_wrapper/gen_cdc.i_axi_cdc_mig/i_axi_cdc_src/i_cdc_fifo_gray_src_aw/gen_sync[5].i_sync/reg_q_reg[0]/D
                            (rising edge-triggered cell FDCE clocked by clk_50_clkwiz)
  Reference Source:       i_dram_wrapper/gen_cdc.i_axi_cdc_mig/i_axi_cdc_dst/i_cdc_fifo_gray_dst_aw/rptr_q_reg[3]/C
                            (rising edge-triggered cell FDCE clocked by mmcm_clkout0)
  Reference Destination:  i_dram_wrapper/gen_cdc.i_axi_cdc_mig/i_axi_cdc_src/i_cdc_fifo_gray_src_aw/gen_sync[3].i_sync/reg_q_reg[0]/D
                            (rising edge-triggered cell FDCE clocked by clk_50_clkwiz)
  Path Type:              Bus Skew (Max at Slow Process Corner)
  Requirement:            3.000ns
  Endpoint Relative Delay:   -0.591ns
  Reference Relative Delay:  -1.141ns
  Relative CRPR:              0.000ns
  Uncertainty:                0.290ns
  Actual Bus Skew:            0.840ns  (Endpoint Relative Delay - Reference Relative Delay - Relative CRPR + Uncertainty)

Endpoint path:
    Location             Delay type                Incr(ns)  Path(ns)    Netlist Resource(s)
  -------------------------------------------------------------------    -------------------
                         (clock mmcm_clkout0 rise edge)
                                                      0.000     0.000 r  
    E12                                               0.000     0.000 r  sys_clk_p (IN)
                         net (fo=0)                   0.000     0.000    i_bufds_sys_clk/I
    HPIOBDIFFINBUF_X1Y300
                         DIFFINBUF (Prop_DIFFINBUF_HPIOBDIFFINBUF_DIFF_IN_P_O)
                                                      0.675     0.675 r  i_bufds_sys_clk/DIFFINBUF_INST/O
                         net (fo=1, routed)           0.050     0.725    i_bufds_sys_clk/OUT
    E12                  IBUFCTRL (Prop_IBUFCTRL_HPIOB_M_I_O)
                                                      0.000     0.725 r  i_bufds_sys_clk/IBUFCTRL_INST/O
                         net (fo=1, routed)           0.335     1.060    sys_clk
    BUFGCE_X1Y289        BUFGCE (Prop_BUFCE_BUFGCE_I_O)
                                                      0.028     1.088 r  sys_clk_BUFGCE_inst/O
                         net (fo=19, routed)          0.901     1.989    i_dram_wrapper/i_dram/inst/u_ddr4_infrastructure/mmcm_clk_in
    MMCM_X1Y13           MMCME4_ADV (Prop_MMCM_CLKIN1_CLKOUT0)
                                                     -0.127     1.862 r  i_dram_wrapper/i_dram/inst/u_ddr4_infrastructure/gen_mmcme4.u_mmcme_adv_inst/CLKOUT0
                         net (fo=1, routed)           0.244     2.106    i_dram_wrapper/i_dram/inst/u_ddr4_infrastructure/mmcm_clkout0
    BUFGCE_X1Y332        BUFGCE (Prop_BUFCE_BUFGCE_I_O)
                                                      0.028     2.134 r  i_dram_wrapper/i_dram/inst/u_ddr4_infrastructure/u_bufg_divClk/O
    X4Y12 (CLOCK_ROOT)   net (fo=36893, routed)       2.254     4.388    i_dram_wrapper/gen_cdc.i_axi_cdc_mig/i_axi_cdc_dst/i_cdc_fifo_gray_dst_aw/dst_clk_i
    SLICE_X111Y698       FDCE                                         r  i_dram_wrapper/gen_cdc.i_axi_cdc_mig/i_axi_cdc_dst/i_cdc_fifo_gray_dst_aw/rptr_q_reg[5]/C
  -------------------------------------------------------------------    -------------------
    SLICE_X111Y698       FDCE (Prop_EFF_SLICEL_C_Q)
                                                      0.079     4.467 r  i_dram_wrapper/gen_cdc.i_axi_cdc_mig/i_axi_cdc_dst/i_cdc_fifo_gray_dst_aw/rptr_q_reg[5]/Q
                         net (fo=8, routed)           1.184     5.651    i_dram_wrapper/gen_cdc.i_axi_cdc_mig/i_axi_cdc_src/i_cdc_fifo_gray_src_aw/gen_sync[5].i_sync/serial_i
    SLICE_X110Y698       FDCE                                         r  i_dram_wrapper/gen_cdc.i_axi_cdc_mig/i_axi_cdc_src/i_cdc_fifo_gray_src_aw/gen_sync[5].i_sync/reg_q_reg[0]/D
  -------------------------------------------------------------------    -------------------

                         (clock clk_50_clkwiz rise edge)
                                                      0.000     0.000 r  
    E12                                               0.000     0.000 r  sys_clk_p (IN)
                         net (fo=0)                   0.000     0.000    i_bufds_sys_clk/I
    HPIOBDIFFINBUF_X1Y300
                         DIFFINBUF (Prop_DIFFINBUF_HPIOBDIFFINBUF_DIFF_IN_P_O)
                                                      0.564     0.564 r  i_bufds_sys_clk/DIFFINBUF_INST/O
                         net (fo=1, routed)           0.040     0.604    i_bufds_sys_clk/OUT
    E12                  IBUFCTRL (Prop_IBUFCTRL_HPIOB_M_I_O)
                                                      0.000     0.604 r  i_bufds_sys_clk/IBUFCTRL_INST/O
                         net (fo=1, routed)           0.297     0.901    sys_clk
    BUFGCE_X1Y289        BUFGCE (Prop_BUFCE_BUFGCE_I_O)
                                                      0.024     0.925 r  sys_clk_BUFGCE_inst/O
                         net (fo=19, routed)          0.876     1.801    i_clkwiz/inst/clk_in1
    MMCM_X1Y11           MMCME4_ADV (Prop_MMCM_CLKIN1_CLKOUT0)
                                                      0.630     2.431 r  i_clkwiz/inst/mmcme4_adv_inst/CLKOUT0
                         net (fo=1, routed)           0.214     2.645    i_clkwiz/inst/clk_50_clkwiz
    BUFGCE_X1Y266        BUFGCE (Prop_BUFCE_BUFGCE_I_O)
                                                      0.024     2.669 r  i_clkwiz/inst/clkout1_buf/O
    X2Y7 (CLOCK_ROOT)    net (fo=199658, routed)      3.369     6.038    i_dram_wrapper/gen_cdc.i_axi_cdc_mig/i_axi_cdc_src/i_cdc_fifo_gray_src_aw/gen_sync[5].i_sync/clk_i
    SLICE_X110Y698       FDCE                                         r  i_dram_wrapper/gen_cdc.i_axi_cdc_mig/i_axi_cdc_src/i_cdc_fifo_gray_src_aw/gen_sync[5].i_sync/reg_q_reg[0]/C
                         clock pessimism              0.178     6.217    
    SLICE_X110Y698       FDCE (Setup_DFF2_SLICEM_C_D)
                                                      0.025     6.242    i_dram_wrapper/gen_cdc.i_axi_cdc_mig/i_axi_cdc_src/i_cdc_fifo_gray_src_aw/gen_sync[5].i_sync/reg_q_reg[0]
  -------------------------------------------------------------------
                         data arrival                           5.651    
                         clock arrival                          6.242    
  -------------------------------------------------------------------
                         relative delay                        -0.591    

Reference path:
    Location             Delay type                Incr(ns)  Path(ns)    Netlist Resource(s)
  -------------------------------------------------------------------    -------------------
                         (clock mmcm_clkout0 rise edge)
                                                      0.000     0.000 r  
    E12                                               0.000     0.000 r  sys_clk_p (IN)
                         net (fo=0)                   0.000     0.000    i_bufds_sys_clk/I
    HPIOBDIFFINBUF_X1Y300
                         DIFFINBUF (Prop_DIFFINBUF_HPIOBDIFFINBUF_DIFF_IN_P_O)
                                                      0.564     0.564 r  i_bufds_sys_clk/DIFFINBUF_INST/O
                         net (fo=1, routed)           0.040     0.604    i_bufds_sys_clk/OUT
    E12                  IBUFCTRL (Prop_IBUFCTRL_HPIOB_M_I_O)
                                                      0.000     0.604 r  i_bufds_sys_clk/IBUFCTRL_INST/O
                         net (fo=1, routed)           0.297     0.901    sys_clk
    BUFGCE_X1Y289        BUFGCE (Prop_BUFCE_BUFGCE_I_O)
                                                      0.024     0.925 r  sys_clk_BUFGCE_inst/O
                         net (fo=19, routed)          0.795     1.720    i_dram_wrapper/i_dram/inst/u_ddr4_infrastructure/mmcm_clk_in
    MMCM_X1Y13           MMCME4_ADV (Prop_MMCM_CLKIN1_CLKOUT0)
                                                      0.630     2.350 r  i_dram_wrapper/i_dram/inst/u_ddr4_infrastructure/gen_mmcme4.u_mmcme_adv_inst/CLKOUT0
                         net (fo=1, routed)           0.214     2.564    i_dram_wrapper/i_dram/inst/u_ddr4_infrastructure/mmcm_clkout0
    BUFGCE_X1Y332        BUFGCE (Prop_BUFCE_BUFGCE_I_O)
                                                      0.024     2.588 r  i_dram_wrapper/i_dram/inst/u_ddr4_infrastructure/u_bufg_divClk/O
    X4Y12 (CLOCK_ROOT)   net (fo=36893, routed)       2.004     4.592    i_dram_wrapper/gen_cdc.i_axi_cdc_mig/i_axi_cdc_dst/i_cdc_fifo_gray_dst_aw/dst_clk_i
    SLICE_X111Y697       FDCE                                         r  i_dram_wrapper/gen_cdc.i_axi_cdc_mig/i_axi_cdc_dst/i_cdc_fifo_gray_dst_aw/rptr_q_reg[3]/C
  -------------------------------------------------------------------    -------------------
    SLICE_X111Y697       FDCE (Prop_GFF2_SLICEL_C_Q)
                                                      0.060     4.652 r  i_dram_wrapper/gen_cdc.i_axi_cdc_mig/i_axi_cdc_dst/i_cdc_fifo_gray_dst_aw/rptr_q_reg[3]/Q
                         net (fo=5, routed)           0.071     4.723    i_dram_wrapper/gen_cdc.i_axi_cdc_mig/i_axi_cdc_src/i_cdc_fifo_gray_src_aw/gen_sync[3].i_sync/serial_i
    SLICE_X111Y696       FDCE                                         r  i_dram_wrapper/gen_cdc.i_axi_cdc_mig/i_axi_cdc_src/i_cdc_fifo_gray_src_aw/gen_sync[3].i_sync/reg_q_reg[0]/D
  -------------------------------------------------------------------    -------------------

                         (clock clk_50_clkwiz rise edge)
                                                      0.000     0.000 r  
    E12                                               0.000     0.000 r  sys_clk_p (IN)
                         net (fo=0)                   0.000     0.000    i_bufds_sys_clk/I
    HPIOBDIFFINBUF_X1Y300
                         DIFFINBUF (Prop_DIFFINBUF_HPIOBDIFFINBUF_DIFF_IN_P_O)
                                                      0.675     0.675 r  i_bufds_sys_clk/DIFFINBUF_INST/O
                         net (fo=1, routed)           0.050     0.725    i_bufds_sys_clk/OUT
    E12                  IBUFCTRL (Prop_IBUFCTRL_HPIOB_M_I_O)
                                                      0.000     0.725 r  i_bufds_sys_clk/IBUFCTRL_INST/O
                         net (fo=1, routed)           0.335     1.060    sys_clk
    BUFGCE_X1Y289        BUFGCE (Prop_BUFCE_BUFGCE_I_O)
                                                      0.028     1.088 r  sys_clk_BUFGCE_inst/O
                         net (fo=19, routed)          0.991     2.079    i_clkwiz/inst/clk_in1
    MMCM_X1Y11           MMCME4_ADV (Prop_MMCM_CLKIN1_CLKOUT0)
                                                     -0.127     1.952 r  i_clkwiz/inst/mmcme4_adv_inst/CLKOUT0
                         net (fo=1, routed)           0.244     2.196    i_clkwiz/inst/clk_50_clkwiz
    BUFGCE_X1Y266        BUFGCE (Prop_BUFCE_BUFGCE_I_O)
                                                      0.028     2.224 r  i_clkwiz/inst/clkout1_buf/O
    X2Y7 (CLOCK_ROOT)    net (fo=199658, routed)      3.757     5.981    i_dram_wrapper/gen_cdc.i_axi_cdc_mig/i_axi_cdc_src/i_cdc_fifo_gray_src_aw/gen_sync[3].i_sync/clk_i
    SLICE_X111Y696       FDCE                                         r  i_dram_wrapper/gen_cdc.i_axi_cdc_mig/i_axi_cdc_src/i_cdc_fifo_gray_src_aw/gen_sync[3].i_sync/reg_q_reg[0]/C
                         clock pessimism             -0.178     5.802    
    SLICE_X111Y696       FDCE (Hold_DFF2_SLICEL_C_D)
                                                      0.062     5.864    i_dram_wrapper/gen_cdc.i_axi_cdc_mig/i_axi_cdc_src/i_cdc_fifo_gray_src_aw/gen_sync[3].i_sync/reg_q_reg[0]
  -------------------------------------------------------------------
                         data arrival                           4.723    
                         clock arrival                          5.864    
  -------------------------------------------------------------------
                         relative delay                        -1.141    



Id: 3
set_bus_skew -from [get_clocks -quiet -of_objects [get_pins -quiet i_dram_wrapper/gen_cdc.i_axi_cdc_mig/i_axi_cdc_src/i_cdc_fifo_gray_src_w/src_clk_i]] -to [get_pins -quiet -of_objects [filter -regexp [get_cells -quiet -hierarchical -filter {NAME =~ i_dram_wrapper/gen_cdc.i_axi_cdc_mig/i_axi_cdc_dst/i_cdc_fifo_gray_dst_w/gen_sync* && REF_NAME =~ FD*}] {NAME =~ .*/reg_q_reg\[0\]$}] -filter {REF_PIN_NAME == D}] 3.000
Requirement: 3.000ns
Endpoints: 6

From Clock            To Clock              Endpoint Pin                    Reference Pin                   Corner  Actual(ns)  Slack(ns)
--------------------  --------------------  ------------------------------  ------------------------------  ------  ----------  ---------
clk_50_clkwiz         mmcm_clkout0          i_dram_wrapper/gen_cdc.i_axi_cdc_mig/i_axi_cdc_dst/i_cdc_fifo_gray_dst_w/gen_sync[5].i_sync/reg_q_reg[0]/D
                                                                            i_dram_wrapper/gen_cdc.i_axi_cdc_mig/i_axi_cdc_dst/i_cdc_fifo_gray_dst_w/gen_sync[1].i_sync/reg_q_reg[0]/D
                                                                                                            Slow         0.106      2.894


Slack (MET) :             2.894ns  (requirement - actual skew)
  Endpoint Source:        i_dram_wrapper/gen_cdc.i_axi_cdc_mig/i_axi_cdc_src/i_cdc_fifo_gray_src_w/wptr_q_reg[5]/C
                            (rising edge-triggered cell FDCE clocked by clk_50_clkwiz)
  Endpoint Destination:   i_dram_wrapper/gen_cdc.i_axi_cdc_mig/i_axi_cdc_dst/i_cdc_fifo_gray_dst_w/gen_sync[5].i_sync/reg_q_reg[0]/D
                            (rising edge-triggered cell FDCE clocked by mmcm_clkout0)
  Reference Source:       i_dram_wrapper/gen_cdc.i_axi_cdc_mig/i_axi_cdc_src/i_cdc_fifo_gray_src_w/wptr_q_reg[1]/C
                            (rising edge-triggered cell FDCE clocked by clk_50_clkwiz)
  Reference Destination:  i_dram_wrapper/gen_cdc.i_axi_cdc_mig/i_axi_cdc_dst/i_cdc_fifo_gray_dst_w/gen_sync[1].i_sync/reg_q_reg[0]/D
                            (rising edge-triggered cell FDCE clocked by mmcm_clkout0)
  Path Type:              Bus Skew (Max at Slow Process Corner)
  Requirement:            3.000ns
  Endpoint Relative Delay:    2.261ns
  Reference Relative Delay:   2.445ns
  Relative CRPR:              0.000ns
  Uncertainty:                0.290ns
  Actual Bus Skew:            0.106ns  (Endpoint Relative Delay - Reference Relative Delay - Relative CRPR + Uncertainty)

Endpoint path:
    Location             Delay type                Incr(ns)  Path(ns)    Netlist Resource(s)
  -------------------------------------------------------------------    -------------------
                         (clock clk_50_clkwiz rise edge)
                                                      0.000     0.000 r  
    E12                                               0.000     0.000 r  sys_clk_p (IN)
                         net (fo=0)                   0.000     0.000    i_bufds_sys_clk/I
    HPIOBDIFFINBUF_X1Y300
                         DIFFINBUF (Prop_DIFFINBUF_HPIOBDIFFINBUF_DIFF_IN_P_O)
                                                      0.675     0.675 r  i_bufds_sys_clk/DIFFINBUF_INST/O
                         net (fo=1, routed)           0.050     0.725    i_bufds_sys_clk/OUT
    E12                  IBUFCTRL (Prop_IBUFCTRL_HPIOB_M_I_O)
                                                      0.000     0.725 r  i_bufds_sys_clk/IBUFCTRL_INST/O
                         net (fo=1, routed)           0.335     1.060    sys_clk
    BUFGCE_X1Y289        BUFGCE (Prop_BUFCE_BUFGCE_I_O)
                                                      0.028     1.088 r  sys_clk_BUFGCE_inst/O
                         net (fo=19, routed)          0.991     2.079    i_clkwiz/inst/clk_in1
    MMCM_X1Y11           MMCME4_ADV (Prop_MMCM_CLKIN1_CLKOUT0)
                                                     -0.127     1.952 r  i_clkwiz/inst/mmcme4_adv_inst/CLKOUT0
                         net (fo=1, routed)           0.244     2.196    i_clkwiz/inst/clk_50_clkwiz
    BUFGCE_X1Y266        BUFGCE (Prop_BUFCE_BUFGCE_I_O)
                                                      0.028     2.224 r  i_clkwiz/inst/clkout1_buf/O
    X2Y7 (CLOCK_ROOT)    net (fo=199658, routed)      3.971     6.195    i_dram_wrapper/gen_cdc.i_axi_cdc_mig/i_axi_cdc_src/i_cdc_fifo_gray_src_w/src_clk_i
    SLICE_X107Y827       FDCE                                         r  i_dram_wrapper/gen_cdc.i_axi_cdc_mig/i_axi_cdc_src/i_cdc_fifo_gray_src_w/wptr_q_reg[5]/C
  -------------------------------------------------------------------    -------------------
    SLICE_X107Y827       FDCE (Prop_EFF_SLICEM_C_Q)
                                                      0.076     6.271 r  i_dram_wrapper/gen_cdc.i_axi_cdc_mig/i_axi_cdc_src/i_cdc_fifo_gray_src_w/wptr_q_reg[5]/Q
                         net (fo=10, routed)          0.883     7.154    i_dram_wrapper/gen_cdc.i_axi_cdc_mig/i_axi_cdc_dst/i_cdc_fifo_gray_dst_w/gen_sync[5].i_sync/serial_i
    SLICE_X94Y799        FDCE                                         r  i_dram_wrapper/gen_cdc.i_axi_cdc_mig/i_axi_cdc_dst/i_cdc_fifo_gray_dst_w/gen_sync[5].i_sync/reg_q_reg[0]/D
  -------------------------------------------------------------------    -------------------

                         (clock mmcm_clkout0 rise edge)
                                                      0.000     0.000 r  
    E12                                               0.000     0.000 r  sys_clk_p (IN)
                         net (fo=0)                   0.000     0.000    i_bufds_sys_clk/I
    HPIOBDIFFINBUF_X1Y300
                         DIFFINBUF (Prop_DIFFINBUF_HPIOBDIFFINBUF_DIFF_IN_P_O)
                                                      0.564     0.564 r  i_bufds_sys_clk/DIFFINBUF_INST/O
                         net (fo=1, routed)           0.040     0.604    i_bufds_sys_clk/OUT
    E12                  IBUFCTRL (Prop_IBUFCTRL_HPIOB_M_I_O)
                                                      0.000     0.604 r  i_bufds_sys_clk/IBUFCTRL_INST/O
                         net (fo=1, routed)           0.297     0.901    sys_clk
    BUFGCE_X1Y289        BUFGCE (Prop_BUFCE_BUFGCE_I_O)
                                                      0.024     0.925 r  sys_clk_BUFGCE_inst/O
                         net (fo=19, routed)          0.795     1.720    i_dram_wrapper/i_dram/inst/u_ddr4_infrastructure/mmcm_clk_in
    MMCM_X1Y13           MMCME4_ADV (Prop_MMCM_CLKIN1_CLKOUT0)
                                                      0.630     2.350 r  i_dram_wrapper/i_dram/inst/u_ddr4_infrastructure/gen_mmcme4.u_mmcme_adv_inst/CLKOUT0
                         net (fo=1, routed)           0.214     2.564    i_dram_wrapper/i_dram/inst/u_ddr4_infrastructure/mmcm_clkout0
    BUFGCE_X1Y332        BUFGCE (Prop_BUFCE_BUFGCE_I_O)
                                                      0.024     2.588 r  i_dram_wrapper/i_dram/inst/u_ddr4_infrastructure/u_bufg_divClk/O
    X4Y12 (CLOCK_ROOT)   net (fo=36893, routed)       2.101     4.689    i_dram_wrapper/gen_cdc.i_axi_cdc_mig/i_axi_cdc_dst/i_cdc_fifo_gray_dst_w/gen_sync[5].i_sync/clk_i
    SLICE_X94Y799        FDCE                                         r  i_dram_wrapper/gen_cdc.i_axi_cdc_mig/i_axi_cdc_dst/i_cdc_fifo_gray_dst_w/gen_sync[5].i_sync/reg_q_reg[0]/C
                         clock pessimism              0.178     4.868    
    SLICE_X94Y799        FDCE (Setup_DFF2_SLICEL_C_D)
                                                      0.025     4.893    i_dram_wrapper/gen_cdc.i_axi_cdc_mig/i_axi_cdc_dst/i_cdc_fifo_gray_dst_w/gen_sync[5].i_sync/reg_q_reg[0]
  -------------------------------------------------------------------
                         data arrival                           7.154    
                         clock arrival                          4.893    
  -------------------------------------------------------------------
                         relative delay                         2.261    

Reference path:
    Location             Delay type                Incr(ns)  Path(ns)    Netlist Resource(s)
  -------------------------------------------------------------------    -------------------
                         (clock clk_50_clkwiz rise edge)
                                                      0.000     0.000 r  
    E12                                               0.000     0.000 r  sys_clk_p (IN)
                         net (fo=0)                   0.000     0.000    i_bufds_sys_clk/I
    HPIOBDIFFINBUF_X1Y300
                         DIFFINBUF (Prop_DIFFINBUF_HPIOBDIFFINBUF_DIFF_IN_P_O)
                                                      0.564     0.564 r  i_bufds_sys_clk/DIFFINBUF_INST/O
                         net (fo=1, routed)           0.040     0.604    i_bufds_sys_clk/OUT
    E12                  IBUFCTRL (Prop_IBUFCTRL_HPIOB_M_I_O)
                                                      0.000     0.604 r  i_bufds_sys_clk/IBUFCTRL_INST/O
                         net (fo=1, routed)           0.297     0.901    sys_clk
    BUFGCE_X1Y289        BUFGCE (Prop_BUFCE_BUFGCE_I_O)
                                                      0.024     0.925 r  sys_clk_BUFGCE_inst/O
                         net (fo=19, routed)          0.876     1.801    i_clkwiz/inst/clk_in1
    MMCM_X1Y11           MMCME4_ADV (Prop_MMCM_CLKIN1_CLKOUT0)
                                                      0.630     2.431 r  i_clkwiz/inst/mmcme4_adv_inst/CLKOUT0
                         net (fo=1, routed)           0.214     2.645    i_clkwiz/inst/clk_50_clkwiz
    BUFGCE_X1Y266        BUFGCE (Prop_BUFCE_BUFGCE_I_O)
                                                      0.024     2.669 r  i_clkwiz/inst/clkout1_buf/O
    X2Y7 (CLOCK_ROOT)    net (fo=199658, routed)      3.572     6.241    i_dram_wrapper/gen_cdc.i_axi_cdc_mig/i_axi_cdc_src/i_cdc_fifo_gray_src_w/src_clk_i
    SLICE_X107Y827       FDCE                                         r  i_dram_wrapper/gen_cdc.i_axi_cdc_mig/i_axi_cdc_src/i_cdc_fifo_gray_src_w/wptr_q_reg[1]/C
  -------------------------------------------------------------------    -------------------
    SLICE_X107Y827       FDCE (Prop_DFF_SLICEM_C_Q)
                                                      0.058     6.299 r  i_dram_wrapper/gen_cdc.i_axi_cdc_mig/i_axi_cdc_src/i_cdc_fifo_gray_src_w/wptr_q_reg[1]/Q
                         net (fo=3, routed)           0.493     6.792    i_dram_wrapper/gen_cdc.i_axi_cdc_mig/i_axi_cdc_dst/i_cdc_fifo_gray_dst_w/gen_sync[1].i_sync/serial_i
    SLICE_X95Y807        FDCE                                         r  i_dram_wrapper/gen_cdc.i_axi_cdc_mig/i_axi_cdc_dst/i_cdc_fifo_gray_dst_w/gen_sync[1].i_sync/reg_q_reg[0]/D
  -------------------------------------------------------------------    -------------------

                         (clock mmcm_clkout0 rise edge)
                                                      0.000     0.000 r  
    E12                                               0.000     0.000 r  sys_clk_p (IN)
                         net (fo=0)                   0.000     0.000    i_bufds_sys_clk/I
    HPIOBDIFFINBUF_X1Y300
                         DIFFINBUF (Prop_DIFFINBUF_HPIOBDIFFINBUF_DIFF_IN_P_O)
                                                      0.675     0.675 r  i_bufds_sys_clk/DIFFINBUF_INST/O
                         net (fo=1, routed)           0.050     0.725    i_bufds_sys_clk/OUT
    E12                  IBUFCTRL (Prop_IBUFCTRL_HPIOB_M_I_O)
                                                      0.000     0.725 r  i_bufds_sys_clk/IBUFCTRL_INST/O
                         net (fo=1, routed)           0.335     1.060    sys_clk
    BUFGCE_X1Y289        BUFGCE (Prop_BUFCE_BUFGCE_I_O)
                                                      0.028     1.088 r  sys_clk_BUFGCE_inst/O
                         net (fo=19, routed)          0.901     1.989    i_dram_wrapper/i_dram/inst/u_ddr4_infrastructure/mmcm_clk_in
    MMCM_X1Y13           MMCME4_ADV (Prop_MMCM_CLKIN1_CLKOUT0)
                                                     -0.127     1.862 r  i_dram_wrapper/i_dram/inst/u_ddr4_infrastructure/gen_mmcme4.u_mmcme_adv_inst/CLKOUT0
                         net (fo=1, routed)           0.244     2.106    i_dram_wrapper/i_dram/inst/u_ddr4_infrastructure/mmcm_clkout0
    BUFGCE_X1Y332        BUFGCE (Prop_BUFCE_BUFGCE_I_O)
                                                      0.028     2.134 r  i_dram_wrapper/i_dram/inst/u_ddr4_infrastructure/u_bufg_divClk/O
    X4Y12 (CLOCK_ROOT)   net (fo=36893, routed)       2.330     4.464    i_dram_wrapper/gen_cdc.i_axi_cdc_mig/i_axi_cdc_dst/i_cdc_fifo_gray_dst_w/gen_sync[1].i_sync/clk_i
    SLICE_X95Y807        FDCE                                         r  i_dram_wrapper/gen_cdc.i_axi_cdc_mig/i_axi_cdc_dst/i_cdc_fifo_gray_dst_w/gen_sync[1].i_sync/reg_q_reg[0]/C
                         clock pessimism             -0.178     4.285    
    SLICE_X95Y807        FDCE (Hold_HFF2_SLICEM_C_D)
                                                      0.062     4.347    i_dram_wrapper/gen_cdc.i_axi_cdc_mig/i_axi_cdc_dst/i_cdc_fifo_gray_dst_w/gen_sync[1].i_sync/reg_q_reg[0]
  -------------------------------------------------------------------
                         data arrival                           6.792    
                         clock arrival                          4.347    
  -------------------------------------------------------------------
                         relative delay                         2.445    



Id: 4
set_bus_skew -from [get_clocks -quiet -of_objects [get_pins -quiet i_dram_wrapper/gen_cdc.i_axi_cdc_mig/i_axi_cdc_dst/i_cdc_fifo_gray_dst_w/dst_clk_i]] -to [get_pins -quiet -of_objects [filter -regexp [get_cells -quiet -hierarchical -filter {NAME =~ i_dram_wrapper/gen_cdc.i_axi_cdc_mig/i_axi_cdc_src/i_cdc_fifo_gray_src_w/gen_sync* && REF_NAME =~ FD*}] {NAME =~ .*/reg_q_reg\[0\]$}] -filter {REF_PIN_NAME == D}] 3.000
Requirement: 3.000ns
Endpoints: 6

From Clock            To Clock              Endpoint Pin                    Reference Pin                   Corner  Actual(ns)  Slack(ns)
--------------------  --------------------  ------------------------------  ------------------------------  ------  ----------  ---------
mmcm_clkout0          clk_50_clkwiz         i_dram_wrapper/gen_cdc.i_axi_cdc_mig/i_axi_cdc_src/i_cdc_fifo_gray_src_w/gen_sync[5].i_sync/reg_q_reg[0]/D
                                                                            i_dram_wrapper/gen_cdc.i_axi_cdc_mig/i_axi_cdc_src/i_cdc_fifo_gray_src_w/gen_sync[1].i_sync/reg_q_reg[0]/D
                                                                                                            Slow         0.141      2.859


Slack (MET) :             2.859ns  (requirement - actual skew)
  Endpoint Source:        i_dram_wrapper/gen_cdc.i_axi_cdc_mig/i_axi_cdc_dst/i_cdc_fifo_gray_dst_w/rptr_q_reg[5]/C
                            (rising edge-triggered cell FDCE clocked by mmcm_clkout0)
  Endpoint Destination:   i_dram_wrapper/gen_cdc.i_axi_cdc_mig/i_axi_cdc_src/i_cdc_fifo_gray_src_w/gen_sync[5].i_sync/reg_q_reg[0]/D
                            (rising edge-triggered cell FDCE clocked by clk_50_clkwiz)
  Reference Source:       i_dram_wrapper/gen_cdc.i_axi_cdc_mig/i_axi_cdc_dst/i_cdc_fifo_gray_dst_w/rptr_q_reg[1]/C
                            (rising edge-triggered cell FDCE clocked by mmcm_clkout0)
  Reference Destination:  i_dram_wrapper/gen_cdc.i_axi_cdc_mig/i_axi_cdc_src/i_cdc_fifo_gray_src_w/gen_sync[1].i_sync/reg_q_reg[0]/D
                            (rising edge-triggered cell FDCE clocked by clk_50_clkwiz)
  Path Type:              Bus Skew (Max at Slow Process Corner)
  Requirement:            3.000ns
  Endpoint Relative Delay:   -1.028ns
  Reference Relative Delay:  -0.879ns
  Relative CRPR:              0.000ns
  Uncertainty:                0.290ns
  Actual Bus Skew:            0.141ns  (Endpoint Relative Delay - Reference Relative Delay - Relative CRPR + Uncertainty)

Endpoint path:
    Location             Delay type                Incr(ns)  Path(ns)    Netlist Resource(s)
  -------------------------------------------------------------------    -------------------
                         (clock mmcm_clkout0 rise edge)
                                                      0.000     0.000 r  
    E12                                               0.000     0.000 r  sys_clk_p (IN)
                         net (fo=0)                   0.000     0.000    i_bufds_sys_clk/I
    HPIOBDIFFINBUF_X1Y300
                         DIFFINBUF (Prop_DIFFINBUF_HPIOBDIFFINBUF_DIFF_IN_P_O)
                                                      0.675     0.675 r  i_bufds_sys_clk/DIFFINBUF_INST/O
                         net (fo=1, routed)           0.050     0.725    i_bufds_sys_clk/OUT
    E12                  IBUFCTRL (Prop_IBUFCTRL_HPIOB_M_I_O)
                                                      0.000     0.725 r  i_bufds_sys_clk/IBUFCTRL_INST/O
                         net (fo=1, routed)           0.335     1.060    sys_clk
    BUFGCE_X1Y289        BUFGCE (Prop_BUFCE_BUFGCE_I_O)
                                                      0.028     1.088 r  sys_clk_BUFGCE_inst/O
                         net (fo=19, routed)          0.901     1.989    i_dram_wrapper/i_dram/inst/u_ddr4_infrastructure/mmcm_clk_in
    MMCM_X1Y13           MMCME4_ADV (Prop_MMCM_CLKIN1_CLKOUT0)
                                                     -0.127     1.862 r  i_dram_wrapper/i_dram/inst/u_ddr4_infrastructure/gen_mmcme4.u_mmcme_adv_inst/CLKOUT0
                         net (fo=1, routed)           0.244     2.106    i_dram_wrapper/i_dram/inst/u_ddr4_infrastructure/mmcm_clkout0
    BUFGCE_X1Y332        BUFGCE (Prop_BUFCE_BUFGCE_I_O)
                                                      0.028     2.134 r  i_dram_wrapper/i_dram/inst/u_ddr4_infrastructure/u_bufg_divClk/O
    X4Y12 (CLOCK_ROOT)   net (fo=36893, routed)       2.367     4.501    i_dram_wrapper/gen_cdc.i_axi_cdc_mig/i_axi_cdc_dst/i_cdc_fifo_gray_dst_w/dst_clk_i
    SLICE_X93Y795        FDCE                                         r  i_dram_wrapper/gen_cdc.i_axi_cdc_mig/i_axi_cdc_dst/i_cdc_fifo_gray_dst_w/rptr_q_reg[5]/C
  -------------------------------------------------------------------    -------------------
    SLICE_X93Y795        FDCE (Prop_EFF_SLICEM_C_Q)
                                                      0.076     4.577 r  i_dram_wrapper/gen_cdc.i_axi_cdc_mig/i_axi_cdc_dst/i_cdc_fifo_gray_dst_w/rptr_q_reg[5]/Q
                         net (fo=8, routed)           0.834     5.411    i_dram_wrapper/gen_cdc.i_axi_cdc_mig/i_axi_cdc_src/i_cdc_fifo_gray_src_w/gen_sync[5].i_sync/serial_i
    SLICE_X108Y821       FDCE                                         r  i_dram_wrapper/gen_cdc.i_axi_cdc_mig/i_axi_cdc_src/i_cdc_fifo_gray_src_w/gen_sync[5].i_sync/reg_q_reg[0]/D
  -------------------------------------------------------------------    -------------------

                         (clock clk_50_clkwiz rise edge)
                                                      0.000     0.000 r  
    E12                                               0.000     0.000 r  sys_clk_p (IN)
                         net (fo=0)                   0.000     0.000    i_bufds_sys_clk/I
    HPIOBDIFFINBUF_X1Y300
                         DIFFINBUF (Prop_DIFFINBUF_HPIOBDIFFINBUF_DIFF_IN_P_O)
                                                      0.564     0.564 r  i_bufds_sys_clk/DIFFINBUF_INST/O
                         net (fo=1, routed)           0.040     0.604    i_bufds_sys_clk/OUT
    E12                  IBUFCTRL (Prop_IBUFCTRL_HPIOB_M_I_O)
                                                      0.000     0.604 r  i_bufds_sys_clk/IBUFCTRL_INST/O
                         net (fo=1, routed)           0.297     0.901    sys_clk
    BUFGCE_X1Y289        BUFGCE (Prop_BUFCE_BUFGCE_I_O)
                                                      0.024     0.925 r  sys_clk_BUFGCE_inst/O
                         net (fo=19, routed)          0.876     1.801    i_clkwiz/inst/clk_in1
    MMCM_X1Y11           MMCME4_ADV (Prop_MMCM_CLKIN1_CLKOUT0)
                                                      0.630     2.431 r  i_clkwiz/inst/mmcme4_adv_inst/CLKOUT0
                         net (fo=1, routed)           0.214     2.645    i_clkwiz/inst/clk_50_clkwiz
    BUFGCE_X1Y266        BUFGCE (Prop_BUFCE_BUFGCE_I_O)
                                                      0.024     2.669 r  i_clkwiz/inst/clkout1_buf/O
    X2Y7 (CLOCK_ROOT)    net (fo=199658, routed)      3.566     6.235    i_dram_wrapper/gen_cdc.i_axi_cdc_mig/i_axi_cdc_src/i_cdc_fifo_gray_src_w/gen_sync[5].i_sync/clk_i
    SLICE_X108Y821       FDCE                                         r  i_dram_wrapper/gen_cdc.i_axi_cdc_mig/i_axi_cdc_src/i_cdc_fifo_gray_src_w/gen_sync[5].i_sync/reg_q_reg[0]/C
                         clock pessimism              0.178     6.414    
    SLICE_X108Y821       FDCE (Setup_DFF2_SLICEM_C_D)
                                                      0.025     6.439    i_dram_wrapper/gen_cdc.i_axi_cdc_mig/i_axi_cdc_src/i_cdc_fifo_gray_src_w/gen_sync[5].i_sync/reg_q_reg[0]
  -------------------------------------------------------------------
                         data arrival                           5.411    
                         clock arrival                          6.439    
  -------------------------------------------------------------------
                         relative delay                        -1.028    

Reference path:
    Location             Delay type                Incr(ns)  Path(ns)    Netlist Resource(s)
  -------------------------------------------------------------------    -------------------
                         (clock mmcm_clkout0 rise edge)
                                                      0.000     0.000 r  
    E12                                               0.000     0.000 r  sys_clk_p (IN)
                         net (fo=0)                   0.000     0.000    i_bufds_sys_clk/I
    HPIOBDIFFINBUF_X1Y300
                         DIFFINBUF (Prop_DIFFINBUF_HPIOBDIFFINBUF_DIFF_IN_P_O)
                                                      0.564     0.564 r  i_bufds_sys_clk/DIFFINBUF_INST/O
                         net (fo=1, routed)           0.040     0.604    i_bufds_sys_clk/OUT
    E12                  IBUFCTRL (Prop_IBUFCTRL_HPIOB_M_I_O)
                                                      0.000     0.604 r  i_bufds_sys_clk/IBUFCTRL_INST/O
                         net (fo=1, routed)           0.297     0.901    sys_clk
    BUFGCE_X1Y289        BUFGCE (Prop_BUFCE_BUFGCE_I_O)
                                                      0.024     0.925 r  sys_clk_BUFGCE_inst/O
                         net (fo=19, routed)          0.795     1.720    i_dram_wrapper/i_dram/inst/u_ddr4_infrastructure/mmcm_clk_in
    MMCM_X1Y13           MMCME4_ADV (Prop_MMCM_CLKIN1_CLKOUT0)
                                                      0.630     2.350 r  i_dram_wrapper/i_dram/inst/u_ddr4_infrastructure/gen_mmcme4.u_mmcme_adv_inst/CLKOUT0
                         net (fo=1, routed)           0.214     2.564    i_dram_wrapper/i_dram/inst/u_ddr4_infrastructure/mmcm_clkout0
    BUFGCE_X1Y332        BUFGCE (Prop_BUFCE_BUFGCE_I_O)
                                                      0.024     2.588 r  i_dram_wrapper/i_dram/inst/u_ddr4_infrastructure/u_bufg_divClk/O
    X4Y12 (CLOCK_ROOT)   net (fo=36893, routed)       2.108     4.696    i_dram_wrapper/gen_cdc.i_axi_cdc_mig/i_axi_cdc_dst/i_cdc_fifo_gray_dst_w/dst_clk_i
    SLICE_X93Y794        FDCE                                         r  i_dram_wrapper/gen_cdc.i_axi_cdc_mig/i_axi_cdc_dst/i_cdc_fifo_gray_dst_w/rptr_q_reg[1]/C
  -------------------------------------------------------------------    -------------------
    SLICE_X93Y794        FDCE (Prop_HFF2_SLICEM_C_Q)
                                                      0.059     4.755 r  i_dram_wrapper/gen_cdc.i_axi_cdc_mig/i_axi_cdc_dst/i_cdc_fifo_gray_dst_w/rptr_q_reg[1]/Q
                         net (fo=3, routed)           0.440     5.195    i_dram_wrapper/gen_cdc.i_axi_cdc_mig/i_axi_cdc_src/i_cdc_fifo_gray_src_w/gen_sync[1].i_sync/serial_i
    SLICE_X107Y801       FDCE                                         r  i_dram_wrapper/gen_cdc.i_axi_cdc_mig/i_axi_cdc_src/i_cdc_fifo_gray_src_w/gen_sync[1].i_sync/reg_q_reg[0]/D
  -------------------------------------------------------------------    -------------------

                         (clock clk_50_clkwiz rise edge)
                                                      0.000     0.000 r  
    E12                                               0.000     0.000 r  sys_clk_p (IN)
                         net (fo=0)                   0.000     0.000    i_bufds_sys_clk/I
    HPIOBDIFFINBUF_X1Y300
                         DIFFINBUF (Prop_DIFFINBUF_HPIOBDIFFINBUF_DIFF_IN_P_O)
                                                      0.675     0.675 r  i_bufds_sys_clk/DIFFINBUF_INST/O
                         net (fo=1, routed)           0.050     0.725    i_bufds_sys_clk/OUT
    E12                  IBUFCTRL (Prop_IBUFCTRL_HPIOB_M_I_O)
                                                      0.000     0.725 r  i_bufds_sys_clk/IBUFCTRL_INST/O
                         net (fo=1, routed)           0.335     1.060    sys_clk
    BUFGCE_X1Y289        BUFGCE (Prop_BUFCE_BUFGCE_I_O)
                                                      0.028     1.088 r  sys_clk_BUFGCE_inst/O
                         net (fo=19, routed)          0.991     2.079    i_clkwiz/inst/clk_in1
    MMCM_X1Y11           MMCME4_ADV (Prop_MMCM_CLKIN1_CLKOUT0)
                                                     -0.127     1.952 r  i_clkwiz/inst/mmcme4_adv_inst/CLKOUT0
                         net (fo=1, routed)           0.244     2.196    i_clkwiz/inst/clk_50_clkwiz
    BUFGCE_X1Y266        BUFGCE (Prop_BUFCE_BUFGCE_I_O)
                                                      0.028     2.224 r  i_clkwiz/inst/clkout1_buf/O
    X2Y7 (CLOCK_ROOT)    net (fo=199658, routed)      3.968     6.192    i_dram_wrapper/gen_cdc.i_axi_cdc_mig/i_axi_cdc_src/i_cdc_fifo_gray_src_w/gen_sync[1].i_sync/clk_i
    SLICE_X107Y801       FDCE                                         r  i_dram_wrapper/gen_cdc.i_axi_cdc_mig/i_axi_cdc_src/i_cdc_fifo_gray_src_w/gen_sync[1].i_sync/reg_q_reg[0]/C
                         clock pessimism             -0.178     6.013    
    SLICE_X107Y801       FDCE (Hold_DFF2_SLICEM_C_D)
                                                      0.061     6.074    i_dram_wrapper/gen_cdc.i_axi_cdc_mig/i_axi_cdc_src/i_cdc_fifo_gray_src_w/gen_sync[1].i_sync/reg_q_reg[0]
  -------------------------------------------------------------------
                         data arrival                           5.195    
                         clock arrival                          6.074    
  -------------------------------------------------------------------
                         relative delay                        -0.879    



Id: 5
set_bus_skew -from [get_clocks -quiet -of_objects [get_pins -quiet i_dram_wrapper/gen_cdc.i_axi_cdc_mig/i_axi_cdc_src/i_cdc_fifo_gray_src_ar/src_clk_i]] -to [get_pins -quiet -of_objects [filter -regexp [get_cells -quiet -hierarchical -filter {NAME =~ i_dram_wrapper/gen_cdc.i_axi_cdc_mig/i_axi_cdc_dst/i_cdc_fifo_gray_dst_ar/gen_sync* && REF_NAME =~ FD*}] {NAME =~ .*/reg_q_reg\[0\]$}] -filter {REF_PIN_NAME == D}] 3.000
Requirement: 3.000ns
Endpoints: 6

From Clock            To Clock              Endpoint Pin                    Reference Pin                   Corner  Actual(ns)  Slack(ns)
--------------------  --------------------  ------------------------------  ------------------------------  ------  ----------  ---------
clk_50_clkwiz         mmcm_clkout0          i_dram_wrapper/gen_cdc.i_axi_cdc_mig/i_axi_cdc_dst/i_cdc_fifo_gray_dst_ar/gen_sync[3].i_sync/reg_q_reg[0]/D
                                                                            i_dram_wrapper/gen_cdc.i_axi_cdc_mig/i_axi_cdc_dst/i_cdc_fifo_gray_dst_ar/gen_sync[1].i_sync/reg_q_reg[0]/D
                                                                                                            Slow         0.222      2.778


Slack (MET) :             2.778ns  (requirement - actual skew)
  Endpoint Source:        i_dram_wrapper/gen_cdc.i_axi_cdc_mig/i_axi_cdc_src/i_cdc_fifo_gray_src_ar/wptr_q_reg[3]/C
                            (rising edge-triggered cell FDCE clocked by clk_50_clkwiz)
  Endpoint Destination:   i_dram_wrapper/gen_cdc.i_axi_cdc_mig/i_axi_cdc_dst/i_cdc_fifo_gray_dst_ar/gen_sync[3].i_sync/reg_q_reg[0]/D
                            (rising edge-triggered cell FDCE clocked by mmcm_clkout0)
  Reference Source:       i_dram_wrapper/gen_cdc.i_axi_cdc_mig/i_axi_cdc_src/i_cdc_fifo_gray_src_ar/wptr_q_reg[1]/C
                            (rising edge-triggered cell FDCE clocked by clk_50_clkwiz)
  Reference Destination:  i_dram_wrapper/gen_cdc.i_axi_cdc_mig/i_axi_cdc_dst/i_cdc_fifo_gray_dst_ar/gen_sync[1].i_sync/reg_q_reg[0]/D
                            (rising edge-triggered cell FDCE clocked by mmcm_clkout0)
  Path Type:              Bus Skew (Max at Slow Process Corner)
  Requirement:            3.000ns
  Endpoint Relative Delay:    2.052ns
  Reference Relative Delay:   2.120ns
  Relative CRPR:              0.000ns
  Uncertainty:                0.290ns
  Actual Bus Skew:            0.222ns  (Endpoint Relative Delay - Reference Relative Delay - Relative CRPR + Uncertainty)

Endpoint path:
    Location             Delay type                Incr(ns)  Path(ns)    Netlist Resource(s)
  -------------------------------------------------------------------    -------------------
                         (clock clk_50_clkwiz rise edge)
                                                      0.000     0.000 r  
    E12                                               0.000     0.000 r  sys_clk_p (IN)
                         net (fo=0)                   0.000     0.000    i_bufds_sys_clk/I
    HPIOBDIFFINBUF_X1Y300
                         DIFFINBUF (Prop_DIFFINBUF_HPIOBDIFFINBUF_DIFF_IN_P_O)
                                                      0.675     0.675 r  i_bufds_sys_clk/DIFFINBUF_INST/O
                         net (fo=1, routed)           0.050     0.725    i_bufds_sys_clk/OUT
    E12                  IBUFCTRL (Prop_IBUFCTRL_HPIOB_M_I_O)
                                                      0.000     0.725 r  i_bufds_sys_clk/IBUFCTRL_INST/O
                         net (fo=1, routed)           0.335     1.060    sys_clk
    BUFGCE_X1Y289        BUFGCE (Prop_BUFCE_BUFGCE_I_O)
                                                      0.028     1.088 r  sys_clk_BUFGCE_inst/O
                         net (fo=19, routed)          0.991     2.079    i_clkwiz/inst/clk_in1
    MMCM_X1Y11           MMCME4_ADV (Prop_MMCM_CLKIN1_CLKOUT0)
                                                     -0.127     1.952 r  i_clkwiz/inst/mmcme4_adv_inst/CLKOUT0
                         net (fo=1, routed)           0.244     2.196    i_clkwiz/inst/clk_50_clkwiz
    BUFGCE_X1Y266        BUFGCE (Prop_BUFCE_BUFGCE_I_O)
                                                      0.028     2.224 r  i_clkwiz/inst/clkout1_buf/O
    X2Y7 (CLOCK_ROOT)    net (fo=199658, routed)      3.757     5.981    i_dram_wrapper/gen_cdc.i_axi_cdc_mig/i_axi_cdc_src/i_cdc_fifo_gray_src_ar/src_clk_i
    SLICE_X105Y721       FDCE                                         r  i_dram_wrapper/gen_cdc.i_axi_cdc_mig/i_axi_cdc_src/i_cdc_fifo_gray_src_ar/wptr_q_reg[3]/C
  -------------------------------------------------------------------    -------------------
    SLICE_X105Y721       FDCE (Prop_DFF2_SLICEL_C_Q)
                                                      0.081     6.062 r  i_dram_wrapper/gen_cdc.i_axi_cdc_mig/i_axi_cdc_src/i_cdc_fifo_gray_src_ar/wptr_q_reg[3]/Q
                         net (fo=5, routed)           0.814     6.876    i_dram_wrapper/gen_cdc.i_axi_cdc_mig/i_axi_cdc_dst/i_cdc_fifo_gray_dst_ar/gen_sync[3].i_sync/serial_i
    SLICE_X107Y707       FDCE                                         r  i_dram_wrapper/gen_cdc.i_axi_cdc_mig/i_axi_cdc_dst/i_cdc_fifo_gray_dst_ar/gen_sync[3].i_sync/reg_q_reg[0]/D
  -------------------------------------------------------------------    -------------------

                         (clock mmcm_clkout0 rise edge)
                                                      0.000     0.000 r  
    E12                                               0.000     0.000 r  sys_clk_p (IN)
                         net (fo=0)                   0.000     0.000    i_bufds_sys_clk/I
    HPIOBDIFFINBUF_X1Y300
                         DIFFINBUF (Prop_DIFFINBUF_HPIOBDIFFINBUF_DIFF_IN_P_O)
                                                      0.564     0.564 r  i_bufds_sys_clk/DIFFINBUF_INST/O
                         net (fo=1, routed)           0.040     0.604    i_bufds_sys_clk/OUT
    E12                  IBUFCTRL (Prop_IBUFCTRL_HPIOB_M_I_O)
                                                      0.000     0.604 r  i_bufds_sys_clk/IBUFCTRL_INST/O
                         net (fo=1, routed)           0.297     0.901    sys_clk
    BUFGCE_X1Y289        BUFGCE (Prop_BUFCE_BUFGCE_I_O)
                                                      0.024     0.925 r  sys_clk_BUFGCE_inst/O
                         net (fo=19, routed)          0.795     1.720    i_dram_wrapper/i_dram/inst/u_ddr4_infrastructure/mmcm_clk_in
    MMCM_X1Y13           MMCME4_ADV (Prop_MMCM_CLKIN1_CLKOUT0)
                                                      0.630     2.350 r  i_dram_wrapper/i_dram/inst/u_ddr4_infrastructure/gen_mmcme4.u_mmcme_adv_inst/CLKOUT0
                         net (fo=1, routed)           0.214     2.564    i_dram_wrapper/i_dram/inst/u_ddr4_infrastructure/mmcm_clkout0
    BUFGCE_X1Y332        BUFGCE (Prop_BUFCE_BUFGCE_I_O)
                                                      0.024     2.588 r  i_dram_wrapper/i_dram/inst/u_ddr4_infrastructure/u_bufg_divClk/O
    X4Y12 (CLOCK_ROOT)   net (fo=36893, routed)       2.032     4.620    i_dram_wrapper/gen_cdc.i_axi_cdc_mig/i_axi_cdc_dst/i_cdc_fifo_gray_dst_ar/gen_sync[3].i_sync/clk_i
    SLICE_X107Y707       FDCE                                         r  i_dram_wrapper/gen_cdc.i_axi_cdc_mig/i_axi_cdc_dst/i_cdc_fifo_gray_dst_ar/gen_sync[3].i_sync/reg_q_reg[0]/C
                         clock pessimism              0.178     4.799    
    SLICE_X107Y707       FDCE (Setup_DFF2_SLICEM_C_D)
                                                      0.025     4.824    i_dram_wrapper/gen_cdc.i_axi_cdc_mig/i_axi_cdc_dst/i_cdc_fifo_gray_dst_ar/gen_sync[3].i_sync/reg_q_reg[0]
  -------------------------------------------------------------------
                         data arrival                           6.876    
                         clock arrival                          4.824    
  -------------------------------------------------------------------
                         relative delay                         2.052    

Reference path:
    Location             Delay type                Incr(ns)  Path(ns)    Netlist Resource(s)
  -------------------------------------------------------------------    -------------------
                         (clock clk_50_clkwiz rise edge)
                                                      0.000     0.000 r  
    E12                                               0.000     0.000 r  sys_clk_p (IN)
                         net (fo=0)                   0.000     0.000    i_bufds_sys_clk/I
    HPIOBDIFFINBUF_X1Y300
                         DIFFINBUF (Prop_DIFFINBUF_HPIOBDIFFINBUF_DIFF_IN_P_O)
                                                      0.564     0.564 r  i_bufds_sys_clk/DIFFINBUF_INST/O
                         net (fo=1, routed)           0.040     0.604    i_bufds_sys_clk/OUT
    E12                  IBUFCTRL (Prop_IBUFCTRL_HPIOB_M_I_O)
                                                      0.000     0.604 r  i_bufds_sys_clk/IBUFCTRL_INST/O
                         net (fo=1, routed)           0.297     0.901    sys_clk
    BUFGCE_X1Y289        BUFGCE (Prop_BUFCE_BUFGCE_I_O)
                                                      0.024     0.925 r  sys_clk_BUFGCE_inst/O
                         net (fo=19, routed)          0.876     1.801    i_clkwiz/inst/clk_in1
    MMCM_X1Y11           MMCME4_ADV (Prop_MMCM_CLKIN1_CLKOUT0)
                                                      0.630     2.431 r  i_clkwiz/inst/mmcme4_adv_inst/CLKOUT0
                         net (fo=1, routed)           0.214     2.645    i_clkwiz/inst/clk_50_clkwiz
    BUFGCE_X1Y266        BUFGCE (Prop_BUFCE_BUFGCE_I_O)
                                                      0.024     2.669 r  i_clkwiz/inst/clkout1_buf/O
    X2Y7 (CLOCK_ROOT)    net (fo=199658, routed)      3.382     6.051    i_dram_wrapper/gen_cdc.i_axi_cdc_mig/i_axi_cdc_src/i_cdc_fifo_gray_src_ar/src_clk_i
    SLICE_X105Y721       FDCE                                         r  i_dram_wrapper/gen_cdc.i_axi_cdc_mig/i_axi_cdc_src/i_cdc_fifo_gray_src_ar/wptr_q_reg[1]/C
  -------------------------------------------------------------------    -------------------
    SLICE_X105Y721       FDCE (Prop_HFF2_SLICEL_C_Q)
                                                      0.059     6.110 r  i_dram_wrapper/gen_cdc.i_axi_cdc_mig/i_axi_cdc_src/i_cdc_fifo_gray_src_ar/wptr_q_reg[1]/Q
                         net (fo=3, routed)           0.310     6.420    i_dram_wrapper/gen_cdc.i_axi_cdc_mig/i_axi_cdc_dst/i_cdc_fifo_gray_dst_ar/gen_sync[1].i_sync/serial_i
    SLICE_X106Y712       FDCE                                         r  i_dram_wrapper/gen_cdc.i_axi_cdc_mig/i_axi_cdc_dst/i_cdc_fifo_gray_dst_ar/gen_sync[1].i_sync/reg_q_reg[0]/D
  -------------------------------------------------------------------    -------------------

                         (clock mmcm_clkout0 rise edge)
                                                      0.000     0.000 r  
    E12                                               0.000     0.000 r  sys_clk_p (IN)
                         net (fo=0)                   0.000     0.000    i_bufds_sys_clk/I
    HPIOBDIFFINBUF_X1Y300
                         DIFFINBUF (Prop_DIFFINBUF_HPIOBDIFFINBUF_DIFF_IN_P_O)
                                                      0.675     0.675 r  i_bufds_sys_clk/DIFFINBUF_INST/O
                         net (fo=1, routed)           0.050     0.725    i_bufds_sys_clk/OUT
    E12                  IBUFCTRL (Prop_IBUFCTRL_HPIOB_M_I_O)
                                                      0.000     0.725 r  i_bufds_sys_clk/IBUFCTRL_INST/O
                         net (fo=1, routed)           0.335     1.060    sys_clk
    BUFGCE_X1Y289        BUFGCE (Prop_BUFCE_BUFGCE_I_O)
                                                      0.028     1.088 r  sys_clk_BUFGCE_inst/O
                         net (fo=19, routed)          0.901     1.989    i_dram_wrapper/i_dram/inst/u_ddr4_infrastructure/mmcm_clk_in
    MMCM_X1Y13           MMCME4_ADV (Prop_MMCM_CLKIN1_CLKOUT0)
                                                     -0.127     1.862 r  i_dram_wrapper/i_dram/inst/u_ddr4_infrastructure/gen_mmcme4.u_mmcme_adv_inst/CLKOUT0
                         net (fo=1, routed)           0.244     2.106    i_dram_wrapper/i_dram/inst/u_ddr4_infrastructure/mmcm_clkout0
    BUFGCE_X1Y332        BUFGCE (Prop_BUFCE_BUFGCE_I_O)
                                                      0.028     2.134 r  i_dram_wrapper/i_dram/inst/u_ddr4_infrastructure/u_bufg_divClk/O
    X4Y12 (CLOCK_ROOT)   net (fo=36893, routed)       2.283     4.417    i_dram_wrapper/gen_cdc.i_axi_cdc_mig/i_axi_cdc_dst/i_cdc_fifo_gray_dst_ar/gen_sync[1].i_sync/clk_i
    SLICE_X106Y712       FDCE                                         r  i_dram_wrapper/gen_cdc.i_axi_cdc_mig/i_axi_cdc_dst/i_cdc_fifo_gray_dst_ar/gen_sync[1].i_sync/reg_q_reg[0]/C
                         clock pessimism             -0.178     4.238    
    SLICE_X106Y712       FDCE (Hold_HFF2_SLICEL_C_D)
                                                      0.062     4.300    i_dram_wrapper/gen_cdc.i_axi_cdc_mig/i_axi_cdc_dst/i_cdc_fifo_gray_dst_ar/gen_sync[1].i_sync/reg_q_reg[0]
  -------------------------------------------------------------------
                         data arrival                           6.420    
                         clock arrival                          4.300    
  -------------------------------------------------------------------
                         relative delay                         2.120    



Id: 6
set_bus_skew -from [get_clocks -quiet -of_objects [get_pins -quiet i_dram_wrapper/gen_cdc.i_axi_cdc_mig/i_axi_cdc_dst/i_cdc_fifo_gray_dst_ar/dst_clk_i]] -to [get_pins -quiet -of_objects [filter -regexp [get_cells -quiet -hierarchical -filter {NAME =~ i_dram_wrapper/gen_cdc.i_axi_cdc_mig/i_axi_cdc_src/i_cdc_fifo_gray_src_ar/gen_sync* && REF_NAME =~ FD*}] {NAME =~ .*/reg_q_reg\[0\]$}] -filter {REF_PIN_NAME == D}] 3.000
Requirement: 3.000ns
Endpoints: 6

From Clock            To Clock              Endpoint Pin                    Reference Pin                   Corner  Actual(ns)  Slack(ns)
--------------------  --------------------  ------------------------------  ------------------------------  ------  ----------  ---------
mmcm_clkout0          clk_50_clkwiz         i_dram_wrapper/gen_cdc.i_axi_cdc_mig/i_axi_cdc_src/i_cdc_fifo_gray_src_ar/gen_sync[0].i_sync/reg_q_reg[0]/D
                                                                            i_dram_wrapper/gen_cdc.i_axi_cdc_mig/i_axi_cdc_src/i_cdc_fifo_gray_src_ar/gen_sync[1].i_sync/reg_q_reg[0]/D
                                                                                                            Slow         0.034      2.966


Slack (MET) :             2.966ns  (requirement - actual skew)
  Endpoint Source:        i_dram_wrapper/gen_cdc.i_axi_cdc_mig/i_axi_cdc_dst/i_cdc_fifo_gray_dst_ar/rptr_q_reg[0]/C
                            (rising edge-triggered cell FDCE clocked by mmcm_clkout0)
  Endpoint Destination:   i_dram_wrapper/gen_cdc.i_axi_cdc_mig/i_axi_cdc_src/i_cdc_fifo_gray_src_ar/gen_sync[0].i_sync/reg_q_reg[0]/D
                            (rising edge-triggered cell FDCE clocked by clk_50_clkwiz)
  Reference Source:       i_dram_wrapper/gen_cdc.i_axi_cdc_mig/i_axi_cdc_dst/i_cdc_fifo_gray_dst_ar/rptr_q_reg[1]/C
                            (rising edge-triggered cell FDCE clocked by mmcm_clkout0)
  Reference Destination:  i_dram_wrapper/gen_cdc.i_axi_cdc_mig/i_axi_cdc_src/i_cdc_fifo_gray_src_ar/gen_sync[1].i_sync/reg_q_reg[0]/D
                            (rising edge-triggered cell FDCE clocked by clk_50_clkwiz)
  Path Type:              Bus Skew (Max at Slow Process Corner)
  Requirement:            3.000ns
  Endpoint Relative Delay:   -1.245ns
  Reference Relative Delay:  -0.989ns
  Relative CRPR:              0.000ns
  Uncertainty:                0.290ns
  Actual Bus Skew:            0.034ns  (Endpoint Relative Delay - Reference Relative Delay - Relative CRPR + Uncertainty)

Endpoint path:
    Location             Delay type                Incr(ns)  Path(ns)    Netlist Resource(s)
  -------------------------------------------------------------------    -------------------
                         (clock mmcm_clkout0 rise edge)
                                                      0.000     0.000 r  
    E12                                               0.000     0.000 r  sys_clk_p (IN)
                         net (fo=0)                   0.000     0.000    i_bufds_sys_clk/I
    HPIOBDIFFINBUF_X1Y300
                         DIFFINBUF (Prop_DIFFINBUF_HPIOBDIFFINBUF_DIFF_IN_P_O)
                                                      0.675     0.675 r  i_bufds_sys_clk/DIFFINBUF_INST/O
                         net (fo=1, routed)           0.050     0.725    i_bufds_sys_clk/OUT
    E12                  IBUFCTRL (Prop_IBUFCTRL_HPIOB_M_I_O)
                                                      0.000     0.725 r  i_bufds_sys_clk/IBUFCTRL_INST/O
                         net (fo=1, routed)           0.335     1.060    sys_clk
    BUFGCE_X1Y289        BUFGCE (Prop_BUFCE_BUFGCE_I_O)
                                                      0.028     1.088 r  sys_clk_BUFGCE_inst/O
                         net (fo=19, routed)          0.901     1.989    i_dram_wrapper/i_dram/inst/u_ddr4_infrastructure/mmcm_clk_in
    MMCM_X1Y13           MMCME4_ADV (Prop_MMCM_CLKIN1_CLKOUT0)
                                                     -0.127     1.862 r  i_dram_wrapper/i_dram/inst/u_ddr4_infrastructure/gen_mmcme4.u_mmcme_adv_inst/CLKOUT0
                         net (fo=1, routed)           0.244     2.106    i_dram_wrapper/i_dram/inst/u_ddr4_infrastructure/mmcm_clkout0
    BUFGCE_X1Y332        BUFGCE (Prop_BUFCE_BUFGCE_I_O)
                                                      0.028     2.134 r  i_dram_wrapper/i_dram/inst/u_ddr4_infrastructure/u_bufg_divClk/O
    X4Y12 (CLOCK_ROOT)   net (fo=36893, routed)       2.270     4.404    i_dram_wrapper/gen_cdc.i_axi_cdc_mig/i_axi_cdc_dst/i_cdc_fifo_gray_dst_ar/dst_clk_i
    SLICE_X107Y714       FDCE                                         r  i_dram_wrapper/gen_cdc.i_axi_cdc_mig/i_axi_cdc_dst/i_cdc_fifo_gray_dst_ar/rptr_q_reg[0]/C
  -------------------------------------------------------------------    -------------------
    SLICE_X107Y714       FDCE (Prop_DFF_SLICEM_C_Q)
                                                      0.078     4.482 r  i_dram_wrapper/gen_cdc.i_axi_cdc_mig/i_axi_cdc_dst/i_cdc_fifo_gray_dst_ar/rptr_q_reg[0]/Q
                         net (fo=2, routed)           0.503     4.985    i_dram_wrapper/gen_cdc.i_axi_cdc_mig/i_axi_cdc_src/i_cdc_fifo_gray_src_ar/gen_sync[0].i_sync/serial_i
    SLICE_X103Y704       FDCE                                         r  i_dram_wrapper/gen_cdc.i_axi_cdc_mig/i_axi_cdc_src/i_cdc_fifo_gray_src_ar/gen_sync[0].i_sync/reg_q_reg[0]/D
  -------------------------------------------------------------------    -------------------

                         (clock clk_50_clkwiz rise edge)
                                                      0.000     0.000 r  
    E12                                               0.000     0.000 r  sys_clk_p (IN)
                         net (fo=0)                   0.000     0.000    i_bufds_sys_clk/I
    HPIOBDIFFINBUF_X1Y300
                         DIFFINBUF (Prop_DIFFINBUF_HPIOBDIFFINBUF_DIFF_IN_P_O)
                                                      0.564     0.564 r  i_bufds_sys_clk/DIFFINBUF_INST/O
                         net (fo=1, routed)           0.040     0.604    i_bufds_sys_clk/OUT
    E12                  IBUFCTRL (Prop_IBUFCTRL_HPIOB_M_I_O)
                                                      0.000     0.604 r  i_bufds_sys_clk/IBUFCTRL_INST/O
                         net (fo=1, routed)           0.297     0.901    sys_clk
    BUFGCE_X1Y289        BUFGCE (Prop_BUFCE_BUFGCE_I_O)
                                                      0.024     0.925 r  sys_clk_BUFGCE_inst/O
                         net (fo=19, routed)          0.876     1.801    i_clkwiz/inst/clk_in1
    MMCM_X1Y11           MMCME4_ADV (Prop_MMCM_CLKIN1_CLKOUT0)
                                                      0.630     2.431 r  i_clkwiz/inst/mmcme4_adv_inst/CLKOUT0
                         net (fo=1, routed)           0.214     2.645    i_clkwiz/inst/clk_50_clkwiz
    BUFGCE_X1Y266        BUFGCE (Prop_BUFCE_BUFGCE_I_O)
                                                      0.024     2.669 r  i_clkwiz/inst/clkout1_buf/O
    X2Y7 (CLOCK_ROOT)    net (fo=199658, routed)      3.357     6.026    i_dram_wrapper/gen_cdc.i_axi_cdc_mig/i_axi_cdc_src/i_cdc_fifo_gray_src_ar/gen_sync[0].i_sync/clk_i
    SLICE_X103Y704       FDCE                                         r  i_dram_wrapper/gen_cdc.i_axi_cdc_mig/i_axi_cdc_src/i_cdc_fifo_gray_src_ar/gen_sync[0].i_sync/reg_q_reg[0]/C
                         clock pessimism              0.178     6.205    
    SLICE_X103Y704       FDCE (Setup_DFF2_SLICEL_C_D)
                                                      0.025     6.230    i_dram_wrapper/gen_cdc.i_axi_cdc_mig/i_axi_cdc_src/i_cdc_fifo_gray_src_ar/gen_sync[0].i_sync/reg_q_reg[0]
  -------------------------------------------------------------------
                         data arrival                           4.985    
                         clock arrival                          6.230    
  -------------------------------------------------------------------
                         relative delay                        -1.245    

Reference path:
    Location             Delay type                Incr(ns)  Path(ns)    Netlist Resource(s)
  -------------------------------------------------------------------    -------------------
                         (clock mmcm_clkout0 rise edge)
                                                      0.000     0.000 r  
    E12                                               0.000     0.000 r  sys_clk_p (IN)
                         net (fo=0)                   0.000     0.000    i_bufds_sys_clk/I
    HPIOBDIFFINBUF_X1Y300
                         DIFFINBUF (Prop_DIFFINBUF_HPIOBDIFFINBUF_DIFF_IN_P_O)
                                                      0.564     0.564 r  i_bufds_sys_clk/DIFFINBUF_INST/O
                         net (fo=1, routed)           0.040     0.604    i_bufds_sys_clk/OUT
    E12                  IBUFCTRL (Prop_IBUFCTRL_HPIOB_M_I_O)
                                                      0.000     0.604 r  i_bufds_sys_clk/IBUFCTRL_INST/O
                         net (fo=1, routed)           0.297     0.901    sys_clk
    BUFGCE_X1Y289        BUFGCE (Prop_BUFCE_BUFGCE_I_O)
                                                      0.024     0.925 r  sys_clk_BUFGCE_inst/O
                         net (fo=19, routed)          0.795     1.720    i_dram_wrapper/i_dram/inst/u_ddr4_infrastructure/mmcm_clk_in
    MMCM_X1Y13           MMCME4_ADV (Prop_MMCM_CLKIN1_CLKOUT0)
                                                      0.630     2.350 r  i_dram_wrapper/i_dram/inst/u_ddr4_infrastructure/gen_mmcme4.u_mmcme_adv_inst/CLKOUT0
                         net (fo=1, routed)           0.214     2.564    i_dram_wrapper/i_dram/inst/u_ddr4_infrastructure/mmcm_clkout0
    BUFGCE_X1Y332        BUFGCE (Prop_BUFCE_BUFGCE_I_O)
                                                      0.024     2.588 r  i_dram_wrapper/i_dram/inst/u_ddr4_infrastructure/u_bufg_divClk/O
    X4Y12 (CLOCK_ROOT)   net (fo=36893, routed)       2.031     4.619    i_dram_wrapper/gen_cdc.i_axi_cdc_mig/i_axi_cdc_dst/i_cdc_fifo_gray_dst_ar/dst_clk_i
    SLICE_X107Y714       FDCE                                         r  i_dram_wrapper/gen_cdc.i_axi_cdc_mig/i_axi_cdc_dst/i_cdc_fifo_gray_dst_ar/rptr_q_reg[1]/C
  -------------------------------------------------------------------    -------------------
    SLICE_X107Y714       FDCE (Prop_DFF2_SLICEM_C_Q)
                                                      0.061     4.680 r  i_dram_wrapper/gen_cdc.i_axi_cdc_mig/i_axi_cdc_dst/i_cdc_fifo_gray_dst_ar/rptr_q_reg[1]/Q
                         net (fo=3, routed)           0.193     4.873    i_dram_wrapper/gen_cdc.i_axi_cdc_mig/i_axi_cdc_src/i_cdc_fifo_gray_src_ar/gen_sync[1].i_sync/serial_i
    SLICE_X103Y714       FDCE                                         r  i_dram_wrapper/gen_cdc.i_axi_cdc_mig/i_axi_cdc_src/i_cdc_fifo_gray_src_ar/gen_sync[1].i_sync/reg_q_reg[0]/D
  -------------------------------------------------------------------    -------------------

                         (clock clk_50_clkwiz rise edge)
                                                      0.000     0.000 r  
    E12                                               0.000     0.000 r  sys_clk_p (IN)
                         net (fo=0)                   0.000     0.000    i_bufds_sys_clk/I
    HPIOBDIFFINBUF_X1Y300
                         DIFFINBUF (Prop_DIFFINBUF_HPIOBDIFFINBUF_DIFF_IN_P_O)
                                                      0.675     0.675 r  i_bufds_sys_clk/DIFFINBUF_INST/O
                         net (fo=1, routed)           0.050     0.725    i_bufds_sys_clk/OUT
    E12                  IBUFCTRL (Prop_IBUFCTRL_HPIOB_M_I_O)
                                                      0.000     0.725 r  i_bufds_sys_clk/IBUFCTRL_INST/O
                         net (fo=1, routed)           0.335     1.060    sys_clk
    BUFGCE_X1Y289        BUFGCE (Prop_BUFCE_BUFGCE_I_O)
                                                      0.028     1.088 r  sys_clk_BUFGCE_inst/O
                         net (fo=19, routed)          0.991     2.079    i_clkwiz/inst/clk_in1
    MMCM_X1Y11           MMCME4_ADV (Prop_MMCM_CLKIN1_CLKOUT0)
                                                     -0.127     1.952 r  i_clkwiz/inst/mmcme4_adv_inst/CLKOUT0
                         net (fo=1, routed)           0.244     2.196    i_clkwiz/inst/clk_50_clkwiz
    BUFGCE_X1Y266        BUFGCE (Prop_BUFCE_BUFGCE_I_O)
                                                      0.028     2.224 r  i_clkwiz/inst/clkout1_buf/O
    X2Y7 (CLOCK_ROOT)    net (fo=199658, routed)      3.755     5.979    i_dram_wrapper/gen_cdc.i_axi_cdc_mig/i_axi_cdc_src/i_cdc_fifo_gray_src_ar/gen_sync[1].i_sync/clk_i
    SLICE_X103Y714       FDCE                                         r  i_dram_wrapper/gen_cdc.i_axi_cdc_mig/i_axi_cdc_src/i_cdc_fifo_gray_src_ar/gen_sync[1].i_sync/reg_q_reg[0]/C
                         clock pessimism             -0.178     5.800    
    SLICE_X103Y714       FDCE (Hold_HFF2_SLICEL_C_D)
                                                      0.062     5.862    i_dram_wrapper/gen_cdc.i_axi_cdc_mig/i_axi_cdc_src/i_cdc_fifo_gray_src_ar/gen_sync[1].i_sync/reg_q_reg[0]
  -------------------------------------------------------------------
                         data arrival                           4.873    
                         clock arrival                          5.862    
  -------------------------------------------------------------------
                         relative delay                        -0.989    



Id: 7
set_bus_skew -from [get_clocks -quiet -of_objects [get_pins -quiet i_dram_wrapper/gen_cdc.i_axi_cdc_mig/i_axi_cdc_dst/i_cdc_fifo_gray_src_b/src_clk_i]] -to [get_pins -quiet -of_objects [filter -regexp [get_cells -quiet -hierarchical -filter {NAME =~ i_dram_wrapper/gen_cdc.i_axi_cdc_mig/i_axi_cdc_src/i_cdc_fifo_gray_dst_b/gen_sync* && REF_NAME =~ FD*}] {NAME =~ .*/reg_q_reg\[0\]$}] -filter {REF_PIN_NAME == D}] 3.000
Requirement: 3.000ns
Endpoints: 6

From Clock            To Clock              Endpoint Pin                    Reference Pin                   Corner  Actual(ns)  Slack(ns)
--------------------  --------------------  ------------------------------  ------------------------------  ------  ----------  ---------
mmcm_clkout0          clk_50_clkwiz         i_dram_wrapper/gen_cdc.i_axi_cdc_mig/i_axi_cdc_src/i_cdc_fifo_gray_dst_b/gen_sync[5].i_sync/reg_q_reg[0]/D
                                                                            i_dram_wrapper/gen_cdc.i_axi_cdc_mig/i_axi_cdc_src/i_cdc_fifo_gray_dst_b/gen_sync[3].i_sync/reg_q_reg[0]/D
                                                                                                            Slow         0.238      2.762


Slack (MET) :             2.762ns  (requirement - actual skew)
  Endpoint Source:        i_dram_wrapper/gen_cdc.i_axi_cdc_mig/i_axi_cdc_dst/i_cdc_fifo_gray_src_b/wptr_q_reg[5]/C
                            (rising edge-triggered cell FDCE clocked by mmcm_clkout0)
  Endpoint Destination:   i_dram_wrapper/gen_cdc.i_axi_cdc_mig/i_axi_cdc_src/i_cdc_fifo_gray_dst_b/gen_sync[5].i_sync/reg_q_reg[0]/D
                            (rising edge-triggered cell FDCE clocked by clk_50_clkwiz)
  Reference Source:       i_dram_wrapper/gen_cdc.i_axi_cdc_mig/i_axi_cdc_dst/i_cdc_fifo_gray_src_b/wptr_q_reg[3]/C
                            (rising edge-triggered cell FDCE clocked by mmcm_clkout0)
  Reference Destination:  i_dram_wrapper/gen_cdc.i_axi_cdc_mig/i_axi_cdc_src/i_cdc_fifo_gray_dst_b/gen_sync[3].i_sync/reg_q_reg[0]/D
                            (rising edge-triggered cell FDCE clocked by clk_50_clkwiz)
  Path Type:              Bus Skew (Max at Slow Process Corner)
  Requirement:            3.000ns
  Endpoint Relative Delay:   -0.610ns
  Reference Relative Delay:  -0.558ns
  Relative CRPR:              0.000ns
  Uncertainty:                0.290ns
  Actual Bus Skew:            0.238ns  (Endpoint Relative Delay - Reference Relative Delay - Relative CRPR + Uncertainty)

Endpoint path:
    Location             Delay type                Incr(ns)  Path(ns)    Netlist Resource(s)
  -------------------------------------------------------------------    -------------------
                         (clock mmcm_clkout0 rise edge)
                                                      0.000     0.000 r  
    E12                                               0.000     0.000 r  sys_clk_p (IN)
                         net (fo=0)                   0.000     0.000    i_bufds_sys_clk/I
    HPIOBDIFFINBUF_X1Y300
                         DIFFINBUF (Prop_DIFFINBUF_HPIOBDIFFINBUF_DIFF_IN_P_O)
                                                      0.675     0.675 r  i_bufds_sys_clk/DIFFINBUF_INST/O
                         net (fo=1, routed)           0.050     0.725    i_bufds_sys_clk/OUT
    E12                  IBUFCTRL (Prop_IBUFCTRL_HPIOB_M_I_O)
                                                      0.000     0.725 r  i_bufds_sys_clk/IBUFCTRL_INST/O
                         net (fo=1, routed)           0.335     1.060    sys_clk
    BUFGCE_X1Y289        BUFGCE (Prop_BUFCE_BUFGCE_I_O)
                                                      0.028     1.088 r  sys_clk_BUFGCE_inst/O
                         net (fo=19, routed)          0.901     1.989    i_dram_wrapper/i_dram/inst/u_ddr4_infrastructure/mmcm_clk_in
    MMCM_X1Y13           MMCME4_ADV (Prop_MMCM_CLKIN1_CLKOUT0)
                                                     -0.127     1.862 r  i_dram_wrapper/i_dram/inst/u_ddr4_infrastructure/gen_mmcme4.u_mmcme_adv_inst/CLKOUT0
                         net (fo=1, routed)           0.244     2.106    i_dram_wrapper/i_dram/inst/u_ddr4_infrastructure/mmcm_clkout0
    BUFGCE_X1Y332        BUFGCE (Prop_BUFCE_BUFGCE_I_O)
                                                      0.028     2.134 r  i_dram_wrapper/i_dram/inst/u_ddr4_infrastructure/u_bufg_divClk/O
    X4Y12 (CLOCK_ROOT)   net (fo=36893, routed)       2.476     4.610    i_dram_wrapper/gen_cdc.i_axi_cdc_mig/i_axi_cdc_dst/i_cdc_fifo_gray_src_b/src_clk_i
    SLICE_X68Y708        FDCE                                         r  i_dram_wrapper/gen_cdc.i_axi_cdc_mig/i_axi_cdc_dst/i_cdc_fifo_gray_src_b/wptr_q_reg[5]/C
  -------------------------------------------------------------------    -------------------
    SLICE_X68Y708        FDCE (Prop_AFF_SLICEM_C_Q)
                                                      0.077     4.687 r  i_dram_wrapper/gen_cdc.i_axi_cdc_mig/i_axi_cdc_dst/i_cdc_fifo_gray_src_b/wptr_q_reg[5]/Q
                         net (fo=12, routed)          0.767     5.454    i_dram_wrapper/gen_cdc.i_axi_cdc_mig/i_axi_cdc_src/i_cdc_fifo_gray_dst_b/gen_sync[5].i_sync/serial_i
    SLICE_X57Y707        FDCE                                         r  i_dram_wrapper/gen_cdc.i_axi_cdc_mig/i_axi_cdc_src/i_cdc_fifo_gray_dst_b/gen_sync[5].i_sync/reg_q_reg[0]/D
  -------------------------------------------------------------------    -------------------

                         (clock clk_50_clkwiz rise edge)
                                                      0.000     0.000 r  
    E12                                               0.000     0.000 r  sys_clk_p (IN)
                         net (fo=0)                   0.000     0.000    i_bufds_sys_clk/I
    HPIOBDIFFINBUF_X1Y300
                         DIFFINBUF (Prop_DIFFINBUF_HPIOBDIFFINBUF_DIFF_IN_P_O)
                                                      0.564     0.564 r  i_bufds_sys_clk/DIFFINBUF_INST/O
                         net (fo=1, routed)           0.040     0.604    i_bufds_sys_clk/OUT
    E12                  IBUFCTRL (Prop_IBUFCTRL_HPIOB_M_I_O)
                                                      0.000     0.604 r  i_bufds_sys_clk/IBUFCTRL_INST/O
                         net (fo=1, routed)           0.297     0.901    sys_clk
    BUFGCE_X1Y289        BUFGCE (Prop_BUFCE_BUFGCE_I_O)
                                                      0.024     0.925 r  sys_clk_BUFGCE_inst/O
                         net (fo=19, routed)          0.876     1.801    i_clkwiz/inst/clk_in1
    MMCM_X1Y11           MMCME4_ADV (Prop_MMCM_CLKIN1_CLKOUT0)
                                                      0.630     2.431 r  i_clkwiz/inst/mmcme4_adv_inst/CLKOUT0
                         net (fo=1, routed)           0.214     2.645    i_clkwiz/inst/clk_50_clkwiz
    BUFGCE_X1Y266        BUFGCE (Prop_BUFCE_BUFGCE_I_O)
                                                      0.024     2.669 r  i_clkwiz/inst/clkout1_buf/O
    X2Y7 (CLOCK_ROOT)    net (fo=199658, routed)      3.191     5.860    i_dram_wrapper/gen_cdc.i_axi_cdc_mig/i_axi_cdc_src/i_cdc_fifo_gray_dst_b/gen_sync[5].i_sync/clk_i
    SLICE_X57Y707        FDCE                                         r  i_dram_wrapper/gen_cdc.i_axi_cdc_mig/i_axi_cdc_src/i_cdc_fifo_gray_dst_b/gen_sync[5].i_sync/reg_q_reg[0]/C
                         clock pessimism              0.178     6.039    
    SLICE_X57Y707        FDCE (Setup_DFF2_SLICEL_C_D)
                                                      0.025     6.064    i_dram_wrapper/gen_cdc.i_axi_cdc_mig/i_axi_cdc_src/i_cdc_fifo_gray_dst_b/gen_sync[5].i_sync/reg_q_reg[0]
  -------------------------------------------------------------------
                         data arrival                           5.454    
                         clock arrival                          6.064    
  -------------------------------------------------------------------
                         relative delay                        -0.610    

Reference path:
    Location             Delay type                Incr(ns)  Path(ns)    Netlist Resource(s)
  -------------------------------------------------------------------    -------------------
                         (clock mmcm_clkout0 rise edge)
                                                      0.000     0.000 r  
    E12                                               0.000     0.000 r  sys_clk_p (IN)
                         net (fo=0)                   0.000     0.000    i_bufds_sys_clk/I
    HPIOBDIFFINBUF_X1Y300
                         DIFFINBUF (Prop_DIFFINBUF_HPIOBDIFFINBUF_DIFF_IN_P_O)
                                                      0.564     0.564 r  i_bufds_sys_clk/DIFFINBUF_INST/O
                         net (fo=1, routed)           0.040     0.604    i_bufds_sys_clk/OUT
    E12                  IBUFCTRL (Prop_IBUFCTRL_HPIOB_M_I_O)
                                                      0.000     0.604 r  i_bufds_sys_clk/IBUFCTRL_INST/O
                         net (fo=1, routed)           0.297     0.901    sys_clk
    BUFGCE_X1Y289        BUFGCE (Prop_BUFCE_BUFGCE_I_O)
                                                      0.024     0.925 r  sys_clk_BUFGCE_inst/O
                         net (fo=19, routed)          0.795     1.720    i_dram_wrapper/i_dram/inst/u_ddr4_infrastructure/mmcm_clk_in
    MMCM_X1Y13           MMCME4_ADV (Prop_MMCM_CLKIN1_CLKOUT0)
                                                      0.630     2.350 r  i_dram_wrapper/i_dram/inst/u_ddr4_infrastructure/gen_mmcme4.u_mmcme_adv_inst/CLKOUT0
                         net (fo=1, routed)           0.214     2.564    i_dram_wrapper/i_dram/inst/u_ddr4_infrastructure/mmcm_clkout0
    BUFGCE_X1Y332        BUFGCE (Prop_BUFCE_BUFGCE_I_O)
                                                      0.024     2.588 r  i_dram_wrapper/i_dram/inst/u_ddr4_infrastructure/u_bufg_divClk/O
    X4Y12 (CLOCK_ROOT)   net (fo=36893, routed)       2.208     4.796    i_dram_wrapper/gen_cdc.i_axi_cdc_mig/i_axi_cdc_dst/i_cdc_fifo_gray_src_b/src_clk_i
    SLICE_X68Y708        FDCE                                         r  i_dram_wrapper/gen_cdc.i_axi_cdc_mig/i_axi_cdc_dst/i_cdc_fifo_gray_src_b/wptr_q_reg[3]/C
  -------------------------------------------------------------------    -------------------
    SLICE_X68Y708        FDCE (Prop_DFF2_SLICEM_C_Q)
                                                      0.061     4.857 r  i_dram_wrapper/gen_cdc.i_axi_cdc_mig/i_axi_cdc_dst/i_cdc_fifo_gray_src_b/wptr_q_reg[3]/Q
                         net (fo=5, routed)           0.265     5.122    i_dram_wrapper/gen_cdc.i_axi_cdc_mig/i_axi_cdc_src/i_cdc_fifo_gray_dst_b/gen_sync[3].i_sync/serial_i
    SLICE_X62Y707        FDCE                                         r  i_dram_wrapper/gen_cdc.i_axi_cdc_mig/i_axi_cdc_src/i_cdc_fifo_gray_dst_b/gen_sync[3].i_sync/reg_q_reg[0]/D
  -------------------------------------------------------------------    -------------------

                         (clock clk_50_clkwiz rise edge)
                                                      0.000     0.000 r  
    E12                                               0.000     0.000 r  sys_clk_p (IN)
                         net (fo=0)                   0.000     0.000    i_bufds_sys_clk/I
    HPIOBDIFFINBUF_X1Y300
                         DIFFINBUF (Prop_DIFFINBUF_HPIOBDIFFINBUF_DIFF_IN_P_O)
                                                      0.675     0.675 r  i_bufds_sys_clk/DIFFINBUF_INST/O
                         net (fo=1, routed)           0.050     0.725    i_bufds_sys_clk/OUT
    E12                  IBUFCTRL (Prop_IBUFCTRL_HPIOB_M_I_O)
                                                      0.000     0.725 r  i_bufds_sys_clk/IBUFCTRL_INST/O
                         net (fo=1, routed)           0.335     1.060    sys_clk
    BUFGCE_X1Y289        BUFGCE (Prop_BUFCE_BUFGCE_I_O)
                                                      0.028     1.088 r  sys_clk_BUFGCE_inst/O
                         net (fo=19, routed)          0.991     2.079    i_clkwiz/inst/clk_in1
    MMCM_X1Y11           MMCME4_ADV (Prop_MMCM_CLKIN1_CLKOUT0)
                                                     -0.127     1.952 r  i_clkwiz/inst/mmcme4_adv_inst/CLKOUT0
                         net (fo=1, routed)           0.244     2.196    i_clkwiz/inst/clk_50_clkwiz
    BUFGCE_X1Y266        BUFGCE (Prop_BUFCE_BUFGCE_I_O)
                                                      0.028     2.224 r  i_clkwiz/inst/clkout1_buf/O
    X2Y7 (CLOCK_ROOT)    net (fo=199658, routed)      3.573     5.797    i_dram_wrapper/gen_cdc.i_axi_cdc_mig/i_axi_cdc_src/i_cdc_fifo_gray_dst_b/gen_sync[3].i_sync/clk_i
    SLICE_X62Y707        FDCE                                         r  i_dram_wrapper/gen_cdc.i_axi_cdc_mig/i_axi_cdc_src/i_cdc_fifo_gray_dst_b/gen_sync[3].i_sync/reg_q_reg[0]/C
                         clock pessimism             -0.178     5.618    
    SLICE_X62Y707        FDCE (Hold_HFF2_SLICEM_C_D)
                                                      0.062     5.680    i_dram_wrapper/gen_cdc.i_axi_cdc_mig/i_axi_cdc_src/i_cdc_fifo_gray_dst_b/gen_sync[3].i_sync/reg_q_reg[0]
  -------------------------------------------------------------------
                         data arrival                           5.122    
                         clock arrival                          5.680    
  -------------------------------------------------------------------
                         relative delay                        -0.558    



Id: 8
set_bus_skew -from [get_clocks -quiet -of_objects [get_pins -quiet i_dram_wrapper/gen_cdc.i_axi_cdc_mig/i_axi_cdc_src/i_cdc_fifo_gray_dst_b/dst_clk_i]] -to [get_pins -quiet -of_objects [filter -regexp [get_cells -quiet -hierarchical -filter {NAME =~ i_dram_wrapper/gen_cdc.i_axi_cdc_mig/i_axi_cdc_dst/i_cdc_fifo_gray_src_b/gen_sync* && REF_NAME =~ FD*}] {NAME =~ .*/reg_q_reg\[0\]$}] -filter {REF_PIN_NAME == D}] 3.000
Requirement: 3.000ns
Endpoints: 6

From Clock            To Clock              Endpoint Pin                    Reference Pin                   Corner  Actual(ns)  Slack(ns)
--------------------  --------------------  ------------------------------  ------------------------------  ------  ----------  ---------
clk_50_clkwiz         mmcm_clkout0          i_dram_wrapper/gen_cdc.i_axi_cdc_mig/i_axi_cdc_dst/i_cdc_fifo_gray_src_b/gen_sync[4].i_sync/reg_q_reg[0]/D
                                                                            i_dram_wrapper/gen_cdc.i_axi_cdc_mig/i_axi_cdc_dst/i_cdc_fifo_gray_src_b/gen_sync[5].i_sync/reg_q_reg[0]/D
                                                                                                            Slow         0.086      2.914


Slack (MET) :             2.914ns  (requirement - actual skew)
  Endpoint Source:        i_dram_wrapper/gen_cdc.i_axi_cdc_mig/i_axi_cdc_src/i_cdc_fifo_gray_dst_b/rptr_q_reg[4]/C
                            (rising edge-triggered cell FDCE clocked by clk_50_clkwiz)
  Endpoint Destination:   i_dram_wrapper/gen_cdc.i_axi_cdc_mig/i_axi_cdc_dst/i_cdc_fifo_gray_src_b/gen_sync[4].i_sync/reg_q_reg[0]/D
                            (rising edge-triggered cell FDCE clocked by mmcm_clkout0)
  Reference Source:       i_dram_wrapper/gen_cdc.i_axi_cdc_mig/i_axi_cdc_src/i_cdc_fifo_gray_dst_b/rptr_q_reg[5]/C
                            (rising edge-triggered cell FDCE clocked by clk_50_clkwiz)
  Reference Destination:  i_dram_wrapper/gen_cdc.i_axi_cdc_mig/i_axi_cdc_dst/i_cdc_fifo_gray_src_b/gen_sync[5].i_sync/reg_q_reg[0]/D
                            (rising edge-triggered cell FDCE clocked by mmcm_clkout0)
  Path Type:              Bus Skew (Max at Slow Process Corner)
  Requirement:            3.000ns
  Endpoint Relative Delay:    1.543ns
  Reference Relative Delay:   1.747ns
  Relative CRPR:              0.000ns
  Uncertainty:                0.290ns
  Actual Bus Skew:            0.086ns  (Endpoint Relative Delay - Reference Relative Delay - Relative CRPR + Uncertainty)

Endpoint path:
    Location             Delay type                Incr(ns)  Path(ns)    Netlist Resource(s)
  -------------------------------------------------------------------    -------------------
                         (clock clk_50_clkwiz rise edge)
                                                      0.000     0.000 r  
    E12                                               0.000     0.000 r  sys_clk_p (IN)
                         net (fo=0)                   0.000     0.000    i_bufds_sys_clk/I
    HPIOBDIFFINBUF_X1Y300
                         DIFFINBUF (Prop_DIFFINBUF_HPIOBDIFFINBUF_DIFF_IN_P_O)
                                                      0.675     0.675 r  i_bufds_sys_clk/DIFFINBUF_INST/O
                         net (fo=1, routed)           0.050     0.725    i_bufds_sys_clk/OUT
    E12                  IBUFCTRL (Prop_IBUFCTRL_HPIOB_M_I_O)
                                                      0.000     0.725 r  i_bufds_sys_clk/IBUFCTRL_INST/O
                         net (fo=1, routed)           0.335     1.060    sys_clk
    BUFGCE_X1Y289        BUFGCE (Prop_BUFCE_BUFGCE_I_O)
                                                      0.028     1.088 r  sys_clk_BUFGCE_inst/O
                         net (fo=19, routed)          0.991     2.079    i_clkwiz/inst/clk_in1
    MMCM_X1Y11           MMCME4_ADV (Prop_MMCM_CLKIN1_CLKOUT0)
                                                     -0.127     1.952 r  i_clkwiz/inst/mmcme4_adv_inst/CLKOUT0
                         net (fo=1, routed)           0.244     2.196    i_clkwiz/inst/clk_50_clkwiz
    BUFGCE_X1Y266        BUFGCE (Prop_BUFCE_BUFGCE_I_O)
                                                      0.028     2.224 r  i_clkwiz/inst/clkout1_buf/O
    X2Y7 (CLOCK_ROOT)    net (fo=199658, routed)      3.582     5.806    i_dram_wrapper/gen_cdc.i_axi_cdc_mig/i_axi_cdc_src/i_cdc_fifo_gray_dst_b/dst_clk_i
    SLICE_X60Y707        FDCE                                         r  i_dram_wrapper/gen_cdc.i_axi_cdc_mig/i_axi_cdc_src/i_cdc_fifo_gray_dst_b/rptr_q_reg[4]/C
  -------------------------------------------------------------------    -------------------
    SLICE_X60Y707        FDCE (Prop_HFF2_SLICEM_C_Q)
                                                      0.078     5.884 r  i_dram_wrapper/gen_cdc.i_axi_cdc_mig/i_axi_cdc_src/i_cdc_fifo_gray_dst_b/rptr_q_reg[4]/Q
                         net (fo=6, routed)           0.653     6.537    i_dram_wrapper/gen_cdc.i_axi_cdc_mig/i_axi_cdc_dst/i_cdc_fifo_gray_src_b/gen_sync[4].i_sync/serial_i
    SLICE_X69Y712        FDCE                                         r  i_dram_wrapper/gen_cdc.i_axi_cdc_mig/i_axi_cdc_dst/i_cdc_fifo_gray_src_b/gen_sync[4].i_sync/reg_q_reg[0]/D
  -------------------------------------------------------------------    -------------------

                         (clock mmcm_clkout0 rise edge)
                                                      0.000     0.000 r  
    E12                                               0.000     0.000 r  sys_clk_p (IN)
                         net (fo=0)                   0.000     0.000    i_bufds_sys_clk/I
    HPIOBDIFFINBUF_X1Y300
                         DIFFINBUF (Prop_DIFFINBUF_HPIOBDIFFINBUF_DIFF_IN_P_O)
                                                      0.564     0.564 r  i_bufds_sys_clk/DIFFINBUF_INST/O
                         net (fo=1, routed)           0.040     0.604    i_bufds_sys_clk/OUT
    E12                  IBUFCTRL (Prop_IBUFCTRL_HPIOB_M_I_O)
                                                      0.000     0.604 r  i_bufds_sys_clk/IBUFCTRL_INST/O
                         net (fo=1, routed)           0.297     0.901    sys_clk
    BUFGCE_X1Y289        BUFGCE (Prop_BUFCE_BUFGCE_I_O)
                                                      0.024     0.925 r  sys_clk_BUFGCE_inst/O
                         net (fo=19, routed)          0.795     1.720    i_dram_wrapper/i_dram/inst/u_ddr4_infrastructure/mmcm_clk_in
    MMCM_X1Y13           MMCME4_ADV (Prop_MMCM_CLKIN1_CLKOUT0)
                                                      0.630     2.350 r  i_dram_wrapper/i_dram/inst/u_ddr4_infrastructure/gen_mmcme4.u_mmcme_adv_inst/CLKOUT0
                         net (fo=1, routed)           0.214     2.564    i_dram_wrapper/i_dram/inst/u_ddr4_infrastructure/mmcm_clkout0
    BUFGCE_X1Y332        BUFGCE (Prop_BUFCE_BUFGCE_I_O)
                                                      0.024     2.588 r  i_dram_wrapper/i_dram/inst/u_ddr4_infrastructure/u_bufg_divClk/O
    X4Y12 (CLOCK_ROOT)   net (fo=36893, routed)       2.202     4.790    i_dram_wrapper/gen_cdc.i_axi_cdc_mig/i_axi_cdc_dst/i_cdc_fifo_gray_src_b/gen_sync[4].i_sync/clk_i
    SLICE_X69Y712        FDCE                                         r  i_dram_wrapper/gen_cdc.i_axi_cdc_mig/i_axi_cdc_dst/i_cdc_fifo_gray_src_b/gen_sync[4].i_sync/reg_q_reg[0]/C
                         clock pessimism              0.178     4.969    
    SLICE_X69Y712        FDCE (Setup_AFF2_SLICEL_C_D)
                                                      0.025     4.994    i_dram_wrapper/gen_cdc.i_axi_cdc_mig/i_axi_cdc_dst/i_cdc_fifo_gray_src_b/gen_sync[4].i_sync/reg_q_reg[0]
  -------------------------------------------------------------------
                         data arrival                           6.537    
                         clock arrival                          4.994    
  -------------------------------------------------------------------
                         relative delay                         1.543    

Reference path:
    Location             Delay type                Incr(ns)  Path(ns)    Netlist Resource(s)
  -------------------------------------------------------------------    -------------------
                         (clock clk_50_clkwiz rise edge)
                                                      0.000     0.000 r  
    E12                                               0.000     0.000 r  sys_clk_p (IN)
                         net (fo=0)                   0.000     0.000    i_bufds_sys_clk/I
    HPIOBDIFFINBUF_X1Y300
                         DIFFINBUF (Prop_DIFFINBUF_HPIOBDIFFINBUF_DIFF_IN_P_O)
                                                      0.564     0.564 r  i_bufds_sys_clk/DIFFINBUF_INST/O
                         net (fo=1, routed)           0.040     0.604    i_bufds_sys_clk/OUT
    E12                  IBUFCTRL (Prop_IBUFCTRL_HPIOB_M_I_O)
                                                      0.000     0.604 r  i_bufds_sys_clk/IBUFCTRL_INST/O
                         net (fo=1, routed)           0.297     0.901    sys_clk
    BUFGCE_X1Y289        BUFGCE (Prop_BUFCE_BUFGCE_I_O)
                                                      0.024     0.925 r  sys_clk_BUFGCE_inst/O
                         net (fo=19, routed)          0.876     1.801    i_clkwiz/inst/clk_in1
    MMCM_X1Y11           MMCME4_ADV (Prop_MMCM_CLKIN1_CLKOUT0)
                                                      0.630     2.431 r  i_clkwiz/inst/mmcme4_adv_inst/CLKOUT0
                         net (fo=1, routed)           0.214     2.645    i_clkwiz/inst/clk_50_clkwiz
    BUFGCE_X1Y266        BUFGCE (Prop_BUFCE_BUFGCE_I_O)
                                                      0.024     2.669 r  i_clkwiz/inst/clkout1_buf/O
    X2Y7 (CLOCK_ROOT)    net (fo=199658, routed)      3.210     5.879    i_dram_wrapper/gen_cdc.i_axi_cdc_mig/i_axi_cdc_src/i_cdc_fifo_gray_dst_b/dst_clk_i
    SLICE_X60Y707        FDCE                                         r  i_dram_wrapper/gen_cdc.i_axi_cdc_mig/i_axi_cdc_src/i_cdc_fifo_gray_dst_b/rptr_q_reg[5]/C
  -------------------------------------------------------------------    -------------------
    SLICE_X60Y707        FDCE (Prop_EFF_SLICEM_C_Q)
                                                      0.058     5.937 r  i_dram_wrapper/gen_cdc.i_axi_cdc_mig/i_axi_cdc_src/i_cdc_fifo_gray_dst_b/rptr_q_reg[5]/Q
                         net (fo=8, routed)           0.302     6.239    i_dram_wrapper/gen_cdc.i_axi_cdc_mig/i_axi_cdc_dst/i_cdc_fifo_gray_src_b/gen_sync[5].i_sync/serial_i
    SLICE_X69Y711        FDCE                                         r  i_dram_wrapper/gen_cdc.i_axi_cdc_mig/i_axi_cdc_dst/i_cdc_fifo_gray_src_b/gen_sync[5].i_sync/reg_q_reg[0]/D
  -------------------------------------------------------------------    -------------------

                         (clock mmcm_clkout0 rise edge)
                                                      0.000     0.000 r  
    E12                                               0.000     0.000 r  sys_clk_p (IN)
                         net (fo=0)                   0.000     0.000    i_bufds_sys_clk/I
    HPIOBDIFFINBUF_X1Y300
                         DIFFINBUF (Prop_DIFFINBUF_HPIOBDIFFINBUF_DIFF_IN_P_O)
                                                      0.675     0.675 r  i_bufds_sys_clk/DIFFINBUF_INST/O
                         net (fo=1, routed)           0.050     0.725    i_bufds_sys_clk/OUT
    E12                  IBUFCTRL (Prop_IBUFCTRL_HPIOB_M_I_O)
                                                      0.000     0.725 r  i_bufds_sys_clk/IBUFCTRL_INST/O
                         net (fo=1, routed)           0.335     1.060    sys_clk
    BUFGCE_X1Y289        BUFGCE (Prop_BUFCE_BUFGCE_I_O)
                                                      0.028     1.088 r  sys_clk_BUFGCE_inst/O
                         net (fo=19, routed)          0.901     1.989    i_dram_wrapper/i_dram/inst/u_ddr4_infrastructure/mmcm_clk_in
    MMCM_X1Y13           MMCME4_ADV (Prop_MMCM_CLKIN1_CLKOUT0)
                                                     -0.127     1.862 r  i_dram_wrapper/i_dram/inst/u_ddr4_infrastructure/gen_mmcme4.u_mmcme_adv_inst/CLKOUT0
                         net (fo=1, routed)           0.244     2.106    i_dram_wrapper/i_dram/inst/u_ddr4_infrastructure/mmcm_clkout0
    BUFGCE_X1Y332        BUFGCE (Prop_BUFCE_BUFGCE_I_O)
                                                      0.028     2.134 r  i_dram_wrapper/i_dram/inst/u_ddr4_infrastructure/u_bufg_divClk/O
    X4Y12 (CLOCK_ROOT)   net (fo=36893, routed)       2.475     4.609    i_dram_wrapper/gen_cdc.i_axi_cdc_mig/i_axi_cdc_dst/i_cdc_fifo_gray_src_b/gen_sync[5].i_sync/clk_i
    SLICE_X69Y711        FDCE                                         r  i_dram_wrapper/gen_cdc.i_axi_cdc_mig/i_axi_cdc_dst/i_cdc_fifo_gray_src_b/gen_sync[5].i_sync/reg_q_reg[0]/C
                         clock pessimism             -0.178     4.430    
    SLICE_X69Y711        FDCE (Hold_EFF2_SLICEL_C_D)
                                                      0.062     4.492    i_dram_wrapper/gen_cdc.i_axi_cdc_mig/i_axi_cdc_dst/i_cdc_fifo_gray_src_b/gen_sync[5].i_sync/reg_q_reg[0]
  -------------------------------------------------------------------
                         data arrival                           6.239    
                         clock arrival                          4.492    
  -------------------------------------------------------------------
                         relative delay                         1.747    



Id: 9
set_bus_skew -from [get_clocks -quiet -of_objects [get_pins -quiet i_dram_wrapper/gen_cdc.i_axi_cdc_mig/i_axi_cdc_dst/i_cdc_fifo_gray_src_r/src_clk_i]] -to [get_pins -quiet -of_objects [filter -regexp [get_cells -quiet -hierarchical -filter {NAME =~ i_dram_wrapper/gen_cdc.i_axi_cdc_mig/i_axi_cdc_src/i_cdc_fifo_gray_dst_r/gen_sync* && REF_NAME =~ FD*}] {NAME =~ .*/reg_q_reg\[0\]$}] -filter {REF_PIN_NAME == D}] 3.000
Requirement: 3.000ns
Endpoints: 6

From Clock            To Clock              Endpoint Pin                    Reference Pin                   Corner  Actual(ns)  Slack(ns)
--------------------  --------------------  ------------------------------  ------------------------------  ------  ----------  ---------
mmcm_clkout0          clk_50_clkwiz         i_dram_wrapper/gen_cdc.i_axi_cdc_mig/i_axi_cdc_src/i_cdc_fifo_gray_dst_r/gen_sync[4].i_sync/reg_q_reg[0]/D
                                                                            i_dram_wrapper/gen_cdc.i_axi_cdc_mig/i_axi_cdc_src/i_cdc_fifo_gray_dst_r/gen_sync[1].i_sync/reg_q_reg[0]/D
                                                                                                            Slow         0.115      2.885


Slack (MET) :             2.885ns  (requirement - actual skew)
  Endpoint Source:        i_dram_wrapper/gen_cdc.i_axi_cdc_mig/i_axi_cdc_dst/i_cdc_fifo_gray_src_r/wptr_q_reg[4]/C
                            (rising edge-triggered cell FDCE clocked by mmcm_clkout0)
  Endpoint Destination:   i_dram_wrapper/gen_cdc.i_axi_cdc_mig/i_axi_cdc_src/i_cdc_fifo_gray_dst_r/gen_sync[4].i_sync/reg_q_reg[0]/D
                            (rising edge-triggered cell FDCE clocked by clk_50_clkwiz)
  Reference Source:       i_dram_wrapper/gen_cdc.i_axi_cdc_mig/i_axi_cdc_dst/i_cdc_fifo_gray_src_r/wptr_q_reg[1]/C
                            (rising edge-triggered cell FDCE clocked by mmcm_clkout0)
  Reference Destination:  i_dram_wrapper/gen_cdc.i_axi_cdc_mig/i_axi_cdc_src/i_cdc_fifo_gray_dst_r/gen_sync[1].i_sync/reg_q_reg[0]/D
                            (rising edge-triggered cell FDCE clocked by clk_50_clkwiz)
  Path Type:              Bus Skew (Max at Slow Process Corner)
  Requirement:            3.000ns
  Endpoint Relative Delay:   -1.199ns
  Reference Relative Delay:  -1.024ns
  Relative CRPR:              0.000ns
  Uncertainty:                0.290ns
  Actual Bus Skew:            0.115ns  (Endpoint Relative Delay - Reference Relative Delay - Relative CRPR + Uncertainty)

Endpoint path:
    Location             Delay type                Incr(ns)  Path(ns)    Netlist Resource(s)
  -------------------------------------------------------------------    -------------------
                         (clock mmcm_clkout0 rise edge)
                                                      0.000     0.000 r  
    E12                                               0.000     0.000 r  sys_clk_p (IN)
                         net (fo=0)                   0.000     0.000    i_bufds_sys_clk/I
    HPIOBDIFFINBUF_X1Y300
                         DIFFINBUF (Prop_DIFFINBUF_HPIOBDIFFINBUF_DIFF_IN_P_O)
                                                      0.675     0.675 r  i_bufds_sys_clk/DIFFINBUF_INST/O
                         net (fo=1, routed)           0.050     0.725    i_bufds_sys_clk/OUT
    E12                  IBUFCTRL (Prop_IBUFCTRL_HPIOB_M_I_O)
                                                      0.000     0.725 r  i_bufds_sys_clk/IBUFCTRL_INST/O
                         net (fo=1, routed)           0.335     1.060    sys_clk
    BUFGCE_X1Y289        BUFGCE (Prop_BUFCE_BUFGCE_I_O)
                                                      0.028     1.088 r  sys_clk_BUFGCE_inst/O
                         net (fo=19, routed)          0.901     1.989    i_dram_wrapper/i_dram/inst/u_ddr4_infrastructure/mmcm_clk_in
    MMCM_X1Y13           MMCME4_ADV (Prop_MMCM_CLKIN1_CLKOUT0)
                                                     -0.127     1.862 r  i_dram_wrapper/i_dram/inst/u_ddr4_infrastructure/gen_mmcme4.u_mmcme_adv_inst/CLKOUT0
                         net (fo=1, routed)           0.244     2.106    i_dram_wrapper/i_dram/inst/u_ddr4_infrastructure/mmcm_clkout0
    BUFGCE_X1Y332        BUFGCE (Prop_BUFCE_BUFGCE_I_O)
                                                      0.028     2.134 r  i_dram_wrapper/i_dram/inst/u_ddr4_infrastructure/u_bufg_divClk/O
    X4Y12 (CLOCK_ROOT)   net (fo=36893, routed)       2.265     4.399    i_dram_wrapper/gen_cdc.i_axi_cdc_mig/i_axi_cdc_dst/i_cdc_fifo_gray_src_r/src_clk_i
    SLICE_X106Y731       FDCE                                         r  i_dram_wrapper/gen_cdc.i_axi_cdc_mig/i_axi_cdc_dst/i_cdc_fifo_gray_src_r/wptr_q_reg[4]/C
  -------------------------------------------------------------------    -------------------
    SLICE_X106Y731       FDCE (Prop_FFF2_SLICEL_C_Q)
                                                      0.081     4.480 r  i_dram_wrapper/gen_cdc.i_axi_cdc_mig/i_axi_cdc_dst/i_cdc_fifo_gray_src_r/wptr_q_reg[4]/Q
                         net (fo=6, routed)           0.565     5.045    i_dram_wrapper/gen_cdc.i_axi_cdc_mig/i_axi_cdc_src/i_cdc_fifo_gray_dst_r/gen_sync[4].i_sync/serial_i
    SLICE_X104Y741       FDCE                                         r  i_dram_wrapper/gen_cdc.i_axi_cdc_mig/i_axi_cdc_src/i_cdc_fifo_gray_dst_r/gen_sync[4].i_sync/reg_q_reg[0]/D
  -------------------------------------------------------------------    -------------------

                         (clock clk_50_clkwiz rise edge)
                                                      0.000     0.000 r  
    E12                                               0.000     0.000 r  sys_clk_p (IN)
                         net (fo=0)                   0.000     0.000    i_bufds_sys_clk/I
    HPIOBDIFFINBUF_X1Y300
                         DIFFINBUF (Prop_DIFFINBUF_HPIOBDIFFINBUF_DIFF_IN_P_O)
                                                      0.564     0.564 r  i_bufds_sys_clk/DIFFINBUF_INST/O
                         net (fo=1, routed)           0.040     0.604    i_bufds_sys_clk/OUT
    E12                  IBUFCTRL (Prop_IBUFCTRL_HPIOB_M_I_O)
                                                      0.000     0.604 r  i_bufds_sys_clk/IBUFCTRL_INST/O
                         net (fo=1, routed)           0.297     0.901    sys_clk
    BUFGCE_X1Y289        BUFGCE (Prop_BUFCE_BUFGCE_I_O)
                                                      0.024     0.925 r  sys_clk_BUFGCE_inst/O
                         net (fo=19, routed)          0.876     1.801    i_clkwiz/inst/clk_in1
    MMCM_X1Y11           MMCME4_ADV (Prop_MMCM_CLKIN1_CLKOUT0)
                                                      0.630     2.431 r  i_clkwiz/inst/mmcme4_adv_inst/CLKOUT0
                         net (fo=1, routed)           0.214     2.645    i_clkwiz/inst/clk_50_clkwiz
    BUFGCE_X1Y266        BUFGCE (Prop_BUFCE_BUFGCE_I_O)
                                                      0.024     2.669 r  i_clkwiz/inst/clkout1_buf/O
    X2Y7 (CLOCK_ROOT)    net (fo=199658, routed)      3.371     6.040    i_dram_wrapper/gen_cdc.i_axi_cdc_mig/i_axi_cdc_src/i_cdc_fifo_gray_dst_r/gen_sync[4].i_sync/clk_i
    SLICE_X104Y741       FDCE                                         r  i_dram_wrapper/gen_cdc.i_axi_cdc_mig/i_axi_cdc_src/i_cdc_fifo_gray_dst_r/gen_sync[4].i_sync/reg_q_reg[0]/C
                         clock pessimism              0.178     6.219    
    SLICE_X104Y741       FDCE (Setup_DFF2_SLICEM_C_D)
                                                      0.025     6.244    i_dram_wrapper/gen_cdc.i_axi_cdc_mig/i_axi_cdc_src/i_cdc_fifo_gray_dst_r/gen_sync[4].i_sync/reg_q_reg[0]
  -------------------------------------------------------------------
                         data arrival                           5.045    
                         clock arrival                          6.244    
  -------------------------------------------------------------------
                         relative delay                        -1.199    

Reference path:
    Location             Delay type                Incr(ns)  Path(ns)    Netlist Resource(s)
  -------------------------------------------------------------------    -------------------
                         (clock mmcm_clkout0 rise edge)
                                                      0.000     0.000 r  
    E12                                               0.000     0.000 r  sys_clk_p (IN)
                         net (fo=0)                   0.000     0.000    i_bufds_sys_clk/I
    HPIOBDIFFINBUF_X1Y300
                         DIFFINBUF (Prop_DIFFINBUF_HPIOBDIFFINBUF_DIFF_IN_P_O)
                                                      0.564     0.564 r  i_bufds_sys_clk/DIFFINBUF_INST/O
                         net (fo=1, routed)           0.040     0.604    i_bufds_sys_clk/OUT
    E12                  IBUFCTRL (Prop_IBUFCTRL_HPIOB_M_I_O)
                                                      0.000     0.604 r  i_bufds_sys_clk/IBUFCTRL_INST/O
                         net (fo=1, routed)           0.297     0.901    sys_clk
    BUFGCE_X1Y289        BUFGCE (Prop_BUFCE_BUFGCE_I_O)
                                                      0.024     0.925 r  sys_clk_BUFGCE_inst/O
                         net (fo=19, routed)          0.795     1.720    i_dram_wrapper/i_dram/inst/u_ddr4_infrastructure/mmcm_clk_in
    MMCM_X1Y13           MMCME4_ADV (Prop_MMCM_CLKIN1_CLKOUT0)
                                                      0.630     2.350 r  i_dram_wrapper/i_dram/inst/u_ddr4_infrastructure/gen_mmcme4.u_mmcme_adv_inst/CLKOUT0
                         net (fo=1, routed)           0.214     2.564    i_dram_wrapper/i_dram/inst/u_ddr4_infrastructure/mmcm_clkout0
    BUFGCE_X1Y332        BUFGCE (Prop_BUFCE_BUFGCE_I_O)
                                                      0.024     2.588 r  i_dram_wrapper/i_dram/inst/u_ddr4_infrastructure/u_bufg_divClk/O
    X4Y12 (CLOCK_ROOT)   net (fo=36893, routed)       2.023     4.611    i_dram_wrapper/gen_cdc.i_axi_cdc_mig/i_axi_cdc_dst/i_cdc_fifo_gray_src_r/src_clk_i
    SLICE_X106Y731       FDCE                                         r  i_dram_wrapper/gen_cdc.i_axi_cdc_mig/i_axi_cdc_dst/i_cdc_fifo_gray_src_r/wptr_q_reg[1]/C
  -------------------------------------------------------------------    -------------------
    SLICE_X106Y731       FDCE (Prop_HFF2_SLICEL_C_Q)
                                                      0.059     4.670 r  i_dram_wrapper/gen_cdc.i_axi_cdc_mig/i_axi_cdc_dst/i_cdc_fifo_gray_src_r/wptr_q_reg[1]/Q
                         net (fo=3, routed)           0.159     4.829    i_dram_wrapper/gen_cdc.i_axi_cdc_mig/i_axi_cdc_src/i_cdc_fifo_gray_dst_r/gen_sync[1].i_sync/serial_i
    SLICE_X106Y738       FDCE                                         r  i_dram_wrapper/gen_cdc.i_axi_cdc_mig/i_axi_cdc_src/i_cdc_fifo_gray_dst_r/gen_sync[1].i_sync/reg_q_reg[0]/D
  -------------------------------------------------------------------    -------------------

                         (clock clk_50_clkwiz rise edge)
                                                      0.000     0.000 r  
    E12                                               0.000     0.000 r  sys_clk_p (IN)
                         net (fo=0)                   0.000     0.000    i_bufds_sys_clk/I
    HPIOBDIFFINBUF_X1Y300
                         DIFFINBUF (Prop_DIFFINBUF_HPIOBDIFFINBUF_DIFF_IN_P_O)
                                                      0.675     0.675 r  i_bufds_sys_clk/DIFFINBUF_INST/O
                         net (fo=1, routed)           0.050     0.725    i_bufds_sys_clk/OUT
    E12                  IBUFCTRL (Prop_IBUFCTRL_HPIOB_M_I_O)
                                                      0.000     0.725 r  i_bufds_sys_clk/IBUFCTRL_INST/O
                         net (fo=1, routed)           0.335     1.060    sys_clk
    BUFGCE_X1Y289        BUFGCE (Prop_BUFCE_BUFGCE_I_O)
                                                      0.028     1.088 r  sys_clk_BUFGCE_inst/O
                         net (fo=19, routed)          0.991     2.079    i_clkwiz/inst/clk_in1
    MMCM_X1Y11           MMCME4_ADV (Prop_MMCM_CLKIN1_CLKOUT0)
                                                     -0.127     1.952 r  i_clkwiz/inst/mmcme4_adv_inst/CLKOUT0
                         net (fo=1, routed)           0.244     2.196    i_clkwiz/inst/clk_50_clkwiz
    BUFGCE_X1Y266        BUFGCE (Prop_BUFCE_BUFGCE_I_O)
                                                      0.028     2.224 r  i_clkwiz/inst/clkout1_buf/O
    X2Y7 (CLOCK_ROOT)    net (fo=199658, routed)      3.746     5.970    i_dram_wrapper/gen_cdc.i_axi_cdc_mig/i_axi_cdc_src/i_cdc_fifo_gray_dst_r/gen_sync[1].i_sync/clk_i
    SLICE_X106Y738       FDCE                                         r  i_dram_wrapper/gen_cdc.i_axi_cdc_mig/i_axi_cdc_src/i_cdc_fifo_gray_dst_r/gen_sync[1].i_sync/reg_q_reg[0]/C
                         clock pessimism             -0.178     5.791    
    SLICE_X106Y738       FDCE (Hold_DFF2_SLICEL_C_D)
                                                      0.062     5.853    i_dram_wrapper/gen_cdc.i_axi_cdc_mig/i_axi_cdc_src/i_cdc_fifo_gray_dst_r/gen_sync[1].i_sync/reg_q_reg[0]
  -------------------------------------------------------------------
                         data arrival                           4.829    
                         clock arrival                          5.853    
  -------------------------------------------------------------------
                         relative delay                        -1.024    



Id: 10
set_bus_skew -from [get_clocks -quiet -of_objects [get_pins -quiet i_dram_wrapper/gen_cdc.i_axi_cdc_mig/i_axi_cdc_src/i_cdc_fifo_gray_dst_r/dst_clk_i]] -to [get_pins -quiet -of_objects [filter -regexp [get_cells -quiet -hierarchical -filter {NAME =~ i_dram_wrapper/gen_cdc.i_axi_cdc_mig/i_axi_cdc_dst/i_cdc_fifo_gray_src_r/gen_sync* && REF_NAME =~ FD*}] {NAME =~ .*/reg_q_reg\[0\]$}] -filter {REF_PIN_NAME == D}] 3.000
Requirement: 3.000ns
Endpoints: 6

From Clock            To Clock              Endpoint Pin                    Reference Pin                   Corner  Actual(ns)  Slack(ns)
--------------------  --------------------  ------------------------------  ------------------------------  ------  ----------  ---------
clk_50_clkwiz         mmcm_clkout0          i_dram_wrapper/gen_cdc.i_axi_cdc_mig/i_axi_cdc_dst/i_cdc_fifo_gray_src_r/gen_sync[4].i_sync/reg_q_reg[0]/D
                                                                            i_dram_wrapper/gen_cdc.i_axi_cdc_mig/i_axi_cdc_dst/i_cdc_fifo_gray_src_r/gen_sync[0].i_sync/reg_q_reg[0]/D
                                                                                                            Slow         0.029      2.971


Slack (MET) :             2.971ns  (requirement - actual skew)
  Endpoint Source:        i_dram_wrapper/gen_cdc.i_axi_cdc_mig/i_axi_cdc_src/i_cdc_fifo_gray_dst_r/rptr_q_reg[4]/C
                            (rising edge-triggered cell FDCE clocked by clk_50_clkwiz)
  Endpoint Destination:   i_dram_wrapper/gen_cdc.i_axi_cdc_mig/i_axi_cdc_dst/i_cdc_fifo_gray_src_r/gen_sync[4].i_sync/reg_q_reg[0]/D
                            (rising edge-triggered cell FDCE clocked by mmcm_clkout0)
  Reference Source:       i_dram_wrapper/gen_cdc.i_axi_cdc_mig/i_axi_cdc_src/i_cdc_fifo_gray_dst_r/rptr_q_reg[0]/C
                            (rising edge-triggered cell FDCE clocked by clk_50_clkwiz)
  Reference Destination:  i_dram_wrapper/gen_cdc.i_axi_cdc_mig/i_axi_cdc_dst/i_cdc_fifo_gray_src_r/gen_sync[0].i_sync/reg_q_reg[0]/D
                            (rising edge-triggered cell FDCE clocked by mmcm_clkout0)
  Path Type:              Bus Skew (Max at Slow Process Corner)
  Requirement:            3.000ns
  Endpoint Relative Delay:    1.830ns
  Reference Relative Delay:   2.091ns
  Relative CRPR:              0.000ns
  Uncertainty:                0.290ns
  Actual Bus Skew:            0.029ns  (Endpoint Relative Delay - Reference Relative Delay - Relative CRPR + Uncertainty)

Endpoint path:
    Location             Delay type                Incr(ns)  Path(ns)    Netlist Resource(s)
  -------------------------------------------------------------------    -------------------
                         (clock clk_50_clkwiz rise edge)
                                                      0.000     0.000 r  
    E12                                               0.000     0.000 r  sys_clk_p (IN)
                         net (fo=0)                   0.000     0.000    i_bufds_sys_clk/I
    HPIOBDIFFINBUF_X1Y300
                         DIFFINBUF (Prop_DIFFINBUF_HPIOBDIFFINBUF_DIFF_IN_P_O)
                                                      0.675     0.675 r  i_bufds_sys_clk/DIFFINBUF_INST/O
                         net (fo=1, routed)           0.050     0.725    i_bufds_sys_clk/OUT
    E12                  IBUFCTRL (Prop_IBUFCTRL_HPIOB_M_I_O)
                                                      0.000     0.725 r  i_bufds_sys_clk/IBUFCTRL_INST/O
                         net (fo=1, routed)           0.335     1.060    sys_clk
    BUFGCE_X1Y289        BUFGCE (Prop_BUFCE_BUFGCE_I_O)
                                                      0.028     1.088 r  sys_clk_BUFGCE_inst/O
                         net (fo=19, routed)          0.991     2.079    i_clkwiz/inst/clk_in1
    MMCM_X1Y11           MMCME4_ADV (Prop_MMCM_CLKIN1_CLKOUT0)
                                                     -0.127     1.952 r  i_clkwiz/inst/mmcme4_adv_inst/CLKOUT0
                         net (fo=1, routed)           0.244     2.196    i_clkwiz/inst/clk_50_clkwiz
    BUFGCE_X1Y266        BUFGCE (Prop_BUFCE_BUFGCE_I_O)
                                                      0.028     2.224 r  i_clkwiz/inst/clkout1_buf/O
    X2Y7 (CLOCK_ROOT)    net (fo=199658, routed)      3.783     6.007    i_dram_wrapper/gen_cdc.i_axi_cdc_mig/i_axi_cdc_src/i_cdc_fifo_gray_dst_r/dst_clk_i
    SLICE_X108Y741       FDCE                                         r  i_dram_wrapper/gen_cdc.i_axi_cdc_mig/i_axi_cdc_src/i_cdc_fifo_gray_dst_r/rptr_q_reg[4]/C
  -------------------------------------------------------------------    -------------------
    SLICE_X108Y741       FDCE (Prop_CFF2_SLICEM_C_Q)
                                                      0.077     6.084 r  i_dram_wrapper/gen_cdc.i_axi_cdc_mig/i_axi_cdc_src/i_cdc_fifo_gray_dst_r/rptr_q_reg[4]/Q
                         net (fo=6, routed)           0.560     6.644    i_dram_wrapper/gen_cdc.i_axi_cdc_mig/i_axi_cdc_dst/i_cdc_fifo_gray_src_r/gen_sync[4].i_sync/serial_i
    SLICE_X106Y730       FDCE                                         r  i_dram_wrapper/gen_cdc.i_axi_cdc_mig/i_axi_cdc_dst/i_cdc_fifo_gray_src_r/gen_sync[4].i_sync/reg_q_reg[0]/D
  -------------------------------------------------------------------    -------------------

                         (clock mmcm_clkout0 rise edge)
                                                      0.000     0.000 r  
    E12                                               0.000     0.000 r  sys_clk_p (IN)
                         net (fo=0)                   0.000     0.000    i_bufds_sys_clk/I
    HPIOBDIFFINBUF_X1Y300
                         DIFFINBUF (Prop_DIFFINBUF_HPIOBDIFFINBUF_DIFF_IN_P_O)
                                                      0.564     0.564 r  i_bufds_sys_clk/DIFFINBUF_INST/O
                         net (fo=1, routed)           0.040     0.604    i_bufds_sys_clk/OUT
    E12                  IBUFCTRL (Prop_IBUFCTRL_HPIOB_M_I_O)
                                                      0.000     0.604 r  i_bufds_sys_clk/IBUFCTRL_INST/O
                         net (fo=1, routed)           0.297     0.901    sys_clk
    BUFGCE_X1Y289        BUFGCE (Prop_BUFCE_BUFGCE_I_O)
                                                      0.024     0.925 r  sys_clk_BUFGCE_inst/O
                         net (fo=19, routed)          0.795     1.720    i_dram_wrapper/i_dram/inst/u_ddr4_infrastructure/mmcm_clk_in
    MMCM_X1Y13           MMCME4_ADV (Prop_MMCM_CLKIN1_CLKOUT0)
                                                      0.630     2.350 r  i_dram_wrapper/i_dram/inst/u_ddr4_infrastructure/gen_mmcme4.u_mmcme_adv_inst/CLKOUT0
                         net (fo=1, routed)           0.214     2.564    i_dram_wrapper/i_dram/inst/u_ddr4_infrastructure/mmcm_clkout0
    BUFGCE_X1Y332        BUFGCE (Prop_BUFCE_BUFGCE_I_O)
                                                      0.024     2.588 r  i_dram_wrapper/i_dram/inst/u_ddr4_infrastructure/u_bufg_divClk/O
    X4Y12 (CLOCK_ROOT)   net (fo=36893, routed)       2.022     4.610    i_dram_wrapper/gen_cdc.i_axi_cdc_mig/i_axi_cdc_dst/i_cdc_fifo_gray_src_r/gen_sync[4].i_sync/clk_i
    SLICE_X106Y730       FDCE                                         r  i_dram_wrapper/gen_cdc.i_axi_cdc_mig/i_axi_cdc_dst/i_cdc_fifo_gray_src_r/gen_sync[4].i_sync/reg_q_reg[0]/C
                         clock pessimism              0.178     4.789    
    SLICE_X106Y730       FDCE (Setup_DFF2_SLICEL_C_D)
                                                      0.025     4.814    i_dram_wrapper/gen_cdc.i_axi_cdc_mig/i_axi_cdc_dst/i_cdc_fifo_gray_src_r/gen_sync[4].i_sync/reg_q_reg[0]
  -------------------------------------------------------------------
                         data arrival                           6.644    
                         clock arrival                          4.814    
  -------------------------------------------------------------------
                         relative delay                         1.830    

Reference path:
    Location             Delay type                Incr(ns)  Path(ns)    Netlist Resource(s)
  -------------------------------------------------------------------    -------------------
                         (clock clk_50_clkwiz rise edge)
                                                      0.000     0.000 r  
    E12                                               0.000     0.000 r  sys_clk_p (IN)
                         net (fo=0)                   0.000     0.000    i_bufds_sys_clk/I
    HPIOBDIFFINBUF_X1Y300
                         DIFFINBUF (Prop_DIFFINBUF_HPIOBDIFFINBUF_DIFF_IN_P_O)
                                                      0.564     0.564 r  i_bufds_sys_clk/DIFFINBUF_INST/O
                         net (fo=1, routed)           0.040     0.604    i_bufds_sys_clk/OUT
    E12                  IBUFCTRL (Prop_IBUFCTRL_HPIOB_M_I_O)
                                                      0.000     0.604 r  i_bufds_sys_clk/IBUFCTRL_INST/O
                         net (fo=1, routed)           0.297     0.901    sys_clk
    BUFGCE_X1Y289        BUFGCE (Prop_BUFCE_BUFGCE_I_O)
                                                      0.024     0.925 r  sys_clk_BUFGCE_inst/O
                         net (fo=19, routed)          0.876     1.801    i_clkwiz/inst/clk_in1
    MMCM_X1Y11           MMCME4_ADV (Prop_MMCM_CLKIN1_CLKOUT0)
                                                      0.630     2.431 r  i_clkwiz/inst/mmcme4_adv_inst/CLKOUT0
                         net (fo=1, routed)           0.214     2.645    i_clkwiz/inst/clk_50_clkwiz
    BUFGCE_X1Y266        BUFGCE (Prop_BUFCE_BUFGCE_I_O)
                                                      0.024     2.669 r  i_clkwiz/inst/clkout1_buf/O
    X2Y7 (CLOCK_ROOT)    net (fo=199658, routed)      3.393     6.062    i_dram_wrapper/gen_cdc.i_axi_cdc_mig/i_axi_cdc_src/i_cdc_fifo_gray_dst_r/dst_clk_i
    SLICE_X108Y741       FDCE                                         r  i_dram_wrapper/gen_cdc.i_axi_cdc_mig/i_axi_cdc_src/i_cdc_fifo_gray_dst_r/rptr_q_reg[0]/C
  -------------------------------------------------------------------    -------------------
    SLICE_X108Y741       FDCE (Prop_GFF2_SLICEM_C_Q)
                                                      0.060     6.122 r  i_dram_wrapper/gen_cdc.i_axi_cdc_mig/i_axi_cdc_src/i_cdc_fifo_gray_dst_r/rptr_q_reg[0]/Q
                         net (fo=2, routed)           0.236     6.358    i_dram_wrapper/gen_cdc.i_axi_cdc_mig/i_axi_cdc_dst/i_cdc_fifo_gray_src_r/gen_sync[0].i_sync/serial_i
    SLICE_X107Y730       FDCE                                         r  i_dram_wrapper/gen_cdc.i_axi_cdc_mig/i_axi_cdc_dst/i_cdc_fifo_gray_src_r/gen_sync[0].i_sync/reg_q_reg[0]/D
  -------------------------------------------------------------------    -------------------

                         (clock mmcm_clkout0 rise edge)
                                                      0.000     0.000 r  
    E12                                               0.000     0.000 r  sys_clk_p (IN)
                         net (fo=0)                   0.000     0.000    i_bufds_sys_clk/I
    HPIOBDIFFINBUF_X1Y300
                         DIFFINBUF (Prop_DIFFINBUF_HPIOBDIFFINBUF_DIFF_IN_P_O)
                                                      0.675     0.675 r  i_bufds_sys_clk/DIFFINBUF_INST/O
                         net (fo=1, routed)           0.050     0.725    i_bufds_sys_clk/OUT
    E12                  IBUFCTRL (Prop_IBUFCTRL_HPIOB_M_I_O)
                                                      0.000     0.725 r  i_bufds_sys_clk/IBUFCTRL_INST/O
                         net (fo=1, routed)           0.335     1.060    sys_clk
    BUFGCE_X1Y289        BUFGCE (Prop_BUFCE_BUFGCE_I_O)
                                                      0.028     1.088 r  sys_clk_BUFGCE_inst/O
                         net (fo=19, routed)          0.901     1.989    i_dram_wrapper/i_dram/inst/u_ddr4_infrastructure/mmcm_clk_in
    MMCM_X1Y13           MMCME4_ADV (Prop_MMCM_CLKIN1_CLKOUT0)
                                                     -0.127     1.862 r  i_dram_wrapper/i_dram/inst/u_ddr4_infrastructure/gen_mmcme4.u_mmcme_adv_inst/CLKOUT0
                         net (fo=1, routed)           0.244     2.106    i_dram_wrapper/i_dram/inst/u_ddr4_infrastructure/mmcm_clkout0
    BUFGCE_X1Y332        BUFGCE (Prop_BUFCE_BUFGCE_I_O)
                                                      0.028     2.134 r  i_dram_wrapper/i_dram/inst/u_ddr4_infrastructure/u_bufg_divClk/O
    X4Y12 (CLOCK_ROOT)   net (fo=36893, routed)       2.251     4.385    i_dram_wrapper/gen_cdc.i_axi_cdc_mig/i_axi_cdc_dst/i_cdc_fifo_gray_src_r/gen_sync[0].i_sync/clk_i
    SLICE_X107Y730       FDCE                                         r  i_dram_wrapper/gen_cdc.i_axi_cdc_mig/i_axi_cdc_dst/i_cdc_fifo_gray_src_r/gen_sync[0].i_sync/reg_q_reg[0]/C
                         clock pessimism             -0.178     4.206    
    SLICE_X107Y730       FDCE (Hold_DFF2_SLICEM_C_D)
                                                      0.061     4.267    i_dram_wrapper/gen_cdc.i_axi_cdc_mig/i_axi_cdc_dst/i_cdc_fifo_gray_src_r/gen_sync[0].i_sync/reg_q_reg[0]
  -------------------------------------------------------------------
                         data arrival                           6.358    
                         clock arrival                          4.267    
  -------------------------------------------------------------------
                         relative delay                         2.091    



Id: 11
set_bus_skew -from [get_cells [list {dbg_hub/inst/BSCANID.u_xsdbm_id/CORE_XSDB.UUT_MASTER/U_ICON_INTERFACE/U_CMD6_RD/U_RD_FIFO/SUBCORE_FIFO.xsdbm_v3_0_0_rdfifo_inst/inst_fifo_gen/gconvfifo.rf/grf.rf/gntv_or_sync_fifo.gcx.clkx/gnxpm_cdc.rd_pntr_gc_reg[0]} {dbg_hub/inst/BSCANID.u_xsdbm_id/CORE_XSDB.UUT_MASTER/U_ICON_INTERFACE/U_CMD6_RD/U_RD_FIFO/SUBCORE_FIFO.xsdbm_v3_0_0_rdfifo_inst/inst_fifo_gen/gconvfifo.rf/grf.rf/gntv_or_sync_fifo.gcx.clkx/gnxpm_cdc.rd_pntr_gc_reg[1]} {dbg_hub/inst/BSCANID.u_xsdbm_id/CORE_XSDB.UUT_MASTER/U_ICON_INTERFACE/U_CMD6_RD/U_RD_FIFO/SUBCORE_FIFO.xsdbm_v3_0_0_rdfifo_inst/inst_fifo_gen/gconvfifo.rf/grf.rf/gntv_or_sync_fifo.gcx.clkx/gnxpm_cdc.rd_pntr_gc_reg[2]} {dbg_hub/inst/BSCANID.u_xsdbm_id/CORE_XSDB.UUT_MASTER/U_ICON_INTERFACE/U_CMD6_RD/U_RD_FIFO/SUBCORE_FIFO.xsdbm_v3_0_0_rdfifo_inst/inst_fifo_gen/gconvfifo.rf/grf.rf/gntv_or_sync_fifo.gcx.clkx/gnxpm_cdc.rd_pntr_gc_reg[3]}]] -to [get_cells [list {dbg_hub/inst/BSCANID.u_xsdbm_id/CORE_XSDB.UUT_MASTER/U_ICON_INTERFACE/U_CMD6_RD/U_RD_FIFO/SUBCORE_FIFO.xsdbm_v3_0_0_rdfifo_inst/inst_fifo_gen/gconvfifo.rf/grf.rf/gntv_or_sync_fifo.gcx.clkx/gnxpm_cdc.gsync_stage[1].wr_stg_inst/Q_reg_reg[0]} {dbg_hub/inst/BSCANID.u_xsdbm_id/CORE_XSDB.UUT_MASTER/U_ICON_INTERFACE/U_CMD6_RD/U_RD_FIFO/SUBCORE_FIFO.xsdbm_v3_0_0_rdfifo_inst/inst_fifo_gen/gconvfifo.rf/grf.rf/gntv_or_sync_fifo.gcx.clkx/gnxpm_cdc.gsync_stage[1].wr_stg_inst/Q_reg_reg[1]} {dbg_hub/inst/BSCANID.u_xsdbm_id/CORE_XSDB.UUT_MASTER/U_ICON_INTERFACE/U_CMD6_RD/U_RD_FIFO/SUBCORE_FIFO.xsdbm_v3_0_0_rdfifo_inst/inst_fifo_gen/gconvfifo.rf/grf.rf/gntv_or_sync_fifo.gcx.clkx/gnxpm_cdc.gsync_stage[1].wr_stg_inst/Q_reg_reg[2]} {dbg_hub/inst/BSCANID.u_xsdbm_id/CORE_XSDB.UUT_MASTER/U_ICON_INTERFACE/U_CMD6_RD/U_RD_FIFO/SUBCORE_FIFO.xsdbm_v3_0_0_rdfifo_inst/inst_fifo_gen/gconvfifo.rf/grf.rf/gntv_or_sync_fifo.gcx.clkx/gnxpm_cdc.gsync_stage[1].wr_stg_inst/Q_reg_reg[3]}]] 20.000
Requirement: 20.000ns
Endpoints: 4

From Clock            To Clock              Endpoint Pin                    Reference Pin                   Corner  Actual(ns)  Slack(ns)
--------------------  --------------------  ------------------------------  ------------------------------  ------  ----------  ---------
dbg_hub/inst/BSCANID.u_xsdbm_id/SWITCH_N_EXT_BSCAN.bscan_inst/SERIES7_BSCAN.bscan_inst/INTERNAL_TCK
                      clk_50_clkwiz         dbg_hub/inst/BSCANID.u_xsdbm_id/CORE_XSDB.UUT_MASTER/U_ICON_INTERFACE/U_CMD6_RD/U_RD_FIFO/SUBCORE_FIFO.xsdbm_v3_0_0_rdfifo_inst/inst_fifo_gen/gconvfifo.rf/grf.rf/gntv_or_sync_fifo.gcx.clkx/gnxpm_cdc.gsync_stage[1].wr_stg_inst/Q_reg_reg[1]/D
                                                                            dbg_hub/inst/BSCANID.u_xsdbm_id/CORE_XSDB.UUT_MASTER/U_ICON_INTERFACE/U_CMD6_RD/U_RD_FIFO/SUBCORE_FIFO.xsdbm_v3_0_0_rdfifo_inst/inst_fifo_gen/gconvfifo.rf/grf.rf/gntv_or_sync_fifo.gcx.clkx/gnxpm_cdc.gsync_stage[1].wr_stg_inst/Q_reg_reg[3]/D
                                                                                                            Slow         1.547     18.453


Slack (MET) :             18.453ns  (requirement - actual skew)
  Endpoint Source:        dbg_hub/inst/BSCANID.u_xsdbm_id/CORE_XSDB.UUT_MASTER/U_ICON_INTERFACE/U_CMD6_RD/U_RD_FIFO/SUBCORE_FIFO.xsdbm_v3_0_0_rdfifo_inst/inst_fifo_gen/gconvfifo.rf/grf.rf/gntv_or_sync_fifo.gcx.clkx/gnxpm_cdc.rd_pntr_gc_reg[1]/C
                            (rising edge-triggered cell FDCE clocked by dbg_hub/inst/BSCANID.u_xsdbm_id/SWITCH_N_EXT_BSCAN.bscan_inst/SERIES7_BSCAN.bscan_inst/INTERNAL_TCK)
  Endpoint Destination:   dbg_hub/inst/BSCANID.u_xsdbm_id/CORE_XSDB.UUT_MASTER/U_ICON_INTERFACE/U_CMD6_RD/U_RD_FIFO/SUBCORE_FIFO.xsdbm_v3_0_0_rdfifo_inst/inst_fifo_gen/gconvfifo.rf/grf.rf/gntv_or_sync_fifo.gcx.clkx/gnxpm_cdc.gsync_stage[1].wr_stg_inst/Q_reg_reg[1]/D
                            (rising edge-triggered cell FDCE clocked by clk_50_clkwiz)
  Reference Source:       dbg_hub/inst/BSCANID.u_xsdbm_id/CORE_XSDB.UUT_MASTER/U_ICON_INTERFACE/U_CMD6_RD/U_RD_FIFO/SUBCORE_FIFO.xsdbm_v3_0_0_rdfifo_inst/inst_fifo_gen/gconvfifo.rf/grf.rf/gntv_or_sync_fifo.gcx.clkx/gnxpm_cdc.rd_pntr_gc_reg[3]/C
                            (rising edge-triggered cell FDCE clocked by dbg_hub/inst/BSCANID.u_xsdbm_id/SWITCH_N_EXT_BSCAN.bscan_inst/SERIES7_BSCAN.bscan_inst/INTERNAL_TCK)
  Reference Destination:  dbg_hub/inst/BSCANID.u_xsdbm_id/CORE_XSDB.UUT_MASTER/U_ICON_INTERFACE/U_CMD6_RD/U_RD_FIFO/SUBCORE_FIFO.xsdbm_v3_0_0_rdfifo_inst/inst_fifo_gen/gconvfifo.rf/grf.rf/gntv_or_sync_fifo.gcx.clkx/gnxpm_cdc.gsync_stage[1].wr_stg_inst/Q_reg_reg[3]/D
                            (rising edge-triggered cell FDCE clocked by clk_50_clkwiz)
  Path Type:              Bus Skew (Max at Slow Process Corner)
  Requirement:            20.000ns
  Endpoint Relative Delay:    5.736ns
  Reference Relative Delay:  -0.945ns
  Relative CRPR:              5.371ns
  Uncertainty:                0.238ns
  Actual Bus Skew:            1.547ns  (Endpoint Relative Delay - Reference Relative Delay - Relative CRPR + Uncertainty)

Endpoint path:
    Location             Delay type                Incr(ns)  Path(ns)    Netlist Resource(s)
  -------------------------------------------------------------------    -------------------
                         (clock dbg_hub/inst/BSCANID.u_xsdbm_id/SWITCH_N_EXT_BSCAN.bscan_inst/SERIES7_BSCAN.bscan_inst/INTERNAL_TCK rise edge)
                                                      0.000     0.000 r  
    CONFIG_SITE_X0Y1     BSCANE2                      0.000     0.000 r  dbg_hub/inst/BSCANID.u_xsdbm_id/SWITCH_N_EXT_BSCAN.bscan_inst/SERIES7_BSCAN.bscan_inst/INTERNAL_TCK
    CONFIG_SITE_X0Y1     BSCANE2 (Prop_BSCAN1_CONFIG_SITE_INTERNAL_TCK_TCK)
                                                      4.300     4.300 r  dbg_hub/inst/BSCANID.u_xsdbm_id/SWITCH_N_EXT_BSCAN.bscan_inst/SERIES7_BSCAN.bscan_inst/TCK
                         net (fo=1, routed)           4.161     8.461    dbg_hub/inst/BSCANID.u_xsdbm_id/tck_bs
    SLR Crossing[1->2]   
    BUFGCE_X1Y288        BUFGCE (Prop_BUFCE_BUFGCE_I_O)
                                                      0.028     8.489 r  dbg_hub/inst/BSCANID.u_xsdbm_id/SWITCH_N_EXT_BSCAN.u_bufg_icon_tck/O
    X3Y10 (CLOCK_ROOT)   net (fo=494, routed)         2.066    10.555    dbg_hub/inst/BSCANID.u_xsdbm_id/CORE_XSDB.UUT_MASTER/U_ICON_INTERFACE/U_CMD6_RD/U_RD_FIFO/SUBCORE_FIFO.xsdbm_v3_0_0_rdfifo_inst/inst_fifo_gen/gconvfifo.rf/grf.rf/gntv_or_sync_fifo.gcx.clkx/rd_clk
    SLICE_X111Y613       FDCE                                         r  dbg_hub/inst/BSCANID.u_xsdbm_id/CORE_XSDB.UUT_MASTER/U_ICON_INTERFACE/U_CMD6_RD/U_RD_FIFO/SUBCORE_FIFO.xsdbm_v3_0_0_rdfifo_inst/inst_fifo_gen/gconvfifo.rf/grf.rf/gntv_or_sync_fifo.gcx.clkx/gnxpm_cdc.rd_pntr_gc_reg[1]/C
  -------------------------------------------------------------------    -------------------
    SLICE_X111Y613       FDCE (Prop_DFF2_SLICEL_C_Q)
                                                      0.081    10.636 r  dbg_hub/inst/BSCANID.u_xsdbm_id/CORE_XSDB.UUT_MASTER/U_ICON_INTERFACE/U_CMD6_RD/U_RD_FIFO/SUBCORE_FIFO.xsdbm_v3_0_0_rdfifo_inst/inst_fifo_gen/gconvfifo.rf/grf.rf/gntv_or_sync_fifo.gcx.clkx/gnxpm_cdc.rd_pntr_gc_reg[1]/Q
                         net (fo=1, routed)           1.148    11.784    dbg_hub/inst/BSCANID.u_xsdbm_id/CORE_XSDB.UUT_MASTER/U_ICON_INTERFACE/U_CMD6_RD/U_RD_FIFO/SUBCORE_FIFO.xsdbm_v3_0_0_rdfifo_inst/inst_fifo_gen/gconvfifo.rf/grf.rf/gntv_or_sync_fifo.gcx.clkx/gnxpm_cdc.gsync_stage[1].wr_stg_inst/Q[1]
    SLICE_X111Y613       FDCE                                         r  dbg_hub/inst/BSCANID.u_xsdbm_id/CORE_XSDB.UUT_MASTER/U_ICON_INTERFACE/U_CMD6_RD/U_RD_FIFO/SUBCORE_FIFO.xsdbm_v3_0_0_rdfifo_inst/inst_fifo_gen/gconvfifo.rf/grf.rf/gntv_or_sync_fifo.gcx.clkx/gnxpm_cdc.gsync_stage[1].wr_stg_inst/Q_reg_reg[1]/D
  -------------------------------------------------------------------    -------------------

                         (clock clk_50_clkwiz rise edge)
                                                      0.000     0.000 r  
    E12                                               0.000     0.000 r  sys_clk_p (IN)
                         net (fo=0)                   0.000     0.000    i_bufds_sys_clk/I
    HPIOBDIFFINBUF_X1Y300
                         DIFFINBUF (Prop_DIFFINBUF_HPIOBDIFFINBUF_DIFF_IN_P_O)
                                                      0.564     0.564 r  i_bufds_sys_clk/DIFFINBUF_INST/O
                         net (fo=1, routed)           0.040     0.604    i_bufds_sys_clk/OUT
    E12                  IBUFCTRL (Prop_IBUFCTRL_HPIOB_M_I_O)
                                                      0.000     0.604 r  i_bufds_sys_clk/IBUFCTRL_INST/O
                         net (fo=1, routed)           0.297     0.901    sys_clk
    BUFGCE_X1Y289        BUFGCE (Prop_BUFCE_BUFGCE_I_O)
                                                      0.024     0.925 r  sys_clk_BUFGCE_inst/O
                         net (fo=19, routed)          0.876     1.801    i_clkwiz/inst/clk_in1
    MMCM_X1Y11           MMCME4_ADV (Prop_MMCM_CLKIN1_CLKOUT0)
                                                      0.630     2.431 r  i_clkwiz/inst/mmcme4_adv_inst/CLKOUT0
                         net (fo=1, routed)           0.214     2.645    i_clkwiz/inst/clk_50_clkwiz
    BUFGCE_X1Y266        BUFGCE (Prop_BUFCE_BUFGCE_I_O)
                                                      0.024     2.669 r  i_clkwiz/inst/clkout1_buf/O
    X2Y7 (CLOCK_ROOT)    net (fo=199658, routed)      3.354     6.023    dbg_hub/inst/BSCANID.u_xsdbm_id/CORE_XSDB.UUT_MASTER/U_ICON_INTERFACE/U_CMD6_RD/U_RD_FIFO/SUBCORE_FIFO.xsdbm_v3_0_0_rdfifo_inst/inst_fifo_gen/gconvfifo.rf/grf.rf/gntv_or_sync_fifo.gcx.clkx/gnxpm_cdc.gsync_stage[1].wr_stg_inst/wr_clk
    SLICE_X111Y613       FDCE                                         r  dbg_hub/inst/BSCANID.u_xsdbm_id/CORE_XSDB.UUT_MASTER/U_ICON_INTERFACE/U_CMD6_RD/U_RD_FIFO/SUBCORE_FIFO.xsdbm_v3_0_0_rdfifo_inst/inst_fifo_gen/gconvfifo.rf/grf.rf/gntv_or_sync_fifo.gcx.clkx/gnxpm_cdc.gsync_stage[1].wr_stg_inst/Q_reg_reg[1]/C
                         clock pessimism              0.000     6.023    
    SLICE_X111Y613       FDCE (Setup_HFF2_SLICEL_C_D)
                                                      0.025     6.048    dbg_hub/inst/BSCANID.u_xsdbm_id/CORE_XSDB.UUT_MASTER/U_ICON_INTERFACE/U_CMD6_RD/U_RD_FIFO/SUBCORE_FIFO.xsdbm_v3_0_0_rdfifo_inst/inst_fifo_gen/gconvfifo.rf/grf.rf/gntv_or_sync_fifo.gcx.clkx/gnxpm_cdc.gsync_stage[1].wr_stg_inst/Q_reg_reg[1]
  -------------------------------------------------------------------
                         data arrival                          11.784    
                         clock arrival                          6.048    
  -------------------------------------------------------------------
                         relative delay                         5.736    

Reference path:
    Location             Delay type                Incr(ns)  Path(ns)    Netlist Resource(s)
  -------------------------------------------------------------------    -------------------
                         (clock dbg_hub/inst/BSCANID.u_xsdbm_id/SWITCH_N_EXT_BSCAN.bscan_inst/SERIES7_BSCAN.bscan_inst/INTERNAL_TCK rise edge)
                                                      0.000     0.000 r  
    CONFIG_SITE_X0Y1     BSCANE2                      0.000     0.000 r  dbg_hub/inst/BSCANID.u_xsdbm_id/SWITCH_N_EXT_BSCAN.bscan_inst/SERIES7_BSCAN.bscan_inst/INTERNAL_TCK
    CONFIG_SITE_X0Y1     BSCANE2 (Prop_BSCAN1_CONFIG_SITE_INTERNAL_TCK_TCK)
                                                      0.465     0.465 r  dbg_hub/inst/BSCANID.u_xsdbm_id/SWITCH_N_EXT_BSCAN.bscan_inst/SERIES7_BSCAN.bscan_inst/TCK
                         net (fo=1, routed)           2.607     3.072    dbg_hub/inst/BSCANID.u_xsdbm_id/tck_bs
    SLR Crossing[1->2]   
    BUFGCE_X1Y288        BUFGCE (Prop_BUFCE_BUFGCE_I_O)
                                                      0.024     3.096 r  dbg_hub/inst/BSCANID.u_xsdbm_id/SWITCH_N_EXT_BSCAN.u_bufg_icon_tck/O
    X3Y10 (CLOCK_ROOT)   net (fo=494, routed)         1.827     4.923    dbg_hub/inst/BSCANID.u_xsdbm_id/CORE_XSDB.UUT_MASTER/U_ICON_INTERFACE/U_CMD6_RD/U_RD_FIFO/SUBCORE_FIFO.xsdbm_v3_0_0_rdfifo_inst/inst_fifo_gen/gconvfifo.rf/grf.rf/gntv_or_sync_fifo.gcx.clkx/rd_clk
    SLICE_X108Y613       FDCE                                         r  dbg_hub/inst/BSCANID.u_xsdbm_id/CORE_XSDB.UUT_MASTER/U_ICON_INTERFACE/U_CMD6_RD/U_RD_FIFO/SUBCORE_FIFO.xsdbm_v3_0_0_rdfifo_inst/inst_fifo_gen/gconvfifo.rf/grf.rf/gntv_or_sync_fifo.gcx.clkx/gnxpm_cdc.rd_pntr_gc_reg[3]/C
  -------------------------------------------------------------------    -------------------
    SLICE_X108Y613       FDCE (Prop_AFF_SLICEM_C_Q)
                                                      0.058     4.981 r  dbg_hub/inst/BSCANID.u_xsdbm_id/CORE_XSDB.UUT_MASTER/U_ICON_INTERFACE/U_CMD6_RD/U_RD_FIFO/SUBCORE_FIFO.xsdbm_v3_0_0_rdfifo_inst/inst_fifo_gen/gconvfifo.rf/grf.rf/gntv_or_sync_fifo.gcx.clkx/gnxpm_cdc.rd_pntr_gc_reg[3]/Q
                         net (fo=1, routed)           0.108     5.089    dbg_hub/inst/BSCANID.u_xsdbm_id/CORE_XSDB.UUT_MASTER/U_ICON_INTERFACE/U_CMD6_RD/U_RD_FIFO/SUBCORE_FIFO.xsdbm_v3_0_0_rdfifo_inst/inst_fifo_gen/gconvfifo.rf/grf.rf/gntv_or_sync_fifo.gcx.clkx/gnxpm_cdc.gsync_stage[1].wr_stg_inst/Q[3]
    SLICE_X108Y613       FDCE                                         r  dbg_hub/inst/BSCANID.u_xsdbm_id/CORE_XSDB.UUT_MASTER/U_ICON_INTERFACE/U_CMD6_RD/U_RD_FIFO/SUBCORE_FIFO.xsdbm_v3_0_0_rdfifo_inst/inst_fifo_gen/gconvfifo.rf/grf.rf/gntv_or_sync_fifo.gcx.clkx/gnxpm_cdc.gsync_stage[1].wr_stg_inst/Q_reg_reg[3]/D
  -------------------------------------------------------------------    -------------------

                         (clock clk_50_clkwiz rise edge)
                                                      0.000     0.000 r  
    E12                                               0.000     0.000 r  sys_clk_p (IN)
                         net (fo=0)                   0.000     0.000    i_bufds_sys_clk/I
    HPIOBDIFFINBUF_X1Y300
                         DIFFINBUF (Prop_DIFFINBUF_HPIOBDIFFINBUF_DIFF_IN_P_O)
                                                      0.675     0.675 r  i_bufds_sys_clk/DIFFINBUF_INST/O
                         net (fo=1, routed)           0.050     0.725    i_bufds_sys_clk/OUT
    E12                  IBUFCTRL (Prop_IBUFCTRL_HPIOB_M_I_O)
                                                      0.000     0.725 r  i_bufds_sys_clk/IBUFCTRL_INST/O
                         net (fo=1, routed)           0.335     1.060    sys_clk
    BUFGCE_X1Y289        BUFGCE (Prop_BUFCE_BUFGCE_I_O)
                                                      0.028     1.088 r  sys_clk_BUFGCE_inst/O
                         net (fo=19, routed)          0.991     2.079    i_clkwiz/inst/clk_in1
    MMCM_X1Y11           MMCME4_ADV (Prop_MMCM_CLKIN1_CLKOUT0)
                                                     -0.127     1.952 r  i_clkwiz/inst/mmcme4_adv_inst/CLKOUT0
                         net (fo=1, routed)           0.244     2.196    i_clkwiz/inst/clk_50_clkwiz
    BUFGCE_X1Y266        BUFGCE (Prop_BUFCE_BUFGCE_I_O)
                                                      0.028     2.224 r  i_clkwiz/inst/clkout1_buf/O
    X2Y7 (CLOCK_ROOT)    net (fo=199658, routed)      3.748     5.972    dbg_hub/inst/BSCANID.u_xsdbm_id/CORE_XSDB.UUT_MASTER/U_ICON_INTERFACE/U_CMD6_RD/U_RD_FIFO/SUBCORE_FIFO.xsdbm_v3_0_0_rdfifo_inst/inst_fifo_gen/gconvfifo.rf/grf.rf/gntv_or_sync_fifo.gcx.clkx/gnxpm_cdc.gsync_stage[1].wr_stg_inst/wr_clk
    SLICE_X108Y613       FDCE                                         r  dbg_hub/inst/BSCANID.u_xsdbm_id/CORE_XSDB.UUT_MASTER/U_ICON_INTERFACE/U_CMD6_RD/U_RD_FIFO/SUBCORE_FIFO.xsdbm_v3_0_0_rdfifo_inst/inst_fifo_gen/gconvfifo.rf/grf.rf/gntv_or_sync_fifo.gcx.clkx/gnxpm_cdc.gsync_stage[1].wr_stg_inst/Q_reg_reg[3]/C
                         clock pessimism              0.000     5.972    
    SLICE_X108Y613       FDCE (Hold_HFF2_SLICEM_C_D)
                                                      0.062     6.034    dbg_hub/inst/BSCANID.u_xsdbm_id/CORE_XSDB.UUT_MASTER/U_ICON_INTERFACE/U_CMD6_RD/U_RD_FIFO/SUBCORE_FIFO.xsdbm_v3_0_0_rdfifo_inst/inst_fifo_gen/gconvfifo.rf/grf.rf/gntv_or_sync_fifo.gcx.clkx/gnxpm_cdc.gsync_stage[1].wr_stg_inst/Q_reg_reg[3]
  -------------------------------------------------------------------
                         data arrival                           5.089    
                         clock arrival                          6.034    
  -------------------------------------------------------------------
                         relative delay                        -0.945    



Id: 12
set_bus_skew -from [get_cells [list {dbg_hub/inst/BSCANID.u_xsdbm_id/CORE_XSDB.UUT_MASTER/U_ICON_INTERFACE/U_CMD6_RD/U_RD_FIFO/SUBCORE_FIFO.xsdbm_v3_0_0_rdfifo_inst/inst_fifo_gen/gconvfifo.rf/grf.rf/gntv_or_sync_fifo.gcx.clkx/gnxpm_cdc.wr_pntr_gc_reg[0]} {dbg_hub/inst/BSCANID.u_xsdbm_id/CORE_XSDB.UUT_MASTER/U_ICON_INTERFACE/U_CMD6_RD/U_RD_FIFO/SUBCORE_FIFO.xsdbm_v3_0_0_rdfifo_inst/inst_fifo_gen/gconvfifo.rf/grf.rf/gntv_or_sync_fifo.gcx.clkx/gnxpm_cdc.wr_pntr_gc_reg[1]} {dbg_hub/inst/BSCANID.u_xsdbm_id/CORE_XSDB.UUT_MASTER/U_ICON_INTERFACE/U_CMD6_RD/U_RD_FIFO/SUBCORE_FIFO.xsdbm_v3_0_0_rdfifo_inst/inst_fifo_gen/gconvfifo.rf/grf.rf/gntv_or_sync_fifo.gcx.clkx/gnxpm_cdc.wr_pntr_gc_reg[2]} {dbg_hub/inst/BSCANID.u_xsdbm_id/CORE_XSDB.UUT_MASTER/U_ICON_INTERFACE/U_CMD6_RD/U_RD_FIFO/SUBCORE_FIFO.xsdbm_v3_0_0_rdfifo_inst/inst_fifo_gen/gconvfifo.rf/grf.rf/gntv_or_sync_fifo.gcx.clkx/gnxpm_cdc.wr_pntr_gc_reg[3]}]] -to [get_cells [list {dbg_hub/inst/BSCANID.u_xsdbm_id/CORE_XSDB.UUT_MASTER/U_ICON_INTERFACE/U_CMD6_RD/U_RD_FIFO/SUBCORE_FIFO.xsdbm_v3_0_0_rdfifo_inst/inst_fifo_gen/gconvfifo.rf/grf.rf/gntv_or_sync_fifo.gcx.clkx/gnxpm_cdc.gsync_stage[1].rd_stg_inst/Q_reg_reg[0]} {dbg_hub/inst/BSCANID.u_xsdbm_id/CORE_XSDB.UUT_MASTER/U_ICON_INTERFACE/U_CMD6_RD/U_RD_FIFO/SUBCORE_FIFO.xsdbm_v3_0_0_rdfifo_inst/inst_fifo_gen/gconvfifo.rf/grf.rf/gntv_or_sync_fifo.gcx.clkx/gnxpm_cdc.gsync_stage[1].rd_stg_inst/Q_reg_reg[1]} {dbg_hub/inst/BSCANID.u_xsdbm_id/CORE_XSDB.UUT_MASTER/U_ICON_INTERFACE/U_CMD6_RD/U_RD_FIFO/SUBCORE_FIFO.xsdbm_v3_0_0_rdfifo_inst/inst_fifo_gen/gconvfifo.rf/grf.rf/gntv_or_sync_fifo.gcx.clkx/gnxpm_cdc.gsync_stage[1].rd_stg_inst/Q_reg_reg[2]} {dbg_hub/inst/BSCANID.u_xsdbm_id/CORE_XSDB.UUT_MASTER/U_ICON_INTERFACE/U_CMD6_RD/U_RD_FIFO/SUBCORE_FIFO.xsdbm_v3_0_0_rdfifo_inst/inst_fifo_gen/gconvfifo.rf/grf.rf/gntv_or_sync_fifo.gcx.clkx/gnxpm_cdc.gsync_stage[1].rd_stg_inst/Q_reg_reg[3]}]] 20.000
Requirement: 20.000ns
Endpoints: 4

From Clock            To Clock              Endpoint Pin                    Reference Pin                   Corner  Actual(ns)  Slack(ns)
--------------------  --------------------  ------------------------------  ------------------------------  ------  ----------  ---------
clk_50_clkwiz         dbg_hub/inst/BSCANID.u_xsdbm_id/SWITCH_N_EXT_BSCAN.bscan_inst/SERIES7_BSCAN.bscan_inst/INTERNAL_TCK
                                            dbg_hub/inst/BSCANID.u_xsdbm_id/CORE_XSDB.UUT_MASTER/U_ICON_INTERFACE/U_CMD6_RD/U_RD_FIFO/SUBCORE_FIFO.xsdbm_v3_0_0_rdfifo_inst/inst_fifo_gen/gconvfifo.rf/grf.rf/gntv_or_sync_fifo.gcx.clkx/gnxpm_cdc.gsync_stage[1].rd_stg_inst/Q_reg_reg[2]/D
                                                                            dbg_hub/inst/BSCANID.u_xsdbm_id/CORE_XSDB.UUT_MASTER/U_ICON_INTERFACE/U_CMD6_RD/U_RD_FIFO/SUBCORE_FIFO.xsdbm_v3_0_0_rdfifo_inst/inst_fifo_gen/gconvfifo.rf/grf.rf/gntv_or_sync_fifo.gcx.clkx/gnxpm_cdc.gsync_stage[1].rd_stg_inst/Q_reg_reg[3]/D
                                                                                                            Slow         1.373     18.627


Slack (MET) :             18.627ns  (requirement - actual skew)
  Endpoint Source:        dbg_hub/inst/BSCANID.u_xsdbm_id/CORE_XSDB.UUT_MASTER/U_ICON_INTERFACE/U_CMD6_RD/U_RD_FIFO/SUBCORE_FIFO.xsdbm_v3_0_0_rdfifo_inst/inst_fifo_gen/gconvfifo.rf/grf.rf/gntv_or_sync_fifo.gcx.clkx/gnxpm_cdc.wr_pntr_gc_reg[2]/C
                            (rising edge-triggered cell FDCE clocked by clk_50_clkwiz)
  Endpoint Destination:   dbg_hub/inst/BSCANID.u_xsdbm_id/CORE_XSDB.UUT_MASTER/U_ICON_INTERFACE/U_CMD6_RD/U_RD_FIFO/SUBCORE_FIFO.xsdbm_v3_0_0_rdfifo_inst/inst_fifo_gen/gconvfifo.rf/grf.rf/gntv_or_sync_fifo.gcx.clkx/gnxpm_cdc.gsync_stage[1].rd_stg_inst/Q_reg_reg[2]/D
                            (rising edge-triggered cell FDCE clocked by dbg_hub/inst/BSCANID.u_xsdbm_id/SWITCH_N_EXT_BSCAN.bscan_inst/SERIES7_BSCAN.bscan_inst/INTERNAL_TCK)
  Reference Source:       dbg_hub/inst/BSCANID.u_xsdbm_id/CORE_XSDB.UUT_MASTER/U_ICON_INTERFACE/U_CMD6_RD/U_RD_FIFO/SUBCORE_FIFO.xsdbm_v3_0_0_rdfifo_inst/inst_fifo_gen/gconvfifo.rf/grf.rf/gntv_or_sync_fifo.gcx.clkx/gnxpm_cdc.wr_pntr_gc_reg[3]/C
                            (rising edge-triggered cell FDCE clocked by clk_50_clkwiz)
  Reference Destination:  dbg_hub/inst/BSCANID.u_xsdbm_id/CORE_XSDB.UUT_MASTER/U_ICON_INTERFACE/U_CMD6_RD/U_RD_FIFO/SUBCORE_FIFO.xsdbm_v3_0_0_rdfifo_inst/inst_fifo_gen/gconvfifo.rf/grf.rf/gntv_or_sync_fifo.gcx.clkx/gnxpm_cdc.gsync_stage[1].rd_stg_inst/Q_reg_reg[3]/D
                            (rising edge-triggered cell FDCE clocked by dbg_hub/inst/BSCANID.u_xsdbm_id/SWITCH_N_EXT_BSCAN.bscan_inst/SERIES7_BSCAN.bscan_inst/INTERNAL_TCK)
  Path Type:              Bus Skew (Max at Slow Process Corner)
  Requirement:            20.000ns
  Endpoint Relative Delay:    2.112ns
  Reference Relative Delay:  -4.395ns
  Relative CRPR:              5.371ns
  Uncertainty:                0.238ns
  Actual Bus Skew:            1.373ns  (Endpoint Relative Delay - Reference Relative Delay - Relative CRPR + Uncertainty)

Endpoint path:
    Location             Delay type                Incr(ns)  Path(ns)    Netlist Resource(s)
  -------------------------------------------------------------------    -------------------
                         (clock clk_50_clkwiz rise edge)
                                                      0.000     0.000 r  
    E12                                               0.000     0.000 r  sys_clk_p (IN)
                         net (fo=0)                   0.000     0.000    i_bufds_sys_clk/I
    HPIOBDIFFINBUF_X1Y300
                         DIFFINBUF (Prop_DIFFINBUF_HPIOBDIFFINBUF_DIFF_IN_P_O)
                                                      0.675     0.675 r  i_bufds_sys_clk/DIFFINBUF_INST/O
                         net (fo=1, routed)           0.050     0.725    i_bufds_sys_clk/OUT
    E12                  IBUFCTRL (Prop_IBUFCTRL_HPIOB_M_I_O)
                                                      0.000     0.725 r  i_bufds_sys_clk/IBUFCTRL_INST/O
                         net (fo=1, routed)           0.335     1.060    sys_clk
    BUFGCE_X1Y289        BUFGCE (Prop_BUFCE_BUFGCE_I_O)
                                                      0.028     1.088 r  sys_clk_BUFGCE_inst/O
                         net (fo=19, routed)          0.991     2.079    i_clkwiz/inst/clk_in1
    MMCM_X1Y11           MMCME4_ADV (Prop_MMCM_CLKIN1_CLKOUT0)
                                                     -0.127     1.952 r  i_clkwiz/inst/mmcme4_adv_inst/CLKOUT0
                         net (fo=1, routed)           0.244     2.196    i_clkwiz/inst/clk_50_clkwiz
    BUFGCE_X1Y266        BUFGCE (Prop_BUFCE_BUFGCE_I_O)
                                                      0.028     2.224 r  i_clkwiz/inst/clkout1_buf/O
    X2Y7 (CLOCK_ROOT)    net (fo=199658, routed)      3.722     5.946    dbg_hub/inst/BSCANID.u_xsdbm_id/CORE_XSDB.UUT_MASTER/U_ICON_INTERFACE/U_CMD6_RD/U_RD_FIFO/SUBCORE_FIFO.xsdbm_v3_0_0_rdfifo_inst/inst_fifo_gen/gconvfifo.rf/grf.rf/gntv_or_sync_fifo.gcx.clkx/wr_clk
    SLICE_X111Y613       FDCE                                         r  dbg_hub/inst/BSCANID.u_xsdbm_id/CORE_XSDB.UUT_MASTER/U_ICON_INTERFACE/U_CMD6_RD/U_RD_FIFO/SUBCORE_FIFO.xsdbm_v3_0_0_rdfifo_inst/inst_fifo_gen/gconvfifo.rf/grf.rf/gntv_or_sync_fifo.gcx.clkx/gnxpm_cdc.wr_pntr_gc_reg[2]/C
  -------------------------------------------------------------------    -------------------
    SLICE_X111Y613       FDCE (Prop_HFF_SLICEL_C_Q)
                                                      0.079     6.025 r  dbg_hub/inst/BSCANID.u_xsdbm_id/CORE_XSDB.UUT_MASTER/U_ICON_INTERFACE/U_CMD6_RD/U_RD_FIFO/SUBCORE_FIFO.xsdbm_v3_0_0_rdfifo_inst/inst_fifo_gen/gconvfifo.rf/grf.rf/gntv_or_sync_fifo.gcx.clkx/gnxpm_cdc.wr_pntr_gc_reg[2]/Q
                         net (fo=1, routed)           1.039     7.064    dbg_hub/inst/BSCANID.u_xsdbm_id/CORE_XSDB.UUT_MASTER/U_ICON_INTERFACE/U_CMD6_RD/U_RD_FIFO/SUBCORE_FIFO.xsdbm_v3_0_0_rdfifo_inst/inst_fifo_gen/gconvfifo.rf/grf.rf/gntv_or_sync_fifo.gcx.clkx/gnxpm_cdc.gsync_stage[1].rd_stg_inst/Q[2]
    SLICE_X111Y613       FDCE                                         r  dbg_hub/inst/BSCANID.u_xsdbm_id/CORE_XSDB.UUT_MASTER/U_ICON_INTERFACE/U_CMD6_RD/U_RD_FIFO/SUBCORE_FIFO.xsdbm_v3_0_0_rdfifo_inst/inst_fifo_gen/gconvfifo.rf/grf.rf/gntv_or_sync_fifo.gcx.clkx/gnxpm_cdc.gsync_stage[1].rd_stg_inst/Q_reg_reg[2]/D
  -------------------------------------------------------------------    -------------------

                         (clock dbg_hub/inst/BSCANID.u_xsdbm_id/SWITCH_N_EXT_BSCAN.bscan_inst/SERIES7_BSCAN.bscan_inst/INTERNAL_TCK rise edge)
                                                      0.000     0.000 r  
    CONFIG_SITE_X0Y1     BSCANE2                      0.000     0.000 r  dbg_hub/inst/BSCANID.u_xsdbm_id/SWITCH_N_EXT_BSCAN.bscan_inst/SERIES7_BSCAN.bscan_inst/INTERNAL_TCK
    CONFIG_SITE_X0Y1     BSCANE2 (Prop_BSCAN1_CONFIG_SITE_INTERNAL_TCK_TCK)
                                                      0.465     0.465 r  dbg_hub/inst/BSCANID.u_xsdbm_id/SWITCH_N_EXT_BSCAN.bscan_inst/SERIES7_BSCAN.bscan_inst/TCK
                         net (fo=1, routed)           2.607     3.072    dbg_hub/inst/BSCANID.u_xsdbm_id/tck_bs
    SLR Crossing[1->2]   
    BUFGCE_X1Y288        BUFGCE (Prop_BUFCE_BUFGCE_I_O)
                                                      0.024     3.096 r  dbg_hub/inst/BSCANID.u_xsdbm_id/SWITCH_N_EXT_BSCAN.u_bufg_icon_tck/O
    X3Y10 (CLOCK_ROOT)   net (fo=494, routed)         1.831     4.927    dbg_hub/inst/BSCANID.u_xsdbm_id/CORE_XSDB.UUT_MASTER/U_ICON_INTERFACE/U_CMD6_RD/U_RD_FIFO/SUBCORE_FIFO.xsdbm_v3_0_0_rdfifo_inst/inst_fifo_gen/gconvfifo.rf/grf.rf/gntv_or_sync_fifo.gcx.clkx/gnxpm_cdc.gsync_stage[1].rd_stg_inst/rd_clk
    SLICE_X111Y613       FDCE                                         r  dbg_hub/inst/BSCANID.u_xsdbm_id/CORE_XSDB.UUT_MASTER/U_ICON_INTERFACE/U_CMD6_RD/U_RD_FIFO/SUBCORE_FIFO.xsdbm_v3_0_0_rdfifo_inst/inst_fifo_gen/gconvfifo.rf/grf.rf/gntv_or_sync_fifo.gcx.clkx/gnxpm_cdc.gsync_stage[1].rd_stg_inst/Q_reg_reg[2]/C
                         clock pessimism              0.000     4.927    
    SLICE_X111Y613       FDCE (Setup_BFF2_SLICEL_C_D)
                                                      0.025     4.952    dbg_hub/inst/BSCANID.u_xsdbm_id/CORE_XSDB.UUT_MASTER/U_ICON_INTERFACE/U_CMD6_RD/U_RD_FIFO/SUBCORE_FIFO.xsdbm_v3_0_0_rdfifo_inst/inst_fifo_gen/gconvfifo.rf/grf.rf/gntv_or_sync_fifo.gcx.clkx/gnxpm_cdc.gsync_stage[1].rd_stg_inst/Q_reg_reg[2]
  -------------------------------------------------------------------
                         data arrival                           7.064    
                         clock arrival                          4.952    
  -------------------------------------------------------------------
                         relative delay                         2.112    

Reference path:
    Location             Delay type                Incr(ns)  Path(ns)    Netlist Resource(s)
  -------------------------------------------------------------------    -------------------
                         (clock clk_50_clkwiz rise edge)
                                                      0.000     0.000 r  
    E12                                               0.000     0.000 r  sys_clk_p (IN)
                         net (fo=0)                   0.000     0.000    i_bufds_sys_clk/I
    HPIOBDIFFINBUF_X1Y300
                         DIFFINBUF (Prop_DIFFINBUF_HPIOBDIFFINBUF_DIFF_IN_P_O)
                                                      0.564     0.564 r  i_bufds_sys_clk/DIFFINBUF_INST/O
                         net (fo=1, routed)           0.040     0.604    i_bufds_sys_clk/OUT
    E12                  IBUFCTRL (Prop_IBUFCTRL_HPIOB_M_I_O)
                                                      0.000     0.604 r  i_bufds_sys_clk/IBUFCTRL_INST/O
                         net (fo=1, routed)           0.297     0.901    sys_clk
    BUFGCE_X1Y289        BUFGCE (Prop_BUFCE_BUFGCE_I_O)
                                                      0.024     0.925 r  sys_clk_BUFGCE_inst/O
                         net (fo=19, routed)          0.876     1.801    i_clkwiz/inst/clk_in1
    MMCM_X1Y11           MMCME4_ADV (Prop_MMCM_CLKIN1_CLKOUT0)
                                                      0.630     2.431 r  i_clkwiz/inst/mmcme4_adv_inst/CLKOUT0
                         net (fo=1, routed)           0.214     2.645    i_clkwiz/inst/clk_50_clkwiz
    BUFGCE_X1Y266        BUFGCE (Prop_BUFCE_BUFGCE_I_O)
                                                      0.024     2.669 r  i_clkwiz/inst/clkout1_buf/O
    X2Y7 (CLOCK_ROOT)    net (fo=199658, routed)      3.366     6.035    dbg_hub/inst/BSCANID.u_xsdbm_id/CORE_XSDB.UUT_MASTER/U_ICON_INTERFACE/U_CMD6_RD/U_RD_FIFO/SUBCORE_FIFO.xsdbm_v3_0_0_rdfifo_inst/inst_fifo_gen/gconvfifo.rf/grf.rf/gntv_or_sync_fifo.gcx.clkx/wr_clk
    SLICE_X108Y613       FDCE                                         r  dbg_hub/inst/BSCANID.u_xsdbm_id/CORE_XSDB.UUT_MASTER/U_ICON_INTERFACE/U_CMD6_RD/U_RD_FIFO/SUBCORE_FIFO.xsdbm_v3_0_0_rdfifo_inst/inst_fifo_gen/gconvfifo.rf/grf.rf/gntv_or_sync_fifo.gcx.clkx/gnxpm_cdc.wr_pntr_gc_reg[3]/C
  -------------------------------------------------------------------    -------------------
    SLICE_X108Y613       FDCE (Prop_EFF_SLICEM_C_Q)
                                                      0.058     6.093 r  dbg_hub/inst/BSCANID.u_xsdbm_id/CORE_XSDB.UUT_MASTER/U_ICON_INTERFACE/U_CMD6_RD/U_RD_FIFO/SUBCORE_FIFO.xsdbm_v3_0_0_rdfifo_inst/inst_fifo_gen/gconvfifo.rf/grf.rf/gntv_or_sync_fifo.gcx.clkx/gnxpm_cdc.wr_pntr_gc_reg[3]/Q
                         net (fo=1, routed)           0.114     6.207    dbg_hub/inst/BSCANID.u_xsdbm_id/CORE_XSDB.UUT_MASTER/U_ICON_INTERFACE/U_CMD6_RD/U_RD_FIFO/SUBCORE_FIFO.xsdbm_v3_0_0_rdfifo_inst/inst_fifo_gen/gconvfifo.rf/grf.rf/gntv_or_sync_fifo.gcx.clkx/gnxpm_cdc.gsync_stage[1].rd_stg_inst/Q[3]
    SLICE_X108Y613       FDCE                                         r  dbg_hub/inst/BSCANID.u_xsdbm_id/CORE_XSDB.UUT_MASTER/U_ICON_INTERFACE/U_CMD6_RD/U_RD_FIFO/SUBCORE_FIFO.xsdbm_v3_0_0_rdfifo_inst/inst_fifo_gen/gconvfifo.rf/grf.rf/gntv_or_sync_fifo.gcx.clkx/gnxpm_cdc.gsync_stage[1].rd_stg_inst/Q_reg_reg[3]/D
  -------------------------------------------------------------------    -------------------

                         (clock dbg_hub/inst/BSCANID.u_xsdbm_id/SWITCH_N_EXT_BSCAN.bscan_inst/SERIES7_BSCAN.bscan_inst/INTERNAL_TCK rise edge)
                                                      0.000     0.000 r  
    CONFIG_SITE_X0Y1     BSCANE2                      0.000     0.000 r  dbg_hub/inst/BSCANID.u_xsdbm_id/SWITCH_N_EXT_BSCAN.bscan_inst/SERIES7_BSCAN.bscan_inst/INTERNAL_TCK
    CONFIG_SITE_X0Y1     BSCANE2 (Prop_BSCAN1_CONFIG_SITE_INTERNAL_TCK_TCK)
                                                      4.300     4.300 r  dbg_hub/inst/BSCANID.u_xsdbm_id/SWITCH_N_EXT_BSCAN.bscan_inst/SERIES7_BSCAN.bscan_inst/TCK
                         net (fo=1, routed)           4.161     8.461    dbg_hub/inst/BSCANID.u_xsdbm_id/tck_bs
    SLR Crossing[1->2]   
    BUFGCE_X1Y288        BUFGCE (Prop_BUFCE_BUFGCE_I_O)
                                                      0.028     8.489 r  dbg_hub/inst/BSCANID.u_xsdbm_id/SWITCH_N_EXT_BSCAN.u_bufg_icon_tck/O
    X3Y10 (CLOCK_ROOT)   net (fo=494, routed)         2.052    10.541    dbg_hub/inst/BSCANID.u_xsdbm_id/CORE_XSDB.UUT_MASTER/U_ICON_INTERFACE/U_CMD6_RD/U_RD_FIFO/SUBCORE_FIFO.xsdbm_v3_0_0_rdfifo_inst/inst_fifo_gen/gconvfifo.rf/grf.rf/gntv_or_sync_fifo.gcx.clkx/gnxpm_cdc.gsync_stage[1].rd_stg_inst/rd_clk
    SLICE_X108Y613       FDCE                                         r  dbg_hub/inst/BSCANID.u_xsdbm_id/CORE_XSDB.UUT_MASTER/U_ICON_INTERFACE/U_CMD6_RD/U_RD_FIFO/SUBCORE_FIFO.xsdbm_v3_0_0_rdfifo_inst/inst_fifo_gen/gconvfifo.rf/grf.rf/gntv_or_sync_fifo.gcx.clkx/gnxpm_cdc.gsync_stage[1].rd_stg_inst/Q_reg_reg[3]/C
                         clock pessimism              0.000    10.541    
    SLICE_X108Y613       FDCE (Hold_DFF2_SLICEM_C_D)
                                                      0.061    10.602    dbg_hub/inst/BSCANID.u_xsdbm_id/CORE_XSDB.UUT_MASTER/U_ICON_INTERFACE/U_CMD6_RD/U_RD_FIFO/SUBCORE_FIFO.xsdbm_v3_0_0_rdfifo_inst/inst_fifo_gen/gconvfifo.rf/grf.rf/gntv_or_sync_fifo.gcx.clkx/gnxpm_cdc.gsync_stage[1].rd_stg_inst/Q_reg_reg[3]
  -------------------------------------------------------------------
                         data arrival                           6.207    
                         clock arrival                         10.602    
  -------------------------------------------------------------------
                         relative delay                        -4.395    



Id: 13
set_bus_skew -from [get_cells [list {dbg_hub/inst/BSCANID.u_xsdbm_id/CORE_XSDB.UUT_MASTER/U_ICON_INTERFACE/U_CMD6_WR/U_WR_FIFO/SUBCORE_FIFO.xsdbm_v3_0_0_wrfifo_inst/inst_fifo_gen/gconvfifo.rf/grf.rf/gntv_or_sync_fifo.gcx.clkx/gnxpm_cdc.rd_pntr_gc_reg[0]} {dbg_hub/inst/BSCANID.u_xsdbm_id/CORE_XSDB.UUT_MASTER/U_ICON_INTERFACE/U_CMD6_WR/U_WR_FIFO/SUBCORE_FIFO.xsdbm_v3_0_0_wrfifo_inst/inst_fifo_gen/gconvfifo.rf/grf.rf/gntv_or_sync_fifo.gcx.clkx/gnxpm_cdc.rd_pntr_gc_reg[1]} {dbg_hub/inst/BSCANID.u_xsdbm_id/CORE_XSDB.UUT_MASTER/U_ICON_INTERFACE/U_CMD6_WR/U_WR_FIFO/SUBCORE_FIFO.xsdbm_v3_0_0_wrfifo_inst/inst_fifo_gen/gconvfifo.rf/grf.rf/gntv_or_sync_fifo.gcx.clkx/gnxpm_cdc.rd_pntr_gc_reg[2]} {dbg_hub/inst/BSCANID.u_xsdbm_id/CORE_XSDB.UUT_MASTER/U_ICON_INTERFACE/U_CMD6_WR/U_WR_FIFO/SUBCORE_FIFO.xsdbm_v3_0_0_wrfifo_inst/inst_fifo_gen/gconvfifo.rf/grf.rf/gntv_or_sync_fifo.gcx.clkx/gnxpm_cdc.rd_pntr_gc_reg[3]}]] -to [get_cells [list {dbg_hub/inst/BSCANID.u_xsdbm_id/CORE_XSDB.UUT_MASTER/U_ICON_INTERFACE/U_CMD6_WR/U_WR_FIFO/SUBCORE_FIFO.xsdbm_v3_0_0_wrfifo_inst/inst_fifo_gen/gconvfifo.rf/grf.rf/gntv_or_sync_fifo.gcx.clkx/gnxpm_cdc.gsync_stage[1].wr_stg_inst/Q_reg_reg[0]} {dbg_hub/inst/BSCANID.u_xsdbm_id/CORE_XSDB.UUT_MASTER/U_ICON_INTERFACE/U_CMD6_WR/U_WR_FIFO/SUBCORE_FIFO.xsdbm_v3_0_0_wrfifo_inst/inst_fifo_gen/gconvfifo.rf/grf.rf/gntv_or_sync_fifo.gcx.clkx/gnxpm_cdc.gsync_stage[1].wr_stg_inst/Q_reg_reg[1]} {dbg_hub/inst/BSCANID.u_xsdbm_id/CORE_XSDB.UUT_MASTER/U_ICON_INTERFACE/U_CMD6_WR/U_WR_FIFO/SUBCORE_FIFO.xsdbm_v3_0_0_wrfifo_inst/inst_fifo_gen/gconvfifo.rf/grf.rf/gntv_or_sync_fifo.gcx.clkx/gnxpm_cdc.gsync_stage[1].wr_stg_inst/Q_reg_reg[2]} {dbg_hub/inst/BSCANID.u_xsdbm_id/CORE_XSDB.UUT_MASTER/U_ICON_INTERFACE/U_CMD6_WR/U_WR_FIFO/SUBCORE_FIFO.xsdbm_v3_0_0_wrfifo_inst/inst_fifo_gen/gconvfifo.rf/grf.rf/gntv_or_sync_fifo.gcx.clkx/gnxpm_cdc.gsync_stage[1].wr_stg_inst/Q_reg_reg[3]}]] 20.000
Requirement: 20.000ns
Endpoints: 4

From Clock            To Clock              Endpoint Pin                    Reference Pin                   Corner  Actual(ns)  Slack(ns)
--------------------  --------------------  ------------------------------  ------------------------------  ------  ----------  ---------
clk_50_clkwiz         dbg_hub/inst/BSCANID.u_xsdbm_id/SWITCH_N_EXT_BSCAN.bscan_inst/SERIES7_BSCAN.bscan_inst/INTERNAL_TCK
                                            dbg_hub/inst/BSCANID.u_xsdbm_id/CORE_XSDB.UUT_MASTER/U_ICON_INTERFACE/U_CMD6_WR/U_WR_FIFO/SUBCORE_FIFO.xsdbm_v3_0_0_wrfifo_inst/inst_fifo_gen/gconvfifo.rf/grf.rf/gntv_or_sync_fifo.gcx.clkx/gnxpm_cdc.gsync_stage[1].wr_stg_inst/Q_reg_reg[2]/D
                                                                            dbg_hub/inst/BSCANID.u_xsdbm_id/CORE_XSDB.UUT_MASTER/U_ICON_INTERFACE/U_CMD6_WR/U_WR_FIFO/SUBCORE_FIFO.xsdbm_v3_0_0_wrfifo_inst/inst_fifo_gen/gconvfifo.rf/grf.rf/gntv_or_sync_fifo.gcx.clkx/gnxpm_cdc.gsync_stage[1].wr_stg_inst/Q_reg_reg[1]/D
                                                                                                            Slow         0.657     19.343


Slack (MET) :             19.343ns  (requirement - actual skew)
  Endpoint Source:        dbg_hub/inst/BSCANID.u_xsdbm_id/CORE_XSDB.UUT_MASTER/U_ICON_INTERFACE/U_CMD6_WR/U_WR_FIFO/SUBCORE_FIFO.xsdbm_v3_0_0_wrfifo_inst/inst_fifo_gen/gconvfifo.rf/grf.rf/gntv_or_sync_fifo.gcx.clkx/gnxpm_cdc.rd_pntr_gc_reg[2]/C
                            (rising edge-triggered cell FDCE clocked by clk_50_clkwiz)
  Endpoint Destination:   dbg_hub/inst/BSCANID.u_xsdbm_id/CORE_XSDB.UUT_MASTER/U_ICON_INTERFACE/U_CMD6_WR/U_WR_FIFO/SUBCORE_FIFO.xsdbm_v3_0_0_wrfifo_inst/inst_fifo_gen/gconvfifo.rf/grf.rf/gntv_or_sync_fifo.gcx.clkx/gnxpm_cdc.gsync_stage[1].wr_stg_inst/Q_reg_reg[2]/D
                            (rising edge-triggered cell FDCE clocked by dbg_hub/inst/BSCANID.u_xsdbm_id/SWITCH_N_EXT_BSCAN.bscan_inst/SERIES7_BSCAN.bscan_inst/INTERNAL_TCK)
  Reference Source:       dbg_hub/inst/BSCANID.u_xsdbm_id/CORE_XSDB.UUT_MASTER/U_ICON_INTERFACE/U_CMD6_WR/U_WR_FIFO/SUBCORE_FIFO.xsdbm_v3_0_0_wrfifo_inst/inst_fifo_gen/gconvfifo.rf/grf.rf/gntv_or_sync_fifo.gcx.clkx/gnxpm_cdc.rd_pntr_gc_reg[1]/C
                            (rising edge-triggered cell FDCE clocked by clk_50_clkwiz)
  Reference Destination:  dbg_hub/inst/BSCANID.u_xsdbm_id/CORE_XSDB.UUT_MASTER/U_ICON_INTERFACE/U_CMD6_WR/U_WR_FIFO/SUBCORE_FIFO.xsdbm_v3_0_0_wrfifo_inst/inst_fifo_gen/gconvfifo.rf/grf.rf/gntv_or_sync_fifo.gcx.clkx/gnxpm_cdc.gsync_stage[1].wr_stg_inst/Q_reg_reg[1]/D
                            (rising edge-triggered cell FDCE clocked by dbg_hub/inst/BSCANID.u_xsdbm_id/SWITCH_N_EXT_BSCAN.bscan_inst/SERIES7_BSCAN.bscan_inst/INTERNAL_TCK)
  Path Type:              Bus Skew (Max at Slow Process Corner)
  Requirement:            20.000ns
  Endpoint Relative Delay:    1.425ns
  Reference Relative Delay:  -4.441ns
  Relative CRPR:              5.446ns
  Uncertainty:                0.238ns
  Actual Bus Skew:            0.657ns  (Endpoint Relative Delay - Reference Relative Delay - Relative CRPR + Uncertainty)

Endpoint path:
    Location             Delay type                Incr(ns)  Path(ns)    Netlist Resource(s)
  -------------------------------------------------------------------    -------------------
                         (clock clk_50_clkwiz rise edge)
                                                      0.000     0.000 r  
    E12                                               0.000     0.000 r  sys_clk_p (IN)
                         net (fo=0)                   0.000     0.000    i_bufds_sys_clk/I
    HPIOBDIFFINBUF_X1Y300
                         DIFFINBUF (Prop_DIFFINBUF_HPIOBDIFFINBUF_DIFF_IN_P_O)
                                                      0.675     0.675 r  i_bufds_sys_clk/DIFFINBUF_INST/O
                         net (fo=1, routed)           0.050     0.725    i_bufds_sys_clk/OUT
    E12                  IBUFCTRL (Prop_IBUFCTRL_HPIOB_M_I_O)
                                                      0.000     0.725 r  i_bufds_sys_clk/IBUFCTRL_INST/O
                         net (fo=1, routed)           0.335     1.060    sys_clk
    BUFGCE_X1Y289        BUFGCE (Prop_BUFCE_BUFGCE_I_O)
                                                      0.028     1.088 r  sys_clk_BUFGCE_inst/O
                         net (fo=19, routed)          0.991     2.079    i_clkwiz/inst/clk_in1
    MMCM_X1Y11           MMCME4_ADV (Prop_MMCM_CLKIN1_CLKOUT0)
                                                     -0.127     1.952 r  i_clkwiz/inst/mmcme4_adv_inst/CLKOUT0
                         net (fo=1, routed)           0.244     2.196    i_clkwiz/inst/clk_50_clkwiz
    BUFGCE_X1Y266        BUFGCE (Prop_BUFCE_BUFGCE_I_O)
                                                      0.028     2.224 r  i_clkwiz/inst/clkout1_buf/O
    X2Y7 (CLOCK_ROOT)    net (fo=199658, routed)      3.726     5.950    dbg_hub/inst/BSCANID.u_xsdbm_id/CORE_XSDB.UUT_MASTER/U_ICON_INTERFACE/U_CMD6_WR/U_WR_FIFO/SUBCORE_FIFO.xsdbm_v3_0_0_wrfifo_inst/inst_fifo_gen/gconvfifo.rf/grf.rf/gntv_or_sync_fifo.gcx.clkx/rd_clk
    SLICE_X110Y604       FDCE                                         r  dbg_hub/inst/BSCANID.u_xsdbm_id/CORE_XSDB.UUT_MASTER/U_ICON_INTERFACE/U_CMD6_WR/U_WR_FIFO/SUBCORE_FIFO.xsdbm_v3_0_0_wrfifo_inst/inst_fifo_gen/gconvfifo.rf/grf.rf/gntv_or_sync_fifo.gcx.clkx/gnxpm_cdc.rd_pntr_gc_reg[2]/C
  -------------------------------------------------------------------    -------------------
    SLICE_X110Y604       FDCE (Prop_FFF_SLICEM_C_Q)
                                                      0.076     6.026 r  dbg_hub/inst/BSCANID.u_xsdbm_id/CORE_XSDB.UUT_MASTER/U_ICON_INTERFACE/U_CMD6_WR/U_WR_FIFO/SUBCORE_FIFO.xsdbm_v3_0_0_wrfifo_inst/inst_fifo_gen/gconvfifo.rf/grf.rf/gntv_or_sync_fifo.gcx.clkx/gnxpm_cdc.rd_pntr_gc_reg[2]/Q
                         net (fo=1, routed)           0.358     6.384    dbg_hub/inst/BSCANID.u_xsdbm_id/CORE_XSDB.UUT_MASTER/U_ICON_INTERFACE/U_CMD6_WR/U_WR_FIFO/SUBCORE_FIFO.xsdbm_v3_0_0_wrfifo_inst/inst_fifo_gen/gconvfifo.rf/grf.rf/gntv_or_sync_fifo.gcx.clkx/gnxpm_cdc.gsync_stage[1].wr_stg_inst/Q[2]
    SLICE_X109Y602       FDCE                                         r  dbg_hub/inst/BSCANID.u_xsdbm_id/CORE_XSDB.UUT_MASTER/U_ICON_INTERFACE/U_CMD6_WR/U_WR_FIFO/SUBCORE_FIFO.xsdbm_v3_0_0_wrfifo_inst/inst_fifo_gen/gconvfifo.rf/grf.rf/gntv_or_sync_fifo.gcx.clkx/gnxpm_cdc.gsync_stage[1].wr_stg_inst/Q_reg_reg[2]/D
  -------------------------------------------------------------------    -------------------

                         (clock dbg_hub/inst/BSCANID.u_xsdbm_id/SWITCH_N_EXT_BSCAN.bscan_inst/SERIES7_BSCAN.bscan_inst/INTERNAL_TCK rise edge)
                                                      0.000     0.000 r  
    CONFIG_SITE_X0Y1     BSCANE2                      0.000     0.000 r  dbg_hub/inst/BSCANID.u_xsdbm_id/SWITCH_N_EXT_BSCAN.bscan_inst/SERIES7_BSCAN.bscan_inst/INTERNAL_TCK
    CONFIG_SITE_X0Y1     BSCANE2 (Prop_BSCAN1_CONFIG_SITE_INTERNAL_TCK_TCK)
                                                      0.465     0.465 r  dbg_hub/inst/BSCANID.u_xsdbm_id/SWITCH_N_EXT_BSCAN.bscan_inst/SERIES7_BSCAN.bscan_inst/TCK
                         net (fo=1, routed)           2.607     3.072    dbg_hub/inst/BSCANID.u_xsdbm_id/tck_bs
    SLR Crossing[1->2]   
    BUFGCE_X1Y288        BUFGCE (Prop_BUFCE_BUFGCE_I_O)
                                                      0.024     3.096 r  dbg_hub/inst/BSCANID.u_xsdbm_id/SWITCH_N_EXT_BSCAN.u_bufg_icon_tck/O
    X3Y10 (CLOCK_ROOT)   net (fo=494, routed)         1.838     4.934    dbg_hub/inst/BSCANID.u_xsdbm_id/CORE_XSDB.UUT_MASTER/U_ICON_INTERFACE/U_CMD6_WR/U_WR_FIFO/SUBCORE_FIFO.xsdbm_v3_0_0_wrfifo_inst/inst_fifo_gen/gconvfifo.rf/grf.rf/gntv_or_sync_fifo.gcx.clkx/gnxpm_cdc.gsync_stage[1].wr_stg_inst/wr_clk
    SLICE_X109Y602       FDCE                                         r  dbg_hub/inst/BSCANID.u_xsdbm_id/CORE_XSDB.UUT_MASTER/U_ICON_INTERFACE/U_CMD6_WR/U_WR_FIFO/SUBCORE_FIFO.xsdbm_v3_0_0_wrfifo_inst/inst_fifo_gen/gconvfifo.rf/grf.rf/gntv_or_sync_fifo.gcx.clkx/gnxpm_cdc.gsync_stage[1].wr_stg_inst/Q_reg_reg[2]/C
                         clock pessimism              0.000     4.934    
    SLICE_X109Y602       FDCE (Setup_CFF2_SLICEL_C_D)
                                                      0.025     4.959    dbg_hub/inst/BSCANID.u_xsdbm_id/CORE_XSDB.UUT_MASTER/U_ICON_INTERFACE/U_CMD6_WR/U_WR_FIFO/SUBCORE_FIFO.xsdbm_v3_0_0_wrfifo_inst/inst_fifo_gen/gconvfifo.rf/grf.rf/gntv_or_sync_fifo.gcx.clkx/gnxpm_cdc.gsync_stage[1].wr_stg_inst/Q_reg_reg[2]
  -------------------------------------------------------------------
                         data arrival                           6.384    
                         clock arrival                          4.959    
  -------------------------------------------------------------------
                         relative delay                         1.425    

Reference path:
    Location             Delay type                Incr(ns)  Path(ns)    Netlist Resource(s)
  -------------------------------------------------------------------    -------------------
                         (clock clk_50_clkwiz rise edge)
                                                      0.000     0.000 r  
    E12                                               0.000     0.000 r  sys_clk_p (IN)
                         net (fo=0)                   0.000     0.000    i_bufds_sys_clk/I
    HPIOBDIFFINBUF_X1Y300
                         DIFFINBUF (Prop_DIFFINBUF_HPIOBDIFFINBUF_DIFF_IN_P_O)
                                                      0.564     0.564 r  i_bufds_sys_clk/DIFFINBUF_INST/O
                         net (fo=1, routed)           0.040     0.604    i_bufds_sys_clk/OUT
    E12                  IBUFCTRL (Prop_IBUFCTRL_HPIOB_M_I_O)
                                                      0.000     0.604 r  i_bufds_sys_clk/IBUFCTRL_INST/O
                         net (fo=1, routed)           0.297     0.901    sys_clk
    BUFGCE_X1Y289        BUFGCE (Prop_BUFCE_BUFGCE_I_O)
                                                      0.024     0.925 r  sys_clk_BUFGCE_inst/O
                         net (fo=19, routed)          0.876     1.801    i_clkwiz/inst/clk_in1
    MMCM_X1Y11           MMCME4_ADV (Prop_MMCM_CLKIN1_CLKOUT0)
                                                      0.630     2.431 r  i_clkwiz/inst/mmcme4_adv_inst/CLKOUT0
                         net (fo=1, routed)           0.214     2.645    i_clkwiz/inst/clk_50_clkwiz
    BUFGCE_X1Y266        BUFGCE (Prop_BUFCE_BUFGCE_I_O)
                                                      0.024     2.669 r  i_clkwiz/inst/clkout1_buf/O
    X2Y7 (CLOCK_ROOT)    net (fo=199658, routed)      3.359     6.028    dbg_hub/inst/BSCANID.u_xsdbm_id/CORE_XSDB.UUT_MASTER/U_ICON_INTERFACE/U_CMD6_WR/U_WR_FIFO/SUBCORE_FIFO.xsdbm_v3_0_0_wrfifo_inst/inst_fifo_gen/gconvfifo.rf/grf.rf/gntv_or_sync_fifo.gcx.clkx/rd_clk
    SLICE_X110Y604       FDCE                                         r  dbg_hub/inst/BSCANID.u_xsdbm_id/CORE_XSDB.UUT_MASTER/U_ICON_INTERFACE/U_CMD6_WR/U_WR_FIFO/SUBCORE_FIFO.xsdbm_v3_0_0_wrfifo_inst/inst_fifo_gen/gconvfifo.rf/grf.rf/gntv_or_sync_fifo.gcx.clkx/gnxpm_cdc.rd_pntr_gc_reg[1]/C
  -------------------------------------------------------------------    -------------------
    SLICE_X110Y604       FDCE (Prop_HFF2_SLICEM_C_Q)
                                                      0.059     6.087 r  dbg_hub/inst/BSCANID.u_xsdbm_id/CORE_XSDB.UUT_MASTER/U_ICON_INTERFACE/U_CMD6_WR/U_WR_FIFO/SUBCORE_FIFO.xsdbm_v3_0_0_wrfifo_inst/inst_fifo_gen/gconvfifo.rf/grf.rf/gntv_or_sync_fifo.gcx.clkx/gnxpm_cdc.rd_pntr_gc_reg[1]/Q
                         net (fo=1, routed)           0.114     6.201    dbg_hub/inst/BSCANID.u_xsdbm_id/CORE_XSDB.UUT_MASTER/U_ICON_INTERFACE/U_CMD6_WR/U_WR_FIFO/SUBCORE_FIFO.xsdbm_v3_0_0_wrfifo_inst/inst_fifo_gen/gconvfifo.rf/grf.rf/gntv_or_sync_fifo.gcx.clkx/gnxpm_cdc.gsync_stage[1].wr_stg_inst/Q[1]
    SLICE_X110Y602       FDCE                                         r  dbg_hub/inst/BSCANID.u_xsdbm_id/CORE_XSDB.UUT_MASTER/U_ICON_INTERFACE/U_CMD6_WR/U_WR_FIFO/SUBCORE_FIFO.xsdbm_v3_0_0_wrfifo_inst/inst_fifo_gen/gconvfifo.rf/grf.rf/gntv_or_sync_fifo.gcx.clkx/gnxpm_cdc.gsync_stage[1].wr_stg_inst/Q_reg_reg[1]/D
  -------------------------------------------------------------------    -------------------

                         (clock dbg_hub/inst/BSCANID.u_xsdbm_id/SWITCH_N_EXT_BSCAN.bscan_inst/SERIES7_BSCAN.bscan_inst/INTERNAL_TCK rise edge)
                                                      0.000     0.000 r  
    CONFIG_SITE_X0Y1     BSCANE2                      0.000     0.000 r  dbg_hub/inst/BSCANID.u_xsdbm_id/SWITCH_N_EXT_BSCAN.bscan_inst/SERIES7_BSCAN.bscan_inst/INTERNAL_TCK
    CONFIG_SITE_X0Y1     BSCANE2 (Prop_BSCAN1_CONFIG_SITE_INTERNAL_TCK_TCK)
                                                      4.300     4.300 r  dbg_hub/inst/BSCANID.u_xsdbm_id/SWITCH_N_EXT_BSCAN.bscan_inst/SERIES7_BSCAN.bscan_inst/TCK
                         net (fo=1, routed)           4.161     8.461    dbg_hub/inst/BSCANID.u_xsdbm_id/tck_bs
    SLR Crossing[1->2]   
    BUFGCE_X1Y288        BUFGCE (Prop_BUFCE_BUFGCE_I_O)
                                                      0.028     8.489 r  dbg_hub/inst/BSCANID.u_xsdbm_id/SWITCH_N_EXT_BSCAN.u_bufg_icon_tck/O
    X3Y10 (CLOCK_ROOT)   net (fo=494, routed)         2.091    10.580    dbg_hub/inst/BSCANID.u_xsdbm_id/CORE_XSDB.UUT_MASTER/U_ICON_INTERFACE/U_CMD6_WR/U_WR_FIFO/SUBCORE_FIFO.xsdbm_v3_0_0_wrfifo_inst/inst_fifo_gen/gconvfifo.rf/grf.rf/gntv_or_sync_fifo.gcx.clkx/gnxpm_cdc.gsync_stage[1].wr_stg_inst/wr_clk
    SLICE_X110Y602       FDCE                                         r  dbg_hub/inst/BSCANID.u_xsdbm_id/CORE_XSDB.UUT_MASTER/U_ICON_INTERFACE/U_CMD6_WR/U_WR_FIFO/SUBCORE_FIFO.xsdbm_v3_0_0_wrfifo_inst/inst_fifo_gen/gconvfifo.rf/grf.rf/gntv_or_sync_fifo.gcx.clkx/gnxpm_cdc.gsync_stage[1].wr_stg_inst/Q_reg_reg[1]/C
                         clock pessimism              0.000    10.580    
    SLICE_X110Y602       FDCE (Hold_GFF2_SLICEM_C_D)
                                                      0.062    10.642    dbg_hub/inst/BSCANID.u_xsdbm_id/CORE_XSDB.UUT_MASTER/U_ICON_INTERFACE/U_CMD6_WR/U_WR_FIFO/SUBCORE_FIFO.xsdbm_v3_0_0_wrfifo_inst/inst_fifo_gen/gconvfifo.rf/grf.rf/gntv_or_sync_fifo.gcx.clkx/gnxpm_cdc.gsync_stage[1].wr_stg_inst/Q_reg_reg[1]
  -------------------------------------------------------------------
                         data arrival                           6.201    
                         clock arrival                         10.642    
  -------------------------------------------------------------------
                         relative delay                        -4.441    



Id: 14
set_bus_skew -from [get_cells [list {dbg_hub/inst/BSCANID.u_xsdbm_id/CORE_XSDB.UUT_MASTER/U_ICON_INTERFACE/U_CMD6_WR/U_WR_FIFO/SUBCORE_FIFO.xsdbm_v3_0_0_wrfifo_inst/inst_fifo_gen/gconvfifo.rf/grf.rf/gntv_or_sync_fifo.gcx.clkx/gnxpm_cdc.wr_pntr_gc_reg[0]} {dbg_hub/inst/BSCANID.u_xsdbm_id/CORE_XSDB.UUT_MASTER/U_ICON_INTERFACE/U_CMD6_WR/U_WR_FIFO/SUBCORE_FIFO.xsdbm_v3_0_0_wrfifo_inst/inst_fifo_gen/gconvfifo.rf/grf.rf/gntv_or_sync_fifo.gcx.clkx/gnxpm_cdc.wr_pntr_gc_reg[1]} {dbg_hub/inst/BSCANID.u_xsdbm_id/CORE_XSDB.UUT_MASTER/U_ICON_INTERFACE/U_CMD6_WR/U_WR_FIFO/SUBCORE_FIFO.xsdbm_v3_0_0_wrfifo_inst/inst_fifo_gen/gconvfifo.rf/grf.rf/gntv_or_sync_fifo.gcx.clkx/gnxpm_cdc.wr_pntr_gc_reg[2]} {dbg_hub/inst/BSCANID.u_xsdbm_id/CORE_XSDB.UUT_MASTER/U_ICON_INTERFACE/U_CMD6_WR/U_WR_FIFO/SUBCORE_FIFO.xsdbm_v3_0_0_wrfifo_inst/inst_fifo_gen/gconvfifo.rf/grf.rf/gntv_or_sync_fifo.gcx.clkx/gnxpm_cdc.wr_pntr_gc_reg[3]}]] -to [get_cells [list {dbg_hub/inst/BSCANID.u_xsdbm_id/CORE_XSDB.UUT_MASTER/U_ICON_INTERFACE/U_CMD6_WR/U_WR_FIFO/SUBCORE_FIFO.xsdbm_v3_0_0_wrfifo_inst/inst_fifo_gen/gconvfifo.rf/grf.rf/gntv_or_sync_fifo.gcx.clkx/gnxpm_cdc.gsync_stage[1].rd_stg_inst/Q_reg_reg[0]} {dbg_hub/inst/BSCANID.u_xsdbm_id/CORE_XSDB.UUT_MASTER/U_ICON_INTERFACE/U_CMD6_WR/U_WR_FIFO/SUBCORE_FIFO.xsdbm_v3_0_0_wrfifo_inst/inst_fifo_gen/gconvfifo.rf/grf.rf/gntv_or_sync_fifo.gcx.clkx/gnxpm_cdc.gsync_stage[1].rd_stg_inst/Q_reg_reg[1]} {dbg_hub/inst/BSCANID.u_xsdbm_id/CORE_XSDB.UUT_MASTER/U_ICON_INTERFACE/U_CMD6_WR/U_WR_FIFO/SUBCORE_FIFO.xsdbm_v3_0_0_wrfifo_inst/inst_fifo_gen/gconvfifo.rf/grf.rf/gntv_or_sync_fifo.gcx.clkx/gnxpm_cdc.gsync_stage[1].rd_stg_inst/Q_reg_reg[2]} {dbg_hub/inst/BSCANID.u_xsdbm_id/CORE_XSDB.UUT_MASTER/U_ICON_INTERFACE/U_CMD6_WR/U_WR_FIFO/SUBCORE_FIFO.xsdbm_v3_0_0_wrfifo_inst/inst_fifo_gen/gconvfifo.rf/grf.rf/gntv_or_sync_fifo.gcx.clkx/gnxpm_cdc.gsync_stage[1].rd_stg_inst/Q_reg_reg[3]}]] 20.000
Requirement: 20.000ns
Endpoints: 4

From Clock            To Clock              Endpoint Pin                    Reference Pin                   Corner  Actual(ns)  Slack(ns)
--------------------  --------------------  ------------------------------  ------------------------------  ------  ----------  ---------
dbg_hub/inst/BSCANID.u_xsdbm_id/SWITCH_N_EXT_BSCAN.bscan_inst/SERIES7_BSCAN.bscan_inst/INTERNAL_TCK
                      clk_50_clkwiz         dbg_hub/inst/BSCANID.u_xsdbm_id/CORE_XSDB.UUT_MASTER/U_ICON_INTERFACE/U_CMD6_WR/U_WR_FIFO/SUBCORE_FIFO.xsdbm_v3_0_0_wrfifo_inst/inst_fifo_gen/gconvfifo.rf/grf.rf/gntv_or_sync_fifo.gcx.clkx/gnxpm_cdc.gsync_stage[1].rd_stg_inst/Q_reg_reg[3]/D
                                                                            dbg_hub/inst/BSCANID.u_xsdbm_id/CORE_XSDB.UUT_MASTER/U_ICON_INTERFACE/U_CMD6_WR/U_WR_FIFO/SUBCORE_FIFO.xsdbm_v3_0_0_wrfifo_inst/inst_fifo_gen/gconvfifo.rf/grf.rf/gntv_or_sync_fifo.gcx.clkx/gnxpm_cdc.gsync_stage[1].rd_stg_inst/Q_reg_reg[1]/D
                                                                                                            Slow         1.030     18.970


Slack (MET) :             18.970ns  (requirement - actual skew)
  Endpoint Source:        dbg_hub/inst/BSCANID.u_xsdbm_id/CORE_XSDB.UUT_MASTER/U_ICON_INTERFACE/U_CMD6_WR/U_WR_FIFO/SUBCORE_FIFO.xsdbm_v3_0_0_wrfifo_inst/inst_fifo_gen/gconvfifo.rf/grf.rf/gntv_or_sync_fifo.gcx.clkx/gnxpm_cdc.wr_pntr_gc_reg[3]/C
                            (rising edge-triggered cell FDCE clocked by dbg_hub/inst/BSCANID.u_xsdbm_id/SWITCH_N_EXT_BSCAN.bscan_inst/SERIES7_BSCAN.bscan_inst/INTERNAL_TCK)
  Endpoint Destination:   dbg_hub/inst/BSCANID.u_xsdbm_id/CORE_XSDB.UUT_MASTER/U_ICON_INTERFACE/U_CMD6_WR/U_WR_FIFO/SUBCORE_FIFO.xsdbm_v3_0_0_wrfifo_inst/inst_fifo_gen/gconvfifo.rf/grf.rf/gntv_or_sync_fifo.gcx.clkx/gnxpm_cdc.gsync_stage[1].rd_stg_inst/Q_reg_reg[3]/D
                            (rising edge-triggered cell FDCE clocked by clk_50_clkwiz)
  Reference Source:       dbg_hub/inst/BSCANID.u_xsdbm_id/CORE_XSDB.UUT_MASTER/U_ICON_INTERFACE/U_CMD6_WR/U_WR_FIFO/SUBCORE_FIFO.xsdbm_v3_0_0_wrfifo_inst/inst_fifo_gen/gconvfifo.rf/grf.rf/gntv_or_sync_fifo.gcx.clkx/gnxpm_cdc.wr_pntr_gc_reg[1]/C
                            (rising edge-triggered cell FDCE clocked by dbg_hub/inst/BSCANID.u_xsdbm_id/SWITCH_N_EXT_BSCAN.bscan_inst/SERIES7_BSCAN.bscan_inst/INTERNAL_TCK)
  Reference Destination:  dbg_hub/inst/BSCANID.u_xsdbm_id/CORE_XSDB.UUT_MASTER/U_ICON_INTERFACE/U_CMD6_WR/U_WR_FIFO/SUBCORE_FIFO.xsdbm_v3_0_0_wrfifo_inst/inst_fifo_gen/gconvfifo.rf/grf.rf/gntv_or_sync_fifo.gcx.clkx/gnxpm_cdc.gsync_stage[1].rd_stg_inst/Q_reg_reg[1]/D
                            (rising edge-triggered cell FDCE clocked by clk_50_clkwiz)
  Path Type:              Bus Skew (Max at Slow Process Corner)
  Requirement:            20.000ns
  Endpoint Relative Delay:    5.310ns
  Reference Relative Delay:  -0.936ns
  Relative CRPR:              5.453ns
  Uncertainty:                0.238ns
  Actual Bus Skew:            1.030ns  (Endpoint Relative Delay - Reference Relative Delay - Relative CRPR + Uncertainty)

Endpoint path:
    Location             Delay type                Incr(ns)  Path(ns)    Netlist Resource(s)
  -------------------------------------------------------------------    -------------------
                         (clock dbg_hub/inst/BSCANID.u_xsdbm_id/SWITCH_N_EXT_BSCAN.bscan_inst/SERIES7_BSCAN.bscan_inst/INTERNAL_TCK rise edge)
                                                      0.000     0.000 r  
    CONFIG_SITE_X0Y1     BSCANE2                      0.000     0.000 r  dbg_hub/inst/BSCANID.u_xsdbm_id/SWITCH_N_EXT_BSCAN.bscan_inst/SERIES7_BSCAN.bscan_inst/INTERNAL_TCK
    CONFIG_SITE_X0Y1     BSCANE2 (Prop_BSCAN1_CONFIG_SITE_INTERNAL_TCK_TCK)
                                                      4.300     4.300 r  dbg_hub/inst/BSCANID.u_xsdbm_id/SWITCH_N_EXT_BSCAN.bscan_inst/SERIES7_BSCAN.bscan_inst/TCK
                         net (fo=1, routed)           4.161     8.461    dbg_hub/inst/BSCANID.u_xsdbm_id/tck_bs
    SLR Crossing[1->2]   
    BUFGCE_X1Y288        BUFGCE (Prop_BUFCE_BUFGCE_I_O)
                                                      0.028     8.489 r  dbg_hub/inst/BSCANID.u_xsdbm_id/SWITCH_N_EXT_BSCAN.u_bufg_icon_tck/O
    X3Y10 (CLOCK_ROOT)   net (fo=494, routed)         2.069    10.558    dbg_hub/inst/BSCANID.u_xsdbm_id/CORE_XSDB.UUT_MASTER/U_ICON_INTERFACE/U_CMD6_WR/U_WR_FIFO/SUBCORE_FIFO.xsdbm_v3_0_0_wrfifo_inst/inst_fifo_gen/gconvfifo.rf/grf.rf/gntv_or_sync_fifo.gcx.clkx/wr_clk
    SLICE_X110Y604       FDCE                                         r  dbg_hub/inst/BSCANID.u_xsdbm_id/CORE_XSDB.UUT_MASTER/U_ICON_INTERFACE/U_CMD6_WR/U_WR_FIFO/SUBCORE_FIFO.xsdbm_v3_0_0_wrfifo_inst/inst_fifo_gen/gconvfifo.rf/grf.rf/gntv_or_sync_fifo.gcx.clkx/gnxpm_cdc.wr_pntr_gc_reg[3]/C
  -------------------------------------------------------------------    -------------------
    SLICE_X110Y604       FDCE (Prop_AFF_SLICEM_C_Q)
                                                      0.077    10.635 r  dbg_hub/inst/BSCANID.u_xsdbm_id/CORE_XSDB.UUT_MASTER/U_ICON_INTERFACE/U_CMD6_WR/U_WR_FIFO/SUBCORE_FIFO.xsdbm_v3_0_0_wrfifo_inst/inst_fifo_gen/gconvfifo.rf/grf.rf/gntv_or_sync_fifo.gcx.clkx/gnxpm_cdc.wr_pntr_gc_reg[3]/Q
                         net (fo=1, routed)           0.728    11.363    dbg_hub/inst/BSCANID.u_xsdbm_id/CORE_XSDB.UUT_MASTER/U_ICON_INTERFACE/U_CMD6_WR/U_WR_FIFO/SUBCORE_FIFO.xsdbm_v3_0_0_wrfifo_inst/inst_fifo_gen/gconvfifo.rf/grf.rf/gntv_or_sync_fifo.gcx.clkx/gnxpm_cdc.gsync_stage[1].rd_stg_inst/Q[3]
    SLICE_X110Y604       FDCE                                         r  dbg_hub/inst/BSCANID.u_xsdbm_id/CORE_XSDB.UUT_MASTER/U_ICON_INTERFACE/U_CMD6_WR/U_WR_FIFO/SUBCORE_FIFO.xsdbm_v3_0_0_wrfifo_inst/inst_fifo_gen/gconvfifo.rf/grf.rf/gntv_or_sync_fifo.gcx.clkx/gnxpm_cdc.gsync_stage[1].rd_stg_inst/Q_reg_reg[3]/D
  -------------------------------------------------------------------    -------------------

                         (clock clk_50_clkwiz rise edge)
                                                      0.000     0.000 r  
    E12                                               0.000     0.000 r  sys_clk_p (IN)
                         net (fo=0)                   0.000     0.000    i_bufds_sys_clk/I
    HPIOBDIFFINBUF_X1Y300
                         DIFFINBUF (Prop_DIFFINBUF_HPIOBDIFFINBUF_DIFF_IN_P_O)
                                                      0.564     0.564 r  i_bufds_sys_clk/DIFFINBUF_INST/O
                         net (fo=1, routed)           0.040     0.604    i_bufds_sys_clk/OUT
    E12                  IBUFCTRL (Prop_IBUFCTRL_HPIOB_M_I_O)
                                                      0.000     0.604 r  i_bufds_sys_clk/IBUFCTRL_INST/O
                         net (fo=1, routed)           0.297     0.901    sys_clk
    BUFGCE_X1Y289        BUFGCE (Prop_BUFCE_BUFGCE_I_O)
                                                      0.024     0.925 r  sys_clk_BUFGCE_inst/O
                         net (fo=19, routed)          0.876     1.801    i_clkwiz/inst/clk_in1
    MMCM_X1Y11           MMCME4_ADV (Prop_MMCM_CLKIN1_CLKOUT0)
                                                      0.630     2.431 r  i_clkwiz/inst/mmcme4_adv_inst/CLKOUT0
                         net (fo=1, routed)           0.214     2.645    i_clkwiz/inst/clk_50_clkwiz
    BUFGCE_X1Y266        BUFGCE (Prop_BUFCE_BUFGCE_I_O)
                                                      0.024     2.669 r  i_clkwiz/inst/clkout1_buf/O
    X2Y7 (CLOCK_ROOT)    net (fo=199658, routed)      3.359     6.028    dbg_hub/inst/BSCANID.u_xsdbm_id/CORE_XSDB.UUT_MASTER/U_ICON_INTERFACE/U_CMD6_WR/U_WR_FIFO/SUBCORE_FIFO.xsdbm_v3_0_0_wrfifo_inst/inst_fifo_gen/gconvfifo.rf/grf.rf/gntv_or_sync_fifo.gcx.clkx/gnxpm_cdc.gsync_stage[1].rd_stg_inst/rd_clk
    SLICE_X110Y604       FDCE                                         r  dbg_hub/inst/BSCANID.u_xsdbm_id/CORE_XSDB.UUT_MASTER/U_ICON_INTERFACE/U_CMD6_WR/U_WR_FIFO/SUBCORE_FIFO.xsdbm_v3_0_0_wrfifo_inst/inst_fifo_gen/gconvfifo.rf/grf.rf/gntv_or_sync_fifo.gcx.clkx/gnxpm_cdc.gsync_stage[1].rd_stg_inst/Q_reg_reg[3]/C
                         clock pessimism              0.000     6.028    
    SLICE_X110Y604       FDCE (Setup_GFF2_SLICEM_C_D)
                                                      0.025     6.053    dbg_hub/inst/BSCANID.u_xsdbm_id/CORE_XSDB.UUT_MASTER/U_ICON_INTERFACE/U_CMD6_WR/U_WR_FIFO/SUBCORE_FIFO.xsdbm_v3_0_0_wrfifo_inst/inst_fifo_gen/gconvfifo.rf/grf.rf/gntv_or_sync_fifo.gcx.clkx/gnxpm_cdc.gsync_stage[1].rd_stg_inst/Q_reg_reg[3]
  -------------------------------------------------------------------
                         data arrival                          11.363    
                         clock arrival                          6.053    
  -------------------------------------------------------------------
                         relative delay                         5.310    

Reference path:
    Location             Delay type                Incr(ns)  Path(ns)    Netlist Resource(s)
  -------------------------------------------------------------------    -------------------
                         (clock dbg_hub/inst/BSCANID.u_xsdbm_id/SWITCH_N_EXT_BSCAN.bscan_inst/SERIES7_BSCAN.bscan_inst/INTERNAL_TCK rise edge)
                                                      0.000     0.000 r  
    CONFIG_SITE_X0Y1     BSCANE2                      0.000     0.000 r  dbg_hub/inst/BSCANID.u_xsdbm_id/SWITCH_N_EXT_BSCAN.bscan_inst/SERIES7_BSCAN.bscan_inst/INTERNAL_TCK
    CONFIG_SITE_X0Y1     BSCANE2 (Prop_BSCAN1_CONFIG_SITE_INTERNAL_TCK_TCK)
                                                      0.465     0.465 r  dbg_hub/inst/BSCANID.u_xsdbm_id/SWITCH_N_EXT_BSCAN.bscan_inst/SERIES7_BSCAN.bscan_inst/TCK
                         net (fo=1, routed)           2.607     3.072    dbg_hub/inst/BSCANID.u_xsdbm_id/tck_bs
    SLR Crossing[1->2]   
    BUFGCE_X1Y288        BUFGCE (Prop_BUFCE_BUFGCE_I_O)
                                                      0.024     3.096 r  dbg_hub/inst/BSCANID.u_xsdbm_id/SWITCH_N_EXT_BSCAN.u_bufg_icon_tck/O
    X3Y10 (CLOCK_ROOT)   net (fo=494, routed)         1.837     4.933    dbg_hub/inst/BSCANID.u_xsdbm_id/CORE_XSDB.UUT_MASTER/U_ICON_INTERFACE/U_CMD6_WR/U_WR_FIFO/SUBCORE_FIFO.xsdbm_v3_0_0_wrfifo_inst/inst_fifo_gen/gconvfifo.rf/grf.rf/gntv_or_sync_fifo.gcx.clkx/wr_clk
    SLICE_X110Y604       FDCE                                         r  dbg_hub/inst/BSCANID.u_xsdbm_id/CORE_XSDB.UUT_MASTER/U_ICON_INTERFACE/U_CMD6_WR/U_WR_FIFO/SUBCORE_FIFO.xsdbm_v3_0_0_wrfifo_inst/inst_fifo_gen/gconvfifo.rf/grf.rf/gntv_or_sync_fifo.gcx.clkx/gnxpm_cdc.wr_pntr_gc_reg[1]/C
  -------------------------------------------------------------------    -------------------
    SLICE_X110Y604       FDCE (Prop_DFF2_SLICEM_C_Q)
                                                      0.061     4.994 r  dbg_hub/inst/BSCANID.u_xsdbm_id/CORE_XSDB.UUT_MASTER/U_ICON_INTERFACE/U_CMD6_WR/U_WR_FIFO/SUBCORE_FIFO.xsdbm_v3_0_0_wrfifo_inst/inst_fifo_gen/gconvfifo.rf/grf.rf/gntv_or_sync_fifo.gcx.clkx/gnxpm_cdc.wr_pntr_gc_reg[1]/Q
                         net (fo=1, routed)           0.098     5.092    dbg_hub/inst/BSCANID.u_xsdbm_id/CORE_XSDB.UUT_MASTER/U_ICON_INTERFACE/U_CMD6_WR/U_WR_FIFO/SUBCORE_FIFO.xsdbm_v3_0_0_wrfifo_inst/inst_fifo_gen/gconvfifo.rf/grf.rf/gntv_or_sync_fifo.gcx.clkx/gnxpm_cdc.gsync_stage[1].rd_stg_inst/Q[1]
    SLICE_X109Y604       FDCE                                         r  dbg_hub/inst/BSCANID.u_xsdbm_id/CORE_XSDB.UUT_MASTER/U_ICON_INTERFACE/U_CMD6_WR/U_WR_FIFO/SUBCORE_FIFO.xsdbm_v3_0_0_wrfifo_inst/inst_fifo_gen/gconvfifo.rf/grf.rf/gntv_or_sync_fifo.gcx.clkx/gnxpm_cdc.gsync_stage[1].rd_stg_inst/Q_reg_reg[1]/D
  -------------------------------------------------------------------    -------------------

                         (clock clk_50_clkwiz rise edge)
                                                      0.000     0.000 r  
    E12                                               0.000     0.000 r  sys_clk_p (IN)
                         net (fo=0)                   0.000     0.000    i_bufds_sys_clk/I
    HPIOBDIFFINBUF_X1Y300
                         DIFFINBUF (Prop_DIFFINBUF_HPIOBDIFFINBUF_DIFF_IN_P_O)
                                                      0.675     0.675 r  i_bufds_sys_clk/DIFFINBUF_INST/O
                         net (fo=1, routed)           0.050     0.725    i_bufds_sys_clk/OUT
    E12                  IBUFCTRL (Prop_IBUFCTRL_HPIOB_M_I_O)
                                                      0.000     0.725 r  i_bufds_sys_clk/IBUFCTRL_INST/O
                         net (fo=1, routed)           0.335     1.060    sys_clk
    BUFGCE_X1Y289        BUFGCE (Prop_BUFCE_BUFGCE_I_O)
                                                      0.028     1.088 r  sys_clk_BUFGCE_inst/O
                         net (fo=19, routed)          0.991     2.079    i_clkwiz/inst/clk_in1
    MMCM_X1Y11           MMCME4_ADV (Prop_MMCM_CLKIN1_CLKOUT0)
                                                     -0.127     1.952 r  i_clkwiz/inst/mmcme4_adv_inst/CLKOUT0
                         net (fo=1, routed)           0.244     2.196    i_clkwiz/inst/clk_50_clkwiz
    BUFGCE_X1Y266        BUFGCE (Prop_BUFCE_BUFGCE_I_O)
                                                      0.028     2.224 r  i_clkwiz/inst/clkout1_buf/O
    X2Y7 (CLOCK_ROOT)    net (fo=199658, routed)      3.742     5.966    dbg_hub/inst/BSCANID.u_xsdbm_id/CORE_XSDB.UUT_MASTER/U_ICON_INTERFACE/U_CMD6_WR/U_WR_FIFO/SUBCORE_FIFO.xsdbm_v3_0_0_wrfifo_inst/inst_fifo_gen/gconvfifo.rf/grf.rf/gntv_or_sync_fifo.gcx.clkx/gnxpm_cdc.gsync_stage[1].rd_stg_inst/rd_clk
    SLICE_X109Y604       FDCE                                         r  dbg_hub/inst/BSCANID.u_xsdbm_id/CORE_XSDB.UUT_MASTER/U_ICON_INTERFACE/U_CMD6_WR/U_WR_FIFO/SUBCORE_FIFO.xsdbm_v3_0_0_wrfifo_inst/inst_fifo_gen/gconvfifo.rf/grf.rf/gntv_or_sync_fifo.gcx.clkx/gnxpm_cdc.gsync_stage[1].rd_stg_inst/Q_reg_reg[1]/C
                         clock pessimism              0.000     5.966    
    SLICE_X109Y604       FDCE (Hold_DFF2_SLICEL_C_D)
                                                      0.062     6.028    dbg_hub/inst/BSCANID.u_xsdbm_id/CORE_XSDB.UUT_MASTER/U_ICON_INTERFACE/U_CMD6_WR/U_WR_FIFO/SUBCORE_FIFO.xsdbm_v3_0_0_wrfifo_inst/inst_fifo_gen/gconvfifo.rf/grf.rf/gntv_or_sync_fifo.gcx.clkx/gnxpm_cdc.gsync_stage[1].rd_stg_inst/Q_reg_reg[1]
  -------------------------------------------------------------------
                         data arrival                           5.092    
                         clock arrival                          6.028    
  -------------------------------------------------------------------
                         relative delay                        -0.936    



