Copyright 1986-2020 Xilinx, Inc. All Rights Reserved.
---------------------------------------------------------------------------------------------------------------------------------------------------------------------------------------------
| Tool Version      : Vivado v.2020.1 (win64) Build 2902540 Wed May 27 19:54:49 MDT 2020
| Date              : Wed Sep 16 18:35:56 2026
| Host              : DESKTOP-9T3TD2K running 64-bit major release  (build 9200)
| Command           : report_timing -delay_type max -max_paths 50 -nworst 1 -slack_lesser_than 0 -file D:/project/ara/hardware/fpga/ara_dsa_vcu118/reports/impl_1684ae5a235b/setup_paths.rpt
| Design            : ara_dsa_vcu118
| Device            : xcvu9p-flga2104
| Speed File        : -2L  PRODUCTION 1.27 02-28-2020
| Temperature Grade : E
---------------------------------------------------------------------------------------------------------------------------------------------------------------------------------------------

Timing Report

Slack (VIOLATED) :        -0.580ns  (required time - arrival time)
  Source:                 i_dram_wrapper/i_ui_por/i_rstgen_bypass/synch_regs_q_reg[3]/C
                            (rising edge-triggered cell FDCE clocked by mmcm_clkout0  {rise@0.000ns fall@1.667ns period=3.333ns})
  Destination:            i_dram_wrapper/fabric_ready_o_reg/CLR
                            (recovery check against rising-edge clock mmcm_clkout0  {rise@0.000ns fall@1.667ns period=3.333ns})
  Path Group:             **async_default**
  Path Type:              Recovery (Max at Slow Process Corner)
  Requirement:            3.333ns  (mmcm_clkout0 rise@3.333ns - mmcm_clkout0 rise@0.000ns)
  Data Path Delay:        2.979ns  (logic 0.173ns (5.807%)  route 2.806ns (94.193%))
  Logic Levels:           1  (BUFGCTRL=1)
  Clock Path Skew:        -0.624ns (DCD - SCD + CPR)
    Destination Clock Delay (DCD):    5.028ns = ( 8.362 - 3.333 ) 
    Source Clock Delay      (SCD):    5.315ns
    Clock Pessimism Removal (CPR):    -0.338ns
  Clock Uncertainty:      0.052ns  ((TSJ^2 + DJ^2)^1/2) / 2 + PE
    Total System Jitter     (TSJ):    0.071ns
    Discrete Jitter          (DJ):    0.076ns
    Phase Error              (PE):    0.000ns
  Inter-SLR Compensation: 0.192ns  ((DCD - CCD) * PF)
    Destination Clock Delay (DCD):    5.028ns
    Common Clock Delay      (CCD):    3.745ns
    Prorating Factor         (PF):    0.150
  Clock Net Delay (Source):      3.181ns (routing 1.274ns, distribution 1.907ns)
  Clock Net Delay (Destination): 2.440ns (routing 1.157ns, distribution 1.283ns)

    Location             Delay type                Incr(ns)  Path(ns)    Netlist Resource(s)
  -------------------------------------------------------------------    -------------------
                         (clock mmcm_clkout0 rise edge)
                                                      0.000     0.000 r  
    E12                                               0.000     0.000 r  sys_clk_p (IN)
                         net (fo=0)                   0.000     0.000    i_bufds_sys_clk/I
    HPIOBDIFFINBUF_X1Y300
                         DIFFINBUF (Prop_DIFFINBUF_HPIOBDIFFINBUF_DIFF_IN_P_O)
                                                      0.675     0.675 r  i_bufds_sys_clk/DIFFINBUF_INST/O
                         net (fo=1, routed)           0.050     0.725    i_bufds_sys_clk/OUT
    E12                  IBUFCTRL (Prop_IBUFCTRL_HPIOB_M_I_O)
                                                      0.000     0.725 r  i_bufds_sys_clk/IBUFCTRL_INST/O
                         net (fo=1, routed)           0.335     1.060    sys_clk
    BUFGCE_X1Y289        BUFGCE (Prop_BUFCE_BUFGCE_I_O)
                                                      0.028     1.088 r  sys_clk_BUFGCE_inst/O
                         net (fo=19, routed)          0.901     1.989    i_dram_wrapper/i_dram/inst/u_ddr4_infrastructure/mmcm_clk_in
    MMCM_X1Y13           MMCME4_ADV (Prop_MMCM_CLKIN1_CLKOUT0)
                                                     -0.127     1.862 r  i_dram_wrapper/i_dram/inst/u_ddr4_infrastructure/gen_mmcme4.u_mmcme_adv_inst/CLKOUT0
                         net (fo=1, routed)           0.244     2.106    i_dram_wrapper/i_dram/inst/u_ddr4_infrastructure/mmcm_clkout0
    BUFGCE_X1Y332        BUFGCE (Prop_BUFCE_BUFGCE_I_O)
                                                      0.028     2.134 r  i_dram_wrapper/i_dram/inst/u_ddr4_infrastructure/u_bufg_divClk/O
    X4Y10 (CLOCK_ROOT)   net (fo=36296, routed)       3.181     5.315    i_dram_wrapper/i_ui_por/i_rstgen_bypass/clk_i
    SLR Crossing[2->1]   
    SLICE_X112Y332       FDCE                                         r  i_dram_wrapper/i_ui_por/i_rstgen_bypass/synch_regs_q_reg[3]/C
  -------------------------------------------------------------------    -------------------
    SLICE_X112Y332       FDCE (Prop_GFF2_SLICEL_C_Q)
                                                      0.081     5.396 r  i_dram_wrapper/i_ui_por/i_rstgen_bypass/synch_regs_q_reg[3]/Q
                         net (fo=1, routed)           0.426     5.822    i_dram_wrapper/i_ui_por/i_rstgen_bypass/i_tc_clk_mux2_rst_no/clk0_i
    BUFGCTRL_X1Y45       BUFGCTRL (Prop_BUFGCTRL_I0_O)
                                                      0.092     5.914 r  i_dram_wrapper/i_ui_por/i_rstgen_bypass/i_tc_clk_mux2_rst_no/i_BUFGMUX/O
                         net (fo=1, routed)           2.380     8.294    i_dram_wrapper/ui_por_n
    SLR Crossing[1->2]   
    SLICE_X124Y719       FDCE                                         f  i_dram_wrapper/fabric_ready_o_reg/CLR  (IS_INVERTED)
  -------------------------------------------------------------------    -------------------

                         (clock mmcm_clkout0 rise edge)
                                                      3.333     3.333 r  
    E12                                               0.000     3.333 r  sys_clk_p (IN)
                         net (fo=0)                   0.000     3.333    i_bufds_sys_clk/I
    HPIOBDIFFINBUF_X1Y300
                         DIFFINBUF (Prop_DIFFINBUF_HPIOBDIFFINBUF_DIFF_IN_P_O)
                                                      0.564     3.898 r  i_bufds_sys_clk/DIFFINBUF_INST/O
                         net (fo=1, routed)           0.040     3.938    i_bufds_sys_clk/OUT
    E12                  IBUFCTRL (Prop_IBUFCTRL_HPIOB_M_I_O)
                                                      0.000     3.938 r  i_bufds_sys_clk/IBUFCTRL_INST/O
                         net (fo=1, routed)           0.297     4.235    sys_clk
    BUFGCE_X1Y289        BUFGCE (Prop_BUFCE_BUFGCE_I_O)
                                                      0.024     4.259 r  sys_clk_BUFGCE_inst/O
                         net (fo=19, routed)          0.795     5.054    i_dram_wrapper/i_dram/inst/u_ddr4_infrastructure/mmcm_clk_in
    MMCM_X1Y13           MMCME4_ADV (Prop_MMCM_CLKIN1_CLKOUT0)
                                                      0.630     5.684 r  i_dram_wrapper/i_dram/inst/u_ddr4_infrastructure/gen_mmcme4.u_mmcme_adv_inst/CLKOUT0
                         net (fo=1, routed)           0.214     5.898    i_dram_wrapper/i_dram/inst/u_ddr4_infrastructure/mmcm_clkout0
    BUFGCE_X1Y332        BUFGCE (Prop_BUFCE_BUFGCE_I_O)
                                                      0.024     5.922 r  i_dram_wrapper/i_dram/inst/u_ddr4_infrastructure/u_bufg_divClk/O
    X4Y10 (CLOCK_ROOT)   net (fo=36296, routed)       2.440     8.362    i_dram_wrapper/dram_axi_clk
    SLICE_X124Y719       FDCE                                         r  i_dram_wrapper/fabric_ready_o_reg/C
                         clock pessimism             -0.338     8.024    
                         inter-SLR compensation      -0.192     7.831    
                         clock uncertainty           -0.052     7.779    
    SLICE_X124Y719       FDCE (Recov_AFF2_SLICEL_C_CLR)
                                                     -0.066     7.713    i_dram_wrapper/fabric_ready_o_reg
  -------------------------------------------------------------------
                         required time                          7.713    
                         arrival time                          -8.294    
  -------------------------------------------------------------------
                         slack                                 -0.580    

Slack (VIOLATED) :        -0.419ns  (required time - arrival time)
  Source:                 i_dram_wrapper/i_ui_rstgen/i_rstgen_bypass/synch_regs_q_reg[3]/C
                            (rising edge-triggered cell FDCE clocked by mmcm_clkout0  {rise@0.000ns fall@1.667ns period=3.333ns})
  Destination:            i_dram_wrapper/gen_cdc.i_axi_cdc_mig/i_axi_cdc_dst/i_cdc_fifo_gray_dst_w/gen_sync[1].i_sync/reg_q_reg[0]/CLR
                            (recovery check against rising-edge clock mmcm_clkout0  {rise@0.000ns fall@1.667ns period=3.333ns})
  Path Group:             **async_default**
  Path Type:              Recovery (Max at Slow Process Corner)
  Requirement:            3.333ns  (mmcm_clkout0 rise@3.333ns - mmcm_clkout0 rise@0.000ns)
  Data Path Delay:        3.465ns  (logic 0.264ns (7.619%)  route 3.201ns (92.381%))
  Logic Levels:           2  (BUFGCTRL=1 LUT1=1)
  Clock Path Skew:        0.062ns (DCD - SCD + CPR)
    Destination Clock Delay (DCD):    5.287ns = ( 8.621 - 3.333 ) 
    Source Clock Delay      (SCD):    4.888ns
    Clock Pessimism Removal (CPR):    -0.338ns
  Clock Uncertainty:      0.052ns  ((TSJ^2 + DJ^2)^1/2) / 2 + PE
    Total System Jitter     (TSJ):    0.071ns
    Discrete Jitter          (DJ):    0.076ns
    Phase Error              (PE):    0.000ns
  Inter-SLR Compensation: 0.231ns  ((DCD - CCD) * PF)
    Destination Clock Delay (DCD):    5.287ns
    Common Clock Delay      (CCD):    3.745ns
    Prorating Factor         (PF):    0.150
  Clock Net Delay (Source):      2.754ns (routing 1.274ns, distribution 1.480ns)
  Clock Net Delay (Destination): 2.699ns (routing 1.157ns, distribution 1.542ns)

    Location             Delay type                Incr(ns)  Path(ns)    Netlist Resource(s)
  -------------------------------------------------------------------    -------------------
                         (clock mmcm_clkout0 rise edge)
                                                      0.000     0.000 r  
    E12                                               0.000     0.000 r  sys_clk_p (IN)
                         net (fo=0)                   0.000     0.000    i_bufds_sys_clk/I
    HPIOBDIFFINBUF_X1Y300
                         DIFFINBUF (Prop_DIFFINBUF_HPIOBDIFFINBUF_DIFF_IN_P_O)
                                                      0.675     0.675 r  i_bufds_sys_clk/DIFFINBUF_INST/O
                         net (fo=1, routed)           0.050     0.725    i_bufds_sys_clk/OUT
    E12                  IBUFCTRL (Prop_IBUFCTRL_HPIOB_M_I_O)
                                                      0.000     0.725 r  i_bufds_sys_clk/IBUFCTRL_INST/O
                         net (fo=1, routed)           0.335     1.060    sys_clk
    BUFGCE_X1Y289        BUFGCE (Prop_BUFCE_BUFGCE_I_O)
                                                      0.028     1.088 r  sys_clk_BUFGCE_inst/O
                         net (fo=19, routed)          0.901     1.989    i_dram_wrapper/i_dram/inst/u_ddr4_infrastructure/mmcm_clk_in
    MMCM_X1Y13           MMCME4_ADV (Prop_MMCM_CLKIN1_CLKOUT0)
                                                     -0.127     1.862 r  i_dram_wrapper/i_dram/inst/u_ddr4_infrastructure/gen_mmcme4.u_mmcme_adv_inst/CLKOUT0
                         net (fo=1, routed)           0.244     2.106    i_dram_wrapper/i_dram/inst/u_ddr4_infrastructure/mmcm_clkout0
    BUFGCE_X1Y332        BUFGCE (Prop_BUFCE_BUFGCE_I_O)
                                                      0.028     2.134 r  i_dram_wrapper/i_dram/inst/u_ddr4_infrastructure/u_bufg_divClk/O
    X4Y10 (CLOCK_ROOT)   net (fo=36296, routed)       2.754     4.888    i_dram_wrapper/i_ui_rstgen/i_rstgen_bypass/clk_i
    SLR Crossing[2->1]   
    SLICE_X112Y511       FDCE                                         r  i_dram_wrapper/i_ui_rstgen/i_rstgen_bypass/synch_regs_q_reg[3]/C
  -------------------------------------------------------------------    -------------------
    SLICE_X112Y511       FDCE (Prop_DFF2_SLICEL_C_Q)
                                                      0.081     4.969 r  i_dram_wrapper/i_ui_rstgen/i_rstgen_bypass/synch_regs_q_reg[3]/Q
                         net (fo=1, routed)           0.422     5.391    i_dram_wrapper/i_ui_rstgen/i_rstgen_bypass/i_tc_clk_mux2_rst_no/clk0_i
    BUFGCTRL_X1Y67       BUFGCTRL (Prop_BUFGCTRL_I0_O)
                                                      0.092     5.483 r  i_dram_wrapper/i_ui_rstgen/i_rstgen_bypass/i_tc_clk_mux2_rst_no/i_BUFGMUX/O
                         net (fo=18121, routed)       2.604     8.087    i_dram_wrapper/gen_cdc.i_axi_cdc_mig/i_axi_cdc_dst/i_cdc_fifo_gray_dst_w/gen_sync[1].i_sync/rst_ni
    SLR Crossing[1->2]   
    SLICE_X92Y851        LUT1 (Prop_E6LUT_SLICEM_I0_O)
                                                      0.091     8.178 f  i_dram_wrapper/gen_cdc.i_axi_cdc_mig/i_axi_cdc_dst/i_cdc_fifo_gray_dst_w/gen_sync[1].i_sync/reg_q[1]_i_1/O
                         net (fo=2, routed)           0.175     8.353    i_dram_wrapper/gen_cdc.i_axi_cdc_mig/i_axi_cdc_dst/i_cdc_fifo_gray_dst_w/gen_sync[1].i_sync/reg_q[1]_i_1_n_0
    SLICE_X92Y851        FDCE                                         f  i_dram_wrapper/gen_cdc.i_axi_cdc_mig/i_axi_cdc_dst/i_cdc_fifo_gray_dst_w/gen_sync[1].i_sync/reg_q_reg[0]/CLR
  -------------------------------------------------------------------    -------------------

                         (clock mmcm_clkout0 rise edge)
                                                      3.333     3.333 r  
    E12                                               0.000     3.333 r  sys_clk_p (IN)
                         net (fo=0)                   0.000     3.333    i_bufds_sys_clk/I
    HPIOBDIFFINBUF_X1Y300
                         DIFFINBUF (Prop_DIFFINBUF_HPIOBDIFFINBUF_DIFF_IN_P_O)
                                                      0.564     3.898 r  i_bufds_sys_clk/DIFFINBUF_INST/O
                         net (fo=1, routed)           0.040     3.938    i_bufds_sys_clk/OUT
    E12                  IBUFCTRL (Prop_IBUFCTRL_HPIOB_M_I_O)
                                                      0.000     3.938 r  i_bufds_sys_clk/IBUFCTRL_INST/O
                         net (fo=1, routed)           0.297     4.235    sys_clk
    BUFGCE_X1Y289        BUFGCE (Prop_BUFCE_BUFGCE_I_O)
                                                      0.024     4.259 r  sys_clk_BUFGCE_inst/O
                         net (fo=19, routed)          0.795     5.054    i_dram_wrapper/i_dram/inst/u_ddr4_infrastructure/mmcm_clk_in
    MMCM_X1Y13           MMCME4_ADV (Prop_MMCM_CLKIN1_CLKOUT0)
                                                      0.630     5.684 r  i_dram_wrapper/i_dram/inst/u_ddr4_infrastructure/gen_mmcme4.u_mmcme_adv_inst/CLKOUT0
                         net (fo=1, routed)           0.214     5.898    i_dram_wrapper/i_dram/inst/u_ddr4_infrastructure/mmcm_clkout0
    BUFGCE_X1Y332        BUFGCE (Prop_BUFCE_BUFGCE_I_O)
                                                      0.024     5.922 r  i_dram_wrapper/i_dram/inst/u_ddr4_infrastructure/u_bufg_divClk/O
    X4Y10 (CLOCK_ROOT)   net (fo=36296, routed)       2.699     8.621    i_dram_wrapper/gen_cdc.i_axi_cdc_mig/i_axi_cdc_dst/i_cdc_fifo_gray_dst_w/gen_sync[1].i_sync/clk_i
    SLICE_X92Y851        FDCE                                         r  i_dram_wrapper/gen_cdc.i_axi_cdc_mig/i_axi_cdc_dst/i_cdc_fifo_gray_dst_w/gen_sync[1].i_sync/reg_q_reg[0]/C
                         clock pessimism             -0.338     8.283    
                         inter-SLR compensation      -0.231     8.052    
                         clock uncertainty           -0.052     8.000    
    SLICE_X92Y851        FDCE (Recov_HFF2_SLICEM_C_CLR)
                                                     -0.066     7.934    i_dram_wrapper/gen_cdc.i_axi_cdc_mig/i_axi_cdc_dst/i_cdc_fifo_gray_dst_w/gen_sync[1].i_sync/reg_q_reg[0]
  -------------------------------------------------------------------
                         required time                          7.934    
                         arrival time                          -8.353    
  -------------------------------------------------------------------
                         slack                                 -0.419    

Slack (VIOLATED) :        -0.419ns  (required time - arrival time)
  Source:                 i_dram_wrapper/i_ui_rstgen/i_rstgen_bypass/synch_regs_q_reg[3]/C
                            (rising edge-triggered cell FDCE clocked by mmcm_clkout0  {rise@0.000ns fall@1.667ns period=3.333ns})
  Destination:            i_dram_wrapper/gen_cdc.i_axi_cdc_mig/i_axi_cdc_dst/i_cdc_fifo_gray_dst_w/gen_sync[1].i_sync/reg_q_reg[1]/CLR
                            (recovery check against rising-edge clock mmcm_clkout0  {rise@0.000ns fall@1.667ns period=3.333ns})
  Path Group:             **async_default**
  Path Type:              Recovery (Max at Slow Process Corner)
  Requirement:            3.333ns  (mmcm_clkout0 rise@3.333ns - mmcm_clkout0 rise@0.000ns)
  Data Path Delay:        3.465ns  (logic 0.264ns (7.619%)  route 3.201ns (92.381%))
  Logic Levels:           2  (BUFGCTRL=1 LUT1=1)
  Clock Path Skew:        0.062ns (DCD - SCD + CPR)
    Destination Clock Delay (DCD):    5.287ns = ( 8.621 - 3.333 ) 
    Source Clock Delay      (SCD):    4.888ns
    Clock Pessimism Removal (CPR):    -0.338ns
  Clock Uncertainty:      0.052ns  ((TSJ^2 + DJ^2)^1/2) / 2 + PE
    Total System Jitter     (TSJ):    0.071ns
    Discrete Jitter          (DJ):    0.076ns
    Phase Error              (PE):    0.000ns
  Inter-SLR Compensation: 0.231ns  ((DCD - CCD) * PF)
    Destination Clock Delay (DCD):    5.287ns
    Common Clock Delay      (CCD):    3.745ns
    Prorating Factor         (PF):    0.150
  Clock Net Delay (Source):      2.754ns (routing 1.274ns, distribution 1.480ns)
  Clock Net Delay (Destination): 2.699ns (routing 1.157ns, distribution 1.542ns)

    Location             Delay type                Incr(ns)  Path(ns)    Netlist Resource(s)
  -------------------------------------------------------------------    -------------------
                         (clock mmcm_clkout0 rise edge)
                                                      0.000     0.000 r  
    E12                                               0.000     0.000 r  sys_clk_p (IN)
                         net (fo=0)                   0.000     0.000    i_bufds_sys_clk/I
    HPIOBDIFFINBUF_X1Y300
                         DIFFINBUF (Prop_DIFFINBUF_HPIOBDIFFINBUF_DIFF_IN_P_O)
                                                      0.675     0.675 r  i_bufds_sys_clk/DIFFINBUF_INST/O
                         net (fo=1, routed)           0.050     0.725    i_bufds_sys_clk/OUT
    E12                  IBUFCTRL (Prop_IBUFCTRL_HPIOB_M_I_O)
                                                      0.000     0.725 r  i_bufds_sys_clk/IBUFCTRL_INST/O
                         net (fo=1, routed)           0.335     1.060    sys_clk
    BUFGCE_X1Y289        BUFGCE (Prop_BUFCE_BUFGCE_I_O)
                                                      0.028     1.088 r  sys_clk_BUFGCE_inst/O
                         net (fo=19, routed)          0.901     1.989    i_dram_wrapper/i_dram/inst/u_ddr4_infrastructure/mmcm_clk_in
    MMCM_X1Y13           MMCME4_ADV (Prop_MMCM_CLKIN1_CLKOUT0)
                                                     -0.127     1.862 r  i_dram_wrapper/i_dram/inst/u_ddr4_infrastructure/gen_mmcme4.u_mmcme_adv_inst/CLKOUT0
                         net (fo=1, routed)           0.244     2.106    i_dram_wrapper/i_dram/inst/u_ddr4_infrastructure/mmcm_clkout0
    BUFGCE_X1Y332        BUFGCE (Prop_BUFCE_BUFGCE_I_O)
                                                      0.028     2.134 r  i_dram_wrapper/i_dram/inst/u_ddr4_infrastructure/u_bufg_divClk/O
    X4Y10 (CLOCK_ROOT)   net (fo=36296, routed)       2.754     4.888    i_dram_wrapper/i_ui_rstgen/i_rstgen_bypass/clk_i
    SLR Crossing[2->1]   
    SLICE_X112Y511       FDCE                                         r  i_dram_wrapper/i_ui_rstgen/i_rstgen_bypass/synch_regs_q_reg[3]/C
  -------------------------------------------------------------------    -------------------
    SLICE_X112Y511       FDCE (Prop_DFF2_SLICEL_C_Q)
                                                      0.081     4.969 r  i_dram_wrapper/i_ui_rstgen/i_rstgen_bypass/synch_regs_q_reg[3]/Q
                         net (fo=1, routed)           0.422     5.391    i_dram_wrapper/i_ui_rstgen/i_rstgen_bypass/i_tc_clk_mux2_rst_no/clk0_i
    BUFGCTRL_X1Y67       BUFGCTRL (Prop_BUFGCTRL_I0_O)
                                                      0.092     5.483 r  i_dram_wrapper/i_ui_rstgen/i_rstgen_bypass/i_tc_clk_mux2_rst_no/i_BUFGMUX/O
                         net (fo=18121, routed)       2.604     8.087    i_dram_wrapper/gen_cdc.i_axi_cdc_mig/i_axi_cdc_dst/i_cdc_fifo_gray_dst_w/gen_sync[1].i_sync/rst_ni
    SLR Crossing[1->2]   
    SLICE_X92Y851        LUT1 (Prop_E6LUT_SLICEM_I0_O)
                                                      0.091     8.178 f  i_dram_wrapper/gen_cdc.i_axi_cdc_mig/i_axi_cdc_dst/i_cdc_fifo_gray_dst_w/gen_sync[1].i_sync/reg_q[1]_i_1/O
                         net (fo=2, routed)           0.175     8.353    i_dram_wrapper/gen_cdc.i_axi_cdc_mig/i_axi_cdc_dst/i_cdc_fifo_gray_dst_w/gen_sync[1].i_sync/reg_q[1]_i_1_n_0
    SLICE_X92Y851        FDCE                                         f  i_dram_wrapper/gen_cdc.i_axi_cdc_mig/i_axi_cdc_dst/i_cdc_fifo_gray_dst_w/gen_sync[1].i_sync/reg_q_reg[1]/CLR
  -------------------------------------------------------------------    -------------------

                         (clock mmcm_clkout0 rise edge)
                                                      3.333     3.333 r  
    E12                                               0.000     3.333 r  sys_clk_p (IN)
                         net (fo=0)                   0.000     3.333    i_bufds_sys_clk/I
    HPIOBDIFFINBUF_X1Y300
                         DIFFINBUF (Prop_DIFFINBUF_HPIOBDIFFINBUF_DIFF_IN_P_O)
                                                      0.564     3.898 r  i_bufds_sys_clk/DIFFINBUF_INST/O
                         net (fo=1, routed)           0.040     3.938    i_bufds_sys_clk/OUT
    E12                  IBUFCTRL (Prop_IBUFCTRL_HPIOB_M_I_O)
                                                      0.000     3.938 r  i_bufds_sys_clk/IBUFCTRL_INST/O
                         net (fo=1, routed)           0.297     4.235    sys_clk
    BUFGCE_X1Y289        BUFGCE (Prop_BUFCE_BUFGCE_I_O)
                                                      0.024     4.259 r  sys_clk_BUFGCE_inst/O
                         net (fo=19, routed)          0.795     5.054    i_dram_wrapper/i_dram/inst/u_ddr4_infrastructure/mmcm_clk_in
    MMCM_X1Y13           MMCME4_ADV (Prop_MMCM_CLKIN1_CLKOUT0)
                                                      0.630     5.684 r  i_dram_wrapper/i_dram/inst/u_ddr4_infrastructure/gen_mmcme4.u_mmcme_adv_inst/CLKOUT0
                         net (fo=1, routed)           0.214     5.898    i_dram_wrapper/i_dram/inst/u_ddr4_infrastructure/mmcm_clkout0
    BUFGCE_X1Y332        BUFGCE (Prop_BUFCE_BUFGCE_I_O)
                                                      0.024     5.922 r  i_dram_wrapper/i_dram/inst/u_ddr4_infrastructure/u_bufg_divClk/O
    X4Y10 (CLOCK_ROOT)   net (fo=36296, routed)       2.699     8.621    i_dram_wrapper/gen_cdc.i_axi_cdc_mig/i_axi_cdc_dst/i_cdc_fifo_gray_dst_w/gen_sync[1].i_sync/clk_i
    SLICE_X92Y851        FDCE                                         r  i_dram_wrapper/gen_cdc.i_axi_cdc_mig/i_axi_cdc_dst/i_cdc_fifo_gray_dst_w/gen_sync[1].i_sync/reg_q_reg[1]/C
                         clock pessimism             -0.338     8.283    
                         inter-SLR compensation      -0.231     8.052    
                         clock uncertainty           -0.052     8.000    
    SLICE_X92Y851        FDCE (Recov_EFF2_SLICEM_C_CLR)
                                                     -0.066     7.934    i_dram_wrapper/gen_cdc.i_axi_cdc_mig/i_axi_cdc_dst/i_cdc_fifo_gray_dst_w/gen_sync[1].i_sync/reg_q_reg[1]
  -------------------------------------------------------------------
                         required time                          7.934    
                         arrival time                          -8.353    
  -------------------------------------------------------------------
                         slack                                 -0.419    

Slack (VIOLATED) :        -0.406ns  (required time - arrival time)
  Source:                 i_dram_wrapper/i_ui_rstgen/i_rstgen_bypass/synch_regs_q_reg[3]/C
                            (rising edge-triggered cell FDCE clocked by mmcm_clkout0  {rise@0.000ns fall@1.667ns period=3.333ns})
  Destination:            i_dram_wrapper/gen_cdc.i_axi_cdc_mig/i_axi_cdc_dst/i_cdc_fifo_gray_dst_w/gen_sync[0].i_sync/reg_q_reg[0]/CLR
                            (recovery check against rising-edge clock mmcm_clkout0  {rise@0.000ns fall@1.667ns period=3.333ns})
  Path Group:             **async_default**
  Path Type:              Recovery (Max at Slow Process Corner)
  Requirement:            3.333ns  (mmcm_clkout0 rise@3.333ns - mmcm_clkout0 rise@0.000ns)
  Data Path Delay:        3.445ns  (logic 0.320ns (9.289%)  route 3.125ns (90.711%))
  Logic Levels:           2  (BUFGCTRL=1 LUT1=1)
  Clock Path Skew:        0.054ns (DCD - SCD + CPR)
    Destination Clock Delay (DCD):    5.279ns = ( 8.613 - 3.333 ) 
    Source Clock Delay      (SCD):    4.888ns
    Clock Pessimism Removal (CPR):    -0.338ns
  Clock Uncertainty:      0.052ns  ((TSJ^2 + DJ^2)^1/2) / 2 + PE
    Total System Jitter     (TSJ):    0.071ns
    Discrete Jitter          (DJ):    0.076ns
    Phase Error              (PE):    0.000ns
  Inter-SLR Compensation: 0.230ns  ((DCD - CCD) * PF)
    Destination Clock Delay (DCD):    5.279ns
    Common Clock Delay      (CCD):    3.745ns
    Prorating Factor         (PF):    0.150
  Clock Net Delay (Source):      2.754ns (routing 1.274ns, distribution 1.480ns)
  Clock Net Delay (Destination): 2.691ns (routing 1.157ns, distribution 1.534ns)

    Location             Delay type                Incr(ns)  Path(ns)    Netlist Resource(s)
  -------------------------------------------------------------------    -------------------
                         (clock mmcm_clkout0 rise edge)
                                                      0.000     0.000 r  
    E12                                               0.000     0.000 r  sys_clk_p (IN)
                         net (fo=0)                   0.000     0.000    i_bufds_sys_clk/I
    HPIOBDIFFINBUF_X1Y300
                         DIFFINBUF (Prop_DIFFINBUF_HPIOBDIFFINBUF_DIFF_IN_P_O)
                                                      0.675     0.675 r  i_bufds_sys_clk/DIFFINBUF_INST/O
                         net (fo=1, routed)           0.050     0.725    i_bufds_sys_clk/OUT
    E12                  IBUFCTRL (Prop_IBUFCTRL_HPIOB_M_I_O)
                                                      0.000     0.725 r  i_bufds_sys_clk/IBUFCTRL_INST/O
                         net (fo=1, routed)           0.335     1.060    sys_clk
    BUFGCE_X1Y289        BUFGCE (Prop_BUFCE_BUFGCE_I_O)
                                                      0.028     1.088 r  sys_clk_BUFGCE_inst/O
                         net (fo=19, routed)          0.901     1.989    i_dram_wrapper/i_dram/inst/u_ddr4_infrastructure/mmcm_clk_in
    MMCM_X1Y13           MMCME4_ADV (Prop_MMCM_CLKIN1_CLKOUT0)
                                                     -0.127     1.862 r  i_dram_wrapper/i_dram/inst/u_ddr4_infrastructure/gen_mmcme4.u_mmcme_adv_inst/CLKOUT0
                         net (fo=1, routed)           0.244     2.106    i_dram_wrapper/i_dram/inst/u_ddr4_infrastructure/mmcm_clkout0
    BUFGCE_X1Y332        BUFGCE (Prop_BUFCE_BUFGCE_I_O)
                                                      0.028     2.134 r  i_dram_wrapper/i_dram/inst/u_ddr4_infrastructure/u_bufg_divClk/O
    X4Y10 (CLOCK_ROOT)   net (fo=36296, routed)       2.754     4.888    i_dram_wrapper/i_ui_rstgen/i_rstgen_bypass/clk_i
    SLR Crossing[2->1]   
    SLICE_X112Y511       FDCE                                         r  i_dram_wrapper/i_ui_rstgen/i_rstgen_bypass/synch_regs_q_reg[3]/C
  -------------------------------------------------------------------    -------------------
    SLICE_X112Y511       FDCE (Prop_DFF2_SLICEL_C_Q)
                                                      0.081     4.969 r  i_dram_wrapper/i_ui_rstgen/i_rstgen_bypass/synch_regs_q_reg[3]/Q
                         net (fo=1, routed)           0.422     5.391    i_dram_wrapper/i_ui_rstgen/i_rstgen_bypass/i_tc_clk_mux2_rst_no/clk0_i
    BUFGCTRL_X1Y67       BUFGCTRL (Prop_BUFGCTRL_I0_O)
                                                      0.092     5.483 r  i_dram_wrapper/i_ui_rstgen/i_rstgen_bypass/i_tc_clk_mux2_rst_no/i_BUFGMUX/O
                         net (fo=18121, routed)       2.489     7.972    i_dram_wrapper/gen_cdc.i_axi_cdc_mig/i_axi_cdc_dst/i_cdc_fifo_gray_dst_w/gen_sync[0].i_sync/rst_ni
    SLR Crossing[1->2]   
    SLICE_X91Y852        LUT1 (Prop_E6LUT_SLICEL_I0_O)
                                                      0.147     8.119 f  i_dram_wrapper/gen_cdc.i_axi_cdc_mig/i_axi_cdc_dst/i_cdc_fifo_gray_dst_w/gen_sync[0].i_sync/reg_q[1]_i_1/O
                         net (fo=2, routed)           0.214     8.333    i_dram_wrapper/gen_cdc.i_axi_cdc_mig/i_axi_cdc_dst/i_cdc_fifo_gray_dst_w/gen_sync[0].i_sync/reg_q[1]_i_1_n_0
    SLICE_X91Y852        FDCE                                         f  i_dram_wrapper/gen_cdc.i_axi_cdc_mig/i_axi_cdc_dst/i_cdc_fifo_gray_dst_w/gen_sync[0].i_sync/reg_q_reg[0]/CLR
  -------------------------------------------------------------------    -------------------

                         (clock mmcm_clkout0 rise edge)
                                                      3.333     3.333 r  
    E12                                               0.000     3.333 r  sys_clk_p (IN)
                         net (fo=0)                   0.000     3.333    i_bufds_sys_clk/I
    HPIOBDIFFINBUF_X1Y300
                         DIFFINBUF (Prop_DIFFINBUF_HPIOBDIFFINBUF_DIFF_IN_P_O)
                                                      0.564     3.898 r  i_bufds_sys_clk/DIFFINBUF_INST/O
                         net (fo=1, routed)           0.040     3.938    i_bufds_sys_clk/OUT
    E12                  IBUFCTRL (Prop_IBUFCTRL_HPIOB_M_I_O)
                                                      0.000     3.938 r  i_bufds_sys_clk/IBUFCTRL_INST/O
                         net (fo=1, routed)           0.297     4.235    sys_clk
    BUFGCE_X1Y289        BUFGCE (Prop_BUFCE_BUFGCE_I_O)
                                                      0.024     4.259 r  sys_clk_BUFGCE_inst/O
                         net (fo=19, routed)          0.795     5.054    i_dram_wrapper/i_dram/inst/u_ddr4_infrastructure/mmcm_clk_in
    MMCM_X1Y13           MMCME4_ADV (Prop_MMCM_CLKIN1_CLKOUT0)
                                                      0.630     5.684 r  i_dram_wrapper/i_dram/inst/u_ddr4_infrastructure/gen_mmcme4.u_mmcme_adv_inst/CLKOUT0
                         net (fo=1, routed)           0.214     5.898    i_dram_wrapper/i_dram/inst/u_ddr4_infrastructure/mmcm_clkout0
    BUFGCE_X1Y332        BUFGCE (Prop_BUFCE_BUFGCE_I_O)
                                                      0.024     5.922 r  i_dram_wrapper/i_dram/inst/u_ddr4_infrastructure/u_bufg_divClk/O
    X4Y10 (CLOCK_ROOT)   net (fo=36296, routed)       2.691     8.613    i_dram_wrapper/gen_cdc.i_axi_cdc_mig/i_axi_cdc_dst/i_cdc_fifo_gray_dst_w/gen_sync[0].i_sync/clk_i
    SLICE_X91Y852        FDCE                                         r  i_dram_wrapper/gen_cdc.i_axi_cdc_mig/i_axi_cdc_dst/i_cdc_fifo_gray_dst_w/gen_sync[0].i_sync/reg_q_reg[0]/C
                         clock pessimism             -0.338     8.275    
                         inter-SLR compensation      -0.230     8.045    
                         clock uncertainty           -0.052     7.993    
    SLICE_X91Y852        FDCE (Recov_DFF2_SLICEL_C_CLR)
                                                     -0.066     7.927    i_dram_wrapper/gen_cdc.i_axi_cdc_mig/i_axi_cdc_dst/i_cdc_fifo_gray_dst_w/gen_sync[0].i_sync/reg_q_reg[0]
  -------------------------------------------------------------------
                         required time                          7.927    
                         arrival time                          -8.333    
  -------------------------------------------------------------------
                         slack                                 -0.406    

Slack (VIOLATED) :        -0.406ns  (required time - arrival time)
  Source:                 i_dram_wrapper/i_ui_rstgen/i_rstgen_bypass/synch_regs_q_reg[3]/C
                            (rising edge-triggered cell FDCE clocked by mmcm_clkout0  {rise@0.000ns fall@1.667ns period=3.333ns})
  Destination:            i_dram_wrapper/gen_cdc.i_axi_cdc_mig/i_axi_cdc_dst/i_cdc_fifo_gray_dst_w/gen_sync[0].i_sync/reg_q_reg[1]/CLR
                            (recovery check against rising-edge clock mmcm_clkout0  {rise@0.000ns fall@1.667ns period=3.333ns})
  Path Group:             **async_default**
  Path Type:              Recovery (Max at Slow Process Corner)
  Requirement:            3.333ns  (mmcm_clkout0 rise@3.333ns - mmcm_clkout0 rise@0.000ns)
  Data Path Delay:        3.445ns  (logic 0.320ns (9.289%)  route 3.125ns (90.711%))
  Logic Levels:           2  (BUFGCTRL=1 LUT1=1)
  Clock Path Skew:        0.054ns (DCD - SCD + CPR)
    Destination Clock Delay (DCD):    5.279ns = ( 8.613 - 3.333 ) 
    Source Clock Delay      (SCD):    4.888ns
    Clock Pessimism Removal (CPR):    -0.338ns
  Clock Uncertainty:      0.052ns  ((TSJ^2 + DJ^2)^1/2) / 2 + PE
    Total System Jitter     (TSJ):    0.071ns
    Discrete Jitter          (DJ):    0.076ns
    Phase Error              (PE):    0.000ns
  Inter-SLR Compensation: 0.230ns  ((DCD - CCD) * PF)
    Destination Clock Delay (DCD):    5.279ns
    Common Clock Delay      (CCD):    3.745ns
    Prorating Factor         (PF):    0.150
  Clock Net Delay (Source):      2.754ns (routing 1.274ns, distribution 1.480ns)
  Clock Net Delay (Destination): 2.691ns (routing 1.157ns, distribution 1.534ns)

    Location             Delay type                Incr(ns)  Path(ns)    Netlist Resource(s)
  -------------------------------------------------------------------    -------------------
                         (clock mmcm_clkout0 rise edge)
                                                      0.000     0.000 r  
    E12                                               0.000     0.000 r  sys_clk_p (IN)
                         net (fo=0)                   0.000     0.000    i_bufds_sys_clk/I
    HPIOBDIFFINBUF_X1Y300
                         DIFFINBUF (Prop_DIFFINBUF_HPIOBDIFFINBUF_DIFF_IN_P_O)
                                                      0.675     0.675 r  i_bufds_sys_clk/DIFFINBUF_INST/O
                         net (fo=1, routed)           0.050     0.725    i_bufds_sys_clk/OUT
    E12                  IBUFCTRL (Prop_IBUFCTRL_HPIOB_M_I_O)
                                                      0.000     0.725 r  i_bufds_sys_clk/IBUFCTRL_INST/O
                         net (fo=1, routed)           0.335     1.060    sys_clk
    BUFGCE_X1Y289        BUFGCE (Prop_BUFCE_BUFGCE_I_O)
                                                      0.028     1.088 r  sys_clk_BUFGCE_inst/O
                         net (fo=19, routed)          0.901     1.989    i_dram_wrapper/i_dram/inst/u_ddr4_infrastructure/mmcm_clk_in
    MMCM_X1Y13           MMCME4_ADV (Prop_MMCM_CLKIN1_CLKOUT0)
                                                     -0.127     1.862 r  i_dram_wrapper/i_dram/inst/u_ddr4_infrastructure/gen_mmcme4.u_mmcme_adv_inst/CLKOUT0
                         net (fo=1, routed)           0.244     2.106    i_dram_wrapper/i_dram/inst/u_ddr4_infrastructure/mmcm_clkout0
    BUFGCE_X1Y332        BUFGCE (Prop_BUFCE_BUFGCE_I_O)
                                                      0.028     2.134 r  i_dram_wrapper/i_dram/inst/u_ddr4_infrastructure/u_bufg_divClk/O
    X4Y10 (CLOCK_ROOT)   net (fo=36296, routed)       2.754     4.888    i_dram_wrapper/i_ui_rstgen/i_rstgen_bypass/clk_i
    SLR Crossing[2->1]   
    SLICE_X112Y511       FDCE                                         r  i_dram_wrapper/i_ui_rstgen/i_rstgen_bypass/synch_regs_q_reg[3]/C
  -------------------------------------------------------------------    -------------------
    SLICE_X112Y511       FDCE (Prop_DFF2_SLICEL_C_Q)
                                                      0.081     4.969 r  i_dram_wrapper/i_ui_rstgen/i_rstgen_bypass/synch_regs_q_reg[3]/Q
                         net (fo=1, routed)           0.422     5.391    i_dram_wrapper/i_ui_rstgen/i_rstgen_bypass/i_tc_clk_mux2_rst_no/clk0_i
    BUFGCTRL_X1Y67       BUFGCTRL (Prop_BUFGCTRL_I0_O)
                                                      0.092     5.483 r  i_dram_wrapper/i_ui_rstgen/i_rstgen_bypass/i_tc_clk_mux2_rst_no/i_BUFGMUX/O
                         net (fo=18121, routed)       2.489     7.972    i_dram_wrapper/gen_cdc.i_axi_cdc_mig/i_axi_cdc_dst/i_cdc_fifo_gray_dst_w/gen_sync[0].i_sync/rst_ni
    SLR Crossing[1->2]   
    SLICE_X91Y852        LUT1 (Prop_E6LUT_SLICEL_I0_O)
                                                      0.147     8.119 f  i_dram_wrapper/gen_cdc.i_axi_cdc_mig/i_axi_cdc_dst/i_cdc_fifo_gray_dst_w/gen_sync[0].i_sync/reg_q[1]_i_1/O
                         net (fo=2, routed)           0.214     8.333    i_dram_wrapper/gen_cdc.i_axi_cdc_mig/i_axi_cdc_dst/i_cdc_fifo_gray_dst_w/gen_sync[0].i_sync/reg_q[1]_i_1_n_0
    SLICE_X91Y852        FDCE                                         f  i_dram_wrapper/gen_cdc.i_axi_cdc_mig/i_axi_cdc_dst/i_cdc_fifo_gray_dst_w/gen_sync[0].i_sync/reg_q_reg[1]/CLR
  -------------------------------------------------------------------    -------------------

                         (clock mmcm_clkout0 rise edge)
                                                      3.333     3.333 r  
    E12                                               0.000     3.333 r  sys_clk_p (IN)
                         net (fo=0)                   0.000     3.333    i_bufds_sys_clk/I
    HPIOBDIFFINBUF_X1Y300
                         DIFFINBUF (Prop_DIFFINBUF_HPIOBDIFFINBUF_DIFF_IN_P_O)
                                                      0.564     3.898 r  i_bufds_sys_clk/DIFFINBUF_INST/O
                         net (fo=1, routed)           0.040     3.938    i_bufds_sys_clk/OUT
    E12                  IBUFCTRL (Prop_IBUFCTRL_HPIOB_M_I_O)
                                                      0.000     3.938 r  i_bufds_sys_clk/IBUFCTRL_INST/O
                         net (fo=1, routed)           0.297     4.235    sys_clk
    BUFGCE_X1Y289        BUFGCE (Prop_BUFCE_BUFGCE_I_O)
                                                      0.024     4.259 r  sys_clk_BUFGCE_inst/O
                         net (fo=19, routed)          0.795     5.054    i_dram_wrapper/i_dram/inst/u_ddr4_infrastructure/mmcm_clk_in
    MMCM_X1Y13           MMCME4_ADV (Prop_MMCM_CLKIN1_CLKOUT0)
                                                      0.630     5.684 r  i_dram_wrapper/i_dram/inst/u_ddr4_infrastructure/gen_mmcme4.u_mmcme_adv_inst/CLKOUT0
                         net (fo=1, routed)           0.214     5.898    i_dram_wrapper/i_dram/inst/u_ddr4_infrastructure/mmcm_clkout0
    BUFGCE_X1Y332        BUFGCE (Prop_BUFCE_BUFGCE_I_O)
                                                      0.024     5.922 r  i_dram_wrapper/i_dram/inst/u_ddr4_infrastructure/u_bufg_divClk/O
    X4Y10 (CLOCK_ROOT)   net (fo=36296, routed)       2.691     8.613    i_dram_wrapper/gen_cdc.i_axi_cdc_mig/i_axi_cdc_dst/i_cdc_fifo_gray_dst_w/gen_sync[0].i_sync/clk_i
    SLICE_X91Y852        FDCE                                         r  i_dram_wrapper/gen_cdc.i_axi_cdc_mig/i_axi_cdc_dst/i_cdc_fifo_gray_dst_w/gen_sync[0].i_sync/reg_q_reg[1]/C
                         clock pessimism             -0.338     8.275    
                         inter-SLR compensation      -0.230     8.045    
                         clock uncertainty           -0.052     7.993    
    SLICE_X91Y852        FDCE (Recov_AFF2_SLICEL_C_CLR)
                                                     -0.066     7.927    i_dram_wrapper/gen_cdc.i_axi_cdc_mig/i_axi_cdc_dst/i_cdc_fifo_gray_dst_w/gen_sync[0].i_sync/reg_q_reg[1]
  -------------------------------------------------------------------
                         required time                          7.927    
                         arrival time                          -8.333    
  -------------------------------------------------------------------
                         slack                                 -0.406    

Slack (VIOLATED) :        -0.401ns  (required time - arrival time)
  Source:                 i_dram_wrapper/i_ui_rstgen/i_rstgen_bypass/synch_regs_q_reg[3]/C
                            (rising edge-triggered cell FDCE clocked by mmcm_clkout0  {rise@0.000ns fall@1.667ns period=3.333ns})
  Destination:            i_dram_wrapper/gen_cdc.i_axi_cdc_mig/i_axi_cdc_dst/i_cdc_fifo_gray_dst_w/gen_sync[4].i_sync/reg_q_reg[0]/CLR
                            (recovery check against rising-edge clock mmcm_clkout0  {rise@0.000ns fall@1.667ns period=3.333ns})
  Path Group:             **async_default**
  Path Type:              Recovery (Max at Slow Process Corner)
  Requirement:            3.333ns  (mmcm_clkout0 rise@3.333ns - mmcm_clkout0 rise@0.000ns)
  Data Path Delay:        3.448ns  (logic 0.322ns (9.339%)  route 3.126ns (90.661%))
  Logic Levels:           2  (BUFGCTRL=1 LUT1=1)
  Clock Path Skew:        0.063ns (DCD - SCD + CPR)
    Destination Clock Delay (DCD):    5.288ns = ( 8.622 - 3.333 ) 
    Source Clock Delay      (SCD):    4.888ns
    Clock Pessimism Removal (CPR):    -0.338ns
  Clock Uncertainty:      0.052ns  ((TSJ^2 + DJ^2)^1/2) / 2 + PE
    Total System Jitter     (TSJ):    0.071ns
    Discrete Jitter          (DJ):    0.076ns
    Phase Error              (PE):    0.000ns
  Inter-SLR Compensation: 0.231ns  ((DCD - CCD) * PF)
    Destination Clock Delay (DCD):    5.288ns
    Common Clock Delay      (CCD):    3.745ns
    Prorating Factor         (PF):    0.150
  Clock Net Delay (Source):      2.754ns (routing 1.274ns, distribution 1.480ns)
  Clock Net Delay (Destination): 2.700ns (routing 1.157ns, distribution 1.543ns)

    Location             Delay type                Incr(ns)  Path(ns)    Netlist Resource(s)
  -------------------------------------------------------------------    -------------------
                         (clock mmcm_clkout0 rise edge)
                                                      0.000     0.000 r  
    E12                                               0.000     0.000 r  sys_clk_p (IN)
                         net (fo=0)                   0.000     0.000    i_bufds_sys_clk/I
    HPIOBDIFFINBUF_X1Y300
                         DIFFINBUF (Prop_DIFFINBUF_HPIOBDIFFINBUF_DIFF_IN_P_O)
                                                      0.675     0.675 r  i_bufds_sys_clk/DIFFINBUF_INST/O
                         net (fo=1, routed)           0.050     0.725    i_bufds_sys_clk/OUT
    E12                  IBUFCTRL (Prop_IBUFCTRL_HPIOB_M_I_O)
                                                      0.000     0.725 r  i_bufds_sys_clk/IBUFCTRL_INST/O
                         net (fo=1, routed)           0.335     1.060    sys_clk
    BUFGCE_X1Y289        BUFGCE (Prop_BUFCE_BUFGCE_I_O)
                                                      0.028     1.088 r  sys_clk_BUFGCE_inst/O
                         net (fo=19, routed)          0.901     1.989    i_dram_wrapper/i_dram/inst/u_ddr4_infrastructure/mmcm_clk_in
    MMCM_X1Y13           MMCME4_ADV (Prop_MMCM_CLKIN1_CLKOUT0)
                                                     -0.127     1.862 r  i_dram_wrapper/i_dram/inst/u_ddr4_infrastructure/gen_mmcme4.u_mmcme_adv_inst/CLKOUT0
                         net (fo=1, routed)           0.244     2.106    i_dram_wrapper/i_dram/inst/u_ddr4_infrastructure/mmcm_clkout0
    BUFGCE_X1Y332        BUFGCE (Prop_BUFCE_BUFGCE_I_O)
                                                      0.028     2.134 r  i_dram_wrapper/i_dram/inst/u_ddr4_infrastructure/u_bufg_divClk/O
    X4Y10 (CLOCK_ROOT)   net (fo=36296, routed)       2.754     4.888    i_dram_wrapper/i_ui_rstgen/i_rstgen_bypass/clk_i
    SLR Crossing[2->1]   
    SLICE_X112Y511       FDCE                                         r  i_dram_wrapper/i_ui_rstgen/i_rstgen_bypass/synch_regs_q_reg[3]/C
  -------------------------------------------------------------------    -------------------
    SLICE_X112Y511       FDCE (Prop_DFF2_SLICEL_C_Q)
                                                      0.081     4.969 r  i_dram_wrapper/i_ui_rstgen/i_rstgen_bypass/synch_regs_q_reg[3]/Q
                         net (fo=1, routed)           0.422     5.391    i_dram_wrapper/i_ui_rstgen/i_rstgen_bypass/i_tc_clk_mux2_rst_no/clk0_i
    BUFGCTRL_X1Y67       BUFGCTRL (Prop_BUFGCTRL_I0_O)
                                                      0.092     5.483 r  i_dram_wrapper/i_ui_rstgen/i_rstgen_bypass/i_tc_clk_mux2_rst_no/i_BUFGMUX/O
                         net (fo=18121, routed)       2.526     8.009    i_dram_wrapper/gen_cdc.i_axi_cdc_mig/i_axi_cdc_dst/i_cdc_fifo_gray_dst_w/gen_sync[4].i_sync/rst_ni
    SLR Crossing[1->2]   
    SLICE_X92Y852        LUT1 (Prop_B6LUT_SLICEM_I0_O)
                                                      0.149     8.158 f  i_dram_wrapper/gen_cdc.i_axi_cdc_mig/i_axi_cdc_dst/i_cdc_fifo_gray_dst_w/gen_sync[4].i_sync/reg_q[1]_i_1/O
                         net (fo=2, routed)           0.178     8.336    i_dram_wrapper/gen_cdc.i_axi_cdc_mig/i_axi_cdc_dst/i_cdc_fifo_gray_dst_w/gen_sync[4].i_sync/reg_q[1]_i_1_n_0
    SLICE_X92Y852        FDCE                                         f  i_dram_wrapper/gen_cdc.i_axi_cdc_mig/i_axi_cdc_dst/i_cdc_fifo_gray_dst_w/gen_sync[4].i_sync/reg_q_reg[0]/CLR
  -------------------------------------------------------------------    -------------------

                         (clock mmcm_clkout0 rise edge)
                                                      3.333     3.333 r  
    E12                                               0.000     3.333 r  sys_clk_p (IN)
                         net (fo=0)                   0.000     3.333    i_bufds_sys_clk/I
    HPIOBDIFFINBUF_X1Y300
                         DIFFINBUF (Prop_DIFFINBUF_HPIOBDIFFINBUF_DIFF_IN_P_O)
                                                      0.564     3.898 r  i_bufds_sys_clk/DIFFINBUF_INST/O
                         net (fo=1, routed)           0.040     3.938    i_bufds_sys_clk/OUT
    E12                  IBUFCTRL (Prop_IBUFCTRL_HPIOB_M_I_O)
                                                      0.000     3.938 r  i_bufds_sys_clk/IBUFCTRL_INST/O
                         net (fo=1, routed)           0.297     4.235    sys_clk
    BUFGCE_X1Y289        BUFGCE (Prop_BUFCE_BUFGCE_I_O)
                                                      0.024     4.259 r  sys_clk_BUFGCE_inst/O
                         net (fo=19, routed)          0.795     5.054    i_dram_wrapper/i_dram/inst/u_ddr4_infrastructure/mmcm_clk_in
    MMCM_X1Y13           MMCME4_ADV (Prop_MMCM_CLKIN1_CLKOUT0)
                                                      0.630     5.684 r  i_dram_wrapper/i_dram/inst/u_ddr4_infrastructure/gen_mmcme4.u_mmcme_adv_inst/CLKOUT0
                         net (fo=1, routed)           0.214     5.898    i_dram_wrapper/i_dram/inst/u_ddr4_infrastructure/mmcm_clkout0
    BUFGCE_X1Y332        BUFGCE (Prop_BUFCE_BUFGCE_I_O)
                                                      0.024     5.922 r  i_dram_wrapper/i_dram/inst/u_ddr4_infrastructure/u_bufg_divClk/O
    X4Y10 (CLOCK_ROOT)   net (fo=36296, routed)       2.700     8.622    i_dram_wrapper/gen_cdc.i_axi_cdc_mig/i_axi_cdc_dst/i_cdc_fifo_gray_dst_w/gen_sync[4].i_sync/clk_i
    SLICE_X92Y852        FDCE                                         r  i_dram_wrapper/gen_cdc.i_axi_cdc_mig/i_axi_cdc_dst/i_cdc_fifo_gray_dst_w/gen_sync[4].i_sync/reg_q_reg[0]/C
                         clock pessimism             -0.338     8.284    
                         inter-SLR compensation      -0.231     8.052    
                         clock uncertainty           -0.052     8.000    
    SLICE_X92Y852        FDCE (Recov_AFF_SLICEM_C_CLR)
                                                     -0.066     7.934    i_dram_wrapper/gen_cdc.i_axi_cdc_mig/i_axi_cdc_dst/i_cdc_fifo_gray_dst_w/gen_sync[4].i_sync/reg_q_reg[0]
  -------------------------------------------------------------------
                         required time                          7.934    
                         arrival time                          -8.336    
  -------------------------------------------------------------------
                         slack                                 -0.401    

Slack (VIOLATED) :        -0.401ns  (required time - arrival time)
  Source:                 i_dram_wrapper/i_ui_rstgen/i_rstgen_bypass/synch_regs_q_reg[3]/C
                            (rising edge-triggered cell FDCE clocked by mmcm_clkout0  {rise@0.000ns fall@1.667ns period=3.333ns})
  Destination:            i_dram_wrapper/gen_cdc.i_axi_cdc_mig/i_axi_cdc_dst/i_cdc_fifo_gray_dst_w/gen_sync[4].i_sync/reg_q_reg[1]/CLR
                            (recovery check against rising-edge clock mmcm_clkout0  {rise@0.000ns fall@1.667ns period=3.333ns})
  Path Group:             **async_default**
  Path Type:              Recovery (Max at Slow Process Corner)
  Requirement:            3.333ns  (mmcm_clkout0 rise@3.333ns - mmcm_clkout0 rise@0.000ns)
  Data Path Delay:        3.448ns  (logic 0.322ns (9.339%)  route 3.126ns (90.661%))
  Logic Levels:           2  (BUFGCTRL=1 LUT1=1)
  Clock Path Skew:        0.063ns (DCD - SCD + CPR)
    Destination Clock Delay (DCD):    5.288ns = ( 8.622 - 3.333 ) 
    Source Clock Delay      (SCD):    4.888ns
    Clock Pessimism Removal (CPR):    -0.338ns
  Clock Uncertainty:      0.052ns  ((TSJ^2 + DJ^2)^1/2) / 2 + PE
    Total System Jitter     (TSJ):    0.071ns
    Discrete Jitter          (DJ):    0.076ns
    Phase Error              (PE):    0.000ns
  Inter-SLR Compensation: 0.231ns  ((DCD - CCD) * PF)
    Destination Clock Delay (DCD):    5.288ns
    Common Clock Delay      (CCD):    3.745ns
    Prorating Factor         (PF):    0.150
  Clock Net Delay (Source):      2.754ns (routing 1.274ns, distribution 1.480ns)
  Clock Net Delay (Destination): 2.700ns (routing 1.157ns, distribution 1.543ns)

    Location             Delay type                Incr(ns)  Path(ns)    Netlist Resource(s)
  -------------------------------------------------------------------    -------------------
                         (clock mmcm_clkout0 rise edge)
                                                      0.000     0.000 r  
    E12                                               0.000     0.000 r  sys_clk_p (IN)
                         net (fo=0)                   0.000     0.000    i_bufds_sys_clk/I
    HPIOBDIFFINBUF_X1Y300
                         DIFFINBUF (Prop_DIFFINBUF_HPIOBDIFFINBUF_DIFF_IN_P_O)
                                                      0.675     0.675 r  i_bufds_sys_clk/DIFFINBUF_INST/O
                         net (fo=1, routed)           0.050     0.725    i_bufds_sys_clk/OUT
    E12                  IBUFCTRL (Prop_IBUFCTRL_HPIOB_M_I_O)
                                                      0.000     0.725 r  i_bufds_sys_clk/IBUFCTRL_INST/O
                         net (fo=1, routed)           0.335     1.060    sys_clk
    BUFGCE_X1Y289        BUFGCE (Prop_BUFCE_BUFGCE_I_O)
                                                      0.028     1.088 r  sys_clk_BUFGCE_inst/O
                         net (fo=19, routed)          0.901     1.989    i_dram_wrapper/i_dram/inst/u_ddr4_infrastructure/mmcm_clk_in
    MMCM_X1Y13           MMCME4_ADV (Prop_MMCM_CLKIN1_CLKOUT0)
                                                     -0.127     1.862 r  i_dram_wrapper/i_dram/inst/u_ddr4_infrastructure/gen_mmcme4.u_mmcme_adv_inst/CLKOUT0
                         net (fo=1, routed)           0.244     2.106    i_dram_wrapper/i_dram/inst/u_ddr4_infrastructure/mmcm_clkout0
    BUFGCE_X1Y332        BUFGCE (Prop_BUFCE_BUFGCE_I_O)
                                                      0.028     2.134 r  i_dram_wrapper/i_dram/inst/u_ddr4_infrastructure/u_bufg_divClk/O
    X4Y10 (CLOCK_ROOT)   net (fo=36296, routed)       2.754     4.888    i_dram_wrapper/i_ui_rstgen/i_rstgen_bypass/clk_i
    SLR Crossing[2->1]   
    SLICE_X112Y511       FDCE                                         r  i_dram_wrapper/i_ui_rstgen/i_rstgen_bypass/synch_regs_q_reg[3]/C
  -------------------------------------------------------------------    -------------------
    SLICE_X112Y511       FDCE (Prop_DFF2_SLICEL_C_Q)
                                                      0.081     4.969 r  i_dram_wrapper/i_ui_rstgen/i_rstgen_bypass/synch_regs_q_reg[3]/Q
                         net (fo=1, routed)           0.422     5.391    i_dram_wrapper/i_ui_rstgen/i_rstgen_bypass/i_tc_clk_mux2_rst_no/clk0_i
    BUFGCTRL_X1Y67       BUFGCTRL (Prop_BUFGCTRL_I0_O)
                                                      0.092     5.483 r  i_dram_wrapper/i_ui_rstgen/i_rstgen_bypass/i_tc_clk_mux2_rst_no/i_BUFGMUX/O
                         net (fo=18121, routed)       2.526     8.009    i_dram_wrapper/gen_cdc.i_axi_cdc_mig/i_axi_cdc_dst/i_cdc_fifo_gray_dst_w/gen_sync[4].i_sync/rst_ni
    SLR Crossing[1->2]   
    SLICE_X92Y852        LUT1 (Prop_B6LUT_SLICEM_I0_O)
                                                      0.149     8.158 f  i_dram_wrapper/gen_cdc.i_axi_cdc_mig/i_axi_cdc_dst/i_cdc_fifo_gray_dst_w/gen_sync[4].i_sync/reg_q[1]_i_1/O
                         net (fo=2, routed)           0.178     8.336    i_dram_wrapper/gen_cdc.i_axi_cdc_mig/i_axi_cdc_dst/i_cdc_fifo_gray_dst_w/gen_sync[4].i_sync/reg_q[1]_i_1_n_0
    SLICE_X92Y852        FDCE                                         f  i_dram_wrapper/gen_cdc.i_axi_cdc_mig/i_axi_cdc_dst/i_cdc_fifo_gray_dst_w/gen_sync[4].i_sync/reg_q_reg[1]/CLR
  -------------------------------------------------------------------    -------------------

                         (clock mmcm_clkout0 rise edge)
                                                      3.333     3.333 r  
    E12                                               0.000     3.333 r  sys_clk_p (IN)
                         net (fo=0)                   0.000     3.333    i_bufds_sys_clk/I
    HPIOBDIFFINBUF_X1Y300
                         DIFFINBUF (Prop_DIFFINBUF_HPIOBDIFFINBUF_DIFF_IN_P_O)
                                                      0.564     3.898 r  i_bufds_sys_clk/DIFFINBUF_INST/O
                         net (fo=1, routed)           0.040     3.938    i_bufds_sys_clk/OUT
    E12                  IBUFCTRL (Prop_IBUFCTRL_HPIOB_M_I_O)
                                                      0.000     3.938 r  i_bufds_sys_clk/IBUFCTRL_INST/O
                         net (fo=1, routed)           0.297     4.235    sys_clk
    BUFGCE_X1Y289        BUFGCE (Prop_BUFCE_BUFGCE_I_O)
                                                      0.024     4.259 r  sys_clk_BUFGCE_inst/O
                         net (fo=19, routed)          0.795     5.054    i_dram_wrapper/i_dram/inst/u_ddr4_infrastructure/mmcm_clk_in
    MMCM_X1Y13           MMCME4_ADV (Prop_MMCM_CLKIN1_CLKOUT0)
                                                      0.630     5.684 r  i_dram_wrapper/i_dram/inst/u_ddr4_infrastructure/gen_mmcme4.u_mmcme_adv_inst/CLKOUT0
                         net (fo=1, routed)           0.214     5.898    i_dram_wrapper/i_dram/inst/u_ddr4_infrastructure/mmcm_clkout0
    BUFGCE_X1Y332        BUFGCE (Prop_BUFCE_BUFGCE_I_O)
                                                      0.024     5.922 r  i_dram_wrapper/i_dram/inst/u_ddr4_infrastructure/u_bufg_divClk/O
    X4Y10 (CLOCK_ROOT)   net (fo=36296, routed)       2.700     8.622    i_dram_wrapper/gen_cdc.i_axi_cdc_mig/i_axi_cdc_dst/i_cdc_fifo_gray_dst_w/gen_sync[4].i_sync/clk_i
    SLICE_X92Y852        FDCE                                         r  i_dram_wrapper/gen_cdc.i_axi_cdc_mig/i_axi_cdc_dst/i_cdc_fifo_gray_dst_w/gen_sync[4].i_sync/reg_q_reg[1]/C
                         clock pessimism             -0.338     8.284    
                         inter-SLR compensation      -0.231     8.052    
                         clock uncertainty           -0.052     8.000    
    SLICE_X92Y852        FDCE (Recov_BFF_SLICEM_C_CLR)
                                                     -0.066     7.934    i_dram_wrapper/gen_cdc.i_axi_cdc_mig/i_axi_cdc_dst/i_cdc_fifo_gray_dst_w/gen_sync[4].i_sync/reg_q_reg[1]
  -------------------------------------------------------------------
                         required time                          7.934    
                         arrival time                          -8.336    
  -------------------------------------------------------------------
                         slack                                 -0.401    

Slack (VIOLATED) :        -0.375ns  (required time - arrival time)
  Source:                 i_dram_wrapper/i_ui_rstgen/i_rstgen_bypass/synch_regs_q_reg[3]/C
                            (rising edge-triggered cell FDCE clocked by mmcm_clkout0  {rise@0.000ns fall@1.667ns period=3.333ns})
  Destination:            i_dram_wrapper/gen_cdc.i_axi_cdc_mig/i_axi_cdc_dst/i_cdc_fifo_gray_dst_w/gen_sync[2].i_sync/reg_q_reg[0]/CLR
                            (recovery check against rising-edge clock mmcm_clkout0  {rise@0.000ns fall@1.667ns period=3.333ns})
  Path Group:             **async_default**
  Path Type:              Recovery (Max at Slow Process Corner)
  Requirement:            3.333ns  (mmcm_clkout0 rise@3.333ns - mmcm_clkout0 rise@0.000ns)
  Data Path Delay:        3.420ns  (logic 0.271ns (7.924%)  route 3.149ns (92.076%))
  Logic Levels:           2  (BUFGCTRL=1 LUT1=1)
  Clock Path Skew:        0.061ns (DCD - SCD + CPR)
    Destination Clock Delay (DCD):    5.286ns = ( 8.620 - 3.333 ) 
    Source Clock Delay      (SCD):    4.888ns
    Clock Pessimism Removal (CPR):    -0.338ns
  Clock Uncertainty:      0.052ns  ((TSJ^2 + DJ^2)^1/2) / 2 + PE
    Total System Jitter     (TSJ):    0.071ns
    Discrete Jitter          (DJ):    0.076ns
    Phase Error              (PE):    0.000ns
  Inter-SLR Compensation: 0.231ns  ((DCD - CCD) * PF)
    Destination Clock Delay (DCD):    5.286ns
    Common Clock Delay      (CCD):    3.745ns
    Prorating Factor         (PF):    0.150
  Clock Net Delay (Source):      2.754ns (routing 1.274ns, distribution 1.480ns)
  Clock Net Delay (Destination): 2.698ns (routing 1.157ns, distribution 1.541ns)

    Location             Delay type                Incr(ns)  Path(ns)    Netlist Resource(s)
  -------------------------------------------------------------------    -------------------
                         (clock mmcm_clkout0 rise edge)
                                                      0.000     0.000 r  
    E12                                               0.000     0.000 r  sys_clk_p (IN)
                         net (fo=0)                   0.000     0.000    i_bufds_sys_clk/I
    HPIOBDIFFINBUF_X1Y300
                         DIFFINBUF (Prop_DIFFINBUF_HPIOBDIFFINBUF_DIFF_IN_P_O)
                                                      0.675     0.675 r  i_bufds_sys_clk/DIFFINBUF_INST/O
                         net (fo=1, routed)           0.050     0.725    i_bufds_sys_clk/OUT
    E12                  IBUFCTRL (Prop_IBUFCTRL_HPIOB_M_I_O)
                                                      0.000     0.725 r  i_bufds_sys_clk/IBUFCTRL_INST/O
                         net (fo=1, routed)           0.335     1.060    sys_clk
    BUFGCE_X1Y289        BUFGCE (Prop_BUFCE_BUFGCE_I_O)
                                                      0.028     1.088 r  sys_clk_BUFGCE_inst/O
                         net (fo=19, routed)          0.901     1.989    i_dram_wrapper/i_dram/inst/u_ddr4_infrastructure/mmcm_clk_in
    MMCM_X1Y13           MMCME4_ADV (Prop_MMCM_CLKIN1_CLKOUT0)
                                                     -0.127     1.862 r  i_dram_wrapper/i_dram/inst/u_ddr4_infrastructure/gen_mmcme4.u_mmcme_adv_inst/CLKOUT0
                         net (fo=1, routed)           0.244     2.106    i_dram_wrapper/i_dram/inst/u_ddr4_infrastructure/mmcm_clkout0
    BUFGCE_X1Y332        BUFGCE (Prop_BUFCE_BUFGCE_I_O)
                                                      0.028     2.134 r  i_dram_wrapper/i_dram/inst/u_ddr4_infrastructure/u_bufg_divClk/O
    X4Y10 (CLOCK_ROOT)   net (fo=36296, routed)       2.754     4.888    i_dram_wrapper/i_ui_rstgen/i_rstgen_bypass/clk_i
    SLR Crossing[2->1]   
    SLICE_X112Y511       FDCE                                         r  i_dram_wrapper/i_ui_rstgen/i_rstgen_bypass/synch_regs_q_reg[3]/C
  -------------------------------------------------------------------    -------------------
    SLICE_X112Y511       FDCE (Prop_DFF2_SLICEL_C_Q)
                                                      0.081     4.969 r  i_dram_wrapper/i_ui_rstgen/i_rstgen_bypass/synch_regs_q_reg[3]/Q
                         net (fo=1, routed)           0.422     5.391    i_dram_wrapper/i_ui_rstgen/i_rstgen_bypass/i_tc_clk_mux2_rst_no/clk0_i
    BUFGCTRL_X1Y67       BUFGCTRL (Prop_BUFGCTRL_I0_O)
                                                      0.092     5.483 r  i_dram_wrapper/i_ui_rstgen/i_rstgen_bypass/i_tc_clk_mux2_rst_no/i_BUFGMUX/O
                         net (fo=18121, routed)       2.556     8.039    i_dram_wrapper/gen_cdc.i_axi_cdc_mig/i_axi_cdc_dst/i_cdc_fifo_gray_dst_w/gen_sync[2].i_sync/rst_ni
    SLR Crossing[1->2]   
    SLICE_X92Y853        LUT1 (Prop_C6LUT_SLICEM_I0_O)
                                                      0.098     8.137 f  i_dram_wrapper/gen_cdc.i_axi_cdc_mig/i_axi_cdc_dst/i_cdc_fifo_gray_dst_w/gen_sync[2].i_sync/reg_q[1]_i_1/O
                         net (fo=2, routed)           0.171     8.308    i_dram_wrapper/gen_cdc.i_axi_cdc_mig/i_axi_cdc_dst/i_cdc_fifo_gray_dst_w/gen_sync[2].i_sync/reg_q[1]_i_1_n_0
    SLICE_X92Y853        FDCE                                         f  i_dram_wrapper/gen_cdc.i_axi_cdc_mig/i_axi_cdc_dst/i_cdc_fifo_gray_dst_w/gen_sync[2].i_sync/reg_q_reg[0]/CLR
  -------------------------------------------------------------------    -------------------

                         (clock mmcm_clkout0 rise edge)
                                                      3.333     3.333 r  
    E12                                               0.000     3.333 r  sys_clk_p (IN)
                         net (fo=0)                   0.000     3.333    i_bufds_sys_clk/I
    HPIOBDIFFINBUF_X1Y300
                         DIFFINBUF (Prop_DIFFINBUF_HPIOBDIFFINBUF_DIFF_IN_P_O)
                                                      0.564     3.898 r  i_bufds_sys_clk/DIFFINBUF_INST/O
                         net (fo=1, routed)           0.040     3.938    i_bufds_sys_clk/OUT
    E12                  IBUFCTRL (Prop_IBUFCTRL_HPIOB_M_I_O)
                                                      0.000     3.938 r  i_bufds_sys_clk/IBUFCTRL_INST/O
                         net (fo=1, routed)           0.297     4.235    sys_clk
    BUFGCE_X1Y289        BUFGCE (Prop_BUFCE_BUFGCE_I_O)
                                                      0.024     4.259 r  sys_clk_BUFGCE_inst/O
                         net (fo=19, routed)          0.795     5.054    i_dram_wrapper/i_dram/inst/u_ddr4_infrastructure/mmcm_clk_in
    MMCM_X1Y13           MMCME4_ADV (Prop_MMCM_CLKIN1_CLKOUT0)
                                                      0.630     5.684 r  i_dram_wrapper/i_dram/inst/u_ddr4_infrastructure/gen_mmcme4.u_mmcme_adv_inst/CLKOUT0
                         net (fo=1, routed)           0.214     5.898    i_dram_wrapper/i_dram/inst/u_ddr4_infrastructure/mmcm_clkout0
    BUFGCE_X1Y332        BUFGCE (Prop_BUFCE_BUFGCE_I_O)
                                                      0.024     5.922 r  i_dram_wrapper/i_dram/inst/u_ddr4_infrastructure/u_bufg_divClk/O
    X4Y10 (CLOCK_ROOT)   net (fo=36296, routed)       2.698     8.620    i_dram_wrapper/gen_cdc.i_axi_cdc_mig/i_axi_cdc_dst/i_cdc_fifo_gray_dst_w/gen_sync[2].i_sync/clk_i
    SLICE_X92Y853        FDCE                                         r  i_dram_wrapper/gen_cdc.i_axi_cdc_mig/i_axi_cdc_dst/i_cdc_fifo_gray_dst_w/gen_sync[2].i_sync/reg_q_reg[0]/C
                         clock pessimism             -0.338     8.282    
                         inter-SLR compensation      -0.231     8.051    
                         clock uncertainty           -0.052     7.999    
    SLICE_X92Y853        FDCE (Recov_HFF2_SLICEM_C_CLR)
                                                     -0.066     7.933    i_dram_wrapper/gen_cdc.i_axi_cdc_mig/i_axi_cdc_dst/i_cdc_fifo_gray_dst_w/gen_sync[2].i_sync/reg_q_reg[0]
  -------------------------------------------------------------------
                         required time                          7.933    
                         arrival time                          -8.308    
  -------------------------------------------------------------------
                         slack                                 -0.375    

Slack (VIOLATED) :        -0.375ns  (required time - arrival time)
  Source:                 i_dram_wrapper/i_ui_rstgen/i_rstgen_bypass/synch_regs_q_reg[3]/C
                            (rising edge-triggered cell FDCE clocked by mmcm_clkout0  {rise@0.000ns fall@1.667ns period=3.333ns})
  Destination:            i_dram_wrapper/gen_cdc.i_axi_cdc_mig/i_axi_cdc_dst/i_cdc_fifo_gray_dst_w/gen_sync[2].i_sync/reg_q_reg[1]/CLR
                            (recovery check against rising-edge clock mmcm_clkout0  {rise@0.000ns fall@1.667ns period=3.333ns})
  Path Group:             **async_default**
  Path Type:              Recovery (Max at Slow Process Corner)
  Requirement:            3.333ns  (mmcm_clkout0 rise@3.333ns - mmcm_clkout0 rise@0.000ns)
  Data Path Delay:        3.420ns  (logic 0.271ns (7.924%)  route 3.149ns (92.076%))
  Logic Levels:           2  (BUFGCTRL=1 LUT1=1)
  Clock Path Skew:        0.061ns (DCD - SCD + CPR)
    Destination Clock Delay (DCD):    5.286ns = ( 8.620 - 3.333 ) 
    Source Clock Delay      (SCD):    4.888ns
    Clock Pessimism Removal (CPR):    -0.338ns
  Clock Uncertainty:      0.052ns  ((TSJ^2 + DJ^2)^1/2) / 2 + PE
    Total System Jitter     (TSJ):    0.071ns
    Discrete Jitter          (DJ):    0.076ns
    Phase Error              (PE):    0.000ns
  Inter-SLR Compensation: 0.231ns  ((DCD - CCD) * PF)
    Destination Clock Delay (DCD):    5.286ns
    Common Clock Delay      (CCD):    3.745ns
    Prorating Factor         (PF):    0.150
  Clock Net Delay (Source):      2.754ns (routing 1.274ns, distribution 1.480ns)
  Clock Net Delay (Destination): 2.698ns (routing 1.157ns, distribution 1.541ns)

    Location             Delay type                Incr(ns)  Path(ns)    Netlist Resource(s)
  -------------------------------------------------------------------    -------------------
                         (clock mmcm_clkout0 rise edge)
                                                      0.000     0.000 r  
    E12                                               0.000     0.000 r  sys_clk_p (IN)
                         net (fo=0)                   0.000     0.000    i_bufds_sys_clk/I
    HPIOBDIFFINBUF_X1Y300
                         DIFFINBUF (Prop_DIFFINBUF_HPIOBDIFFINBUF_DIFF_IN_P_O)
                                                      0.675     0.675 r  i_bufds_sys_clk/DIFFINBUF_INST/O
                         net (fo=1, routed)           0.050     0.725    i_bufds_sys_clk/OUT
    E12                  IBUFCTRL (Prop_IBUFCTRL_HPIOB_M_I_O)
                                                      0.000     0.725 r  i_bufds_sys_clk/IBUFCTRL_INST/O
                         net (fo=1, routed)           0.335     1.060    sys_clk
    BUFGCE_X1Y289        BUFGCE (Prop_BUFCE_BUFGCE_I_O)
                                                      0.028     1.088 r  sys_clk_BUFGCE_inst/O
                         net (fo=19, routed)          0.901     1.989    i_dram_wrapper/i_dram/inst/u_ddr4_infrastructure/mmcm_clk_in
    MMCM_X1Y13           MMCME4_ADV (Prop_MMCM_CLKIN1_CLKOUT0)
                                                     -0.127     1.862 r  i_dram_wrapper/i_dram/inst/u_ddr4_infrastructure/gen_mmcme4.u_mmcme_adv_inst/CLKOUT0
                         net (fo=1, routed)           0.244     2.106    i_dram_wrapper/i_dram/inst/u_ddr4_infrastructure/mmcm_clkout0
    BUFGCE_X1Y332        BUFGCE (Prop_BUFCE_BUFGCE_I_O)
                                                      0.028     2.134 r  i_dram_wrapper/i_dram/inst/u_ddr4_infrastructure/u_bufg_divClk/O
    X4Y10 (CLOCK_ROOT)   net (fo=36296, routed)       2.754     4.888    i_dram_wrapper/i_ui_rstgen/i_rstgen_bypass/clk_i
    SLR Crossing[2->1]   
    SLICE_X112Y511       FDCE                                         r  i_dram_wrapper/i_ui_rstgen/i_rstgen_bypass/synch_regs_q_reg[3]/C
  -------------------------------------------------------------------    -------------------
    SLICE_X112Y511       FDCE (Prop_DFF2_SLICEL_C_Q)
                                                      0.081     4.969 r  i_dram_wrapper/i_ui_rstgen/i_rstgen_bypass/synch_regs_q_reg[3]/Q
                         net (fo=1, routed)           0.422     5.391    i_dram_wrapper/i_ui_rstgen/i_rstgen_bypass/i_tc_clk_mux2_rst_no/clk0_i
    BUFGCTRL_X1Y67       BUFGCTRL (Prop_BUFGCTRL_I0_O)
                                                      0.092     5.483 r  i_dram_wrapper/i_ui_rstgen/i_rstgen_bypass/i_tc_clk_mux2_rst_no/i_BUFGMUX/O
                         net (fo=18121, routed)       2.556     8.039    i_dram_wrapper/gen_cdc.i_axi_cdc_mig/i_axi_cdc_dst/i_cdc_fifo_gray_dst_w/gen_sync[2].i_sync/rst_ni
    SLR Crossing[1->2]   
    SLICE_X92Y853        LUT1 (Prop_C6LUT_SLICEM_I0_O)
                                                      0.098     8.137 f  i_dram_wrapper/gen_cdc.i_axi_cdc_mig/i_axi_cdc_dst/i_cdc_fifo_gray_dst_w/gen_sync[2].i_sync/reg_q[1]_i_1/O
                         net (fo=2, routed)           0.171     8.308    i_dram_wrapper/gen_cdc.i_axi_cdc_mig/i_axi_cdc_dst/i_cdc_fifo_gray_dst_w/gen_sync[2].i_sync/reg_q[1]_i_1_n_0
    SLICE_X92Y853        FDCE                                         f  i_dram_wrapper/gen_cdc.i_axi_cdc_mig/i_axi_cdc_dst/i_cdc_fifo_gray_dst_w/gen_sync[2].i_sync/reg_q_reg[1]/CLR
  -------------------------------------------------------------------    -------------------

                         (clock mmcm_clkout0 rise edge)
                                                      3.333     3.333 r  
    E12                                               0.000     3.333 r  sys_clk_p (IN)
                         net (fo=0)                   0.000     3.333    i_bufds_sys_clk/I
    HPIOBDIFFINBUF_X1Y300
                         DIFFINBUF (Prop_DIFFINBUF_HPIOBDIFFINBUF_DIFF_IN_P_O)
                                                      0.564     3.898 r  i_bufds_sys_clk/DIFFINBUF_INST/O
                         net (fo=1, routed)           0.040     3.938    i_bufds_sys_clk/OUT
    E12                  IBUFCTRL (Prop_IBUFCTRL_HPIOB_M_I_O)
                                                      0.000     3.938 r  i_bufds_sys_clk/IBUFCTRL_INST/O
                         net (fo=1, routed)           0.297     4.235    sys_clk
    BUFGCE_X1Y289        BUFGCE (Prop_BUFCE_BUFGCE_I_O)
                                                      0.024     4.259 r  sys_clk_BUFGCE_inst/O
                         net (fo=19, routed)          0.795     5.054    i_dram_wrapper/i_dram/inst/u_ddr4_infrastructure/mmcm_clk_in
    MMCM_X1Y13           MMCME4_ADV (Prop_MMCM_CLKIN1_CLKOUT0)
                                                      0.630     5.684 r  i_dram_wrapper/i_dram/inst/u_ddr4_infrastructure/gen_mmcme4.u_mmcme_adv_inst/CLKOUT0
                         net (fo=1, routed)           0.214     5.898    i_dram_wrapper/i_dram/inst/u_ddr4_infrastructure/mmcm_clkout0
    BUFGCE_X1Y332        BUFGCE (Prop_BUFCE_BUFGCE_I_O)
                                                      0.024     5.922 r  i_dram_wrapper/i_dram/inst/u_ddr4_infrastructure/u_bufg_divClk/O
    X4Y10 (CLOCK_ROOT)   net (fo=36296, routed)       2.698     8.620    i_dram_wrapper/gen_cdc.i_axi_cdc_mig/i_axi_cdc_dst/i_cdc_fifo_gray_dst_w/gen_sync[2].i_sync/clk_i
    SLICE_X92Y853        FDCE                                         r  i_dram_wrapper/gen_cdc.i_axi_cdc_mig/i_axi_cdc_dst/i_cdc_fifo_gray_dst_w/gen_sync[2].i_sync/reg_q_reg[1]/C
                         clock pessimism             -0.338     8.282    
                         inter-SLR compensation      -0.231     8.051    
                         clock uncertainty           -0.052     7.999    
    SLICE_X92Y853        FDCE (Recov_EFF2_SLICEM_C_CLR)
                                                     -0.066     7.933    i_dram_wrapper/gen_cdc.i_axi_cdc_mig/i_axi_cdc_dst/i_cdc_fifo_gray_dst_w/gen_sync[2].i_sync/reg_q_reg[1]
  -------------------------------------------------------------------
                         required time                          7.933    
                         arrival time                          -8.308    
  -------------------------------------------------------------------
                         slack                                 -0.375    

Slack (VIOLATED) :        -0.320ns  (required time - arrival time)
  Source:                 i_dram_wrapper/i_ui_rstgen/i_rstgen_bypass/synch_regs_q_reg[3]/C
                            (rising edge-triggered cell FDCE clocked by mmcm_clkout0  {rise@0.000ns fall@1.667ns period=3.333ns})
  Destination:            i_dram_wrapper/gen_cdc.i_axi_cdc_mig/i_axi_cdc_dst/i_cdc_fifo_gray_dst_w/gen_sync[3].i_sync/reg_q_reg[0]/CLR
                            (recovery check against rising-edge clock mmcm_clkout0  {rise@0.000ns fall@1.667ns period=3.333ns})
  Path Group:             **async_default**
  Path Type:              Recovery (Max at Slow Process Corner)
  Requirement:            3.333ns  (mmcm_clkout0 rise@3.333ns - mmcm_clkout0 rise@0.000ns)
  Data Path Delay:        3.366ns  (logic 0.210ns (6.239%)  route 3.156ns (93.761%))
  Logic Levels:           2  (BUFGCTRL=1 LUT1=1)
  Clock Path Skew:        0.062ns (DCD - SCD + CPR)
    Destination Clock Delay (DCD):    5.287ns = ( 8.621 - 3.333 ) 
    Source Clock Delay      (SCD):    4.888ns
    Clock Pessimism Removal (CPR):    -0.338ns
  Clock Uncertainty:      0.052ns  ((TSJ^2 + DJ^2)^1/2) / 2 + PE
    Total System Jitter     (TSJ):    0.071ns
    Discrete Jitter          (DJ):    0.076ns
    Phase Error              (PE):    0.000ns
  Inter-SLR Compensation: 0.231ns  ((DCD - CCD) * PF)
    Destination Clock Delay (DCD):    5.287ns
    Common Clock Delay      (CCD):    3.745ns
    Prorating Factor         (PF):    0.150
  Clock Net Delay (Source):      2.754ns (routing 1.274ns, distribution 1.480ns)
  Clock Net Delay (Destination): 2.699ns (routing 1.157ns, distribution 1.542ns)

    Location             Delay type                Incr(ns)  Path(ns)    Netlist Resource(s)
  -------------------------------------------------------------------    -------------------
                         (clock mmcm_clkout0 rise edge)
                                                      0.000     0.000 r  
    E12                                               0.000     0.000 r  sys_clk_p (IN)
                         net (fo=0)                   0.000     0.000    i_bufds_sys_clk/I
    HPIOBDIFFINBUF_X1Y300
                         DIFFINBUF (Prop_DIFFINBUF_HPIOBDIFFINBUF_DIFF_IN_P_O)
                                                      0.675     0.675 r  i_bufds_sys_clk/DIFFINBUF_INST/O
                         net (fo=1, routed)           0.050     0.725    i_bufds_sys_clk/OUT
    E12                  IBUFCTRL (Prop_IBUFCTRL_HPIOB_M_I_O)
                                                      0.000     0.725 r  i_bufds_sys_clk/IBUFCTRL_INST/O
                         net (fo=1, routed)           0.335     1.060    sys_clk
    BUFGCE_X1Y289        BUFGCE (Prop_BUFCE_BUFGCE_I_O)
                                                      0.028     1.088 r  sys_clk_BUFGCE_inst/O
                         net (fo=19, routed)          0.901     1.989    i_dram_wrapper/i_dram/inst/u_ddr4_infrastructure/mmcm_clk_in
    MMCM_X1Y13           MMCME4_ADV (Prop_MMCM_CLKIN1_CLKOUT0)
                                                     -0.127     1.862 r  i_dram_wrapper/i_dram/inst/u_ddr4_infrastructure/gen_mmcme4.u_mmcme_adv_inst/CLKOUT0
                         net (fo=1, routed)           0.244     2.106    i_dram_wrapper/i_dram/inst/u_ddr4_infrastructure/mmcm_clkout0
    BUFGCE_X1Y332        BUFGCE (Prop_BUFCE_BUFGCE_I_O)
                                                      0.028     2.134 r  i_dram_wrapper/i_dram/inst/u_ddr4_infrastructure/u_bufg_divClk/O
    X4Y10 (CLOCK_ROOT)   net (fo=36296, routed)       2.754     4.888    i_dram_wrapper/i_ui_rstgen/i_rstgen_bypass/clk_i
    SLR Crossing[2->1]   
    SLICE_X112Y511       FDCE                                         r  i_dram_wrapper/i_ui_rstgen/i_rstgen_bypass/synch_regs_q_reg[3]/C
  -------------------------------------------------------------------    -------------------
    SLICE_X112Y511       FDCE (Prop_DFF2_SLICEL_C_Q)
                                                      0.081     4.969 r  i_dram_wrapper/i_ui_rstgen/i_rstgen_bypass/synch_regs_q_reg[3]/Q
                         net (fo=1, routed)           0.422     5.391    i_dram_wrapper/i_ui_rstgen/i_rstgen_bypass/i_tc_clk_mux2_rst_no/clk0_i
    BUFGCTRL_X1Y67       BUFGCTRL (Prop_BUFGCTRL_I0_O)
                                                      0.092     5.483 r  i_dram_wrapper/i_ui_rstgen/i_rstgen_bypass/i_tc_clk_mux2_rst_no/i_BUFGMUX/O
                         net (fo=18121, routed)       2.556     8.039    i_dram_wrapper/gen_cdc.i_axi_cdc_mig/i_axi_cdc_dst/i_cdc_fifo_gray_dst_w/gen_sync[3].i_sync/rst_ni
    SLR Crossing[1->2]   
    SLICE_X92Y853        LUT1 (Prop_B6LUT_SLICEM_I0_O)
                                                      0.037     8.076 f  i_dram_wrapper/gen_cdc.i_axi_cdc_mig/i_axi_cdc_dst/i_cdc_fifo_gray_dst_w/gen_sync[3].i_sync/reg_q[1]_i_1/O
                         net (fo=2, routed)           0.178     8.254    i_dram_wrapper/gen_cdc.i_axi_cdc_mig/i_axi_cdc_dst/i_cdc_fifo_gray_dst_w/gen_sync[3].i_sync/reg_q[1]_i_1_n_0
    SLICE_X92Y853        FDCE                                         f  i_dram_wrapper/gen_cdc.i_axi_cdc_mig/i_axi_cdc_dst/i_cdc_fifo_gray_dst_w/gen_sync[3].i_sync/reg_q_reg[0]/CLR
  -------------------------------------------------------------------    -------------------

                         (clock mmcm_clkout0 rise edge)
                                                      3.333     3.333 r  
    E12                                               0.000     3.333 r  sys_clk_p (IN)
                         net (fo=0)                   0.000     3.333    i_bufds_sys_clk/I
    HPIOBDIFFINBUF_X1Y300
                         DIFFINBUF (Prop_DIFFINBUF_HPIOBDIFFINBUF_DIFF_IN_P_O)
                                                      0.564     3.898 r  i_bufds_sys_clk/DIFFINBUF_INST/O
                         net (fo=1, routed)           0.040     3.938    i_bufds_sys_clk/OUT
    E12                  IBUFCTRL (Prop_IBUFCTRL_HPIOB_M_I_O)
                                                      0.000     3.938 r  i_bufds_sys_clk/IBUFCTRL_INST/O
                         net (fo=1, routed)           0.297     4.235    sys_clk
    BUFGCE_X1Y289        BUFGCE (Prop_BUFCE_BUFGCE_I_O)
                                                      0.024     4.259 r  sys_clk_BUFGCE_inst/O
                         net (fo=19, routed)          0.795     5.054    i_dram_wrapper/i_dram/inst/u_ddr4_infrastructure/mmcm_clk_in
    MMCM_X1Y13           MMCME4_ADV (Prop_MMCM_CLKIN1_CLKOUT0)
                                                      0.630     5.684 r  i_dram_wrapper/i_dram/inst/u_ddr4_infrastructure/gen_mmcme4.u_mmcme_adv_inst/CLKOUT0
                         net (fo=1, routed)           0.214     5.898    i_dram_wrapper/i_dram/inst/u_ddr4_infrastructure/mmcm_clkout0
    BUFGCE_X1Y332        BUFGCE (Prop_BUFCE_BUFGCE_I_O)
                                                      0.024     5.922 r  i_dram_wrapper/i_dram/inst/u_ddr4_infrastructure/u_bufg_divClk/O
    X4Y10 (CLOCK_ROOT)   net (fo=36296, routed)       2.699     8.621    i_dram_wrapper/gen_cdc.i_axi_cdc_mig/i_axi_cdc_dst/i_cdc_fifo_gray_dst_w/gen_sync[3].i_sync/clk_i
    SLICE_X92Y853        FDCE                                         r  i_dram_wrapper/gen_cdc.i_axi_cdc_mig/i_axi_cdc_dst/i_cdc_fifo_gray_dst_w/gen_sync[3].i_sync/reg_q_reg[0]/C
                         clock pessimism             -0.338     8.283    
                         inter-SLR compensation      -0.231     8.052    
                         clock uncertainty           -0.052     8.000    
    SLICE_X92Y853        FDCE (Recov_DFF2_SLICEM_C_CLR)
                                                     -0.066     7.934    i_dram_wrapper/gen_cdc.i_axi_cdc_mig/i_axi_cdc_dst/i_cdc_fifo_gray_dst_w/gen_sync[3].i_sync/reg_q_reg[0]
  -------------------------------------------------------------------
                         required time                          7.934    
                         arrival time                          -8.254    
  -------------------------------------------------------------------
                         slack                                 -0.320    

Slack (VIOLATED) :        -0.320ns  (required time - arrival time)
  Source:                 i_dram_wrapper/i_ui_rstgen/i_rstgen_bypass/synch_regs_q_reg[3]/C
                            (rising edge-triggered cell FDCE clocked by mmcm_clkout0  {rise@0.000ns fall@1.667ns period=3.333ns})
  Destination:            i_dram_wrapper/gen_cdc.i_axi_cdc_mig/i_axi_cdc_dst/i_cdc_fifo_gray_dst_w/gen_sync[3].i_sync/reg_q_reg[1]/CLR
                            (recovery check against rising-edge clock mmcm_clkout0  {rise@0.000ns fall@1.667ns period=3.333ns})
  Path Group:             **async_default**
  Path Type:              Recovery (Max at Slow Process Corner)
  Requirement:            3.333ns  (mmcm_clkout0 rise@3.333ns - mmcm_clkout0 rise@0.000ns)
  Data Path Delay:        3.366ns  (logic 0.210ns (6.239%)  route 3.156ns (93.761%))
  Logic Levels:           2  (BUFGCTRL=1 LUT1=1)
  Clock Path Skew:        0.062ns (DCD - SCD + CPR)
    Destination Clock Delay (DCD):    5.287ns = ( 8.621 - 3.333 ) 
    Source Clock Delay      (SCD):    4.888ns
    Clock Pessimism Removal (CPR):    -0.338ns
  Clock Uncertainty:      0.052ns  ((TSJ^2 + DJ^2)^1/2) / 2 + PE
    Total System Jitter     (TSJ):    0.071ns
    Discrete Jitter          (DJ):    0.076ns
    Phase Error              (PE):    0.000ns
  Inter-SLR Compensation: 0.231ns  ((DCD - CCD) * PF)
    Destination Clock Delay (DCD):    5.287ns
    Common Clock Delay      (CCD):    3.745ns
    Prorating Factor         (PF):    0.150
  Clock Net Delay (Source):      2.754ns (routing 1.274ns, distribution 1.480ns)
  Clock Net Delay (Destination): 2.699ns (routing 1.157ns, distribution 1.542ns)

    Location             Delay type                Incr(ns)  Path(ns)    Netlist Resource(s)
  -------------------------------------------------------------------    -------------------
                         (clock mmcm_clkout0 rise edge)
                                                      0.000     0.000 r  
    E12                                               0.000     0.000 r  sys_clk_p (IN)
                         net (fo=0)                   0.000     0.000    i_bufds_sys_clk/I
    HPIOBDIFFINBUF_X1Y300
                         DIFFINBUF (Prop_DIFFINBUF_HPIOBDIFFINBUF_DIFF_IN_P_O)
                                                      0.675     0.675 r  i_bufds_sys_clk/DIFFINBUF_INST/O
                         net (fo=1, routed)           0.050     0.725    i_bufds_sys_clk/OUT
    E12                  IBUFCTRL (Prop_IBUFCTRL_HPIOB_M_I_O)
                                                      0.000     0.725 r  i_bufds_sys_clk/IBUFCTRL_INST/O
                         net (fo=1, routed)           0.335     1.060    sys_clk
    BUFGCE_X1Y289        BUFGCE (Prop_BUFCE_BUFGCE_I_O)
                                                      0.028     1.088 r  sys_clk_BUFGCE_inst/O
                         net (fo=19, routed)          0.901     1.989    i_dram_wrapper/i_dram/inst/u_ddr4_infrastructure/mmcm_clk_in
    MMCM_X1Y13           MMCME4_ADV (Prop_MMCM_CLKIN1_CLKOUT0)
                                                     -0.127     1.862 r  i_dram_wrapper/i_dram/inst/u_ddr4_infrastructure/gen_mmcme4.u_mmcme_adv_inst/CLKOUT0
                         net (fo=1, routed)           0.244     2.106    i_dram_wrapper/i_dram/inst/u_ddr4_infrastructure/mmcm_clkout0
    BUFGCE_X1Y332        BUFGCE (Prop_BUFCE_BUFGCE_I_O)
                                                      0.028     2.134 r  i_dram_wrapper/i_dram/inst/u_ddr4_infrastructure/u_bufg_divClk/O
    X4Y10 (CLOCK_ROOT)   net (fo=36296, routed)       2.754     4.888    i_dram_wrapper/i_ui_rstgen/i_rstgen_bypass/clk_i
    SLR Crossing[2->1]   
    SLICE_X112Y511       FDCE                                         r  i_dram_wrapper/i_ui_rstgen/i_rstgen_bypass/synch_regs_q_reg[3]/C
  -------------------------------------------------------------------    -------------------
    SLICE_X112Y511       FDCE (Prop_DFF2_SLICEL_C_Q)
                                                      0.081     4.969 r  i_dram_wrapper/i_ui_rstgen/i_rstgen_bypass/synch_regs_q_reg[3]/Q
                         net (fo=1, routed)           0.422     5.391    i_dram_wrapper/i_ui_rstgen/i_rstgen_bypass/i_tc_clk_mux2_rst_no/clk0_i
    BUFGCTRL_X1Y67       BUFGCTRL (Prop_BUFGCTRL_I0_O)
                                                      0.092     5.483 r  i_dram_wrapper/i_ui_rstgen/i_rstgen_bypass/i_tc_clk_mux2_rst_no/i_BUFGMUX/O
                         net (fo=18121, routed)       2.556     8.039    i_dram_wrapper/gen_cdc.i_axi_cdc_mig/i_axi_cdc_dst/i_cdc_fifo_gray_dst_w/gen_sync[3].i_sync/rst_ni
    SLR Crossing[1->2]   
    SLICE_X92Y853        LUT1 (Prop_B6LUT_SLICEM_I0_O)
                                                      0.037     8.076 f  i_dram_wrapper/gen_cdc.i_axi_cdc_mig/i_axi_cdc_dst/i_cdc_fifo_gray_dst_w/gen_sync[3].i_sync/reg_q[1]_i_1/O
                         net (fo=2, routed)           0.178     8.254    i_dram_wrapper/gen_cdc.i_axi_cdc_mig/i_axi_cdc_dst/i_cdc_fifo_gray_dst_w/gen_sync[3].i_sync/reg_q[1]_i_1_n_0
    SLICE_X92Y853        FDCE                                         f  i_dram_wrapper/gen_cdc.i_axi_cdc_mig/i_axi_cdc_dst/i_cdc_fifo_gray_dst_w/gen_sync[3].i_sync/reg_q_reg[1]/CLR
  -------------------------------------------------------------------    -------------------

                         (clock mmcm_clkout0 rise edge)
                                                      3.333     3.333 r  
    E12                                               0.000     3.333 r  sys_clk_p (IN)
                         net (fo=0)                   0.000     3.333    i_bufds_sys_clk/I
    HPIOBDIFFINBUF_X1Y300
                         DIFFINBUF (Prop_DIFFINBUF_HPIOBDIFFINBUF_DIFF_IN_P_O)
                                                      0.564     3.898 r  i_bufds_sys_clk/DIFFINBUF_INST/O
                         net (fo=1, routed)           0.040     3.938    i_bufds_sys_clk/OUT
    E12                  IBUFCTRL (Prop_IBUFCTRL_HPIOB_M_I_O)
                                                      0.000     3.938 r  i_bufds_sys_clk/IBUFCTRL_INST/O
                         net (fo=1, routed)           0.297     4.235    sys_clk
    BUFGCE_X1Y289        BUFGCE (Prop_BUFCE_BUFGCE_I_O)
                                                      0.024     4.259 r  sys_clk_BUFGCE_inst/O
                         net (fo=19, routed)          0.795     5.054    i_dram_wrapper/i_dram/inst/u_ddr4_infrastructure/mmcm_clk_in
    MMCM_X1Y13           MMCME4_ADV (Prop_MMCM_CLKIN1_CLKOUT0)
                                                      0.630     5.684 r  i_dram_wrapper/i_dram/inst/u_ddr4_infrastructure/gen_mmcme4.u_mmcme_adv_inst/CLKOUT0
                         net (fo=1, routed)           0.214     5.898    i_dram_wrapper/i_dram/inst/u_ddr4_infrastructure/mmcm_clkout0
    BUFGCE_X1Y332        BUFGCE (Prop_BUFCE_BUFGCE_I_O)
                                                      0.024     5.922 r  i_dram_wrapper/i_dram/inst/u_ddr4_infrastructure/u_bufg_divClk/O
    X4Y10 (CLOCK_ROOT)   net (fo=36296, routed)       2.699     8.621    i_dram_wrapper/gen_cdc.i_axi_cdc_mig/i_axi_cdc_dst/i_cdc_fifo_gray_dst_w/gen_sync[3].i_sync/clk_i
    SLICE_X92Y853        FDCE                                         r  i_dram_wrapper/gen_cdc.i_axi_cdc_mig/i_axi_cdc_dst/i_cdc_fifo_gray_dst_w/gen_sync[3].i_sync/reg_q_reg[1]/C
                         clock pessimism             -0.338     8.283    
                         inter-SLR compensation      -0.231     8.052    
                         clock uncertainty           -0.052     8.000    
    SLICE_X92Y853        FDCE (Recov_BFF_SLICEM_C_CLR)
                                                     -0.066     7.934    i_dram_wrapper/gen_cdc.i_axi_cdc_mig/i_axi_cdc_dst/i_cdc_fifo_gray_dst_w/gen_sync[3].i_sync/reg_q_reg[1]
  -------------------------------------------------------------------
                         required time                          7.934    
                         arrival time                          -8.254    
  -------------------------------------------------------------------
                         slack                                 -0.320    

Slack (VIOLATED) :        -0.288ns  (required time - arrival time)
  Source:                 i_dram_wrapper/i_ui_rstgen/i_rstgen_bypass/synch_regs_q_reg[3]/C
                            (rising edge-triggered cell FDCE clocked by mmcm_clkout0  {rise@0.000ns fall@1.667ns period=3.333ns})
  Destination:            i_dram_wrapper/gen_cdc.i_axi_cdc_mig/i_axi_cdc_dst/i_cdc_fifo_gray_dst_w/gen_sync[5].i_sync/reg_q_reg[0]/CLR
                            (recovery check against rising-edge clock mmcm_clkout0  {rise@0.000ns fall@1.667ns period=3.333ns})
  Path Group:             **async_default**
  Path Type:              Recovery (Max at Slow Process Corner)
  Requirement:            3.333ns  (mmcm_clkout0 rise@3.333ns - mmcm_clkout0 rise@0.000ns)
  Data Path Delay:        3.335ns  (logic 0.211ns (6.327%)  route 3.124ns (93.673%))
  Logic Levels:           2  (BUFGCTRL=1 LUT1=1)
  Clock Path Skew:        0.063ns (DCD - SCD + CPR)
    Destination Clock Delay (DCD):    5.288ns = ( 8.622 - 3.333 ) 
    Source Clock Delay      (SCD):    4.888ns
    Clock Pessimism Removal (CPR):    -0.338ns
  Clock Uncertainty:      0.052ns  ((TSJ^2 + DJ^2)^1/2) / 2 + PE
    Total System Jitter     (TSJ):    0.071ns
    Discrete Jitter          (DJ):    0.076ns
    Phase Error              (PE):    0.000ns
  Inter-SLR Compensation: 0.231ns  ((DCD - CCD) * PF)
    Destination Clock Delay (DCD):    5.288ns
    Common Clock Delay      (CCD):    3.745ns
    Prorating Factor         (PF):    0.150
  Clock Net Delay (Source):      2.754ns (routing 1.274ns, distribution 1.480ns)
  Clock Net Delay (Destination): 2.700ns (routing 1.157ns, distribution 1.543ns)

    Location             Delay type                Incr(ns)  Path(ns)    Netlist Resource(s)
  -------------------------------------------------------------------    -------------------
                         (clock mmcm_clkout0 rise edge)
                                                      0.000     0.000 r  
    E12                                               0.000     0.000 r  sys_clk_p (IN)
                         net (fo=0)                   0.000     0.000    i_bufds_sys_clk/I
    HPIOBDIFFINBUF_X1Y300
                         DIFFINBUF (Prop_DIFFINBUF_HPIOBDIFFINBUF_DIFF_IN_P_O)
                                                      0.675     0.675 r  i_bufds_sys_clk/DIFFINBUF_INST/O
                         net (fo=1, routed)           0.050     0.725    i_bufds_sys_clk/OUT
    E12                  IBUFCTRL (Prop_IBUFCTRL_HPIOB_M_I_O)
                                                      0.000     0.725 r  i_bufds_sys_clk/IBUFCTRL_INST/O
                         net (fo=1, routed)           0.335     1.060    sys_clk
    BUFGCE_X1Y289        BUFGCE (Prop_BUFCE_BUFGCE_I_O)
                                                      0.028     1.088 r  sys_clk_BUFGCE_inst/O
                         net (fo=19, routed)          0.901     1.989    i_dram_wrapper/i_dram/inst/u_ddr4_infrastructure/mmcm_clk_in
    MMCM_X1Y13           MMCME4_ADV (Prop_MMCM_CLKIN1_CLKOUT0)
                                                     -0.127     1.862 r  i_dram_wrapper/i_dram/inst/u_ddr4_infrastructure/gen_mmcme4.u_mmcme_adv_inst/CLKOUT0
                         net (fo=1, routed)           0.244     2.106    i_dram_wrapper/i_dram/inst/u_ddr4_infrastructure/mmcm_clkout0
    BUFGCE_X1Y332        BUFGCE (Prop_BUFCE_BUFGCE_I_O)
                                                      0.028     2.134 r  i_dram_wrapper/i_dram/inst/u_ddr4_infrastructure/u_bufg_divClk/O
    X4Y10 (CLOCK_ROOT)   net (fo=36296, routed)       2.754     4.888    i_dram_wrapper/i_ui_rstgen/i_rstgen_bypass/clk_i
    SLR Crossing[2->1]   
    SLICE_X112Y511       FDCE                                         r  i_dram_wrapper/i_ui_rstgen/i_rstgen_bypass/synch_regs_q_reg[3]/C
  -------------------------------------------------------------------    -------------------
    SLICE_X112Y511       FDCE (Prop_DFF2_SLICEL_C_Q)
                                                      0.081     4.969 r  i_dram_wrapper/i_ui_rstgen/i_rstgen_bypass/synch_regs_q_reg[3]/Q
                         net (fo=1, routed)           0.422     5.391    i_dram_wrapper/i_ui_rstgen/i_rstgen_bypass/i_tc_clk_mux2_rst_no/clk0_i
    BUFGCTRL_X1Y67       BUFGCTRL (Prop_BUFGCTRL_I0_O)
                                                      0.092     5.483 r  i_dram_wrapper/i_ui_rstgen/i_rstgen_bypass/i_tc_clk_mux2_rst_no/i_BUFGMUX/O
                         net (fo=18121, routed)       2.476     7.959    i_dram_wrapper/gen_cdc.i_axi_cdc_mig/i_axi_cdc_dst/i_cdc_fifo_gray_dst_w/gen_sync[5].i_sync/rst_ni
    SLR Crossing[1->2]   
    SLICE_X92Y851        LUT1 (Prop_A6LUT_SLICEM_I0_O)
                                                      0.038     7.997 f  i_dram_wrapper/gen_cdc.i_axi_cdc_mig/i_axi_cdc_dst/i_cdc_fifo_gray_dst_w/gen_sync[5].i_sync/reg_q[1]_i_1/O
                         net (fo=2, routed)           0.226     8.223    i_dram_wrapper/gen_cdc.i_axi_cdc_mig/i_axi_cdc_dst/i_cdc_fifo_gray_dst_w/gen_sync[5].i_sync/reg_q[1]_i_1_n_0
    SLICE_X92Y851        FDCE                                         f  i_dram_wrapper/gen_cdc.i_axi_cdc_mig/i_axi_cdc_dst/i_cdc_fifo_gray_dst_w/gen_sync[5].i_sync/reg_q_reg[0]/CLR
  -------------------------------------------------------------------    -------------------

                         (clock mmcm_clkout0 rise edge)
                                                      3.333     3.333 r  
    E12                                               0.000     3.333 r  sys_clk_p (IN)
                         net (fo=0)                   0.000     3.333    i_bufds_sys_clk/I
    HPIOBDIFFINBUF_X1Y300
                         DIFFINBUF (Prop_DIFFINBUF_HPIOBDIFFINBUF_DIFF_IN_P_O)
                                                      0.564     3.898 r  i_bufds_sys_clk/DIFFINBUF_INST/O
                         net (fo=1, routed)           0.040     3.938    i_bufds_sys_clk/OUT
    E12                  IBUFCTRL (Prop_IBUFCTRL_HPIOB_M_I_O)
                                                      0.000     3.938 r  i_bufds_sys_clk/IBUFCTRL_INST/O
                         net (fo=1, routed)           0.297     4.235    sys_clk
    BUFGCE_X1Y289        BUFGCE (Prop_BUFCE_BUFGCE_I_O)
                                                      0.024     4.259 r  sys_clk_BUFGCE_inst/O
                         net (fo=19, routed)          0.795     5.054    i_dram_wrapper/i_dram/inst/u_ddr4_infrastructure/mmcm_clk_in
    MMCM_X1Y13           MMCME4_ADV (Prop_MMCM_CLKIN1_CLKOUT0)
                                                      0.630     5.684 r  i_dram_wrapper/i_dram/inst/u_ddr4_infrastructure/gen_mmcme4.u_mmcme_adv_inst/CLKOUT0
                         net (fo=1, routed)           0.214     5.898    i_dram_wrapper/i_dram/inst/u_ddr4_infrastructure/mmcm_clkout0
    BUFGCE_X1Y332        BUFGCE (Prop_BUFCE_BUFGCE_I_O)
                                                      0.024     5.922 r  i_dram_wrapper/i_dram/inst/u_ddr4_infrastructure/u_bufg_divClk/O
    X4Y10 (CLOCK_ROOT)   net (fo=36296, routed)       2.700     8.622    i_dram_wrapper/gen_cdc.i_axi_cdc_mig/i_axi_cdc_dst/i_cdc_fifo_gray_dst_w/gen_sync[5].i_sync/clk_i
    SLICE_X92Y851        FDCE                                         r  i_dram_wrapper/gen_cdc.i_axi_cdc_mig/i_axi_cdc_dst/i_cdc_fifo_gray_dst_w/gen_sync[5].i_sync/reg_q_reg[0]/C
                         clock pessimism             -0.338     8.284    
                         inter-SLR compensation      -0.231     8.052    
                         clock uncertainty           -0.052     8.000    
    SLICE_X92Y851        FDCE (Recov_DFF2_SLICEM_C_CLR)
                                                     -0.066     7.934    i_dram_wrapper/gen_cdc.i_axi_cdc_mig/i_axi_cdc_dst/i_cdc_fifo_gray_dst_w/gen_sync[5].i_sync/reg_q_reg[0]
  -------------------------------------------------------------------
                         required time                          7.934    
                         arrival time                          -8.223    
  -------------------------------------------------------------------
                         slack                                 -0.288    

Slack (VIOLATED) :        -0.288ns  (required time - arrival time)
  Source:                 i_dram_wrapper/i_ui_rstgen/i_rstgen_bypass/synch_regs_q_reg[3]/C
                            (rising edge-triggered cell FDCE clocked by mmcm_clkout0  {rise@0.000ns fall@1.667ns period=3.333ns})
  Destination:            i_dram_wrapper/gen_cdc.i_axi_cdc_mig/i_axi_cdc_dst/i_cdc_fifo_gray_dst_w/gen_sync[5].i_sync/reg_q_reg[1]/CLR
                            (recovery check against rising-edge clock mmcm_clkout0  {rise@0.000ns fall@1.667ns period=3.333ns})
  Path Group:             **async_default**
  Path Type:              Recovery (Max at Slow Process Corner)
  Requirement:            3.333ns  (mmcm_clkout0 rise@3.333ns - mmcm_clkout0 rise@0.000ns)
  Data Path Delay:        3.335ns  (logic 0.211ns (6.327%)  route 3.124ns (93.673%))
  Logic Levels:           2  (BUFGCTRL=1 LUT1=1)
  Clock Path Skew:        0.063ns (DCD - SCD + CPR)
    Destination Clock Delay (DCD):    5.288ns = ( 8.622 - 3.333 ) 
    Source Clock Delay      (SCD):    4.888ns
    Clock Pessimism Removal (CPR):    -0.338ns
  Clock Uncertainty:      0.052ns  ((TSJ^2 + DJ^2)^1/2) / 2 + PE
    Total System Jitter     (TSJ):    0.071ns
    Discrete Jitter          (DJ):    0.076ns
    Phase Error              (PE):    0.000ns
  Inter-SLR Compensation: 0.231ns  ((DCD - CCD) * PF)
    Destination Clock Delay (DCD):    5.288ns
    Common Clock Delay      (CCD):    3.745ns
    Prorating Factor         (PF):    0.150
  Clock Net Delay (Source):      2.754ns (routing 1.274ns, distribution 1.480ns)
  Clock Net Delay (Destination): 2.700ns (routing 1.157ns, distribution 1.543ns)

    Location             Delay type                Incr(ns)  Path(ns)    Netlist Resource(s)
  -------------------------------------------------------------------    -------------------
                         (clock mmcm_clkout0 rise edge)
                                                      0.000     0.000 r  
    E12                                               0.000     0.000 r  sys_clk_p (IN)
                         net (fo=0)                   0.000     0.000    i_bufds_sys_clk/I
    HPIOBDIFFINBUF_X1Y300
                         DIFFINBUF (Prop_DIFFINBUF_HPIOBDIFFINBUF_DIFF_IN_P_O)
                                                      0.675     0.675 r  i_bufds_sys_clk/DIFFINBUF_INST/O
                         net (fo=1, routed)           0.050     0.725    i_bufds_sys_clk/OUT
    E12                  IBUFCTRL (Prop_IBUFCTRL_HPIOB_M_I_O)
                                                      0.000     0.725 r  i_bufds_sys_clk/IBUFCTRL_INST/O
                         net (fo=1, routed)           0.335     1.060    sys_clk
    BUFGCE_X1Y289        BUFGCE (Prop_BUFCE_BUFGCE_I_O)
                                                      0.028     1.088 r  sys_clk_BUFGCE_inst/O
                         net (fo=19, routed)          0.901     1.989    i_dram_wrapper/i_dram/inst/u_ddr4_infrastructure/mmcm_clk_in
    MMCM_X1Y13           MMCME4_ADV (Prop_MMCM_CLKIN1_CLKOUT0)
                                                     -0.127     1.862 r  i_dram_wrapper/i_dram/inst/u_ddr4_infrastructure/gen_mmcme4.u_mmcme_adv_inst/CLKOUT0
                         net (fo=1, routed)           0.244     2.106    i_dram_wrapper/i_dram/inst/u_ddr4_infrastructure/mmcm_clkout0
    BUFGCE_X1Y332        BUFGCE (Prop_BUFCE_BUFGCE_I_O)
                                                      0.028     2.134 r  i_dram_wrapper/i_dram/inst/u_ddr4_infrastructure/u_bufg_divClk/O
    X4Y10 (CLOCK_ROOT)   net (fo=36296, routed)       2.754     4.888    i_dram_wrapper/i_ui_rstgen/i_rstgen_bypass/clk_i
    SLR Crossing[2->1]   
    SLICE_X112Y511       FDCE                                         r  i_dram_wrapper/i_ui_rstgen/i_rstgen_bypass/synch_regs_q_reg[3]/C
  -------------------------------------------------------------------    -------------------
    SLICE_X112Y511       FDCE (Prop_DFF2_SLICEL_C_Q)
                                                      0.081     4.969 r  i_dram_wrapper/i_ui_rstgen/i_rstgen_bypass/synch_regs_q_reg[3]/Q
                         net (fo=1, routed)           0.422     5.391    i_dram_wrapper/i_ui_rstgen/i_rstgen_bypass/i_tc_clk_mux2_rst_no/clk0_i
    BUFGCTRL_X1Y67       BUFGCTRL (Prop_BUFGCTRL_I0_O)
                                                      0.092     5.483 r  i_dram_wrapper/i_ui_rstgen/i_rstgen_bypass/i_tc_clk_mux2_rst_no/i_BUFGMUX/O
                         net (fo=18121, routed)       2.476     7.959    i_dram_wrapper/gen_cdc.i_axi_cdc_mig/i_axi_cdc_dst/i_cdc_fifo_gray_dst_w/gen_sync[5].i_sync/rst_ni
    SLR Crossing[1->2]   
    SLICE_X92Y851        LUT1 (Prop_A6LUT_SLICEM_I0_O)
                                                      0.038     7.997 f  i_dram_wrapper/gen_cdc.i_axi_cdc_mig/i_axi_cdc_dst/i_cdc_fifo_gray_dst_w/gen_sync[5].i_sync/reg_q[1]_i_1/O
                         net (fo=2, routed)           0.226     8.223    i_dram_wrapper/gen_cdc.i_axi_cdc_mig/i_axi_cdc_dst/i_cdc_fifo_gray_dst_w/gen_sync[5].i_sync/reg_q[1]_i_1_n_0
    SLICE_X92Y851        FDCE                                         f  i_dram_wrapper/gen_cdc.i_axi_cdc_mig/i_axi_cdc_dst/i_cdc_fifo_gray_dst_w/gen_sync[5].i_sync/reg_q_reg[1]/CLR
  -------------------------------------------------------------------    -------------------

                         (clock mmcm_clkout0 rise edge)
                                                      3.333     3.333 r  
    E12                                               0.000     3.333 r  sys_clk_p (IN)
                         net (fo=0)                   0.000     3.333    i_bufds_sys_clk/I
    HPIOBDIFFINBUF_X1Y300
                         DIFFINBUF (Prop_DIFFINBUF_HPIOBDIFFINBUF_DIFF_IN_P_O)
                                                      0.564     3.898 r  i_bufds_sys_clk/DIFFINBUF_INST/O
                         net (fo=1, routed)           0.040     3.938    i_bufds_sys_clk/OUT
    E12                  IBUFCTRL (Prop_IBUFCTRL_HPIOB_M_I_O)
                                                      0.000     3.938 r  i_bufds_sys_clk/IBUFCTRL_INST/O
                         net (fo=1, routed)           0.297     4.235    sys_clk
    BUFGCE_X1Y289        BUFGCE (Prop_BUFCE_BUFGCE_I_O)
                                                      0.024     4.259 r  sys_clk_BUFGCE_inst/O
                         net (fo=19, routed)          0.795     5.054    i_dram_wrapper/i_dram/inst/u_ddr4_infrastructure/mmcm_clk_in
    MMCM_X1Y13           MMCME4_ADV (Prop_MMCM_CLKIN1_CLKOUT0)
                                                      0.630     5.684 r  i_dram_wrapper/i_dram/inst/u_ddr4_infrastructure/gen_mmcme4.u_mmcme_adv_inst/CLKOUT0
                         net (fo=1, routed)           0.214     5.898    i_dram_wrapper/i_dram/inst/u_ddr4_infrastructure/mmcm_clkout0
    BUFGCE_X1Y332        BUFGCE (Prop_BUFCE_BUFGCE_I_O)
                                                      0.024     5.922 r  i_dram_wrapper/i_dram/inst/u_ddr4_infrastructure/u_bufg_divClk/O
    X4Y10 (CLOCK_ROOT)   net (fo=36296, routed)       2.700     8.622    i_dram_wrapper/gen_cdc.i_axi_cdc_mig/i_axi_cdc_dst/i_cdc_fifo_gray_dst_w/gen_sync[5].i_sync/clk_i
    SLICE_X92Y851        FDCE                                         r  i_dram_wrapper/gen_cdc.i_axi_cdc_mig/i_axi_cdc_dst/i_cdc_fifo_gray_dst_w/gen_sync[5].i_sync/reg_q_reg[1]/C
                         clock pessimism             -0.338     8.284    
                         inter-SLR compensation      -0.231     8.052    
                         clock uncertainty           -0.052     8.000    
    SLICE_X92Y851        FDCE (Recov_AFF2_SLICEM_C_CLR)
                                                     -0.066     7.934    i_dram_wrapper/gen_cdc.i_axi_cdc_mig/i_axi_cdc_dst/i_cdc_fifo_gray_dst_w/gen_sync[5].i_sync/reg_q_reg[1]
  -------------------------------------------------------------------
                         required time                          7.934    
                         arrival time                          -8.223    
  -------------------------------------------------------------------
                         slack                                 -0.288    

Slack (VIOLATED) :        -0.176ns  (required time - arrival time)
  Source:                 i_dram_wrapper/gen_cdc.i_axi_cdc_mig/i_axi_cdc_dst/i_cdc_fifo_gray_dst_w/rptr_q_reg[0]/C
                            (rising edge-triggered cell FDCE clocked by mmcm_clkout0  {rise@0.000ns fall@1.667ns period=3.333ns})
  Destination:            i_dram_wrapper/gen_cdc.i_axi_cdc_mig/i_axi_cdc_dst/i_cdc_fifo_gray_dst_w/i_spill_register/spill_register_flushable_i/gen_spill_reg.a_data_q_reg[data][376]/D
                            (rising edge-triggered cell FDCE clocked by mmcm_clkout0  {rise@0.000ns fall@1.667ns period=3.333ns})
  Path Group:             mmcm_clkout0
  Path Type:              Setup (Max at Slow Process Corner)
  Requirement:            3.333ns  (mmcm_clkout0 rise@3.333ns - mmcm_clkout0 rise@0.000ns)
  Data Path Delay:        3.159ns  (logic 0.373ns (11.808%)  route 2.786ns (88.192%))
  Logic Levels:           4  (LUT6=3 MUXF7=1)
  Clock Path Skew:        -0.323ns (DCD - SCD + CPR)
    Destination Clock Delay (DCD):    5.151ns = ( 8.485 - 3.333 ) 
    Source Clock Delay      (SCD):    5.232ns
    Clock Pessimism Removal (CPR):    -0.243ns
  Clock Uncertainty:      0.052ns  ((TSJ^2 + DJ^2)^1/2) / 2 + PE
    Total System Jitter     (TSJ):    0.071ns
    Discrete Jitter          (DJ):    0.076ns
    Phase Error              (PE):    0.000ns
  Clock Net Delay (Source):      3.098ns (routing 1.274ns, distribution 1.824ns)
  Clock Net Delay (Destination): 2.563ns (routing 1.157ns, distribution 1.406ns)

    Location             Delay type                Incr(ns)  Path(ns)    Netlist Resource(s)
  -------------------------------------------------------------------    -------------------
                         (clock mmcm_clkout0 rise edge)
                                                      0.000     0.000 r  
    E12                                               0.000     0.000 r  sys_clk_p (IN)
                         net (fo=0)                   0.000     0.000    i_bufds_sys_clk/I
    HPIOBDIFFINBUF_X1Y300
                         DIFFINBUF (Prop_DIFFINBUF_HPIOBDIFFINBUF_DIFF_IN_P_O)
                                                      0.675     0.675 r  i_bufds_sys_clk/DIFFINBUF_INST/O
                         net (fo=1, routed)           0.050     0.725    i_bufds_sys_clk/OUT
    E12                  IBUFCTRL (Prop_IBUFCTRL_HPIOB_M_I_O)
                                                      0.000     0.725 r  i_bufds_sys_clk/IBUFCTRL_INST/O
                         net (fo=1, routed)           0.335     1.060    sys_clk
    BUFGCE_X1Y289        BUFGCE (Prop_BUFCE_BUFGCE_I_O)
                                                      0.028     1.088 r  sys_clk_BUFGCE_inst/O
                         net (fo=19, routed)          0.901     1.989    i_dram_wrapper/i_dram/inst/u_ddr4_infrastructure/mmcm_clk_in
    MMCM_X1Y13           MMCME4_ADV (Prop_MMCM_CLKIN1_CLKOUT0)
                                                     -0.127     1.862 r  i_dram_wrapper/i_dram/inst/u_ddr4_infrastructure/gen_mmcme4.u_mmcme_adv_inst/CLKOUT0
                         net (fo=1, routed)           0.244     2.106    i_dram_wrapper/i_dram/inst/u_ddr4_infrastructure/mmcm_clkout0
    BUFGCE_X1Y332        BUFGCE (Prop_BUFCE_BUFGCE_I_O)
                                                      0.028     2.134 r  i_dram_wrapper/i_dram/inst/u_ddr4_infrastructure/u_bufg_divClk/O
    X4Y10 (CLOCK_ROOT)   net (fo=36296, routed)       3.098     5.232    i_dram_wrapper/gen_cdc.i_axi_cdc_mig/i_axi_cdc_dst/i_cdc_fifo_gray_dst_w/dst_clk_i
    SLICE_X84Y855        FDCE                                         r  i_dram_wrapper/gen_cdc.i_axi_cdc_mig/i_axi_cdc_dst/i_cdc_fifo_gray_dst_w/rptr_q_reg[0]/C
  -------------------------------------------------------------------    -------------------
    SLICE_X84Y855        FDCE (Prop_DFF_SLICEM_C_Q)
                                                      0.078     5.310 r  i_dram_wrapper/gen_cdc.i_axi_cdc_mig/i_axi_cdc_dst/i_cdc_fifo_gray_dst_w/rptr_q_reg[0]/Q
                         net (fo=10, routed)          0.320     5.630    i_dram_wrapper/gen_cdc.i_axi_cdc_mig/i_axi_cdc_dst/i_cdc_fifo_gray_dst_w/i_rptr_g2b/A[0]
    SLICE_X85Y853        LUT6 (Prop_H6LUT_SLICEL_I3_O)
                                                      0.036     5.666 r  i_dram_wrapper/gen_cdc.i_axi_cdc_mig/i_axi_cdc_dst/i_cdc_fifo_gray_dst_w/i_rptr_g2b/Z[0]_INST_0/O
                         net (fo=4360, routed)        2.046     7.712    i_dram_wrapper/gen_cdc.i_axi_cdc_mig/i_axi_cdc_dst/i_cdc_fifo_gray_dst_w/rptr_next[0]
    SLICE_X145Y846       LUT6 (Prop_C6LUT_SLICEL_I4_O)
                                                      0.050     7.762 r  i_dram_wrapper/gen_cdc.i_axi_cdc_mig/i_axi_cdc_dst/i_cdc_fifo_gray_dst_w/i_spill_register_i_3976/O
                         net (fo=1, routed)           0.010     7.772    i_dram_wrapper/gen_cdc.i_axi_cdc_mig/i_axi_cdc_dst/i_cdc_fifo_gray_dst_w/i_spill_register_i_3976_n_0
    SLICE_X145Y846       MUXF7 (Prop_F7MUX_CD_SLICEL_I1_O)
                                                      0.064     7.836 r  i_dram_wrapper/gen_cdc.i_axi_cdc_mig/i_axi_cdc_dst/i_cdc_fifo_gray_dst_w/i_spill_register_i_1124/O
                         net (fo=1, routed)           0.338     8.174    i_dram_wrapper/gen_cdc.i_axi_cdc_mig/i_axi_cdc_dst/i_cdc_fifo_gray_dst_w/i_spill_register_i_1124_n_0
    SLICE_X142Y848       LUT6 (Prop_D6LUT_SLICEM_I5_O)
                                                      0.145     8.319 r  i_dram_wrapper/gen_cdc.i_axi_cdc_mig/i_axi_cdc_dst/i_cdc_fifo_gray_dst_w/i_spill_register_i_137/O
                         net (fo=1, routed)           0.072     8.391    i_dram_wrapper/gen_cdc.i_axi_cdc_mig/i_axi_cdc_dst/i_cdc_fifo_gray_dst_w/i_spill_register/spill_register_flushable_i/data_i[data][376]
    SLICE_X142Y848       FDCE                                         r  i_dram_wrapper/gen_cdc.i_axi_cdc_mig/i_axi_cdc_dst/i_cdc_fifo_gray_dst_w/i_spill_register/spill_register_flushable_i/gen_spill_reg.a_data_q_reg[data][376]/D
  -------------------------------------------------------------------    -------------------

                         (clock mmcm_clkout0 rise edge)
                                                      3.333     3.333 r  
    E12                                               0.000     3.333 r  sys_clk_p (IN)
                         net (fo=0)                   0.000     3.333    i_bufds_sys_clk/I
    HPIOBDIFFINBUF_X1Y300
                         DIFFINBUF (Prop_DIFFINBUF_HPIOBDIFFINBUF_DIFF_IN_P_O)
                                                      0.564     3.898 r  i_bufds_sys_clk/DIFFINBUF_INST/O
                         net (fo=1, routed)           0.040     3.938    i_bufds_sys_clk/OUT
    E12                  IBUFCTRL (Prop_IBUFCTRL_HPIOB_M_I_O)
                                                      0.000     3.938 r  i_bufds_sys_clk/IBUFCTRL_INST/O
                         net (fo=1, routed)           0.297     4.235    sys_clk
    BUFGCE_X1Y289        BUFGCE (Prop_BUFCE_BUFGCE_I_O)
                                                      0.024     4.259 r  sys_clk_BUFGCE_inst/O
                         net (fo=19, routed)          0.795     5.054    i_dram_wrapper/i_dram/inst/u_ddr4_infrastructure/mmcm_clk_in
    MMCM_X1Y13           MMCME4_ADV (Prop_MMCM_CLKIN1_CLKOUT0)
                                                      0.630     5.684 r  i_dram_wrapper/i_dram/inst/u_ddr4_infrastructure/gen_mmcme4.u_mmcme_adv_inst/CLKOUT0
                         net (fo=1, routed)           0.214     5.898    i_dram_wrapper/i_dram/inst/u_ddr4_infrastructure/mmcm_clkout0
    BUFGCE_X1Y332        BUFGCE (Prop_BUFCE_BUFGCE_I_O)
                                                      0.024     5.922 r  i_dram_wrapper/i_dram/inst/u_ddr4_infrastructure/u_bufg_divClk/O
    X4Y10 (CLOCK_ROOT)   net (fo=36296, routed)       2.563     8.485    i_dram_wrapper/gen_cdc.i_axi_cdc_mig/i_axi_cdc_dst/i_cdc_fifo_gray_dst_w/i_spill_register/spill_register_flushable_i/clk_i
    SLICE_X142Y848       FDCE                                         r  i_dram_wrapper/gen_cdc.i_axi_cdc_mig/i_axi_cdc_dst/i_cdc_fifo_gray_dst_w/i_spill_register/spill_register_flushable_i/gen_spill_reg.a_data_q_reg[data][376]/C
                         clock pessimism             -0.243     8.242    
                         clock uncertainty           -0.052     8.190    
    SLICE_X142Y848       FDCE (Setup_DFF_SLICEM_C_D)
                                                      0.025     8.215    i_dram_wrapper/gen_cdc.i_axi_cdc_mig/i_axi_cdc_dst/i_cdc_fifo_gray_dst_w/i_spill_register/spill_register_flushable_i/gen_spill_reg.a_data_q_reg[data][376]
  -------------------------------------------------------------------
                         required time                          8.215    
                         arrival time                          -8.391    
  -------------------------------------------------------------------
                         slack                                 -0.176    

Slack (VIOLATED) :        -0.171ns  (required time - arrival time)
  Source:                 i_dram_wrapper/gen_cdc.i_axi_cdc_mig/i_axi_cdc_dst/i_cdc_fifo_gray_dst_w/rptr_q_reg[0]/C
                            (rising edge-triggered cell FDCE clocked by mmcm_clkout0  {rise@0.000ns fall@1.667ns period=3.333ns})
  Destination:            i_dram_wrapper/gen_cdc.i_axi_cdc_mig/i_axi_cdc_dst/i_cdc_fifo_gray_dst_w/i_spill_register/spill_register_flushable_i/gen_spill_reg.a_data_q_reg[data][471]/D
                            (rising edge-triggered cell FDCE clocked by mmcm_clkout0  {rise@0.000ns fall@1.667ns period=3.333ns})
  Path Group:             mmcm_clkout0
  Path Type:              Setup (Max at Slow Process Corner)
  Requirement:            3.333ns  (mmcm_clkout0 rise@3.333ns - mmcm_clkout0 rise@0.000ns)
  Data Path Delay:        3.110ns  (logic 0.404ns (12.990%)  route 2.706ns (87.010%))
  Logic Levels:           4  (LUT6=3 MUXF7=1)
  Clock Path Skew:        -0.367ns (DCD - SCD + CPR)
    Destination Clock Delay (DCD):    5.107ns = ( 8.441 - 3.333 ) 
    Source Clock Delay      (SCD):    5.232ns
    Clock Pessimism Removal (CPR):    -0.243ns
  Clock Uncertainty:      0.052ns  ((TSJ^2 + DJ^2)^1/2) / 2 + PE
    Total System Jitter     (TSJ):    0.071ns
    Discrete Jitter          (DJ):    0.076ns
    Phase Error              (PE):    0.000ns
  Clock Net Delay (Source):      3.098ns (routing 1.274ns, distribution 1.824ns)
  Clock Net Delay (Destination): 2.519ns (routing 1.157ns, distribution 1.362ns)

    Location             Delay type                Incr(ns)  Path(ns)    Netlist Resource(s)
  -------------------------------------------------------------------    -------------------
                         (clock mmcm_clkout0 rise edge)
                                                      0.000     0.000 r  
    E12                                               0.000     0.000 r  sys_clk_p (IN)
                         net (fo=0)                   0.000     0.000    i_bufds_sys_clk/I
    HPIOBDIFFINBUF_X1Y300
                         DIFFINBUF (Prop_DIFFINBUF_HPIOBDIFFINBUF_DIFF_IN_P_O)
                                                      0.675     0.675 r  i_bufds_sys_clk/DIFFINBUF_INST/O
                         net (fo=1, routed)           0.050     0.725    i_bufds_sys_clk/OUT
    E12                  IBUFCTRL (Prop_IBUFCTRL_HPIOB_M_I_O)
                                                      0.000     0.725 r  i_bufds_sys_clk/IBUFCTRL_INST/O
                         net (fo=1, routed)           0.335     1.060    sys_clk
    BUFGCE_X1Y289        BUFGCE (Prop_BUFCE_BUFGCE_I_O)
                                                      0.028     1.088 r  sys_clk_BUFGCE_inst/O
                         net (fo=19, routed)          0.901     1.989    i_dram_wrapper/i_dram/inst/u_ddr4_infrastructure/mmcm_clk_in
    MMCM_X1Y13           MMCME4_ADV (Prop_MMCM_CLKIN1_CLKOUT0)
                                                     -0.127     1.862 r  i_dram_wrapper/i_dram/inst/u_ddr4_infrastructure/gen_mmcme4.u_mmcme_adv_inst/CLKOUT0
                         net (fo=1, routed)           0.244     2.106    i_dram_wrapper/i_dram/inst/u_ddr4_infrastructure/mmcm_clkout0
    BUFGCE_X1Y332        BUFGCE (Prop_BUFCE_BUFGCE_I_O)
                                                      0.028     2.134 r  i_dram_wrapper/i_dram/inst/u_ddr4_infrastructure/u_bufg_divClk/O
    X4Y10 (CLOCK_ROOT)   net (fo=36296, routed)       3.098     5.232    i_dram_wrapper/gen_cdc.i_axi_cdc_mig/i_axi_cdc_dst/i_cdc_fifo_gray_dst_w/dst_clk_i
    SLICE_X84Y855        FDCE                                         r  i_dram_wrapper/gen_cdc.i_axi_cdc_mig/i_axi_cdc_dst/i_cdc_fifo_gray_dst_w/rptr_q_reg[0]/C
  -------------------------------------------------------------------    -------------------
    SLICE_X84Y855        FDCE (Prop_DFF_SLICEM_C_Q)
                                                      0.078     5.310 r  i_dram_wrapper/gen_cdc.i_axi_cdc_mig/i_axi_cdc_dst/i_cdc_fifo_gray_dst_w/rptr_q_reg[0]/Q
                         net (fo=10, routed)          0.320     5.630    i_dram_wrapper/gen_cdc.i_axi_cdc_mig/i_axi_cdc_dst/i_cdc_fifo_gray_dst_w/i_rptr_g2b/A[0]
    SLICE_X85Y853        LUT6 (Prop_H6LUT_SLICEL_I3_O)
                                                      0.036     5.666 r  i_dram_wrapper/gen_cdc.i_axi_cdc_mig/i_axi_cdc_dst/i_cdc_fifo_gray_dst_w/i_rptr_g2b/Z[0]_INST_0/O
                         net (fo=4360, routed)        2.039     7.705    i_dram_wrapper/gen_cdc.i_axi_cdc_mig/i_axi_cdc_dst/i_cdc_fifo_gray_dst_w/rptr_next[0]
    SLICE_X146Y853       LUT6 (Prop_D6LUT_SLICEM_I4_O)
                                                      0.122     7.827 r  i_dram_wrapper/gen_cdc.i_axi_cdc_mig/i_axi_cdc_dst/i_cdc_fifo_gray_dst_w/i_spill_register_i_3209/O
                         net (fo=1, routed)           0.025     7.852    i_dram_wrapper/gen_cdc.i_axi_cdc_mig/i_axi_cdc_dst/i_cdc_fifo_gray_dst_w/i_spill_register_i_3209_n_0
    SLICE_X146Y853       MUXF7 (Prop_F7MUX_CD_SLICEM_I0_O)
                                                      0.069     7.921 r  i_dram_wrapper/gen_cdc.i_axi_cdc_mig/i_axi_cdc_dst/i_cdc_fifo_gray_dst_w/i_spill_register_i_741/O
                         net (fo=1, routed)           0.250     8.171    i_dram_wrapper/gen_cdc.i_axi_cdc_mig/i_axi_cdc_dst/i_cdc_fifo_gray_dst_w/i_spill_register_i_741_n_0
    SLICE_X146Y845       LUT6 (Prop_D6LUT_SLICEM_I0_O)
                                                      0.099     8.270 r  i_dram_wrapper/gen_cdc.i_axi_cdc_mig/i_axi_cdc_dst/i_cdc_fifo_gray_dst_w/i_spill_register_i_42/O
                         net (fo=1, routed)           0.072     8.342    i_dram_wrapper/gen_cdc.i_axi_cdc_mig/i_axi_cdc_dst/i_cdc_fifo_gray_dst_w/i_spill_register/spill_register_flushable_i/data_i[data][471]
    SLICE_X146Y845       FDCE                                         r  i_dram_wrapper/gen_cdc.i_axi_cdc_mig/i_axi_cdc_dst/i_cdc_fifo_gray_dst_w/i_spill_register/spill_register_flushable_i/gen_spill_reg.a_data_q_reg[data][471]/D
  -------------------------------------------------------------------    -------------------

                         (clock mmcm_clkout0 rise edge)
                                                      3.333     3.333 r  
    E12                                               0.000     3.333 r  sys_clk_p (IN)
                         net (fo=0)                   0.000     3.333    i_bufds_sys_clk/I
    HPIOBDIFFINBUF_X1Y300
                         DIFFINBUF (Prop_DIFFINBUF_HPIOBDIFFINBUF_DIFF_IN_P_O)
                                                      0.564     3.898 r  i_bufds_sys_clk/DIFFINBUF_INST/O
                         net (fo=1, routed)           0.040     3.938    i_bufds_sys_clk/OUT
    E12                  IBUFCTRL (Prop_IBUFCTRL_HPIOB_M_I_O)
                                                      0.000     3.938 r  i_bufds_sys_clk/IBUFCTRL_INST/O
                         net (fo=1, routed)           0.297     4.235    sys_clk
    BUFGCE_X1Y289        BUFGCE (Prop_BUFCE_BUFGCE_I_O)
                                                      0.024     4.259 r  sys_clk_BUFGCE_inst/O
                         net (fo=19, routed)          0.795     5.054    i_dram_wrapper/i_dram/inst/u_ddr4_infrastructure/mmcm_clk_in
    MMCM_X1Y13           MMCME4_ADV (Prop_MMCM_CLKIN1_CLKOUT0)
                                                      0.630     5.684 r  i_dram_wrapper/i_dram/inst/u_ddr4_infrastructure/gen_mmcme4.u_mmcme_adv_inst/CLKOUT0
                         net (fo=1, routed)           0.214     5.898    i_dram_wrapper/i_dram/inst/u_ddr4_infrastructure/mmcm_clkout0
    BUFGCE_X1Y332        BUFGCE (Prop_BUFCE_BUFGCE_I_O)
                                                      0.024     5.922 r  i_dram_wrapper/i_dram/inst/u_ddr4_infrastructure/u_bufg_divClk/O
    X4Y10 (CLOCK_ROOT)   net (fo=36296, routed)       2.519     8.441    i_dram_wrapper/gen_cdc.i_axi_cdc_mig/i_axi_cdc_dst/i_cdc_fifo_gray_dst_w/i_spill_register/spill_register_flushable_i/clk_i
    SLICE_X146Y845       FDCE                                         r  i_dram_wrapper/gen_cdc.i_axi_cdc_mig/i_axi_cdc_dst/i_cdc_fifo_gray_dst_w/i_spill_register/spill_register_flushable_i/gen_spill_reg.a_data_q_reg[data][471]/C
                         clock pessimism             -0.243     8.198    
                         clock uncertainty           -0.052     8.146    
    SLICE_X146Y845       FDCE (Setup_DFF_SLICEM_C_D)
                                                      0.025     8.171    i_dram_wrapper/gen_cdc.i_axi_cdc_mig/i_axi_cdc_dst/i_cdc_fifo_gray_dst_w/i_spill_register/spill_register_flushable_i/gen_spill_reg.a_data_q_reg[data][471]
  -------------------------------------------------------------------
                         required time                          8.171    
                         arrival time                          -8.342    
  -------------------------------------------------------------------
                         slack                                 -0.171    

Slack (VIOLATED) :        -0.168ns  (required time - arrival time)
  Source:                 i_dram_wrapper/gen_cdc.i_axi_cdc_mig/i_axi_cdc_src/i_cdc_fifo_gray_src_w/data_q_reg[19][data][266]/C
                            (rising edge-triggered cell FDCE clocked by clk_50_clkwiz  {rise@0.000ns fall@10.000ns period=20.000ns})
  Destination:            i_dram_wrapper/gen_cdc.i_axi_cdc_mig/i_axi_cdc_dst/i_cdc_fifo_gray_dst_w/i_spill_register/spill_register_flushable_i/gen_spill_reg.a_data_q_reg[data][266]/D
                            (rising edge-triggered cell FDCE clocked by mmcm_clkout0  {rise@0.000ns fall@1.667ns period=3.333ns})
  Path Group:             mmcm_clkout0
  Path Type:              Setup (Max at Slow Process Corner)
  Requirement:            3.000ns  (MaxDelay Path 3.000ns)
  Data Path Delay:        3.193ns  (logic 0.232ns (7.266%)  route 2.961ns (92.734%))
  Logic Levels:           3  (LUT6=2 MUXF7=1)
  Timing Exception:       MaxDelay Path 3.000ns -datapath_only

    Location             Delay type                Incr(ns)  Path(ns)    Netlist Resource(s)
  -------------------------------------------------------------------    -------------------
    SLICE_X142Y886                                    0.000     0.000 r  i_dram_wrapper/gen_cdc.i_axi_cdc_mig/i_axi_cdc_src/i_cdc_fifo_gray_src_w/data_q_reg[19][data][266]/C
    SLICE_X142Y886       FDCE (Prop_DFF2_SLICEM_C_Q)
                                                      0.080     0.080 r  i_dram_wrapper/gen_cdc.i_axi_cdc_mig/i_axi_cdc_src/i_cdc_fifo_gray_src_w/data_q_reg[19][data][266]/Q
                         net (fo=1, routed)           1.500     1.580    i_dram_wrapper/gen_cdc.i_axi_cdc_mig/i_axi_cdc_dst/i_cdc_fifo_gray_dst_w/async_data_i[19][data][266]
    SLICE_X85Y883        LUT6 (Prop_F6LUT_SLICEL_I0_O)
                                                      0.035     1.615 r  i_dram_wrapper/gen_cdc.i_axi_cdc_mig/i_axi_cdc_dst/i_cdc_fifo_gray_dst_w/i_spill_register_i_4851/O
                         net (fo=1, routed)           0.011     1.626    i_dram_wrapper/gen_cdc.i_axi_cdc_mig/i_axi_cdc_dst/i_cdc_fifo_gray_dst_w/i_spill_register_i_4851_n_0
    SLICE_X85Y883        MUXF7 (Prop_F7MUX_EF_SLICEL_I0_O)
                                                      0.064     1.690 r  i_dram_wrapper/gen_cdc.i_axi_cdc_mig/i_axi_cdc_dst/i_cdc_fifo_gray_dst_w/i_spill_register_i_1562/O
                         net (fo=1, routed)           1.392     3.082    i_dram_wrapper/gen_cdc.i_axi_cdc_mig/i_axi_cdc_dst/i_cdc_fifo_gray_dst_w/i_spill_register_i_1562_n_0
    SLICE_X138Y883       LUT6 (Prop_H6LUT_SLICEM_I1_O)
                                                      0.053     3.135 r  i_dram_wrapper/gen_cdc.i_axi_cdc_mig/i_axi_cdc_dst/i_cdc_fifo_gray_dst_w/i_spill_register_i_247/O
                         net (fo=1, routed)           0.058     3.193    i_dram_wrapper/gen_cdc.i_axi_cdc_mig/i_axi_cdc_dst/i_cdc_fifo_gray_dst_w/i_spill_register/spill_register_flushable_i/data_i[data][266]
    SLICE_X138Y883       FDCE                                         r  i_dram_wrapper/gen_cdc.i_axi_cdc_mig/i_axi_cdc_dst/i_cdc_fifo_gray_dst_w/i_spill_register/spill_register_flushable_i/gen_spill_reg.a_data_q_reg[data][266]/D
  -------------------------------------------------------------------    -------------------

                         max delay                    3.000     3.000    
    SLICE_X138Y883       FDCE (Setup_HFF_SLICEM_C_D)
                                                      0.025     3.025    i_dram_wrapper/gen_cdc.i_axi_cdc_mig/i_axi_cdc_dst/i_cdc_fifo_gray_dst_w/i_spill_register/spill_register_flushable_i/gen_spill_reg.a_data_q_reg[data][266]
  -------------------------------------------------------------------
                         required time                          3.025    
                         arrival time                          -3.193    
  -------------------------------------------------------------------
                         slack                                 -0.168    

Slack (VIOLATED) :        -0.168ns  (required time - arrival time)
  Source:                 i_dram_wrapper/gen_cdc.i_axi_cdc_mig/i_axi_cdc_dst/i_cdc_fifo_gray_dst_w/rptr_q_reg[4]/C
                            (rising edge-triggered cell FDCE clocked by mmcm_clkout0  {rise@0.000ns fall@1.667ns period=3.333ns})
  Destination:            i_dram_wrapper/gen_cdc.i_axi_cdc_mig/i_axi_cdc_dst/i_cdc_fifo_gray_dst_w/i_spill_register/spill_register_flushable_i/gen_spill_reg.a_data_q_reg[data][436]/D
                            (rising edge-triggered cell FDCE clocked by mmcm_clkout0  {rise@0.000ns fall@1.667ns period=3.333ns})
  Path Group:             mmcm_clkout0
  Path Type:              Setup (Max at Slow Process Corner)
  Requirement:            3.333ns  (mmcm_clkout0 rise@3.333ns - mmcm_clkout0 rise@0.000ns)
  Data Path Delay:        2.975ns  (logic 0.376ns (12.639%)  route 2.599ns (87.361%))
  Logic Levels:           4  (LUT5=1 LUT6=2 MUXF7=1)
  Clock Path Skew:        -0.499ns (DCD - SCD + CPR)
    Destination Clock Delay (DCD):    5.026ns = ( 8.360 - 3.333 ) 
    Source Clock Delay      (SCD):    5.230ns
    Clock Pessimism Removal (CPR):    -0.296ns
  Clock Uncertainty:      0.052ns  ((TSJ^2 + DJ^2)^1/2) / 2 + PE
    Total System Jitter     (TSJ):    0.071ns
    Discrete Jitter          (DJ):    0.076ns
    Phase Error              (PE):    0.000ns
  Clock Net Delay (Source):      3.096ns (routing 1.274ns, distribution 1.822ns)
  Clock Net Delay (Destination): 2.438ns (routing 1.157ns, distribution 1.281ns)

    Location             Delay type                Incr(ns)  Path(ns)    Netlist Resource(s)
  -------------------------------------------------------------------    -------------------
                         (clock mmcm_clkout0 rise edge)
                                                      0.000     0.000 r  
    E12                                               0.000     0.000 r  sys_clk_p (IN)
                         net (fo=0)                   0.000     0.000    i_bufds_sys_clk/I
    HPIOBDIFFINBUF_X1Y300
                         DIFFINBUF (Prop_DIFFINBUF_HPIOBDIFFINBUF_DIFF_IN_P_O)
                                                      0.675     0.675 r  i_bufds_sys_clk/DIFFINBUF_INST/O
                         net (fo=1, routed)           0.050     0.725    i_bufds_sys_clk/OUT
    E12                  IBUFCTRL (Prop_IBUFCTRL_HPIOB_M_I_O)
                                                      0.000     0.725 r  i_bufds_sys_clk/IBUFCTRL_INST/O
                         net (fo=1, routed)           0.335     1.060    sys_clk
    BUFGCE_X1Y289        BUFGCE (Prop_BUFCE_BUFGCE_I_O)
                                                      0.028     1.088 r  sys_clk_BUFGCE_inst/O
                         net (fo=19, routed)          0.901     1.989    i_dram_wrapper/i_dram/inst/u_ddr4_infrastructure/mmcm_clk_in
    MMCM_X1Y13           MMCME4_ADV (Prop_MMCM_CLKIN1_CLKOUT0)
                                                     -0.127     1.862 r  i_dram_wrapper/i_dram/inst/u_ddr4_infrastructure/gen_mmcme4.u_mmcme_adv_inst/CLKOUT0
                         net (fo=1, routed)           0.244     2.106    i_dram_wrapper/i_dram/inst/u_ddr4_infrastructure/mmcm_clkout0
    BUFGCE_X1Y332        BUFGCE (Prop_BUFCE_BUFGCE_I_O)
                                                      0.028     2.134 r  i_dram_wrapper/i_dram/inst/u_ddr4_infrastructure/u_bufg_divClk/O
    X4Y10 (CLOCK_ROOT)   net (fo=36296, routed)       3.096     5.230    i_dram_wrapper/gen_cdc.i_axi_cdc_mig/i_axi_cdc_dst/i_cdc_fifo_gray_dst_w/dst_clk_i
    SLICE_X85Y855        FDCE                                         r  i_dram_wrapper/gen_cdc.i_axi_cdc_mig/i_axi_cdc_dst/i_cdc_fifo_gray_dst_w/rptr_q_reg[4]/C
  -------------------------------------------------------------------    -------------------
    SLICE_X85Y855        FDCE (Prop_GFF_SLICEL_C_Q)
                                                      0.079     5.309 r  i_dram_wrapper/gen_cdc.i_axi_cdc_mig/i_axi_cdc_dst/i_cdc_fifo_gray_dst_w/rptr_q_reg[4]/Q
                         net (fo=14, routed)          0.224     5.533    i_dram_wrapper/gen_cdc.i_axi_cdc_mig/i_axi_cdc_dst/i_cdc_fifo_gray_dst_w/i_rptr_g2b/A[4]
    SLICE_X85Y854        LUT5 (Prop_H6LUT_SLICEL_I3_O)
                                                      0.051     5.584 r  i_dram_wrapper/gen_cdc.i_axi_cdc_mig/i_axi_cdc_dst/i_cdc_fifo_gray_dst_w/i_rptr_g2b/Z[1]_INST_0/O
                         net (fo=4614, routed)        2.082     7.666    i_dram_wrapper/gen_cdc.i_axi_cdc_mig/i_axi_cdc_dst/i_cdc_fifo_gray_dst_w/rptr_bin[1]
    SLICE_X139Y827       LUT6 (Prop_D6LUT_SLICEL_I2_O)
                                                      0.146     7.812 r  i_dram_wrapper/gen_cdc.i_axi_cdc_mig/i_axi_cdc_dst/i_cdc_fifo_gray_dst_w/i_spill_register_i_3491/O
                         net (fo=1, routed)           0.009     7.821    i_dram_wrapper/gen_cdc.i_axi_cdc_mig/i_axi_cdc_dst/i_cdc_fifo_gray_dst_w/i_spill_register_i_3491_n_0
    SLICE_X139Y827       MUXF7 (Prop_F7MUX_CD_SLICEL_I0_O)
                                                      0.063     7.884 r  i_dram_wrapper/gen_cdc.i_axi_cdc_mig/i_axi_cdc_dst/i_cdc_fifo_gray_dst_w/i_spill_register_i_882/O
                         net (fo=1, routed)           0.218     8.102    i_dram_wrapper/gen_cdc.i_axi_cdc_mig/i_axi_cdc_dst/i_cdc_fifo_gray_dst_w/i_spill_register_i_882_n_0
    SLICE_X138Y831       LUT6 (Prop_C6LUT_SLICEM_I1_O)
                                                      0.037     8.139 r  i_dram_wrapper/gen_cdc.i_axi_cdc_mig/i_axi_cdc_dst/i_cdc_fifo_gray_dst_w/i_spill_register_i_77/O
                         net (fo=1, routed)           0.066     8.205    i_dram_wrapper/gen_cdc.i_axi_cdc_mig/i_axi_cdc_dst/i_cdc_fifo_gray_dst_w/i_spill_register/spill_register_flushable_i/data_i[data][436]
    SLICE_X138Y831       FDCE                                         r  i_dram_wrapper/gen_cdc.i_axi_cdc_mig/i_axi_cdc_dst/i_cdc_fifo_gray_dst_w/i_spill_register/spill_register_flushable_i/gen_spill_reg.a_data_q_reg[data][436]/D
  -------------------------------------------------------------------    -------------------

                         (clock mmcm_clkout0 rise edge)
                                                      3.333     3.333 r  
    E12                                               0.000     3.333 r  sys_clk_p (IN)
                         net (fo=0)                   0.000     3.333    i_bufds_sys_clk/I
    HPIOBDIFFINBUF_X1Y300
                         DIFFINBUF (Prop_DIFFINBUF_HPIOBDIFFINBUF_DIFF_IN_P_O)
                                                      0.564     3.898 r  i_bufds_sys_clk/DIFFINBUF_INST/O
                         net (fo=1, routed)           0.040     3.938    i_bufds_sys_clk/OUT
    E12                  IBUFCTRL (Prop_IBUFCTRL_HPIOB_M_I_O)
                                                      0.000     3.938 r  i_bufds_sys_clk/IBUFCTRL_INST/O
                         net (fo=1, routed)           0.297     4.235    sys_clk
    BUFGCE_X1Y289        BUFGCE (Prop_BUFCE_BUFGCE_I_O)
                                                      0.024     4.259 r  sys_clk_BUFGCE_inst/O
                         net (fo=19, routed)          0.795     5.054    i_dram_wrapper/i_dram/inst/u_ddr4_infrastructure/mmcm_clk_in
    MMCM_X1Y13           MMCME4_ADV (Prop_MMCM_CLKIN1_CLKOUT0)
                                                      0.630     5.684 r  i_dram_wrapper/i_dram/inst/u_ddr4_infrastructure/gen_mmcme4.u_mmcme_adv_inst/CLKOUT0
                         net (fo=1, routed)           0.214     5.898    i_dram_wrapper/i_dram/inst/u_ddr4_infrastructure/mmcm_clkout0
    BUFGCE_X1Y332        BUFGCE (Prop_BUFCE_BUFGCE_I_O)
                                                      0.024     5.922 r  i_dram_wrapper/i_dram/inst/u_ddr4_infrastructure/u_bufg_divClk/O
    X4Y10 (CLOCK_ROOT)   net (fo=36296, routed)       2.438     8.360    i_dram_wrapper/gen_cdc.i_axi_cdc_mig/i_axi_cdc_dst/i_cdc_fifo_gray_dst_w/i_spill_register/spill_register_flushable_i/clk_i
    SLICE_X138Y831       FDCE                                         r  i_dram_wrapper/gen_cdc.i_axi_cdc_mig/i_axi_cdc_dst/i_cdc_fifo_gray_dst_w/i_spill_register/spill_register_flushable_i/gen_spill_reg.a_data_q_reg[data][436]/C
                         clock pessimism             -0.296     8.064    
                         clock uncertainty           -0.052     8.012    
    SLICE_X138Y831       FDCE (Setup_CFF_SLICEM_C_D)
                                                      0.025     8.037    i_dram_wrapper/gen_cdc.i_axi_cdc_mig/i_axi_cdc_dst/i_cdc_fifo_gray_dst_w/i_spill_register/spill_register_flushable_i/gen_spill_reg.a_data_q_reg[data][436]
  -------------------------------------------------------------------
                         required time                          8.037    
                         arrival time                          -8.205    
  -------------------------------------------------------------------
                         slack                                 -0.168    

Slack (VIOLATED) :        -0.167ns  (required time - arrival time)
  Source:                 i_dram_wrapper/gen_cdc.i_axi_cdc_mig/i_axi_cdc_dst/i_cdc_fifo_gray_dst_w/rptr_q_reg[0]/C
                            (rising edge-triggered cell FDCE clocked by mmcm_clkout0  {rise@0.000ns fall@1.667ns period=3.333ns})
  Destination:            i_dram_wrapper/gen_cdc.i_axi_cdc_mig/i_axi_cdc_dst/i_cdc_fifo_gray_dst_w/i_spill_register/spill_register_flushable_i/gen_spill_reg.a_data_q_reg[data][291]/D
                            (rising edge-triggered cell FDCE clocked by mmcm_clkout0  {rise@0.000ns fall@1.667ns period=3.333ns})
  Path Group:             mmcm_clkout0
  Path Type:              Setup (Max at Slow Process Corner)
  Requirement:            3.333ns  (mmcm_clkout0 rise@3.333ns - mmcm_clkout0 rise@0.000ns)
  Data Path Delay:        3.039ns  (logic 0.400ns (13.162%)  route 2.639ns (86.838%))
  Logic Levels:           4  (LUT6=3 MUXF7=1)
  Clock Path Skew:        -0.434ns (DCD - SCD + CPR)
    Destination Clock Delay (DCD):    5.042ns = ( 8.376 - 3.333 ) 
    Source Clock Delay      (SCD):    5.232ns
    Clock Pessimism Removal (CPR):    -0.245ns
  Clock Uncertainty:      0.052ns  ((TSJ^2 + DJ^2)^1/2) / 2 + PE
    Total System Jitter     (TSJ):    0.071ns
    Discrete Jitter          (DJ):    0.076ns
    Phase Error              (PE):    0.000ns
  Clock Net Delay (Source):      3.098ns (routing 1.274ns, distribution 1.824ns)
  Clock Net Delay (Destination): 2.454ns (routing 1.157ns, distribution 1.297ns)

    Location             Delay type                Incr(ns)  Path(ns)    Netlist Resource(s)
  -------------------------------------------------------------------    -------------------
                         (clock mmcm_clkout0 rise edge)
                                                      0.000     0.000 r  
    E12                                               0.000     0.000 r  sys_clk_p (IN)
                         net (fo=0)                   0.000     0.000    i_bufds_sys_clk/I
    HPIOBDIFFINBUF_X1Y300
                         DIFFINBUF (Prop_DIFFINBUF_HPIOBDIFFINBUF_DIFF_IN_P_O)
                                                      0.675     0.675 r  i_bufds_sys_clk/DIFFINBUF_INST/O
                         net (fo=1, routed)           0.050     0.725    i_bufds_sys_clk/OUT
    E12                  IBUFCTRL (Prop_IBUFCTRL_HPIOB_M_I_O)
                                                      0.000     0.725 r  i_bufds_sys_clk/IBUFCTRL_INST/O
                         net (fo=1, routed)           0.335     1.060    sys_clk
    BUFGCE_X1Y289        BUFGCE (Prop_BUFCE_BUFGCE_I_O)
                                                      0.028     1.088 r  sys_clk_BUFGCE_inst/O
                         net (fo=19, routed)          0.901     1.989    i_dram_wrapper/i_dram/inst/u_ddr4_infrastructure/mmcm_clk_in
    MMCM_X1Y13           MMCME4_ADV (Prop_MMCM_CLKIN1_CLKOUT0)
                                                     -0.127     1.862 r  i_dram_wrapper/i_dram/inst/u_ddr4_infrastructure/gen_mmcme4.u_mmcme_adv_inst/CLKOUT0
                         net (fo=1, routed)           0.244     2.106    i_dram_wrapper/i_dram/inst/u_ddr4_infrastructure/mmcm_clkout0
    BUFGCE_X1Y332        BUFGCE (Prop_BUFCE_BUFGCE_I_O)
                                                      0.028     2.134 r  i_dram_wrapper/i_dram/inst/u_ddr4_infrastructure/u_bufg_divClk/O
    X4Y10 (CLOCK_ROOT)   net (fo=36296, routed)       3.098     5.232    i_dram_wrapper/gen_cdc.i_axi_cdc_mig/i_axi_cdc_dst/i_cdc_fifo_gray_dst_w/dst_clk_i
    SLICE_X84Y855        FDCE                                         r  i_dram_wrapper/gen_cdc.i_axi_cdc_mig/i_axi_cdc_dst/i_cdc_fifo_gray_dst_w/rptr_q_reg[0]/C
  -------------------------------------------------------------------    -------------------
    SLICE_X84Y855        FDCE (Prop_DFF_SLICEM_C_Q)
                                                      0.078     5.310 r  i_dram_wrapper/gen_cdc.i_axi_cdc_mig/i_axi_cdc_dst/i_cdc_fifo_gray_dst_w/rptr_q_reg[0]/Q
                         net (fo=10, routed)          0.320     5.630    i_dram_wrapper/gen_cdc.i_axi_cdc_mig/i_axi_cdc_dst/i_cdc_fifo_gray_dst_w/i_rptr_g2b/A[0]
    SLICE_X85Y853        LUT6 (Prop_H6LUT_SLICEL_I3_O)
                                                      0.036     5.666 r  i_dram_wrapper/gen_cdc.i_axi_cdc_mig/i_axi_cdc_dst/i_cdc_fifo_gray_dst_w/i_rptr_g2b/Z[0]_INST_0/O
                         net (fo=4360, routed)        2.008     7.674    i_dram_wrapper/gen_cdc.i_axi_cdc_mig/i_axi_cdc_dst/i_cdc_fifo_gray_dst_w/rptr_next[0]
    SLICE_X136Y874       LUT6 (Prop_C6LUT_SLICEL_I4_O)
                                                      0.123     7.797 r  i_dram_wrapper/gen_cdc.i_axi_cdc_mig/i_axi_cdc_dst/i_cdc_fifo_gray_dst_w/i_spill_register_i_4650/O
                         net (fo=1, routed)           0.010     7.807    i_dram_wrapper/gen_cdc.i_axi_cdc_mig/i_axi_cdc_dst/i_cdc_fifo_gray_dst_w/i_spill_register_i_4650_n_0
    SLICE_X136Y874       MUXF7 (Prop_F7MUX_CD_SLICEL_I1_O)
                                                      0.064     7.871 r  i_dram_wrapper/gen_cdc.i_axi_cdc_mig/i_axi_cdc_dst/i_cdc_fifo_gray_dst_w/i_spill_register_i_1461/O
                         net (fo=1, routed)           0.229     8.100    i_dram_wrapper/gen_cdc.i_axi_cdc_mig/i_axi_cdc_dst/i_cdc_fifo_gray_dst_w/i_spill_register_i_1461_n_0
    SLICE_X133Y875       LUT6 (Prop_D6LUT_SLICEM_I0_O)
                                                      0.099     8.199 r  i_dram_wrapper/gen_cdc.i_axi_cdc_mig/i_axi_cdc_dst/i_cdc_fifo_gray_dst_w/i_spill_register_i_222/O
                         net (fo=1, routed)           0.072     8.271    i_dram_wrapper/gen_cdc.i_axi_cdc_mig/i_axi_cdc_dst/i_cdc_fifo_gray_dst_w/i_spill_register/spill_register_flushable_i/data_i[data][291]
    SLICE_X133Y875       FDCE                                         r  i_dram_wrapper/gen_cdc.i_axi_cdc_mig/i_axi_cdc_dst/i_cdc_fifo_gray_dst_w/i_spill_register/spill_register_flushable_i/gen_spill_reg.a_data_q_reg[data][291]/D
  -------------------------------------------------------------------    -------------------

                         (clock mmcm_clkout0 rise edge)
                                                      3.333     3.333 r  
    E12                                               0.000     3.333 r  sys_clk_p (IN)
                         net (fo=0)                   0.000     3.333    i_bufds_sys_clk/I
    HPIOBDIFFINBUF_X1Y300
                         DIFFINBUF (Prop_DIFFINBUF_HPIOBDIFFINBUF_DIFF_IN_P_O)
                                                      0.564     3.898 r  i_bufds_sys_clk/DIFFINBUF_INST/O
                         net (fo=1, routed)           0.040     3.938    i_bufds_sys_clk/OUT
    E12                  IBUFCTRL (Prop_IBUFCTRL_HPIOB_M_I_O)
                                                      0.000     3.938 r  i_bufds_sys_clk/IBUFCTRL_INST/O
                         net (fo=1, routed)           0.297     4.235    sys_clk
    BUFGCE_X1Y289        BUFGCE (Prop_BUFCE_BUFGCE_I_O)
                                                      0.024     4.259 r  sys_clk_BUFGCE_inst/O
                         net (fo=19, routed)          0.795     5.054    i_dram_wrapper/i_dram/inst/u_ddr4_infrastructure/mmcm_clk_in
    MMCM_X1Y13           MMCME4_ADV (Prop_MMCM_CLKIN1_CLKOUT0)
                                                      0.630     5.684 r  i_dram_wrapper/i_dram/inst/u_ddr4_infrastructure/gen_mmcme4.u_mmcme_adv_inst/CLKOUT0
                         net (fo=1, routed)           0.214     5.898    i_dram_wrapper/i_dram/inst/u_ddr4_infrastructure/mmcm_clkout0
    BUFGCE_X1Y332        BUFGCE (Prop_BUFCE_BUFGCE_I_O)
                                                      0.024     5.922 r  i_dram_wrapper/i_dram/inst/u_ddr4_infrastructure/u_bufg_divClk/O
    X4Y10 (CLOCK_ROOT)   net (fo=36296, routed)       2.454     8.376    i_dram_wrapper/gen_cdc.i_axi_cdc_mig/i_axi_cdc_dst/i_cdc_fifo_gray_dst_w/i_spill_register/spill_register_flushable_i/clk_i
    SLICE_X133Y875       FDCE                                         r  i_dram_wrapper/gen_cdc.i_axi_cdc_mig/i_axi_cdc_dst/i_cdc_fifo_gray_dst_w/i_spill_register/spill_register_flushable_i/gen_spill_reg.a_data_q_reg[data][291]/C
                         clock pessimism             -0.245     8.131    
                         clock uncertainty           -0.052     8.079    
    SLICE_X133Y875       FDCE (Setup_DFF_SLICEM_C_D)
                                                      0.025     8.104    i_dram_wrapper/gen_cdc.i_axi_cdc_mig/i_axi_cdc_dst/i_cdc_fifo_gray_dst_w/i_spill_register/spill_register_flushable_i/gen_spill_reg.a_data_q_reg[data][291]
  -------------------------------------------------------------------
                         required time                          8.104    
                         arrival time                          -8.271    
  -------------------------------------------------------------------
                         slack                                 -0.167    

Slack (VIOLATED) :        -0.166ns  (required time - arrival time)
  Source:                 i_dram_wrapper/gen_cdc.i_axi_cdc_mig/i_axi_cdc_src/i_cdc_fifo_gray_src_w/data_q_reg[27][data][451]/C
                            (rising edge-triggered cell FDCE clocked by clk_50_clkwiz  {rise@0.000ns fall@10.000ns period=20.000ns})
  Destination:            i_dram_wrapper/gen_cdc.i_axi_cdc_mig/i_axi_cdc_dst/i_cdc_fifo_gray_dst_w/i_spill_register/spill_register_flushable_i/gen_spill_reg.a_data_q_reg[data][451]/D
                            (rising edge-triggered cell FDCE clocked by mmcm_clkout0  {rise@0.000ns fall@1.667ns period=3.333ns})
  Path Group:             mmcm_clkout0
  Path Type:              Setup (Max at Slow Process Corner)
  Requirement:            3.000ns  (MaxDelay Path 3.000ns)
  Data Path Delay:        3.191ns  (logic 0.288ns (9.025%)  route 2.903ns (90.975%))
  Logic Levels:           3  (LUT6=2 MUXF7=1)
  Timing Exception:       MaxDelay Path 3.000ns -datapath_only

    Location             Delay type                Incr(ns)  Path(ns)    Netlist Resource(s)
  -------------------------------------------------------------------    -------------------
    SLICE_X150Y839                                    0.000     0.000 r  i_dram_wrapper/gen_cdc.i_axi_cdc_mig/i_axi_cdc_src/i_cdc_fifo_gray_src_w/data_q_reg[27][data][451]/C
    SLICE_X150Y839       FDCE (Prop_CFF2_SLICEM_C_Q)
                                                      0.077     0.077 r  i_dram_wrapper/gen_cdc.i_axi_cdc_mig/i_axi_cdc_src/i_cdc_fifo_gray_src_w/data_q_reg[27][data][451]/Q
                         net (fo=1, routed)           1.479     1.556    i_dram_wrapper/gen_cdc.i_axi_cdc_mig/i_axi_cdc_dst/i_cdc_fifo_gray_dst_w/async_data_i[27][data][451]
    SLICE_X85Y843        LUT6 (Prop_F6LUT_SLICEL_I0_O)
                                                      0.097     1.653 r  i_dram_wrapper/gen_cdc.i_axi_cdc_mig/i_axi_cdc_dst/i_cdc_fifo_gray_dst_w/i_spill_register_i_3369/O
                         net (fo=1, routed)           0.011     1.664    i_dram_wrapper/gen_cdc.i_axi_cdc_mig/i_axi_cdc_dst/i_cdc_fifo_gray_dst_w/i_spill_register_i_3369_n_0
    SLICE_X85Y843        MUXF7 (Prop_F7MUX_EF_SLICEL_I0_O)
                                                      0.064     1.728 r  i_dram_wrapper/gen_cdc.i_axi_cdc_mig/i_axi_cdc_dst/i_cdc_fifo_gray_dst_w/i_spill_register_i_821/O
                         net (fo=1, routed)           1.363     3.091    i_dram_wrapper/gen_cdc.i_axi_cdc_mig/i_axi_cdc_dst/i_cdc_fifo_gray_dst_w/i_spill_register_i_821_n_0
    SLICE_X139Y843       LUT6 (Prop_C6LUT_SLICEL_I0_O)
                                                      0.050     3.141 r  i_dram_wrapper/gen_cdc.i_axi_cdc_mig/i_axi_cdc_dst/i_cdc_fifo_gray_dst_w/i_spill_register_i_62/O
                         net (fo=1, routed)           0.050     3.191    i_dram_wrapper/gen_cdc.i_axi_cdc_mig/i_axi_cdc_dst/i_cdc_fifo_gray_dst_w/i_spill_register/spill_register_flushable_i/data_i[data][451]
    SLICE_X139Y843       FDCE                                         r  i_dram_wrapper/gen_cdc.i_axi_cdc_mig/i_axi_cdc_dst/i_cdc_fifo_gray_dst_w/i_spill_register/spill_register_flushable_i/gen_spill_reg.a_data_q_reg[data][451]/D
  -------------------------------------------------------------------    -------------------

                         max delay                    3.000     3.000    
    SLICE_X139Y843       FDCE (Setup_CFF_SLICEL_C_D)
                                                      0.025     3.025    i_dram_wrapper/gen_cdc.i_axi_cdc_mig/i_axi_cdc_dst/i_cdc_fifo_gray_dst_w/i_spill_register/spill_register_flushable_i/gen_spill_reg.a_data_q_reg[data][451]
  -------------------------------------------------------------------
                         required time                          3.025    
                         arrival time                          -3.191    
  -------------------------------------------------------------------
                         slack                                 -0.166    

Slack (VIOLATED) :        -0.166ns  (required time - arrival time)
  Source:                 i_dram_wrapper/gen_cdc.i_axi_cdc_mig/i_axi_cdc_dst/i_cdc_fifo_gray_dst_w/rptr_q_reg[0]/C
                            (rising edge-triggered cell FDCE clocked by mmcm_clkout0  {rise@0.000ns fall@1.667ns period=3.333ns})
  Destination:            i_dram_wrapper/gen_cdc.i_axi_cdc_mig/i_axi_cdc_dst/i_cdc_fifo_gray_dst_w/i_spill_register/spill_register_flushable_i/gen_spill_reg.a_data_q_reg[data][468]/D
                            (rising edge-triggered cell FDCE clocked by mmcm_clkout0  {rise@0.000ns fall@1.667ns period=3.333ns})
  Path Group:             mmcm_clkout0
  Path Type:              Setup (Max at Slow Process Corner)
  Requirement:            3.333ns  (mmcm_clkout0 rise@3.333ns - mmcm_clkout0 rise@0.000ns)
  Data Path Delay:        3.105ns  (logic 0.375ns (12.077%)  route 2.730ns (87.923%))
  Logic Levels:           4  (LUT6=3 MUXF7=1)
  Clock Path Skew:        -0.367ns (DCD - SCD + CPR)
    Destination Clock Delay (DCD):    5.107ns = ( 8.441 - 3.333 ) 
    Source Clock Delay      (SCD):    5.232ns
    Clock Pessimism Removal (CPR):    -0.243ns
  Clock Uncertainty:      0.052ns  ((TSJ^2 + DJ^2)^1/2) / 2 + PE
    Total System Jitter     (TSJ):    0.071ns
    Discrete Jitter          (DJ):    0.076ns
    Phase Error              (PE):    0.000ns
  Clock Net Delay (Source):      3.098ns (routing 1.274ns, distribution 1.824ns)
  Clock Net Delay (Destination): 2.519ns (routing 1.157ns, distribution 1.362ns)

    Location             Delay type                Incr(ns)  Path(ns)    Netlist Resource(s)
  -------------------------------------------------------------------    -------------------
                         (clock mmcm_clkout0 rise edge)
                                                      0.000     0.000 r  
    E12                                               0.000     0.000 r  sys_clk_p (IN)
                         net (fo=0)                   0.000     0.000    i_bufds_sys_clk/I
    HPIOBDIFFINBUF_X1Y300
                         DIFFINBUF (Prop_DIFFINBUF_HPIOBDIFFINBUF_DIFF_IN_P_O)
                                                      0.675     0.675 r  i_bufds_sys_clk/DIFFINBUF_INST/O
                         net (fo=1, routed)           0.050     0.725    i_bufds_sys_clk/OUT
    E12                  IBUFCTRL (Prop_IBUFCTRL_HPIOB_M_I_O)
                                                      0.000     0.725 r  i_bufds_sys_clk/IBUFCTRL_INST/O
                         net (fo=1, routed)           0.335     1.060    sys_clk
    BUFGCE_X1Y289        BUFGCE (Prop_BUFCE_BUFGCE_I_O)
                                                      0.028     1.088 r  sys_clk_BUFGCE_inst/O
                         net (fo=19, routed)          0.901     1.989    i_dram_wrapper/i_dram/inst/u_ddr4_infrastructure/mmcm_clk_in
    MMCM_X1Y13           MMCME4_ADV (Prop_MMCM_CLKIN1_CLKOUT0)
                                                     -0.127     1.862 r  i_dram_wrapper/i_dram/inst/u_ddr4_infrastructure/gen_mmcme4.u_mmcme_adv_inst/CLKOUT0
                         net (fo=1, routed)           0.244     2.106    i_dram_wrapper/i_dram/inst/u_ddr4_infrastructure/mmcm_clkout0
    BUFGCE_X1Y332        BUFGCE (Prop_BUFCE_BUFGCE_I_O)
                                                      0.028     2.134 r  i_dram_wrapper/i_dram/inst/u_ddr4_infrastructure/u_bufg_divClk/O
    X4Y10 (CLOCK_ROOT)   net (fo=36296, routed)       3.098     5.232    i_dram_wrapper/gen_cdc.i_axi_cdc_mig/i_axi_cdc_dst/i_cdc_fifo_gray_dst_w/dst_clk_i
    SLICE_X84Y855        FDCE                                         r  i_dram_wrapper/gen_cdc.i_axi_cdc_mig/i_axi_cdc_dst/i_cdc_fifo_gray_dst_w/rptr_q_reg[0]/C
  -------------------------------------------------------------------    -------------------
    SLICE_X84Y855        FDCE (Prop_DFF_SLICEM_C_Q)
                                                      0.078     5.310 r  i_dram_wrapper/gen_cdc.i_axi_cdc_mig/i_axi_cdc_dst/i_cdc_fifo_gray_dst_w/rptr_q_reg[0]/Q
                         net (fo=10, routed)          0.320     5.630    i_dram_wrapper/gen_cdc.i_axi_cdc_mig/i_axi_cdc_dst/i_cdc_fifo_gray_dst_w/i_rptr_g2b/A[0]
    SLICE_X85Y853        LUT6 (Prop_H6LUT_SLICEL_I3_O)
                                                      0.036     5.666 r  i_dram_wrapper/gen_cdc.i_axi_cdc_mig/i_axi_cdc_dst/i_cdc_fifo_gray_dst_w/i_rptr_g2b/Z[0]_INST_0/O
                         net (fo=4360, routed)        2.059     7.725    i_dram_wrapper/gen_cdc.i_axi_cdc_mig/i_axi_cdc_dst/i_cdc_fifo_gray_dst_w/rptr_next[0]
    SLICE_X151Y841       LUT6 (Prop_D6LUT_SLICEL_I4_O)
                                                      0.099     7.824 r  i_dram_wrapper/gen_cdc.i_axi_cdc_mig/i_axi_cdc_dst/i_cdc_fifo_gray_dst_w/i_spill_register_i_3235/O
                         net (fo=1, routed)           0.009     7.833    i_dram_wrapper/gen_cdc.i_axi_cdc_mig/i_axi_cdc_dst/i_cdc_fifo_gray_dst_w/i_spill_register_i_3235_n_0
    SLICE_X151Y841       MUXF7 (Prop_F7MUX_CD_SLICEL_I0_O)
                                                      0.063     7.896 r  i_dram_wrapper/gen_cdc.i_axi_cdc_mig/i_axi_cdc_dst/i_cdc_fifo_gray_dst_w/i_spill_register_i_754/O
                         net (fo=1, routed)           0.293     8.189    i_dram_wrapper/gen_cdc.i_axi_cdc_mig/i_axi_cdc_dst/i_cdc_fifo_gray_dst_w/i_spill_register_i_754_n_0
    SLICE_X145Y842       LUT6 (Prop_D6LUT_SLICEL_I1_O)
                                                      0.099     8.288 r  i_dram_wrapper/gen_cdc.i_axi_cdc_mig/i_axi_cdc_dst/i_cdc_fifo_gray_dst_w/i_spill_register_i_45/O
                         net (fo=1, routed)           0.049     8.337    i_dram_wrapper/gen_cdc.i_axi_cdc_mig/i_axi_cdc_dst/i_cdc_fifo_gray_dst_w/i_spill_register/spill_register_flushable_i/data_i[data][468]
    SLICE_X145Y842       FDCE                                         r  i_dram_wrapper/gen_cdc.i_axi_cdc_mig/i_axi_cdc_dst/i_cdc_fifo_gray_dst_w/i_spill_register/spill_register_flushable_i/gen_spill_reg.a_data_q_reg[data][468]/D
  -------------------------------------------------------------------    -------------------

                         (clock mmcm_clkout0 rise edge)
                                                      3.333     3.333 r  
    E12                                               0.000     3.333 r  sys_clk_p (IN)
                         net (fo=0)                   0.000     3.333    i_bufds_sys_clk/I
    HPIOBDIFFINBUF_X1Y300
                         DIFFINBUF (Prop_DIFFINBUF_HPIOBDIFFINBUF_DIFF_IN_P_O)
                                                      0.564     3.898 r  i_bufds_sys_clk/DIFFINBUF_INST/O
                         net (fo=1, routed)           0.040     3.938    i_bufds_sys_clk/OUT
    E12                  IBUFCTRL (Prop_IBUFCTRL_HPIOB_M_I_O)
                                                      0.000     3.938 r  i_bufds_sys_clk/IBUFCTRL_INST/O
                         net (fo=1, routed)           0.297     4.235    sys_clk
    BUFGCE_X1Y289        BUFGCE (Prop_BUFCE_BUFGCE_I_O)
                                                      0.024     4.259 r  sys_clk_BUFGCE_inst/O
                         net (fo=19, routed)          0.795     5.054    i_dram_wrapper/i_dram/inst/u_ddr4_infrastructure/mmcm_clk_in
    MMCM_X1Y13           MMCME4_ADV (Prop_MMCM_CLKIN1_CLKOUT0)
                                                      0.630     5.684 r  i_dram_wrapper/i_dram/inst/u_ddr4_infrastructure/gen_mmcme4.u_mmcme_adv_inst/CLKOUT0
                         net (fo=1, routed)           0.214     5.898    i_dram_wrapper/i_dram/inst/u_ddr4_infrastructure/mmcm_clkout0
    BUFGCE_X1Y332        BUFGCE (Prop_BUFCE_BUFGCE_I_O)
                                                      0.024     5.922 r  i_dram_wrapper/i_dram/inst/u_ddr4_infrastructure/u_bufg_divClk/O
    X4Y10 (CLOCK_ROOT)   net (fo=36296, routed)       2.519     8.441    i_dram_wrapper/gen_cdc.i_axi_cdc_mig/i_axi_cdc_dst/i_cdc_fifo_gray_dst_w/i_spill_register/spill_register_flushable_i/clk_i
    SLICE_X145Y842       FDCE                                         r  i_dram_wrapper/gen_cdc.i_axi_cdc_mig/i_axi_cdc_dst/i_cdc_fifo_gray_dst_w/i_spill_register/spill_register_flushable_i/gen_spill_reg.a_data_q_reg[data][468]/C
                         clock pessimism             -0.243     8.198    
                         clock uncertainty           -0.052     8.146    
    SLICE_X145Y842       FDCE (Setup_DFF_SLICEL_C_D)
                                                      0.025     8.171    i_dram_wrapper/gen_cdc.i_axi_cdc_mig/i_axi_cdc_dst/i_cdc_fifo_gray_dst_w/i_spill_register/spill_register_flushable_i/gen_spill_reg.a_data_q_reg[data][468]
  -------------------------------------------------------------------
                         required time                          8.171    
                         arrival time                          -8.337    
  -------------------------------------------------------------------
                         slack                                 -0.166    

Slack (VIOLATED) :        -0.165ns  (required time - arrival time)
  Source:                 i_dram_wrapper/gen_cdc.i_axi_cdc_mig/i_axi_cdc_dst/i_cdc_fifo_gray_dst_w/rptr_q_reg[0]/C
                            (rising edge-triggered cell FDCE clocked by mmcm_clkout0  {rise@0.000ns fall@1.667ns period=3.333ns})
  Destination:            i_dram_wrapper/gen_cdc.i_axi_cdc_mig/i_axi_cdc_dst/i_cdc_fifo_gray_dst_w/i_spill_register/spill_register_flushable_i/gen_spill_reg.a_data_q_reg[data][117]/D
                            (rising edge-triggered cell FDCE clocked by mmcm_clkout0  {rise@0.000ns fall@1.667ns period=3.333ns})
  Path Group:             mmcm_clkout0
  Path Type:              Setup (Max at Slow Process Corner)
  Requirement:            3.333ns  (mmcm_clkout0 rise@3.333ns - mmcm_clkout0 rise@0.000ns)
  Data Path Delay:        3.100ns  (logic 0.318ns (10.258%)  route 2.782ns (89.742%))
  Logic Levels:           4  (LUT6=3 MUXF7=1)
  Clock Path Skew:        -0.371ns (DCD - SCD + CPR)
    Destination Clock Delay (DCD):    5.103ns = ( 8.437 - 3.333 ) 
    Source Clock Delay      (SCD):    5.232ns
    Clock Pessimism Removal (CPR):    -0.243ns
  Clock Uncertainty:      0.052ns  ((TSJ^2 + DJ^2)^1/2) / 2 + PE
    Total System Jitter     (TSJ):    0.071ns
    Discrete Jitter          (DJ):    0.076ns
    Phase Error              (PE):    0.000ns
  Clock Net Delay (Source):      3.098ns (routing 1.274ns, distribution 1.824ns)
  Clock Net Delay (Destination): 2.515ns (routing 1.157ns, distribution 1.358ns)

    Location             Delay type                Incr(ns)  Path(ns)    Netlist Resource(s)
  -------------------------------------------------------------------    -------------------
                         (clock mmcm_clkout0 rise edge)
                                                      0.000     0.000 r  
    E12                                               0.000     0.000 r  sys_clk_p (IN)
                         net (fo=0)                   0.000     0.000    i_bufds_sys_clk/I
    HPIOBDIFFINBUF_X1Y300
                         DIFFINBUF (Prop_DIFFINBUF_HPIOBDIFFINBUF_DIFF_IN_P_O)
                                                      0.675     0.675 r  i_bufds_sys_clk/DIFFINBUF_INST/O
                         net (fo=1, routed)           0.050     0.725    i_bufds_sys_clk/OUT
    E12                  IBUFCTRL (Prop_IBUFCTRL_HPIOB_M_I_O)
                                                      0.000     0.725 r  i_bufds_sys_clk/IBUFCTRL_INST/O
                         net (fo=1, routed)           0.335     1.060    sys_clk
    BUFGCE_X1Y289        BUFGCE (Prop_BUFCE_BUFGCE_I_O)
                                                      0.028     1.088 r  sys_clk_BUFGCE_inst/O
                         net (fo=19, routed)          0.901     1.989    i_dram_wrapper/i_dram/inst/u_ddr4_infrastructure/mmcm_clk_in
    MMCM_X1Y13           MMCME4_ADV (Prop_MMCM_CLKIN1_CLKOUT0)
                                                     -0.127     1.862 r  i_dram_wrapper/i_dram/inst/u_ddr4_infrastructure/gen_mmcme4.u_mmcme_adv_inst/CLKOUT0
                         net (fo=1, routed)           0.244     2.106    i_dram_wrapper/i_dram/inst/u_ddr4_infrastructure/mmcm_clkout0
    BUFGCE_X1Y332        BUFGCE (Prop_BUFCE_BUFGCE_I_O)
                                                      0.028     2.134 r  i_dram_wrapper/i_dram/inst/u_ddr4_infrastructure/u_bufg_divClk/O
    X4Y10 (CLOCK_ROOT)   net (fo=36296, routed)       3.098     5.232    i_dram_wrapper/gen_cdc.i_axi_cdc_mig/i_axi_cdc_dst/i_cdc_fifo_gray_dst_w/dst_clk_i
    SLICE_X84Y855        FDCE                                         r  i_dram_wrapper/gen_cdc.i_axi_cdc_mig/i_axi_cdc_dst/i_cdc_fifo_gray_dst_w/rptr_q_reg[0]/C
  -------------------------------------------------------------------    -------------------
    SLICE_X84Y855        FDCE (Prop_DFF_SLICEM_C_Q)
                                                      0.078     5.310 r  i_dram_wrapper/gen_cdc.i_axi_cdc_mig/i_axi_cdc_dst/i_cdc_fifo_gray_dst_w/rptr_q_reg[0]/Q
                         net (fo=10, routed)          0.320     5.630    i_dram_wrapper/gen_cdc.i_axi_cdc_mig/i_axi_cdc_dst/i_cdc_fifo_gray_dst_w/i_rptr_g2b/A[0]
    SLICE_X85Y853        LUT6 (Prop_H6LUT_SLICEL_I3_O)
                                                      0.036     5.666 r  i_dram_wrapper/gen_cdc.i_axi_cdc_mig/i_axi_cdc_dst/i_cdc_fifo_gray_dst_w/i_rptr_g2b/Z[0]_INST_0/O
                         net (fo=4360, routed)        2.126     7.792    i_dram_wrapper/gen_cdc.i_axi_cdc_mig/i_axi_cdc_dst/i_cdc_fifo_gray_dst_w/rptr_next[0]
    SLICE_X146Y848       LUT6 (Prop_D6LUT_SLICEM_I4_O)
                                                      0.037     7.829 r  i_dram_wrapper/gen_cdc.i_axi_cdc_mig/i_axi_cdc_dst/i_cdc_fifo_gray_dst_w/i_spill_register_i_6047/O
                         net (fo=1, routed)           0.025     7.854    i_dram_wrapper/gen_cdc.i_axi_cdc_mig/i_axi_cdc_dst/i_cdc_fifo_gray_dst_w/i_spill_register_i_6047_n_0
    SLICE_X146Y848       MUXF7 (Prop_F7MUX_CD_SLICEM_I0_O)
                                                      0.069     7.923 r  i_dram_wrapper/gen_cdc.i_axi_cdc_mig/i_axi_cdc_dst/i_cdc_fifo_gray_dst_w/i_spill_register_i_2160/O
                         net (fo=1, routed)           0.244     8.167    i_dram_wrapper/gen_cdc.i_axi_cdc_mig/i_axi_cdc_dst/i_cdc_fifo_gray_dst_w/i_spill_register_i_2160_n_0
    SLICE_X144Y849       LUT6 (Prop_F6LUT_SLICEM_I5_O)
                                                      0.098     8.265 r  i_dram_wrapper/gen_cdc.i_axi_cdc_mig/i_axi_cdc_dst/i_cdc_fifo_gray_dst_w/i_spill_register_i_396/O
                         net (fo=1, routed)           0.067     8.332    i_dram_wrapper/gen_cdc.i_axi_cdc_mig/i_axi_cdc_dst/i_cdc_fifo_gray_dst_w/i_spill_register/spill_register_flushable_i/data_i[data][117]
    SLICE_X144Y849       FDCE                                         r  i_dram_wrapper/gen_cdc.i_axi_cdc_mig/i_axi_cdc_dst/i_cdc_fifo_gray_dst_w/i_spill_register/spill_register_flushable_i/gen_spill_reg.a_data_q_reg[data][117]/D
  -------------------------------------------------------------------    -------------------

                         (clock mmcm_clkout0 rise edge)
                                                      3.333     3.333 r  
    E12                                               0.000     3.333 r  sys_clk_p (IN)
                         net (fo=0)                   0.000     3.333    i_bufds_sys_clk/I
    HPIOBDIFFINBUF_X1Y300
                         DIFFINBUF (Prop_DIFFINBUF_HPIOBDIFFINBUF_DIFF_IN_P_O)
                                                      0.564     3.898 r  i_bufds_sys_clk/DIFFINBUF_INST/O
                         net (fo=1, routed)           0.040     3.938    i_bufds_sys_clk/OUT
    E12                  IBUFCTRL (Prop_IBUFCTRL_HPIOB_M_I_O)
                                                      0.000     3.938 r  i_bufds_sys_clk/IBUFCTRL_INST/O
                         net (fo=1, routed)           0.297     4.235    sys_clk
    BUFGCE_X1Y289        BUFGCE (Prop_BUFCE_BUFGCE_I_O)
                                                      0.024     4.259 r  sys_clk_BUFGCE_inst/O
                         net (fo=19, routed)          0.795     5.054    i_dram_wrapper/i_dram/inst/u_ddr4_infrastructure/mmcm_clk_in
    MMCM_X1Y13           MMCME4_ADV (Prop_MMCM_CLKIN1_CLKOUT0)
                                                      0.630     5.684 r  i_dram_wrapper/i_dram/inst/u_ddr4_infrastructure/gen_mmcme4.u_mmcme_adv_inst/CLKOUT0
                         net (fo=1, routed)           0.214     5.898    i_dram_wrapper/i_dram/inst/u_ddr4_infrastructure/mmcm_clkout0
    BUFGCE_X1Y332        BUFGCE (Prop_BUFCE_BUFGCE_I_O)
                                                      0.024     5.922 r  i_dram_wrapper/i_dram/inst/u_ddr4_infrastructure/u_bufg_divClk/O
    X4Y10 (CLOCK_ROOT)   net (fo=36296, routed)       2.515     8.437    i_dram_wrapper/gen_cdc.i_axi_cdc_mig/i_axi_cdc_dst/i_cdc_fifo_gray_dst_w/i_spill_register/spill_register_flushable_i/clk_i
    SLICE_X144Y849       FDCE                                         r  i_dram_wrapper/gen_cdc.i_axi_cdc_mig/i_axi_cdc_dst/i_cdc_fifo_gray_dst_w/i_spill_register/spill_register_flushable_i/gen_spill_reg.a_data_q_reg[data][117]/C
                         clock pessimism             -0.243     8.194    
                         clock uncertainty           -0.052     8.142    
    SLICE_X144Y849       FDCE (Setup_FFF_SLICEM_C_D)
                                                      0.025     8.167    i_dram_wrapper/gen_cdc.i_axi_cdc_mig/i_axi_cdc_dst/i_cdc_fifo_gray_dst_w/i_spill_register/spill_register_flushable_i/gen_spill_reg.a_data_q_reg[data][117]
  -------------------------------------------------------------------
                         required time                          8.167    
                         arrival time                          -8.332    
  -------------------------------------------------------------------
                         slack                                 -0.165    

Slack (VIOLATED) :        -0.164ns  (required time - arrival time)
  Source:                 i_dram_wrapper/gen_cdc.i_axi_cdc_mig/i_axi_cdc_dst/i_cdc_fifo_gray_dst_w/rptr_q_reg[0]/C
                            (rising edge-triggered cell FDCE clocked by mmcm_clkout0  {rise@0.000ns fall@1.667ns period=3.333ns})
  Destination:            i_dram_wrapper/gen_cdc.i_axi_cdc_mig/i_axi_cdc_dst/i_cdc_fifo_gray_dst_w/i_spill_register/spill_register_flushable_i/gen_spill_reg.a_data_q_reg[data][401]/D
                            (rising edge-triggered cell FDCE clocked by mmcm_clkout0  {rise@0.000ns fall@1.667ns period=3.333ns})
  Path Group:             mmcm_clkout0
  Path Type:              Setup (Max at Slow Process Corner)
  Requirement:            3.333ns  (mmcm_clkout0 rise@3.333ns - mmcm_clkout0 rise@0.000ns)
  Data Path Delay:        3.031ns  (logic 0.390ns (12.867%)  route 2.641ns (87.133%))
  Logic Levels:           4  (LUT6=3 MUXF7=1)
  Clock Path Skew:        -0.439ns (DCD - SCD + CPR)
    Destination Clock Delay (DCD):    5.088ns = ( 8.422 - 3.333 ) 
    Source Clock Delay      (SCD):    5.232ns
    Clock Pessimism Removal (CPR):    -0.296ns
  Clock Uncertainty:      0.052ns  ((TSJ^2 + DJ^2)^1/2) / 2 + PE
    Total System Jitter     (TSJ):    0.071ns
    Discrete Jitter          (DJ):    0.076ns
    Phase Error              (PE):    0.000ns
  Clock Net Delay (Source):      3.098ns (routing 1.274ns, distribution 1.824ns)
  Clock Net Delay (Destination): 2.500ns (routing 1.157ns, distribution 1.343ns)

    Location             Delay type                Incr(ns)  Path(ns)    Netlist Resource(s)
  -------------------------------------------------------------------    -------------------
                         (clock mmcm_clkout0 rise edge)
                                                      0.000     0.000 r  
    E12                                               0.000     0.000 r  sys_clk_p (IN)
                         net (fo=0)                   0.000     0.000    i_bufds_sys_clk/I
    HPIOBDIFFINBUF_X1Y300
                         DIFFINBUF (Prop_DIFFINBUF_HPIOBDIFFINBUF_DIFF_IN_P_O)
                                                      0.675     0.675 r  i_bufds_sys_clk/DIFFINBUF_INST/O
                         net (fo=1, routed)           0.050     0.725    i_bufds_sys_clk/OUT
    E12                  IBUFCTRL (Prop_IBUFCTRL_HPIOB_M_I_O)
                                                      0.000     0.725 r  i_bufds_sys_clk/IBUFCTRL_INST/O
                         net (fo=1, routed)           0.335     1.060    sys_clk
    BUFGCE_X1Y289        BUFGCE (Prop_BUFCE_BUFGCE_I_O)
                                                      0.028     1.088 r  sys_clk_BUFGCE_inst/O
                         net (fo=19, routed)          0.901     1.989    i_dram_wrapper/i_dram/inst/u_ddr4_infrastructure/mmcm_clk_in
    MMCM_X1Y13           MMCME4_ADV (Prop_MMCM_CLKIN1_CLKOUT0)
                                                     -0.127     1.862 r  i_dram_wrapper/i_dram/inst/u_ddr4_infrastructure/gen_mmcme4.u_mmcme_adv_inst/CLKOUT0
                         net (fo=1, routed)           0.244     2.106    i_dram_wrapper/i_dram/inst/u_ddr4_infrastructure/mmcm_clkout0
    BUFGCE_X1Y332        BUFGCE (Prop_BUFCE_BUFGCE_I_O)
                                                      0.028     2.134 r  i_dram_wrapper/i_dram/inst/u_ddr4_infrastructure/u_bufg_divClk/O
    X4Y10 (CLOCK_ROOT)   net (fo=36296, routed)       3.098     5.232    i_dram_wrapper/gen_cdc.i_axi_cdc_mig/i_axi_cdc_dst/i_cdc_fifo_gray_dst_w/dst_clk_i
    SLICE_X84Y855        FDCE                                         r  i_dram_wrapper/gen_cdc.i_axi_cdc_mig/i_axi_cdc_dst/i_cdc_fifo_gray_dst_w/rptr_q_reg[0]/C
  -------------------------------------------------------------------    -------------------
    SLICE_X84Y855        FDCE (Prop_DFF_SLICEM_C_Q)
                                                      0.078     5.310 r  i_dram_wrapper/gen_cdc.i_axi_cdc_mig/i_axi_cdc_dst/i_cdc_fifo_gray_dst_w/rptr_q_reg[0]/Q
                         net (fo=10, routed)          0.320     5.630    i_dram_wrapper/gen_cdc.i_axi_cdc_mig/i_axi_cdc_dst/i_cdc_fifo_gray_dst_w/i_rptr_g2b/A[0]
    SLICE_X85Y853        LUT6 (Prop_H6LUT_SLICEL_I3_O)
                                                      0.036     5.666 r  i_dram_wrapper/gen_cdc.i_axi_cdc_mig/i_axi_cdc_dst/i_cdc_fifo_gray_dst_w/i_rptr_g2b/Z[0]_INST_0/O
                         net (fo=4360, routed)        2.023     7.689    i_dram_wrapper/gen_cdc.i_axi_cdc_mig/i_axi_cdc_dst/i_cdc_fifo_gray_dst_w/rptr_next[0]
    SLICE_X147Y837       LUT6 (Prop_C6LUT_SLICEL_I4_O)
                                                      0.088     7.777 r  i_dram_wrapper/gen_cdc.i_axi_cdc_mig/i_axi_cdc_dst/i_cdc_fifo_gray_dst_w/i_spill_register_i_3776/O
                         net (fo=1, routed)           0.010     7.787    i_dram_wrapper/gen_cdc.i_axi_cdc_mig/i_axi_cdc_dst/i_cdc_fifo_gray_dst_w/i_spill_register_i_3776_n_0
    SLICE_X147Y837       MUXF7 (Prop_F7MUX_CD_SLICEL_I1_O)
                                                      0.064     7.851 r  i_dram_wrapper/gen_cdc.i_axi_cdc_mig/i_axi_cdc_dst/i_cdc_fifo_gray_dst_w/i_spill_register_i_1024/O
                         net (fo=1, routed)           0.233     8.084    i_dram_wrapper/gen_cdc.i_axi_cdc_mig/i_axi_cdc_dst/i_cdc_fifo_gray_dst_w/i_spill_register_i_1024_n_0
    SLICE_X148Y839       LUT6 (Prop_E6LUT_SLICEM_I5_O)
                                                      0.124     8.208 r  i_dram_wrapper/gen_cdc.i_axi_cdc_mig/i_axi_cdc_dst/i_cdc_fifo_gray_dst_w/i_spill_register_i_112/O
                         net (fo=1, routed)           0.055     8.263    i_dram_wrapper/gen_cdc.i_axi_cdc_mig/i_axi_cdc_dst/i_cdc_fifo_gray_dst_w/i_spill_register/spill_register_flushable_i/data_i[data][401]
    SLICE_X148Y839       FDCE                                         r  i_dram_wrapper/gen_cdc.i_axi_cdc_mig/i_axi_cdc_dst/i_cdc_fifo_gray_dst_w/i_spill_register/spill_register_flushable_i/gen_spill_reg.a_data_q_reg[data][401]/D
  -------------------------------------------------------------------    -------------------

                         (clock mmcm_clkout0 rise edge)
                                                      3.333     3.333 r  
    E12                                               0.000     3.333 r  sys_clk_p (IN)
                         net (fo=0)                   0.000     3.333    i_bufds_sys_clk/I
    HPIOBDIFFINBUF_X1Y300
                         DIFFINBUF (Prop_DIFFINBUF_HPIOBDIFFINBUF_DIFF_IN_P_O)
                                                      0.564     3.898 r  i_bufds_sys_clk/DIFFINBUF_INST/O
                         net (fo=1, routed)           0.040     3.938    i_bufds_sys_clk/OUT
    E12                  IBUFCTRL (Prop_IBUFCTRL_HPIOB_M_I_O)
                                                      0.000     3.938 r  i_bufds_sys_clk/IBUFCTRL_INST/O
                         net (fo=1, routed)           0.297     4.235    sys_clk
    BUFGCE_X1Y289        BUFGCE (Prop_BUFCE_BUFGCE_I_O)
                                                      0.024     4.259 r  sys_clk_BUFGCE_inst/O
                         net (fo=19, routed)          0.795     5.054    i_dram_wrapper/i_dram/inst/u_ddr4_infrastructure/mmcm_clk_in
    MMCM_X1Y13           MMCME4_ADV (Prop_MMCM_CLKIN1_CLKOUT0)
                                                      0.630     5.684 r  i_dram_wrapper/i_dram/inst/u_ddr4_infrastructure/gen_mmcme4.u_mmcme_adv_inst/CLKOUT0
                         net (fo=1, routed)           0.214     5.898    i_dram_wrapper/i_dram/inst/u_ddr4_infrastructure/mmcm_clkout0
    BUFGCE_X1Y332        BUFGCE (Prop_BUFCE_BUFGCE_I_O)
                                                      0.024     5.922 r  i_dram_wrapper/i_dram/inst/u_ddr4_infrastructure/u_bufg_divClk/O
    X4Y10 (CLOCK_ROOT)   net (fo=36296, routed)       2.500     8.422    i_dram_wrapper/gen_cdc.i_axi_cdc_mig/i_axi_cdc_dst/i_cdc_fifo_gray_dst_w/i_spill_register/spill_register_flushable_i/clk_i
    SLICE_X148Y839       FDCE                                         r  i_dram_wrapper/gen_cdc.i_axi_cdc_mig/i_axi_cdc_dst/i_cdc_fifo_gray_dst_w/i_spill_register/spill_register_flushable_i/gen_spill_reg.a_data_q_reg[data][401]/C
                         clock pessimism             -0.296     8.126    
                         clock uncertainty           -0.052     8.074    
    SLICE_X148Y839       FDCE (Setup_EFF_SLICEM_C_D)
                                                      0.025     8.099    i_dram_wrapper/gen_cdc.i_axi_cdc_mig/i_axi_cdc_dst/i_cdc_fifo_gray_dst_w/i_spill_register/spill_register_flushable_i/gen_spill_reg.a_data_q_reg[data][401]
  -------------------------------------------------------------------
                         required time                          8.099    
                         arrival time                          -8.263    
  -------------------------------------------------------------------
                         slack                                 -0.164    

Slack (VIOLATED) :        -0.160ns  (required time - arrival time)
  Source:                 i_dram_wrapper/gen_cdc.i_axi_cdc_mig/i_axi_cdc_dst/i_cdc_fifo_gray_dst_w/rptr_q_reg[0]/C
                            (rising edge-triggered cell FDCE clocked by mmcm_clkout0  {rise@0.000ns fall@1.667ns period=3.333ns})
  Destination:            i_dram_wrapper/gen_cdc.i_axi_cdc_mig/i_axi_cdc_dst/i_cdc_fifo_gray_dst_w/i_spill_register/spill_register_flushable_i/gen_spill_reg.a_data_q_reg[data][162]/D
                            (rising edge-triggered cell FDCE clocked by mmcm_clkout0  {rise@0.000ns fall@1.667ns period=3.333ns})
  Path Group:             mmcm_clkout0
  Path Type:              Setup (Max at Slow Process Corner)
  Requirement:            3.333ns  (mmcm_clkout0 rise@3.333ns - mmcm_clkout0 rise@0.000ns)
  Data Path Delay:        3.084ns  (logic 0.311ns (10.084%)  route 2.773ns (89.916%))
  Logic Levels:           4  (LUT6=3 MUXF7=1)
  Clock Path Skew:        -0.382ns (DCD - SCD + CPR)
    Destination Clock Delay (DCD):    5.092ns = ( 8.426 - 3.333 ) 
    Source Clock Delay      (SCD):    5.232ns
    Clock Pessimism Removal (CPR):    -0.243ns
  Clock Uncertainty:      0.052ns  ((TSJ^2 + DJ^2)^1/2) / 2 + PE
    Total System Jitter     (TSJ):    0.071ns
    Discrete Jitter          (DJ):    0.076ns
    Phase Error              (PE):    0.000ns
  Clock Net Delay (Source):      3.098ns (routing 1.274ns, distribution 1.824ns)
  Clock Net Delay (Destination): 2.504ns (routing 1.157ns, distribution 1.347ns)

    Location             Delay type                Incr(ns)  Path(ns)    Netlist Resource(s)
  -------------------------------------------------------------------    -------------------
                         (clock mmcm_clkout0 rise edge)
                                                      0.000     0.000 r  
    E12                                               0.000     0.000 r  sys_clk_p (IN)
                         net (fo=0)                   0.000     0.000    i_bufds_sys_clk/I
    HPIOBDIFFINBUF_X1Y300
                         DIFFINBUF (Prop_DIFFINBUF_HPIOBDIFFINBUF_DIFF_IN_P_O)
                                                      0.675     0.675 r  i_bufds_sys_clk/DIFFINBUF_INST/O
                         net (fo=1, routed)           0.050     0.725    i_bufds_sys_clk/OUT
    E12                  IBUFCTRL (Prop_IBUFCTRL_HPIOB_M_I_O)
                                                      0.000     0.725 r  i_bufds_sys_clk/IBUFCTRL_INST/O
                         net (fo=1, routed)           0.335     1.060    sys_clk
    BUFGCE_X1Y289        BUFGCE (Prop_BUFCE_BUFGCE_I_O)
                                                      0.028     1.088 r  sys_clk_BUFGCE_inst/O
                         net (fo=19, routed)          0.901     1.989    i_dram_wrapper/i_dram/inst/u_ddr4_infrastructure/mmcm_clk_in
    MMCM_X1Y13           MMCME4_ADV (Prop_MMCM_CLKIN1_CLKOUT0)
                                                     -0.127     1.862 r  i_dram_wrapper/i_dram/inst/u_ddr4_infrastructure/gen_mmcme4.u_mmcme_adv_inst/CLKOUT0
                         net (fo=1, routed)           0.244     2.106    i_dram_wrapper/i_dram/inst/u_ddr4_infrastructure/mmcm_clkout0
    BUFGCE_X1Y332        BUFGCE (Prop_BUFCE_BUFGCE_I_O)
                                                      0.028     2.134 r  i_dram_wrapper/i_dram/inst/u_ddr4_infrastructure/u_bufg_divClk/O
    X4Y10 (CLOCK_ROOT)   net (fo=36296, routed)       3.098     5.232    i_dram_wrapper/gen_cdc.i_axi_cdc_mig/i_axi_cdc_dst/i_cdc_fifo_gray_dst_w/dst_clk_i
    SLICE_X84Y855        FDCE                                         r  i_dram_wrapper/gen_cdc.i_axi_cdc_mig/i_axi_cdc_dst/i_cdc_fifo_gray_dst_w/rptr_q_reg[0]/C
  -------------------------------------------------------------------    -------------------
    SLICE_X84Y855        FDCE (Prop_DFF_SLICEM_C_Q)
                                                      0.078     5.310 r  i_dram_wrapper/gen_cdc.i_axi_cdc_mig/i_axi_cdc_dst/i_cdc_fifo_gray_dst_w/rptr_q_reg[0]/Q
                         net (fo=10, routed)          0.320     5.630    i_dram_wrapper/gen_cdc.i_axi_cdc_mig/i_axi_cdc_dst/i_cdc_fifo_gray_dst_w/i_rptr_g2b/A[0]
    SLICE_X85Y853        LUT6 (Prop_H6LUT_SLICEL_I3_O)
                                                      0.036     5.666 r  i_dram_wrapper/gen_cdc.i_axi_cdc_mig/i_axi_cdc_dst/i_cdc_fifo_gray_dst_w/i_rptr_g2b/Z[0]_INST_0/O
                         net (fo=4360, routed)        2.133     7.799    i_dram_wrapper/gen_cdc.i_axi_cdc_mig/i_axi_cdc_dst/i_cdc_fifo_gray_dst_w/rptr_next[0]
    SLICE_X151Y864       LUT6 (Prop_D6LUT_SLICEL_I4_O)
                                                      0.099     7.898 r  i_dram_wrapper/gen_cdc.i_axi_cdc_mig/i_axi_cdc_dst/i_cdc_fifo_gray_dst_w/i_spill_register_i_5687/O
                         net (fo=1, routed)           0.009     7.907    i_dram_wrapper/gen_cdc.i_axi_cdc_mig/i_axi_cdc_dst/i_cdc_fifo_gray_dst_w/i_spill_register_i_5687_n_0
    SLICE_X151Y864       MUXF7 (Prop_F7MUX_CD_SLICEL_I0_O)
                                                      0.063     7.970 r  i_dram_wrapper/gen_cdc.i_axi_cdc_mig/i_axi_cdc_dst/i_cdc_fifo_gray_dst_w/i_spill_register_i_1980/O
                         net (fo=1, routed)           0.263     8.233    i_dram_wrapper/gen_cdc.i_axi_cdc_mig/i_axi_cdc_dst/i_cdc_fifo_gray_dst_w/i_spill_register_i_1980_n_0
    SLICE_X147Y862       LUT6 (Prop_A6LUT_SLICEL_I5_O)
                                                      0.035     8.268 r  i_dram_wrapper/gen_cdc.i_axi_cdc_mig/i_axi_cdc_dst/i_cdc_fifo_gray_dst_w/i_spill_register_i_351/O
                         net (fo=1, routed)           0.048     8.316    i_dram_wrapper/gen_cdc.i_axi_cdc_mig/i_axi_cdc_dst/i_cdc_fifo_gray_dst_w/i_spill_register/spill_register_flushable_i/data_i[data][162]
    SLICE_X147Y862       FDCE                                         r  i_dram_wrapper/gen_cdc.i_axi_cdc_mig/i_axi_cdc_dst/i_cdc_fifo_gray_dst_w/i_spill_register/spill_register_flushable_i/gen_spill_reg.a_data_q_reg[data][162]/D
  -------------------------------------------------------------------    -------------------

                         (clock mmcm_clkout0 rise edge)
                                                      3.333     3.333 r  
    E12                                               0.000     3.333 r  sys_clk_p (IN)
                         net (fo=0)                   0.000     3.333    i_bufds_sys_clk/I
    HPIOBDIFFINBUF_X1Y300
                         DIFFINBUF (Prop_DIFFINBUF_HPIOBDIFFINBUF_DIFF_IN_P_O)
                                                      0.564     3.898 r  i_bufds_sys_clk/DIFFINBUF_INST/O
                         net (fo=1, routed)           0.040     3.938    i_bufds_sys_clk/OUT
    E12                  IBUFCTRL (Prop_IBUFCTRL_HPIOB_M_I_O)
                                                      0.000     3.938 r  i_bufds_sys_clk/IBUFCTRL_INST/O
                         net (fo=1, routed)           0.297     4.235    sys_clk
    BUFGCE_X1Y289        BUFGCE (Prop_BUFCE_BUFGCE_I_O)
                                                      0.024     4.259 r  sys_clk_BUFGCE_inst/O
                         net (fo=19, routed)          0.795     5.054    i_dram_wrapper/i_dram/inst/u_ddr4_infrastructure/mmcm_clk_in
    MMCM_X1Y13           MMCME4_ADV (Prop_MMCM_CLKIN1_CLKOUT0)
                                                      0.630     5.684 r  i_dram_wrapper/i_dram/inst/u_ddr4_infrastructure/gen_mmcme4.u_mmcme_adv_inst/CLKOUT0
                         net (fo=1, routed)           0.214     5.898    i_dram_wrapper/i_dram/inst/u_ddr4_infrastructure/mmcm_clkout0
    BUFGCE_X1Y332        BUFGCE (Prop_BUFCE_BUFGCE_I_O)
                                                      0.024     5.922 r  i_dram_wrapper/i_dram/inst/u_ddr4_infrastructure/u_bufg_divClk/O
    X4Y10 (CLOCK_ROOT)   net (fo=36296, routed)       2.504     8.426    i_dram_wrapper/gen_cdc.i_axi_cdc_mig/i_axi_cdc_dst/i_cdc_fifo_gray_dst_w/i_spill_register/spill_register_flushable_i/clk_i
    SLICE_X147Y862       FDCE                                         r  i_dram_wrapper/gen_cdc.i_axi_cdc_mig/i_axi_cdc_dst/i_cdc_fifo_gray_dst_w/i_spill_register/spill_register_flushable_i/gen_spill_reg.a_data_q_reg[data][162]/C
                         clock pessimism             -0.243     8.183    
                         clock uncertainty           -0.052     8.131    
    SLICE_X147Y862       FDCE (Setup_AFF_SLICEL_C_D)
                                                      0.025     8.156    i_dram_wrapper/gen_cdc.i_axi_cdc_mig/i_axi_cdc_dst/i_cdc_fifo_gray_dst_w/i_spill_register/spill_register_flushable_i/gen_spill_reg.a_data_q_reg[data][162]
  -------------------------------------------------------------------
                         required time                          8.156    
                         arrival time                          -8.316    
  -------------------------------------------------------------------
                         slack                                 -0.160    

Slack (VIOLATED) :        -0.160ns  (required time - arrival time)
  Source:                 i_dram_wrapper/gen_cdc.i_axi_cdc_mig/i_axi_cdc_dst/i_cdc_fifo_gray_dst_w/rptr_q_reg[0]/C
                            (rising edge-triggered cell FDCE clocked by mmcm_clkout0  {rise@0.000ns fall@1.667ns period=3.333ns})
  Destination:            i_dram_wrapper/gen_cdc.i_axi_cdc_mig/i_axi_cdc_dst/i_cdc_fifo_gray_dst_w/i_spill_register/spill_register_flushable_i/gen_spill_reg.a_data_q_reg[data][327]/D
                            (rising edge-triggered cell FDCE clocked by mmcm_clkout0  {rise@0.000ns fall@1.667ns period=3.333ns})
  Path Group:             mmcm_clkout0
  Path Type:              Setup (Max at Slow Process Corner)
  Requirement:            3.333ns  (mmcm_clkout0 rise@3.333ns - mmcm_clkout0 rise@0.000ns)
  Data Path Delay:        2.964ns  (logic 0.309ns (10.425%)  route 2.655ns (89.575%))
  Logic Levels:           4  (LUT6=3 MUXF7=1)
  Clock Path Skew:        -0.502ns (DCD - SCD + CPR)
    Destination Clock Delay (DCD):    5.025ns = ( 8.359 - 3.333 ) 
    Source Clock Delay      (SCD):    5.232ns
    Clock Pessimism Removal (CPR):    -0.296ns
  Clock Uncertainty:      0.052ns  ((TSJ^2 + DJ^2)^1/2) / 2 + PE
    Total System Jitter     (TSJ):    0.071ns
    Discrete Jitter          (DJ):    0.076ns
    Phase Error              (PE):    0.000ns
  Clock Net Delay (Source):      3.098ns (routing 1.274ns, distribution 1.824ns)
  Clock Net Delay (Destination): 2.437ns (routing 1.157ns, distribution 1.280ns)

    Location             Delay type                Incr(ns)  Path(ns)    Netlist Resource(s)
  -------------------------------------------------------------------    -------------------
                         (clock mmcm_clkout0 rise edge)
                                                      0.000     0.000 r  
    E12                                               0.000     0.000 r  sys_clk_p (IN)
                         net (fo=0)                   0.000     0.000    i_bufds_sys_clk/I
    HPIOBDIFFINBUF_X1Y300
                         DIFFINBUF (Prop_DIFFINBUF_HPIOBDIFFINBUF_DIFF_IN_P_O)
                                                      0.675     0.675 r  i_bufds_sys_clk/DIFFINBUF_INST/O
                         net (fo=1, routed)           0.050     0.725    i_bufds_sys_clk/OUT
    E12                  IBUFCTRL (Prop_IBUFCTRL_HPIOB_M_I_O)
                                                      0.000     0.725 r  i_bufds_sys_clk/IBUFCTRL_INST/O
                         net (fo=1, routed)           0.335     1.060    sys_clk
    BUFGCE_X1Y289        BUFGCE (Prop_BUFCE_BUFGCE_I_O)
                                                      0.028     1.088 r  sys_clk_BUFGCE_inst/O
                         net (fo=19, routed)          0.901     1.989    i_dram_wrapper/i_dram/inst/u_ddr4_infrastructure/mmcm_clk_in
    MMCM_X1Y13           MMCME4_ADV (Prop_MMCM_CLKIN1_CLKOUT0)
                                                     -0.127     1.862 r  i_dram_wrapper/i_dram/inst/u_ddr4_infrastructure/gen_mmcme4.u_mmcme_adv_inst/CLKOUT0
                         net (fo=1, routed)           0.244     2.106    i_dram_wrapper/i_dram/inst/u_ddr4_infrastructure/mmcm_clkout0
    BUFGCE_X1Y332        BUFGCE (Prop_BUFCE_BUFGCE_I_O)
                                                      0.028     2.134 r  i_dram_wrapper/i_dram/inst/u_ddr4_infrastructure/u_bufg_divClk/O
    X4Y10 (CLOCK_ROOT)   net (fo=36296, routed)       3.098     5.232    i_dram_wrapper/gen_cdc.i_axi_cdc_mig/i_axi_cdc_dst/i_cdc_fifo_gray_dst_w/dst_clk_i
    SLICE_X84Y855        FDCE                                         r  i_dram_wrapper/gen_cdc.i_axi_cdc_mig/i_axi_cdc_dst/i_cdc_fifo_gray_dst_w/rptr_q_reg[0]/C
  -------------------------------------------------------------------    -------------------
    SLICE_X84Y855        FDCE (Prop_DFF_SLICEM_C_Q)
                                                      0.078     5.310 r  i_dram_wrapper/gen_cdc.i_axi_cdc_mig/i_axi_cdc_dst/i_cdc_fifo_gray_dst_w/rptr_q_reg[0]/Q
                         net (fo=10, routed)          0.320     5.630    i_dram_wrapper/gen_cdc.i_axi_cdc_mig/i_axi_cdc_dst/i_cdc_fifo_gray_dst_w/i_rptr_g2b/A[0]
    SLICE_X85Y853        LUT6 (Prop_H6LUT_SLICEL_I3_O)
                                                      0.036     5.666 r  i_dram_wrapper/gen_cdc.i_axi_cdc_mig/i_axi_cdc_dst/i_cdc_fifo_gray_dst_w/i_rptr_g2b/Z[0]_INST_0/O
                         net (fo=4360, routed)        2.067     7.733    i_dram_wrapper/gen_cdc.i_axi_cdc_mig/i_axi_cdc_dst/i_cdc_fifo_gray_dst_w/rptr_next[0]
    SLICE_X138Y831       LUT6 (Prop_F6LUT_SLICEM_I4_O)
                                                      0.088     7.821 r  i_dram_wrapper/gen_cdc.i_axi_cdc_mig/i_axi_cdc_dst/i_cdc_fifo_gray_dst_w/i_spill_register_i_4367/O
                         net (fo=1, routed)           0.023     7.844    i_dram_wrapper/gen_cdc.i_axi_cdc_mig/i_axi_cdc_dst/i_cdc_fifo_gray_dst_w/i_spill_register_i_4367_n_0
    SLICE_X138Y831       MUXF7 (Prop_F7MUX_EF_SLICEM_I0_O)
                                                      0.068     7.912 r  i_dram_wrapper/gen_cdc.i_axi_cdc_mig/i_axi_cdc_dst/i_cdc_fifo_gray_dst_w/i_spill_register_i_1320/O
                         net (fo=1, routed)           0.187     8.099    i_dram_wrapper/gen_cdc.i_axi_cdc_mig/i_axi_cdc_dst/i_cdc_fifo_gray_dst_w/i_spill_register_i_1320_n_0
    SLICE_X138Y831       LUT6 (Prop_H6LUT_SLICEM_I5_O)
                                                      0.039     8.138 r  i_dram_wrapper/gen_cdc.i_axi_cdc_mig/i_axi_cdc_dst/i_cdc_fifo_gray_dst_w/i_spill_register_i_186/O
                         net (fo=1, routed)           0.058     8.196    i_dram_wrapper/gen_cdc.i_axi_cdc_mig/i_axi_cdc_dst/i_cdc_fifo_gray_dst_w/i_spill_register/spill_register_flushable_i/data_i[data][327]
    SLICE_X138Y831       FDCE                                         r  i_dram_wrapper/gen_cdc.i_axi_cdc_mig/i_axi_cdc_dst/i_cdc_fifo_gray_dst_w/i_spill_register/spill_register_flushable_i/gen_spill_reg.a_data_q_reg[data][327]/D
  -------------------------------------------------------------------    -------------------

                         (clock mmcm_clkout0 rise edge)
                                                      3.333     3.333 r  
    E12                                               0.000     3.333 r  sys_clk_p (IN)
                         net (fo=0)                   0.000     3.333    i_bufds_sys_clk/I
    HPIOBDIFFINBUF_X1Y300
                         DIFFINBUF (Prop_DIFFINBUF_HPIOBDIFFINBUF_DIFF_IN_P_O)
                                                      0.564     3.898 r  i_bufds_sys_clk/DIFFINBUF_INST/O
                         net (fo=1, routed)           0.040     3.938    i_bufds_sys_clk/OUT
    E12                  IBUFCTRL (Prop_IBUFCTRL_HPIOB_M_I_O)
                                                      0.000     3.938 r  i_bufds_sys_clk/IBUFCTRL_INST/O
                         net (fo=1, routed)           0.297     4.235    sys_clk
    BUFGCE_X1Y289        BUFGCE (Prop_BUFCE_BUFGCE_I_O)
                                                      0.024     4.259 r  sys_clk_BUFGCE_inst/O
                         net (fo=19, routed)          0.795     5.054    i_dram_wrapper/i_dram/inst/u_ddr4_infrastructure/mmcm_clk_in
    MMCM_X1Y13           MMCME4_ADV (Prop_MMCM_CLKIN1_CLKOUT0)
                                                      0.630     5.684 r  i_dram_wrapper/i_dram/inst/u_ddr4_infrastructure/gen_mmcme4.u_mmcme_adv_inst/CLKOUT0
                         net (fo=1, routed)           0.214     5.898    i_dram_wrapper/i_dram/inst/u_ddr4_infrastructure/mmcm_clkout0
    BUFGCE_X1Y332        BUFGCE (Prop_BUFCE_BUFGCE_I_O)
                                                      0.024     5.922 r  i_dram_wrapper/i_dram/inst/u_ddr4_infrastructure/u_bufg_divClk/O
    X4Y10 (CLOCK_ROOT)   net (fo=36296, routed)       2.437     8.359    i_dram_wrapper/gen_cdc.i_axi_cdc_mig/i_axi_cdc_dst/i_cdc_fifo_gray_dst_w/i_spill_register/spill_register_flushable_i/clk_i
    SLICE_X138Y831       FDCE                                         r  i_dram_wrapper/gen_cdc.i_axi_cdc_mig/i_axi_cdc_dst/i_cdc_fifo_gray_dst_w/i_spill_register/spill_register_flushable_i/gen_spill_reg.a_data_q_reg[data][327]/C
                         clock pessimism             -0.296     8.063    
                         clock uncertainty           -0.052     8.011    
    SLICE_X138Y831       FDCE (Setup_HFF_SLICEM_C_D)
                                                      0.025     8.036    i_dram_wrapper/gen_cdc.i_axi_cdc_mig/i_axi_cdc_dst/i_cdc_fifo_gray_dst_w/i_spill_register/spill_register_flushable_i/gen_spill_reg.a_data_q_reg[data][327]
  -------------------------------------------------------------------
                         required time                          8.036    
                         arrival time                          -8.196    
  -------------------------------------------------------------------
                         slack                                 -0.160    

Slack (VIOLATED) :        -0.159ns  (required time - arrival time)
  Source:                 i_dram_wrapper/gen_cdc.i_axi_cdc_mig/i_axi_cdc_dst/i_cdc_fifo_gray_dst_w/rptr_q_reg[0]/C
                            (rising edge-triggered cell FDCE clocked by mmcm_clkout0  {rise@0.000ns fall@1.667ns period=3.333ns})
  Destination:            i_dram_wrapper/gen_cdc.i_axi_cdc_mig/i_axi_cdc_dst/i_cdc_fifo_gray_dst_w/i_spill_register/spill_register_flushable_i/gen_spill_reg.a_data_q_reg[data][208]/D
                            (rising edge-triggered cell FDCE clocked by mmcm_clkout0  {rise@0.000ns fall@1.667ns period=3.333ns})
  Path Group:             mmcm_clkout0
  Path Type:              Setup (Max at Slow Process Corner)
  Requirement:            3.333ns  (mmcm_clkout0 rise@3.333ns - mmcm_clkout0 rise@0.000ns)
  Data Path Delay:        3.020ns  (logic 0.421ns (13.940%)  route 2.599ns (86.060%))
  Logic Levels:           4  (LUT6=3 MUXF7=1)
  Clock Path Skew:        -0.445ns (DCD - SCD + CPR)
    Destination Clock Delay (DCD):    5.031ns = ( 8.365 - 3.333 ) 
    Source Clock Delay      (SCD):    5.232ns
    Clock Pessimism Removal (CPR):    -0.245ns
  Clock Uncertainty:      0.052ns  ((TSJ^2 + DJ^2)^1/2) / 2 + PE
    Total System Jitter     (TSJ):    0.071ns
    Discrete Jitter          (DJ):    0.076ns
    Phase Error              (PE):    0.000ns
  Clock Net Delay (Source):      3.098ns (routing 1.274ns, distribution 1.824ns)
  Clock Net Delay (Destination): 2.443ns (routing 1.157ns, distribution 1.286ns)

    Location             Delay type                Incr(ns)  Path(ns)    Netlist Resource(s)
  -------------------------------------------------------------------    -------------------
                         (clock mmcm_clkout0 rise edge)
                                                      0.000     0.000 r  
    E12                                               0.000     0.000 r  sys_clk_p (IN)
                         net (fo=0)                   0.000     0.000    i_bufds_sys_clk/I
    HPIOBDIFFINBUF_X1Y300
                         DIFFINBUF (Prop_DIFFINBUF_HPIOBDIFFINBUF_DIFF_IN_P_O)
                                                      0.675     0.675 r  i_bufds_sys_clk/DIFFINBUF_INST/O
                         net (fo=1, routed)           0.050     0.725    i_bufds_sys_clk/OUT
    E12                  IBUFCTRL (Prop_IBUFCTRL_HPIOB_M_I_O)
                                                      0.000     0.725 r  i_bufds_sys_clk/IBUFCTRL_INST/O
                         net (fo=1, routed)           0.335     1.060    sys_clk
    BUFGCE_X1Y289        BUFGCE (Prop_BUFCE_BUFGCE_I_O)
                                                      0.028     1.088 r  sys_clk_BUFGCE_inst/O
                         net (fo=19, routed)          0.901     1.989    i_dram_wrapper/i_dram/inst/u_ddr4_infrastructure/mmcm_clk_in
    MMCM_X1Y13           MMCME4_ADV (Prop_MMCM_CLKIN1_CLKOUT0)
                                                     -0.127     1.862 r  i_dram_wrapper/i_dram/inst/u_ddr4_infrastructure/gen_mmcme4.u_mmcme_adv_inst/CLKOUT0
                         net (fo=1, routed)           0.244     2.106    i_dram_wrapper/i_dram/inst/u_ddr4_infrastructure/mmcm_clkout0
    BUFGCE_X1Y332        BUFGCE (Prop_BUFCE_BUFGCE_I_O)
                                                      0.028     2.134 r  i_dram_wrapper/i_dram/inst/u_ddr4_infrastructure/u_bufg_divClk/O
    X4Y10 (CLOCK_ROOT)   net (fo=36296, routed)       3.098     5.232    i_dram_wrapper/gen_cdc.i_axi_cdc_mig/i_axi_cdc_dst/i_cdc_fifo_gray_dst_w/dst_clk_i
    SLICE_X84Y855        FDCE                                         r  i_dram_wrapper/gen_cdc.i_axi_cdc_mig/i_axi_cdc_dst/i_cdc_fifo_gray_dst_w/rptr_q_reg[0]/C
  -------------------------------------------------------------------    -------------------
    SLICE_X84Y855        FDCE (Prop_DFF_SLICEM_C_Q)
                                                      0.078     5.310 r  i_dram_wrapper/gen_cdc.i_axi_cdc_mig/i_axi_cdc_dst/i_cdc_fifo_gray_dst_w/rptr_q_reg[0]/Q
                         net (fo=10, routed)          0.320     5.630    i_dram_wrapper/gen_cdc.i_axi_cdc_mig/i_axi_cdc_dst/i_cdc_fifo_gray_dst_w/i_rptr_g2b/A[0]
    SLICE_X85Y853        LUT6 (Prop_H6LUT_SLICEL_I3_O)
                                                      0.036     5.666 r  i_dram_wrapper/gen_cdc.i_axi_cdc_mig/i_axi_cdc_dst/i_cdc_fifo_gray_dst_w/i_rptr_g2b/Z[0]_INST_0/O
                         net (fo=4360, routed)        1.999     7.665    i_dram_wrapper/gen_cdc.i_axi_cdc_mig/i_axi_cdc_dst/i_cdc_fifo_gray_dst_w/rptr_next[0]
    SLICE_X137Y868       LUT6 (Prop_G6LUT_SLICEM_I4_O)
                                                      0.090     7.755 r  i_dram_wrapper/gen_cdc.i_axi_cdc_mig/i_axi_cdc_dst/i_cdc_fifo_gray_dst_w/i_spill_register_i_5316/O
                         net (fo=1, routed)           0.017     7.772    i_dram_wrapper/gen_cdc.i_axi_cdc_mig/i_axi_cdc_dst/i_cdc_fifo_gray_dst_w/i_spill_register_i_5316_n_0
    SLICE_X137Y868       MUXF7 (Prop_F7MUX_GH_SLICEM_I1_O)
                                                      0.067     7.839 r  i_dram_wrapper/gen_cdc.i_axi_cdc_mig/i_axi_cdc_dst/i_cdc_fifo_gray_dst_w/i_spill_register_i_1794/O
                         net (fo=1, routed)           0.204     8.043    i_dram_wrapper/gen_cdc.i_axi_cdc_mig/i_axi_cdc_dst/i_cdc_fifo_gray_dst_w/i_spill_register_i_1794_n_0
    SLICE_X137Y869       LUT6 (Prop_G6LUT_SLICEM_I1_O)
                                                      0.150     8.193 r  i_dram_wrapper/gen_cdc.i_axi_cdc_mig/i_axi_cdc_dst/i_cdc_fifo_gray_dst_w/i_spill_register_i_305/O
                         net (fo=1, routed)           0.059     8.252    i_dram_wrapper/gen_cdc.i_axi_cdc_mig/i_axi_cdc_dst/i_cdc_fifo_gray_dst_w/i_spill_register/spill_register_flushable_i/data_i[data][208]
    SLICE_X137Y869       FDCE                                         r  i_dram_wrapper/gen_cdc.i_axi_cdc_mig/i_axi_cdc_dst/i_cdc_fifo_gray_dst_w/i_spill_register/spill_register_flushable_i/gen_spill_reg.a_data_q_reg[data][208]/D
  -------------------------------------------------------------------    -------------------

                         (clock mmcm_clkout0 rise edge)
                                                      3.333     3.333 r  
    E12                                               0.000     3.333 r  sys_clk_p (IN)
                         net (fo=0)                   0.000     3.333    i_bufds_sys_clk/I
    HPIOBDIFFINBUF_X1Y300
                         DIFFINBUF (Prop_DIFFINBUF_HPIOBDIFFINBUF_DIFF_IN_P_O)
                                                      0.564     3.898 r  i_bufds_sys_clk/DIFFINBUF_INST/O
                         net (fo=1, routed)           0.040     3.938    i_bufds_sys_clk/OUT
    E12                  IBUFCTRL (Prop_IBUFCTRL_HPIOB_M_I_O)
                                                      0.000     3.938 r  i_bufds_sys_clk/IBUFCTRL_INST/O
                         net (fo=1, routed)           0.297     4.235    sys_clk
    BUFGCE_X1Y289        BUFGCE (Prop_BUFCE_BUFGCE_I_O)
                                                      0.024     4.259 r  sys_clk_BUFGCE_inst/O
                         net (fo=19, routed)          0.795     5.054    i_dram_wrapper/i_dram/inst/u_ddr4_infrastructure/mmcm_clk_in
    MMCM_X1Y13           MMCME4_ADV (Prop_MMCM_CLKIN1_CLKOUT0)
                                                      0.630     5.684 r  i_dram_wrapper/i_dram/inst/u_ddr4_infrastructure/gen_mmcme4.u_mmcme_adv_inst/CLKOUT0
                         net (fo=1, routed)           0.214     5.898    i_dram_wrapper/i_dram/inst/u_ddr4_infrastructure/mmcm_clkout0
    BUFGCE_X1Y332        BUFGCE (Prop_BUFCE_BUFGCE_I_O)
                                                      0.024     5.922 r  i_dram_wrapper/i_dram/inst/u_ddr4_infrastructure/u_bufg_divClk/O
    X4Y10 (CLOCK_ROOT)   net (fo=36296, routed)       2.443     8.365    i_dram_wrapper/gen_cdc.i_axi_cdc_mig/i_axi_cdc_dst/i_cdc_fifo_gray_dst_w/i_spill_register/spill_register_flushable_i/clk_i
    SLICE_X137Y869       FDCE                                         r  i_dram_wrapper/gen_cdc.i_axi_cdc_mig/i_axi_cdc_dst/i_cdc_fifo_gray_dst_w/i_spill_register/spill_register_flushable_i/gen_spill_reg.a_data_q_reg[data][208]/C
                         clock pessimism             -0.245     8.120    
                         clock uncertainty           -0.052     8.068    
    SLICE_X137Y869       FDCE (Setup_GFF_SLICEM_C_D)
                                                      0.025     8.093    i_dram_wrapper/gen_cdc.i_axi_cdc_mig/i_axi_cdc_dst/i_cdc_fifo_gray_dst_w/i_spill_register/spill_register_flushable_i/gen_spill_reg.a_data_q_reg[data][208]
  -------------------------------------------------------------------
                         required time                          8.093    
                         arrival time                          -8.252    
  -------------------------------------------------------------------
                         slack                                 -0.159    

Slack (VIOLATED) :        -0.159ns  (required time - arrival time)
  Source:                 i_dram_wrapper/i_ui_rstgen/i_rstgen_bypass/synch_regs_q_reg[3]/C
                            (rising edge-triggered cell FDCE clocked by mmcm_clkout0  {rise@0.000ns fall@1.667ns period=3.333ns})
  Destination:            i_dram_wrapper/gen_cdc.i_axi_cdc_mig/i_axi_cdc_dst/i_cdc_fifo_gray_src_r/gen_sync[0].i_sync/reg_q_reg[0]/CLR
                            (recovery check against rising-edge clock mmcm_clkout0  {rise@0.000ns fall@1.667ns period=3.333ns})
  Path Group:             **async_default**
  Path Type:              Recovery (Max at Slow Process Corner)
  Requirement:            3.333ns  (mmcm_clkout0 rise@3.333ns - mmcm_clkout0 rise@0.000ns)
  Data Path Delay:        2.999ns  (logic 0.325ns (10.837%)  route 2.674ns (89.163%))
  Logic Levels:           2  (BUFGCTRL=1 LUT1=1)
  Clock Path Skew:        -0.180ns (DCD - SCD + CPR)
    Destination Clock Delay (DCD):    5.045ns = ( 8.379 - 3.333 ) 
    Source Clock Delay      (SCD):    4.888ns
    Clock Pessimism Removal (CPR):    -0.338ns
  Clock Uncertainty:      0.052ns  ((TSJ^2 + DJ^2)^1/2) / 2 + PE
    Total System Jitter     (TSJ):    0.071ns
    Discrete Jitter          (DJ):    0.076ns
    Phase Error              (PE):    0.000ns
  Inter-SLR Compensation: 0.195ns  ((DCD - CCD) * PF)
    Destination Clock Delay (DCD):    5.045ns
    Common Clock Delay      (CCD):    3.745ns
    Prorating Factor         (PF):    0.150
  Clock Net Delay (Source):      2.754ns (routing 1.274ns, distribution 1.480ns)
  Clock Net Delay (Destination): 2.457ns (routing 1.157ns, distribution 1.300ns)

    Location             Delay type                Incr(ns)  Path(ns)    Netlist Resource(s)
  -------------------------------------------------------------------    -------------------
                         (clock mmcm_clkout0 rise edge)
                                                      0.000     0.000 r  
    E12                                               0.000     0.000 r  sys_clk_p (IN)
                         net (fo=0)                   0.000     0.000    i_bufds_sys_clk/I
    HPIOBDIFFINBUF_X1Y300
                         DIFFINBUF (Prop_DIFFINBUF_HPIOBDIFFINBUF_DIFF_IN_P_O)
                                                      0.675     0.675 r  i_bufds_sys_clk/DIFFINBUF_INST/O
                         net (fo=1, routed)           0.050     0.725    i_bufds_sys_clk/OUT
    E12                  IBUFCTRL (Prop_IBUFCTRL_HPIOB_M_I_O)
                                                      0.000     0.725 r  i_bufds_sys_clk/IBUFCTRL_INST/O
                         net (fo=1, routed)           0.335     1.060    sys_clk
    BUFGCE_X1Y289        BUFGCE (Prop_BUFCE_BUFGCE_I_O)
                                                      0.028     1.088 r  sys_clk_BUFGCE_inst/O
                         net (fo=19, routed)          0.901     1.989    i_dram_wrapper/i_dram/inst/u_ddr4_infrastructure/mmcm_clk_in
    MMCM_X1Y13           MMCME4_ADV (Prop_MMCM_CLKIN1_CLKOUT0)
                                                     -0.127     1.862 r  i_dram_wrapper/i_dram/inst/u_ddr4_infrastructure/gen_mmcme4.u_mmcme_adv_inst/CLKOUT0
                         net (fo=1, routed)           0.244     2.106    i_dram_wrapper/i_dram/inst/u_ddr4_infrastructure/mmcm_clkout0
    BUFGCE_X1Y332        BUFGCE (Prop_BUFCE_BUFGCE_I_O)
                                                      0.028     2.134 r  i_dram_wrapper/i_dram/inst/u_ddr4_infrastructure/u_bufg_divClk/O
    X4Y10 (CLOCK_ROOT)   net (fo=36296, routed)       2.754     4.888    i_dram_wrapper/i_ui_rstgen/i_rstgen_bypass/clk_i
    SLR Crossing[2->1]   
    SLICE_X112Y511       FDCE                                         r  i_dram_wrapper/i_ui_rstgen/i_rstgen_bypass/synch_regs_q_reg[3]/C
  -------------------------------------------------------------------    -------------------
    SLICE_X112Y511       FDCE (Prop_DFF2_SLICEL_C_Q)
                                                      0.081     4.969 r  i_dram_wrapper/i_ui_rstgen/i_rstgen_bypass/synch_regs_q_reg[3]/Q
                         net (fo=1, routed)           0.422     5.391    i_dram_wrapper/i_ui_rstgen/i_rstgen_bypass/i_tc_clk_mux2_rst_no/clk0_i
    BUFGCTRL_X1Y67       BUFGCTRL (Prop_BUFGCTRL_I0_O)
                                                      0.092     5.483 r  i_dram_wrapper/i_ui_rstgen/i_rstgen_bypass/i_tc_clk_mux2_rst_no/i_BUFGMUX/O
                         net (fo=18121, routed)       2.036     7.519    i_dram_wrapper/gen_cdc.i_axi_cdc_mig/i_axi_cdc_dst/i_cdc_fifo_gray_src_r/gen_sync[0].i_sync/rst_ni
    SLR Crossing[1->2]   
    SLICE_X125Y739       LUT1 (Prop_H6LUT_SLICEM_I0_O)
                                                      0.152     7.671 f  i_dram_wrapper/gen_cdc.i_axi_cdc_mig/i_axi_cdc_dst/i_cdc_fifo_gray_src_r/gen_sync[0].i_sync/reg_q[1]_i_1/O
                         net (fo=2, routed)           0.216     7.887    i_dram_wrapper/gen_cdc.i_axi_cdc_mig/i_axi_cdc_dst/i_cdc_fifo_gray_src_r/gen_sync[0].i_sync/reg_q[1]_i_1_n_0
    SLICE_X125Y739       FDCE                                         f  i_dram_wrapper/gen_cdc.i_axi_cdc_mig/i_axi_cdc_dst/i_cdc_fifo_gray_src_r/gen_sync[0].i_sync/reg_q_reg[0]/CLR
  -------------------------------------------------------------------    -------------------

                         (clock mmcm_clkout0 rise edge)
                                                      3.333     3.333 r  
    E12                                               0.000     3.333 r  sys_clk_p (IN)
                         net (fo=0)                   0.000     3.333    i_bufds_sys_clk/I
    HPIOBDIFFINBUF_X1Y300
                         DIFFINBUF (Prop_DIFFINBUF_HPIOBDIFFINBUF_DIFF_IN_P_O)
                                                      0.564     3.898 r  i_bufds_sys_clk/DIFFINBUF_INST/O
                         net (fo=1, routed)           0.040     3.938    i_bufds_sys_clk/OUT
    E12                  IBUFCTRL (Prop_IBUFCTRL_HPIOB_M_I_O)
                                                      0.000     3.938 r  i_bufds_sys_clk/IBUFCTRL_INST/O
                         net (fo=1, routed)           0.297     4.235    sys_clk
    BUFGCE_X1Y289        BUFGCE (Prop_BUFCE_BUFGCE_I_O)
                                                      0.024     4.259 r  sys_clk_BUFGCE_inst/O
                         net (fo=19, routed)          0.795     5.054    i_dram_wrapper/i_dram/inst/u_ddr4_infrastructure/mmcm_clk_in
    MMCM_X1Y13           MMCME4_ADV (Prop_MMCM_CLKIN1_CLKOUT0)
                                                      0.630     5.684 r  i_dram_wrapper/i_dram/inst/u_ddr4_infrastructure/gen_mmcme4.u_mmcme_adv_inst/CLKOUT0
                         net (fo=1, routed)           0.214     5.898    i_dram_wrapper/i_dram/inst/u_ddr4_infrastructure/mmcm_clkout0
    BUFGCE_X1Y332        BUFGCE (Prop_BUFCE_BUFGCE_I_O)
                                                      0.024     5.922 r  i_dram_wrapper/i_dram/inst/u_ddr4_infrastructure/u_bufg_divClk/O
    X4Y10 (CLOCK_ROOT)   net (fo=36296, routed)       2.457     8.379    i_dram_wrapper/gen_cdc.i_axi_cdc_mig/i_axi_cdc_dst/i_cdc_fifo_gray_src_r/gen_sync[0].i_sync/clk_i
    SLICE_X125Y739       FDCE                                         r  i_dram_wrapper/gen_cdc.i_axi_cdc_mig/i_axi_cdc_dst/i_cdc_fifo_gray_src_r/gen_sync[0].i_sync/reg_q_reg[0]/C
                         clock pessimism             -0.338     8.041    
                         inter-SLR compensation      -0.195     7.846    
                         clock uncertainty           -0.052     7.794    
    SLICE_X125Y739       FDCE (Recov_HFF2_SLICEM_C_CLR)
                                                     -0.066     7.728    i_dram_wrapper/gen_cdc.i_axi_cdc_mig/i_axi_cdc_dst/i_cdc_fifo_gray_src_r/gen_sync[0].i_sync/reg_q_reg[0]
  -------------------------------------------------------------------
                         required time                          7.728    
                         arrival time                          -7.887    
  -------------------------------------------------------------------
                         slack                                 -0.159    

Slack (VIOLATED) :        -0.159ns  (required time - arrival time)
  Source:                 i_dram_wrapper/i_ui_rstgen/i_rstgen_bypass/synch_regs_q_reg[3]/C
                            (rising edge-triggered cell FDCE clocked by mmcm_clkout0  {rise@0.000ns fall@1.667ns period=3.333ns})
  Destination:            i_dram_wrapper/gen_cdc.i_axi_cdc_mig/i_axi_cdc_dst/i_cdc_fifo_gray_src_r/gen_sync[0].i_sync/reg_q_reg[1]/CLR
                            (recovery check against rising-edge clock mmcm_clkout0  {rise@0.000ns fall@1.667ns period=3.333ns})
  Path Group:             **async_default**
  Path Type:              Recovery (Max at Slow Process Corner)
  Requirement:            3.333ns  (mmcm_clkout0 rise@3.333ns - mmcm_clkout0 rise@0.000ns)
  Data Path Delay:        2.999ns  (logic 0.325ns (10.837%)  route 2.674ns (89.163%))
  Logic Levels:           2  (BUFGCTRL=1 LUT1=1)
  Clock Path Skew:        -0.180ns (DCD - SCD + CPR)
    Destination Clock Delay (DCD):    5.045ns = ( 8.379 - 3.333 ) 
    Source Clock Delay      (SCD):    4.888ns
    Clock Pessimism Removal (CPR):    -0.338ns
  Clock Uncertainty:      0.052ns  ((TSJ^2 + DJ^2)^1/2) / 2 + PE
    Total System Jitter     (TSJ):    0.071ns
    Discrete Jitter          (DJ):    0.076ns
    Phase Error              (PE):    0.000ns
  Inter-SLR Compensation: 0.195ns  ((DCD - CCD) * PF)
    Destination Clock Delay (DCD):    5.045ns
    Common Clock Delay      (CCD):    3.745ns
    Prorating Factor         (PF):    0.150
  Clock Net Delay (Source):      2.754ns (routing 1.274ns, distribution 1.480ns)
  Clock Net Delay (Destination): 2.457ns (routing 1.157ns, distribution 1.300ns)

    Location             Delay type                Incr(ns)  Path(ns)    Netlist Resource(s)
  -------------------------------------------------------------------    -------------------
                         (clock mmcm_clkout0 rise edge)
                                                      0.000     0.000 r  
    E12                                               0.000     0.000 r  sys_clk_p (IN)
                         net (fo=0)                   0.000     0.000    i_bufds_sys_clk/I
    HPIOBDIFFINBUF_X1Y300
                         DIFFINBUF (Prop_DIFFINBUF_HPIOBDIFFINBUF_DIFF_IN_P_O)
                                                      0.675     0.675 r  i_bufds_sys_clk/DIFFINBUF_INST/O
                         net (fo=1, routed)           0.050     0.725    i_bufds_sys_clk/OUT
    E12                  IBUFCTRL (Prop_IBUFCTRL_HPIOB_M_I_O)
                                                      0.000     0.725 r  i_bufds_sys_clk/IBUFCTRL_INST/O
                         net (fo=1, routed)           0.335     1.060    sys_clk
    BUFGCE_X1Y289        BUFGCE (Prop_BUFCE_BUFGCE_I_O)
                                                      0.028     1.088 r  sys_clk_BUFGCE_inst/O
                         net (fo=19, routed)          0.901     1.989    i_dram_wrapper/i_dram/inst/u_ddr4_infrastructure/mmcm_clk_in
    MMCM_X1Y13           MMCME4_ADV (Prop_MMCM_CLKIN1_CLKOUT0)
                                                     -0.127     1.862 r  i_dram_wrapper/i_dram/inst/u_ddr4_infrastructure/gen_mmcme4.u_mmcme_adv_inst/CLKOUT0
                         net (fo=1, routed)           0.244     2.106    i_dram_wrapper/i_dram/inst/u_ddr4_infrastructure/mmcm_clkout0
    BUFGCE_X1Y332        BUFGCE (Prop_BUFCE_BUFGCE_I_O)
                                                      0.028     2.134 r  i_dram_wrapper/i_dram/inst/u_ddr4_infrastructure/u_bufg_divClk/O
    X4Y10 (CLOCK_ROOT)   net (fo=36296, routed)       2.754     4.888    i_dram_wrapper/i_ui_rstgen/i_rstgen_bypass/clk_i
    SLR Crossing[2->1]   
    SLICE_X112Y511       FDCE                                         r  i_dram_wrapper/i_ui_rstgen/i_rstgen_bypass/synch_regs_q_reg[3]/C
  -------------------------------------------------------------------    -------------------
    SLICE_X112Y511       FDCE (Prop_DFF2_SLICEL_C_Q)
                                                      0.081     4.969 r  i_dram_wrapper/i_ui_rstgen/i_rstgen_bypass/synch_regs_q_reg[3]/Q
                         net (fo=1, routed)           0.422     5.391    i_dram_wrapper/i_ui_rstgen/i_rstgen_bypass/i_tc_clk_mux2_rst_no/clk0_i
    BUFGCTRL_X1Y67       BUFGCTRL (Prop_BUFGCTRL_I0_O)
                                                      0.092     5.483 r  i_dram_wrapper/i_ui_rstgen/i_rstgen_bypass/i_tc_clk_mux2_rst_no/i_BUFGMUX/O
                         net (fo=18121, routed)       2.036     7.519    i_dram_wrapper/gen_cdc.i_axi_cdc_mig/i_axi_cdc_dst/i_cdc_fifo_gray_src_r/gen_sync[0].i_sync/rst_ni
    SLR Crossing[1->2]   
    SLICE_X125Y739       LUT1 (Prop_H6LUT_SLICEM_I0_O)
                                                      0.152     7.671 f  i_dram_wrapper/gen_cdc.i_axi_cdc_mig/i_axi_cdc_dst/i_cdc_fifo_gray_src_r/gen_sync[0].i_sync/reg_q[1]_i_1/O
                         net (fo=2, routed)           0.216     7.887    i_dram_wrapper/gen_cdc.i_axi_cdc_mig/i_axi_cdc_dst/i_cdc_fifo_gray_src_r/gen_sync[0].i_sync/reg_q[1]_i_1_n_0
    SLICE_X125Y739       FDCE                                         f  i_dram_wrapper/gen_cdc.i_axi_cdc_mig/i_axi_cdc_dst/i_cdc_fifo_gray_src_r/gen_sync[0].i_sync/reg_q_reg[1]/CLR
  -------------------------------------------------------------------    -------------------

                         (clock mmcm_clkout0 rise edge)
                                                      3.333     3.333 r  
    E12                                               0.000     3.333 r  sys_clk_p (IN)
                         net (fo=0)                   0.000     3.333    i_bufds_sys_clk/I
    HPIOBDIFFINBUF_X1Y300
                         DIFFINBUF (Prop_DIFFINBUF_HPIOBDIFFINBUF_DIFF_IN_P_O)
                                                      0.564     3.898 r  i_bufds_sys_clk/DIFFINBUF_INST/O
                         net (fo=1, routed)           0.040     3.938    i_bufds_sys_clk/OUT
    E12                  IBUFCTRL (Prop_IBUFCTRL_HPIOB_M_I_O)
                                                      0.000     3.938 r  i_bufds_sys_clk/IBUFCTRL_INST/O
                         net (fo=1, routed)           0.297     4.235    sys_clk
    BUFGCE_X1Y289        BUFGCE (Prop_BUFCE_BUFGCE_I_O)
                                                      0.024     4.259 r  sys_clk_BUFGCE_inst/O
                         net (fo=19, routed)          0.795     5.054    i_dram_wrapper/i_dram/inst/u_ddr4_infrastructure/mmcm_clk_in
    MMCM_X1Y13           MMCME4_ADV (Prop_MMCM_CLKIN1_CLKOUT0)
                                                      0.630     5.684 r  i_dram_wrapper/i_dram/inst/u_ddr4_infrastructure/gen_mmcme4.u_mmcme_adv_inst/CLKOUT0
                         net (fo=1, routed)           0.214     5.898    i_dram_wrapper/i_dram/inst/u_ddr4_infrastructure/mmcm_clkout0
    BUFGCE_X1Y332        BUFGCE (Prop_BUFCE_BUFGCE_I_O)
                                                      0.024     5.922 r  i_dram_wrapper/i_dram/inst/u_ddr4_infrastructure/u_bufg_divClk/O
    X4Y10 (CLOCK_ROOT)   net (fo=36296, routed)       2.457     8.379    i_dram_wrapper/gen_cdc.i_axi_cdc_mig/i_axi_cdc_dst/i_cdc_fifo_gray_src_r/gen_sync[0].i_sync/clk_i
    SLICE_X125Y739       FDCE                                         r  i_dram_wrapper/gen_cdc.i_axi_cdc_mig/i_axi_cdc_dst/i_cdc_fifo_gray_src_r/gen_sync[0].i_sync/reg_q_reg[1]/C
                         clock pessimism             -0.338     8.041    
                         inter-SLR compensation      -0.195     7.846    
                         clock uncertainty           -0.052     7.794    
    SLICE_X125Y739       FDCE (Recov_EFF2_SLICEM_C_CLR)
                                                     -0.066     7.728    i_dram_wrapper/gen_cdc.i_axi_cdc_mig/i_axi_cdc_dst/i_cdc_fifo_gray_src_r/gen_sync[0].i_sync/reg_q_reg[1]
  -------------------------------------------------------------------
                         required time                          7.728    
                         arrival time                          -7.887    
  -------------------------------------------------------------------
                         slack                                 -0.159    

Slack (VIOLATED) :        -0.158ns  (required time - arrival time)
  Source:                 i_dram_wrapper/gen_cdc.i_axi_cdc_mig/i_axi_cdc_dst/i_cdc_fifo_gray_dst_w/rptr_q_reg[4]/C
                            (rising edge-triggered cell FDCE clocked by mmcm_clkout0  {rise@0.000ns fall@1.667ns period=3.333ns})
  Destination:            i_dram_wrapper/gen_cdc.i_axi_cdc_mig/i_axi_cdc_dst/i_cdc_fifo_gray_dst_w/i_spill_register/spill_register_flushable_i/gen_spill_reg.a_data_q_reg[strb][49]/D
                            (rising edge-triggered cell FDCE clocked by mmcm_clkout0  {rise@0.000ns fall@1.667ns period=3.333ns})
  Path Group:             mmcm_clkout0
  Path Type:              Setup (Max at Slow Process Corner)
  Requirement:            3.333ns  (mmcm_clkout0 rise@3.333ns - mmcm_clkout0 rise@0.000ns)
  Data Path Delay:        3.115ns  (logic 0.373ns (11.974%)  route 2.742ns (88.026%))
  Logic Levels:           4  (LUT5=1 LUT6=2 MUXF7=1)
  Clock Path Skew:        -0.350ns (DCD - SCD + CPR)
    Destination Clock Delay (DCD):    5.125ns = ( 8.459 - 3.333 ) 
    Source Clock Delay      (SCD):    5.230ns
    Clock Pessimism Removal (CPR):    -0.245ns
  Clock Uncertainty:      0.052ns  ((TSJ^2 + DJ^2)^1/2) / 2 + PE
    Total System Jitter     (TSJ):    0.071ns
    Discrete Jitter          (DJ):    0.076ns
    Phase Error              (PE):    0.000ns
  Clock Net Delay (Source):      3.096ns (routing 1.274ns, distribution 1.822ns)
  Clock Net Delay (Destination): 2.537ns (routing 1.157ns, distribution 1.380ns)

    Location             Delay type                Incr(ns)  Path(ns)    Netlist Resource(s)
  -------------------------------------------------------------------    -------------------
                         (clock mmcm_clkout0 rise edge)
                                                      0.000     0.000 r  
    E12                                               0.000     0.000 r  sys_clk_p (IN)
                         net (fo=0)                   0.000     0.000    i_bufds_sys_clk/I
    HPIOBDIFFINBUF_X1Y300
                         DIFFINBUF (Prop_DIFFINBUF_HPIOBDIFFINBUF_DIFF_IN_P_O)
                                                      0.675     0.675 r  i_bufds_sys_clk/DIFFINBUF_INST/O
                         net (fo=1, routed)           0.050     0.725    i_bufds_sys_clk/OUT
    E12                  IBUFCTRL (Prop_IBUFCTRL_HPIOB_M_I_O)
                                                      0.000     0.725 r  i_bufds_sys_clk/IBUFCTRL_INST/O
                         net (fo=1, routed)           0.335     1.060    sys_clk
    BUFGCE_X1Y289        BUFGCE (Prop_BUFCE_BUFGCE_I_O)
                                                      0.028     1.088 r  sys_clk_BUFGCE_inst/O
                         net (fo=19, routed)          0.901     1.989    i_dram_wrapper/i_dram/inst/u_ddr4_infrastructure/mmcm_clk_in
    MMCM_X1Y13           MMCME4_ADV (Prop_MMCM_CLKIN1_CLKOUT0)
                                                     -0.127     1.862 r  i_dram_wrapper/i_dram/inst/u_ddr4_infrastructure/gen_mmcme4.u_mmcme_adv_inst/CLKOUT0
                         net (fo=1, routed)           0.244     2.106    i_dram_wrapper/i_dram/inst/u_ddr4_infrastructure/mmcm_clkout0
    BUFGCE_X1Y332        BUFGCE (Prop_BUFCE_BUFGCE_I_O)
                                                      0.028     2.134 r  i_dram_wrapper/i_dram/inst/u_ddr4_infrastructure/u_bufg_divClk/O
    X4Y10 (CLOCK_ROOT)   net (fo=36296, routed)       3.096     5.230    i_dram_wrapper/gen_cdc.i_axi_cdc_mig/i_axi_cdc_dst/i_cdc_fifo_gray_dst_w/dst_clk_i
    SLICE_X85Y855        FDCE                                         r  i_dram_wrapper/gen_cdc.i_axi_cdc_mig/i_axi_cdc_dst/i_cdc_fifo_gray_dst_w/rptr_q_reg[4]/C
  -------------------------------------------------------------------    -------------------
    SLICE_X85Y855        FDCE (Prop_GFF_SLICEL_C_Q)
                                                      0.079     5.309 r  i_dram_wrapper/gen_cdc.i_axi_cdc_mig/i_axi_cdc_dst/i_cdc_fifo_gray_dst_w/rptr_q_reg[4]/Q
                         net (fo=14, routed)          0.224     5.533    i_dram_wrapper/gen_cdc.i_axi_cdc_mig/i_axi_cdc_dst/i_cdc_fifo_gray_dst_w/i_rptr_g2b/A[4]
    SLICE_X85Y854        LUT5 (Prop_H6LUT_SLICEL_I3_O)
                                                      0.051     5.584 r  i_dram_wrapper/gen_cdc.i_axi_cdc_mig/i_axi_cdc_dst/i_cdc_fifo_gray_dst_w/i_rptr_g2b/Z[1]_INST_0/O
                         net (fo=4614, routed)        1.935     7.519    i_dram_wrapper/gen_cdc.i_axi_cdc_mig/i_axi_cdc_dst/i_cdc_fifo_gray_dst_w/rptr_bin[1]
    SLICE_X145Y852       LUT6 (Prop_H6LUT_SLICEL_I2_O)
                                                      0.090     7.609 r  i_dram_wrapper/gen_cdc.i_axi_cdc_mig/i_axi_cdc_dst/i_cdc_fifo_gray_dst_w/i_spill_register_i_7103/O
                         net (fo=1, routed)           0.010     7.619    i_dram_wrapper/gen_cdc.i_axi_cdc_mig/i_axi_cdc_dst/i_cdc_fifo_gray_dst_w/i_spill_register_i_7103_n_0
    SLICE_X145Y852       MUXF7 (Prop_F7MUX_GH_SLICEL_I0_O)
                                                      0.064     7.683 r  i_dram_wrapper/gen_cdc.i_axi_cdc_mig/i_axi_cdc_dst/i_cdc_fifo_gray_dst_w/i_spill_register_i_2688/O
                         net (fo=1, routed)           0.524     8.207    i_dram_wrapper/gen_cdc.i_axi_cdc_mig/i_axi_cdc_dst/i_cdc_fifo_gray_dst_w/i_spill_register_i_2688_n_0
    SLICE_X122Y853       LUT6 (Prop_D6LUT_SLICEL_I5_O)
                                                      0.089     8.296 r  i_dram_wrapper/gen_cdc.i_axi_cdc_mig/i_axi_cdc_dst/i_cdc_fifo_gray_dst_w/i_spill_register_i_528/O
                         net (fo=1, routed)           0.049     8.345    i_dram_wrapper/gen_cdc.i_axi_cdc_mig/i_axi_cdc_dst/i_cdc_fifo_gray_dst_w/i_spill_register/spill_register_flushable_i/data_i[strb][49]
    SLICE_X122Y853       FDCE                                         r  i_dram_wrapper/gen_cdc.i_axi_cdc_mig/i_axi_cdc_dst/i_cdc_fifo_gray_dst_w/i_spill_register/spill_register_flushable_i/gen_spill_reg.a_data_q_reg[strb][49]/D
  -------------------------------------------------------------------    -------------------

                         (clock mmcm_clkout0 rise edge)
                                                      3.333     3.333 r  
    E12                                               0.000     3.333 r  sys_clk_p (IN)
                         net (fo=0)                   0.000     3.333    i_bufds_sys_clk/I
    HPIOBDIFFINBUF_X1Y300
                         DIFFINBUF (Prop_DIFFINBUF_HPIOBDIFFINBUF_DIFF_IN_P_O)
                                                      0.564     3.898 r  i_bufds_sys_clk/DIFFINBUF_INST/O
                         net (fo=1, routed)           0.040     3.938    i_bufds_sys_clk/OUT
    E12                  IBUFCTRL (Prop_IBUFCTRL_HPIOB_M_I_O)
                                                      0.000     3.938 r  i_bufds_sys_clk/IBUFCTRL_INST/O
                         net (fo=1, routed)           0.297     4.235    sys_clk
    BUFGCE_X1Y289        BUFGCE (Prop_BUFCE_BUFGCE_I_O)
                                                      0.024     4.259 r  sys_clk_BUFGCE_inst/O
                         net (fo=19, routed)          0.795     5.054    i_dram_wrapper/i_dram/inst/u_ddr4_infrastructure/mmcm_clk_in
    MMCM_X1Y13           MMCME4_ADV (Prop_MMCM_CLKIN1_CLKOUT0)
                                                      0.630     5.684 r  i_dram_wrapper/i_dram/inst/u_ddr4_infrastructure/gen_mmcme4.u_mmcme_adv_inst/CLKOUT0
                         net (fo=1, routed)           0.214     5.898    i_dram_wrapper/i_dram/inst/u_ddr4_infrastructure/mmcm_clkout0
    BUFGCE_X1Y332        BUFGCE (Prop_BUFCE_BUFGCE_I_O)
                                                      0.024     5.922 r  i_dram_wrapper/i_dram/inst/u_ddr4_infrastructure/u_bufg_divClk/O
    X4Y10 (CLOCK_ROOT)   net (fo=36296, routed)       2.537     8.459    i_dram_wrapper/gen_cdc.i_axi_cdc_mig/i_axi_cdc_dst/i_cdc_fifo_gray_dst_w/i_spill_register/spill_register_flushable_i/clk_i
    SLICE_X122Y853       FDCE                                         r  i_dram_wrapper/gen_cdc.i_axi_cdc_mig/i_axi_cdc_dst/i_cdc_fifo_gray_dst_w/i_spill_register/spill_register_flushable_i/gen_spill_reg.a_data_q_reg[strb][49]/C
                         clock pessimism             -0.245     8.213    
                         clock uncertainty           -0.052     8.161    
    SLICE_X122Y853       FDCE (Setup_DFF_SLICEL_C_D)
                                                      0.025     8.186    i_dram_wrapper/gen_cdc.i_axi_cdc_mig/i_axi_cdc_dst/i_cdc_fifo_gray_dst_w/i_spill_register/spill_register_flushable_i/gen_spill_reg.a_data_q_reg[strb][49]
  -------------------------------------------------------------------
                         required time                          8.186    
                         arrival time                          -8.345    
  -------------------------------------------------------------------
                         slack                                 -0.158    

Slack (VIOLATED) :        -0.156ns  (required time - arrival time)
  Source:                 i_dram_wrapper/gen_cdc.i_axi_cdc_mig/i_axi_cdc_dst/i_cdc_fifo_gray_dst_w/rptr_q_reg[0]/C
                            (rising edge-triggered cell FDCE clocked by mmcm_clkout0  {rise@0.000ns fall@1.667ns period=3.333ns})
  Destination:            i_dram_wrapper/gen_cdc.i_axi_cdc_mig/i_axi_cdc_dst/i_cdc_fifo_gray_dst_w/i_spill_register/spill_register_flushable_i/gen_spill_reg.a_data_q_reg[data][274]/D
                            (rising edge-triggered cell FDCE clocked by mmcm_clkout0  {rise@0.000ns fall@1.667ns period=3.333ns})
  Path Group:             mmcm_clkout0
  Path Type:              Setup (Max at Slow Process Corner)
  Requirement:            3.333ns  (mmcm_clkout0 rise@3.333ns - mmcm_clkout0 rise@0.000ns)
  Data Path Delay:        3.067ns  (logic 0.334ns (10.890%)  route 2.733ns (89.110%))
  Logic Levels:           4  (LUT6=3 MUXF7=1)
  Clock Path Skew:        -0.395ns (DCD - SCD + CPR)
    Destination Clock Delay (DCD):    5.079ns = ( 8.413 - 3.333 ) 
    Source Clock Delay      (SCD):    5.232ns
    Clock Pessimism Removal (CPR):    -0.243ns
  Clock Uncertainty:      0.052ns  ((TSJ^2 + DJ^2)^1/2) / 2 + PE
    Total System Jitter     (TSJ):    0.071ns
    Discrete Jitter          (DJ):    0.076ns
    Phase Error              (PE):    0.000ns
  Clock Net Delay (Source):      3.098ns (routing 1.274ns, distribution 1.824ns)
  Clock Net Delay (Destination): 2.491ns (routing 1.157ns, distribution 1.334ns)

    Location             Delay type                Incr(ns)  Path(ns)    Netlist Resource(s)
  -------------------------------------------------------------------    -------------------
                         (clock mmcm_clkout0 rise edge)
                                                      0.000     0.000 r  
    E12                                               0.000     0.000 r  sys_clk_p (IN)
                         net (fo=0)                   0.000     0.000    i_bufds_sys_clk/I
    HPIOBDIFFINBUF_X1Y300
                         DIFFINBUF (Prop_DIFFINBUF_HPIOBDIFFINBUF_DIFF_IN_P_O)
                                                      0.675     0.675 r  i_bufds_sys_clk/DIFFINBUF_INST/O
                         net (fo=1, routed)           0.050     0.725    i_bufds_sys_clk/OUT
    E12                  IBUFCTRL (Prop_IBUFCTRL_HPIOB_M_I_O)
                                                      0.000     0.725 r  i_bufds_sys_clk/IBUFCTRL_INST/O
                         net (fo=1, routed)           0.335     1.060    sys_clk
    BUFGCE_X1Y289        BUFGCE (Prop_BUFCE_BUFGCE_I_O)
                                                      0.028     1.088 r  sys_clk_BUFGCE_inst/O
                         net (fo=19, routed)          0.901     1.989    i_dram_wrapper/i_dram/inst/u_ddr4_infrastructure/mmcm_clk_in
    MMCM_X1Y13           MMCME4_ADV (Prop_MMCM_CLKIN1_CLKOUT0)
                                                     -0.127     1.862 r  i_dram_wrapper/i_dram/inst/u_ddr4_infrastructure/gen_mmcme4.u_mmcme_adv_inst/CLKOUT0
                         net (fo=1, routed)           0.244     2.106    i_dram_wrapper/i_dram/inst/u_ddr4_infrastructure/mmcm_clkout0
    BUFGCE_X1Y332        BUFGCE (Prop_BUFCE_BUFGCE_I_O)
                                                      0.028     2.134 r  i_dram_wrapper/i_dram/inst/u_ddr4_infrastructure/u_bufg_divClk/O
    X4Y10 (CLOCK_ROOT)   net (fo=36296, routed)       3.098     5.232    i_dram_wrapper/gen_cdc.i_axi_cdc_mig/i_axi_cdc_dst/i_cdc_fifo_gray_dst_w/dst_clk_i
    SLICE_X84Y855        FDCE                                         r  i_dram_wrapper/gen_cdc.i_axi_cdc_mig/i_axi_cdc_dst/i_cdc_fifo_gray_dst_w/rptr_q_reg[0]/C
  -------------------------------------------------------------------    -------------------
    SLICE_X84Y855        FDCE (Prop_DFF_SLICEM_C_Q)
                                                      0.078     5.310 r  i_dram_wrapper/gen_cdc.i_axi_cdc_mig/i_axi_cdc_dst/i_cdc_fifo_gray_dst_w/rptr_q_reg[0]/Q
                         net (fo=10, routed)          0.320     5.630    i_dram_wrapper/gen_cdc.i_axi_cdc_mig/i_axi_cdc_dst/i_cdc_fifo_gray_dst_w/i_rptr_g2b/A[0]
    SLICE_X85Y853        LUT6 (Prop_H6LUT_SLICEL_I3_O)
                                                      0.036     5.666 r  i_dram_wrapper/gen_cdc.i_axi_cdc_mig/i_axi_cdc_dst/i_cdc_fifo_gray_dst_w/i_rptr_g2b/Z[0]_INST_0/O
                         net (fo=4360, routed)        2.129     7.795    i_dram_wrapper/gen_cdc.i_axi_cdc_mig/i_axi_cdc_dst/i_cdc_fifo_gray_dst_w/rptr_next[0]
    SLICE_X142Y871       LUT6 (Prop_B6LUT_SLICEM_I4_O)
                                                      0.100     7.895 r  i_dram_wrapper/gen_cdc.i_axi_cdc_mig/i_axi_cdc_dst/i_cdc_fifo_gray_dst_w/i_spill_register_i_4791/O
                         net (fo=1, routed)           0.017     7.912    i_dram_wrapper/gen_cdc.i_axi_cdc_mig/i_axi_cdc_dst/i_cdc_fifo_gray_dst_w/i_spill_register_i_4791_n_0
    SLICE_X142Y871       MUXF7 (Prop_F7MUX_AB_SLICEM_I0_O)
                                                      0.067     7.979 r  i_dram_wrapper/gen_cdc.i_axi_cdc_mig/i_axi_cdc_dst/i_cdc_fifo_gray_dst_w/i_spill_register_i_1532/O
                         net (fo=1, routed)           0.209     8.188    i_dram_wrapper/gen_cdc.i_axi_cdc_mig/i_axi_cdc_dst/i_cdc_fifo_gray_dst_w/i_spill_register_i_1532_n_0
    SLICE_X142Y871       LUT6 (Prop_H6LUT_SLICEM_I5_O)
                                                      0.053     8.241 r  i_dram_wrapper/gen_cdc.i_axi_cdc_mig/i_axi_cdc_dst/i_cdc_fifo_gray_dst_w/i_spill_register_i_239/O
                         net (fo=1, routed)           0.058     8.299    i_dram_wrapper/gen_cdc.i_axi_cdc_mig/i_axi_cdc_dst/i_cdc_fifo_gray_dst_w/i_spill_register/spill_register_flushable_i/data_i[data][274]
    SLICE_X142Y871       FDCE                                         r  i_dram_wrapper/gen_cdc.i_axi_cdc_mig/i_axi_cdc_dst/i_cdc_fifo_gray_dst_w/i_spill_register/spill_register_flushable_i/gen_spill_reg.a_data_q_reg[data][274]/D
  -------------------------------------------------------------------    -------------------

                         (clock mmcm_clkout0 rise edge)
                                                      3.333     3.333 r  
    E12                                               0.000     3.333 r  sys_clk_p (IN)
                         net (fo=0)                   0.000     3.333    i_bufds_sys_clk/I
    HPIOBDIFFINBUF_X1Y300
                         DIFFINBUF (Prop_DIFFINBUF_HPIOBDIFFINBUF_DIFF_IN_P_O)
                                                      0.564     3.898 r  i_bufds_sys_clk/DIFFINBUF_INST/O
                         net (fo=1, routed)           0.040     3.938    i_bufds_sys_clk/OUT
    E12                  IBUFCTRL (Prop_IBUFCTRL_HPIOB_M_I_O)
                                                      0.000     3.938 r  i_bufds_sys_clk/IBUFCTRL_INST/O
                         net (fo=1, routed)           0.297     4.235    sys_clk
    BUFGCE_X1Y289        BUFGCE (Prop_BUFCE_BUFGCE_I_O)
                                                      0.024     4.259 r  sys_clk_BUFGCE_inst/O
                         net (fo=19, routed)          0.795     5.054    i_dram_wrapper/i_dram/inst/u_ddr4_infrastructure/mmcm_clk_in
    MMCM_X1Y13           MMCME4_ADV (Prop_MMCM_CLKIN1_CLKOUT0)
                                                      0.630     5.684 r  i_dram_wrapper/i_dram/inst/u_ddr4_infrastructure/gen_mmcme4.u_mmcme_adv_inst/CLKOUT0
                         net (fo=1, routed)           0.214     5.898    i_dram_wrapper/i_dram/inst/u_ddr4_infrastructure/mmcm_clkout0
    BUFGCE_X1Y332        BUFGCE (Prop_BUFCE_BUFGCE_I_O)
                                                      0.024     5.922 r  i_dram_wrapper/i_dram/inst/u_ddr4_infrastructure/u_bufg_divClk/O
    X4Y10 (CLOCK_ROOT)   net (fo=36296, routed)       2.491     8.413    i_dram_wrapper/gen_cdc.i_axi_cdc_mig/i_axi_cdc_dst/i_cdc_fifo_gray_dst_w/i_spill_register/spill_register_flushable_i/clk_i
    SLICE_X142Y871       FDCE                                         r  i_dram_wrapper/gen_cdc.i_axi_cdc_mig/i_axi_cdc_dst/i_cdc_fifo_gray_dst_w/i_spill_register/spill_register_flushable_i/gen_spill_reg.a_data_q_reg[data][274]/C
                         clock pessimism             -0.243     8.170    
                         clock uncertainty           -0.052     8.118    
    SLICE_X142Y871       FDCE (Setup_HFF_SLICEM_C_D)
                                                      0.025     8.143    i_dram_wrapper/gen_cdc.i_axi_cdc_mig/i_axi_cdc_dst/i_cdc_fifo_gray_dst_w/i_spill_register/spill_register_flushable_i/gen_spill_reg.a_data_q_reg[data][274]
  -------------------------------------------------------------------
                         required time                          8.143    
                         arrival time                          -8.299    
  -------------------------------------------------------------------
                         slack                                 -0.156    

Slack (VIOLATED) :        -0.152ns  (required time - arrival time)
  Source:                 i_dram_wrapper/gen_cdc.i_axi_cdc_mig/i_axi_cdc_dst/i_cdc_fifo_gray_dst_w/rptr_q_reg[0]/C
                            (rising edge-triggered cell FDCE clocked by mmcm_clkout0  {rise@0.000ns fall@1.667ns period=3.333ns})
  Destination:            i_dram_wrapper/gen_cdc.i_axi_cdc_mig/i_axi_cdc_dst/i_cdc_fifo_gray_dst_w/i_spill_register/spill_register_flushable_i/gen_spill_reg.a_data_q_reg[data][456]/D
                            (rising edge-triggered cell FDCE clocked by mmcm_clkout0  {rise@0.000ns fall@1.667ns period=3.333ns})
  Path Group:             mmcm_clkout0
  Path Type:              Setup (Max at Slow Process Corner)
  Requirement:            3.333ns  (mmcm_clkout0 rise@3.333ns - mmcm_clkout0 rise@0.000ns)
  Data Path Delay:        3.036ns  (logic 0.330ns (10.870%)  route 2.706ns (89.130%))
  Logic Levels:           4  (LUT6=3 MUXF7=1)
  Clock Path Skew:        -0.422ns (DCD - SCD + CPR)
    Destination Clock Delay (DCD):    5.054ns = ( 8.388 - 3.333 ) 
    Source Clock Delay      (SCD):    5.232ns
    Clock Pessimism Removal (CPR):    -0.245ns
  Clock Uncertainty:      0.052ns  ((TSJ^2 + DJ^2)^1/2) / 2 + PE
    Total System Jitter     (TSJ):    0.071ns
    Discrete Jitter          (DJ):    0.076ns
    Phase Error              (PE):    0.000ns
  Clock Net Delay (Source):      3.098ns (routing 1.274ns, distribution 1.824ns)
  Clock Net Delay (Destination): 2.466ns (routing 1.157ns, distribution 1.309ns)

    Location             Delay type                Incr(ns)  Path(ns)    Netlist Resource(s)
  -------------------------------------------------------------------    -------------------
                         (clock mmcm_clkout0 rise edge)
                                                      0.000     0.000 r  
    E12                                               0.000     0.000 r  sys_clk_p (IN)
                         net (fo=0)                   0.000     0.000    i_bufds_sys_clk/I
    HPIOBDIFFINBUF_X1Y300
                         DIFFINBUF (Prop_DIFFINBUF_HPIOBDIFFINBUF_DIFF_IN_P_O)
                                                      0.675     0.675 r  i_bufds_sys_clk/DIFFINBUF_INST/O
                         net (fo=1, routed)           0.050     0.725    i_bufds_sys_clk/OUT
    E12                  IBUFCTRL (Prop_IBUFCTRL_HPIOB_M_I_O)
                                                      0.000     0.725 r  i_bufds_sys_clk/IBUFCTRL_INST/O
                         net (fo=1, routed)           0.335     1.060    sys_clk
    BUFGCE_X1Y289        BUFGCE (Prop_BUFCE_BUFGCE_I_O)
                                                      0.028     1.088 r  sys_clk_BUFGCE_inst/O
                         net (fo=19, routed)          0.901     1.989    i_dram_wrapper/i_dram/inst/u_ddr4_infrastructure/mmcm_clk_in
    MMCM_X1Y13           MMCME4_ADV (Prop_MMCM_CLKIN1_CLKOUT0)
                                                     -0.127     1.862 r  i_dram_wrapper/i_dram/inst/u_ddr4_infrastructure/gen_mmcme4.u_mmcme_adv_inst/CLKOUT0
                         net (fo=1, routed)           0.244     2.106    i_dram_wrapper/i_dram/inst/u_ddr4_infrastructure/mmcm_clkout0
    BUFGCE_X1Y332        BUFGCE (Prop_BUFCE_BUFGCE_I_O)
                                                      0.028     2.134 r  i_dram_wrapper/i_dram/inst/u_ddr4_infrastructure/u_bufg_divClk/O
    X4Y10 (CLOCK_ROOT)   net (fo=36296, routed)       3.098     5.232    i_dram_wrapper/gen_cdc.i_axi_cdc_mig/i_axi_cdc_dst/i_cdc_fifo_gray_dst_w/dst_clk_i
    SLICE_X84Y855        FDCE                                         r  i_dram_wrapper/gen_cdc.i_axi_cdc_mig/i_axi_cdc_dst/i_cdc_fifo_gray_dst_w/rptr_q_reg[0]/C
  -------------------------------------------------------------------    -------------------
    SLICE_X84Y855        FDCE (Prop_DFF_SLICEM_C_Q)
                                                      0.078     5.310 r  i_dram_wrapper/gen_cdc.i_axi_cdc_mig/i_axi_cdc_dst/i_cdc_fifo_gray_dst_w/rptr_q_reg[0]/Q
                         net (fo=10, routed)          0.320     5.630    i_dram_wrapper/gen_cdc.i_axi_cdc_mig/i_axi_cdc_dst/i_cdc_fifo_gray_dst_w/i_rptr_g2b/A[0]
    SLICE_X85Y853        LUT6 (Prop_H6LUT_SLICEL_I3_O)
                                                      0.036     5.666 r  i_dram_wrapper/gen_cdc.i_axi_cdc_mig/i_axi_cdc_dst/i_cdc_fifo_gray_dst_w/i_rptr_g2b/Z[0]_INST_0/O
                         net (fo=4360, routed)        2.051     7.717    i_dram_wrapper/gen_cdc.i_axi_cdc_mig/i_axi_cdc_dst/i_cdc_fifo_gray_dst_w/rptr_next[0]
    SLICE_X131Y861       LUT6 (Prop_E6LUT_SLICEM_I4_O)
                                                      0.052     7.769 r  i_dram_wrapper/gen_cdc.i_axi_cdc_mig/i_axi_cdc_dst/i_cdc_fifo_gray_dst_w/i_spill_register_i_3336/O
                         net (fo=1, routed)           0.012     7.781    i_dram_wrapper/gen_cdc.i_axi_cdc_mig/i_axi_cdc_dst/i_cdc_fifo_gray_dst_w/i_spill_register_i_3336_n_0
    SLICE_X131Y861       MUXF7 (Prop_F7MUX_EF_SLICEM_I1_O)
                                                      0.066     7.847 r  i_dram_wrapper/gen_cdc.i_axi_cdc_mig/i_axi_cdc_dst/i_cdc_fifo_gray_dst_w/i_spill_register_i_804/O
                         net (fo=1, routed)           0.257     8.104    i_dram_wrapper/gen_cdc.i_axi_cdc_mig/i_axi_cdc_dst/i_cdc_fifo_gray_dst_w/i_spill_register_i_804_n_0
    SLICE_X131Y869       LUT6 (Prop_C6LUT_SLICEM_I5_O)
                                                      0.098     8.202 r  i_dram_wrapper/gen_cdc.i_axi_cdc_mig/i_axi_cdc_dst/i_cdc_fifo_gray_dst_w/i_spill_register_i_57/O
                         net (fo=1, routed)           0.066     8.268    i_dram_wrapper/gen_cdc.i_axi_cdc_mig/i_axi_cdc_dst/i_cdc_fifo_gray_dst_w/i_spill_register/spill_register_flushable_i/data_i[data][456]
    SLICE_X131Y869       FDCE                                         r  i_dram_wrapper/gen_cdc.i_axi_cdc_mig/i_axi_cdc_dst/i_cdc_fifo_gray_dst_w/i_spill_register/spill_register_flushable_i/gen_spill_reg.a_data_q_reg[data][456]/D
  -------------------------------------------------------------------    -------------------

                         (clock mmcm_clkout0 rise edge)
                                                      3.333     3.333 r  
    E12                                               0.000     3.333 r  sys_clk_p (IN)
                         net (fo=0)                   0.000     3.333    i_bufds_sys_clk/I
    HPIOBDIFFINBUF_X1Y300
                         DIFFINBUF (Prop_DIFFINBUF_HPIOBDIFFINBUF_DIFF_IN_P_O)
                                                      0.564     3.898 r  i_bufds_sys_clk/DIFFINBUF_INST/O
                         net (fo=1, routed)           0.040     3.938    i_bufds_sys_clk/OUT
    E12                  IBUFCTRL (Prop_IBUFCTRL_HPIOB_M_I_O)
                                                      0.000     3.938 r  i_bufds_sys_clk/IBUFCTRL_INST/O
                         net (fo=1, routed)           0.297     4.235    sys_clk
    BUFGCE_X1Y289        BUFGCE (Prop_BUFCE_BUFGCE_I_O)
                                                      0.024     4.259 r  sys_clk_BUFGCE_inst/O
                         net (fo=19, routed)          0.795     5.054    i_dram_wrapper/i_dram/inst/u_ddr4_infrastructure/mmcm_clk_in
    MMCM_X1Y13           MMCME4_ADV (Prop_MMCM_CLKIN1_CLKOUT0)
                                                      0.630     5.684 r  i_dram_wrapper/i_dram/inst/u_ddr4_infrastructure/gen_mmcme4.u_mmcme_adv_inst/CLKOUT0
                         net (fo=1, routed)           0.214     5.898    i_dram_wrapper/i_dram/inst/u_ddr4_infrastructure/mmcm_clkout0
    BUFGCE_X1Y332        BUFGCE (Prop_BUFCE_BUFGCE_I_O)
                                                      0.024     5.922 r  i_dram_wrapper/i_dram/inst/u_ddr4_infrastructure/u_bufg_divClk/O
    X4Y10 (CLOCK_ROOT)   net (fo=36296, routed)       2.466     8.388    i_dram_wrapper/gen_cdc.i_axi_cdc_mig/i_axi_cdc_dst/i_cdc_fifo_gray_dst_w/i_spill_register/spill_register_flushable_i/clk_i
    SLICE_X131Y869       FDCE                                         r  i_dram_wrapper/gen_cdc.i_axi_cdc_mig/i_axi_cdc_dst/i_cdc_fifo_gray_dst_w/i_spill_register/spill_register_flushable_i/gen_spill_reg.a_data_q_reg[data][456]/C
                         clock pessimism             -0.245     8.143    
                         clock uncertainty           -0.052     8.091    
    SLICE_X131Y869       FDCE (Setup_CFF_SLICEM_C_D)
                                                      0.025     8.116    i_dram_wrapper/gen_cdc.i_axi_cdc_mig/i_axi_cdc_dst/i_cdc_fifo_gray_dst_w/i_spill_register/spill_register_flushable_i/gen_spill_reg.a_data_q_reg[data][456]
  -------------------------------------------------------------------
                         required time                          8.116    
                         arrival time                          -8.268    
  -------------------------------------------------------------------
                         slack                                 -0.152    

Slack (VIOLATED) :        -0.150ns  (required time - arrival time)
  Source:                 i_dram_wrapper/gen_cdc.i_axi_cdc_mig/i_axi_cdc_dst/i_cdc_fifo_gray_dst_w/rptr_q_reg[4]/C
                            (rising edge-triggered cell FDCE clocked by mmcm_clkout0  {rise@0.000ns fall@1.667ns period=3.333ns})
  Destination:            i_dram_wrapper/gen_cdc.i_axi_cdc_mig/i_axi_cdc_dst/i_cdc_fifo_gray_dst_w/i_spill_register/spill_register_flushable_i/gen_spill_reg.a_data_q_reg[data][378]/D
                            (rising edge-triggered cell FDCE clocked by mmcm_clkout0  {rise@0.000ns fall@1.667ns period=3.333ns})
  Path Group:             mmcm_clkout0
  Path Type:              Setup (Max at Slow Process Corner)
  Requirement:            3.333ns  (mmcm_clkout0 rise@3.333ns - mmcm_clkout0 rise@0.000ns)
  Data Path Delay:        2.993ns  (logic 0.325ns (10.859%)  route 2.668ns (89.141%))
  Logic Levels:           4  (LUT5=1 LUT6=2 MUXF7=1)
  Clock Path Skew:        -0.463ns (DCD - SCD + CPR)
    Destination Clock Delay (DCD):    5.062ns = ( 8.396 - 3.333 ) 
    Source Clock Delay      (SCD):    5.230ns
    Clock Pessimism Removal (CPR):    -0.296ns
  Clock Uncertainty:      0.052ns  ((TSJ^2 + DJ^2)^1/2) / 2 + PE
    Total System Jitter     (TSJ):    0.071ns
    Discrete Jitter          (DJ):    0.076ns
    Phase Error              (PE):    0.000ns
  Clock Net Delay (Source):      3.096ns (routing 1.274ns, distribution 1.822ns)
  Clock Net Delay (Destination): 2.474ns (routing 1.157ns, distribution 1.317ns)

    Location             Delay type                Incr(ns)  Path(ns)    Netlist Resource(s)
  -------------------------------------------------------------------    -------------------
                         (clock mmcm_clkout0 rise edge)
                                                      0.000     0.000 r  
    E12                                               0.000     0.000 r  sys_clk_p (IN)
                         net (fo=0)                   0.000     0.000    i_bufds_sys_clk/I
    HPIOBDIFFINBUF_X1Y300
                         DIFFINBUF (Prop_DIFFINBUF_HPIOBDIFFINBUF_DIFF_IN_P_O)
                                                      0.675     0.675 r  i_bufds_sys_clk/DIFFINBUF_INST/O
                         net (fo=1, routed)           0.050     0.725    i_bufds_sys_clk/OUT
    E12                  IBUFCTRL (Prop_IBUFCTRL_HPIOB_M_I_O)
                                                      0.000     0.725 r  i_bufds_sys_clk/IBUFCTRL_INST/O
                         net (fo=1, routed)           0.335     1.060    sys_clk
    BUFGCE_X1Y289        BUFGCE (Prop_BUFCE_BUFGCE_I_O)
                                                      0.028     1.088 r  sys_clk_BUFGCE_inst/O
                         net (fo=19, routed)          0.901     1.989    i_dram_wrapper/i_dram/inst/u_ddr4_infrastructure/mmcm_clk_in
    MMCM_X1Y13           MMCME4_ADV (Prop_MMCM_CLKIN1_CLKOUT0)
                                                     -0.127     1.862 r  i_dram_wrapper/i_dram/inst/u_ddr4_infrastructure/gen_mmcme4.u_mmcme_adv_inst/CLKOUT0
                         net (fo=1, routed)           0.244     2.106    i_dram_wrapper/i_dram/inst/u_ddr4_infrastructure/mmcm_clkout0
    BUFGCE_X1Y332        BUFGCE (Prop_BUFCE_BUFGCE_I_O)
                                                      0.028     2.134 r  i_dram_wrapper/i_dram/inst/u_ddr4_infrastructure/u_bufg_divClk/O
    X4Y10 (CLOCK_ROOT)   net (fo=36296, routed)       3.096     5.230    i_dram_wrapper/gen_cdc.i_axi_cdc_mig/i_axi_cdc_dst/i_cdc_fifo_gray_dst_w/dst_clk_i
    SLICE_X85Y855        FDCE                                         r  i_dram_wrapper/gen_cdc.i_axi_cdc_mig/i_axi_cdc_dst/i_cdc_fifo_gray_dst_w/rptr_q_reg[4]/C
  -------------------------------------------------------------------    -------------------
    SLICE_X85Y855        FDCE (Prop_GFF_SLICEL_C_Q)
                                                      0.079     5.309 r  i_dram_wrapper/gen_cdc.i_axi_cdc_mig/i_axi_cdc_dst/i_cdc_fifo_gray_dst_w/rptr_q_reg[4]/Q
                         net (fo=14, routed)          0.224     5.533    i_dram_wrapper/gen_cdc.i_axi_cdc_mig/i_axi_cdc_dst/i_cdc_fifo_gray_dst_w/i_rptr_g2b/A[4]
    SLICE_X85Y854        LUT5 (Prop_H6LUT_SLICEL_I3_O)
                                                      0.051     5.584 r  i_dram_wrapper/gen_cdc.i_axi_cdc_mig/i_axi_cdc_dst/i_cdc_fifo_gray_dst_w/i_rptr_g2b/Z[1]_INST_0/O
                         net (fo=4614, routed)        1.902     7.486    i_dram_wrapper/gen_cdc.i_axi_cdc_mig/i_axi_cdc_dst/i_cdc_fifo_gray_dst_w/rptr_bin[1]
    SLICE_X142Y837       LUT6 (Prop_D6LUT_SLICEM_I2_O)
                                                      0.037     7.523 r  i_dram_wrapper/gen_cdc.i_axi_cdc_mig/i_axi_cdc_dst/i_cdc_fifo_gray_dst_w/i_spill_register_i_3959/O
                         net (fo=1, routed)           0.025     7.548    i_dram_wrapper/gen_cdc.i_axi_cdc_mig/i_axi_cdc_dst/i_cdc_fifo_gray_dst_w/i_spill_register_i_3959_n_0
    SLICE_X142Y837       MUXF7 (Prop_F7MUX_CD_SLICEM_I0_O)
                                                      0.069     7.617 r  i_dram_wrapper/gen_cdc.i_axi_cdc_mig/i_axi_cdc_dst/i_cdc_fifo_gray_dst_w/i_spill_register_i_1116/O
                         net (fo=1, routed)           0.468     8.085    i_dram_wrapper/gen_cdc.i_axi_cdc_mig/i_axi_cdc_dst/i_cdc_fifo_gray_dst_w/i_spill_register_i_1116_n_0
    SLICE_X124Y836       LUT6 (Prop_D6LUT_SLICEL_I5_O)
                                                      0.089     8.174 r  i_dram_wrapper/gen_cdc.i_axi_cdc_mig/i_axi_cdc_dst/i_cdc_fifo_gray_dst_w/i_spill_register_i_135/O
                         net (fo=1, routed)           0.049     8.223    i_dram_wrapper/gen_cdc.i_axi_cdc_mig/i_axi_cdc_dst/i_cdc_fifo_gray_dst_w/i_spill_register/spill_register_flushable_i/data_i[data][378]
    SLICE_X124Y836       FDCE                                         r  i_dram_wrapper/gen_cdc.i_axi_cdc_mig/i_axi_cdc_dst/i_cdc_fifo_gray_dst_w/i_spill_register/spill_register_flushable_i/gen_spill_reg.a_data_q_reg[data][378]/D
  -------------------------------------------------------------------    -------------------

                         (clock mmcm_clkout0 rise edge)
                                                      3.333     3.333 r  
    E12                                               0.000     3.333 r  sys_clk_p (IN)
                         net (fo=0)                   0.000     3.333    i_bufds_sys_clk/I
    HPIOBDIFFINBUF_X1Y300
                         DIFFINBUF (Prop_DIFFINBUF_HPIOBDIFFINBUF_DIFF_IN_P_O)
                                                      0.564     3.898 r  i_bufds_sys_clk/DIFFINBUF_INST/O
                         net (fo=1, routed)           0.040     3.938    i_bufds_sys_clk/OUT
    E12                  IBUFCTRL (Prop_IBUFCTRL_HPIOB_M_I_O)
                                                      0.000     3.938 r  i_bufds_sys_clk/IBUFCTRL_INST/O
                         net (fo=1, routed)           0.297     4.235    sys_clk
    BUFGCE_X1Y289        BUFGCE (Prop_BUFCE_BUFGCE_I_O)
                                                      0.024     4.259 r  sys_clk_BUFGCE_inst/O
                         net (fo=19, routed)          0.795     5.054    i_dram_wrapper/i_dram/inst/u_ddr4_infrastructure/mmcm_clk_in
    MMCM_X1Y13           MMCME4_ADV (Prop_MMCM_CLKIN1_CLKOUT0)
                                                      0.630     5.684 r  i_dram_wrapper/i_dram/inst/u_ddr4_infrastructure/gen_mmcme4.u_mmcme_adv_inst/CLKOUT0
                         net (fo=1, routed)           0.214     5.898    i_dram_wrapper/i_dram/inst/u_ddr4_infrastructure/mmcm_clkout0
    BUFGCE_X1Y332        BUFGCE (Prop_BUFCE_BUFGCE_I_O)
                                                      0.024     5.922 r  i_dram_wrapper/i_dram/inst/u_ddr4_infrastructure/u_bufg_divClk/O
    X4Y10 (CLOCK_ROOT)   net (fo=36296, routed)       2.474     8.396    i_dram_wrapper/gen_cdc.i_axi_cdc_mig/i_axi_cdc_dst/i_cdc_fifo_gray_dst_w/i_spill_register/spill_register_flushable_i/clk_i
    SLICE_X124Y836       FDCE                                         r  i_dram_wrapper/gen_cdc.i_axi_cdc_mig/i_axi_cdc_dst/i_cdc_fifo_gray_dst_w/i_spill_register/spill_register_flushable_i/gen_spill_reg.a_data_q_reg[data][378]/C
                         clock pessimism             -0.296     8.100    
                         clock uncertainty           -0.052     8.048    
    SLICE_X124Y836       FDCE (Setup_DFF_SLICEL_C_D)
                                                      0.025     8.073    i_dram_wrapper/gen_cdc.i_axi_cdc_mig/i_axi_cdc_dst/i_cdc_fifo_gray_dst_w/i_spill_register/spill_register_flushable_i/gen_spill_reg.a_data_q_reg[data][378]
  -------------------------------------------------------------------
                         required time                          8.073    
                         arrival time                          -8.223    
  -------------------------------------------------------------------
                         slack                                 -0.150    

Slack (VIOLATED) :        -0.149ns  (required time - arrival time)
  Source:                 i_dram_wrapper/gen_cdc.i_axi_cdc_mig/i_axi_cdc_dst/i_cdc_fifo_gray_dst_w/rptr_q_reg[0]/C
                            (rising edge-triggered cell FDCE clocked by mmcm_clkout0  {rise@0.000ns fall@1.667ns period=3.333ns})
  Destination:            i_dram_wrapper/gen_cdc.i_axi_cdc_mig/i_axi_cdc_dst/i_cdc_fifo_gray_dst_w/i_spill_register/spill_register_flushable_i/gen_spill_reg.a_data_q_reg[strb][9]/D
                            (rising edge-triggered cell FDCE clocked by mmcm_clkout0  {rise@0.000ns fall@1.667ns period=3.333ns})
  Path Group:             mmcm_clkout0
  Path Type:              Setup (Max at Slow Process Corner)
  Requirement:            3.333ns  (mmcm_clkout0 rise@3.333ns - mmcm_clkout0 rise@0.000ns)
  Data Path Delay:        3.070ns  (logic 0.380ns (12.378%)  route 2.690ns (87.622%))
  Logic Levels:           4  (LUT6=3 MUXF7=1)
  Clock Path Skew:        -0.385ns (DCD - SCD + CPR)
    Destination Clock Delay (DCD):    5.089ns = ( 8.423 - 3.333 ) 
    Source Clock Delay      (SCD):    5.232ns
    Clock Pessimism Removal (CPR):    -0.243ns
  Clock Uncertainty:      0.052ns  ((TSJ^2 + DJ^2)^1/2) / 2 + PE
    Total System Jitter     (TSJ):    0.071ns
    Discrete Jitter          (DJ):    0.076ns
    Phase Error              (PE):    0.000ns
  Clock Net Delay (Source):      3.098ns (routing 1.274ns, distribution 1.824ns)
  Clock Net Delay (Destination): 2.501ns (routing 1.157ns, distribution 1.344ns)

    Location             Delay type                Incr(ns)  Path(ns)    Netlist Resource(s)
  -------------------------------------------------------------------    -------------------
                         (clock mmcm_clkout0 rise edge)
                                                      0.000     0.000 r  
    E12                                               0.000     0.000 r  sys_clk_p (IN)
                         net (fo=0)                   0.000     0.000    i_bufds_sys_clk/I
    HPIOBDIFFINBUF_X1Y300
                         DIFFINBUF (Prop_DIFFINBUF_HPIOBDIFFINBUF_DIFF_IN_P_O)
                                                      0.675     0.675 r  i_bufds_sys_clk/DIFFINBUF_INST/O
                         net (fo=1, routed)           0.050     0.725    i_bufds_sys_clk/OUT
    E12                  IBUFCTRL (Prop_IBUFCTRL_HPIOB_M_I_O)
                                                      0.000     0.725 r  i_bufds_sys_clk/IBUFCTRL_INST/O
                         net (fo=1, routed)           0.335     1.060    sys_clk
    BUFGCE_X1Y289        BUFGCE (Prop_BUFCE_BUFGCE_I_O)
                                                      0.028     1.088 r  sys_clk_BUFGCE_inst/O
                         net (fo=19, routed)          0.901     1.989    i_dram_wrapper/i_dram/inst/u_ddr4_infrastructure/mmcm_clk_in
    MMCM_X1Y13           MMCME4_ADV (Prop_MMCM_CLKIN1_CLKOUT0)
                                                     -0.127     1.862 r  i_dram_wrapper/i_dram/inst/u_ddr4_infrastructure/gen_mmcme4.u_mmcme_adv_inst/CLKOUT0
                         net (fo=1, routed)           0.244     2.106    i_dram_wrapper/i_dram/inst/u_ddr4_infrastructure/mmcm_clkout0
    BUFGCE_X1Y332        BUFGCE (Prop_BUFCE_BUFGCE_I_O)
                                                      0.028     2.134 r  i_dram_wrapper/i_dram/inst/u_ddr4_infrastructure/u_bufg_divClk/O
    X4Y10 (CLOCK_ROOT)   net (fo=36296, routed)       3.098     5.232    i_dram_wrapper/gen_cdc.i_axi_cdc_mig/i_axi_cdc_dst/i_cdc_fifo_gray_dst_w/dst_clk_i
    SLICE_X84Y855        FDCE                                         r  i_dram_wrapper/gen_cdc.i_axi_cdc_mig/i_axi_cdc_dst/i_cdc_fifo_gray_dst_w/rptr_q_reg[0]/C
  -------------------------------------------------------------------    -------------------
    SLICE_X84Y855        FDCE (Prop_DFF_SLICEM_C_Q)
                                                      0.078     5.310 r  i_dram_wrapper/gen_cdc.i_axi_cdc_mig/i_axi_cdc_dst/i_cdc_fifo_gray_dst_w/rptr_q_reg[0]/Q
                         net (fo=10, routed)          0.320     5.630    i_dram_wrapper/gen_cdc.i_axi_cdc_mig/i_axi_cdc_dst/i_cdc_fifo_gray_dst_w/i_rptr_g2b/A[0]
    SLICE_X85Y853        LUT6 (Prop_H6LUT_SLICEL_I3_O)
                                                      0.036     5.666 r  i_dram_wrapper/gen_cdc.i_axi_cdc_mig/i_axi_cdc_dst/i_cdc_fifo_gray_dst_w/i_rptr_g2b/Z[0]_INST_0/O
                         net (fo=4360, routed)        2.085     7.751    i_dram_wrapper/gen_cdc.i_axi_cdc_mig/i_axi_cdc_dst/i_cdc_fifo_gray_dst_w/rptr_next[0]
    SLICE_X144Y860       LUT6 (Prop_C6LUT_SLICEM_I4_O)
                                                      0.098     7.849 r  i_dram_wrapper/gen_cdc.i_axi_cdc_mig/i_axi_cdc_dst/i_cdc_fifo_gray_dst_w/i_spill_register_i_7424/O
                         net (fo=1, routed)           0.021     7.870    i_dram_wrapper/gen_cdc.i_axi_cdc_mig/i_axi_cdc_dst/i_cdc_fifo_gray_dst_w/i_spill_register_i_7424_n_0
    SLICE_X144Y860       MUXF7 (Prop_F7MUX_CD_SLICEM_I1_O)
                                                      0.068     7.938 r  i_dram_wrapper/gen_cdc.i_axi_cdc_mig/i_axi_cdc_dst/i_cdc_fifo_gray_dst_w/i_spill_register_i_2848/O
                         net (fo=1, routed)           0.205     8.143    i_dram_wrapper/gen_cdc.i_axi_cdc_mig/i_axi_cdc_dst/i_cdc_fifo_gray_dst_w/i_spill_register_i_2848_n_0
    SLICE_X144Y866       LUT6 (Prop_B6LUT_SLICEM_I5_O)
                                                      0.100     8.243 r  i_dram_wrapper/gen_cdc.i_axi_cdc_mig/i_axi_cdc_dst/i_cdc_fifo_gray_dst_w/i_spill_register_i_568/O
                         net (fo=1, routed)           0.059     8.302    i_dram_wrapper/gen_cdc.i_axi_cdc_mig/i_axi_cdc_dst/i_cdc_fifo_gray_dst_w/i_spill_register/spill_register_flushable_i/data_i[strb][9]
    SLICE_X144Y866       FDCE                                         r  i_dram_wrapper/gen_cdc.i_axi_cdc_mig/i_axi_cdc_dst/i_cdc_fifo_gray_dst_w/i_spill_register/spill_register_flushable_i/gen_spill_reg.a_data_q_reg[strb][9]/D
  -------------------------------------------------------------------    -------------------

                         (clock mmcm_clkout0 rise edge)
                                                      3.333     3.333 r  
    E12                                               0.000     3.333 r  sys_clk_p (IN)
                         net (fo=0)                   0.000     3.333    i_bufds_sys_clk/I
    HPIOBDIFFINBUF_X1Y300
                         DIFFINBUF (Prop_DIFFINBUF_HPIOBDIFFINBUF_DIFF_IN_P_O)
                                                      0.564     3.898 r  i_bufds_sys_clk/DIFFINBUF_INST/O
                         net (fo=1, routed)           0.040     3.938    i_bufds_sys_clk/OUT
    E12                  IBUFCTRL (Prop_IBUFCTRL_HPIOB_M_I_O)
                                                      0.000     3.938 r  i_bufds_sys_clk/IBUFCTRL_INST/O
                         net (fo=1, routed)           0.297     4.235    sys_clk
    BUFGCE_X1Y289        BUFGCE (Prop_BUFCE_BUFGCE_I_O)
                                                      0.024     4.259 r  sys_clk_BUFGCE_inst/O
                         net (fo=19, routed)          0.795     5.054    i_dram_wrapper/i_dram/inst/u_ddr4_infrastructure/mmcm_clk_in
    MMCM_X1Y13           MMCME4_ADV (Prop_MMCM_CLKIN1_CLKOUT0)
                                                      0.630     5.684 r  i_dram_wrapper/i_dram/inst/u_ddr4_infrastructure/gen_mmcme4.u_mmcme_adv_inst/CLKOUT0
                         net (fo=1, routed)           0.214     5.898    i_dram_wrapper/i_dram/inst/u_ddr4_infrastructure/mmcm_clkout0
    BUFGCE_X1Y332        BUFGCE (Prop_BUFCE_BUFGCE_I_O)
                                                      0.024     5.922 r  i_dram_wrapper/i_dram/inst/u_ddr4_infrastructure/u_bufg_divClk/O
    X4Y10 (CLOCK_ROOT)   net (fo=36296, routed)       2.501     8.423    i_dram_wrapper/gen_cdc.i_axi_cdc_mig/i_axi_cdc_dst/i_cdc_fifo_gray_dst_w/i_spill_register/spill_register_flushable_i/clk_i
    SLICE_X144Y866       FDCE                                         r  i_dram_wrapper/gen_cdc.i_axi_cdc_mig/i_axi_cdc_dst/i_cdc_fifo_gray_dst_w/i_spill_register/spill_register_flushable_i/gen_spill_reg.a_data_q_reg[strb][9]/C
                         clock pessimism             -0.243     8.180    
                         clock uncertainty           -0.052     8.128    
    SLICE_X144Y866       FDCE (Setup_BFF_SLICEM_C_D)
                                                      0.025     8.153    i_dram_wrapper/gen_cdc.i_axi_cdc_mig/i_axi_cdc_dst/i_cdc_fifo_gray_dst_w/i_spill_register/spill_register_flushable_i/gen_spill_reg.a_data_q_reg[strb][9]
  -------------------------------------------------------------------
                         required time                          8.153    
                         arrival time                          -8.302    
  -------------------------------------------------------------------
                         slack                                 -0.149    

Slack (VIOLATED) :        -0.147ns  (required time - arrival time)
  Source:                 i_dram_wrapper/gen_cdc.i_axi_cdc_mig/i_axi_cdc_dst/i_cdc_fifo_gray_dst_w/rptr_q_reg[0]/C
                            (rising edge-triggered cell FDCE clocked by mmcm_clkout0  {rise@0.000ns fall@1.667ns period=3.333ns})
  Destination:            i_dram_wrapper/gen_cdc.i_axi_cdc_mig/i_axi_cdc_dst/i_cdc_fifo_gray_dst_w/i_spill_register/spill_register_flushable_i/gen_spill_reg.a_data_q_reg[data][99]/D
                            (rising edge-triggered cell FDCE clocked by mmcm_clkout0  {rise@0.000ns fall@1.667ns period=3.333ns})
  Path Group:             mmcm_clkout0
  Path Type:              Setup (Max at Slow Process Corner)
  Requirement:            3.333ns  (mmcm_clkout0 rise@3.333ns - mmcm_clkout0 rise@0.000ns)
  Data Path Delay:        3.048ns  (logic 0.362ns (11.877%)  route 2.686ns (88.123%))
  Logic Levels:           4  (LUT6=3 MUXF7=1)
  Clock Path Skew:        -0.405ns (DCD - SCD + CPR)
    Destination Clock Delay (DCD):    5.071ns = ( 8.405 - 3.333 ) 
    Source Clock Delay      (SCD):    5.232ns
    Clock Pessimism Removal (CPR):    -0.245ns
  Clock Uncertainty:      0.052ns  ((TSJ^2 + DJ^2)^1/2) / 2 + PE
    Total System Jitter     (TSJ):    0.071ns
    Discrete Jitter          (DJ):    0.076ns
    Phase Error              (PE):    0.000ns
  Clock Net Delay (Source):      3.098ns (routing 1.274ns, distribution 1.824ns)
  Clock Net Delay (Destination): 2.483ns (routing 1.157ns, distribution 1.326ns)

    Location             Delay type                Incr(ns)  Path(ns)    Netlist Resource(s)
  -------------------------------------------------------------------    -------------------
                         (clock mmcm_clkout0 rise edge)
                                                      0.000     0.000 r  
    E12                                               0.000     0.000 r  sys_clk_p (IN)
                         net (fo=0)                   0.000     0.000    i_bufds_sys_clk/I
    HPIOBDIFFINBUF_X1Y300
                         DIFFINBUF (Prop_DIFFINBUF_HPIOBDIFFINBUF_DIFF_IN_P_O)
                                                      0.675     0.675 r  i_bufds_sys_clk/DIFFINBUF_INST/O
                         net (fo=1, routed)           0.050     0.725    i_bufds_sys_clk/OUT
    E12                  IBUFCTRL (Prop_IBUFCTRL_HPIOB_M_I_O)
                                                      0.000     0.725 r  i_bufds_sys_clk/IBUFCTRL_INST/O
                         net (fo=1, routed)           0.335     1.060    sys_clk
    BUFGCE_X1Y289        BUFGCE (Prop_BUFCE_BUFGCE_I_O)
                                                      0.028     1.088 r  sys_clk_BUFGCE_inst/O
                         net (fo=19, routed)          0.901     1.989    i_dram_wrapper/i_dram/inst/u_ddr4_infrastructure/mmcm_clk_in
    MMCM_X1Y13           MMCME4_ADV (Prop_MMCM_CLKIN1_CLKOUT0)
                                                     -0.127     1.862 r  i_dram_wrapper/i_dram/inst/u_ddr4_infrastructure/gen_mmcme4.u_mmcme_adv_inst/CLKOUT0
                         net (fo=1, routed)           0.244     2.106    i_dram_wrapper/i_dram/inst/u_ddr4_infrastructure/mmcm_clkout0
    BUFGCE_X1Y332        BUFGCE (Prop_BUFCE_BUFGCE_I_O)
                                                      0.028     2.134 r  i_dram_wrapper/i_dram/inst/u_ddr4_infrastructure/u_bufg_divClk/O
    X4Y10 (CLOCK_ROOT)   net (fo=36296, routed)       3.098     5.232    i_dram_wrapper/gen_cdc.i_axi_cdc_mig/i_axi_cdc_dst/i_cdc_fifo_gray_dst_w/dst_clk_i
    SLICE_X84Y855        FDCE                                         r  i_dram_wrapper/gen_cdc.i_axi_cdc_mig/i_axi_cdc_dst/i_cdc_fifo_gray_dst_w/rptr_q_reg[0]/C
  -------------------------------------------------------------------    -------------------
    SLICE_X84Y855        FDCE (Prop_DFF_SLICEM_C_Q)
                                                      0.078     5.310 r  i_dram_wrapper/gen_cdc.i_axi_cdc_mig/i_axi_cdc_dst/i_cdc_fifo_gray_dst_w/rptr_q_reg[0]/Q
                         net (fo=10, routed)          0.320     5.630    i_dram_wrapper/gen_cdc.i_axi_cdc_mig/i_axi_cdc_dst/i_cdc_fifo_gray_dst_w/i_rptr_g2b/A[0]
    SLICE_X85Y853        LUT6 (Prop_H6LUT_SLICEL_I3_O)
                                                      0.036     5.666 r  i_dram_wrapper/gen_cdc.i_axi_cdc_mig/i_axi_cdc_dst/i_cdc_fifo_gray_dst_w/i_rptr_g2b/Z[0]_INST_0/O
                         net (fo=4360, routed)        2.055     7.721    i_dram_wrapper/gen_cdc.i_axi_cdc_mig/i_axi_cdc_dst/i_cdc_fifo_gray_dst_w/rptr_next[0]
    SLICE_X125Y897       LUT6 (Prop_A6LUT_SLICEM_I4_O)
                                                      0.038     7.759 r  i_dram_wrapper/gen_cdc.i_axi_cdc_mig/i_axi_cdc_dst/i_cdc_fifo_gray_dst_w/i_spill_register_i_6186/O
                         net (fo=1, routed)           0.011     7.770    i_dram_wrapper/gen_cdc.i_axi_cdc_mig/i_axi_cdc_dst/i_cdc_fifo_gray_dst_w/i_spill_register_i_6186_n_0
    SLICE_X125Y897       MUXF7 (Prop_F7MUX_AB_SLICEM_I1_O)
                                                      0.065     7.835 r  i_dram_wrapper/gen_cdc.i_axi_cdc_mig/i_axi_cdc_dst/i_cdc_fifo_gray_dst_w/i_spill_register_i_2229/O
                         net (fo=1, routed)           0.228     8.063    i_dram_wrapper/gen_cdc.i_axi_cdc_mig/i_axi_cdc_dst/i_cdc_fifo_gray_dst_w/i_spill_register_i_2229_n_0
    SLICE_X125Y897       LUT6 (Prop_D6LUT_SLICEM_I0_O)
                                                      0.145     8.208 r  i_dram_wrapper/gen_cdc.i_axi_cdc_mig/i_axi_cdc_dst/i_cdc_fifo_gray_dst_w/i_spill_register_i_414/O
                         net (fo=1, routed)           0.072     8.280    i_dram_wrapper/gen_cdc.i_axi_cdc_mig/i_axi_cdc_dst/i_cdc_fifo_gray_dst_w/i_spill_register/spill_register_flushable_i/data_i[data][99]
    SLICE_X125Y897       FDCE                                         r  i_dram_wrapper/gen_cdc.i_axi_cdc_mig/i_axi_cdc_dst/i_cdc_fifo_gray_dst_w/i_spill_register/spill_register_flushable_i/gen_spill_reg.a_data_q_reg[data][99]/D
  -------------------------------------------------------------------    -------------------

                         (clock mmcm_clkout0 rise edge)
                                                      3.333     3.333 r  
    E12                                               0.000     3.333 r  sys_clk_p (IN)
                         net (fo=0)                   0.000     3.333    i_bufds_sys_clk/I
    HPIOBDIFFINBUF_X1Y300
                         DIFFINBUF (Prop_DIFFINBUF_HPIOBDIFFINBUF_DIFF_IN_P_O)
                                                      0.564     3.898 r  i_bufds_sys_clk/DIFFINBUF_INST/O
                         net (fo=1, routed)           0.040     3.938    i_bufds_sys_clk/OUT
    E12                  IBUFCTRL (Prop_IBUFCTRL_HPIOB_M_I_O)
                                                      0.000     3.938 r  i_bufds_sys_clk/IBUFCTRL_INST/O
                         net (fo=1, routed)           0.297     4.235    sys_clk
    BUFGCE_X1Y289        BUFGCE (Prop_BUFCE_BUFGCE_I_O)
                                                      0.024     4.259 r  sys_clk_BUFGCE_inst/O
                         net (fo=19, routed)          0.795     5.054    i_dram_wrapper/i_dram/inst/u_ddr4_infrastructure/mmcm_clk_in
    MMCM_X1Y13           MMCME4_ADV (Prop_MMCM_CLKIN1_CLKOUT0)
                                                      0.630     5.684 r  i_dram_wrapper/i_dram/inst/u_ddr4_infrastructure/gen_mmcme4.u_mmcme_adv_inst/CLKOUT0
                         net (fo=1, routed)           0.214     5.898    i_dram_wrapper/i_dram/inst/u_ddr4_infrastructure/mmcm_clkout0
    BUFGCE_X1Y332        BUFGCE (Prop_BUFCE_BUFGCE_I_O)
                                                      0.024     5.922 r  i_dram_wrapper/i_dram/inst/u_ddr4_infrastructure/u_bufg_divClk/O
    X4Y10 (CLOCK_ROOT)   net (fo=36296, routed)       2.483     8.405    i_dram_wrapper/gen_cdc.i_axi_cdc_mig/i_axi_cdc_dst/i_cdc_fifo_gray_dst_w/i_spill_register/spill_register_flushable_i/clk_i
    SLICE_X125Y897       FDCE                                         r  i_dram_wrapper/gen_cdc.i_axi_cdc_mig/i_axi_cdc_dst/i_cdc_fifo_gray_dst_w/i_spill_register/spill_register_flushable_i/gen_spill_reg.a_data_q_reg[data][99]/C
                         clock pessimism             -0.245     8.160    
                         clock uncertainty           -0.052     8.108    
    SLICE_X125Y897       FDCE (Setup_DFF_SLICEM_C_D)
                                                      0.025     8.133    i_dram_wrapper/gen_cdc.i_axi_cdc_mig/i_axi_cdc_dst/i_cdc_fifo_gray_dst_w/i_spill_register/spill_register_flushable_i/gen_spill_reg.a_data_q_reg[data][99]
  -------------------------------------------------------------------
                         required time                          8.133    
                         arrival time                          -8.280    
  -------------------------------------------------------------------
                         slack                                 -0.147    

Slack (VIOLATED) :        -0.143ns  (required time - arrival time)
  Source:                 i_dram_wrapper/gen_cdc.i_axi_cdc_mig/i_axi_cdc_dst/i_cdc_fifo_gray_dst_w/rptr_q_reg[0]/C
                            (rising edge-triggered cell FDCE clocked by mmcm_clkout0  {rise@0.000ns fall@1.667ns period=3.333ns})
  Destination:            i_dram_wrapper/gen_cdc.i_axi_cdc_mig/i_axi_cdc_dst/i_cdc_fifo_gray_dst_w/i_spill_register/spill_register_flushable_i/gen_spill_reg.a_data_q_reg[data][17]/D
                            (rising edge-triggered cell FDCE clocked by mmcm_clkout0  {rise@0.000ns fall@1.667ns period=3.333ns})
  Path Group:             mmcm_clkout0
  Path Type:              Setup (Max at Slow Process Corner)
  Requirement:            3.333ns  (mmcm_clkout0 rise@3.333ns - mmcm_clkout0 rise@0.000ns)
  Data Path Delay:        3.008ns  (logic 0.375ns (12.467%)  route 2.633ns (87.533%))
  Logic Levels:           4  (LUT6=3 MUXF7=1)
  Clock Path Skew:        -0.441ns (DCD - SCD + CPR)
    Destination Clock Delay (DCD):    5.086ns = ( 8.420 - 3.333 ) 
    Source Clock Delay      (SCD):    5.232ns
    Clock Pessimism Removal (CPR):    -0.296ns
  Clock Uncertainty:      0.052ns  ((TSJ^2 + DJ^2)^1/2) / 2 + PE
    Total System Jitter     (TSJ):    0.071ns
    Discrete Jitter          (DJ):    0.076ns
    Phase Error              (PE):    0.000ns
  Clock Net Delay (Source):      3.098ns (routing 1.274ns, distribution 1.824ns)
  Clock Net Delay (Destination): 2.498ns (routing 1.157ns, distribution 1.341ns)

    Location             Delay type                Incr(ns)  Path(ns)    Netlist Resource(s)
  -------------------------------------------------------------------    -------------------
                         (clock mmcm_clkout0 rise edge)
                                                      0.000     0.000 r  
    E12                                               0.000     0.000 r  sys_clk_p (IN)
                         net (fo=0)                   0.000     0.000    i_bufds_sys_clk/I
    HPIOBDIFFINBUF_X1Y300
                         DIFFINBUF (Prop_DIFFINBUF_HPIOBDIFFINBUF_DIFF_IN_P_O)
                                                      0.675     0.675 r  i_bufds_sys_clk/DIFFINBUF_INST/O
                         net (fo=1, routed)           0.050     0.725    i_bufds_sys_clk/OUT
    E12                  IBUFCTRL (Prop_IBUFCTRL_HPIOB_M_I_O)
                                                      0.000     0.725 r  i_bufds_sys_clk/IBUFCTRL_INST/O
                         net (fo=1, routed)           0.335     1.060    sys_clk
    BUFGCE_X1Y289        BUFGCE (Prop_BUFCE_BUFGCE_I_O)
                                                      0.028     1.088 r  sys_clk_BUFGCE_inst/O
                         net (fo=19, routed)          0.901     1.989    i_dram_wrapper/i_dram/inst/u_ddr4_infrastructure/mmcm_clk_in
    MMCM_X1Y13           MMCME4_ADV (Prop_MMCM_CLKIN1_CLKOUT0)
                                                     -0.127     1.862 r  i_dram_wrapper/i_dram/inst/u_ddr4_infrastructure/gen_mmcme4.u_mmcme_adv_inst/CLKOUT0
                         net (fo=1, routed)           0.244     2.106    i_dram_wrapper/i_dram/inst/u_ddr4_infrastructure/mmcm_clkout0
    BUFGCE_X1Y332        BUFGCE (Prop_BUFCE_BUFGCE_I_O)
                                                      0.028     2.134 r  i_dram_wrapper/i_dram/inst/u_ddr4_infrastructure/u_bufg_divClk/O
    X4Y10 (CLOCK_ROOT)   net (fo=36296, routed)       3.098     5.232    i_dram_wrapper/gen_cdc.i_axi_cdc_mig/i_axi_cdc_dst/i_cdc_fifo_gray_dst_w/dst_clk_i
    SLICE_X84Y855        FDCE                                         r  i_dram_wrapper/gen_cdc.i_axi_cdc_mig/i_axi_cdc_dst/i_cdc_fifo_gray_dst_w/rptr_q_reg[0]/C
  -------------------------------------------------------------------    -------------------
    SLICE_X84Y855        FDCE (Prop_DFF_SLICEM_C_Q)
                                                      0.078     5.310 r  i_dram_wrapper/gen_cdc.i_axi_cdc_mig/i_axi_cdc_dst/i_cdc_fifo_gray_dst_w/rptr_q_reg[0]/Q
                         net (fo=10, routed)          0.320     5.630    i_dram_wrapper/gen_cdc.i_axi_cdc_mig/i_axi_cdc_dst/i_cdc_fifo_gray_dst_w/i_rptr_g2b/A[0]
    SLICE_X85Y853        LUT6 (Prop_H6LUT_SLICEL_I3_O)
                                                      0.036     5.666 r  i_dram_wrapper/gen_cdc.i_axi_cdc_mig/i_axi_cdc_dst/i_cdc_fifo_gray_dst_w/i_rptr_g2b/Z[0]_INST_0/O
                         net (fo=4360, routed)        1.928     7.594    i_dram_wrapper/gen_cdc.i_axi_cdc_mig/i_axi_cdc_dst/i_cdc_fifo_gray_dst_w/rptr_next[0]
    SLICE_X118Y812       LUT6 (Prop_D6LUT_SLICEL_I4_O)
                                                      0.099     7.693 r  i_dram_wrapper/gen_cdc.i_axi_cdc_mig/i_axi_cdc_dst/i_cdc_fifo_gray_dst_w/i_spill_register_i_6845/O
                         net (fo=1, routed)           0.009     7.702    i_dram_wrapper/gen_cdc.i_axi_cdc_mig/i_axi_cdc_dst/i_cdc_fifo_gray_dst_w/i_spill_register_i_6845_n_0
    SLICE_X118Y812       MUXF7 (Prop_F7MUX_CD_SLICEL_I0_O)
                                                      0.063     7.765 r  i_dram_wrapper/gen_cdc.i_axi_cdc_mig/i_axi_cdc_dst/i_cdc_fifo_gray_dst_w/i_spill_register_i_2559/O
                         net (fo=1, routed)           0.304     8.069    i_dram_wrapper/gen_cdc.i_axi_cdc_mig/i_axi_cdc_dst/i_cdc_fifo_gray_dst_w/i_spill_register_i_2559_n_0
    SLICE_X119Y821       LUT6 (Prop_D6LUT_SLICEM_I3_O)
                                                      0.099     8.168 r  i_dram_wrapper/gen_cdc.i_axi_cdc_mig/i_axi_cdc_dst/i_cdc_fifo_gray_dst_w/i_spill_register_i_496/O
                         net (fo=1, routed)           0.072     8.240    i_dram_wrapper/gen_cdc.i_axi_cdc_mig/i_axi_cdc_dst/i_cdc_fifo_gray_dst_w/i_spill_register/spill_register_flushable_i/data_i[data][17]
    SLICE_X119Y821       FDCE                                         r  i_dram_wrapper/gen_cdc.i_axi_cdc_mig/i_axi_cdc_dst/i_cdc_fifo_gray_dst_w/i_spill_register/spill_register_flushable_i/gen_spill_reg.a_data_q_reg[data][17]/D
  -------------------------------------------------------------------    -------------------

                         (clock mmcm_clkout0 rise edge)
                                                      3.333     3.333 r  
    E12                                               0.000     3.333 r  sys_clk_p (IN)
                         net (fo=0)                   0.000     3.333    i_bufds_sys_clk/I
    HPIOBDIFFINBUF_X1Y300
                         DIFFINBUF (Prop_DIFFINBUF_HPIOBDIFFINBUF_DIFF_IN_P_O)
                                                      0.564     3.898 r  i_bufds_sys_clk/DIFFINBUF_INST/O
                         net (fo=1, routed)           0.040     3.938    i_bufds_sys_clk/OUT
    E12                  IBUFCTRL (Prop_IBUFCTRL_HPIOB_M_I_O)
                                                      0.000     3.938 r  i_bufds_sys_clk/IBUFCTRL_INST/O
                         net (fo=1, routed)           0.297     4.235    sys_clk
    BUFGCE_X1Y289        BUFGCE (Prop_BUFCE_BUFGCE_I_O)
                                                      0.024     4.259 r  sys_clk_BUFGCE_inst/O
                         net (fo=19, routed)          0.795     5.054    i_dram_wrapper/i_dram/inst/u_ddr4_infrastructure/mmcm_clk_in
    MMCM_X1Y13           MMCME4_ADV (Prop_MMCM_CLKIN1_CLKOUT0)
                                                      0.630     5.684 r  i_dram_wrapper/i_dram/inst/u_ddr4_infrastructure/gen_mmcme4.u_mmcme_adv_inst/CLKOUT0
                         net (fo=1, routed)           0.214     5.898    i_dram_wrapper/i_dram/inst/u_ddr4_infrastructure/mmcm_clkout0
    BUFGCE_X1Y332        BUFGCE (Prop_BUFCE_BUFGCE_I_O)
                                                      0.024     5.922 r  i_dram_wrapper/i_dram/inst/u_ddr4_infrastructure/u_bufg_divClk/O
    X4Y10 (CLOCK_ROOT)   net (fo=36296, routed)       2.498     8.420    i_dram_wrapper/gen_cdc.i_axi_cdc_mig/i_axi_cdc_dst/i_cdc_fifo_gray_dst_w/i_spill_register/spill_register_flushable_i/clk_i
    SLICE_X119Y821       FDCE                                         r  i_dram_wrapper/gen_cdc.i_axi_cdc_mig/i_axi_cdc_dst/i_cdc_fifo_gray_dst_w/i_spill_register/spill_register_flushable_i/gen_spill_reg.a_data_q_reg[data][17]/C
                         clock pessimism             -0.296     8.124    
                         clock uncertainty           -0.052     8.072    
    SLICE_X119Y821       FDCE (Setup_DFF_SLICEM_C_D)
                                                      0.025     8.097    i_dram_wrapper/gen_cdc.i_axi_cdc_mig/i_axi_cdc_dst/i_cdc_fifo_gray_dst_w/i_spill_register/spill_register_flushable_i/gen_spill_reg.a_data_q_reg[data][17]
  -------------------------------------------------------------------
                         required time                          8.097    
                         arrival time                          -8.240    
  -------------------------------------------------------------------
                         slack                                 -0.143    

Slack (VIOLATED) :        -0.142ns  (required time - arrival time)
  Source:                 i_dram_wrapper/gen_cdc.i_axi_cdc_mig/i_axi_cdc_dst/i_cdc_fifo_gray_dst_w/rptr_q_reg[4]/C
                            (rising edge-triggered cell FDCE clocked by mmcm_clkout0  {rise@0.000ns fall@1.667ns period=3.333ns})
  Destination:            i_dram_wrapper/gen_cdc.i_axi_cdc_mig/i_axi_cdc_dst/i_cdc_fifo_gray_dst_w/i_spill_register/spill_register_flushable_i/gen_spill_reg.a_data_q_reg[data][473]/D
                            (rising edge-triggered cell FDCE clocked by mmcm_clkout0  {rise@0.000ns fall@1.667ns period=3.333ns})
  Path Group:             mmcm_clkout0
  Path Type:              Setup (Max at Slow Process Corner)
  Requirement:            3.333ns  (mmcm_clkout0 rise@3.333ns - mmcm_clkout0 rise@0.000ns)
  Data Path Delay:        2.965ns  (logic 0.408ns (13.761%)  route 2.557ns (86.239%))
  Logic Levels:           4  (LUT5=1 LUT6=2 MUXF7=1)
  Clock Path Skew:        -0.483ns (DCD - SCD + CPR)
    Destination Clock Delay (DCD):    5.042ns = ( 8.376 - 3.333 ) 
    Source Clock Delay      (SCD):    5.230ns
    Clock Pessimism Removal (CPR):    -0.296ns
  Clock Uncertainty:      0.052ns  ((TSJ^2 + DJ^2)^1/2) / 2 + PE
    Total System Jitter     (TSJ):    0.071ns
    Discrete Jitter          (DJ):    0.076ns
    Phase Error              (PE):    0.000ns
  Clock Net Delay (Source):      3.096ns (routing 1.274ns, distribution 1.822ns)
  Clock Net Delay (Destination): 2.454ns (routing 1.157ns, distribution 1.297ns)

    Location             Delay type                Incr(ns)  Path(ns)    Netlist Resource(s)
  -------------------------------------------------------------------    -------------------
                         (clock mmcm_clkout0 rise edge)
                                                      0.000     0.000 r  
    E12                                               0.000     0.000 r  sys_clk_p (IN)
                         net (fo=0)                   0.000     0.000    i_bufds_sys_clk/I
    HPIOBDIFFINBUF_X1Y300
                         DIFFINBUF (Prop_DIFFINBUF_HPIOBDIFFINBUF_DIFF_IN_P_O)
                                                      0.675     0.675 r  i_bufds_sys_clk/DIFFINBUF_INST/O
                         net (fo=1, routed)           0.050     0.725    i_bufds_sys_clk/OUT
    E12                  IBUFCTRL (Prop_IBUFCTRL_HPIOB_M_I_O)
                                                      0.000     0.725 r  i_bufds_sys_clk/IBUFCTRL_INST/O
                         net (fo=1, routed)           0.335     1.060    sys_clk
    BUFGCE_X1Y289        BUFGCE (Prop_BUFCE_BUFGCE_I_O)
                                                      0.028     1.088 r  sys_clk_BUFGCE_inst/O
                         net (fo=19, routed)          0.901     1.989    i_dram_wrapper/i_dram/inst/u_ddr4_infrastructure/mmcm_clk_in
    MMCM_X1Y13           MMCME4_ADV (Prop_MMCM_CLKIN1_CLKOUT0)
                                                     -0.127     1.862 r  i_dram_wrapper/i_dram/inst/u_ddr4_infrastructure/gen_mmcme4.u_mmcme_adv_inst/CLKOUT0
                         net (fo=1, routed)           0.244     2.106    i_dram_wrapper/i_dram/inst/u_ddr4_infrastructure/mmcm_clkout0
    BUFGCE_X1Y332        BUFGCE (Prop_BUFCE_BUFGCE_I_O)
                                                      0.028     2.134 r  i_dram_wrapper/i_dram/inst/u_ddr4_infrastructure/u_bufg_divClk/O
    X4Y10 (CLOCK_ROOT)   net (fo=36296, routed)       3.096     5.230    i_dram_wrapper/gen_cdc.i_axi_cdc_mig/i_axi_cdc_dst/i_cdc_fifo_gray_dst_w/dst_clk_i
    SLICE_X85Y855        FDCE                                         r  i_dram_wrapper/gen_cdc.i_axi_cdc_mig/i_axi_cdc_dst/i_cdc_fifo_gray_dst_w/rptr_q_reg[4]/C
  -------------------------------------------------------------------    -------------------
    SLICE_X85Y855        FDCE (Prop_GFF_SLICEL_C_Q)
                                                      0.079     5.309 r  i_dram_wrapper/gen_cdc.i_axi_cdc_mig/i_axi_cdc_dst/i_cdc_fifo_gray_dst_w/rptr_q_reg[4]/Q
                         net (fo=14, routed)          0.224     5.533    i_dram_wrapper/gen_cdc.i_axi_cdc_mig/i_axi_cdc_dst/i_cdc_fifo_gray_dst_w/i_rptr_g2b/A[4]
    SLICE_X85Y854        LUT5 (Prop_H6LUT_SLICEL_I3_O)
                                                      0.051     5.584 r  i_dram_wrapper/gen_cdc.i_axi_cdc_mig/i_axi_cdc_dst/i_cdc_fifo_gray_dst_w/i_rptr_g2b/Z[1]_INST_0/O
                         net (fo=4614, routed)        1.932     7.516    i_dram_wrapper/gen_cdc.i_axi_cdc_mig/i_axi_cdc_dst/i_cdc_fifo_gray_dst_w/rptr_bin[1]
    SLICE_X143Y823       LUT6 (Prop_B6LUT_SLICEL_I2_O)
                                                      0.090     7.606 r  i_dram_wrapper/gen_cdc.i_axi_cdc_mig/i_axi_cdc_dst/i_cdc_fifo_gray_dst_w/i_spill_register_i_3199/O
                         net (fo=1, routed)           0.009     7.615    i_dram_wrapper/gen_cdc.i_axi_cdc_mig/i_axi_cdc_dst/i_cdc_fifo_gray_dst_w/i_spill_register_i_3199_n_0
    SLICE_X143Y823       MUXF7 (Prop_F7MUX_AB_SLICEL_I0_O)
                                                      0.063     7.678 r  i_dram_wrapper/gen_cdc.i_axi_cdc_mig/i_axi_cdc_dst/i_cdc_fifo_gray_dst_w/i_spill_register_i_736/O
                         net (fo=1, routed)           0.339     8.017    i_dram_wrapper/gen_cdc.i_axi_cdc_mig/i_axi_cdc_dst/i_cdc_fifo_gray_dst_w/i_spill_register_i_736_n_0
    SLICE_X129Y822       LUT6 (Prop_A6LUT_SLICEM_I5_O)
                                                      0.125     8.142 r  i_dram_wrapper/gen_cdc.i_axi_cdc_mig/i_axi_cdc_dst/i_cdc_fifo_gray_dst_w/i_spill_register_i_40/O
                         net (fo=1, routed)           0.053     8.195    i_dram_wrapper/gen_cdc.i_axi_cdc_mig/i_axi_cdc_dst/i_cdc_fifo_gray_dst_w/i_spill_register/spill_register_flushable_i/data_i[data][473]
    SLICE_X129Y822       FDCE                                         r  i_dram_wrapper/gen_cdc.i_axi_cdc_mig/i_axi_cdc_dst/i_cdc_fifo_gray_dst_w/i_spill_register/spill_register_flushable_i/gen_spill_reg.a_data_q_reg[data][473]/D
  -------------------------------------------------------------------    -------------------

                         (clock mmcm_clkout0 rise edge)
                                                      3.333     3.333 r  
    E12                                               0.000     3.333 r  sys_clk_p (IN)
                         net (fo=0)                   0.000     3.333    i_bufds_sys_clk/I
    HPIOBDIFFINBUF_X1Y300
                         DIFFINBUF (Prop_DIFFINBUF_HPIOBDIFFINBUF_DIFF_IN_P_O)
                                                      0.564     3.898 r  i_bufds_sys_clk/DIFFINBUF_INST/O
                         net (fo=1, routed)           0.040     3.938    i_bufds_sys_clk/OUT
    E12                  IBUFCTRL (Prop_IBUFCTRL_HPIOB_M_I_O)
                                                      0.000     3.938 r  i_bufds_sys_clk/IBUFCTRL_INST/O
                         net (fo=1, routed)           0.297     4.235    sys_clk
    BUFGCE_X1Y289        BUFGCE (Prop_BUFCE_BUFGCE_I_O)
                                                      0.024     4.259 r  sys_clk_BUFGCE_inst/O
                         net (fo=19, routed)          0.795     5.054    i_dram_wrapper/i_dram/inst/u_ddr4_infrastructure/mmcm_clk_in
    MMCM_X1Y13           MMCME4_ADV (Prop_MMCM_CLKIN1_CLKOUT0)
                                                      0.630     5.684 r  i_dram_wrapper/i_dram/inst/u_ddr4_infrastructure/gen_mmcme4.u_mmcme_adv_inst/CLKOUT0
                         net (fo=1, routed)           0.214     5.898    i_dram_wrapper/i_dram/inst/u_ddr4_infrastructure/mmcm_clkout0
    BUFGCE_X1Y332        BUFGCE (Prop_BUFCE_BUFGCE_I_O)
                                                      0.024     5.922 r  i_dram_wrapper/i_dram/inst/u_ddr4_infrastructure/u_bufg_divClk/O
    X4Y10 (CLOCK_ROOT)   net (fo=36296, routed)       2.454     8.376    i_dram_wrapper/gen_cdc.i_axi_cdc_mig/i_axi_cdc_dst/i_cdc_fifo_gray_dst_w/i_spill_register/spill_register_flushable_i/clk_i
    SLICE_X129Y822       FDCE                                         r  i_dram_wrapper/gen_cdc.i_axi_cdc_mig/i_axi_cdc_dst/i_cdc_fifo_gray_dst_w/i_spill_register/spill_register_flushable_i/gen_spill_reg.a_data_q_reg[data][473]/C
                         clock pessimism             -0.296     8.080    
                         clock uncertainty           -0.052     8.028    
    SLICE_X129Y822       FDCE (Setup_AFF_SLICEM_C_D)
                                                      0.025     8.053    i_dram_wrapper/gen_cdc.i_axi_cdc_mig/i_axi_cdc_dst/i_cdc_fifo_gray_dst_w/i_spill_register/spill_register_flushable_i/gen_spill_reg.a_data_q_reg[data][473]
  -------------------------------------------------------------------
                         required time                          8.053    
                         arrival time                          -8.195    
  -------------------------------------------------------------------
                         slack                                 -0.142    

Slack (VIOLATED) :        -0.140ns  (required time - arrival time)
  Source:                 i_dram_wrapper/gen_cdc.i_axi_cdc_mig/i_axi_cdc_dst/i_cdc_fifo_gray_dst_w/rptr_q_reg[0]/C
                            (rising edge-triggered cell FDCE clocked by mmcm_clkout0  {rise@0.000ns fall@1.667ns period=3.333ns})
  Destination:            i_dram_wrapper/gen_cdc.i_axi_cdc_mig/i_axi_cdc_dst/i_cdc_fifo_gray_dst_w/i_spill_register/spill_register_flushable_i/gen_spill_reg.a_data_q_reg[data][152]/D
                            (rising edge-triggered cell FDCE clocked by mmcm_clkout0  {rise@0.000ns fall@1.667ns period=3.333ns})
  Path Group:             mmcm_clkout0
  Path Type:              Setup (Max at Slow Process Corner)
  Requirement:            3.333ns  (mmcm_clkout0 rise@3.333ns - mmcm_clkout0 rise@0.000ns)
  Data Path Delay:        2.999ns  (logic 0.365ns (12.171%)  route 2.634ns (87.829%))
  Logic Levels:           4  (LUT6=3 MUXF7=1)
  Clock Path Skew:        -0.447ns (DCD - SCD + CPR)
    Destination Clock Delay (DCD):    5.029ns = ( 8.363 - 3.333 ) 
    Source Clock Delay      (SCD):    5.232ns
    Clock Pessimism Removal (CPR):    -0.245ns
  Clock Uncertainty:      0.052ns  ((TSJ^2 + DJ^2)^1/2) / 2 + PE
    Total System Jitter     (TSJ):    0.071ns
    Discrete Jitter          (DJ):    0.076ns
    Phase Error              (PE):    0.000ns
  Clock Net Delay (Source):      3.098ns (routing 1.274ns, distribution 1.824ns)
  Clock Net Delay (Destination): 2.441ns (routing 1.157ns, distribution 1.284ns)

    Location             Delay type                Incr(ns)  Path(ns)    Netlist Resource(s)
  -------------------------------------------------------------------    -------------------
                         (clock mmcm_clkout0 rise edge)
                                                      0.000     0.000 r  
    E12                                               0.000     0.000 r  sys_clk_p (IN)
                         net (fo=0)                   0.000     0.000    i_bufds_sys_clk/I
    HPIOBDIFFINBUF_X1Y300
                         DIFFINBUF (Prop_DIFFINBUF_HPIOBDIFFINBUF_DIFF_IN_P_O)
                                                      0.675     0.675 r  i_bufds_sys_clk/DIFFINBUF_INST/O
                         net (fo=1, routed)           0.050     0.725    i_bufds_sys_clk/OUT
    E12                  IBUFCTRL (Prop_IBUFCTRL_HPIOB_M_I_O)
                                                      0.000     0.725 r  i_bufds_sys_clk/IBUFCTRL_INST/O
                         net (fo=1, routed)           0.335     1.060    sys_clk
    BUFGCE_X1Y289        BUFGCE (Prop_BUFCE_BUFGCE_I_O)
                                                      0.028     1.088 r  sys_clk_BUFGCE_inst/O
                         net (fo=19, routed)          0.901     1.989    i_dram_wrapper/i_dram/inst/u_ddr4_infrastructure/mmcm_clk_in
    MMCM_X1Y13           MMCME4_ADV (Prop_MMCM_CLKIN1_CLKOUT0)
                                                     -0.127     1.862 r  i_dram_wrapper/i_dram/inst/u_ddr4_infrastructure/gen_mmcme4.u_mmcme_adv_inst/CLKOUT0
                         net (fo=1, routed)           0.244     2.106    i_dram_wrapper/i_dram/inst/u_ddr4_infrastructure/mmcm_clkout0
    BUFGCE_X1Y332        BUFGCE (Prop_BUFCE_BUFGCE_I_O)
                                                      0.028     2.134 r  i_dram_wrapper/i_dram/inst/u_ddr4_infrastructure/u_bufg_divClk/O
    X4Y10 (CLOCK_ROOT)   net (fo=36296, routed)       3.098     5.232    i_dram_wrapper/gen_cdc.i_axi_cdc_mig/i_axi_cdc_dst/i_cdc_fifo_gray_dst_w/dst_clk_i
    SLICE_X84Y855        FDCE                                         r  i_dram_wrapper/gen_cdc.i_axi_cdc_mig/i_axi_cdc_dst/i_cdc_fifo_gray_dst_w/rptr_q_reg[0]/C
  -------------------------------------------------------------------    -------------------
    SLICE_X84Y855        FDCE (Prop_DFF_SLICEM_C_Q)
                                                      0.078     5.310 r  i_dram_wrapper/gen_cdc.i_axi_cdc_mig/i_axi_cdc_dst/i_cdc_fifo_gray_dst_w/rptr_q_reg[0]/Q
                         net (fo=10, routed)          0.320     5.630    i_dram_wrapper/gen_cdc.i_axi_cdc_mig/i_axi_cdc_dst/i_cdc_fifo_gray_dst_w/i_rptr_g2b/A[0]
    SLICE_X85Y853        LUT6 (Prop_H6LUT_SLICEL_I3_O)
                                                      0.036     5.666 r  i_dram_wrapper/gen_cdc.i_axi_cdc_mig/i_axi_cdc_dst/i_cdc_fifo_gray_dst_w/i_rptr_g2b/Z[0]_INST_0/O
                         net (fo=4360, routed)        2.026     7.692    i_dram_wrapper/gen_cdc.i_axi_cdc_mig/i_axi_cdc_dst/i_cdc_fifo_gray_dst_w/rptr_next[0]
    SLICE_X139Y859       LUT6 (Prop_D6LUT_SLICEL_I4_O)
                                                      0.099     7.791 r  i_dram_wrapper/gen_cdc.i_axi_cdc_mig/i_axi_cdc_dst/i_cdc_fifo_gray_dst_w/i_spill_register_i_5765/O
                         net (fo=1, routed)           0.009     7.800    i_dram_wrapper/gen_cdc.i_axi_cdc_mig/i_axi_cdc_dst/i_cdc_fifo_gray_dst_w/i_spill_register_i_5765_n_0
    SLICE_X139Y859       MUXF7 (Prop_F7MUX_CD_SLICEL_I0_O)
                                                      0.063     7.863 r  i_dram_wrapper/gen_cdc.i_axi_cdc_mig/i_axi_cdc_dst/i_cdc_fifo_gray_dst_w/i_spill_register_i_2019/O
                         net (fo=1, routed)           0.230     8.093    i_dram_wrapper/gen_cdc.i_axi_cdc_mig/i_axi_cdc_dst/i_cdc_fifo_gray_dst_w/i_spill_register_i_2019_n_0
    SLICE_X139Y865       LUT6 (Prop_D6LUT_SLICEL_I3_O)
                                                      0.089     8.182 r  i_dram_wrapper/gen_cdc.i_axi_cdc_mig/i_axi_cdc_dst/i_cdc_fifo_gray_dst_w/i_spill_register_i_361/O
                         net (fo=1, routed)           0.049     8.231    i_dram_wrapper/gen_cdc.i_axi_cdc_mig/i_axi_cdc_dst/i_cdc_fifo_gray_dst_w/i_spill_register/spill_register_flushable_i/data_i[data][152]
    SLICE_X139Y865       FDCE                                         r  i_dram_wrapper/gen_cdc.i_axi_cdc_mig/i_axi_cdc_dst/i_cdc_fifo_gray_dst_w/i_spill_register/spill_register_flushable_i/gen_spill_reg.a_data_q_reg[data][152]/D
  -------------------------------------------------------------------    -------------------

                         (clock mmcm_clkout0 rise edge)
                                                      3.333     3.333 r  
    E12                                               0.000     3.333 r  sys_clk_p (IN)
                         net (fo=0)                   0.000     3.333    i_bufds_sys_clk/I
    HPIOBDIFFINBUF_X1Y300
                         DIFFINBUF (Prop_DIFFINBUF_HPIOBDIFFINBUF_DIFF_IN_P_O)
                                                      0.564     3.898 r  i_bufds_sys_clk/DIFFINBUF_INST/O
                         net (fo=1, routed)           0.040     3.938    i_bufds_sys_clk/OUT
    E12                  IBUFCTRL (Prop_IBUFCTRL_HPIOB_M_I_O)
                                                      0.000     3.938 r  i_bufds_sys_clk/IBUFCTRL_INST/O
                         net (fo=1, routed)           0.297     4.235    sys_clk
    BUFGCE_X1Y289        BUFGCE (Prop_BUFCE_BUFGCE_I_O)
                                                      0.024     4.259 r  sys_clk_BUFGCE_inst/O
                         net (fo=19, routed)          0.795     5.054    i_dram_wrapper/i_dram/inst/u_ddr4_infrastructure/mmcm_clk_in
    MMCM_X1Y13           MMCME4_ADV (Prop_MMCM_CLKIN1_CLKOUT0)
                                                      0.630     5.684 r  i_dram_wrapper/i_dram/inst/u_ddr4_infrastructure/gen_mmcme4.u_mmcme_adv_inst/CLKOUT0
                         net (fo=1, routed)           0.214     5.898    i_dram_wrapper/i_dram/inst/u_ddr4_infrastructure/mmcm_clkout0
    BUFGCE_X1Y332        BUFGCE (Prop_BUFCE_BUFGCE_I_O)
                                                      0.024     5.922 r  i_dram_wrapper/i_dram/inst/u_ddr4_infrastructure/u_bufg_divClk/O
    X4Y10 (CLOCK_ROOT)   net (fo=36296, routed)       2.441     8.363    i_dram_wrapper/gen_cdc.i_axi_cdc_mig/i_axi_cdc_dst/i_cdc_fifo_gray_dst_w/i_spill_register/spill_register_flushable_i/clk_i
    SLICE_X139Y865       FDCE                                         r  i_dram_wrapper/gen_cdc.i_axi_cdc_mig/i_axi_cdc_dst/i_cdc_fifo_gray_dst_w/i_spill_register/spill_register_flushable_i/gen_spill_reg.a_data_q_reg[data][152]/C
                         clock pessimism             -0.245     8.118    
                         clock uncertainty           -0.052     8.066    
    SLICE_X139Y865       FDCE (Setup_DFF_SLICEL_C_D)
                                                      0.025     8.091    i_dram_wrapper/gen_cdc.i_axi_cdc_mig/i_axi_cdc_dst/i_cdc_fifo_gray_dst_w/i_spill_register/spill_register_flushable_i/gen_spill_reg.a_data_q_reg[data][152]
  -------------------------------------------------------------------
                         required time                          8.091    
                         arrival time                          -8.231    
  -------------------------------------------------------------------
                         slack                                 -0.140    

Slack (VIOLATED) :        -0.136ns  (required time - arrival time)
  Source:                 i_dram_wrapper/gen_cdc.i_axi_cdc_mig/i_axi_cdc_src/i_cdc_fifo_gray_src_w/data_q_reg[8][data][282]/C
                            (rising edge-triggered cell FDCE clocked by clk_50_clkwiz  {rise@0.000ns fall@10.000ns period=20.000ns})
  Destination:            i_dram_wrapper/gen_cdc.i_axi_cdc_mig/i_axi_cdc_dst/i_cdc_fifo_gray_dst_w/i_spill_register/spill_register_flushable_i/gen_spill_reg.a_data_q_reg[data][282]/D
                            (rising edge-triggered cell FDCE clocked by mmcm_clkout0  {rise@0.000ns fall@1.667ns period=3.333ns})
  Path Group:             mmcm_clkout0
  Path Type:              Setup (Max at Slow Process Corner)
  Requirement:            3.000ns  (MaxDelay Path 3.000ns)
  Data Path Delay:        3.161ns  (logic 0.321ns (10.155%)  route 2.840ns (89.845%))
  Logic Levels:           3  (LUT6=2 MUXF7=1)
  Timing Exception:       MaxDelay Path 3.000ns -datapath_only

    Location             Delay type                Incr(ns)  Path(ns)    Netlist Resource(s)
  -------------------------------------------------------------------    -------------------
    SLICE_X133Y890                                    0.000     0.000 r  i_dram_wrapper/gen_cdc.i_axi_cdc_mig/i_axi_cdc_src/i_cdc_fifo_gray_src_w/data_q_reg[8][data][282]/C
    SLICE_X133Y890       FDCE (Prop_HFF_SLICEM_C_Q)
                                                      0.079     0.079 r  i_dram_wrapper/gen_cdc.i_axi_cdc_mig/i_axi_cdc_src/i_cdc_fifo_gray_src_w/data_q_reg[8][data][282]/Q
                         net (fo=1, routed)           1.450     1.529    i_dram_wrapper/gen_cdc.i_axi_cdc_mig/i_axi_cdc_dst/i_cdc_fifo_gray_dst_w/async_data_i[8][data][282]
    SLICE_X85Y867        LUT6 (Prop_D6LUT_SLICEL_I5_O)
                                                      0.089     1.618 r  i_dram_wrapper/gen_cdc.i_axi_cdc_mig/i_axi_cdc_dst/i_cdc_fifo_gray_dst_w/i_spill_register_i_4725/O
                         net (fo=1, routed)           0.009     1.627    i_dram_wrapper/gen_cdc.i_axi_cdc_mig/i_axi_cdc_dst/i_cdc_fifo_gray_dst_w/i_spill_register_i_4725_n_0
    SLICE_X85Y867        MUXF7 (Prop_F7MUX_CD_SLICEL_I0_O)
                                                      0.063     1.690 r  i_dram_wrapper/gen_cdc.i_axi_cdc_mig/i_axi_cdc_dst/i_cdc_fifo_gray_dst_w/i_spill_register_i_1499/O
                         net (fo=1, routed)           1.323     3.013    i_dram_wrapper/gen_cdc.i_axi_cdc_mig/i_axi_cdc_dst/i_cdc_fifo_gray_dst_w/i_spill_register_i_1499_n_0
    SLICE_X131Y880       LUT6 (Prop_H6LUT_SLICEM_I3_O)
                                                      0.090     3.103 r  i_dram_wrapper/gen_cdc.i_axi_cdc_mig/i_axi_cdc_dst/i_cdc_fifo_gray_dst_w/i_spill_register_i_231/O
                         net (fo=1, routed)           0.058     3.161    i_dram_wrapper/gen_cdc.i_axi_cdc_mig/i_axi_cdc_dst/i_cdc_fifo_gray_dst_w/i_spill_register/spill_register_flushable_i/data_i[data][282]
    SLICE_X131Y880       FDCE                                         r  i_dram_wrapper/gen_cdc.i_axi_cdc_mig/i_axi_cdc_dst/i_cdc_fifo_gray_dst_w/i_spill_register/spill_register_flushable_i/gen_spill_reg.a_data_q_reg[data][282]/D
  -------------------------------------------------------------------    -------------------

                         max delay                    3.000     3.000    
    SLICE_X131Y880       FDCE (Setup_HFF_SLICEM_C_D)
                                                      0.025     3.025    i_dram_wrapper/gen_cdc.i_axi_cdc_mig/i_axi_cdc_dst/i_cdc_fifo_gray_dst_w/i_spill_register/spill_register_flushable_i/gen_spill_reg.a_data_q_reg[data][282]
  -------------------------------------------------------------------
                         required time                          3.025    
                         arrival time                          -3.161    
  -------------------------------------------------------------------
                         slack                                 -0.136    

Slack (VIOLATED) :        -0.135ns  (required time - arrival time)
  Source:                 i_dram_wrapper/gen_cdc.i_axi_cdc_mig/i_axi_cdc_dst/i_cdc_fifo_gray_dst_w/rptr_q_reg[0]/C
                            (rising edge-triggered cell FDCE clocked by mmcm_clkout0  {rise@0.000ns fall@1.667ns period=3.333ns})
  Destination:            i_dram_wrapper/gen_cdc.i_axi_cdc_mig/i_axi_cdc_dst/i_cdc_fifo_gray_dst_w/i_spill_register/spill_register_flushable_i/gen_spill_reg.a_data_q_reg[data][461]/D
                            (rising edge-triggered cell FDCE clocked by mmcm_clkout0  {rise@0.000ns fall@1.667ns period=3.333ns})
  Path Group:             mmcm_clkout0
  Path Type:              Setup (Max at Slow Process Corner)
  Requirement:            3.333ns  (mmcm_clkout0 rise@3.333ns - mmcm_clkout0 rise@0.000ns)
  Data Path Delay:        3.128ns  (logic 0.480ns (15.345%)  route 2.648ns (84.655%))
  Logic Levels:           4  (LUT6=3 MUXF7=1)
  Clock Path Skew:        -0.314ns (DCD - SCD + CPR)
    Destination Clock Delay (DCD):    5.163ns = ( 8.497 - 3.333 ) 
    Source Clock Delay      (SCD):    5.232ns
    Clock Pessimism Removal (CPR):    -0.245ns
  Clock Uncertainty:      0.052ns  ((TSJ^2 + DJ^2)^1/2) / 2 + PE
    Total System Jitter     (TSJ):    0.071ns
    Discrete Jitter          (DJ):    0.076ns
    Phase Error              (PE):    0.000ns
  Clock Net Delay (Source):      3.098ns (routing 1.274ns, distribution 1.824ns)
  Clock Net Delay (Destination): 2.575ns (routing 1.157ns, distribution 1.418ns)

    Location             Delay type                Incr(ns)  Path(ns)    Netlist Resource(s)
  -------------------------------------------------------------------    -------------------
                         (clock mmcm_clkout0 rise edge)
                                                      0.000     0.000 r  
    E12                                               0.000     0.000 r  sys_clk_p (IN)
                         net (fo=0)                   0.000     0.000    i_bufds_sys_clk/I
    HPIOBDIFFINBUF_X1Y300
                         DIFFINBUF (Prop_DIFFINBUF_HPIOBDIFFINBUF_DIFF_IN_P_O)
                                                      0.675     0.675 r  i_bufds_sys_clk/DIFFINBUF_INST/O
                         net (fo=1, routed)           0.050     0.725    i_bufds_sys_clk/OUT
    E12                  IBUFCTRL (Prop_IBUFCTRL_HPIOB_M_I_O)
                                                      0.000     0.725 r  i_bufds_sys_clk/IBUFCTRL_INST/O
                         net (fo=1, routed)           0.335     1.060    sys_clk
    BUFGCE_X1Y289        BUFGCE (Prop_BUFCE_BUFGCE_I_O)
                                                      0.028     1.088 r  sys_clk_BUFGCE_inst/O
                         net (fo=19, routed)          0.901     1.989    i_dram_wrapper/i_dram/inst/u_ddr4_infrastructure/mmcm_clk_in
    MMCM_X1Y13           MMCME4_ADV (Prop_MMCM_CLKIN1_CLKOUT0)
                                                     -0.127     1.862 r  i_dram_wrapper/i_dram/inst/u_ddr4_infrastructure/gen_mmcme4.u_mmcme_adv_inst/CLKOUT0
                         net (fo=1, routed)           0.244     2.106    i_dram_wrapper/i_dram/inst/u_ddr4_infrastructure/mmcm_clkout0
    BUFGCE_X1Y332        BUFGCE (Prop_BUFCE_BUFGCE_I_O)
                                                      0.028     2.134 r  i_dram_wrapper/i_dram/inst/u_ddr4_infrastructure/u_bufg_divClk/O
    X4Y10 (CLOCK_ROOT)   net (fo=36296, routed)       3.098     5.232    i_dram_wrapper/gen_cdc.i_axi_cdc_mig/i_axi_cdc_dst/i_cdc_fifo_gray_dst_w/dst_clk_i
    SLICE_X84Y855        FDCE                                         r  i_dram_wrapper/gen_cdc.i_axi_cdc_mig/i_axi_cdc_dst/i_cdc_fifo_gray_dst_w/rptr_q_reg[0]/C
  -------------------------------------------------------------------    -------------------
    SLICE_X84Y855        FDCE (Prop_DFF_SLICEM_C_Q)
                                                      0.078     5.310 r  i_dram_wrapper/gen_cdc.i_axi_cdc_mig/i_axi_cdc_dst/i_cdc_fifo_gray_dst_w/rptr_q_reg[0]/Q
                         net (fo=10, routed)          0.320     5.630    i_dram_wrapper/gen_cdc.i_axi_cdc_mig/i_axi_cdc_dst/i_cdc_fifo_gray_dst_w/i_rptr_g2b/A[0]
    SLICE_X85Y853        LUT6 (Prop_H6LUT_SLICEL_I3_O)
                                                      0.036     5.666 r  i_dram_wrapper/gen_cdc.i_axi_cdc_mig/i_axi_cdc_dst/i_cdc_fifo_gray_dst_w/i_rptr_g2b/Z[0]_INST_0/O
                         net (fo=4360, routed)        2.050     7.716    i_dram_wrapper/gen_cdc.i_axi_cdc_mig/i_axi_cdc_dst/i_cdc_fifo_gray_dst_w/rptr_next[0]
    SLICE_X129Y879       LUT6 (Prop_D6LUT_SLICEM_I4_O)
                                                      0.145     7.861 r  i_dram_wrapper/gen_cdc.i_axi_cdc_mig/i_axi_cdc_dst/i_cdc_fifo_gray_dst_w/i_spill_register_i_3291/O
                         net (fo=1, routed)           0.025     7.886    i_dram_wrapper/gen_cdc.i_axi_cdc_mig/i_axi_cdc_dst/i_cdc_fifo_gray_dst_w/i_spill_register_i_3291_n_0
    SLICE_X129Y879       MUXF7 (Prop_F7MUX_CD_SLICEM_I0_O)
                                                      0.069     7.955 r  i_dram_wrapper/gen_cdc.i_axi_cdc_mig/i_axi_cdc_dst/i_cdc_fifo_gray_dst_w/i_spill_register_i_782/O
                         net (fo=1, routed)           0.195     8.150    i_dram_wrapper/gen_cdc.i_axi_cdc_mig/i_axi_cdc_dst/i_cdc_fifo_gray_dst_w/i_spill_register_i_782_n_0
    SLICE_X129Y879       LUT6 (Prop_H6LUT_SLICEM_I1_O)
                                                      0.152     8.302 r  i_dram_wrapper/gen_cdc.i_axi_cdc_mig/i_axi_cdc_dst/i_cdc_fifo_gray_dst_w/i_spill_register_i_52/O
                         net (fo=1, routed)           0.058     8.360    i_dram_wrapper/gen_cdc.i_axi_cdc_mig/i_axi_cdc_dst/i_cdc_fifo_gray_dst_w/i_spill_register/spill_register_flushable_i/data_i[data][461]
    SLICE_X129Y879       FDCE                                         r  i_dram_wrapper/gen_cdc.i_axi_cdc_mig/i_axi_cdc_dst/i_cdc_fifo_gray_dst_w/i_spill_register/spill_register_flushable_i/gen_spill_reg.a_data_q_reg[data][461]/D
  -------------------------------------------------------------------    -------------------

                         (clock mmcm_clkout0 rise edge)
                                                      3.333     3.333 r  
    E12                                               0.000     3.333 r  sys_clk_p (IN)
                         net (fo=0)                   0.000     3.333    i_bufds_sys_clk/I
    HPIOBDIFFINBUF_X1Y300
                         DIFFINBUF (Prop_DIFFINBUF_HPIOBDIFFINBUF_DIFF_IN_P_O)
                                                      0.564     3.898 r  i_bufds_sys_clk/DIFFINBUF_INST/O
                         net (fo=1, routed)           0.040     3.938    i_bufds_sys_clk/OUT
    E12                  IBUFCTRL (Prop_IBUFCTRL_HPIOB_M_I_O)
                                                      0.000     3.938 r  i_bufds_sys_clk/IBUFCTRL_INST/O
                         net (fo=1, routed)           0.297     4.235    sys_clk
    BUFGCE_X1Y289        BUFGCE (Prop_BUFCE_BUFGCE_I_O)
                                                      0.024     4.259 r  sys_clk_BUFGCE_inst/O
                         net (fo=19, routed)          0.795     5.054    i_dram_wrapper/i_dram/inst/u_ddr4_infrastructure/mmcm_clk_in
    MMCM_X1Y13           MMCME4_ADV (Prop_MMCM_CLKIN1_CLKOUT0)
                                                      0.630     5.684 r  i_dram_wrapper/i_dram/inst/u_ddr4_infrastructure/gen_mmcme4.u_mmcme_adv_inst/CLKOUT0
                         net (fo=1, routed)           0.214     5.898    i_dram_wrapper/i_dram/inst/u_ddr4_infrastructure/mmcm_clkout0
    BUFGCE_X1Y332        BUFGCE (Prop_BUFCE_BUFGCE_I_O)
                                                      0.024     5.922 r  i_dram_wrapper/i_dram/inst/u_ddr4_infrastructure/u_bufg_divClk/O
    X4Y10 (CLOCK_ROOT)   net (fo=36296, routed)       2.575     8.497    i_dram_wrapper/gen_cdc.i_axi_cdc_mig/i_axi_cdc_dst/i_cdc_fifo_gray_dst_w/i_spill_register/spill_register_flushable_i/clk_i
    SLICE_X129Y879       FDCE                                         r  i_dram_wrapper/gen_cdc.i_axi_cdc_mig/i_axi_cdc_dst/i_cdc_fifo_gray_dst_w/i_spill_register/spill_register_flushable_i/gen_spill_reg.a_data_q_reg[data][461]/C
                         clock pessimism             -0.245     8.251    
                         clock uncertainty           -0.052     8.199    
    SLICE_X129Y879       FDCE (Setup_HFF_SLICEM_C_D)
                                                      0.025     8.224    i_dram_wrapper/gen_cdc.i_axi_cdc_mig/i_axi_cdc_dst/i_cdc_fifo_gray_dst_w/i_spill_register/spill_register_flushable_i/gen_spill_reg.a_data_q_reg[data][461]
  -------------------------------------------------------------------
                         required time                          8.224    
                         arrival time                          -8.360    
  -------------------------------------------------------------------
                         slack                                 -0.135    

Slack (VIOLATED) :        -0.135ns  (required time - arrival time)
  Source:                 i_dram_wrapper/gen_cdc.i_axi_cdc_mig/i_axi_cdc_dst/i_cdc_fifo_gray_dst_w/rptr_q_reg[0]/C
                            (rising edge-triggered cell FDCE clocked by mmcm_clkout0  {rise@0.000ns fall@1.667ns period=3.333ns})
  Destination:            i_dram_wrapper/gen_cdc.i_axi_cdc_mig/i_axi_cdc_dst/i_cdc_fifo_gray_dst_w/i_spill_register/spill_register_flushable_i/gen_spill_reg.a_data_q_reg[data][441]/D
                            (rising edge-triggered cell FDCE clocked by mmcm_clkout0  {rise@0.000ns fall@1.667ns period=3.333ns})
  Path Group:             mmcm_clkout0
  Path Type:              Setup (Max at Slow Process Corner)
  Requirement:            3.333ns  (mmcm_clkout0 rise@3.333ns - mmcm_clkout0 rise@0.000ns)
  Data Path Delay:        3.010ns  (logic 0.482ns (16.013%)  route 2.528ns (83.987%))
  Logic Levels:           4  (LUT6=3 MUXF7=1)
  Clock Path Skew:        -0.431ns (DCD - SCD + CPR)
    Destination Clock Delay (DCD):    5.045ns = ( 8.379 - 3.333 ) 
    Source Clock Delay      (SCD):    5.232ns
    Clock Pessimism Removal (CPR):    -0.245ns
  Clock Uncertainty:      0.052ns  ((TSJ^2 + DJ^2)^1/2) / 2 + PE
    Total System Jitter     (TSJ):    0.071ns
    Discrete Jitter          (DJ):    0.076ns
    Phase Error              (PE):    0.000ns
  Clock Net Delay (Source):      3.098ns (routing 1.274ns, distribution 1.824ns)
  Clock Net Delay (Destination): 2.457ns (routing 1.157ns, distribution 1.300ns)

    Location             Delay type                Incr(ns)  Path(ns)    Netlist Resource(s)
  -------------------------------------------------------------------    -------------------
                         (clock mmcm_clkout0 rise edge)
                                                      0.000     0.000 r  
    E12                                               0.000     0.000 r  sys_clk_p (IN)
                         net (fo=0)                   0.000     0.000    i_bufds_sys_clk/I
    HPIOBDIFFINBUF_X1Y300
                         DIFFINBUF (Prop_DIFFINBUF_HPIOBDIFFINBUF_DIFF_IN_P_O)
                                                      0.675     0.675 r  i_bufds_sys_clk/DIFFINBUF_INST/O
                         net (fo=1, routed)           0.050     0.725    i_bufds_sys_clk/OUT
    E12                  IBUFCTRL (Prop_IBUFCTRL_HPIOB_M_I_O)
                                                      0.000     0.725 r  i_bufds_sys_clk/IBUFCTRL_INST/O
                         net (fo=1, routed)           0.335     1.060    sys_clk
    BUFGCE_X1Y289        BUFGCE (Prop_BUFCE_BUFGCE_I_O)
                                                      0.028     1.088 r  sys_clk_BUFGCE_inst/O
                         net (fo=19, routed)          0.901     1.989    i_dram_wrapper/i_dram/inst/u_ddr4_infrastructure/mmcm_clk_in
    MMCM_X1Y13           MMCME4_ADV (Prop_MMCM_CLKIN1_CLKOUT0)
                                                     -0.127     1.862 r  i_dram_wrapper/i_dram/inst/u_ddr4_infrastructure/gen_mmcme4.u_mmcme_adv_inst/CLKOUT0
                         net (fo=1, routed)           0.244     2.106    i_dram_wrapper/i_dram/inst/u_ddr4_infrastructure/mmcm_clkout0
    BUFGCE_X1Y332        BUFGCE (Prop_BUFCE_BUFGCE_I_O)
                                                      0.028     2.134 r  i_dram_wrapper/i_dram/inst/u_ddr4_infrastructure/u_bufg_divClk/O
    X4Y10 (CLOCK_ROOT)   net (fo=36296, routed)       3.098     5.232    i_dram_wrapper/gen_cdc.i_axi_cdc_mig/i_axi_cdc_dst/i_cdc_fifo_gray_dst_w/dst_clk_i
    SLICE_X84Y855        FDCE                                         r  i_dram_wrapper/gen_cdc.i_axi_cdc_mig/i_axi_cdc_dst/i_cdc_fifo_gray_dst_w/rptr_q_reg[0]/C
  -------------------------------------------------------------------    -------------------
    SLICE_X84Y855        FDCE (Prop_DFF_SLICEM_C_Q)
                                                      0.078     5.310 r  i_dram_wrapper/gen_cdc.i_axi_cdc_mig/i_axi_cdc_dst/i_cdc_fifo_gray_dst_w/rptr_q_reg[0]/Q
                         net (fo=10, routed)          0.320     5.630    i_dram_wrapper/gen_cdc.i_axi_cdc_mig/i_axi_cdc_dst/i_cdc_fifo_gray_dst_w/i_rptr_g2b/A[0]
    SLICE_X85Y853        LUT6 (Prop_H6LUT_SLICEL_I3_O)
                                                      0.036     5.666 r  i_dram_wrapper/gen_cdc.i_axi_cdc_mig/i_axi_cdc_dst/i_cdc_fifo_gray_dst_w/i_rptr_g2b/Z[0]_INST_0/O
                         net (fo=4360, routed)        1.964     7.630    i_dram_wrapper/gen_cdc.i_axi_cdc_mig/i_axi_cdc_dst/i_cdc_fifo_gray_dst_w/rptr_next[0]
    SLICE_X137Y852       LUT6 (Prop_F6LUT_SLICEM_I4_O)
                                                      0.148     7.778 r  i_dram_wrapper/gen_cdc.i_axi_cdc_mig/i_axi_cdc_dst/i_cdc_fifo_gray_dst_w/i_spill_register_i_3453/O
                         net (fo=1, routed)           0.023     7.801    i_dram_wrapper/gen_cdc.i_axi_cdc_mig/i_axi_cdc_dst/i_cdc_fifo_gray_dst_w/i_spill_register_i_3453_n_0
    SLICE_X137Y852       MUXF7 (Prop_F7MUX_EF_SLICEM_I0_O)
                                                      0.068     7.869 r  i_dram_wrapper/gen_cdc.i_axi_cdc_mig/i_axi_cdc_dst/i_cdc_fifo_gray_dst_w/i_spill_register_i_863/O
                         net (fo=1, routed)           0.163     8.032    i_dram_wrapper/gen_cdc.i_axi_cdc_mig/i_axi_cdc_dst/i_cdc_fifo_gray_dst_w/i_spill_register_i_863_n_0
    SLICE_X137Y851       LUT6 (Prop_H6LUT_SLICEM_I3_O)
                                                      0.152     8.184 r  i_dram_wrapper/gen_cdc.i_axi_cdc_mig/i_axi_cdc_dst/i_cdc_fifo_gray_dst_w/i_spill_register_i_72/O
                         net (fo=1, routed)           0.058     8.242    i_dram_wrapper/gen_cdc.i_axi_cdc_mig/i_axi_cdc_dst/i_cdc_fifo_gray_dst_w/i_spill_register/spill_register_flushable_i/data_i[data][441]
    SLICE_X137Y851       FDCE                                         r  i_dram_wrapper/gen_cdc.i_axi_cdc_mig/i_axi_cdc_dst/i_cdc_fifo_gray_dst_w/i_spill_register/spill_register_flushable_i/gen_spill_reg.a_data_q_reg[data][441]/D
  -------------------------------------------------------------------    -------------------

                         (clock mmcm_clkout0 rise edge)
                                                      3.333     3.333 r  
    E12                                               0.000     3.333 r  sys_clk_p (IN)
                         net (fo=0)                   0.000     3.333    i_bufds_sys_clk/I
    HPIOBDIFFINBUF_X1Y300
                         DIFFINBUF (Prop_DIFFINBUF_HPIOBDIFFINBUF_DIFF_IN_P_O)
                                                      0.564     3.898 r  i_bufds_sys_clk/DIFFINBUF_INST/O
                         net (fo=1, routed)           0.040     3.938    i_bufds_sys_clk/OUT
    E12                  IBUFCTRL (Prop_IBUFCTRL_HPIOB_M_I_O)
                                                      0.000     3.938 r  i_bufds_sys_clk/IBUFCTRL_INST/O
                         net (fo=1, routed)           0.297     4.235    sys_clk
    BUFGCE_X1Y289        BUFGCE (Prop_BUFCE_BUFGCE_I_O)
                                                      0.024     4.259 r  sys_clk_BUFGCE_inst/O
                         net (fo=19, routed)          0.795     5.054    i_dram_wrapper/i_dram/inst/u_ddr4_infrastructure/mmcm_clk_in
    MMCM_X1Y13           MMCME4_ADV (Prop_MMCM_CLKIN1_CLKOUT0)
                                                      0.630     5.684 r  i_dram_wrapper/i_dram/inst/u_ddr4_infrastructure/gen_mmcme4.u_mmcme_adv_inst/CLKOUT0
                         net (fo=1, routed)           0.214     5.898    i_dram_wrapper/i_dram/inst/u_ddr4_infrastructure/mmcm_clkout0
    BUFGCE_X1Y332        BUFGCE (Prop_BUFCE_BUFGCE_I_O)
                                                      0.024     5.922 r  i_dram_wrapper/i_dram/inst/u_ddr4_infrastructure/u_bufg_divClk/O
    X4Y10 (CLOCK_ROOT)   net (fo=36296, routed)       2.457     8.379    i_dram_wrapper/gen_cdc.i_axi_cdc_mig/i_axi_cdc_dst/i_cdc_fifo_gray_dst_w/i_spill_register/spill_register_flushable_i/clk_i
    SLICE_X137Y851       FDCE                                         r  i_dram_wrapper/gen_cdc.i_axi_cdc_mig/i_axi_cdc_dst/i_cdc_fifo_gray_dst_w/i_spill_register/spill_register_flushable_i/gen_spill_reg.a_data_q_reg[data][441]/C
                         clock pessimism             -0.245     8.134    
                         clock uncertainty           -0.052     8.082    
    SLICE_X137Y851       FDCE (Setup_HFF_SLICEM_C_D)
                                                      0.025     8.107    i_dram_wrapper/gen_cdc.i_axi_cdc_mig/i_axi_cdc_dst/i_cdc_fifo_gray_dst_w/i_spill_register/spill_register_flushable_i/gen_spill_reg.a_data_q_reg[data][441]
  -------------------------------------------------------------------
                         required time                          8.107    
                         arrival time                          -8.242    
  -------------------------------------------------------------------
                         slack                                 -0.135    

Slack (VIOLATED) :        -0.135ns  (required time - arrival time)
  Source:                 i_dram_wrapper/gen_cdc.i_axi_cdc_mig/i_axi_cdc_dst/i_cdc_fifo_gray_dst_w/rptr_q_reg[0]/C
                            (rising edge-triggered cell FDCE clocked by mmcm_clkout0  {rise@0.000ns fall@1.667ns period=3.333ns})
  Destination:            i_dram_wrapper/gen_cdc.i_axi_cdc_mig/i_axi_cdc_dst/i_cdc_fifo_gray_dst_w/i_spill_register/spill_register_flushable_i/gen_spill_reg.a_data_q_reg[data][440]/D
                            (rising edge-triggered cell FDCE clocked by mmcm_clkout0  {rise@0.000ns fall@1.667ns period=3.333ns})
  Path Group:             mmcm_clkout0
  Path Type:              Setup (Max at Slow Process Corner)
  Requirement:            3.333ns  (mmcm_clkout0 rise@3.333ns - mmcm_clkout0 rise@0.000ns)
  Data Path Delay:        3.076ns  (logic 0.452ns (14.694%)  route 2.624ns (85.306%))
  Logic Levels:           4  (LUT6=3 MUXF7=1)
  Clock Path Skew:        -0.365ns (DCD - SCD + CPR)
    Destination Clock Delay (DCD):    5.109ns = ( 8.443 - 3.333 ) 
    Source Clock Delay      (SCD):    5.232ns
    Clock Pessimism Removal (CPR):    -0.243ns
  Clock Uncertainty:      0.052ns  ((TSJ^2 + DJ^2)^1/2) / 2 + PE
    Total System Jitter     (TSJ):    0.071ns
    Discrete Jitter          (DJ):    0.076ns
    Phase Error              (PE):    0.000ns
  Clock Net Delay (Source):      3.098ns (routing 1.274ns, distribution 1.824ns)
  Clock Net Delay (Destination): 2.521ns (routing 1.157ns, distribution 1.364ns)

    Location             Delay type                Incr(ns)  Path(ns)    Netlist Resource(s)
  -------------------------------------------------------------------    -------------------
                         (clock mmcm_clkout0 rise edge)
                                                      0.000     0.000 r  
    E12                                               0.000     0.000 r  sys_clk_p (IN)
                         net (fo=0)                   0.000     0.000    i_bufds_sys_clk/I
    HPIOBDIFFINBUF_X1Y300
                         DIFFINBUF (Prop_DIFFINBUF_HPIOBDIFFINBUF_DIFF_IN_P_O)
                                                      0.675     0.675 r  i_bufds_sys_clk/DIFFINBUF_INST/O
                         net (fo=1, routed)           0.050     0.725    i_bufds_sys_clk/OUT
    E12                  IBUFCTRL (Prop_IBUFCTRL_HPIOB_M_I_O)
                                                      0.000     0.725 r  i_bufds_sys_clk/IBUFCTRL_INST/O
                         net (fo=1, routed)           0.335     1.060    sys_clk
    BUFGCE_X1Y289        BUFGCE (Prop_BUFCE_BUFGCE_I_O)
                                                      0.028     1.088 r  sys_clk_BUFGCE_inst/O
                         net (fo=19, routed)          0.901     1.989    i_dram_wrapper/i_dram/inst/u_ddr4_infrastructure/mmcm_clk_in
    MMCM_X1Y13           MMCME4_ADV (Prop_MMCM_CLKIN1_CLKOUT0)
                                                     -0.127     1.862 r  i_dram_wrapper/i_dram/inst/u_ddr4_infrastructure/gen_mmcme4.u_mmcme_adv_inst/CLKOUT0
                         net (fo=1, routed)           0.244     2.106    i_dram_wrapper/i_dram/inst/u_ddr4_infrastructure/mmcm_clkout0
    BUFGCE_X1Y332        BUFGCE (Prop_BUFCE_BUFGCE_I_O)
                                                      0.028     2.134 r  i_dram_wrapper/i_dram/inst/u_ddr4_infrastructure/u_bufg_divClk/O
    X4Y10 (CLOCK_ROOT)   net (fo=36296, routed)       3.098     5.232    i_dram_wrapper/gen_cdc.i_axi_cdc_mig/i_axi_cdc_dst/i_cdc_fifo_gray_dst_w/dst_clk_i
    SLICE_X84Y855        FDCE                                         r  i_dram_wrapper/gen_cdc.i_axi_cdc_mig/i_axi_cdc_dst/i_cdc_fifo_gray_dst_w/rptr_q_reg[0]/C
  -------------------------------------------------------------------    -------------------
    SLICE_X84Y855        FDCE (Prop_DFF_SLICEM_C_Q)
                                                      0.078     5.310 r  i_dram_wrapper/gen_cdc.i_axi_cdc_mig/i_axi_cdc_dst/i_cdc_fifo_gray_dst_w/rptr_q_reg[0]/Q
                         net (fo=10, routed)          0.320     5.630    i_dram_wrapper/gen_cdc.i_axi_cdc_mig/i_axi_cdc_dst/i_cdc_fifo_gray_dst_w/i_rptr_g2b/A[0]
    SLICE_X85Y853        LUT6 (Prop_H6LUT_SLICEL_I3_O)
                                                      0.036     5.666 r  i_dram_wrapper/gen_cdc.i_axi_cdc_mig/i_axi_cdc_dst/i_cdc_fifo_gray_dst_w/i_rptr_g2b/Z[0]_INST_0/O
                         net (fo=4360, routed)        2.032     7.698    i_dram_wrapper/gen_cdc.i_axi_cdc_mig/i_axi_cdc_dst/i_cdc_fifo_gray_dst_w/rptr_next[0]
    SLICE_X144Y842       LUT6 (Prop_D6LUT_SLICEM_I4_O)
                                                      0.122     7.820 r  i_dram_wrapper/gen_cdc.i_axi_cdc_mig/i_axi_cdc_dst/i_cdc_fifo_gray_dst_w/i_spill_register_i_3457/O
                         net (fo=1, routed)           0.025     7.845    i_dram_wrapper/gen_cdc.i_axi_cdc_mig/i_axi_cdc_dst/i_cdc_fifo_gray_dst_w/i_spill_register_i_3457_n_0
    SLICE_X144Y842       MUXF7 (Prop_F7MUX_CD_SLICEM_I0_O)
                                                      0.069     7.914 r  i_dram_wrapper/gen_cdc.i_axi_cdc_mig/i_axi_cdc_dst/i_cdc_fifo_gray_dst_w/i_spill_register_i_865/O
                         net (fo=1, routed)           0.201     8.115    i_dram_wrapper/gen_cdc.i_axi_cdc_mig/i_axi_cdc_dst/i_cdc_fifo_gray_dst_w/i_spill_register_i_865_n_0
    SLICE_X145Y842       LUT6 (Prop_E6LUT_SLICEL_I0_O)
                                                      0.147     8.262 r  i_dram_wrapper/gen_cdc.i_axi_cdc_mig/i_axi_cdc_dst/i_cdc_fifo_gray_dst_w/i_spill_register_i_73/O
                         net (fo=1, routed)           0.046     8.308    i_dram_wrapper/gen_cdc.i_axi_cdc_mig/i_axi_cdc_dst/i_cdc_fifo_gray_dst_w/i_spill_register/spill_register_flushable_i/data_i[data][440]
    SLICE_X145Y842       FDCE                                         r  i_dram_wrapper/gen_cdc.i_axi_cdc_mig/i_axi_cdc_dst/i_cdc_fifo_gray_dst_w/i_spill_register/spill_register_flushable_i/gen_spill_reg.a_data_q_reg[data][440]/D
  -------------------------------------------------------------------    -------------------

                         (clock mmcm_clkout0 rise edge)
                                                      3.333     3.333 r  
    E12                                               0.000     3.333 r  sys_clk_p (IN)
                         net (fo=0)                   0.000     3.333    i_bufds_sys_clk/I
    HPIOBDIFFINBUF_X1Y300
                         DIFFINBUF (Prop_DIFFINBUF_HPIOBDIFFINBUF_DIFF_IN_P_O)
                                                      0.564     3.898 r  i_bufds_sys_clk/DIFFINBUF_INST/O
                         net (fo=1, routed)           0.040     3.938    i_bufds_sys_clk/OUT
    E12                  IBUFCTRL (Prop_IBUFCTRL_HPIOB_M_I_O)
                                                      0.000     3.938 r  i_bufds_sys_clk/IBUFCTRL_INST/O
                         net (fo=1, routed)           0.297     4.235    sys_clk
    BUFGCE_X1Y289        BUFGCE (Prop_BUFCE_BUFGCE_I_O)
                                                      0.024     4.259 r  sys_clk_BUFGCE_inst/O
                         net (fo=19, routed)          0.795     5.054    i_dram_wrapper/i_dram/inst/u_ddr4_infrastructure/mmcm_clk_in
    MMCM_X1Y13           MMCME4_ADV (Prop_MMCM_CLKIN1_CLKOUT0)
                                                      0.630     5.684 r  i_dram_wrapper/i_dram/inst/u_ddr4_infrastructure/gen_mmcme4.u_mmcme_adv_inst/CLKOUT0
                         net (fo=1, routed)           0.214     5.898    i_dram_wrapper/i_dram/inst/u_ddr4_infrastructure/mmcm_clkout0
    BUFGCE_X1Y332        BUFGCE (Prop_BUFCE_BUFGCE_I_O)
                                                      0.024     5.922 r  i_dram_wrapper/i_dram/inst/u_ddr4_infrastructure/u_bufg_divClk/O
    X4Y10 (CLOCK_ROOT)   net (fo=36296, routed)       2.521     8.443    i_dram_wrapper/gen_cdc.i_axi_cdc_mig/i_axi_cdc_dst/i_cdc_fifo_gray_dst_w/i_spill_register/spill_register_flushable_i/clk_i
    SLICE_X145Y842       FDCE                                         r  i_dram_wrapper/gen_cdc.i_axi_cdc_mig/i_axi_cdc_dst/i_cdc_fifo_gray_dst_w/i_spill_register/spill_register_flushable_i/gen_spill_reg.a_data_q_reg[data][440]/C
                         clock pessimism             -0.243     8.200    
                         clock uncertainty           -0.052     8.148    
    SLICE_X145Y842       FDCE (Setup_EFF_SLICEL_C_D)
                                                      0.025     8.173    i_dram_wrapper/gen_cdc.i_axi_cdc_mig/i_axi_cdc_dst/i_cdc_fifo_gray_dst_w/i_spill_register/spill_register_flushable_i/gen_spill_reg.a_data_q_reg[data][440]
  -------------------------------------------------------------------
                         required time                          8.173    
                         arrival time                          -8.308    
  -------------------------------------------------------------------
                         slack                                 -0.135    

Slack (VIOLATED) :        -0.134ns  (required time - arrival time)
  Source:                 i_dram_wrapper/gen_cdc.i_axi_cdc_mig/i_axi_cdc_dst/i_cdc_fifo_gray_dst_w/rptr_q_reg[0]/C
                            (rising edge-triggered cell FDCE clocked by mmcm_clkout0  {rise@0.000ns fall@1.667ns period=3.333ns})
  Destination:            i_dram_wrapper/gen_cdc.i_axi_cdc_mig/i_axi_cdc_dst/i_cdc_fifo_gray_dst_w/i_spill_register/spill_register_flushable_i/gen_spill_reg.a_data_q_reg[data][173]/D
                            (rising edge-triggered cell FDCE clocked by mmcm_clkout0  {rise@0.000ns fall@1.667ns period=3.333ns})
  Path Group:             mmcm_clkout0
  Path Type:              Setup (Max at Slow Process Corner)
  Requirement:            3.333ns  (mmcm_clkout0 rise@3.333ns - mmcm_clkout0 rise@0.000ns)
  Data Path Delay:        3.041ns  (logic 0.450ns (14.798%)  route 2.591ns (85.202%))
  Logic Levels:           4  (LUT6=3 MUXF7=1)
  Clock Path Skew:        -0.399ns (DCD - SCD + CPR)
    Destination Clock Delay (DCD):    5.077ns = ( 8.411 - 3.333 ) 
    Source Clock Delay      (SCD):    5.232ns
    Clock Pessimism Removal (CPR):    -0.245ns
  Clock Uncertainty:      0.052ns  ((TSJ^2 + DJ^2)^1/2) / 2 + PE
    Total System Jitter     (TSJ):    0.071ns
    Discrete Jitter          (DJ):    0.076ns
    Phase Error              (PE):    0.000ns
  Clock Net Delay (Source):      3.098ns (routing 1.274ns, distribution 1.824ns)
  Clock Net Delay (Destination): 2.489ns (routing 1.157ns, distribution 1.332ns)

    Location             Delay type                Incr(ns)  Path(ns)    Netlist Resource(s)
  -------------------------------------------------------------------    -------------------
                         (clock mmcm_clkout0 rise edge)
                                                      0.000     0.000 r  
    E12                                               0.000     0.000 r  sys_clk_p (IN)
                         net (fo=0)                   0.000     0.000    i_bufds_sys_clk/I
    HPIOBDIFFINBUF_X1Y300
                         DIFFINBUF (Prop_DIFFINBUF_HPIOBDIFFINBUF_DIFF_IN_P_O)
                                                      0.675     0.675 r  i_bufds_sys_clk/DIFFINBUF_INST/O
                         net (fo=1, routed)           0.050     0.725    i_bufds_sys_clk/OUT
    E12                  IBUFCTRL (Prop_IBUFCTRL_HPIOB_M_I_O)
                                                      0.000     0.725 r  i_bufds_sys_clk/IBUFCTRL_INST/O
                         net (fo=1, routed)           0.335     1.060    sys_clk
    BUFGCE_X1Y289        BUFGCE (Prop_BUFCE_BUFGCE_I_O)
                                                      0.028     1.088 r  sys_clk_BUFGCE_inst/O
                         net (fo=19, routed)          0.901     1.989    i_dram_wrapper/i_dram/inst/u_ddr4_infrastructure/mmcm_clk_in
    MMCM_X1Y13           MMCME4_ADV (Prop_MMCM_CLKIN1_CLKOUT0)
                                                     -0.127     1.862 r  i_dram_wrapper/i_dram/inst/u_ddr4_infrastructure/gen_mmcme4.u_mmcme_adv_inst/CLKOUT0
                         net (fo=1, routed)           0.244     2.106    i_dram_wrapper/i_dram/inst/u_ddr4_infrastructure/mmcm_clkout0
    BUFGCE_X1Y332        BUFGCE (Prop_BUFCE_BUFGCE_I_O)
                                                      0.028     2.134 r  i_dram_wrapper/i_dram/inst/u_ddr4_infrastructure/u_bufg_divClk/O
    X4Y10 (CLOCK_ROOT)   net (fo=36296, routed)       3.098     5.232    i_dram_wrapper/gen_cdc.i_axi_cdc_mig/i_axi_cdc_dst/i_cdc_fifo_gray_dst_w/dst_clk_i
    SLICE_X84Y855        FDCE                                         r  i_dram_wrapper/gen_cdc.i_axi_cdc_mig/i_axi_cdc_dst/i_cdc_fifo_gray_dst_w/rptr_q_reg[0]/C
  -------------------------------------------------------------------    -------------------
    SLICE_X84Y855        FDCE (Prop_DFF_SLICEM_C_Q)
                                                      0.078     5.310 r  i_dram_wrapper/gen_cdc.i_axi_cdc_mig/i_axi_cdc_dst/i_cdc_fifo_gray_dst_w/rptr_q_reg[0]/Q
                         net (fo=10, routed)          0.320     5.630    i_dram_wrapper/gen_cdc.i_axi_cdc_mig/i_axi_cdc_dst/i_cdc_fifo_gray_dst_w/i_rptr_g2b/A[0]
    SLICE_X85Y853        LUT6 (Prop_H6LUT_SLICEL_I3_O)
                                                      0.036     5.666 r  i_dram_wrapper/gen_cdc.i_axi_cdc_mig/i_axi_cdc_dst/i_cdc_fifo_gray_dst_w/i_rptr_g2b/Z[0]_INST_0/O
                         net (fo=4360, routed)        1.889     7.555    i_dram_wrapper/gen_cdc.i_axi_cdc_mig/i_axi_cdc_dst/i_cdc_fifo_gray_dst_w/rptr_next[0]
    SLICE_X124Y869       LUT6 (Prop_F6LUT_SLICEL_I4_O)
                                                      0.148     7.703 r  i_dram_wrapper/gen_cdc.i_axi_cdc_mig/i_axi_cdc_dst/i_cdc_fifo_gray_dst_w/i_spill_register_i_5595/O
                         net (fo=1, routed)           0.011     7.714    i_dram_wrapper/gen_cdc.i_axi_cdc_mig/i_axi_cdc_dst/i_cdc_fifo_gray_dst_w/i_spill_register_i_5595_n_0
    SLICE_X124Y869       MUXF7 (Prop_F7MUX_EF_SLICEL_I0_O)
                                                      0.064     7.778 r  i_dram_wrapper/gen_cdc.i_axi_cdc_mig/i_axi_cdc_dst/i_cdc_fifo_gray_dst_w/i_spill_register_i_1934/O
                         net (fo=1, routed)           0.320     8.098    i_dram_wrapper/gen_cdc.i_axi_cdc_mig/i_axi_cdc_dst/i_cdc_fifo_gray_dst_w/i_spill_register_i_1934_n_0
    SLICE_X124Y885       LUT6 (Prop_H6LUT_SLICEL_I1_O)
                                                      0.124     8.222 r  i_dram_wrapper/gen_cdc.i_axi_cdc_mig/i_axi_cdc_dst/i_cdc_fifo_gray_dst_w/i_spill_register_i_340/O
                         net (fo=1, routed)           0.051     8.273    i_dram_wrapper/gen_cdc.i_axi_cdc_mig/i_axi_cdc_dst/i_cdc_fifo_gray_dst_w/i_spill_register/spill_register_flushable_i/data_i[data][173]
    SLICE_X124Y885       FDCE                                         r  i_dram_wrapper/gen_cdc.i_axi_cdc_mig/i_axi_cdc_dst/i_cdc_fifo_gray_dst_w/i_spill_register/spill_register_flushable_i/gen_spill_reg.a_data_q_reg[data][173]/D
  -------------------------------------------------------------------    -------------------

                         (clock mmcm_clkout0 rise edge)
                                                      3.333     3.333 r  
    E12                                               0.000     3.333 r  sys_clk_p (IN)
                         net (fo=0)                   0.000     3.333    i_bufds_sys_clk/I
    HPIOBDIFFINBUF_X1Y300
                         DIFFINBUF (Prop_DIFFINBUF_HPIOBDIFFINBUF_DIFF_IN_P_O)
                                                      0.564     3.898 r  i_bufds_sys_clk/DIFFINBUF_INST/O
                         net (fo=1, routed)           0.040     3.938    i_bufds_sys_clk/OUT
    E12                  IBUFCTRL (Prop_IBUFCTRL_HPIOB_M_I_O)
                                                      0.000     3.938 r  i_bufds_sys_clk/IBUFCTRL_INST/O
                         net (fo=1, routed)           0.297     4.235    sys_clk
    BUFGCE_X1Y289        BUFGCE (Prop_BUFCE_BUFGCE_I_O)
                                                      0.024     4.259 r  sys_clk_BUFGCE_inst/O
                         net (fo=19, routed)          0.795     5.054    i_dram_wrapper/i_dram/inst/u_ddr4_infrastructure/mmcm_clk_in
    MMCM_X1Y13           MMCME4_ADV (Prop_MMCM_CLKIN1_CLKOUT0)
                                                      0.630     5.684 r  i_dram_wrapper/i_dram/inst/u_ddr4_infrastructure/gen_mmcme4.u_mmcme_adv_inst/CLKOUT0
                         net (fo=1, routed)           0.214     5.898    i_dram_wrapper/i_dram/inst/u_ddr4_infrastructure/mmcm_clkout0
    BUFGCE_X1Y332        BUFGCE (Prop_BUFCE_BUFGCE_I_O)
                                                      0.024     5.922 r  i_dram_wrapper/i_dram/inst/u_ddr4_infrastructure/u_bufg_divClk/O
    X4Y10 (CLOCK_ROOT)   net (fo=36296, routed)       2.489     8.411    i_dram_wrapper/gen_cdc.i_axi_cdc_mig/i_axi_cdc_dst/i_cdc_fifo_gray_dst_w/i_spill_register/spill_register_flushable_i/clk_i
    SLICE_X124Y885       FDCE                                         r  i_dram_wrapper/gen_cdc.i_axi_cdc_mig/i_axi_cdc_dst/i_cdc_fifo_gray_dst_w/i_spill_register/spill_register_flushable_i/gen_spill_reg.a_data_q_reg[data][173]/C
                         clock pessimism             -0.245     8.166    
                         clock uncertainty           -0.052     8.114    
    SLICE_X124Y885       FDCE (Setup_HFF_SLICEL_C_D)
                                                      0.025     8.139    i_dram_wrapper/gen_cdc.i_axi_cdc_mig/i_axi_cdc_dst/i_cdc_fifo_gray_dst_w/i_spill_register/spill_register_flushable_i/gen_spill_reg.a_data_q_reg[data][173]
  -------------------------------------------------------------------
                         required time                          8.139    
                         arrival time                          -8.273    
  -------------------------------------------------------------------
                         slack                                 -0.134    

Slack (VIOLATED) :        -0.134ns  (required time - arrival time)
  Source:                 i_dram_wrapper/gen_cdc.i_axi_cdc_mig/i_axi_cdc_dst/i_cdc_fifo_gray_src_r/wptr_q_reg[5]/C
                            (rising edge-triggered cell FDCE clocked by mmcm_clkout0  {rise@0.000ns fall@1.667ns period=3.333ns})
  Destination:            i_dram_wrapper/gen_cdc.i_axi_cdc_mig/i_axi_cdc_dst/i_cdc_fifo_gray_src_r/data_q_reg[17][data][120]/CE
                            (rising edge-triggered cell FDCE clocked by mmcm_clkout0  {rise@0.000ns fall@1.667ns period=3.333ns})
  Path Group:             mmcm_clkout0
  Path Type:              Setup (Max at Slow Process Corner)
  Requirement:            3.333ns  (mmcm_clkout0 rise@3.333ns - mmcm_clkout0 rise@0.000ns)
  Data Path Delay:        3.715ns  (logic 0.351ns (9.448%)  route 3.364ns (90.552%))
  Logic Levels:           3  (LUT2=1 LUT4=1 LUT6=1)
  Clock Path Skew:        0.360ns (DCD - SCD + CPR)
    Destination Clock Delay (DCD):    5.546ns = ( 8.880 - 3.333 ) 
    Source Clock Delay      (SCD):    4.874ns
    Clock Pessimism Removal (CPR):    -0.313ns
  Clock Uncertainty:      0.052ns  ((TSJ^2 + DJ^2)^1/2) / 2 + PE
    Total System Jitter     (TSJ):    0.071ns
    Discrete Jitter          (DJ):    0.076ns
    Phase Error              (PE):    0.000ns
  Clock Net Delay (Source):      2.740ns (routing 1.274ns, distribution 1.466ns)
  Clock Net Delay (Destination): 2.958ns (routing 1.157ns, distribution 1.801ns)

    Location             Delay type                Incr(ns)  Path(ns)    Netlist Resource(s)
  -------------------------------------------------------------------    -------------------
                         (clock mmcm_clkout0 rise edge)
                                                      0.000     0.000 r  
    E12                                               0.000     0.000 r  sys_clk_p (IN)
                         net (fo=0)                   0.000     0.000    i_bufds_sys_clk/I
    HPIOBDIFFINBUF_X1Y300
                         DIFFINBUF (Prop_DIFFINBUF_HPIOBDIFFINBUF_DIFF_IN_P_O)
                                                      0.675     0.675 r  i_bufds_sys_clk/DIFFINBUF_INST/O
                         net (fo=1, routed)           0.050     0.725    i_bufds_sys_clk/OUT
    E12                  IBUFCTRL (Prop_IBUFCTRL_HPIOB_M_I_O)
                                                      0.000     0.725 r  i_bufds_sys_clk/IBUFCTRL_INST/O
                         net (fo=1, routed)           0.335     1.060    sys_clk
    BUFGCE_X1Y289        BUFGCE (Prop_BUFCE_BUFGCE_I_O)
                                                      0.028     1.088 r  sys_clk_BUFGCE_inst/O
                         net (fo=19, routed)          0.901     1.989    i_dram_wrapper/i_dram/inst/u_ddr4_infrastructure/mmcm_clk_in
    MMCM_X1Y13           MMCME4_ADV (Prop_MMCM_CLKIN1_CLKOUT0)
                                                     -0.127     1.862 r  i_dram_wrapper/i_dram/inst/u_ddr4_infrastructure/gen_mmcme4.u_mmcme_adv_inst/CLKOUT0
                         net (fo=1, routed)           0.244     2.106    i_dram_wrapper/i_dram/inst/u_ddr4_infrastructure/mmcm_clkout0
    BUFGCE_X1Y332        BUFGCE (Prop_BUFCE_BUFGCE_I_O)
                                                      0.028     2.134 r  i_dram_wrapper/i_dram/inst/u_ddr4_infrastructure/u_bufg_divClk/O
    X4Y10 (CLOCK_ROOT)   net (fo=36296, routed)       2.740     4.874    i_dram_wrapper/gen_cdc.i_axi_cdc_mig/i_axi_cdc_dst/i_cdc_fifo_gray_src_r/src_clk_i
    SLICE_X122Y741       FDCE                                         r  i_dram_wrapper/gen_cdc.i_axi_cdc_mig/i_axi_cdc_dst/i_cdc_fifo_gray_src_r/wptr_q_reg[5]/C
  -------------------------------------------------------------------    -------------------
    SLICE_X122Y741       FDCE (Prop_EFF_SLICEL_C_Q)
                                                      0.079     4.953 r  i_dram_wrapper/gen_cdc.i_axi_cdc_mig/i_axi_cdc_dst/i_cdc_fifo_gray_src_r/wptr_q_reg[5]/Q
                         net (fo=12, routed)          0.332     5.285    i_dram_wrapper/gen_cdc.i_axi_cdc_mig/i_axi_cdc_dst/i_cdc_fifo_gray_src_r/i_wptr_g2b/A[5]
    SLICE_X122Y742       LUT4 (Prop_G6LUT_SLICEL_I1_O)
                                                      0.050     5.335 f  i_dram_wrapper/gen_cdc.i_axi_cdc_mig/i_axi_cdc_dst/i_cdc_fifo_gray_src_r/i_wptr_g2b/Z[2]_INST_0/O
                         net (fo=9, routed)           0.114     5.449    i_dram_wrapper/gen_cdc.i_axi_cdc_mig/i_axi_cdc_dst/i_cdc_fifo_gray_src_r/wptr_bin[2]
    SLICE_X122Y740       LUT2 (Prop_E6LUT_SLICEL_I1_O)
                                                      0.099     5.548 r  i_dram_wrapper/gen_cdc.i_axi_cdc_mig/i_axi_cdc_dst/i_cdc_fifo_gray_src_r/data_q[25][id][4]_i_2/O
                         net (fo=8, routed)           0.287     5.835    i_dram_wrapper/gen_cdc.i_axi_cdc_mig/i_axi_cdc_dst/i_cdc_fifo_gray_src_r/data_q[25][id][4]_i_2_n_0
    SLICE_X122Y743       LUT6 (Prop_G6LUT_SLICEL_I5_O)
                                                      0.123     5.958 r  i_dram_wrapper/gen_cdc.i_axi_cdc_mig/i_axi_cdc_dst/i_cdc_fifo_gray_src_r/data_q[17][id][4]_i_1/O
                         net (fo=518, routed)         2.631     8.589    i_dram_wrapper/gen_cdc.i_axi_cdc_mig/i_axi_cdc_dst/i_cdc_fifo_gray_src_r/data_q[17][id][4]_i_1_n_0
    SLICE_X54Y798        FDCE                                         r  i_dram_wrapper/gen_cdc.i_axi_cdc_mig/i_axi_cdc_dst/i_cdc_fifo_gray_src_r/data_q_reg[17][data][120]/CE
  -------------------------------------------------------------------    -------------------

                         (clock mmcm_clkout0 rise edge)
                                                      3.333     3.333 r  
    E12                                               0.000     3.333 r  sys_clk_p (IN)
                         net (fo=0)                   0.000     3.333    i_bufds_sys_clk/I
    HPIOBDIFFINBUF_X1Y300
                         DIFFINBUF (Prop_DIFFINBUF_HPIOBDIFFINBUF_DIFF_IN_P_O)
                                                      0.564     3.898 r  i_bufds_sys_clk/DIFFINBUF_INST/O
                         net (fo=1, routed)           0.040     3.938    i_bufds_sys_clk/OUT
    E12                  IBUFCTRL (Prop_IBUFCTRL_HPIOB_M_I_O)
                                                      0.000     3.938 r  i_bufds_sys_clk/IBUFCTRL_INST/O
                         net (fo=1, routed)           0.297     4.235    sys_clk
    BUFGCE_X1Y289        BUFGCE (Prop_BUFCE_BUFGCE_I_O)
                                                      0.024     4.259 r  sys_clk_BUFGCE_inst/O
                         net (fo=19, routed)          0.795     5.054    i_dram_wrapper/i_dram/inst/u_ddr4_infrastructure/mmcm_clk_in
    MMCM_X1Y13           MMCME4_ADV (Prop_MMCM_CLKIN1_CLKOUT0)
                                                      0.630     5.684 r  i_dram_wrapper/i_dram/inst/u_ddr4_infrastructure/gen_mmcme4.u_mmcme_adv_inst/CLKOUT0
                         net (fo=1, routed)           0.214     5.898    i_dram_wrapper/i_dram/inst/u_ddr4_infrastructure/mmcm_clkout0
    BUFGCE_X1Y332        BUFGCE (Prop_BUFCE_BUFGCE_I_O)
                                                      0.024     5.922 r  i_dram_wrapper/i_dram/inst/u_ddr4_infrastructure/u_bufg_divClk/O
    X4Y10 (CLOCK_ROOT)   net (fo=36296, routed)       2.958     8.880    i_dram_wrapper/gen_cdc.i_axi_cdc_mig/i_axi_cdc_dst/i_cdc_fifo_gray_src_r/src_clk_i
    SLICE_X54Y798        FDCE                                         r  i_dram_wrapper/gen_cdc.i_axi_cdc_mig/i_axi_cdc_dst/i_cdc_fifo_gray_src_r/data_q_reg[17][data][120]/C
                         clock pessimism             -0.313     8.567    
                         clock uncertainty           -0.052     8.515    
    SLICE_X54Y798        FDCE (Setup_HFF_SLICEL_C_CE)
                                                     -0.060     8.455    i_dram_wrapper/gen_cdc.i_axi_cdc_mig/i_axi_cdc_dst/i_cdc_fifo_gray_src_r/data_q_reg[17][data][120]
  -------------------------------------------------------------------
                         required time                          8.455    
                         arrival time                          -8.589    
  -------------------------------------------------------------------
                         slack                                 -0.134    

Slack (VIOLATED) :        -0.133ns  (required time - arrival time)
  Source:                 i_dram_wrapper/gen_cdc.i_axi_cdc_mig/i_axi_cdc_dst/i_cdc_fifo_gray_dst_w/rptr_q_reg[0]/C
                            (rising edge-triggered cell FDCE clocked by mmcm_clkout0  {rise@0.000ns fall@1.667ns period=3.333ns})
  Destination:            i_dram_wrapper/gen_cdc.i_axi_cdc_mig/i_axi_cdc_dst/i_cdc_fifo_gray_dst_w/i_spill_register/spill_register_flushable_i/gen_spill_reg.a_data_q_reg[data][185]/D
                            (rising edge-triggered cell FDCE clocked by mmcm_clkout0  {rise@0.000ns fall@1.667ns period=3.333ns})
  Path Group:             mmcm_clkout0
  Path Type:              Setup (Max at Slow Process Corner)
  Requirement:            3.333ns  (mmcm_clkout0 rise@3.333ns - mmcm_clkout0 rise@0.000ns)
  Data Path Delay:        3.107ns  (logic 0.398ns (12.810%)  route 2.709ns (87.190%))
  Logic Levels:           4  (LUT6=3 MUXF7=1)
  Clock Path Skew:        -0.332ns (DCD - SCD + CPR)
    Destination Clock Delay (DCD):    5.142ns = ( 8.476 - 3.333 ) 
    Source Clock Delay      (SCD):    5.232ns
    Clock Pessimism Removal (CPR):    -0.243ns
  Clock Uncertainty:      0.052ns  ((TSJ^2 + DJ^2)^1/2) / 2 + PE
    Total System Jitter     (TSJ):    0.071ns
    Discrete Jitter          (DJ):    0.076ns
    Phase Error              (PE):    0.000ns
  Clock Net Delay (Source):      3.098ns (routing 1.274ns, distribution 1.824ns)
  Clock Net Delay (Destination): 2.554ns (routing 1.157ns, distribution 1.397ns)

    Location             Delay type                Incr(ns)  Path(ns)    Netlist Resource(s)
  -------------------------------------------------------------------    -------------------
                         (clock mmcm_clkout0 rise edge)
                                                      0.000     0.000 r  
    E12                                               0.000     0.000 r  sys_clk_p (IN)
                         net (fo=0)                   0.000     0.000    i_bufds_sys_clk/I
    HPIOBDIFFINBUF_X1Y300
                         DIFFINBUF (Prop_DIFFINBUF_HPIOBDIFFINBUF_DIFF_IN_P_O)
                                                      0.675     0.675 r  i_bufds_sys_clk/DIFFINBUF_INST/O
                         net (fo=1, routed)           0.050     0.725    i_bufds_sys_clk/OUT
    E12                  IBUFCTRL (Prop_IBUFCTRL_HPIOB_M_I_O)
                                                      0.000     0.725 r  i_bufds_sys_clk/IBUFCTRL_INST/O
                         net (fo=1, routed)           0.335     1.060    sys_clk
    BUFGCE_X1Y289        BUFGCE (Prop_BUFCE_BUFGCE_I_O)
                                                      0.028     1.088 r  sys_clk_BUFGCE_inst/O
                         net (fo=19, routed)          0.901     1.989    i_dram_wrapper/i_dram/inst/u_ddr4_infrastructure/mmcm_clk_in
    MMCM_X1Y13           MMCME4_ADV (Prop_MMCM_CLKIN1_CLKOUT0)
                                                     -0.127     1.862 r  i_dram_wrapper/i_dram/inst/u_ddr4_infrastructure/gen_mmcme4.u_mmcme_adv_inst/CLKOUT0
                         net (fo=1, routed)           0.244     2.106    i_dram_wrapper/i_dram/inst/u_ddr4_infrastructure/mmcm_clkout0
    BUFGCE_X1Y332        BUFGCE (Prop_BUFCE_BUFGCE_I_O)
                                                      0.028     2.134 r  i_dram_wrapper/i_dram/inst/u_ddr4_infrastructure/u_bufg_divClk/O
    X4Y10 (CLOCK_ROOT)   net (fo=36296, routed)       3.098     5.232    i_dram_wrapper/gen_cdc.i_axi_cdc_mig/i_axi_cdc_dst/i_cdc_fifo_gray_dst_w/dst_clk_i
    SLICE_X84Y855        FDCE                                         r  i_dram_wrapper/gen_cdc.i_axi_cdc_mig/i_axi_cdc_dst/i_cdc_fifo_gray_dst_w/rptr_q_reg[0]/C
  -------------------------------------------------------------------    -------------------
    SLICE_X84Y855        FDCE (Prop_DFF_SLICEM_C_Q)
                                                      0.078     5.310 r  i_dram_wrapper/gen_cdc.i_axi_cdc_mig/i_axi_cdc_dst/i_cdc_fifo_gray_dst_w/rptr_q_reg[0]/Q
                         net (fo=10, routed)          0.320     5.630    i_dram_wrapper/gen_cdc.i_axi_cdc_mig/i_axi_cdc_dst/i_cdc_fifo_gray_dst_w/i_rptr_g2b/A[0]
    SLICE_X85Y853        LUT6 (Prop_H6LUT_SLICEL_I3_O)
                                                      0.036     5.666 r  i_dram_wrapper/gen_cdc.i_axi_cdc_mig/i_axi_cdc_dst/i_cdc_fifo_gray_dst_w/i_rptr_g2b/Z[0]_INST_0/O
                         net (fo=4360, routed)        1.977     7.643    i_dram_wrapper/gen_cdc.i_axi_cdc_mig/i_axi_cdc_dst/i_cdc_fifo_gray_dst_w/rptr_next[0]
    SLICE_X147Y863       LUT6 (Prop_D6LUT_SLICEL_I4_O)
                                                      0.099     7.742 r  i_dram_wrapper/gen_cdc.i_axi_cdc_mig/i_axi_cdc_dst/i_cdc_fifo_gray_dst_w/i_spill_register_i_5499/O
                         net (fo=1, routed)           0.009     7.751    i_dram_wrapper/gen_cdc.i_axi_cdc_mig/i_axi_cdc_dst/i_cdc_fifo_gray_dst_w/i_spill_register_i_5499_n_0
    SLICE_X147Y863       MUXF7 (Prop_F7MUX_CD_SLICEL_I0_O)
                                                      0.063     7.814 r  i_dram_wrapper/gen_cdc.i_axi_cdc_mig/i_axi_cdc_dst/i_cdc_fifo_gray_dst_w/i_spill_register_i_1886/O
                         net (fo=1, routed)           0.354     8.168    i_dram_wrapper/gen_cdc.i_axi_cdc_mig/i_axi_cdc_dst/i_cdc_fifo_gray_dst_w/i_spill_register_i_1886_n_0
    SLICE_X143Y862       LUT6 (Prop_D6LUT_SLICEL_I1_O)
                                                      0.122     8.290 r  i_dram_wrapper/gen_cdc.i_axi_cdc_mig/i_axi_cdc_dst/i_cdc_fifo_gray_dst_w/i_spill_register_i_328/O
                         net (fo=1, routed)           0.049     8.339    i_dram_wrapper/gen_cdc.i_axi_cdc_mig/i_axi_cdc_dst/i_cdc_fifo_gray_dst_w/i_spill_register/spill_register_flushable_i/data_i[data][185]
    SLICE_X143Y862       FDCE                                         r  i_dram_wrapper/gen_cdc.i_axi_cdc_mig/i_axi_cdc_dst/i_cdc_fifo_gray_dst_w/i_spill_register/spill_register_flushable_i/gen_spill_reg.a_data_q_reg[data][185]/D
  -------------------------------------------------------------------    -------------------

                         (clock mmcm_clkout0 rise edge)
                                                      3.333     3.333 r  
    E12                                               0.000     3.333 r  sys_clk_p (IN)
                         net (fo=0)                   0.000     3.333    i_bufds_sys_clk/I
    HPIOBDIFFINBUF_X1Y300
                         DIFFINBUF (Prop_DIFFINBUF_HPIOBDIFFINBUF_DIFF_IN_P_O)
                                                      0.564     3.898 r  i_bufds_sys_clk/DIFFINBUF_INST/O
                         net (fo=1, routed)           0.040     3.938    i_bufds_sys_clk/OUT
    E12                  IBUFCTRL (Prop_IBUFCTRL_HPIOB_M_I_O)
                                                      0.000     3.938 r  i_bufds_sys_clk/IBUFCTRL_INST/O
                         net (fo=1, routed)           0.297     4.235    sys_clk
    BUFGCE_X1Y289        BUFGCE (Prop_BUFCE_BUFGCE_I_O)
                                                      0.024     4.259 r  sys_clk_BUFGCE_inst/O
                         net (fo=19, routed)          0.795     5.054    i_dram_wrapper/i_dram/inst/u_ddr4_infrastructure/mmcm_clk_in
    MMCM_X1Y13           MMCME4_ADV (Prop_MMCM_CLKIN1_CLKOUT0)
                                                      0.630     5.684 r  i_dram_wrapper/i_dram/inst/u_ddr4_infrastructure/gen_mmcme4.u_mmcme_adv_inst/CLKOUT0
                         net (fo=1, routed)           0.214     5.898    i_dram_wrapper/i_dram/inst/u_ddr4_infrastructure/mmcm_clkout0
    BUFGCE_X1Y332        BUFGCE (Prop_BUFCE_BUFGCE_I_O)
                                                      0.024     5.922 r  i_dram_wrapper/i_dram/inst/u_ddr4_infrastructure/u_bufg_divClk/O
    X4Y10 (CLOCK_ROOT)   net (fo=36296, routed)       2.554     8.476    i_dram_wrapper/gen_cdc.i_axi_cdc_mig/i_axi_cdc_dst/i_cdc_fifo_gray_dst_w/i_spill_register/spill_register_flushable_i/clk_i
    SLICE_X143Y862       FDCE                                         r  i_dram_wrapper/gen_cdc.i_axi_cdc_mig/i_axi_cdc_dst/i_cdc_fifo_gray_dst_w/i_spill_register/spill_register_flushable_i/gen_spill_reg.a_data_q_reg[data][185]/C
                         clock pessimism             -0.243     8.233    
                         clock uncertainty           -0.052     8.181    
    SLICE_X143Y862       FDCE (Setup_DFF_SLICEL_C_D)
                                                      0.025     8.206    i_dram_wrapper/gen_cdc.i_axi_cdc_mig/i_axi_cdc_dst/i_cdc_fifo_gray_dst_w/i_spill_register/spill_register_flushable_i/gen_spill_reg.a_data_q_reg[data][185]
  -------------------------------------------------------------------
                         required time                          8.206    
                         arrival time                          -8.339    
  -------------------------------------------------------------------
                         slack                                 -0.133    

Slack (VIOLATED) :        -0.132ns  (required time - arrival time)
  Source:                 i_dram_wrapper/gen_cdc.i_axi_cdc_mig/i_axi_cdc_dst/i_cdc_fifo_gray_dst_w/rptr_q_reg[0]/C
                            (rising edge-triggered cell FDCE clocked by mmcm_clkout0  {rise@0.000ns fall@1.667ns period=3.333ns})
  Destination:            i_dram_wrapper/gen_cdc.i_axi_cdc_mig/i_axi_cdc_dst/i_cdc_fifo_gray_dst_w/i_spill_register/spill_register_flushable_i/gen_spill_reg.a_data_q_reg[strb][37]/D
                            (rising edge-triggered cell FDCE clocked by mmcm_clkout0  {rise@0.000ns fall@1.667ns period=3.333ns})
  Path Group:             mmcm_clkout0
  Path Type:              Setup (Max at Slow Process Corner)
  Requirement:            3.333ns  (mmcm_clkout0 rise@3.333ns - mmcm_clkout0 rise@0.000ns)
  Data Path Delay:        2.991ns  (logic 0.284ns (9.495%)  route 2.707ns (90.505%))
  Logic Levels:           4  (LUT6=3 MUXF7=1)
  Clock Path Skew:        -0.447ns (DCD - SCD + CPR)
    Destination Clock Delay (DCD):    5.029ns = ( 8.363 - 3.333 ) 
    Source Clock Delay      (SCD):    5.232ns
    Clock Pessimism Removal (CPR):    -0.245ns
  Clock Uncertainty:      0.052ns  ((TSJ^2 + DJ^2)^1/2) / 2 + PE
    Total System Jitter     (TSJ):    0.071ns
    Discrete Jitter          (DJ):    0.076ns
    Phase Error              (PE):    0.000ns
  Clock Net Delay (Source):      3.098ns (routing 1.274ns, distribution 1.824ns)
  Clock Net Delay (Destination): 2.441ns (routing 1.157ns, distribution 1.284ns)

    Location             Delay type                Incr(ns)  Path(ns)    Netlist Resource(s)
  -------------------------------------------------------------------    -------------------
                         (clock mmcm_clkout0 rise edge)
                                                      0.000     0.000 r  
    E12                                               0.000     0.000 r  sys_clk_p (IN)
                         net (fo=0)                   0.000     0.000    i_bufds_sys_clk/I
    HPIOBDIFFINBUF_X1Y300
                         DIFFINBUF (Prop_DIFFINBUF_HPIOBDIFFINBUF_DIFF_IN_P_O)
                                                      0.675     0.675 r  i_bufds_sys_clk/DIFFINBUF_INST/O
                         net (fo=1, routed)           0.050     0.725    i_bufds_sys_clk/OUT
    E12                  IBUFCTRL (Prop_IBUFCTRL_HPIOB_M_I_O)
                                                      0.000     0.725 r  i_bufds_sys_clk/IBUFCTRL_INST/O
                         net (fo=1, routed)           0.335     1.060    sys_clk
    BUFGCE_X1Y289        BUFGCE (Prop_BUFCE_BUFGCE_I_O)
                                                      0.028     1.088 r  sys_clk_BUFGCE_inst/O
                         net (fo=19, routed)          0.901     1.989    i_dram_wrapper/i_dram/inst/u_ddr4_infrastructure/mmcm_clk_in
    MMCM_X1Y13           MMCME4_ADV (Prop_MMCM_CLKIN1_CLKOUT0)
                                                     -0.127     1.862 r  i_dram_wrapper/i_dram/inst/u_ddr4_infrastructure/gen_mmcme4.u_mmcme_adv_inst/CLKOUT0
                         net (fo=1, routed)           0.244     2.106    i_dram_wrapper/i_dram/inst/u_ddr4_infrastructure/mmcm_clkout0
    BUFGCE_X1Y332        BUFGCE (Prop_BUFCE_BUFGCE_I_O)
                                                      0.028     2.134 r  i_dram_wrapper/i_dram/inst/u_ddr4_infrastructure/u_bufg_divClk/O
    X4Y10 (CLOCK_ROOT)   net (fo=36296, routed)       3.098     5.232    i_dram_wrapper/gen_cdc.i_axi_cdc_mig/i_axi_cdc_dst/i_cdc_fifo_gray_dst_w/dst_clk_i
    SLICE_X84Y855        FDCE                                         r  i_dram_wrapper/gen_cdc.i_axi_cdc_mig/i_axi_cdc_dst/i_cdc_fifo_gray_dst_w/rptr_q_reg[0]/C
  -------------------------------------------------------------------    -------------------
    SLICE_X84Y855        FDCE (Prop_DFF_SLICEM_C_Q)
                                                      0.078     5.310 r  i_dram_wrapper/gen_cdc.i_axi_cdc_mig/i_axi_cdc_dst/i_cdc_fifo_gray_dst_w/rptr_q_reg[0]/Q
                         net (fo=10, routed)          0.320     5.630    i_dram_wrapper/gen_cdc.i_axi_cdc_mig/i_axi_cdc_dst/i_cdc_fifo_gray_dst_w/i_rptr_g2b/A[0]
    SLICE_X85Y853        LUT6 (Prop_H6LUT_SLICEL_I3_O)
                                                      0.036     5.666 r  i_dram_wrapper/gen_cdc.i_axi_cdc_mig/i_axi_cdc_dst/i_cdc_fifo_gray_dst_w/i_rptr_g2b/Z[0]_INST_0/O
                         net (fo=4360, routed)        2.085     7.751    i_dram_wrapper/gen_cdc.i_axi_cdc_mig/i_axi_cdc_dst/i_cdc_fifo_gray_dst_w/rptr_next[0]
    SLICE_X141Y863       LUT6 (Prop_B6LUT_SLICEM_I4_O)
                                                      0.052     7.803 r  i_dram_wrapper/gen_cdc.i_axi_cdc_mig/i_axi_cdc_dst/i_cdc_fifo_gray_dst_w/i_spill_register_i_7193/O
                         net (fo=1, routed)           0.017     7.820    i_dram_wrapper/gen_cdc.i_axi_cdc_mig/i_axi_cdc_dst/i_cdc_fifo_gray_dst_w/i_spill_register_i_7193_n_0
    SLICE_X141Y863       MUXF7 (Prop_F7MUX_AB_SLICEM_I0_O)
                                                      0.067     7.887 r  i_dram_wrapper/gen_cdc.i_axi_cdc_mig/i_axi_cdc_dst/i_cdc_fifo_gray_dst_w/i_spill_register_i_2733/O
                         net (fo=1, routed)           0.213     8.100    i_dram_wrapper/gen_cdc.i_axi_cdc_mig/i_axi_cdc_dst/i_cdc_fifo_gray_dst_w/i_spill_register_i_2733_n_0
    SLICE_X141Y863       LUT6 (Prop_D6LUT_SLICEM_I0_O)
                                                      0.051     8.151 r  i_dram_wrapper/gen_cdc.i_axi_cdc_mig/i_axi_cdc_dst/i_cdc_fifo_gray_dst_w/i_spill_register_i_540/O
                         net (fo=1, routed)           0.072     8.223    i_dram_wrapper/gen_cdc.i_axi_cdc_mig/i_axi_cdc_dst/i_cdc_fifo_gray_dst_w/i_spill_register/spill_register_flushable_i/data_i[strb][37]
    SLICE_X141Y863       FDCE                                         r  i_dram_wrapper/gen_cdc.i_axi_cdc_mig/i_axi_cdc_dst/i_cdc_fifo_gray_dst_w/i_spill_register/spill_register_flushable_i/gen_spill_reg.a_data_q_reg[strb][37]/D
  -------------------------------------------------------------------    -------------------

                         (clock mmcm_clkout0 rise edge)
                                                      3.333     3.333 r  
    E12                                               0.000     3.333 r  sys_clk_p (IN)
                         net (fo=0)                   0.000     3.333    i_bufds_sys_clk/I
    HPIOBDIFFINBUF_X1Y300
                         DIFFINBUF (Prop_DIFFINBUF_HPIOBDIFFINBUF_DIFF_IN_P_O)
                                                      0.564     3.898 r  i_bufds_sys_clk/DIFFINBUF_INST/O
                         net (fo=1, routed)           0.040     3.938    i_bufds_sys_clk/OUT
    E12                  IBUFCTRL (Prop_IBUFCTRL_HPIOB_M_I_O)
                                                      0.000     3.938 r  i_bufds_sys_clk/IBUFCTRL_INST/O
                         net (fo=1, routed)           0.297     4.235    sys_clk
    BUFGCE_X1Y289        BUFGCE (Prop_BUFCE_BUFGCE_I_O)
                                                      0.024     4.259 r  sys_clk_BUFGCE_inst/O
                         net (fo=19, routed)          0.795     5.054    i_dram_wrapper/i_dram/inst/u_ddr4_infrastructure/mmcm_clk_in
    MMCM_X1Y13           MMCME4_ADV (Prop_MMCM_CLKIN1_CLKOUT0)
                                                      0.630     5.684 r  i_dram_wrapper/i_dram/inst/u_ddr4_infrastructure/gen_mmcme4.u_mmcme_adv_inst/CLKOUT0
                         net (fo=1, routed)           0.214     5.898    i_dram_wrapper/i_dram/inst/u_ddr4_infrastructure/mmcm_clkout0
    BUFGCE_X1Y332        BUFGCE (Prop_BUFCE_BUFGCE_I_O)
                                                      0.024     5.922 r  i_dram_wrapper/i_dram/inst/u_ddr4_infrastructure/u_bufg_divClk/O
    X4Y10 (CLOCK_ROOT)   net (fo=36296, routed)       2.441     8.363    i_dram_wrapper/gen_cdc.i_axi_cdc_mig/i_axi_cdc_dst/i_cdc_fifo_gray_dst_w/i_spill_register/spill_register_flushable_i/clk_i
    SLICE_X141Y863       FDCE                                         r  i_dram_wrapper/gen_cdc.i_axi_cdc_mig/i_axi_cdc_dst/i_cdc_fifo_gray_dst_w/i_spill_register/spill_register_flushable_i/gen_spill_reg.a_data_q_reg[strb][37]/C
                         clock pessimism             -0.245     8.118    
                         clock uncertainty           -0.052     8.066    
    SLICE_X141Y863       FDCE (Setup_DFF_SLICEM_C_D)
                                                      0.025     8.091    i_dram_wrapper/gen_cdc.i_axi_cdc_mig/i_axi_cdc_dst/i_cdc_fifo_gray_dst_w/i_spill_register/spill_register_flushable_i/gen_spill_reg.a_data_q_reg[strb][37]
  -------------------------------------------------------------------
                         required time                          8.091    
                         arrival time                          -8.223    
  -------------------------------------------------------------------
                         slack                                 -0.132    

Slack (VIOLATED) :        -0.131ns  (required time - arrival time)
  Source:                 i_dram_wrapper/gen_cdc.i_axi_cdc_mig/i_axi_cdc_dst/i_cdc_fifo_gray_dst_w/rptr_q_reg[0]/C
                            (rising edge-triggered cell FDCE clocked by mmcm_clkout0  {rise@0.000ns fall@1.667ns period=3.333ns})
  Destination:            i_dram_wrapper/gen_cdc.i_axi_cdc_mig/i_axi_cdc_dst/i_cdc_fifo_gray_dst_w/i_spill_register/spill_register_flushable_i/gen_spill_reg.a_data_q_reg[data][390]/D
                            (rising edge-triggered cell FDCE clocked by mmcm_clkout0  {rise@0.000ns fall@1.667ns period=3.333ns})
  Path Group:             mmcm_clkout0
  Path Type:              Setup (Max at Slow Process Corner)
  Requirement:            3.333ns  (mmcm_clkout0 rise@3.333ns - mmcm_clkout0 rise@0.000ns)
  Data Path Delay:        2.999ns  (logic 0.382ns (12.738%)  route 2.617ns (87.262%))
  Logic Levels:           4  (LUT6=3 MUXF7=1)
  Clock Path Skew:        -0.438ns (DCD - SCD + CPR)
    Destination Clock Delay (DCD):    5.038ns = ( 8.372 - 3.333 ) 
    Source Clock Delay      (SCD):    5.232ns
    Clock Pessimism Removal (CPR):    -0.245ns
  Clock Uncertainty:      0.052ns  ((TSJ^2 + DJ^2)^1/2) / 2 + PE
    Total System Jitter     (TSJ):    0.071ns
    Discrete Jitter          (DJ):    0.076ns
    Phase Error              (PE):    0.000ns
  Clock Net Delay (Source):      3.098ns (routing 1.274ns, distribution 1.824ns)
  Clock Net Delay (Destination): 2.450ns (routing 1.157ns, distribution 1.293ns)

    Location             Delay type                Incr(ns)  Path(ns)    Netlist Resource(s)
  -------------------------------------------------------------------    -------------------
                         (clock mmcm_clkout0 rise edge)
                                                      0.000     0.000 r  
    E12                                               0.000     0.000 r  sys_clk_p (IN)
                         net (fo=0)                   0.000     0.000    i_bufds_sys_clk/I
    HPIOBDIFFINBUF_X1Y300
                         DIFFINBUF (Prop_DIFFINBUF_HPIOBDIFFINBUF_DIFF_IN_P_O)
                                                      0.675     0.675 r  i_bufds_sys_clk/DIFFINBUF_INST/O
                         net (fo=1, routed)           0.050     0.725    i_bufds_sys_clk/OUT
    E12                  IBUFCTRL (Prop_IBUFCTRL_HPIOB_M_I_O)
                                                      0.000     0.725 r  i_bufds_sys_clk/IBUFCTRL_INST/O
                         net (fo=1, routed)           0.335     1.060    sys_clk
    BUFGCE_X1Y289        BUFGCE (Prop_BUFCE_BUFGCE_I_O)
                                                      0.028     1.088 r  sys_clk_BUFGCE_inst/O
                         net (fo=19, routed)          0.901     1.989    i_dram_wrapper/i_dram/inst/u_ddr4_infrastructure/mmcm_clk_in
    MMCM_X1Y13           MMCME4_ADV (Prop_MMCM_CLKIN1_CLKOUT0)
                                                     -0.127     1.862 r  i_dram_wrapper/i_dram/inst/u_ddr4_infrastructure/gen_mmcme4.u_mmcme_adv_inst/CLKOUT0
                         net (fo=1, routed)           0.244     2.106    i_dram_wrapper/i_dram/inst/u_ddr4_infrastructure/mmcm_clkout0
    BUFGCE_X1Y332        BUFGCE (Prop_BUFCE_BUFGCE_I_O)
                                                      0.028     2.134 r  i_dram_wrapper/i_dram/inst/u_ddr4_infrastructure/u_bufg_divClk/O
    X4Y10 (CLOCK_ROOT)   net (fo=36296, routed)       3.098     5.232    i_dram_wrapper/gen_cdc.i_axi_cdc_mig/i_axi_cdc_dst/i_cdc_fifo_gray_dst_w/dst_clk_i
    SLICE_X84Y855        FDCE                                         r  i_dram_wrapper/gen_cdc.i_axi_cdc_mig/i_axi_cdc_dst/i_cdc_fifo_gray_dst_w/rptr_q_reg[0]/C
  -------------------------------------------------------------------    -------------------
    SLICE_X84Y855        FDCE (Prop_DFF_SLICEM_C_Q)
                                                      0.078     5.310 r  i_dram_wrapper/gen_cdc.i_axi_cdc_mig/i_axi_cdc_dst/i_cdc_fifo_gray_dst_w/rptr_q_reg[0]/Q
                         net (fo=10, routed)          0.320     5.630    i_dram_wrapper/gen_cdc.i_axi_cdc_mig/i_axi_cdc_dst/i_cdc_fifo_gray_dst_w/i_rptr_g2b/A[0]
    SLICE_X85Y853        LUT6 (Prop_H6LUT_SLICEL_I3_O)
                                                      0.036     5.666 r  i_dram_wrapper/gen_cdc.i_axi_cdc_mig/i_axi_cdc_dst/i_cdc_fifo_gray_dst_w/i_rptr_g2b/Z[0]_INST_0/O
                         net (fo=4360, routed)        1.918     7.584    i_dram_wrapper/gen_cdc.i_axi_cdc_mig/i_axi_cdc_dst/i_cdc_fifo_gray_dst_w/rptr_next[0]
    SLICE_X148Y855       LUT6 (Prop_D6LUT_SLICEM_I4_O)
                                                      0.099     7.683 r  i_dram_wrapper/gen_cdc.i_axi_cdc_mig/i_axi_cdc_dst/i_cdc_fifo_gray_dst_w/i_spill_register_i_3859/O
                         net (fo=1, routed)           0.025     7.708    i_dram_wrapper/gen_cdc.i_axi_cdc_mig/i_axi_cdc_dst/i_cdc_fifo_gray_dst_w/i_spill_register_i_3859_n_0
    SLICE_X148Y855       MUXF7 (Prop_F7MUX_CD_SLICEM_I0_O)
                                                      0.069     7.777 r  i_dram_wrapper/gen_cdc.i_axi_cdc_mig/i_axi_cdc_dst/i_cdc_fifo_gray_dst_w/i_spill_register_i_1066/O
                         net (fo=1, routed)           0.295     8.072    i_dram_wrapper/gen_cdc.i_axi_cdc_mig/i_axi_cdc_dst/i_cdc_fifo_gray_dst_w/i_spill_register_i_1066_n_0
    SLICE_X141Y853       LUT6 (Prop_B6LUT_SLICEM_I1_O)
                                                      0.100     8.172 r  i_dram_wrapper/gen_cdc.i_axi_cdc_mig/i_axi_cdc_dst/i_cdc_fifo_gray_dst_w/i_spill_register_i_123/O
                         net (fo=1, routed)           0.059     8.231    i_dram_wrapper/gen_cdc.i_axi_cdc_mig/i_axi_cdc_dst/i_cdc_fifo_gray_dst_w/i_spill_register/spill_register_flushable_i/data_i[data][390]
    SLICE_X141Y853       FDCE                                         r  i_dram_wrapper/gen_cdc.i_axi_cdc_mig/i_axi_cdc_dst/i_cdc_fifo_gray_dst_w/i_spill_register/spill_register_flushable_i/gen_spill_reg.a_data_q_reg[data][390]/D
  -------------------------------------------------------------------    -------------------

                         (clock mmcm_clkout0 rise edge)
                                                      3.333     3.333 r  
    E12                                               0.000     3.333 r  sys_clk_p (IN)
                         net (fo=0)                   0.000     3.333    i_bufds_sys_clk/I
    HPIOBDIFFINBUF_X1Y300
                         DIFFINBUF (Prop_DIFFINBUF_HPIOBDIFFINBUF_DIFF_IN_P_O)
                                                      0.564     3.898 r  i_bufds_sys_clk/DIFFINBUF_INST/O
                         net (fo=1, routed)           0.040     3.938    i_bufds_sys_clk/OUT
    E12                  IBUFCTRL (Prop_IBUFCTRL_HPIOB_M_I_O)
                                                      0.000     3.938 r  i_bufds_sys_clk/IBUFCTRL_INST/O
                         net (fo=1, routed)           0.297     4.235    sys_clk
    BUFGCE_X1Y289        BUFGCE (Prop_BUFCE_BUFGCE_I_O)
                                                      0.024     4.259 r  sys_clk_BUFGCE_inst/O
                         net (fo=19, routed)          0.795     5.054    i_dram_wrapper/i_dram/inst/u_ddr4_infrastructure/mmcm_clk_in
    MMCM_X1Y13           MMCME4_ADV (Prop_MMCM_CLKIN1_CLKOUT0)
                                                      0.630     5.684 r  i_dram_wrapper/i_dram/inst/u_ddr4_infrastructure/gen_mmcme4.u_mmcme_adv_inst/CLKOUT0
                         net (fo=1, routed)           0.214     5.898    i_dram_wrapper/i_dram/inst/u_ddr4_infrastructure/mmcm_clkout0
    BUFGCE_X1Y332        BUFGCE (Prop_BUFCE_BUFGCE_I_O)
                                                      0.024     5.922 r  i_dram_wrapper/i_dram/inst/u_ddr4_infrastructure/u_bufg_divClk/O
    X4Y10 (CLOCK_ROOT)   net (fo=36296, routed)       2.450     8.372    i_dram_wrapper/gen_cdc.i_axi_cdc_mig/i_axi_cdc_dst/i_cdc_fifo_gray_dst_w/i_spill_register/spill_register_flushable_i/clk_i
    SLICE_X141Y853       FDCE                                         r  i_dram_wrapper/gen_cdc.i_axi_cdc_mig/i_axi_cdc_dst/i_cdc_fifo_gray_dst_w/i_spill_register/spill_register_flushable_i/gen_spill_reg.a_data_q_reg[data][390]/C
                         clock pessimism             -0.245     8.127    
                         clock uncertainty           -0.052     8.075    
    SLICE_X141Y853       FDCE (Setup_BFF_SLICEM_C_D)
                                                      0.025     8.100    i_dram_wrapper/gen_cdc.i_axi_cdc_mig/i_axi_cdc_dst/i_cdc_fifo_gray_dst_w/i_spill_register/spill_register_flushable_i/gen_spill_reg.a_data_q_reg[data][390]
  -------------------------------------------------------------------
                         required time                          8.100    
                         arrival time                          -8.231    
  -------------------------------------------------------------------
                         slack                                 -0.131    

Slack (VIOLATED) :        -0.130ns  (required time - arrival time)
  Source:                 i_dram_wrapper/gen_cdc.i_axi_cdc_mig/i_axi_cdc_dst/i_cdc_fifo_gray_dst_w/rptr_q_reg[0]/C
                            (rising edge-triggered cell FDCE clocked by mmcm_clkout0  {rise@0.000ns fall@1.667ns period=3.333ns})
  Destination:            i_dram_wrapper/gen_cdc.i_axi_cdc_mig/i_axi_cdc_dst/i_cdc_fifo_gray_dst_w/i_spill_register/spill_register_flushable_i/gen_spill_reg.a_data_q_reg[data][335]/D
                            (rising edge-triggered cell FDCE clocked by mmcm_clkout0  {rise@0.000ns fall@1.667ns period=3.333ns})
  Path Group:             mmcm_clkout0
  Path Type:              Setup (Max at Slow Process Corner)
  Requirement:            3.333ns  (mmcm_clkout0 rise@3.333ns - mmcm_clkout0 rise@0.000ns)
  Data Path Delay:        3.288ns  (logic 0.367ns (11.162%)  route 2.921ns (88.838%))
  Logic Levels:           4  (LUT6=3 MUXF7=1)
  Clock Path Skew:        -0.148ns (DCD - SCD + CPR)
    Destination Clock Delay (DCD):    5.379ns = ( 8.713 - 3.333 ) 
    Source Clock Delay      (SCD):    5.232ns
    Clock Pessimism Removal (CPR):    -0.296ns
  Clock Uncertainty:      0.052ns  ((TSJ^2 + DJ^2)^1/2) / 2 + PE
    Total System Jitter     (TSJ):    0.071ns
    Discrete Jitter          (DJ):    0.076ns
    Phase Error              (PE):    0.000ns
  Clock Net Delay (Source):      3.098ns (routing 1.274ns, distribution 1.824ns)
  Clock Net Delay (Destination): 2.791ns (routing 1.157ns, distribution 1.634ns)

    Location             Delay type                Incr(ns)  Path(ns)    Netlist Resource(s)
  -------------------------------------------------------------------    -------------------
                         (clock mmcm_clkout0 rise edge)
                                                      0.000     0.000 r  
    E12                                               0.000     0.000 r  sys_clk_p (IN)
                         net (fo=0)                   0.000     0.000    i_bufds_sys_clk/I
    HPIOBDIFFINBUF_X1Y300
                         DIFFINBUF (Prop_DIFFINBUF_HPIOBDIFFINBUF_DIFF_IN_P_O)
                                                      0.675     0.675 r  i_bufds_sys_clk/DIFFINBUF_INST/O
                         net (fo=1, routed)           0.050     0.725    i_bufds_sys_clk/OUT
    E12                  IBUFCTRL (Prop_IBUFCTRL_HPIOB_M_I_O)
                                                      0.000     0.725 r  i_bufds_sys_clk/IBUFCTRL_INST/O
                         net (fo=1, routed)           0.335     1.060    sys_clk
    BUFGCE_X1Y289        BUFGCE (Prop_BUFCE_BUFGCE_I_O)
                                                      0.028     1.088 r  sys_clk_BUFGCE_inst/O
                         net (fo=19, routed)          0.901     1.989    i_dram_wrapper/i_dram/inst/u_ddr4_infrastructure/mmcm_clk_in
    MMCM_X1Y13           MMCME4_ADV (Prop_MMCM_CLKIN1_CLKOUT0)
                                                     -0.127     1.862 r  i_dram_wrapper/i_dram/inst/u_ddr4_infrastructure/gen_mmcme4.u_mmcme_adv_inst/CLKOUT0
                         net (fo=1, routed)           0.244     2.106    i_dram_wrapper/i_dram/inst/u_ddr4_infrastructure/mmcm_clkout0
    BUFGCE_X1Y332        BUFGCE (Prop_BUFCE_BUFGCE_I_O)
                                                      0.028     2.134 r  i_dram_wrapper/i_dram/inst/u_ddr4_infrastructure/u_bufg_divClk/O
    X4Y10 (CLOCK_ROOT)   net (fo=36296, routed)       3.098     5.232    i_dram_wrapper/gen_cdc.i_axi_cdc_mig/i_axi_cdc_dst/i_cdc_fifo_gray_dst_w/dst_clk_i
    SLICE_X84Y855        FDCE                                         r  i_dram_wrapper/gen_cdc.i_axi_cdc_mig/i_axi_cdc_dst/i_cdc_fifo_gray_dst_w/rptr_q_reg[0]/C
  -------------------------------------------------------------------    -------------------
    SLICE_X84Y855        FDCE (Prop_DFF_SLICEM_C_Q)
                                                      0.078     5.310 r  i_dram_wrapper/gen_cdc.i_axi_cdc_mig/i_axi_cdc_dst/i_cdc_fifo_gray_dst_w/rptr_q_reg[0]/Q
                         net (fo=10, routed)          0.320     5.630    i_dram_wrapper/gen_cdc.i_axi_cdc_mig/i_axi_cdc_dst/i_cdc_fifo_gray_dst_w/i_rptr_g2b/A[0]
    SLICE_X85Y853        LUT6 (Prop_H6LUT_SLICEL_I3_O)
                                                      0.036     5.666 r  i_dram_wrapper/gen_cdc.i_axi_cdc_mig/i_axi_cdc_dst/i_cdc_fifo_gray_dst_w/i_rptr_g2b/Z[0]_INST_0/O
                         net (fo=4360, routed)        1.702     7.368    i_dram_wrapper/gen_cdc.i_axi_cdc_mig/i_axi_cdc_dst/i_cdc_fifo_gray_dst_w/rptr_next[0]
    SLICE_X46Y833        LUT6 (Prop_H6LUT_SLICEL_I4_O)
                                                      0.090     7.458 r  i_dram_wrapper/gen_cdc.i_axi_cdc_mig/i_axi_cdc_dst/i_cdc_fifo_gray_dst_w/i_spill_register_i_4303/O
                         net (fo=1, routed)           0.010     7.468    i_dram_wrapper/gen_cdc.i_axi_cdc_mig/i_axi_cdc_dst/i_cdc_fifo_gray_dst_w/i_spill_register_i_4303_n_0
    SLICE_X46Y833        MUXF7 (Prop_F7MUX_GH_SLICEL_I0_O)
                                                      0.064     7.532 r  i_dram_wrapper/gen_cdc.i_axi_cdc_mig/i_axi_cdc_dst/i_cdc_fifo_gray_dst_w/i_spill_register_i_1288/O
                         net (fo=1, routed)           0.817     8.349    i_dram_wrapper/gen_cdc.i_axi_cdc_mig/i_axi_cdc_dst/i_cdc_fifo_gray_dst_w/i_spill_register_i_1288_n_0
    SLICE_X76Y829        LUT6 (Prop_D6LUT_SLICEM_I5_O)
                                                      0.099     8.448 r  i_dram_wrapper/gen_cdc.i_axi_cdc_mig/i_axi_cdc_dst/i_cdc_fifo_gray_dst_w/i_spill_register_i_178/O
                         net (fo=1, routed)           0.072     8.520    i_dram_wrapper/gen_cdc.i_axi_cdc_mig/i_axi_cdc_dst/i_cdc_fifo_gray_dst_w/i_spill_register/spill_register_flushable_i/data_i[data][335]
    SLICE_X76Y829        FDCE                                         r  i_dram_wrapper/gen_cdc.i_axi_cdc_mig/i_axi_cdc_dst/i_cdc_fifo_gray_dst_w/i_spill_register/spill_register_flushable_i/gen_spill_reg.a_data_q_reg[data][335]/D
  -------------------------------------------------------------------    -------------------

                         (clock mmcm_clkout0 rise edge)
                                                      3.333     3.333 r  
    E12                                               0.000     3.333 r  sys_clk_p (IN)
                         net (fo=0)                   0.000     3.333    i_bufds_sys_clk/I
    HPIOBDIFFINBUF_X1Y300
                         DIFFINBUF (Prop_DIFFINBUF_HPIOBDIFFINBUF_DIFF_IN_P_O)
                                                      0.564     3.898 r  i_bufds_sys_clk/DIFFINBUF_INST/O
                         net (fo=1, routed)           0.040     3.938    i_bufds_sys_clk/OUT
    E12                  IBUFCTRL (Prop_IBUFCTRL_HPIOB_M_I_O)
                                                      0.000     3.938 r  i_bufds_sys_clk/IBUFCTRL_INST/O
                         net (fo=1, routed)           0.297     4.235    sys_clk
    BUFGCE_X1Y289        BUFGCE (Prop_BUFCE_BUFGCE_I_O)
                                                      0.024     4.259 r  sys_clk_BUFGCE_inst/O
                         net (fo=19, routed)          0.795     5.054    i_dram_wrapper/i_dram/inst/u_ddr4_infrastructure/mmcm_clk_in
    MMCM_X1Y13           MMCME4_ADV (Prop_MMCM_CLKIN1_CLKOUT0)
                                                      0.630     5.684 r  i_dram_wrapper/i_dram/inst/u_ddr4_infrastructure/gen_mmcme4.u_mmcme_adv_inst/CLKOUT0
                         net (fo=1, routed)           0.214     5.898    i_dram_wrapper/i_dram/inst/u_ddr4_infrastructure/mmcm_clkout0
    BUFGCE_X1Y332        BUFGCE (Prop_BUFCE_BUFGCE_I_O)
                                                      0.024     5.922 r  i_dram_wrapper/i_dram/inst/u_ddr4_infrastructure/u_bufg_divClk/O
    X4Y10 (CLOCK_ROOT)   net (fo=36296, routed)       2.791     8.713    i_dram_wrapper/gen_cdc.i_axi_cdc_mig/i_axi_cdc_dst/i_cdc_fifo_gray_dst_w/i_spill_register/spill_register_flushable_i/clk_i
    SLICE_X76Y829        FDCE                                         r  i_dram_wrapper/gen_cdc.i_axi_cdc_mig/i_axi_cdc_dst/i_cdc_fifo_gray_dst_w/i_spill_register/spill_register_flushable_i/gen_spill_reg.a_data_q_reg[data][335]/C
                         clock pessimism             -0.296     8.417    
                         clock uncertainty           -0.052     8.365    
    SLICE_X76Y829        FDCE (Setup_DFF_SLICEM_C_D)
                                                      0.025     8.390    i_dram_wrapper/gen_cdc.i_axi_cdc_mig/i_axi_cdc_dst/i_cdc_fifo_gray_dst_w/i_spill_register/spill_register_flushable_i/gen_spill_reg.a_data_q_reg[data][335]
  -------------------------------------------------------------------
                         required time                          8.390    
                         arrival time                          -8.520    
  -------------------------------------------------------------------
                         slack                                 -0.130    

Slack (VIOLATED) :        -0.129ns  (required time - arrival time)
  Source:                 i_dram_wrapper/gen_cdc.i_axi_cdc_mig/i_axi_cdc_dst/i_cdc_fifo_gray_dst_w/rptr_q_reg[0]/C
                            (rising edge-triggered cell FDCE clocked by mmcm_clkout0  {rise@0.000ns fall@1.667ns period=3.333ns})
  Destination:            i_dram_wrapper/gen_cdc.i_axi_cdc_mig/i_axi_cdc_dst/i_cdc_fifo_gray_dst_w/i_spill_register/spill_register_flushable_i/gen_spill_reg.a_data_q_reg[data][167]/D
                            (rising edge-triggered cell FDCE clocked by mmcm_clkout0  {rise@0.000ns fall@1.667ns period=3.333ns})
  Path Group:             mmcm_clkout0
  Path Type:              Setup (Max at Slow Process Corner)
  Requirement:            3.333ns  (mmcm_clkout0 rise@3.333ns - mmcm_clkout0 rise@0.000ns)
  Data Path Delay:        3.016ns  (logic 0.359ns (11.903%)  route 2.657ns (88.097%))
  Logic Levels:           4  (LUT6=3 MUXF7=1)
  Clock Path Skew:        -0.419ns (DCD - SCD + CPR)
    Destination Clock Delay (DCD):    5.057ns = ( 8.391 - 3.333 ) 
    Source Clock Delay      (SCD):    5.232ns
    Clock Pessimism Removal (CPR):    -0.245ns
  Clock Uncertainty:      0.052ns  ((TSJ^2 + DJ^2)^1/2) / 2 + PE
    Total System Jitter     (TSJ):    0.071ns
    Discrete Jitter          (DJ):    0.076ns
    Phase Error              (PE):    0.000ns
  Clock Net Delay (Source):      3.098ns (routing 1.274ns, distribution 1.824ns)
  Clock Net Delay (Destination): 2.469ns (routing 1.157ns, distribution 1.312ns)

    Location             Delay type                Incr(ns)  Path(ns)    Netlist Resource(s)
  -------------------------------------------------------------------    -------------------
                         (clock mmcm_clkout0 rise edge)
                                                      0.000     0.000 r  
    E12                                               0.000     0.000 r  sys_clk_p (IN)
                         net (fo=0)                   0.000     0.000    i_bufds_sys_clk/I
    HPIOBDIFFINBUF_X1Y300
                         DIFFINBUF (Prop_DIFFINBUF_HPIOBDIFFINBUF_DIFF_IN_P_O)
                                                      0.675     0.675 r  i_bufds_sys_clk/DIFFINBUF_INST/O
                         net (fo=1, routed)           0.050     0.725    i_bufds_sys_clk/OUT
    E12                  IBUFCTRL (Prop_IBUFCTRL_HPIOB_M_I_O)
                                                      0.000     0.725 r  i_bufds_sys_clk/IBUFCTRL_INST/O
                         net (fo=1, routed)           0.335     1.060    sys_clk
    BUFGCE_X1Y289        BUFGCE (Prop_BUFCE_BUFGCE_I_O)
                                                      0.028     1.088 r  sys_clk_BUFGCE_inst/O
                         net (fo=19, routed)          0.901     1.989    i_dram_wrapper/i_dram/inst/u_ddr4_infrastructure/mmcm_clk_in
    MMCM_X1Y13           MMCME4_ADV (Prop_MMCM_CLKIN1_CLKOUT0)
                                                     -0.127     1.862 r  i_dram_wrapper/i_dram/inst/u_ddr4_infrastructure/gen_mmcme4.u_mmcme_adv_inst/CLKOUT0
                         net (fo=1, routed)           0.244     2.106    i_dram_wrapper/i_dram/inst/u_ddr4_infrastructure/mmcm_clkout0
    BUFGCE_X1Y332        BUFGCE (Prop_BUFCE_BUFGCE_I_O)
                                                      0.028     2.134 r  i_dram_wrapper/i_dram/inst/u_ddr4_infrastructure/u_bufg_divClk/O
    X4Y10 (CLOCK_ROOT)   net (fo=36296, routed)       3.098     5.232    i_dram_wrapper/gen_cdc.i_axi_cdc_mig/i_axi_cdc_dst/i_cdc_fifo_gray_dst_w/dst_clk_i
    SLICE_X84Y855        FDCE                                         r  i_dram_wrapper/gen_cdc.i_axi_cdc_mig/i_axi_cdc_dst/i_cdc_fifo_gray_dst_w/rptr_q_reg[0]/C
  -------------------------------------------------------------------    -------------------
    SLICE_X84Y855        FDCE (Prop_DFF_SLICEM_C_Q)
                                                      0.078     5.310 r  i_dram_wrapper/gen_cdc.i_axi_cdc_mig/i_axi_cdc_dst/i_cdc_fifo_gray_dst_w/rptr_q_reg[0]/Q
                         net (fo=10, routed)          0.320     5.630    i_dram_wrapper/gen_cdc.i_axi_cdc_mig/i_axi_cdc_dst/i_cdc_fifo_gray_dst_w/i_rptr_g2b/A[0]
    SLICE_X85Y853        LUT6 (Prop_H6LUT_SLICEL_I3_O)
                                                      0.036     5.666 r  i_dram_wrapper/gen_cdc.i_axi_cdc_mig/i_axi_cdc_dst/i_cdc_fifo_gray_dst_w/i_rptr_g2b/Z[0]_INST_0/O
                         net (fo=4360, routed)        1.896     7.562    i_dram_wrapper/gen_cdc.i_axi_cdc_mig/i_axi_cdc_dst/i_cdc_fifo_gray_dst_w/rptr_next[0]
    SLICE_X137Y863       LUT6 (Prop_D6LUT_SLICEM_I4_O)
                                                      0.088     7.650 r  i_dram_wrapper/gen_cdc.i_axi_cdc_mig/i_axi_cdc_dst/i_cdc_fifo_gray_dst_w/i_spill_register_i_5645/O
                         net (fo=1, routed)           0.025     7.675    i_dram_wrapper/gen_cdc.i_axi_cdc_mig/i_axi_cdc_dst/i_cdc_fifo_gray_dst_w/i_spill_register_i_5645_n_0
    SLICE_X137Y863       MUXF7 (Prop_F7MUX_CD_SLICEM_I0_O)
                                                      0.069     7.744 r  i_dram_wrapper/gen_cdc.i_axi_cdc_mig/i_axi_cdc_dst/i_cdc_fifo_gray_dst_w/i_spill_register_i_1959/O
                         net (fo=1, routed)           0.366     8.110    i_dram_wrapper/gen_cdc.i_axi_cdc_mig/i_axi_cdc_dst/i_cdc_fifo_gray_dst_w/i_spill_register_i_1959_n_0
    SLICE_X130Y867       LUT6 (Prop_C6LUT_SLICEL_I3_O)
                                                      0.088     8.198 r  i_dram_wrapper/gen_cdc.i_axi_cdc_mig/i_axi_cdc_dst/i_cdc_fifo_gray_dst_w/i_spill_register_i_346/O
                         net (fo=1, routed)           0.050     8.248    i_dram_wrapper/gen_cdc.i_axi_cdc_mig/i_axi_cdc_dst/i_cdc_fifo_gray_dst_w/i_spill_register/spill_register_flushable_i/data_i[data][167]
    SLICE_X130Y867       FDCE                                         r  i_dram_wrapper/gen_cdc.i_axi_cdc_mig/i_axi_cdc_dst/i_cdc_fifo_gray_dst_w/i_spill_register/spill_register_flushable_i/gen_spill_reg.a_data_q_reg[data][167]/D
  -------------------------------------------------------------------    -------------------

                         (clock mmcm_clkout0 rise edge)
                                                      3.333     3.333 r  
    E12                                               0.000     3.333 r  sys_clk_p (IN)
                         net (fo=0)                   0.000     3.333    i_bufds_sys_clk/I
    HPIOBDIFFINBUF_X1Y300
                         DIFFINBUF (Prop_DIFFINBUF_HPIOBDIFFINBUF_DIFF_IN_P_O)
                                                      0.564     3.898 r  i_bufds_sys_clk/DIFFINBUF_INST/O
                         net (fo=1, routed)           0.040     3.938    i_bufds_sys_clk/OUT
    E12                  IBUFCTRL (Prop_IBUFCTRL_HPIOB_M_I_O)
                                                      0.000     3.938 r  i_bufds_sys_clk/IBUFCTRL_INST/O
                         net (fo=1, routed)           0.297     4.235    sys_clk
    BUFGCE_X1Y289        BUFGCE (Prop_BUFCE_BUFGCE_I_O)
                                                      0.024     4.259 r  sys_clk_BUFGCE_inst/O
                         net (fo=19, routed)          0.795     5.054    i_dram_wrapper/i_dram/inst/u_ddr4_infrastructure/mmcm_clk_in
    MMCM_X1Y13           MMCME4_ADV (Prop_MMCM_CLKIN1_CLKOUT0)
                                                      0.630     5.684 r  i_dram_wrapper/i_dram/inst/u_ddr4_infrastructure/gen_mmcme4.u_mmcme_adv_inst/CLKOUT0
                         net (fo=1, routed)           0.214     5.898    i_dram_wrapper/i_dram/inst/u_ddr4_infrastructure/mmcm_clkout0
    BUFGCE_X1Y332        BUFGCE (Prop_BUFCE_BUFGCE_I_O)
                                                      0.024     5.922 r  i_dram_wrapper/i_dram/inst/u_ddr4_infrastructure/u_bufg_divClk/O
    X4Y10 (CLOCK_ROOT)   net (fo=36296, routed)       2.469     8.391    i_dram_wrapper/gen_cdc.i_axi_cdc_mig/i_axi_cdc_dst/i_cdc_fifo_gray_dst_w/i_spill_register/spill_register_flushable_i/clk_i
    SLICE_X130Y867       FDCE                                         r  i_dram_wrapper/gen_cdc.i_axi_cdc_mig/i_axi_cdc_dst/i_cdc_fifo_gray_dst_w/i_spill_register/spill_register_flushable_i/gen_spill_reg.a_data_q_reg[data][167]/C
                         clock pessimism             -0.245     8.146    
                         clock uncertainty           -0.052     8.094    
    SLICE_X130Y867       FDCE (Setup_CFF_SLICEL_C_D)
                                                      0.025     8.119    i_dram_wrapper/gen_cdc.i_axi_cdc_mig/i_axi_cdc_dst/i_cdc_fifo_gray_dst_w/i_spill_register/spill_register_flushable_i/gen_spill_reg.a_data_q_reg[data][167]
  -------------------------------------------------------------------
                         required time                          8.119    
                         arrival time                          -8.248    
  -------------------------------------------------------------------
                         slack                                 -0.129    

Slack (VIOLATED) :        -0.128ns  (required time - arrival time)
  Source:                 i_dram_wrapper/gen_cdc.i_axi_cdc_mig/i_axi_cdc_dst/i_cdc_fifo_gray_dst_w/rptr_q_reg[0]/C
                            (rising edge-triggered cell FDCE clocked by mmcm_clkout0  {rise@0.000ns fall@1.667ns period=3.333ns})
  Destination:            i_dram_wrapper/gen_cdc.i_axi_cdc_mig/i_axi_cdc_dst/i_cdc_fifo_gray_dst_w/i_spill_register/spill_register_flushable_i/gen_spill_reg.a_data_q_reg[data][246]/D
                            (rising edge-triggered cell FDCE clocked by mmcm_clkout0  {rise@0.000ns fall@1.667ns period=3.333ns})
  Path Group:             mmcm_clkout0
  Path Type:              Setup (Max at Slow Process Corner)
  Requirement:            3.333ns  (mmcm_clkout0 rise@3.333ns - mmcm_clkout0 rise@0.000ns)
  Data Path Delay:        3.057ns  (logic 0.457ns (14.949%)  route 2.600ns (85.051%))
  Logic Levels:           4  (LUT6=3 MUXF7=1)
  Clock Path Skew:        -0.377ns (DCD - SCD + CPR)
    Destination Clock Delay (DCD):    5.097ns = ( 8.431 - 3.333 ) 
    Source Clock Delay      (SCD):    5.232ns
    Clock Pessimism Removal (CPR):    -0.243ns
  Clock Uncertainty:      0.052ns  ((TSJ^2 + DJ^2)^1/2) / 2 + PE
    Total System Jitter     (TSJ):    0.071ns
    Discrete Jitter          (DJ):    0.076ns
    Phase Error              (PE):    0.000ns
  Clock Net Delay (Source):      3.098ns (routing 1.274ns, distribution 1.824ns)
  Clock Net Delay (Destination): 2.509ns (routing 1.157ns, distribution 1.352ns)

    Location             Delay type                Incr(ns)  Path(ns)    Netlist Resource(s)
  -------------------------------------------------------------------    -------------------
                         (clock mmcm_clkout0 rise edge)
                                                      0.000     0.000 r  
    E12                                               0.000     0.000 r  sys_clk_p (IN)
                         net (fo=0)                   0.000     0.000    i_bufds_sys_clk/I
    HPIOBDIFFINBUF_X1Y300
                         DIFFINBUF (Prop_DIFFINBUF_HPIOBDIFFINBUF_DIFF_IN_P_O)
                                                      0.675     0.675 r  i_bufds_sys_clk/DIFFINBUF_INST/O
                         net (fo=1, routed)           0.050     0.725    i_bufds_sys_clk/OUT
    E12                  IBUFCTRL (Prop_IBUFCTRL_HPIOB_M_I_O)
                                                      0.000     0.725 r  i_bufds_sys_clk/IBUFCTRL_INST/O
                         net (fo=1, routed)           0.335     1.060    sys_clk
    BUFGCE_X1Y289        BUFGCE (Prop_BUFCE_BUFGCE_I_O)
                                                      0.028     1.088 r  sys_clk_BUFGCE_inst/O
                         net (fo=19, routed)          0.901     1.989    i_dram_wrapper/i_dram/inst/u_ddr4_infrastructure/mmcm_clk_in
    MMCM_X1Y13           MMCME4_ADV (Prop_MMCM_CLKIN1_CLKOUT0)
                                                     -0.127     1.862 r  i_dram_wrapper/i_dram/inst/u_ddr4_infrastructure/gen_mmcme4.u_mmcme_adv_inst/CLKOUT0
                         net (fo=1, routed)           0.244     2.106    i_dram_wrapper/i_dram/inst/u_ddr4_infrastructure/mmcm_clkout0
    BUFGCE_X1Y332        BUFGCE (Prop_BUFCE_BUFGCE_I_O)
                                                      0.028     2.134 r  i_dram_wrapper/i_dram/inst/u_ddr4_infrastructure/u_bufg_divClk/O
    X4Y10 (CLOCK_ROOT)   net (fo=36296, routed)       3.098     5.232    i_dram_wrapper/gen_cdc.i_axi_cdc_mig/i_axi_cdc_dst/i_cdc_fifo_gray_dst_w/dst_clk_i
    SLICE_X84Y855        FDCE                                         r  i_dram_wrapper/gen_cdc.i_axi_cdc_mig/i_axi_cdc_dst/i_cdc_fifo_gray_dst_w/rptr_q_reg[0]/C
  -------------------------------------------------------------------    -------------------
    SLICE_X84Y855        FDCE (Prop_DFF_SLICEM_C_Q)
                                                      0.078     5.310 r  i_dram_wrapper/gen_cdc.i_axi_cdc_mig/i_axi_cdc_dst/i_cdc_fifo_gray_dst_w/rptr_q_reg[0]/Q
                         net (fo=10, routed)          0.320     5.630    i_dram_wrapper/gen_cdc.i_axi_cdc_mig/i_axi_cdc_dst/i_cdc_fifo_gray_dst_w/i_rptr_g2b/A[0]
    SLICE_X85Y853        LUT6 (Prop_H6LUT_SLICEL_I3_O)
                                                      0.036     5.666 r  i_dram_wrapper/gen_cdc.i_axi_cdc_mig/i_axi_cdc_dst/i_cdc_fifo_gray_dst_w/i_rptr_g2b/Z[0]_INST_0/O
                         net (fo=4360, routed)        2.020     7.686    i_dram_wrapper/gen_cdc.i_axi_cdc_mig/i_axi_cdc_dst/i_cdc_fifo_gray_dst_w/rptr_next[0]
    SLICE_X144Y856       LUT6 (Prop_H6LUT_SLICEM_I4_O)
                                                      0.152     7.838 r  i_dram_wrapper/gen_cdc.i_axi_cdc_mig/i_axi_cdc_dst/i_cdc_fifo_gray_dst_w/i_spill_register_i_5009/O
                         net (fo=1, routed)           0.014     7.852    i_dram_wrapper/gen_cdc.i_axi_cdc_mig/i_axi_cdc_dst/i_cdc_fifo_gray_dst_w/i_spill_register_i_5009_n_0
    SLICE_X144Y856       MUXF7 (Prop_F7MUX_GH_SLICEM_I0_O)
                                                      0.066     7.918 r  i_dram_wrapper/gen_cdc.i_axi_cdc_mig/i_axi_cdc_dst/i_cdc_fifo_gray_dst_w/i_spill_register_i_1641/O
                         net (fo=1, routed)           0.187     8.105    i_dram_wrapper/gen_cdc.i_axi_cdc_mig/i_axi_cdc_dst/i_cdc_fifo_gray_dst_w/i_spill_register_i_1641_n_0
    SLICE_X144Y859       LUT6 (Prop_B6LUT_SLICEM_I0_O)
                                                      0.125     8.230 r  i_dram_wrapper/gen_cdc.i_axi_cdc_mig/i_axi_cdc_dst/i_cdc_fifo_gray_dst_w/i_spill_register_i_267/O
                         net (fo=1, routed)           0.059     8.289    i_dram_wrapper/gen_cdc.i_axi_cdc_mig/i_axi_cdc_dst/i_cdc_fifo_gray_dst_w/i_spill_register/spill_register_flushable_i/data_i[data][246]
    SLICE_X144Y859       FDCE                                         r  i_dram_wrapper/gen_cdc.i_axi_cdc_mig/i_axi_cdc_dst/i_cdc_fifo_gray_dst_w/i_spill_register/spill_register_flushable_i/gen_spill_reg.a_data_q_reg[data][246]/D
  -------------------------------------------------------------------    -------------------

                         (clock mmcm_clkout0 rise edge)
                                                      3.333     3.333 r  
    E12                                               0.000     3.333 r  sys_clk_p (IN)
                         net (fo=0)                   0.000     3.333    i_bufds_sys_clk/I
    HPIOBDIFFINBUF_X1Y300
                         DIFFINBUF (Prop_DIFFINBUF_HPIOBDIFFINBUF_DIFF_IN_P_O)
                                                      0.564     3.898 r  i_bufds_sys_clk/DIFFINBUF_INST/O
                         net (fo=1, routed)           0.040     3.938    i_bufds_sys_clk/OUT
    E12                  IBUFCTRL (Prop_IBUFCTRL_HPIOB_M_I_O)
                                                      0.000     3.938 r  i_bufds_sys_clk/IBUFCTRL_INST/O
                         net (fo=1, routed)           0.297     4.235    sys_clk
    BUFGCE_X1Y289        BUFGCE (Prop_BUFCE_BUFGCE_I_O)
                                                      0.024     4.259 r  sys_clk_BUFGCE_inst/O
                         net (fo=19, routed)          0.795     5.054    i_dram_wrapper/i_dram/inst/u_ddr4_infrastructure/mmcm_clk_in
    MMCM_X1Y13           MMCME4_ADV (Prop_MMCM_CLKIN1_CLKOUT0)
                                                      0.630     5.684 r  i_dram_wrapper/i_dram/inst/u_ddr4_infrastructure/gen_mmcme4.u_mmcme_adv_inst/CLKOUT0
                         net (fo=1, routed)           0.214     5.898    i_dram_wrapper/i_dram/inst/u_ddr4_infrastructure/mmcm_clkout0
    BUFGCE_X1Y332        BUFGCE (Prop_BUFCE_BUFGCE_I_O)
                                                      0.024     5.922 r  i_dram_wrapper/i_dram/inst/u_ddr4_infrastructure/u_bufg_divClk/O
    X4Y10 (CLOCK_ROOT)   net (fo=36296, routed)       2.509     8.431    i_dram_wrapper/gen_cdc.i_axi_cdc_mig/i_axi_cdc_dst/i_cdc_fifo_gray_dst_w/i_spill_register/spill_register_flushable_i/clk_i
    SLICE_X144Y859       FDCE                                         r  i_dram_wrapper/gen_cdc.i_axi_cdc_mig/i_axi_cdc_dst/i_cdc_fifo_gray_dst_w/i_spill_register/spill_register_flushable_i/gen_spill_reg.a_data_q_reg[data][246]/C
                         clock pessimism             -0.243     8.188    
                         clock uncertainty           -0.052     8.136    
    SLICE_X144Y859       FDCE (Setup_BFF_SLICEM_C_D)
                                                      0.025     8.161    i_dram_wrapper/gen_cdc.i_axi_cdc_mig/i_axi_cdc_dst/i_cdc_fifo_gray_dst_w/i_spill_register/spill_register_flushable_i/gen_spill_reg.a_data_q_reg[data][246]
  -------------------------------------------------------------------
                         required time                          8.161    
                         arrival time                          -8.289    
  -------------------------------------------------------------------
                         slack                                 -0.128    

Slack (VIOLATED) :        -0.128ns  (required time - arrival time)
  Source:                 i_dram_wrapper/gen_cdc.i_axi_cdc_mig/i_axi_cdc_dst/i_cdc_fifo_gray_dst_w/rptr_q_reg[4]/C
                            (rising edge-triggered cell FDCE clocked by mmcm_clkout0  {rise@0.000ns fall@1.667ns period=3.333ns})
  Destination:            i_dram_wrapper/gen_cdc.i_axi_cdc_mig/i_axi_cdc_dst/i_cdc_fifo_gray_dst_w/i_spill_register/spill_register_flushable_i/gen_spill_reg.a_data_q_reg[data][483]/D
                            (rising edge-triggered cell FDCE clocked by mmcm_clkout0  {rise@0.000ns fall@1.667ns period=3.333ns})
  Path Group:             mmcm_clkout0
  Path Type:              Setup (Max at Slow Process Corner)
  Requirement:            3.333ns  (mmcm_clkout0 rise@3.333ns - mmcm_clkout0 rise@0.000ns)
  Data Path Delay:        3.376ns  (logic 0.279ns (8.264%)  route 3.097ns (91.736%))
  Logic Levels:           4  (LUT5=1 LUT6=2 MUXF7=1)
  Clock Path Skew:        -0.058ns (DCD - SCD + CPR)
    Destination Clock Delay (DCD):    5.392ns = ( 8.726 - 3.333 ) 
    Source Clock Delay      (SCD):    5.230ns
    Clock Pessimism Removal (CPR):    -0.221ns
  Clock Uncertainty:      0.052ns  ((TSJ^2 + DJ^2)^1/2) / 2 + PE
    Total System Jitter     (TSJ):    0.071ns
    Discrete Jitter          (DJ):    0.076ns
    Phase Error              (PE):    0.000ns
  Clock Net Delay (Source):      3.096ns (routing 1.274ns, distribution 1.822ns)
  Clock Net Delay (Destination): 2.804ns (routing 1.157ns, distribution 1.647ns)

    Location             Delay type                Incr(ns)  Path(ns)    Netlist Resource(s)
  -------------------------------------------------------------------    -------------------
                         (clock mmcm_clkout0 rise edge)
                                                      0.000     0.000 r  
    E12                                               0.000     0.000 r  sys_clk_p (IN)
                         net (fo=0)                   0.000     0.000    i_bufds_sys_clk/I
    HPIOBDIFFINBUF_X1Y300
                         DIFFINBUF (Prop_DIFFINBUF_HPIOBDIFFINBUF_DIFF_IN_P_O)
                                                      0.675     0.675 r  i_bufds_sys_clk/DIFFINBUF_INST/O
                         net (fo=1, routed)           0.050     0.725    i_bufds_sys_clk/OUT
    E12                  IBUFCTRL (Prop_IBUFCTRL_HPIOB_M_I_O)
                                                      0.000     0.725 r  i_bufds_sys_clk/IBUFCTRL_INST/O
                         net (fo=1, routed)           0.335     1.060    sys_clk
    BUFGCE_X1Y289        BUFGCE (Prop_BUFCE_BUFGCE_I_O)
                                                      0.028     1.088 r  sys_clk_BUFGCE_inst/O
                         net (fo=19, routed)          0.901     1.989    i_dram_wrapper/i_dram/inst/u_ddr4_infrastructure/mmcm_clk_in
    MMCM_X1Y13           MMCME4_ADV (Prop_MMCM_CLKIN1_CLKOUT0)
                                                     -0.127     1.862 r  i_dram_wrapper/i_dram/inst/u_ddr4_infrastructure/gen_mmcme4.u_mmcme_adv_inst/CLKOUT0
                         net (fo=1, routed)           0.244     2.106    i_dram_wrapper/i_dram/inst/u_ddr4_infrastructure/mmcm_clkout0
    BUFGCE_X1Y332        BUFGCE (Prop_BUFCE_BUFGCE_I_O)
                                                      0.028     2.134 r  i_dram_wrapper/i_dram/inst/u_ddr4_infrastructure/u_bufg_divClk/O
    X4Y10 (CLOCK_ROOT)   net (fo=36296, routed)       3.096     5.230    i_dram_wrapper/gen_cdc.i_axi_cdc_mig/i_axi_cdc_dst/i_cdc_fifo_gray_dst_w/dst_clk_i
    SLICE_X85Y855        FDCE                                         r  i_dram_wrapper/gen_cdc.i_axi_cdc_mig/i_axi_cdc_dst/i_cdc_fifo_gray_dst_w/rptr_q_reg[4]/C
  -------------------------------------------------------------------    -------------------
    SLICE_X85Y855        FDCE (Prop_GFF_SLICEL_C_Q)
                                                      0.079     5.309 r  i_dram_wrapper/gen_cdc.i_axi_cdc_mig/i_axi_cdc_dst/i_cdc_fifo_gray_dst_w/rptr_q_reg[4]/Q
                         net (fo=14, routed)          0.224     5.533    i_dram_wrapper/gen_cdc.i_axi_cdc_mig/i_axi_cdc_dst/i_cdc_fifo_gray_dst_w/i_rptr_g2b/A[4]
    SLICE_X85Y854        LUT5 (Prop_H6LUT_SLICEL_I3_O)
                                                      0.051     5.584 r  i_dram_wrapper/gen_cdc.i_axi_cdc_mig/i_axi_cdc_dst/i_cdc_fifo_gray_dst_w/i_rptr_g2b/Z[1]_INST_0/O
                         net (fo=4614, routed)        1.716     7.300    i_dram_wrapper/gen_cdc.i_axi_cdc_mig/i_axi_cdc_dst/i_cdc_fifo_gray_dst_w/rptr_bin[1]
    SLICE_X44Y888        LUT6 (Prop_C6LUT_SLICEL_I2_O)
                                                      0.035     7.335 r  i_dram_wrapper/gen_cdc.i_axi_cdc_mig/i_axi_cdc_dst/i_cdc_fifo_gray_dst_w/i_spill_register_i_3116/O
                         net (fo=1, routed)           0.010     7.345    i_dram_wrapper/gen_cdc.i_axi_cdc_mig/i_axi_cdc_dst/i_cdc_fifo_gray_dst_w/i_spill_register_i_3116_n_0
    SLICE_X44Y888        MUXF7 (Prop_F7MUX_CD_SLICEL_I1_O)
                                                      0.064     7.409 r  i_dram_wrapper/gen_cdc.i_axi_cdc_mig/i_axi_cdc_dst/i_cdc_fifo_gray_dst_w/i_spill_register_i_694/O
                         net (fo=1, routed)           1.099     8.508    i_dram_wrapper/gen_cdc.i_axi_cdc_mig/i_axi_cdc_dst/i_cdc_fifo_gray_dst_w/i_spill_register_i_694_n_0
    SLICE_X69Y869        LUT6 (Prop_A6LUT_SLICEL_I1_O)
                                                      0.050     8.558 r  i_dram_wrapper/gen_cdc.i_axi_cdc_mig/i_axi_cdc_dst/i_cdc_fifo_gray_dst_w/i_spill_register_i_30/O
                         net (fo=1, routed)           0.048     8.606    i_dram_wrapper/gen_cdc.i_axi_cdc_mig/i_axi_cdc_dst/i_cdc_fifo_gray_dst_w/i_spill_register/spill_register_flushable_i/data_i[data][483]
    SLICE_X69Y869        FDCE                                         r  i_dram_wrapper/gen_cdc.i_axi_cdc_mig/i_axi_cdc_dst/i_cdc_fifo_gray_dst_w/i_spill_register/spill_register_flushable_i/gen_spill_reg.a_data_q_reg[data][483]/D
  -------------------------------------------------------------------    -------------------

                         (clock mmcm_clkout0 rise edge)
                                                      3.333     3.333 r  
    E12                                               0.000     3.333 r  sys_clk_p (IN)
                         net (fo=0)                   0.000     3.333    i_bufds_sys_clk/I
    HPIOBDIFFINBUF_X1Y300
                         DIFFINBUF (Prop_DIFFINBUF_HPIOBDIFFINBUF_DIFF_IN_P_O)
                                                      0.564     3.898 r  i_bufds_sys_clk/DIFFINBUF_INST/O
                         net (fo=1, routed)           0.040     3.938    i_bufds_sys_clk/OUT
    E12                  IBUFCTRL (Prop_IBUFCTRL_HPIOB_M_I_O)
                                                      0.000     3.938 r  i_bufds_sys_clk/IBUFCTRL_INST/O
                         net (fo=1, routed)           0.297     4.235    sys_clk
    BUFGCE_X1Y289        BUFGCE (Prop_BUFCE_BUFGCE_I_O)
                                                      0.024     4.259 r  sys_clk_BUFGCE_inst/O
                         net (fo=19, routed)          0.795     5.054    i_dram_wrapper/i_dram/inst/u_ddr4_infrastructure/mmcm_clk_in
    MMCM_X1Y13           MMCME4_ADV (Prop_MMCM_CLKIN1_CLKOUT0)
                                                      0.630     5.684 r  i_dram_wrapper/i_dram/inst/u_ddr4_infrastructure/gen_mmcme4.u_mmcme_adv_inst/CLKOUT0
                         net (fo=1, routed)           0.214     5.898    i_dram_wrapper/i_dram/inst/u_ddr4_infrastructure/mmcm_clkout0
    BUFGCE_X1Y332        BUFGCE (Prop_BUFCE_BUFGCE_I_O)
                                                      0.024     5.922 r  i_dram_wrapper/i_dram/inst/u_ddr4_infrastructure/u_bufg_divClk/O
    X4Y10 (CLOCK_ROOT)   net (fo=36296, routed)       2.804     8.726    i_dram_wrapper/gen_cdc.i_axi_cdc_mig/i_axi_cdc_dst/i_cdc_fifo_gray_dst_w/i_spill_register/spill_register_flushable_i/clk_i
    SLICE_X69Y869        FDCE                                         r  i_dram_wrapper/gen_cdc.i_axi_cdc_mig/i_axi_cdc_dst/i_cdc_fifo_gray_dst_w/i_spill_register/spill_register_flushable_i/gen_spill_reg.a_data_q_reg[data][483]/C
                         clock pessimism             -0.221     8.505    
                         clock uncertainty           -0.052     8.453    
    SLICE_X69Y869        FDCE (Setup_AFF_SLICEL_C_D)
                                                      0.025     8.478    i_dram_wrapper/gen_cdc.i_axi_cdc_mig/i_axi_cdc_dst/i_cdc_fifo_gray_dst_w/i_spill_register/spill_register_flushable_i/gen_spill_reg.a_data_q_reg[data][483]
  -------------------------------------------------------------------
                         required time                          8.478    
                         arrival time                          -8.606    
  -------------------------------------------------------------------
                         slack                                 -0.128    

Slack (VIOLATED) :        -0.127ns  (required time - arrival time)
  Source:                 i_dram_wrapper/gen_cdc.i_axi_cdc_mig/i_axi_cdc_dst/i_cdc_fifo_gray_dst_w/rptr_q_reg[0]/C
                            (rising edge-triggered cell FDCE clocked by mmcm_clkout0  {rise@0.000ns fall@1.667ns period=3.333ns})
  Destination:            i_dram_wrapper/gen_cdc.i_axi_cdc_mig/i_axi_cdc_dst/i_cdc_fifo_gray_dst_w/i_spill_register/spill_register_flushable_i/gen_spill_reg.a_data_q_reg[data][68]/D
                            (rising edge-triggered cell FDCE clocked by mmcm_clkout0  {rise@0.000ns fall@1.667ns period=3.333ns})
  Path Group:             mmcm_clkout0
  Path Type:              Setup (Max at Slow Process Corner)
  Requirement:            3.333ns  (mmcm_clkout0 rise@3.333ns - mmcm_clkout0 rise@0.000ns)
  Data Path Delay:        3.029ns  (logic 0.448ns (14.790%)  route 2.581ns (85.210%))
  Logic Levels:           4  (LUT6=3 MUXF7=1)
  Clock Path Skew:        -0.404ns (DCD - SCD + CPR)
    Destination Clock Delay (DCD):    5.072ns = ( 8.406 - 3.333 ) 
    Source Clock Delay      (SCD):    5.232ns
    Clock Pessimism Removal (CPR):    -0.245ns
  Clock Uncertainty:      0.052ns  ((TSJ^2 + DJ^2)^1/2) / 2 + PE
    Total System Jitter     (TSJ):    0.071ns
    Discrete Jitter          (DJ):    0.076ns
    Phase Error              (PE):    0.000ns
  Clock Net Delay (Source):      3.098ns (routing 1.274ns, distribution 1.824ns)
  Clock Net Delay (Destination): 2.484ns (routing 1.157ns, distribution 1.327ns)

    Location             Delay type                Incr(ns)  Path(ns)    Netlist Resource(s)
  -------------------------------------------------------------------    -------------------
                         (clock mmcm_clkout0 rise edge)
                                                      0.000     0.000 r  
    E12                                               0.000     0.000 r  sys_clk_p (IN)
                         net (fo=0)                   0.000     0.000    i_bufds_sys_clk/I
    HPIOBDIFFINBUF_X1Y300
                         DIFFINBUF (Prop_DIFFINBUF_HPIOBDIFFINBUF_DIFF_IN_P_O)
                                                      0.675     0.675 r  i_bufds_sys_clk/DIFFINBUF_INST/O
                         net (fo=1, routed)           0.050     0.725    i_bufds_sys_clk/OUT
    E12                  IBUFCTRL (Prop_IBUFCTRL_HPIOB_M_I_O)
                                                      0.000     0.725 r  i_bufds_sys_clk/IBUFCTRL_INST/O
                         net (fo=1, routed)           0.335     1.060    sys_clk
    BUFGCE_X1Y289        BUFGCE (Prop_BUFCE_BUFGCE_I_O)
                                                      0.028     1.088 r  sys_clk_BUFGCE_inst/O
                         net (fo=19, routed)          0.901     1.989    i_dram_wrapper/i_dram/inst/u_ddr4_infrastructure/mmcm_clk_in
    MMCM_X1Y13           MMCME4_ADV (Prop_MMCM_CLKIN1_CLKOUT0)
                                                     -0.127     1.862 r  i_dram_wrapper/i_dram/inst/u_ddr4_infrastructure/gen_mmcme4.u_mmcme_adv_inst/CLKOUT0
                         net (fo=1, routed)           0.244     2.106    i_dram_wrapper/i_dram/inst/u_ddr4_infrastructure/mmcm_clkout0
    BUFGCE_X1Y332        BUFGCE (Prop_BUFCE_BUFGCE_I_O)
                                                      0.028     2.134 r  i_dram_wrapper/i_dram/inst/u_ddr4_infrastructure/u_bufg_divClk/O
    X4Y10 (CLOCK_ROOT)   net (fo=36296, routed)       3.098     5.232    i_dram_wrapper/gen_cdc.i_axi_cdc_mig/i_axi_cdc_dst/i_cdc_fifo_gray_dst_w/dst_clk_i
    SLICE_X84Y855        FDCE                                         r  i_dram_wrapper/gen_cdc.i_axi_cdc_mig/i_axi_cdc_dst/i_cdc_fifo_gray_dst_w/rptr_q_reg[0]/C
  -------------------------------------------------------------------    -------------------
    SLICE_X84Y855        FDCE (Prop_DFF_SLICEM_C_Q)
                                                      0.078     5.310 r  i_dram_wrapper/gen_cdc.i_axi_cdc_mig/i_axi_cdc_dst/i_cdc_fifo_gray_dst_w/rptr_q_reg[0]/Q
                         net (fo=10, routed)          0.320     5.630    i_dram_wrapper/gen_cdc.i_axi_cdc_mig/i_axi_cdc_dst/i_cdc_fifo_gray_dst_w/i_rptr_g2b/A[0]
    SLICE_X85Y853        LUT6 (Prop_H6LUT_SLICEL_I3_O)
                                                      0.036     5.666 r  i_dram_wrapper/gen_cdc.i_axi_cdc_mig/i_axi_cdc_dst/i_cdc_fifo_gray_dst_w/i_rptr_g2b/Z[0]_INST_0/O
                         net (fo=4360, routed)        1.918     7.584    i_dram_wrapper/gen_cdc.i_axi_cdc_mig/i_axi_cdc_dst/i_cdc_fifo_gray_dst_w/rptr_next[0]
    SLICE_X124Y870       LUT6 (Prop_A6LUT_SLICEL_I4_O)
                                                      0.124     7.708 r  i_dram_wrapper/gen_cdc.i_axi_cdc_mig/i_axi_cdc_dst/i_cdc_fifo_gray_dst_w/i_spill_register_i_6438/O
                         net (fo=1, routed)           0.009     7.717    i_dram_wrapper/gen_cdc.i_axi_cdc_mig/i_axi_cdc_dst/i_cdc_fifo_gray_dst_w/i_spill_register_i_6438_n_0
    SLICE_X124Y870       MUXF7 (Prop_F7MUX_AB_SLICEL_I1_O)
                                                      0.064     7.781 r  i_dram_wrapper/gen_cdc.i_axi_cdc_mig/i_axi_cdc_dst/i_cdc_fifo_gray_dst_w/i_spill_register_i_2355/O
                         net (fo=1, routed)           0.285     8.066    i_dram_wrapper/gen_cdc.i_axi_cdc_mig/i_axi_cdc_dst/i_cdc_fifo_gray_dst_w/i_spill_register_i_2355_n_0
    SLICE_X124Y886       LUT6 (Prop_D6LUT_SLICEL_I3_O)
                                                      0.146     8.212 r  i_dram_wrapper/gen_cdc.i_axi_cdc_mig/i_axi_cdc_dst/i_cdc_fifo_gray_dst_w/i_spill_register_i_445/O
                         net (fo=1, routed)           0.049     8.261    i_dram_wrapper/gen_cdc.i_axi_cdc_mig/i_axi_cdc_dst/i_cdc_fifo_gray_dst_w/i_spill_register/spill_register_flushable_i/data_i[data][68]
    SLICE_X124Y886       FDCE                                         r  i_dram_wrapper/gen_cdc.i_axi_cdc_mig/i_axi_cdc_dst/i_cdc_fifo_gray_dst_w/i_spill_register/spill_register_flushable_i/gen_spill_reg.a_data_q_reg[data][68]/D
  -------------------------------------------------------------------    -------------------

                         (clock mmcm_clkout0 rise edge)
                                                      3.333     3.333 r  
    E12                                               0.000     3.333 r  sys_clk_p (IN)
                         net (fo=0)                   0.000     3.333    i_bufds_sys_clk/I
    HPIOBDIFFINBUF_X1Y300
                         DIFFINBUF (Prop_DIFFINBUF_HPIOBDIFFINBUF_DIFF_IN_P_O)
                                                      0.564     3.898 r  i_bufds_sys_clk/DIFFINBUF_INST/O
                         net (fo=1, routed)           0.040     3.938    i_bufds_sys_clk/OUT
    E12                  IBUFCTRL (Prop_IBUFCTRL_HPIOB_M_I_O)
                                                      0.000     3.938 r  i_bufds_sys_clk/IBUFCTRL_INST/O
                         net (fo=1, routed)           0.297     4.235    sys_clk
    BUFGCE_X1Y289        BUFGCE (Prop_BUFCE_BUFGCE_I_O)
                                                      0.024     4.259 r  sys_clk_BUFGCE_inst/O
                         net (fo=19, routed)          0.795     5.054    i_dram_wrapper/i_dram/inst/u_ddr4_infrastructure/mmcm_clk_in
    MMCM_X1Y13           MMCME4_ADV (Prop_MMCM_CLKIN1_CLKOUT0)
                                                      0.630     5.684 r  i_dram_wrapper/i_dram/inst/u_ddr4_infrastructure/gen_mmcme4.u_mmcme_adv_inst/CLKOUT0
                         net (fo=1, routed)           0.214     5.898    i_dram_wrapper/i_dram/inst/u_ddr4_infrastructure/mmcm_clkout0
    BUFGCE_X1Y332        BUFGCE (Prop_BUFCE_BUFGCE_I_O)
                                                      0.024     5.922 r  i_dram_wrapper/i_dram/inst/u_ddr4_infrastructure/u_bufg_divClk/O
    X4Y10 (CLOCK_ROOT)   net (fo=36296, routed)       2.484     8.406    i_dram_wrapper/gen_cdc.i_axi_cdc_mig/i_axi_cdc_dst/i_cdc_fifo_gray_dst_w/i_spill_register/spill_register_flushable_i/clk_i
    SLICE_X124Y886       FDCE                                         r  i_dram_wrapper/gen_cdc.i_axi_cdc_mig/i_axi_cdc_dst/i_cdc_fifo_gray_dst_w/i_spill_register/spill_register_flushable_i/gen_spill_reg.a_data_q_reg[data][68]/C
                         clock pessimism             -0.245     8.161    
                         clock uncertainty           -0.052     8.109    
    SLICE_X124Y886       FDCE (Setup_DFF_SLICEL_C_D)
                                                      0.025     8.134    i_dram_wrapper/gen_cdc.i_axi_cdc_mig/i_axi_cdc_dst/i_cdc_fifo_gray_dst_w/i_spill_register/spill_register_flushable_i/gen_spill_reg.a_data_q_reg[data][68]
  -------------------------------------------------------------------
                         required time                          8.134    
                         arrival time                          -8.261    
  -------------------------------------------------------------------
                         slack                                 -0.127    




