Copyright 1986-2020 Xilinx, Inc. All Rights Reserved.
-----------------------------------------------------------------------------------------------------------------------------------------------------------------
| Tool Version      : Vivado v.2020.1 (win64) Build 2902540 Wed May 27 19:54:49 MDT 2020
| Date              : Wed Sep 16 18:33:14 2026
| Host              : DESKTOP-9T3TD2K running 64-bit major release  (build 9200)
| Command           : report_timing_summary -report_unconstrained -file D:/project/ara/hardware/fpga/ara_dsa_vcu118/reports/impl_1684ae5a235b/timing_summary.rpt
| Design            : ara_dsa_vcu118
| Device            : xcvu9p-flga2104
| Speed File        : -2L  PRODUCTION 1.27 02-28-2020
| Temperature Grade : E
-----------------------------------------------------------------------------------------------------------------------------------------------------------------

Timing Summary Report

------------------------------------------------------------------------------------------------
| Timer Settings
| --------------
------------------------------------------------------------------------------------------------

  Enable Multi Corner Analysis               :  Yes
  Enable Pessimism Removal                   :  Yes
  Pessimism Removal Resolution               :  Nearest Common Node
  Enable Input Delay Default Clock           :  No
  Enable Preset / Clear Arcs                 :  No
  Disable Flight Delays                      :  No
  Ignore I/O Paths                           :  No
  Timing Early Launch at Borrowing Latches   :  No
  Borrow Time for Max Delay Exceptions       :  Yes
  Merge Timing Exceptions                    :  Yes

  Corner  Analyze    Analyze    
  Name    Max Paths  Min Paths  
  ------  ---------  ---------  
  Slow    Yes        Yes        
  Fast    Yes        Yes        



check_timing report

Table of Contents
-----------------
1. checking no_clock (0)
2. checking constant_clock (0)
3. checking pulse_width_clock (0)
4. checking unconstrained_internal_endpoints (0)
5. checking no_input_delay (5)
6. checking no_output_delay (1)
7. checking multiple_clock (0)
8. checking generated_clocks (0)
9. checking loops (0)
10. checking partial_input_delay (0)
11. checking partial_output_delay (0)
12. checking latch_loops (0)

1. checking no_clock (0)
------------------------
 There are 0 register/latch pins with no clock.


2. checking constant_clock (0)
------------------------------
 There are 0 register/latch pins with constant_clock.


3. checking pulse_width_clock (0)
---------------------------------
 There are 0 register/latch pins which need pulse_width check


4. checking unconstrained_internal_endpoints (0)
------------------------------------------------
 There are 0 pins that are not constrained for maximum delay.

 There are 0 pins that are not constrained for maximum delay due to constant clock.


5. checking no_input_delay (5)
------------------------------
 There are 4 input ports with no input delay specified. (HIGH)

 There is 1 input port with no input delay but user has a false path constraint. (MEDIUM)


6. checking no_output_delay (1)
-------------------------------
 There is 1 port with no output delay specified. (HIGH)

 There are 0 ports with no output delay but user has a false path constraint

 There are 0 ports with no output delay but with a timing clock defined on it or propagating through it


7. checking multiple_clock (0)
------------------------------
 There are 0 register/latch pins with multiple clocks.


8. checking generated_clocks (0)
--------------------------------
 There are 0 generated clocks that are not connected to a clock source.


9. checking loops (0)
---------------------
 There are 0 combinational loops in the design.


10. checking partial_input_delay (0)
------------------------------------
 There are 0 input ports with partial input delay specified.


11. checking partial_output_delay (0)
-------------------------------------
 There are 0 ports with partial output delay specified.


12. checking latch_loops (0)
----------------------------
 There are 0 combinational latch loops in the design through latch input



------------------------------------------------------------------------------------------------
| Design Timing Summary
| ---------------------
------------------------------------------------------------------------------------------------

    WNS(ns)      TNS(ns)  TNS Failing Endpoints  TNS Total Endpoints      WHS(ns)      THS(ns)  THS Failing Endpoints  THS Total Endpoints     WPWS(ns)     TPWS(ns)  TPWS Failing Endpoints  TPWS Total Endpoints  
    -------      -------  ---------------------  -------------------      -------      -------  ---------------------  -------------------     --------     --------  ----------------------  --------------------  
     -0.580      -44.468                    946               678059        0.009        0.000                      0               677355        0.039        0.000                       0                237535  


Timing constraints are not met.


------------------------------------------------------------------------------------------------
| Clock Summary
| -------------
------------------------------------------------------------------------------------------------

Clock                                                                                                Waveform(ns)           Period(ns)      Frequency(MHz)
-----                                                                                                ------------           ----------      --------------
dbg_hub/inst/BSCANID.u_xsdbm_id/SWITCH_N_EXT_BSCAN.bscan_inst/SERIES7_BSCAN.bscan_inst/INTERNAL_TCK  {0.000 25.000}         50.000          20.000          
sys_clk                                                                                              {0.000 2.000}          4.000           250.000         
  clk_50_clkwiz                                                                                      {0.000 10.000}         20.000          50.000          
  mmcm_clkout0                                                                                       {0.000 1.667}          3.333           300.000         
    pll_clk[0]                                                                                       {0.000 0.208}          0.417           2400.000        
      pll_clk[0]_DIV                                                                                 {0.000 1.667}          3.333           300.000         
    pll_clk[1]                                                                                       {0.000 0.208}          0.417           2400.000        
      pll_clk[1]_DIV                                                                                 {0.000 1.667}          3.333           300.000         
    pll_clk[2]                                                                                       {0.000 0.208}          0.417           2400.000        
      pll_clk[2]_DIV                                                                                 {0.000 1.667}          3.333           300.000         
  mmcm_clkout5                                                                                       {0.000 6.667}          13.333          75.000          
  mmcm_clkout6                                                                                       {0.000 3.333}          6.667           150.000         


------------------------------------------------------------------------------------------------
| Intra Clock Table
| -----------------
------------------------------------------------------------------------------------------------

Clock                                                                                                    WNS(ns)      TNS(ns)  TNS Failing Endpoints  TNS Total Endpoints      WHS(ns)      THS(ns)  THS Failing Endpoints  THS Total Endpoints     WPWS(ns)     TPWS(ns)  TPWS Failing Endpoints  TPWS Total Endpoints  
-----                                                                                                    -------      -------  ---------------------  -------------------      -------      -------  ---------------------  -------------------     --------     --------  ----------------------  --------------------  
dbg_hub/inst/BSCANID.u_xsdbm_id/SWITCH_N_EXT_BSCAN.bscan_inst/SERIES7_BSCAN.bscan_inst/INTERNAL_TCK       10.712        0.000                      0                 1055        0.019        0.000                      0                 1055       24.468        0.000                       0                   495  
sys_clk                                                                                                    2.576        0.000                      0                   23        0.047        0.000                      0                   23        1.550        0.000                       0                    20  
  clk_50_clkwiz                                                                                            0.892        0.000                      0               400438        0.010        0.000                      0               400438        9.300        0.000                       0                198016  
  mmcm_clkout0                                                                                            -0.176      -16.633                    248                74060        0.009        0.000                      0                74060        0.905        0.000                       0                 36298  
    pll_clk[0]                                                                                                                                                                                                                                         0.039        0.000                       0                     9  
      pll_clk[0]_DIV                                                                                                                                                                                                                                   0.467        0.000                       0                    35  
    pll_clk[1]                                                                                                                                                                                                                                         0.039        0.000                       0                     7  
      pll_clk[1]_DIV                                                                                                                                                                                                                                   0.467        0.000                       0                    30  
    pll_clk[2]                                                                                                                                                                                                                                         0.039        0.000                       0                     9  
      pll_clk[2]_DIV                                                                                                                                                                                                                                   0.467        0.000                       0                    40  
  mmcm_clkout5                                                                                            10.398        0.000                      0                 1228        0.014        0.000                      0                 1228        6.135        0.000                       0                   844  
  mmcm_clkout6                                                                                             1.231        0.000                      0                 5645        0.011        0.000                      0                 5161        1.048        0.000                       0                  1732  


------------------------------------------------------------------------------------------------
| Inter Clock Table
| -----------------
------------------------------------------------------------------------------------------------

From Clock                                                                                           To Clock                                                                                                 WNS(ns)      TNS(ns)  TNS Failing Endpoints  TNS Total Endpoints      WHS(ns)      THS(ns)  THS Failing Endpoints  THS Total Endpoints  
----------                                                                                           --------                                                                                                 -------      -------  ---------------------  -------------------      -------      -------  ---------------------  -------------------  
mmcm_clkout5                                                                                         dbg_hub/inst/BSCANID.u_xsdbm_id/SWITCH_N_EXT_BSCAN.bscan_inst/SERIES7_BSCAN.bscan_inst/INTERNAL_TCK       13.024        0.000                      0                    8                                                                        
mmcm_clkout0                                                                                         clk_50_clkwiz                                                                                              0.119        0.000                      0                  554        0.038        0.000                      0                   31  
clk_50_clkwiz                                                                                        mmcm_clkout0                                                                                              -0.168       -1.805                     28                  684        0.652        0.000                      0                   30  
mmcm_clkout5                                                                                         mmcm_clkout0                                                                                               2.470        0.000                      0                   28                                                                        
mmcm_clkout6                                                                                         mmcm_clkout0                                                                                               1.949        0.000                      0                  129                                                                        
mmcm_clkout0                                                                                         pll_clk[0]_DIV                                                                                             0.637        0.000                      0                  304        0.650        0.000                      0                  304  
mmcm_clkout0                                                                                         pll_clk[1]_DIV                                                                                             0.640        0.000                      0                  264        0.726        0.000                      0                  264  
mmcm_clkout0                                                                                         pll_clk[2]_DIV                                                                                             0.589        0.000                      0                  352        0.690        0.000                      0                  352  
dbg_hub/inst/BSCANID.u_xsdbm_id/SWITCH_N_EXT_BSCAN.bscan_inst/SERIES7_BSCAN.bscan_inst/INTERNAL_TCK  mmcm_clkout5                                                                                              49.672        0.000                      0                    8                                                                        
mmcm_clkout0                                                                                         mmcm_clkout5                                                                                              11.472        0.000                      0                   10                                                                        
mmcm_clkout0                                                                                         mmcm_clkout6                                                                                               1.707        0.000                      0                   36        0.121        0.000                      0                    1  


------------------------------------------------------------------------------------------------
| Other Path Groups Table
| -----------------------
------------------------------------------------------------------------------------------------

Path Group                                                                                           From Clock                                                                                           To Clock                                                                                                 WNS(ns)      TNS(ns)  TNS Failing Endpoints  TNS Total Endpoints      WHS(ns)      THS(ns)  THS Failing Endpoints  THS Total Endpoints  
----------                                                                                           ----------                                                                                           --------                                                                                                 -------      -------  ---------------------  -------------------      -------      -------  ---------------------  -------------------  
**async_default**                                                                                    clk_50_clkwiz                                                                                        clk_50_clkwiz                                                                                             15.109        0.000                      0               176060        0.155        0.000                      0               176060  
**async_default**                                                                                    dbg_hub/inst/BSCANID.u_xsdbm_id/SWITCH_N_EXT_BSCAN.bscan_inst/SERIES7_BSCAN.bscan_inst/INTERNAL_TCK  dbg_hub/inst/BSCANID.u_xsdbm_id/SWITCH_N_EXT_BSCAN.bscan_inst/SERIES7_BSCAN.bscan_inst/INTERNAL_TCK       48.162        0.000                      0                  100        0.125        0.000                      0                  100  
**async_default**                                                                                    mmcm_clkout0                                                                                         mmcm_clkout0                                                                                              -0.580      -27.235                    692                18151        0.986        0.000                      0                18151  
**async_default**                                                                                    mmcm_clkout5                                                                                         mmcm_clkout5                                                                                              11.296        0.000                      0                   97        0.128        0.000                      0                   97  
**default**                                                                                          clk_50_clkwiz                                                                                                                                                                                                  15.887        0.000                      0                    2                                                                        


------------------------------------------------------------------------------------------------
| User Ignored Path Table
| -----------------------
------------------------------------------------------------------------------------------------

Path Group                                                                                           From Clock                                                                                           To Clock                                                                                           
----------                                                                                           ----------                                                                                           --------                                                                                           
(none)                                                                                               clk_50_clkwiz                                                                                                                                                                                             
(none)                                                                                                                                                                                                    clk_50_clkwiz                                                                                        
(none)                                                                                               mmcm_clkout0                                                                                         clk_50_clkwiz                                                                                        
(none)                                                                                               mmcm_clkout5                                                                                         clk_50_clkwiz                                                                                        
(none)                                                                                               mmcm_clkout5                                                                                         dbg_hub/inst/BSCANID.u_xsdbm_id/SWITCH_N_EXT_BSCAN.bscan_inst/SERIES7_BSCAN.bscan_inst/INTERNAL_TCK  
(none)                                                                                               clk_50_clkwiz                                                                                        mmcm_clkout0                                                                                         
(none)                                                                                               mmcm_clkout0                                                                                         mmcm_clkout0                                                                                         
(none)                                                                                               mmcm_clkout5                                                                                         mmcm_clkout0                                                                                         
(none)                                                                                               mmcm_clkout6                                                                                         mmcm_clkout0                                                                                         
(none)                                                                                               sys_clk                                                                                              mmcm_clkout0                                                                                         
(none)                                                                                               clk_50_clkwiz                                                                                        mmcm_clkout5                                                                                         
(none)                                                                                               dbg_hub/inst/BSCANID.u_xsdbm_id/SWITCH_N_EXT_BSCAN.bscan_inst/SERIES7_BSCAN.bscan_inst/INTERNAL_TCK  mmcm_clkout5                                                                                         
(none)                                                                                               mmcm_clkout0                                                                                         mmcm_clkout5                                                                                         
(none)                                                                                               mmcm_clkout5                                                                                         mmcm_clkout5                                                                                         
(none)                                                                                               mmcm_clkout0                                                                                         mmcm_clkout6                                                                                         
(none)                                                                                               mmcm_clkout6                                                                                         mmcm_clkout6                                                                                         
(none)                                                                                               sys_clk                                                                                              mmcm_clkout6                                                                                         
(none)                                                                                               clk_50_clkwiz                                                                                        sys_clk                                                                                              


------------------------------------------------------------------------------------------------
| Unconstrained Path Table
| ------------------------
------------------------------------------------------------------------------------------------

Path Group                                                                                           From Clock                                                                                           To Clock                                                                                           
----------                                                                                           ----------                                                                                           --------                                                                                           
(none)                                                                                               mmcm_clkout0                                                                                                                                                                                              
(none)                                                                                                                                                                                                    clk_50_clkwiz                                                                                        
(none)                                                                                                                                                                                                    dbg_hub/inst/BSCANID.u_xsdbm_id/SWITCH_N_EXT_BSCAN.bscan_inst/SERIES7_BSCAN.bscan_inst/INTERNAL_TCK  
(none)                                                                                                                                                                                                    sys_clk                                                                                              


------------------------------------------------------------------------------------------------
| Timing Details
| --------------
------------------------------------------------------------------------------------------------


---------------------------------------------------------------------------------------------------
From Clock:  dbg_hub/inst/BSCANID.u_xsdbm_id/SWITCH_N_EXT_BSCAN.bscan_inst/SERIES7_BSCAN.bscan_inst/INTERNAL_TCK
  To Clock:  dbg_hub/inst/BSCANID.u_xsdbm_id/SWITCH_N_EXT_BSCAN.bscan_inst/SERIES7_BSCAN.bscan_inst/INTERNAL_TCK

Setup :            0  Failing Endpoints,  Worst Slack       10.712ns,  Total Violation        0.000ns
Hold  :            0  Failing Endpoints,  Worst Slack        0.019ns,  Total Violation        0.000ns
PW    :            0  Failing Endpoints,  Worst Slack       24.468ns,  Total Violation        0.000ns
---------------------------------------------------------------------------------------------------


Max Delay Paths
--------------------------------------------------------------------------------------
Slack (MET) :             10.712ns  (required time - arrival time)
  Source:                 dbg_hub/inst/BSCANID.u_xsdbm_id/CORE_XSDB.U_ICON/iTDO_reg/C
                            (rising edge-triggered cell FDRE clocked by dbg_hub/inst/BSCANID.u_xsdbm_id/SWITCH_N_EXT_BSCAN.bscan_inst/SERIES7_BSCAN.bscan_inst/INTERNAL_TCK  {rise@0.000ns fall@25.000ns period=50.000ns})
  Destination:            dbg_hub/inst/BSCANID.u_xsdbm_id/SWITCH_N_EXT_BSCAN.bscan_inst/SERIES7_BSCAN.bscan_inst/TDO
                            (falling edge-triggered cell BSCANE2 clocked by dbg_hub/inst/BSCANID.u_xsdbm_id/SWITCH_N_EXT_BSCAN.bscan_inst/SERIES7_BSCAN.bscan_inst/INTERNAL_TCK  {rise@0.000ns fall@25.000ns period=50.000ns})
  Path Group:             dbg_hub/inst/BSCANID.u_xsdbm_id/SWITCH_N_EXT_BSCAN.bscan_inst/SERIES7_BSCAN.bscan_inst/INTERNAL_TCK
  Path Type:              Setup (Max at Slow Process Corner)
  Requirement:            25.000ns  (dbg_hub/inst/BSCANID.u_xsdbm_id/SWITCH_N_EXT_BSCAN.bscan_inst/SERIES7_BSCAN.bscan_inst/INTERNAL_TCK fall@25.000ns - dbg_hub/inst/BSCANID.u_xsdbm_id/SWITCH_N_EXT_BSCAN.bscan_inst/SERIES7_BSCAN.bscan_inst/INTERNAL_TCK rise@0.000ns)
  Data Path Delay:        3.639ns  (logic 0.268ns (7.365%)  route 3.371ns (92.635%))
  Logic Levels:           2  (LUT3=1 LUT6=1)
  Clock Path Skew:        -10.414ns (DCD - SCD + CPR)
    Destination Clock Delay (DCD):    0.000ns = ( 25.000 - 25.000 ) 
    Source Clock Delay      (SCD):    10.414ns
    Clock Pessimism Removal (CPR):    0.000ns
  Clock Uncertainty:      0.235ns  ((TSJ^2 + TIJ^2)^1/2 + DJ) / 2 + PE + DCD
    Total System Jitter     (TSJ):    0.071ns
    Total Input Jitter      (TIJ):    0.000ns
    Discrete Jitter          (DJ):    0.000ns
    Phase Error              (PE):    0.000ns
    Duty Cycle Distortion   (DCD):    0.200ns
  Clock Net Delay (Source):      1.912ns (routing 0.916ns, distribution 0.996ns)

    Location             Delay type                Incr(ns)  Path(ns)    Netlist Resource(s)
  -------------------------------------------------------------------    -------------------
                         (clock dbg_hub/inst/BSCANID.u_xsdbm_id/SWITCH_N_EXT_BSCAN.bscan_inst/SERIES7_BSCAN.bscan_inst/INTERNAL_TCK rise edge)
                                                      0.000     0.000 r  
    CONFIG_SITE_X0Y1     BSCANE2                      0.000     0.000 r  dbg_hub/inst/BSCANID.u_xsdbm_id/SWITCH_N_EXT_BSCAN.bscan_inst/SERIES7_BSCAN.bscan_inst/INTERNAL_TCK
    CONFIG_SITE_X0Y1     BSCANE2 (Prop_BSCAN1_CONFIG_SITE_INTERNAL_TCK_TCK)
                                                      4.300     4.300 r  dbg_hub/inst/BSCANID.u_xsdbm_id/SWITCH_N_EXT_BSCAN.bscan_inst/SERIES7_BSCAN.bscan_inst/TCK
                         net (fo=1, routed)           4.174     8.474    dbg_hub/inst/BSCANID.u_xsdbm_id/tck_bs
    SLR Crossing[1->2]   
    BUFGCE_X1Y288        BUFGCE (Prop_BUFCE_BUFGCE_I_O)
                                                      0.028     8.502 r  dbg_hub/inst/BSCANID.u_xsdbm_id/SWITCH_N_EXT_BSCAN.u_bufg_icon_tck/O
    X4Y10 (CLOCK_ROOT)   net (fo=494, routed)         1.912    10.414    dbg_hub/inst/BSCANID.u_xsdbm_id/CORE_XSDB.U_ICON/m_bscan_tck[0]
    SLICE_X145Y663       FDRE                                         r  dbg_hub/inst/BSCANID.u_xsdbm_id/CORE_XSDB.U_ICON/iTDO_reg/C
  -------------------------------------------------------------------    -------------------
    SLICE_X145Y663       FDRE (Prop_DFF2_SLICEL_C_Q)
                                                      0.081    10.495 r  dbg_hub/inst/BSCANID.u_xsdbm_id/CORE_XSDB.U_ICON/iTDO_reg/Q
                         net (fo=1, routed)           0.589    11.084    dbg_hub/inst/BSCANID.u_xsdbm_id/TDO
    SLICE_X142Y608       LUT3 (Prop_E6LUT_SLICEM_I2_O)
                                                      0.148    11.232 r  dbg_hub/inst/BSCANID.u_xsdbm_id/SWITCH_N_EXT_BSCAN.bscan_switch_i_1/O
                         net (fo=2, routed)           0.338    11.570    dbg_hub/inst/BSCANID.u_xsdbm_id/SWITCH_N_EXT_BSCAN.bscan_switch/m_bscan_tdo[0]
    SLICE_X141Y601       LUT6 (Prop_H6LUT_SLICEM_I5_O)
                                                      0.039    11.609 r  dbg_hub/inst/BSCANID.u_xsdbm_id/SWITCH_N_EXT_BSCAN.bscan_switch/s_bscan_tdo_INST_0/O
                         net (fo=1, routed)           2.444    14.053    dbg_hub/inst/BSCANID.u_xsdbm_id/SWITCH_N_EXT_BSCAN.bscan_inst/s_bscan_tdo
    SLR Crossing[2->1]   
    CONFIG_SITE_X0Y1     BSCANE2                                      r  dbg_hub/inst/BSCANID.u_xsdbm_id/SWITCH_N_EXT_BSCAN.bscan_inst/SERIES7_BSCAN.bscan_inst/TDO
  -------------------------------------------------------------------    -------------------

                         (clock dbg_hub/inst/BSCANID.u_xsdbm_id/SWITCH_N_EXT_BSCAN.bscan_inst/SERIES7_BSCAN.bscan_inst/INTERNAL_TCK fall edge)
                                                     25.000    25.000 f  
    CONFIG_SITE_X0Y1     BSCANE2                      0.000    25.000 f  dbg_hub/inst/BSCANID.u_xsdbm_id/SWITCH_N_EXT_BSCAN.bscan_inst/SERIES7_BSCAN.bscan_inst/INTERNAL_TCK
                         clock pessimism              0.000    25.000    
                         clock uncertainty           -0.235    24.765    
    CONFIG_SITE_X0Y1     BSCANE2 (Setup_BSCAN1_CONFIG_SITE_INTERNAL_TCK_TDO)
                                                      0.000    24.765    dbg_hub/inst/BSCANID.u_xsdbm_id/SWITCH_N_EXT_BSCAN.bscan_inst/SERIES7_BSCAN.bscan_inst
  -------------------------------------------------------------------
                         required time                         24.765    
                         arrival time                         -14.053    
  -------------------------------------------------------------------
                         slack                                 10.712    





Min Delay Paths
--------------------------------------------------------------------------------------
Slack (MET) :             0.019ns  (arrival time - required time)
  Source:                 dbg_hub/inst/BSCANID.u_xsdbm_id/CORE_XSDB.UUT_MASTER/U_ICON_INTERFACE/U_CMD6_RD/U_RD_FIFO/SUBCORE_FIFO.xsdbm_v3_0_0_rdfifo_inst/inst_fifo_gen/gconvfifo.rf/grf.rf/gntv_or_sync_fifo.mem/gdm.dm_gen.dm/gpr1.dout_i_reg[0]/C
                            (rising edge-triggered cell FDRE clocked by dbg_hub/inst/BSCANID.u_xsdbm_id/SWITCH_N_EXT_BSCAN.bscan_inst/SERIES7_BSCAN.bscan_inst/INTERNAL_TCK  {rise@0.000ns fall@25.000ns period=50.000ns})
  Destination:            dbg_hub/inst/BSCANID.u_xsdbm_id/CORE_XSDB.UUT_MASTER/U_ICON_INTERFACE/U_CMD6_RD/U_RD_FIFO/SUBCORE_FIFO.xsdbm_v3_0_0_rdfifo_inst/inst_fifo_gen/gconvfifo.rf/grf.rf/gntv_or_sync_fifo.mem/goreg_dm.dout_i_reg[0]/D
                            (rising edge-triggered cell FDRE clocked by dbg_hub/inst/BSCANID.u_xsdbm_id/SWITCH_N_EXT_BSCAN.bscan_inst/SERIES7_BSCAN.bscan_inst/INTERNAL_TCK  {rise@0.000ns fall@25.000ns period=50.000ns})
  Path Group:             dbg_hub/inst/BSCANID.u_xsdbm_id/SWITCH_N_EXT_BSCAN.bscan_inst/SERIES7_BSCAN.bscan_inst/INTERNAL_TCK
  Path Type:              Hold (Min at Fast Process Corner)
  Requirement:            0.000ns  (dbg_hub/inst/BSCANID.u_xsdbm_id/SWITCH_N_EXT_BSCAN.bscan_inst/SERIES7_BSCAN.bscan_inst/INTERNAL_TCK rise@0.000ns - dbg_hub/inst/BSCANID.u_xsdbm_id/SWITCH_N_EXT_BSCAN.bscan_inst/SERIES7_BSCAN.bscan_inst/INTERNAL_TCK rise@0.000ns)
  Data Path Delay:        0.072ns  (logic 0.039ns (54.167%)  route 0.033ns (45.833%))
  Logic Levels:           0  
  Clock Path Skew:        0.006ns (DCD - SCD - CPR)
    Destination Clock Delay (DCD):    8.385ns
    Source Clock Delay      (SCD):    3.550ns
    Clock Pessimism Removal (CPR):    4.829ns
  Clock Net Delay (Source):      1.065ns (routing 0.508ns, distribution 0.557ns)
  Clock Net Delay (Destination): 1.208ns (routing 0.569ns, distribution 0.639ns)

    Location             Delay type                Incr(ns)  Path(ns)    Netlist Resource(s)
  -------------------------------------------------------------------    -------------------
                         (clock dbg_hub/inst/BSCANID.u_xsdbm_id/SWITCH_N_EXT_BSCAN.bscan_inst/SERIES7_BSCAN.bscan_inst/INTERNAL_TCK rise edge)
                                                      0.000     0.000 r  
    CONFIG_SITE_X0Y1     BSCANE2                      0.000     0.000 r  dbg_hub/inst/BSCANID.u_xsdbm_id/SWITCH_N_EXT_BSCAN.bscan_inst/SERIES7_BSCAN.bscan_inst/INTERNAL_TCK
    CONFIG_SITE_X0Y1     BSCANE2 (Prop_BSCAN1_CONFIG_SITE_INTERNAL_TCK_TCK)
                                                      0.465     0.465 r  dbg_hub/inst/BSCANID.u_xsdbm_id/SWITCH_N_EXT_BSCAN.bscan_inst/SERIES7_BSCAN.bscan_inst/TCK
                         net (fo=1, routed)           2.003     2.468    dbg_hub/inst/BSCANID.u_xsdbm_id/tck_bs
    SLR Crossing[1->2]   
    BUFGCE_X1Y288        BUFGCE (Prop_BUFCE_BUFGCE_I_O)
                                                      0.017     2.485 r  dbg_hub/inst/BSCANID.u_xsdbm_id/SWITCH_N_EXT_BSCAN.u_bufg_icon_tck/O
    X4Y10 (CLOCK_ROOT)   net (fo=494, routed)         1.065     3.550    dbg_hub/inst/BSCANID.u_xsdbm_id/CORE_XSDB.UUT_MASTER/U_ICON_INTERFACE/U_CMD6_RD/U_RD_FIFO/SUBCORE_FIFO.xsdbm_v3_0_0_rdfifo_inst/inst_fifo_gen/gconvfifo.rf/grf.rf/gntv_or_sync_fifo.mem/gdm.dm_gen.dm/rd_clk
    SLICE_X145Y673       FDRE                                         r  dbg_hub/inst/BSCANID.u_xsdbm_id/CORE_XSDB.UUT_MASTER/U_ICON_INTERFACE/U_CMD6_RD/U_RD_FIFO/SUBCORE_FIFO.xsdbm_v3_0_0_rdfifo_inst/inst_fifo_gen/gconvfifo.rf/grf.rf/gntv_or_sync_fifo.mem/gdm.dm_gen.dm/gpr1.dout_i_reg[0]/C
  -------------------------------------------------------------------    -------------------
    SLICE_X145Y673       FDRE (Prop_HFF_SLICEL_C_Q)
                                                      0.039     3.589 r  dbg_hub/inst/BSCANID.u_xsdbm_id/CORE_XSDB.UUT_MASTER/U_ICON_INTERFACE/U_CMD6_RD/U_RD_FIFO/SUBCORE_FIFO.xsdbm_v3_0_0_rdfifo_inst/inst_fifo_gen/gconvfifo.rf/grf.rf/gntv_or_sync_fifo.mem/gdm.dm_gen.dm/gpr1.dout_i_reg[0]/Q
                         net (fo=1, routed)           0.033     3.622    dbg_hub/inst/BSCANID.u_xsdbm_id/CORE_XSDB.UUT_MASTER/U_ICON_INTERFACE/U_CMD6_RD/U_RD_FIFO/SUBCORE_FIFO.xsdbm_v3_0_0_rdfifo_inst/inst_fifo_gen/gconvfifo.rf/grf.rf/gntv_or_sync_fifo.mem/dout_i[0]
    SLICE_X145Y673       FDRE                                         r  dbg_hub/inst/BSCANID.u_xsdbm_id/CORE_XSDB.UUT_MASTER/U_ICON_INTERFACE/U_CMD6_RD/U_RD_FIFO/SUBCORE_FIFO.xsdbm_v3_0_0_rdfifo_inst/inst_fifo_gen/gconvfifo.rf/grf.rf/gntv_or_sync_fifo.mem/goreg_dm.dout_i_reg[0]/D
  -------------------------------------------------------------------    -------------------

                         (clock dbg_hub/inst/BSCANID.u_xsdbm_id/SWITCH_N_EXT_BSCAN.bscan_inst/SERIES7_BSCAN.bscan_inst/INTERNAL_TCK rise edge)
                                                      0.000     0.000 r  
    CONFIG_SITE_X0Y1     BSCANE2                      0.000     0.000 r  dbg_hub/inst/BSCANID.u_xsdbm_id/SWITCH_N_EXT_BSCAN.bscan_inst/SERIES7_BSCAN.bscan_inst/INTERNAL_TCK
    CONFIG_SITE_X0Y1     BSCANE2 (Prop_BSCAN1_CONFIG_SITE_INTERNAL_TCK_TCK)
                                                      4.300     4.300 r  dbg_hub/inst/BSCANID.u_xsdbm_id/SWITCH_N_EXT_BSCAN.bscan_inst/SERIES7_BSCAN.bscan_inst/TCK
                         net (fo=1, routed)           2.858     7.158    dbg_hub/inst/BSCANID.u_xsdbm_id/tck_bs
    SLR Crossing[1->2]   
    BUFGCE_X1Y288        BUFGCE (Prop_BUFCE_BUFGCE_I_O)
                                                      0.019     7.177 r  dbg_hub/inst/BSCANID.u_xsdbm_id/SWITCH_N_EXT_BSCAN.u_bufg_icon_tck/O
    X4Y10 (CLOCK_ROOT)   net (fo=494, routed)         1.208     8.385    dbg_hub/inst/BSCANID.u_xsdbm_id/CORE_XSDB.UUT_MASTER/U_ICON_INTERFACE/U_CMD6_RD/U_RD_FIFO/SUBCORE_FIFO.xsdbm_v3_0_0_rdfifo_inst/inst_fifo_gen/gconvfifo.rf/grf.rf/gntv_or_sync_fifo.mem/rd_clk
    SLICE_X145Y673       FDRE                                         r  dbg_hub/inst/BSCANID.u_xsdbm_id/CORE_XSDB.UUT_MASTER/U_ICON_INTERFACE/U_CMD6_RD/U_RD_FIFO/SUBCORE_FIFO.xsdbm_v3_0_0_rdfifo_inst/inst_fifo_gen/gconvfifo.rf/grf.rf/gntv_or_sync_fifo.mem/goreg_dm.dout_i_reg[0]/C
                         clock pessimism             -4.829     3.556    
    SLICE_X145Y673       FDRE (Hold_HFF2_SLICEL_C_D)
                                                      0.047     3.603    dbg_hub/inst/BSCANID.u_xsdbm_id/CORE_XSDB.UUT_MASTER/U_ICON_INTERFACE/U_CMD6_RD/U_RD_FIFO/SUBCORE_FIFO.xsdbm_v3_0_0_rdfifo_inst/inst_fifo_gen/gconvfifo.rf/grf.rf/gntv_or_sync_fifo.mem/goreg_dm.dout_i_reg[0]
  -------------------------------------------------------------------
                         required time                         -3.603    
                         arrival time                           3.622    
  -------------------------------------------------------------------
                         slack                                  0.019    





Pulse Width Checks
--------------------------------------------------------------------------------------
Clock Name:         dbg_hub/inst/BSCANID.u_xsdbm_id/SWITCH_N_EXT_BSCAN.bscan_inst/SERIES7_BSCAN.bscan_inst/INTERNAL_TCK
Waveform(ns):       { 0.000 25.000 }
Period(ns):         50.000
Sources:            { dbg_hub/inst/BSCANID.u_xsdbm_id/SWITCH_N_EXT_BSCAN.bscan_inst/SERIES7_BSCAN.bscan_inst/INTERNAL_TCK }

Check Type        Corner  Lib Pin     Reference Pin  Required(ns)  Actual(ns)  Slack(ns)  Location        Pin
Min Period        n/a     BUFGCE/I    n/a            1.290         50.000      48.710     BUFGCE_X1Y288   dbg_hub/inst/BSCANID.u_xsdbm_id/SWITCH_N_EXT_BSCAN.u_bufg_icon_tck/I
Low Pulse Width   Slow    RAMD32/CLK  n/a            0.532         25.000      24.468     SLICE_X156Y668  dbg_hub/inst/BSCANID.u_xsdbm_id/CORE_XSDB.UUT_MASTER/U_ICON_INTERFACE/U_CMD6_WR/U_WR_FIFO/SUBCORE_FIFO.xsdbm_v3_0_0_wrfifo_inst/inst_fifo_gen/gconvfifo.rf/grf.rf/gntv_or_sync_fifo.mem/gdm.dm_gen.dm/RAM_reg_0_15_0_13/RAMA/CLK
High Pulse Width  Fast    RAMD32/CLK  n/a            0.532         25.000      24.468     SLICE_X156Y667  dbg_hub/inst/BSCANID.u_xsdbm_id/CORE_XSDB.UUT_MASTER/U_ICON_INTERFACE/U_CMD6_WR/U_WR_FIFO/SUBCORE_FIFO.xsdbm_v3_0_0_wrfifo_inst/inst_fifo_gen/gconvfifo.rf/grf.rf/gntv_or_sync_fifo.mem/gdm.dm_gen.dm/RAM_reg_0_15_14_15/RAMA/CLK



---------------------------------------------------------------------------------------------------
From Clock:  sys_clk
  To Clock:  sys_clk

Setup :            0  Failing Endpoints,  Worst Slack        2.576ns,  Total Violation        0.000ns
Hold  :            0  Failing Endpoints,  Worst Slack        0.047ns,  Total Violation        0.000ns
PW    :            0  Failing Endpoints,  Worst Slack        1.550ns,  Total Violation        0.000ns
---------------------------------------------------------------------------------------------------


Max Delay Paths
--------------------------------------------------------------------------------------
Slack (MET) :             2.576ns  (required time - arrival time)
  Source:                 i_dram_wrapper/i_dram/inst/u_ddr4_infrastructure/counter_input_rst_reg[4]/C
                            (rising edge-triggered cell FDSE clocked by sys_clk  {rise@0.000ns fall@2.000ns period=4.000ns})
  Destination:            i_dram_wrapper/i_dram/inst/u_ddr4_infrastructure/input_rst_mmcm_reg/D
                            (rising edge-triggered cell FDRE clocked by sys_clk  {rise@0.000ns fall@2.000ns period=4.000ns})
  Path Group:             sys_clk
  Path Type:              Setup (Max at Slow Process Corner)
  Requirement:            4.000ns  (sys_clk rise@4.000ns - sys_clk rise@0.000ns)
  Data Path Delay:        1.268ns  (logic 0.310ns (24.448%)  route 0.958ns (75.552%))
  Logic Levels:           2  (LUT3=1 LUT5=1)
  Clock Path Skew:        -0.146ns (DCD - SCD + CPR)
    Destination Clock Delay (DCD):    1.812ns = ( 5.812 - 4.000 ) 
    Source Clock Delay      (SCD):    2.178ns
    Clock Pessimism Removal (CPR):    0.220ns
  Clock Uncertainty:      0.035ns  ((TSJ^2 + TIJ^2)^1/2 + DJ) / 2 + PE
    Total System Jitter     (TSJ):    0.071ns
    Total Input Jitter      (TIJ):    0.000ns
    Discrete Jitter          (DJ):    0.000ns
    Phase Error              (PE):    0.000ns
  Clock Net Delay (Source):      1.090ns (routing 0.171ns, distribution 0.919ns)
  Clock Net Delay (Destination): 0.887ns (routing 0.155ns, distribution 0.732ns)

    Location             Delay type                Incr(ns)  Path(ns)    Netlist Resource(s)
  -------------------------------------------------------------------    -------------------
                         (clock sys_clk rise edge)    0.000     0.000 r  
    E12                                               0.000     0.000 r  sys_clk_p (IN)
                         net (fo=0)                   0.000     0.000    i_bufds_sys_clk/I
    HPIOBDIFFINBUF_X1Y300
                         DIFFINBUF (Prop_DIFFINBUF_HPIOBDIFFINBUF_DIFF_IN_P_O)
                                                      0.675     0.675 r  i_bufds_sys_clk/DIFFINBUF_INST/O
                         net (fo=1, routed)           0.050     0.725    i_bufds_sys_clk/OUT
    E12                  IBUFCTRL (Prop_IBUFCTRL_HPIOB_M_I_O)
                                                      0.000     0.725 r  i_bufds_sys_clk/IBUFCTRL_INST/O
                         net (fo=1, routed)           0.335     1.060    sys_clk
    BUFGCE_X1Y289        BUFGCE (Prop_BUFCE_BUFGCE_I_O)
                                                      0.028     1.088 r  sys_clk_BUFGCE_inst/O
    X4Y12 (CLOCK_ROOT)   net (fo=19, routed)          1.090     2.178    i_dram_wrapper/i_dram/inst/u_ddr4_infrastructure/sys_clk_in
    SLICE_X136Y750       FDSE                                         r  i_dram_wrapper/i_dram/inst/u_ddr4_infrastructure/counter_input_rst_reg[4]/C
  -------------------------------------------------------------------    -------------------
    SLICE_X136Y750       FDSE (Prop_HFF_SLICEL_C_Q)
                                                      0.079     2.257 f  i_dram_wrapper/i_dram/inst/u_ddr4_infrastructure/counter_input_rst_reg[4]/Q
                         net (fo=7, routed)           0.190     2.447    i_dram_wrapper/i_dram/inst/u_ddr4_infrastructure/counter_input_rst[4]
    SLICE_X136Y750       LUT3 (Prop_D5LUT_SLICEL_I1_O)
                                                      0.133     2.580 f  i_dram_wrapper/i_dram/inst/u_ddr4_infrastructure/input_rst_mmcm_i_2/O
                         net (fo=1, routed)           0.107     2.687    i_dram_wrapper/i_dram/inst/u_ddr4_infrastructure/input_rst_mmcm_i_2_n_0
    SLICE_X136Y751       LUT5 (Prop_C5LUT_SLICEL_I3_O)
                                                      0.098     2.785 r  i_dram_wrapper/i_dram/inst/u_ddr4_infrastructure/input_rst_mmcm_i_1/O
                         net (fo=1, routed)           0.661     3.446    i_dram_wrapper/i_dram/inst/u_ddr4_infrastructure/input_rst_mmcm_i_1_n_0
    SLICE_X112Y751       FDRE                                         r  i_dram_wrapper/i_dram/inst/u_ddr4_infrastructure/input_rst_mmcm_reg/D
  -------------------------------------------------------------------    -------------------

                         (clock sys_clk rise edge)    4.000     4.000 r  
    E12                                               0.000     4.000 r  sys_clk_p (IN)
                         net (fo=0)                   0.000     4.000    i_bufds_sys_clk/I
    HPIOBDIFFINBUF_X1Y300
                         DIFFINBUF (Prop_DIFFINBUF_HPIOBDIFFINBUF_DIFF_IN_P_O)
                                                      0.564     4.564 r  i_bufds_sys_clk/DIFFINBUF_INST/O
                         net (fo=1, routed)           0.040     4.604    i_bufds_sys_clk/OUT
    E12                  IBUFCTRL (Prop_IBUFCTRL_HPIOB_M_I_O)
                                                      0.000     4.604 r  i_bufds_sys_clk/IBUFCTRL_INST/O
                         net (fo=1, routed)           0.297     4.901    sys_clk
    BUFGCE_X1Y289        BUFGCE (Prop_BUFCE_BUFGCE_I_O)
                                                      0.024     4.925 r  sys_clk_BUFGCE_inst/O
    X4Y12 (CLOCK_ROOT)   net (fo=19, routed)          0.887     5.812    i_dram_wrapper/i_dram/inst/u_ddr4_infrastructure/sys_clk_in
    SLICE_X112Y751       FDRE                                         r  i_dram_wrapper/i_dram/inst/u_ddr4_infrastructure/input_rst_mmcm_reg/C
                         clock pessimism              0.220     6.032    
                         clock uncertainty           -0.035     5.996    
    SLICE_X112Y751       FDRE (Setup_EFF_SLICEL_C_D)
                                                      0.025     6.021    i_dram_wrapper/i_dram/inst/u_ddr4_infrastructure/input_rst_mmcm_reg
  -------------------------------------------------------------------
                         required time                          6.021    
                         arrival time                          -3.446    
  -------------------------------------------------------------------
                         slack                                  2.576    





Min Delay Paths
--------------------------------------------------------------------------------------
Slack (MET) :             0.047ns  (arrival time - required time)
  Source:                 i_dram_wrapper/i_dram/inst/u_ddr4_infrastructure/counter_input_rst_reg[6]/C
                            (rising edge-triggered cell FDRE clocked by sys_clk  {rise@0.000ns fall@2.000ns period=4.000ns})
  Destination:            i_dram_wrapper/i_dram/inst/u_ddr4_infrastructure/counter_input_rst_reg[5]/D
                            (rising edge-triggered cell FDSE clocked by sys_clk  {rise@0.000ns fall@2.000ns period=4.000ns})
  Path Group:             sys_clk
  Path Type:              Hold (Min at Fast Process Corner)
  Requirement:            0.000ns  (sys_clk rise@0.000ns - sys_clk rise@0.000ns)
  Data Path Delay:        0.117ns  (logic 0.059ns (50.427%)  route 0.058ns (49.573%))
  Logic Levels:           1  (LUT4=1)
  Clock Path Skew:        0.023ns (DCD - SCD - CPR)
    Destination Clock Delay (DCD):    1.396ns
    Source Clock Delay      (SCD):    1.153ns
    Clock Pessimism Removal (CPR):    0.220ns
  Clock Net Delay (Source):      0.606ns (routing 0.096ns, distribution 0.510ns)
  Clock Net Delay (Destination): 0.698ns (routing 0.108ns, distribution 0.590ns)

    Location             Delay type                Incr(ns)  Path(ns)    Netlist Resource(s)
  -------------------------------------------------------------------    -------------------
                         (clock sys_clk rise edge)    0.000     0.000 r  
    E12                                               0.000     0.000 r  sys_clk_p (IN)
                         net (fo=0)                   0.000     0.000    i_bufds_sys_clk/I
    HPIOBDIFFINBUF_X1Y300
                         DIFFINBUF (Prop_DIFFINBUF_HPIOBDIFFINBUF_DIFF_IN_P_O)
                                                      0.340     0.340 r  i_bufds_sys_clk/DIFFINBUF_INST/O
                         net (fo=1, routed)           0.040     0.380    i_bufds_sys_clk/OUT
    E12                  IBUFCTRL (Prop_IBUFCTRL_HPIOB_M_I_O)
                                                      0.000     0.380 r  i_bufds_sys_clk/IBUFCTRL_INST/O
                         net (fo=1, routed)           0.150     0.530    sys_clk
    BUFGCE_X1Y289        BUFGCE (Prop_BUFCE_BUFGCE_I_O)
                                                      0.017     0.547 r  sys_clk_BUFGCE_inst/O
    X4Y12 (CLOCK_ROOT)   net (fo=19, routed)          0.606     1.153    i_dram_wrapper/i_dram/inst/u_ddr4_infrastructure/sys_clk_in
    SLICE_X136Y751       FDRE                                         r  i_dram_wrapper/i_dram/inst/u_ddr4_infrastructure/counter_input_rst_reg[6]/C
  -------------------------------------------------------------------    -------------------
    SLICE_X136Y751       FDRE (Prop_AFF_SLICEL_C_Q)
                                                      0.039     1.192 r  i_dram_wrapper/i_dram/inst/u_ddr4_infrastructure/counter_input_rst_reg[6]/Q
                         net (fo=7, routed)           0.052     1.244    i_dram_wrapper/i_dram/inst/u_ddr4_infrastructure/counter_input_rst[6]
    SLICE_X136Y750       LUT4 (Prop_H5LUT_SLICEL_I3_O)
                                                      0.020     1.264 r  i_dram_wrapper/i_dram/inst/u_ddr4_infrastructure/counter_input_rst[5]_i_1/O
                         net (fo=1, routed)           0.006     1.270    i_dram_wrapper/i_dram/inst/u_ddr4_infrastructure/counter_input_rst[5]_i_1_n_0
    SLICE_X136Y750       FDSE                                         r  i_dram_wrapper/i_dram/inst/u_ddr4_infrastructure/counter_input_rst_reg[5]/D
  -------------------------------------------------------------------    -------------------

                         (clock sys_clk rise edge)    0.000     0.000 r  
    E12                                               0.000     0.000 r  sys_clk_p (IN)
                         net (fo=0)                   0.000     0.000    i_bufds_sys_clk/I
    HPIOBDIFFINBUF_X1Y300
                         DIFFINBUF (Prop_DIFFINBUF_HPIOBDIFFINBUF_DIFF_IN_P_O)
                                                      0.446     0.446 r  i_bufds_sys_clk/DIFFINBUF_INST/O
                         net (fo=1, routed)           0.050     0.496    i_bufds_sys_clk/OUT
    E12                  IBUFCTRL (Prop_IBUFCTRL_HPIOB_M_I_O)
                                                      0.000     0.496 r  i_bufds_sys_clk/IBUFCTRL_INST/O
                         net (fo=1, routed)           0.183     0.679    sys_clk
    BUFGCE_X1Y289        BUFGCE (Prop_BUFCE_BUFGCE_I_O)
                                                      0.019     0.698 r  sys_clk_BUFGCE_inst/O
    X4Y12 (CLOCK_ROOT)   net (fo=19, routed)          0.698     1.396    i_dram_wrapper/i_dram/inst/u_ddr4_infrastructure/sys_clk_in
    SLICE_X136Y750       FDSE                                         r  i_dram_wrapper/i_dram/inst/u_ddr4_infrastructure/counter_input_rst_reg[5]/C
                         clock pessimism             -0.220     1.176    
    SLICE_X136Y750       FDSE (Hold_HFF2_SLICEL_C_D)
                                                      0.047     1.223    i_dram_wrapper/i_dram/inst/u_ddr4_infrastructure/counter_input_rst_reg[5]
  -------------------------------------------------------------------
                         required time                         -1.223    
                         arrival time                           1.270    
  -------------------------------------------------------------------
                         slack                                  0.047    





Pulse Width Checks
--------------------------------------------------------------------------------------
Clock Name:         sys_clk
Waveform(ns):       { 0.000 2.000 }
Period(ns):         4.000
Sources:            { sys_clk_p }

Check Type        Corner  Lib Pin            Reference Pin  Required(ns)  Actual(ns)  Slack(ns)  Location       Pin
Min Period        n/a     BUFGCE/I           n/a            1.290         4.000       2.710      BUFGCE_X1Y289  sys_clk_BUFGCE_inst/I
Max Period        n/a     MMCME4_ADV/CLKIN1  n/a            100.000       4.000       96.000     MMCM_X1Y13     i_dram_wrapper/i_dram/inst/u_ddr4_infrastructure/gen_mmcme4.u_mmcme_adv_inst/CLKIN1
Low Pulse Width   Slow    MMCME4_ADV/CLKIN1  n/a            0.450         2.000       1.550      MMCM_X1Y13     i_dram_wrapper/i_dram/inst/u_ddr4_infrastructure/gen_mmcme4.u_mmcme_adv_inst/CLKIN1
High Pulse Width  Slow    MMCME4_ADV/CLKIN1  n/a            0.450         2.000       1.550      MMCM_X1Y11     i_clkwiz/inst/mmcme4_adv_inst/CLKIN1



---------------------------------------------------------------------------------------------------
From Clock:  clk_50_clkwiz
  To Clock:  clk_50_clkwiz

Setup :            0  Failing Endpoints,  Worst Slack        0.892ns,  Total Violation        0.000ns
Hold  :            0  Failing Endpoints,  Worst Slack        0.010ns,  Total Violation        0.000ns
PW    :            0  Failing Endpoints,  Worst Slack        9.300ns,  Total Violation        0.000ns
---------------------------------------------------------------------------------------------------


Max Delay Paths
--------------------------------------------------------------------------------------
Slack (MET) :             0.892ns  (required time - arrival time)
  Source:                 i_cheshire_soc/gen_cva6_cores[0].i_core_cva6/gen_accelerator.i_acc_dispatcher/i_accelerator_req_register/spill_register_flushable_i/gen_spill_reg.b_full_q_reg/C
                            (rising edge-triggered cell FDCE clocked by clk_50_clkwiz  {rise@0.000ns fall@10.000ns period=20.000ns})
  Destination:            i_cheshire_soc/gen_cva6_cores[0].i_core_cva6/issue_stage_i/i_scoreboard/mem_q_reg[6][sbe][rd][3]/D
                            (rising edge-triggered cell FDCE clocked by clk_50_clkwiz  {rise@0.000ns fall@10.000ns period=20.000ns})
  Path Group:             clk_50_clkwiz
  Path Type:              Setup (Max at Slow Process Corner)
  Requirement:            20.000ns  (clk_50_clkwiz rise@20.000ns - clk_50_clkwiz rise@0.000ns)
  Data Path Delay:        18.936ns  (logic 4.848ns (25.602%)  route 14.088ns (74.398%))
  Logic Levels:           52  (CARRY8=3 LUT2=2 LUT3=2 LUT4=5 LUT5=8 LUT6=29 MUXF7=2 MUXF8=1)
  Clock Path Skew:        -0.032ns (DCD - SCD + CPR)
    Destination Clock Delay (DCD):    5.943ns = ( 25.943 - 20.000 ) 
    Source Clock Delay      (SCD):    5.804ns
    Clock Pessimism Removal (CPR):    -0.171ns
  Clock Uncertainty:      0.083ns  ((TSJ^2 + DJ^2)^1/2) / 2 + PE
    Total System Jitter     (TSJ):    0.071ns
    Discrete Jitter          (DJ):    0.150ns
    Phase Error              (PE):    0.000ns
  Inter-SLR Compensation: 0.082ns  ((DCD - CCD) * PF)
    Destination Clock Delay (DCD):    5.943ns
    Common Clock Delay      (CCD):    5.398ns
    Prorating Factor         (PF):    0.150
  Clock Net Delay (Source):      3.580ns (routing 1.870ns, distribution 1.710ns)
  Clock Net Delay (Destination): 3.274ns (routing 1.700ns, distribution 1.574ns)

    Location             Delay type                Incr(ns)  Path(ns)    Netlist Resource(s)
  -------------------------------------------------------------------    -------------------
                         (clock clk_50_clkwiz rise edge)
                                                      0.000     0.000 r  
    E12                                               0.000     0.000 r  sys_clk_p (IN)
                         net (fo=0)                   0.000     0.000    i_bufds_sys_clk/I
    HPIOBDIFFINBUF_X1Y300
                         DIFFINBUF (Prop_DIFFINBUF_HPIOBDIFFINBUF_DIFF_IN_P_O)
                                                      0.675     0.675 r  i_bufds_sys_clk/DIFFINBUF_INST/O
                         net (fo=1, routed)           0.050     0.725    i_bufds_sys_clk/OUT
    E12                  IBUFCTRL (Prop_IBUFCTRL_HPIOB_M_I_O)
                                                      0.000     0.725 r  i_bufds_sys_clk/IBUFCTRL_INST/O
                         net (fo=1, routed)           0.335     1.060    sys_clk
    BUFGCE_X1Y289        BUFGCE (Prop_BUFCE_BUFGCE_I_O)
                                                      0.028     1.088 r  sys_clk_BUFGCE_inst/O
                         net (fo=19, routed)          0.991     2.079    i_clkwiz/inst/clk_in1
    MMCM_X1Y11           MMCME4_ADV (Prop_MMCM_CLKIN1_CLKOUT0)
                                                     -0.127     1.952 r  i_clkwiz/inst/mmcme4_adv_inst/CLKOUT0
                         net (fo=1, routed)           0.244     2.196    i_clkwiz/inst/clk_50_clkwiz
    BUFGCE_X1Y266        BUFGCE (Prop_BUFCE_BUFGCE_I_O)
                                                      0.028     2.224 r  i_clkwiz/inst/clkout1_buf/O
    X2Y7 (CLOCK_ROOT)    net (fo=198214, routed)      3.580     5.804    i_cheshire_soc/gen_cva6_cores[0].i_core_cva6/gen_accelerator.i_acc_dispatcher/i_accelerator_req_register/spill_register_flushable_i/clk_i
    SLICE_X77Y605        FDCE                                         r  i_cheshire_soc/gen_cva6_cores[0].i_core_cva6/gen_accelerator.i_acc_dispatcher/i_accelerator_req_register/spill_register_flushable_i/gen_spill_reg.b_full_q_reg/C
  -------------------------------------------------------------------    -------------------
    SLICE_X77Y605        FDCE (Prop_AFF_SLICEL_C_Q)
                                                      0.079     5.883 r  i_cheshire_soc/gen_cva6_cores[0].i_core_cva6/gen_accelerator.i_acc_dispatcher/i_accelerator_req_register/spill_register_flushable_i/gen_spill_reg.b_full_q_reg/Q
                         net (fo=172, routed)         0.281     6.164    i_cheshire_soc/gen_cva6_cores[0].i_core_cva6/gen_accelerator.i_acc_dispatcher/i_accelerator_req_register/spill_register_flushable_i/gen_spill_reg.b_full_q
    SLICE_X72Y603        LUT3 (Prop_H6LUT_SLICEM_I2_O)
                                                      0.090     6.254 r  i_cheshire_soc/gen_cva6_cores[0].i_core_cva6/gen_accelerator.i_acc_dispatcher/i_accelerator_req_register/spill_register_flushable_i/data_o[insn][15]_INST_0/O
                         net (fo=108, routed)         1.543     7.797    i_cheshire_soc/gen_cva6_cores[0].gen_ara.i_ara/i_dispatcher/acc_req_i[insn][15]
    SLR Crossing[2->1]   
    SLICE_X75Y539        LUT6 (Prop_C6LUT_SLICEL_I4_O)
                                                      0.035     7.832 r  i_cheshire_soc/gen_cva6_cores[0].gen_ara.i_ara/i_dispatcher/overlap_target_eew_q[2]_i_65/O
                         net (fo=1, routed)           0.010     7.842    i_cheshire_soc/gen_cva6_cores[0].gen_ara.i_ara/i_dispatcher/overlap_target_eew_q[2]_i_65_n_0
    SLICE_X75Y539        MUXF7 (Prop_F7MUX_CD_SLICEL_I1_O)
                                                      0.064     7.906 r  i_cheshire_soc/gen_cva6_cores[0].gen_ara.i_ara/i_dispatcher/overlap_target_eew_q_reg[2]_i_53/O
                         net (fo=1, routed)           0.320     8.226    i_cheshire_soc/gen_cva6_cores[0].gen_ara.i_ara/i_dispatcher/overlap_target_eew_q_reg[2]_i_53_n_0
    SLICE_X77Y541        LUT6 (Prop_G6LUT_SLICEL_I0_O)
                                                      0.123     8.349 r  i_cheshire_soc/gen_cva6_cores[0].gen_ara.i_ara/i_dispatcher/overlap_target_eew_q[2]_i_36/O
                         net (fo=1, routed)           0.202     8.551    i_cheshire_soc/gen_cva6_cores[0].gen_ara.i_ara/i_dispatcher/overlap_target_eew_q[2]_i_36_n_0
    SLICE_X77Y548        LUT6 (Prop_H6LUT_SLICEL_I3_O)
                                                      0.051     8.602 f  i_cheshire_soc/gen_cva6_cores[0].gen_ara.i_ara/i_dispatcher/overlap_target_eew_q[2]_i_24/O
                         net (fo=7, routed)           0.262     8.864    i_cheshire_soc/gen_cva6_cores[0].gen_ara.i_ara/i_dispatcher/ara_req1964_out
    SLICE_X77Y553        LUT5 (Prop_F6LUT_SLICEL_I2_O)
                                                      0.123     8.987 r  i_cheshire_soc/gen_cva6_cores[0].gen_ara.i_ara/i_dispatcher/source_snapshot_vl_q[1]_i_25/O
                         net (fo=1, routed)           0.260     9.247    i_cheshire_soc/gen_cva6_cores[0].gen_ara.i_ara/i_dispatcher/source_snapshot_vl_q[1]_i_25_n_0
    SLICE_X81Y555        LUT6 (Prop_H6LUT_SLICEM_I4_O)
                                                      0.090     9.337 r  i_cheshire_soc/gen_cva6_cores[0].gen_ara.i_ara/i_dispatcher/source_snapshot_vl_q[1]_i_19/O
                         net (fo=1, routed)           0.222     9.559    i_cheshire_soc/gen_cva6_cores[0].gen_ara.i_ara/i_dispatcher/source_snapshot_vl_q[1]_i_19_n_0
    SLICE_X82Y556        LUT6 (Prop_H6LUT_SLICEL_I4_O)
                                                      0.150     9.709 r  i_cheshire_soc/gen_cva6_cores[0].gen_ara.i_ara/i_dispatcher/source_snapshot_vl_q[1]_i_12/O
                         net (fo=1, routed)           0.037     9.746    i_cheshire_soc/gen_cva6_cores[0].gen_ara.i_ara/i_dispatcher/source_snapshot_vl_q[1]_i_12_n_0
    SLICE_X82Y556        LUT6 (Prop_F6LUT_SLICEL_I2_O)
                                                      0.089     9.835 r  i_cheshire_soc/gen_cva6_cores[0].gen_ara.i_ara/i_dispatcher/source_snapshot_vl_q[1]_i_4/O
                         net (fo=1, routed)           0.450    10.285    i_cheshire_soc/gen_cva6_cores[0].gen_ara.i_ara/i_dispatcher/source_snapshot_vl_q[1]_i_4_n_0
    SLICE_X91Y556        LUT6 (Prop_C6LUT_SLICEL_I0_O)
                                                      0.088    10.373 r  i_cheshire_soc/gen_cva6_cores[0].gen_ara.i_ara/i_dispatcher/source_snapshot_vl_q[1]_i_2/O
                         net (fo=63, routed)          0.418    10.791    i_cheshire_soc/gen_cva6_cores[0].gen_ara.i_ara/i_dispatcher/source_snapshot_vl_q[1]_i_2_n_0
    SLICE_X86Y565        LUT2 (Prop_B6LUT_SLICEL_I0_O)
                                                      0.036    10.827 r  i_cheshire_soc/gen_cva6_cores[0].gen_ara.i_ara/i_dispatcher/source_snapshot_lmul_q[2]_i_578/O
                         net (fo=1, routed)           0.009    10.836    i_cheshire_soc/gen_cva6_cores[0].gen_ara.i_ara/i_dispatcher/source_snapshot_lmul_q[2]_i_578_n_0
    SLICE_X86Y565        CARRY8 (Prop_CARRY8_SLICEL_S[1]_O[5])
                                                      0.233    11.069 f  i_cheshire_soc/gen_cva6_cores[0].gen_ara.i_ara/i_dispatcher/source_snapshot_lmul_q_reg[2]_i_311/O[5]
                         net (fo=11, routed)          0.398    11.467    i_cheshire_soc/gen_cva6_cores[0].gen_ara.i_ara/i_dispatcher/p_1_in0_out[5]
    SLICE_X86Y572        LUT6 (Prop_E6LUT_SLICEL_I2_O)
                                                      0.035    11.502 f  i_cheshire_soc/gen_cva6_cores[0].gen_ara.i_ara/i_dispatcher/source_snapshot_lmul_q[2]_i_594/O
                         net (fo=2, routed)           0.063    11.565    i_cheshire_soc/gen_cva6_cores[0].gen_ara.i_ara/i_dispatcher/source_snapshot_lmul_q[2]_i_594_n_0
    SLICE_X86Y572        LUT6 (Prop_F6LUT_SLICEL_I0_O)
                                                      0.148    11.713 f  i_cheshire_soc/gen_cva6_cores[0].gen_ara.i_ara/i_dispatcher/source_snapshot_lmul_q[2]_i_315/O
                         net (fo=5, routed)           0.260    11.973    i_cheshire_soc/gen_cva6_cores[0].gen_ara.i_ara/i_dispatcher/source_snapshot_lmul_q[2]_i_315_n_0
    SLICE_X85Y568        LUT5 (Prop_A6LUT_SLICEL_I4_O)
                                                      0.149    12.122 r  i_cheshire_soc/gen_cva6_cores[0].gen_ara.i_ara/i_dispatcher/source_snapshot_lmul_q[2]_i_312/O
                         net (fo=14, routed)          0.363    12.485    i_cheshire_soc/gen_cva6_cores[0].gen_ara.i_ara/i_dispatcher/source_snapshot_lmul_q[2]_i_312_n_0
    SLICE_X86Y571        LUT6 (Prop_D6LUT_SLICEL_I2_O)
                                                      0.146    12.631 r  i_cheshire_soc/gen_cva6_cores[0].gen_ara.i_ara/i_dispatcher/source_snapshot_lmul_q[2]_i_318/O
                         net (fo=5, routed)           0.107    12.738    i_cheshire_soc/gen_cva6_cores[0].gen_ara.i_ara/i_dispatcher/source_snapshot_lmul_q[2]_i_318_n_0
    SLICE_X86Y570        LUT4 (Prop_B6LUT_SLICEL_I2_O)
                                                      0.148    12.886 r  i_cheshire_soc/gen_cva6_cores[0].gen_ara.i_ara/i_dispatcher/source_snapshot_lmul_q[2]_i_144/O
                         net (fo=3, routed)           0.180    13.066    i_cheshire_soc/gen_cva6_cores[0].gen_ara.i_ara/i_dispatcher/source_snapshot_lmul_q[2]_i_144_n_0
    SLICE_X86Y568        LUT6 (Prop_F6LUT_SLICEL_I4_O)
                                                      0.035    13.101 f  i_cheshire_soc/gen_cva6_cores[0].gen_ara.i_ara/i_dispatcher/source_snapshot_lmul_q[2]_i_583/O
                         net (fo=1, routed)           0.167    13.268    i_cheshire_soc/gen_cva6_cores[0].gen_ara.i_ara/i_dispatcher/source_snapshot_lmul_q[2]_i_583_n_0
    SLICE_X86Y569        CARRY8 (Prop_CARRY8_SLICEL_DI[3]_CO[5])
                                                      0.139    13.407 f  i_cheshire_soc/gen_cva6_cores[0].gen_ara.i_ara/i_dispatcher/source_snapshot_lmul_q_reg[2]_i_313/CO[5]
                         net (fo=1, routed)           0.225    13.632    i_cheshire_soc/gen_cva6_cores[0].gen_ara.i_ara/i_dispatcher/fpga_slide_bound0_return2
    SLICE_X85Y568        LUT6 (Prop_C6LUT_SLICEL_I0_O)
                                                      0.035    13.667 r  i_cheshire_soc/gen_cva6_cores[0].gen_ara.i_ara/i_dispatcher/source_snapshot_lmul_q[2]_i_142/O
                         net (fo=17, routed)          0.282    13.949    i_cheshire_soc/gen_cva6_cores[0].gen_ara.i_ara/i_dispatcher/source_snapshot_lmul_q[2]_i_142_n_0
    SLICE_X86Y570        LUT6 (Prop_H6LUT_SLICEL_I4_O)
                                                      0.090    14.039 r  i_cheshire_soc/gen_cva6_cores[0].gen_ara.i_ara/i_dispatcher/source_snapshot_lmul_q[2]_i_330/O
                         net (fo=1, routed)           0.262    14.301    i_cheshire_soc/gen_cva6_cores[0].gen_ara.i_ara/i_dispatcher/source_snapshot_lmul_q[2]_i_330_n_0
    SLICE_X88Y571        LUT6 (Prop_D6LUT_SLICEM_I1_O)
                                                      0.088    14.389 r  i_cheshire_soc/gen_cva6_cores[0].gen_ara.i_ara/i_dispatcher/source_snapshot_lmul_q[2]_i_149/O
                         net (fo=18, routed)          0.488    14.877    i_cheshire_soc/gen_cva6_cores[0].gen_ara.i_ara/i_dispatcher/source_snapshot_lmul_q[2]_i_149_n_0
    SLICE_X86Y562        LUT4 (Prop_C6LUT_SLICEL_I0_O)
                                                      0.123    15.000 r  i_cheshire_soc/gen_cva6_cores[0].gen_ara.i_ara/i_dispatcher/source_snapshot_lmul_q[2]_i_308/O
                         net (fo=1, routed)           0.010    15.010    i_cheshire_soc/gen_cva6_cores[0].gen_ara.i_ara/i_dispatcher/source_snapshot_lmul_q[2]_i_308_n_0
    SLICE_X86Y562        CARRY8 (Prop_CARRY8_SLICEL_S[2]_CO[5])
                                                      0.158    15.168 f  i_cheshire_soc/gen_cva6_cores[0].gen_ara.i_ara/i_dispatcher/source_snapshot_lmul_q_reg[2]_i_140/CO[5]
                         net (fo=5, routed)           0.455    15.623    i_cheshire_soc/gen_cva6_cores[0].gen_ara.i_ara/i_dispatcher/fpga_active_registers1_return3
    SLICE_X96Y561        LUT5 (Prop_E6LUT_SLICEL_I1_O)
                                                      0.099    15.722 f  i_cheshire_soc/gen_cva6_cores[0].gen_ara.i_ara/i_dispatcher/source_snapshot_lmul_q[2]_i_342/O
                         net (fo=1, routed)           0.108    15.830    i_cheshire_soc/gen_cva6_cores[0].gen_ara.i_ara/i_dispatcher/source_snapshot_lmul_q[2]_i_342_n_0
    SLICE_X96Y561        LUT6 (Prop_G6LUT_SLICEL_I1_O)
                                                      0.149    15.979 f  i_cheshire_soc/gen_cva6_cores[0].gen_ara.i_ara/i_dispatcher/source_snapshot_lmul_q[2]_i_153/O
                         net (fo=1, routed)           0.044    16.023    i_cheshire_soc/gen_cva6_cores[0].gen_ara.i_ara/i_dispatcher/source_snapshot_lmul_q[2]_i_153_n_0
    SLICE_X96Y561        LUT6 (Prop_F6LUT_SLICEL_I4_O)
                                                      0.097    16.120 f  i_cheshire_soc/gen_cva6_cores[0].gen_ara.i_ara/i_dispatcher/source_snapshot_lmul_q[2]_i_72/O
                         net (fo=1, routed)           0.087    16.207    i_cheshire_soc/gen_cva6_cores[0].gen_ara.i_ara/i_dispatcher/source_snapshot_lmul_q[2]_i_72_n_0
    SLICE_X96Y561        LUT6 (Prop_C6LUT_SLICEL_I5_O)
                                                      0.050    16.257 r  i_cheshire_soc/gen_cva6_cores[0].gen_ara.i_ara/i_dispatcher/source_snapshot_lmul_q[2]_i_32/O
                         net (fo=1, routed)           0.215    16.472    i_cheshire_soc/gen_cva6_cores[0].gen_ara.i_ara/i_dispatcher/source_snapshot_lmul_q[2]_i_32_n_0
    SLICE_X96Y552        LUT6 (Prop_D6LUT_SLICEL_I1_O)
                                                      0.036    16.508 r  i_cheshire_soc/gen_cva6_cores[0].gen_ara.i_ara/i_dispatcher/source_snapshot_lmul_q[2]_i_17/O
                         net (fo=10, routed)          0.458    16.966    i_cheshire_soc/gen_cva6_cores[0].gen_ara.i_ara/i_dispatcher/source_snapshot_lmul_q[2]_i_17_n_0
    SLICE_X89Y545        LUT2 (Prop_H6LUT_SLICEL_I0_O)
                                                      0.090    17.056 f  i_cheshire_soc/gen_cva6_cores[0].gen_ara.i_ara/i_dispatcher/acc_resp_o[req_ready]_INST_0_i_45/O
                         net (fo=4, routed)           0.284    17.340    i_cheshire_soc/gen_cva6_cores[0].gen_ara.i_ara/i_dispatcher/acc_resp_o[req_ready]_INST_0_i_45_n_0
    SLICE_X87Y544        LUT6 (Prop_H6LUT_SLICEM_I3_O)
                                                      0.101    17.441 f  i_cheshire_soc/gen_cva6_cores[0].gen_ara.i_ara/i_dispatcher/acc_resp_o[req_ready]_INST_0_i_46/O
                         net (fo=2, routed)           0.153    17.594    i_cheshire_soc/gen_cva6_cores[0].gen_ara.i_ara/i_dispatcher/acc_resp_o[req_ready]_INST_0_i_46_n_0
    SLICE_X86Y542        LUT4 (Prop_E6LUT_SLICEL_I0_O)
                                                      0.035    17.629 f  i_cheshire_soc/gen_cva6_cores[0].gen_ara.i_ara/i_dispatcher/eew_new_buffer_q[2]_i_6/O
                         net (fo=13, routed)          0.268    17.897    i_cheshire_soc/gen_cva6_cores[0].gen_ara.i_ara/i_dispatcher/eew_new_buffer_q[2]_i_6_n_0
    SLICE_X86Y538        LUT6 (Prop_G6LUT_SLICEL_I5_O)
                                                      0.050    17.947 f  i_cheshire_soc/gen_cva6_cores[0].gen_ara.i_ara/i_dispatcher/acc_resp_o[req_ready]_INST_0_i_67/O
                         net (fo=7, routed)           0.145    18.092    i_cheshire_soc/gen_cva6_cores[0].gen_ara.i_ara/i_dispatcher/acc_resp_o[req_ready]_INST_0_i_67_n_0
    SLICE_X86Y540        LUT6 (Prop_H6LUT_SLICEL_I2_O)
                                                      0.051    18.143 f  i_cheshire_soc/gen_cva6_cores[0].gen_ara.i_ara/i_dispatcher/acc_resp_o[req_ready]_INST_0_i_24/O
                         net (fo=4, routed)           0.113    18.256    i_cheshire_soc/gen_cva6_cores[0].gen_ara.i_ara/i_dispatcher/acc_resp_o[req_ready]_INST_0_i_24_n_0
    SLICE_X87Y541        LUT3 (Prop_G6LUT_SLICEM_I2_O)
                                                      0.150    18.406 r  i_cheshire_soc/gen_cva6_cores[0].gen_ara.i_ara/i_dispatcher/acc_resp_o[req_ready]_INST_0_i_5/O
                         net (fo=15, routed)          0.150    18.556    i_cheshire_soc/gen_cva6_cores[0].gen_ara.i_ara/i_dispatcher/acc_resp_o[req_ready]_INST_0_i_5_n_0
    SLICE_X87Y544        LUT6 (Prop_G6LUT_SLICEM_I5_O)
                                                      0.052    18.608 r  i_cheshire_soc/gen_cva6_cores[0].gen_ara.i_ara/i_dispatcher/acc_resp_o[resp_valid]_INST_0/O
                         net (fo=9, routed)           0.361    18.969    i_cheshire_soc/gen_cva6_cores[0].i_core_cva6/issue_stage_i/i_issue_read_operands/fwd_i[wb][4][valid]
    SLICE_X85Y560        LUT5 (Prop_D6LUT_SLICEL_I1_O)
                                                      0.050    19.019 r  i_cheshire_soc/gen_cva6_cores[0].i_core_cva6/issue_stage_i/i_issue_read_operands/rs1_forwarding_o[0][57]_INST_0_i_20/O
                         net (fo=65, routed)          1.736    20.755    i_cheshire_soc/gen_cva6_cores[0].i_core_cva6/issue_stage_i/i_issue_read_operands/rs1_forwarding_o[0][57]_INST_0_i_20_n_0
    SLR Crossing[1->2]   
    SLICE_X77Y636        LUT6 (Prop_D6LUT_SLICEL_I3_O)
                                                      0.099    20.854 f  i_cheshire_soc/gen_cva6_cores[0].i_core_cva6/issue_stage_i/i_issue_read_operands/rs1_forwarding_o[0][63]_INST_0_i_17/O
                         net (fo=3, routed)           0.140    20.994    i_cheshire_soc/gen_cva6_cores[0].i_core_cva6/issue_stage_i/i_issue_read_operands/rs1_forwarding_o[0][63]_INST_0_i_17_n_0
    SLICE_X77Y638        LUT6 (Prop_G6LUT_SLICEL_I5_O)
                                                      0.089    21.083 f  i_cheshire_soc/gen_cva6_cores[0].i_core_cva6/issue_stage_i/i_issue_read_operands/rs2_forwarding_o[0][15]_INST_0_i_8/O
                         net (fo=2, routed)           0.105    21.188    i_cheshire_soc/gen_cva6_cores[0].i_core_cva6/issue_stage_i/i_issue_read_operands/rs2_forwarding_o[0][15]_INST_0_i_8_n_0
    SLICE_X77Y640        LUT6 (Prop_B6LUT_SLICEL_I3_O)
                                                      0.124    21.312 f  i_cheshire_soc/gen_cva6_cores[0].i_core_cva6/issue_stage_i/i_issue_read_operands/rs2_forwarding_o[0][15]_INST_0_i_1/O
                         net (fo=65, routed)          0.122    21.434    i_cheshire_soc/gen_cva6_cores[0].i_core_cva6/issue_stage_i/i_issue_read_operands/rs2_forwarding_o[0][15]_INST_0_i_1_n_0
    SLICE_X77Y641        LUT6 (Prop_C6LUT_SLICEL_I1_O)
                                                      0.146    21.580 f  i_cheshire_soc/gen_cva6_cores[0].i_core_cva6/issue_stage_i/i_issue_read_operands/issue_ack_o[0]_INST_0_i_1/O
                         net (fo=13, routed)          0.096    21.676    i_cheshire_soc/gen_cva6_cores[0].i_core_cva6/issue_stage_i/i_issue_read_operands/stall_issue_o
    SLICE_X77Y641        LUT5 (Prop_F6LUT_SLICEL_I0_O)
                                                      0.035    21.711 r  i_cheshire_soc/gen_cva6_cores[0].i_core_cva6/issue_stage_i/i_issue_read_operands/issue_ack_o[0]_INST_0/O
                         net (fo=4, routed)           0.191    21.902    i_cheshire_soc/gen_cva6_cores[0].i_core_cva6/issue_stage_i/i_scoreboard/issue_ack_i[0]
    SLICE_X77Y638        LUT5 (Prop_B6LUT_SLICEL_I3_O)
                                                      0.090    21.992 r  i_cheshire_soc/gen_cva6_cores[0].i_core_cva6/issue_stage_i/i_scoreboard/issue_pointer_q[2]_i_3/O
                         net (fo=53, routed)          0.555    22.547    i_cheshire_soc/gen_cva6_cores[0].i_core_cva6/issue_stage_i/i_scoreboard/num_issue
    SLICE_X86Y628        LUT4 (Prop_E6LUT_SLICEL_I1_O)
                                                      0.035    22.582 r  i_cheshire_soc/gen_cva6_cores[0].i_core_cva6/issue_stage_i/i_scoreboard/mem_q[5][sbe][op][7]_i_1/O
                         net (fo=104, routed)         0.418    23.000    i_cheshire_soc/gen_cva6_cores[0].i_core_cva6/issue_stage_i/i_scoreboard/mem_q[5][sbe][op][7]_i_1_n_0
    SLICE_X89Y619        LUT6 (Prop_B6LUT_SLICEL_I0_O)
                                                      0.124    23.124 r  i_cheshire_soc/gen_cva6_cores[0].i_core_cva6/issue_stage_i/i_scoreboard/mem_q[3][sbe][rd][3]_i_44/O
                         net (fo=1, routed)           0.009    23.133    i_cheshire_soc/gen_cva6_cores[0].i_core_cva6/issue_stage_i/i_scoreboard/mem_q[3][sbe][rd][3]_i_44_n_0
    SLICE_X89Y619        MUXF7 (Prop_F7MUX_AB_SLICEL_I0_O)
                                                      0.056    23.189 r  i_cheshire_soc/gen_cva6_cores[0].i_core_cva6/issue_stage_i/i_scoreboard/mem_q_reg[3][sbe][rd][3]_i_21/O
                         net (fo=1, routed)           0.000    23.189    i_cheshire_soc/gen_cva6_cores[0].i_core_cva6/issue_stage_i/i_scoreboard/mem_q_reg[3][sbe][rd][3]_i_21_n_0
    SLICE_X89Y619        MUXF8 (Prop_F8MUX_BOT_SLICEL_I1_O)
                                                      0.026    23.215 r  i_cheshire_soc/gen_cva6_cores[0].i_core_cva6/issue_stage_i/i_scoreboard/mem_q_reg[3][sbe][rd][3]_i_9/O
                         net (fo=1, routed)           0.207    23.422    i_cheshire_soc/gen_cva6_cores[0].i_core_cva6/issue_stage_i/i_scoreboard/mem_q_reg[3][sbe][rd][3]_i_9_n_0
    SLICE_X91Y621        LUT4 (Prop_G6LUT_SLICEL_I3_O)
                                                      0.149    23.571 f  i_cheshire_soc/gen_cva6_cores[0].i_core_cva6/issue_stage_i/i_scoreboard/mem_q[3][sbe][rd][3]_i_4/O
                         net (fo=9, routed)           0.219    23.790    i_cheshire_soc/gen_cva6_cores[0].i_core_cva6/issue_stage_i/i_scoreboard/mem_q[3][sbe][rd][3]_i_4_n_0
    SLICE_X91Y622        LUT6 (Prop_D6LUT_SLICEL_I2_O)
                                                      0.146    23.936 f  i_cheshire_soc/gen_cva6_cores[0].i_core_cva6/issue_stage_i/i_scoreboard/mem_q[5][sbe][rd][4]_i_6/O
                         net (fo=6, routed)           0.208    24.144    i_cheshire_soc/gen_cva6_cores[0].i_core_cva6/issue_stage_i/i_scoreboard/mem_q[5][sbe][rd][4]_i_6_n_0
    SLICE_X89Y620        LUT5 (Prop_E6LUT_SLICEL_I1_O)
                                                      0.035    24.179 f  i_cheshire_soc/gen_cva6_cores[0].i_core_cva6/issue_stage_i/i_scoreboard/mem_q[5][sbe][rd][3]_i_3/O
                         net (fo=2, routed)           0.141    24.320    i_cheshire_soc/gen_cva6_cores[0].i_core_cva6/issue_stage_i/i_scoreboard/mem_q[5][sbe][rd][3]_i_3_n_0
    SLICE_X89Y621        LUT6 (Prop_F6LUT_SLICEL_I5_O)
                                                      0.089    24.409 r  i_cheshire_soc/gen_cva6_cores[0].i_core_cva6/issue_stage_i/i_scoreboard/mem_q[6][sbe][rd][3]_i_2/O
                         net (fo=2, routed)           0.231    24.640    i_cheshire_soc/gen_cva6_cores[0].i_core_cva6/issue_stage_i/i_scoreboard/mem_q[6][sbe][rd][3]_i_2_n_0
    SLICE_X91Y621        LUT5 (Prop_C6LUT_SLICEL_I0_O)
                                                      0.050    24.690 r  i_cheshire_soc/gen_cva6_cores[0].i_core_cva6/issue_stage_i/i_scoreboard/mem_q[6][sbe][rd][3]_i_1/O
                         net (fo=1, routed)           0.050    24.740    i_cheshire_soc/gen_cva6_cores[0].i_core_cva6/issue_stage_i/i_scoreboard/mem_q[6][sbe][rd][3]_i_1_n_0
    SLICE_X91Y621        FDCE                                         r  i_cheshire_soc/gen_cva6_cores[0].i_core_cva6/issue_stage_i/i_scoreboard/mem_q_reg[6][sbe][rd][3]/D
  -------------------------------------------------------------------    -------------------

                         (clock clk_50_clkwiz rise edge)
                                                     20.000    20.000 r  
    E12                                               0.000    20.000 r  sys_clk_p (IN)
                         net (fo=0)                   0.000    20.000    i_bufds_sys_clk/I
    HPIOBDIFFINBUF_X1Y300
                         DIFFINBUF (Prop_DIFFINBUF_HPIOBDIFFINBUF_DIFF_IN_P_O)
                                                      0.564    20.564 r  i_bufds_sys_clk/DIFFINBUF_INST/O
                         net (fo=1, routed)           0.040    20.604    i_bufds_sys_clk/OUT
    E12                  IBUFCTRL (Prop_IBUFCTRL_HPIOB_M_I_O)
                                                      0.000    20.604 r  i_bufds_sys_clk/IBUFCTRL_INST/O
                         net (fo=1, routed)           0.297    20.901    sys_clk
    BUFGCE_X1Y289        BUFGCE (Prop_BUFCE_BUFGCE_I_O)
                                                      0.024    20.925 r  sys_clk_BUFGCE_inst/O
                         net (fo=19, routed)          0.876    21.801    i_clkwiz/inst/clk_in1
    MMCM_X1Y11           MMCME4_ADV (Prop_MMCM_CLKIN1_CLKOUT0)
                                                      0.630    22.431 r  i_clkwiz/inst/mmcme4_adv_inst/CLKOUT0
                         net (fo=1, routed)           0.214    22.645    i_clkwiz/inst/clk_50_clkwiz
    BUFGCE_X1Y266        BUFGCE (Prop_BUFCE_BUFGCE_I_O)
                                                      0.024    22.669 r  i_clkwiz/inst/clkout1_buf/O
    X2Y7 (CLOCK_ROOT)    net (fo=198214, routed)      3.274    25.943    i_cheshire_soc/gen_cva6_cores[0].i_core_cva6/issue_stage_i/i_scoreboard/clk_i
    SLICE_X91Y621        FDCE                                         r  i_cheshire_soc/gen_cva6_cores[0].i_core_cva6/issue_stage_i/i_scoreboard/mem_q_reg[6][sbe][rd][3]/C
                         clock pessimism             -0.171    25.772    
                         inter-SLR compensation      -0.082    25.690    
                         clock uncertainty           -0.083    25.607    
    SLICE_X91Y621        FDCE (Setup_CFF_SLICEL_C_D)
                                                      0.025    25.632    i_cheshire_soc/gen_cva6_cores[0].i_core_cva6/issue_stage_i/i_scoreboard/mem_q_reg[6][sbe][rd][3]
  -------------------------------------------------------------------
                         required time                         25.632    
                         arrival time                         -24.740    
  -------------------------------------------------------------------
                         slack                                  0.892    





Min Delay Paths
--------------------------------------------------------------------------------------
Slack (MET) :             0.010ns  (arrival time - required time)
  Source:                 i_cheshire_soc/gen_cva6_cores[0].gen_ara.i_ara/gen_lanes[3].i_lane/i_vfus/i_vmfpu/fpu_gen.i_fpnew_bulk/gen_operation_groups[0].i_opgroup_block/gen_parallel_slices[0].active_format.i_fmt_slice/gen_num_lanes[1].active_lane.lane_instance.i_fma/gen_inside_pipeline[0].mid_pipe_sum_q_reg[1][2]/C
                            (rising edge-triggered cell FDCE clocked by clk_50_clkwiz  {rise@0.000ns fall@10.000ns period=20.000ns})
  Destination:            i_cheshire_soc/gen_cva6_cores[0].gen_ara.i_ara/gen_lanes[3].i_lane/i_vfus/i_vmfpu/fpu_gen.i_fpnew_bulk/gen_operation_groups[0].i_opgroup_block/gen_parallel_slices[0].active_format.i_fmt_slice/gen_num_lanes[1].active_lane.lane_instance.i_fma/gen_inside_pipeline[1].mid_pipe_sum_q_reg[2][2]/D
                            (rising edge-triggered cell FDCE clocked by clk_50_clkwiz  {rise@0.000ns fall@10.000ns period=20.000ns})
  Path Group:             clk_50_clkwiz
  Path Type:              Hold (Min at Slow Process Corner)
  Requirement:            0.000ns  (clk_50_clkwiz rise@0.000ns - clk_50_clkwiz rise@0.000ns)
  Data Path Delay:        0.172ns  (logic 0.059ns (34.302%)  route 0.113ns (65.698%))
  Logic Levels:           0  
  Clock Path Skew:        0.100ns (DCD - SCD - CPR)
    Destination Clock Delay (DCD):    6.711ns
    Source Clock Delay      (SCD):    6.707ns
    Clock Pessimism Removal (CPR):    -0.097ns
  Clock Net Delay (Source):      4.038ns (routing 1.700ns, distribution 2.338ns)
  Clock Net Delay (Destination): 4.487ns (routing 1.870ns, distribution 2.617ns)

    Location             Delay type                Incr(ns)  Path(ns)    Netlist Resource(s)
  -------------------------------------------------------------------    -------------------
                         (clock clk_50_clkwiz rise edge)
                                                      0.000     0.000 r  
    E12                                               0.000     0.000 r  sys_clk_p (IN)
                         net (fo=0)                   0.000     0.000    i_bufds_sys_clk/I
    HPIOBDIFFINBUF_X1Y300
                         DIFFINBUF (Prop_DIFFINBUF_HPIOBDIFFINBUF_DIFF_IN_P_O)
                                                      0.564     0.564 r  i_bufds_sys_clk/DIFFINBUF_INST/O
                         net (fo=1, routed)           0.040     0.604    i_bufds_sys_clk/OUT
    E12                  IBUFCTRL (Prop_IBUFCTRL_HPIOB_M_I_O)
                                                      0.000     0.604 r  i_bufds_sys_clk/IBUFCTRL_INST/O
                         net (fo=1, routed)           0.297     0.901    sys_clk
    BUFGCE_X1Y289        BUFGCE (Prop_BUFCE_BUFGCE_I_O)
                                                      0.024     0.925 r  sys_clk_BUFGCE_inst/O
                         net (fo=19, routed)          0.876     1.801    i_clkwiz/inst/clk_in1
    MMCM_X1Y11           MMCME4_ADV (Prop_MMCM_CLKIN1_CLKOUT0)
                                                      0.630     2.431 r  i_clkwiz/inst/mmcme4_adv_inst/CLKOUT0
                         net (fo=1, routed)           0.214     2.645    i_clkwiz/inst/clk_50_clkwiz
    BUFGCE_X1Y266        BUFGCE (Prop_BUFCE_BUFGCE_I_O)
                                                      0.024     2.669 r  i_clkwiz/inst/clkout1_buf/O
    X2Y7 (CLOCK_ROOT)    net (fo=198214, routed)      4.038     6.707    i_cheshire_soc/gen_cva6_cores[0].gen_ara.i_ara/gen_lanes[3].i_lane/i_vfus/i_vmfpu/fpu_gen.i_fpnew_bulk/gen_operation_groups[0].i_opgroup_block/gen_parallel_slices[0].active_format.i_fmt_slice/gen_num_lanes[1].active_lane.lane_instance.i_fma/clk_i
    SLR Crossing[2->0]   
    SLICE_X136Y42        FDCE                                         r  i_cheshire_soc/gen_cva6_cores[0].gen_ara.i_ara/gen_lanes[3].i_lane/i_vfus/i_vmfpu/fpu_gen.i_fpnew_bulk/gen_operation_groups[0].i_opgroup_block/gen_parallel_slices[0].active_format.i_fmt_slice/gen_num_lanes[1].active_lane.lane_instance.i_fma/gen_inside_pipeline[0].mid_pipe_sum_q_reg[1][2]/C
  -------------------------------------------------------------------    -------------------
    SLICE_X136Y42        FDCE (Prop_BFF_SLICEL_C_Q)
                                                      0.059     6.766 r  i_cheshire_soc/gen_cva6_cores[0].gen_ara.i_ara/gen_lanes[3].i_lane/i_vfus/i_vmfpu/fpu_gen.i_fpnew_bulk/gen_operation_groups[0].i_opgroup_block/gen_parallel_slices[0].active_format.i_fmt_slice/gen_num_lanes[1].active_lane.lane_instance.i_fma/gen_inside_pipeline[0].mid_pipe_sum_q_reg[1][2]/Q
                         net (fo=1, routed)           0.113     6.879    i_cheshire_soc/gen_cva6_cores[0].gen_ara.i_ara/gen_lanes[3].i_lane/i_vfus/i_vmfpu/fpu_gen.i_fpnew_bulk/gen_operation_groups[0].i_opgroup_block/gen_parallel_slices[0].active_format.i_fmt_slice/gen_num_lanes[1].active_lane.lane_instance.i_fma/gen_inside_pipeline[0].mid_pipe_sum_q_reg[1][2]
    SLICE_X134Y44        FDCE                                         r  i_cheshire_soc/gen_cva6_cores[0].gen_ara.i_ara/gen_lanes[3].i_lane/i_vfus/i_vmfpu/fpu_gen.i_fpnew_bulk/gen_operation_groups[0].i_opgroup_block/gen_parallel_slices[0].active_format.i_fmt_slice/gen_num_lanes[1].active_lane.lane_instance.i_fma/gen_inside_pipeline[1].mid_pipe_sum_q_reg[2][2]/D
  -------------------------------------------------------------------    -------------------

                         (clock clk_50_clkwiz rise edge)
                                                      0.000     0.000 r  
    E12                                               0.000     0.000 r  sys_clk_p (IN)
                         net (fo=0)                   0.000     0.000    i_bufds_sys_clk/I
    HPIOBDIFFINBUF_X1Y300
                         DIFFINBUF (Prop_DIFFINBUF_HPIOBDIFFINBUF_DIFF_IN_P_O)
                                                      0.675     0.675 r  i_bufds_sys_clk/DIFFINBUF_INST/O
                         net (fo=1, routed)           0.050     0.725    i_bufds_sys_clk/OUT
    E12                  IBUFCTRL (Prop_IBUFCTRL_HPIOB_M_I_O)
                                                      0.000     0.725 r  i_bufds_sys_clk/IBUFCTRL_INST/O
                         net (fo=1, routed)           0.335     1.060    sys_clk
    BUFGCE_X1Y289        BUFGCE (Prop_BUFCE_BUFGCE_I_O)
                                                      0.028     1.088 r  sys_clk_BUFGCE_inst/O
                         net (fo=19, routed)          0.991     2.079    i_clkwiz/inst/clk_in1
    MMCM_X1Y11           MMCME4_ADV (Prop_MMCM_CLKIN1_CLKOUT0)
                                                     -0.127     1.952 r  i_clkwiz/inst/mmcme4_adv_inst/CLKOUT0
                         net (fo=1, routed)           0.244     2.196    i_clkwiz/inst/clk_50_clkwiz
    BUFGCE_X1Y266        BUFGCE (Prop_BUFCE_BUFGCE_I_O)
                                                      0.028     2.224 r  i_clkwiz/inst/clkout1_buf/O
    X2Y7 (CLOCK_ROOT)    net (fo=198214, routed)      4.487     6.711    i_cheshire_soc/gen_cva6_cores[0].gen_ara.i_ara/gen_lanes[3].i_lane/i_vfus/i_vmfpu/fpu_gen.i_fpnew_bulk/gen_operation_groups[0].i_opgroup_block/gen_parallel_slices[0].active_format.i_fmt_slice/gen_num_lanes[1].active_lane.lane_instance.i_fma/clk_i
    SLR Crossing[2->0]   
    SLICE_X134Y44        FDCE                                         r  i_cheshire_soc/gen_cva6_cores[0].gen_ara.i_ara/gen_lanes[3].i_lane/i_vfus/i_vmfpu/fpu_gen.i_fpnew_bulk/gen_operation_groups[0].i_opgroup_block/gen_parallel_slices[0].active_format.i_fmt_slice/gen_num_lanes[1].active_lane.lane_instance.i_fma/gen_inside_pipeline[1].mid_pipe_sum_q_reg[2][2]/C
                         clock pessimism              0.097     6.808    
    SLICE_X134Y44        FDCE (Hold_AFF2_SLICEL_C_D)
                                                      0.062     6.870    i_cheshire_soc/gen_cva6_cores[0].gen_ara.i_ara/gen_lanes[3].i_lane/i_vfus/i_vmfpu/fpu_gen.i_fpnew_bulk/gen_operation_groups[0].i_opgroup_block/gen_parallel_slices[0].active_format.i_fmt_slice/gen_num_lanes[1].active_lane.lane_instance.i_fma/gen_inside_pipeline[1].mid_pipe_sum_q_reg[2][2]
  -------------------------------------------------------------------
                         required time                         -6.870    
                         arrival time                           6.879    
  -------------------------------------------------------------------
                         slack                                  0.010    





Pulse Width Checks
--------------------------------------------------------------------------------------
Clock Name:         clk_50_clkwiz
Waveform(ns):       { 0.000 10.000 }
Period(ns):         20.000
Sources:            { i_clkwiz/inst/mmcme4_adv_inst/CLKOUT0 }

Check Type        Corner  Lib Pin      Reference Pin  Required(ns)  Actual(ns)  Slack(ns)  Location        Pin
Min Period        n/a     URAM288/CLK  n/a            2.000         20.000      18.000     URAM288_X0Y224  i_cheshire_soc/gen_llc.i_llc/i_axi_llc_top_raw/i_llc_ways/gen_data_ways[0].i_data_way/i_data_sram/gen_1_ports.i_xpm_memory_spram/xpm_memory_base_inst/gen_wr_a.gen_byte_narrow.for_mem_cols[1].mem_reg_uram_0/CLK
Low Pulse Width   Slow    URAM288/CLK  n/a            0.700         10.000      9.300      URAM288_X0Y226  i_cheshire_soc/gen_llc.i_llc/i_axi_llc_top_raw/i_llc_ways/gen_data_ways[3].i_data_way/i_data_sram/gen_1_ports.i_xpm_memory_spram/xpm_memory_base_inst/gen_wr_a.gen_byte_narrow.for_mem_cols[1].mem_reg_uram_0/CLK
High Pulse Width  Slow    URAM288/CLK  n/a            0.700         10.000      9.300      URAM288_X0Y220  i_cheshire_soc/gen_llc.i_llc/i_axi_llc_top_raw/i_llc_ways/gen_data_ways[4].i_data_way/i_data_sram/gen_1_ports.i_xpm_memory_spram/xpm_memory_base_inst/gen_wr_a.gen_byte_narrow.for_mem_cols[1].mem_reg_uram_0/CLK



---------------------------------------------------------------------------------------------------
From Clock:  mmcm_clkout0
  To Clock:  mmcm_clkout0

Setup :          248  Failing Endpoints,  Worst Slack       -0.176ns,  Total Violation      -16.633ns
Hold  :            0  Failing Endpoints,  Worst Slack        0.009ns,  Total Violation        0.000ns
PW    :            0  Failing Endpoints,  Worst Slack        0.905ns,  Total Violation        0.000ns
---------------------------------------------------------------------------------------------------


Max Delay Paths
--------------------------------------------------------------------------------------
Slack (VIOLATED) :        -0.176ns  (required time - arrival time)
  Source:                 i_dram_wrapper/gen_cdc.i_axi_cdc_mig/i_axi_cdc_dst/i_cdc_fifo_gray_dst_w/rptr_q_reg[0]/C
                            (rising edge-triggered cell FDCE clocked by mmcm_clkout0  {rise@0.000ns fall@1.667ns period=3.333ns})
  Destination:            i_dram_wrapper/gen_cdc.i_axi_cdc_mig/i_axi_cdc_dst/i_cdc_fifo_gray_dst_w/i_spill_register/spill_register_flushable_i/gen_spill_reg.a_data_q_reg[data][376]/D
                            (rising edge-triggered cell FDCE clocked by mmcm_clkout0  {rise@0.000ns fall@1.667ns period=3.333ns})
  Path Group:             mmcm_clkout0
  Path Type:              Setup (Max at Slow Process Corner)
  Requirement:            3.333ns  (mmcm_clkout0 rise@3.333ns - mmcm_clkout0 rise@0.000ns)
  Data Path Delay:        3.159ns  (logic 0.373ns (11.808%)  route 2.786ns (88.192%))
  Logic Levels:           4  (LUT6=3 MUXF7=1)
  Clock Path Skew:        -0.323ns (DCD - SCD + CPR)
    Destination Clock Delay (DCD):    5.151ns = ( 8.485 - 3.333 ) 
    Source Clock Delay      (SCD):    5.232ns
    Clock Pessimism Removal (CPR):    -0.243ns
  Clock Uncertainty:      0.052ns  ((TSJ^2 + DJ^2)^1/2) / 2 + PE
    Total System Jitter     (TSJ):    0.071ns
    Discrete Jitter          (DJ):    0.076ns
    Phase Error              (PE):    0.000ns
  Clock Net Delay (Source):      3.098ns (routing 1.274ns, distribution 1.824ns)
  Clock Net Delay (Destination): 2.563ns (routing 1.157ns, distribution 1.406ns)

    Location             Delay type                Incr(ns)  Path(ns)    Netlist Resource(s)
  -------------------------------------------------------------------    -------------------
                         (clock mmcm_clkout0 rise edge)
                                                      0.000     0.000 r  
    E12                                               0.000     0.000 r  sys_clk_p (IN)
                         net (fo=0)                   0.000     0.000    i_bufds_sys_clk/I
    HPIOBDIFFINBUF_X1Y300
                         DIFFINBUF (Prop_DIFFINBUF_HPIOBDIFFINBUF_DIFF_IN_P_O)
                                                      0.675     0.675 r  i_bufds_sys_clk/DIFFINBUF_INST/O
                         net (fo=1, routed)           0.050     0.725    i_bufds_sys_clk/OUT
    E12                  IBUFCTRL (Prop_IBUFCTRL_HPIOB_M_I_O)
                                                      0.000     0.725 r  i_bufds_sys_clk/IBUFCTRL_INST/O
                         net (fo=1, routed)           0.335     1.060    sys_clk
    BUFGCE_X1Y289        BUFGCE (Prop_BUFCE_BUFGCE_I_O)
                                                      0.028     1.088 r  sys_clk_BUFGCE_inst/O
                         net (fo=19, routed)          0.901     1.989    i_dram_wrapper/i_dram/inst/u_ddr4_infrastructure/mmcm_clk_in
    MMCM_X1Y13           MMCME4_ADV (Prop_MMCM_CLKIN1_CLKOUT0)
                                                     -0.127     1.862 r  i_dram_wrapper/i_dram/inst/u_ddr4_infrastructure/gen_mmcme4.u_mmcme_adv_inst/CLKOUT0
                         net (fo=1, routed)           0.244     2.106    i_dram_wrapper/i_dram/inst/u_ddr4_infrastructure/mmcm_clkout0
    BUFGCE_X1Y332        BUFGCE (Prop_BUFCE_BUFGCE_I_O)
                                                      0.028     2.134 r  i_dram_wrapper/i_dram/inst/u_ddr4_infrastructure/u_bufg_divClk/O
    X4Y10 (CLOCK_ROOT)   net (fo=36296, routed)       3.098     5.232    i_dram_wrapper/gen_cdc.i_axi_cdc_mig/i_axi_cdc_dst/i_cdc_fifo_gray_dst_w/dst_clk_i
    SLICE_X84Y855        FDCE                                         r  i_dram_wrapper/gen_cdc.i_axi_cdc_mig/i_axi_cdc_dst/i_cdc_fifo_gray_dst_w/rptr_q_reg[0]/C
  -------------------------------------------------------------------    -------------------
    SLICE_X84Y855        FDCE (Prop_DFF_SLICEM_C_Q)
                                                      0.078     5.310 r  i_dram_wrapper/gen_cdc.i_axi_cdc_mig/i_axi_cdc_dst/i_cdc_fifo_gray_dst_w/rptr_q_reg[0]/Q
                         net (fo=10, routed)          0.320     5.630    i_dram_wrapper/gen_cdc.i_axi_cdc_mig/i_axi_cdc_dst/i_cdc_fifo_gray_dst_w/i_rptr_g2b/A[0]
    SLICE_X85Y853        LUT6 (Prop_H6LUT_SLICEL_I3_O)
                                                      0.036     5.666 r  i_dram_wrapper/gen_cdc.i_axi_cdc_mig/i_axi_cdc_dst/i_cdc_fifo_gray_dst_w/i_rptr_g2b/Z[0]_INST_0/O
                         net (fo=4360, routed)        2.046     7.712    i_dram_wrapper/gen_cdc.i_axi_cdc_mig/i_axi_cdc_dst/i_cdc_fifo_gray_dst_w/rptr_next[0]
    SLICE_X145Y846       LUT6 (Prop_C6LUT_SLICEL_I4_O)
                                                      0.050     7.762 r  i_dram_wrapper/gen_cdc.i_axi_cdc_mig/i_axi_cdc_dst/i_cdc_fifo_gray_dst_w/i_spill_register_i_3976/O
                         net (fo=1, routed)           0.010     7.772    i_dram_wrapper/gen_cdc.i_axi_cdc_mig/i_axi_cdc_dst/i_cdc_fifo_gray_dst_w/i_spill_register_i_3976_n_0
    SLICE_X145Y846       MUXF7 (Prop_F7MUX_CD_SLICEL_I1_O)
                                                      0.064     7.836 r  i_dram_wrapper/gen_cdc.i_axi_cdc_mig/i_axi_cdc_dst/i_cdc_fifo_gray_dst_w/i_spill_register_i_1124/O
                         net (fo=1, routed)           0.338     8.174    i_dram_wrapper/gen_cdc.i_axi_cdc_mig/i_axi_cdc_dst/i_cdc_fifo_gray_dst_w/i_spill_register_i_1124_n_0
    SLICE_X142Y848       LUT6 (Prop_D6LUT_SLICEM_I5_O)
                                                      0.145     8.319 r  i_dram_wrapper/gen_cdc.i_axi_cdc_mig/i_axi_cdc_dst/i_cdc_fifo_gray_dst_w/i_spill_register_i_137/O
                         net (fo=1, routed)           0.072     8.391    i_dram_wrapper/gen_cdc.i_axi_cdc_mig/i_axi_cdc_dst/i_cdc_fifo_gray_dst_w/i_spill_register/spill_register_flushable_i/data_i[data][376]
    SLICE_X142Y848       FDCE                                         r  i_dram_wrapper/gen_cdc.i_axi_cdc_mig/i_axi_cdc_dst/i_cdc_fifo_gray_dst_w/i_spill_register/spill_register_flushable_i/gen_spill_reg.a_data_q_reg[data][376]/D
  -------------------------------------------------------------------    -------------------

                         (clock mmcm_clkout0 rise edge)
                                                      3.333     3.333 r  
    E12                                               0.000     3.333 r  sys_clk_p (IN)
                         net (fo=0)                   0.000     3.333    i_bufds_sys_clk/I
    HPIOBDIFFINBUF_X1Y300
                         DIFFINBUF (Prop_DIFFINBUF_HPIOBDIFFINBUF_DIFF_IN_P_O)
                                                      0.564     3.898 r  i_bufds_sys_clk/DIFFINBUF_INST/O
                         net (fo=1, routed)           0.040     3.938    i_bufds_sys_clk/OUT
    E12                  IBUFCTRL (Prop_IBUFCTRL_HPIOB_M_I_O)
                                                      0.000     3.938 r  i_bufds_sys_clk/IBUFCTRL_INST/O
                         net (fo=1, routed)           0.297     4.235    sys_clk
    BUFGCE_X1Y289        BUFGCE (Prop_BUFCE_BUFGCE_I_O)
                                                      0.024     4.259 r  sys_clk_BUFGCE_inst/O
                         net (fo=19, routed)          0.795     5.054    i_dram_wrapper/i_dram/inst/u_ddr4_infrastructure/mmcm_clk_in
    MMCM_X1Y13           MMCME4_ADV (Prop_MMCM_CLKIN1_CLKOUT0)
                                                      0.630     5.684 r  i_dram_wrapper/i_dram/inst/u_ddr4_infrastructure/gen_mmcme4.u_mmcme_adv_inst/CLKOUT0
                         net (fo=1, routed)           0.214     5.898    i_dram_wrapper/i_dram/inst/u_ddr4_infrastructure/mmcm_clkout0
    BUFGCE_X1Y332        BUFGCE (Prop_BUFCE_BUFGCE_I_O)
                                                      0.024     5.922 r  i_dram_wrapper/i_dram/inst/u_ddr4_infrastructure/u_bufg_divClk/O
    X4Y10 (CLOCK_ROOT)   net (fo=36296, routed)       2.563     8.485    i_dram_wrapper/gen_cdc.i_axi_cdc_mig/i_axi_cdc_dst/i_cdc_fifo_gray_dst_w/i_spill_register/spill_register_flushable_i/clk_i
    SLICE_X142Y848       FDCE                                         r  i_dram_wrapper/gen_cdc.i_axi_cdc_mig/i_axi_cdc_dst/i_cdc_fifo_gray_dst_w/i_spill_register/spill_register_flushable_i/gen_spill_reg.a_data_q_reg[data][376]/C
                         clock pessimism             -0.243     8.242    
                         clock uncertainty           -0.052     8.190    
    SLICE_X142Y848       FDCE (Setup_DFF_SLICEM_C_D)
                                                      0.025     8.215    i_dram_wrapper/gen_cdc.i_axi_cdc_mig/i_axi_cdc_dst/i_cdc_fifo_gray_dst_w/i_spill_register/spill_register_flushable_i/gen_spill_reg.a_data_q_reg[data][376]
  -------------------------------------------------------------------
                         required time                          8.215    
                         arrival time                          -8.391    
  -------------------------------------------------------------------
                         slack                                 -0.176    





Min Delay Paths
--------------------------------------------------------------------------------------
Slack (MET) :             0.009ns  (arrival time - required time)
  Source:                 i_dram_wrapper/gen_cdc.i_axi_cdc_mig/i_axi_cdc_dst/i_cdc_fifo_gray_dst_w/i_spill_register/spill_register_flushable_i/gen_spill_reg.a_data_q_reg[data][126]/C
                            (rising edge-triggered cell FDCE clocked by mmcm_clkout0  {rise@0.000ns fall@1.667ns period=3.333ns})
  Destination:            i_dram_wrapper/gen_cdc.i_axi_cdc_mig/i_axi_cdc_dst/i_cdc_fifo_gray_dst_w/i_spill_register/spill_register_flushable_i/gen_spill_reg.b_data_q_reg[data][126]/D
                            (rising edge-triggered cell FDCE clocked by mmcm_clkout0  {rise@0.000ns fall@1.667ns period=3.333ns})
  Path Group:             mmcm_clkout0
  Path Type:              Hold (Min at Slow Process Corner)
  Requirement:            0.000ns  (mmcm_clkout0 rise@0.000ns - mmcm_clkout0 rise@0.000ns)
  Data Path Delay:        0.217ns  (logic 0.058ns (26.728%)  route 0.159ns (73.272%))
  Logic Levels:           0  
  Clock Path Skew:        0.148ns (DCD - SCD - CPR)
    Destination Clock Delay (DCD):    4.932ns
    Source Clock Delay      (SCD):    5.031ns
    Clock Pessimism Removal (CPR):    -0.247ns
  Clock Net Delay (Source):      2.443ns (routing 1.157ns, distribution 1.286ns)
  Clock Net Delay (Destination): 2.798ns (routing 1.274ns, distribution 1.524ns)

    Location             Delay type                Incr(ns)  Path(ns)    Netlist Resource(s)
  -------------------------------------------------------------------    -------------------
                         (clock mmcm_clkout0 rise edge)
                                                      0.000     0.000 r  
    E12                                               0.000     0.000 r  sys_clk_p (IN)
                         net (fo=0)                   0.000     0.000    i_bufds_sys_clk/I
    HPIOBDIFFINBUF_X1Y300
                         DIFFINBUF (Prop_DIFFINBUF_HPIOBDIFFINBUF_DIFF_IN_P_O)
                                                      0.564     0.564 r  i_bufds_sys_clk/DIFFINBUF_INST/O
                         net (fo=1, routed)           0.040     0.604    i_bufds_sys_clk/OUT
    E12                  IBUFCTRL (Prop_IBUFCTRL_HPIOB_M_I_O)
                                                      0.000     0.604 r  i_bufds_sys_clk/IBUFCTRL_INST/O
                         net (fo=1, routed)           0.297     0.901    sys_clk
    BUFGCE_X1Y289        BUFGCE (Prop_BUFCE_BUFGCE_I_O)
                                                      0.024     0.925 r  sys_clk_BUFGCE_inst/O
                         net (fo=19, routed)          0.795     1.720    i_dram_wrapper/i_dram/inst/u_ddr4_infrastructure/mmcm_clk_in
    MMCM_X1Y13           MMCME4_ADV (Prop_MMCM_CLKIN1_CLKOUT0)
                                                      0.630     2.350 r  i_dram_wrapper/i_dram/inst/u_ddr4_infrastructure/gen_mmcme4.u_mmcme_adv_inst/CLKOUT0
                         net (fo=1, routed)           0.214     2.564    i_dram_wrapper/i_dram/inst/u_ddr4_infrastructure/mmcm_clkout0
    BUFGCE_X1Y332        BUFGCE (Prop_BUFCE_BUFGCE_I_O)
                                                      0.024     2.588 r  i_dram_wrapper/i_dram/inst/u_ddr4_infrastructure/u_bufg_divClk/O
    X4Y10 (CLOCK_ROOT)   net (fo=36296, routed)       2.443     5.031    i_dram_wrapper/gen_cdc.i_axi_cdc_mig/i_axi_cdc_dst/i_cdc_fifo_gray_dst_w/i_spill_register/spill_register_flushable_i/clk_i
    SLICE_X136Y873       FDCE                                         r  i_dram_wrapper/gen_cdc.i_axi_cdc_mig/i_axi_cdc_dst/i_cdc_fifo_gray_dst_w/i_spill_register/spill_register_flushable_i/gen_spill_reg.a_data_q_reg[data][126]/C
  -------------------------------------------------------------------    -------------------
    SLICE_X136Y873       FDCE (Prop_CFF_SLICEL_C_Q)
                                                      0.058     5.089 r  i_dram_wrapper/gen_cdc.i_axi_cdc_mig/i_axi_cdc_dst/i_cdc_fifo_gray_dst_w/i_spill_register/spill_register_flushable_i/gen_spill_reg.a_data_q_reg[data][126]/Q
                         net (fo=2, routed)           0.159     5.248    i_dram_wrapper/gen_cdc.i_axi_cdc_mig/i_axi_cdc_dst/i_cdc_fifo_gray_dst_w/i_spill_register/spill_register_flushable_i/gen_spill_reg.a_data_q_reg[data][126]
    SLICE_X132Y874       FDCE                                         r  i_dram_wrapper/gen_cdc.i_axi_cdc_mig/i_axi_cdc_dst/i_cdc_fifo_gray_dst_w/i_spill_register/spill_register_flushable_i/gen_spill_reg.b_data_q_reg[data][126]/D
  -------------------------------------------------------------------    -------------------

                         (clock mmcm_clkout0 rise edge)
                                                      0.000     0.000 r  
    E12                                               0.000     0.000 r  sys_clk_p (IN)
                         net (fo=0)                   0.000     0.000    i_bufds_sys_clk/I
    HPIOBDIFFINBUF_X1Y300
                         DIFFINBUF (Prop_DIFFINBUF_HPIOBDIFFINBUF_DIFF_IN_P_O)
                                                      0.675     0.675 r  i_bufds_sys_clk/DIFFINBUF_INST/O
                         net (fo=1, routed)           0.050     0.725    i_bufds_sys_clk/OUT
    E12                  IBUFCTRL (Prop_IBUFCTRL_HPIOB_M_I_O)
                                                      0.000     0.725 r  i_bufds_sys_clk/IBUFCTRL_INST/O
                         net (fo=1, routed)           0.335     1.060    sys_clk
    BUFGCE_X1Y289        BUFGCE (Prop_BUFCE_BUFGCE_I_O)
                                                      0.028     1.088 r  sys_clk_BUFGCE_inst/O
                         net (fo=19, routed)          0.901     1.989    i_dram_wrapper/i_dram/inst/u_ddr4_infrastructure/mmcm_clk_in
    MMCM_X1Y13           MMCME4_ADV (Prop_MMCM_CLKIN1_CLKOUT0)
                                                     -0.127     1.862 r  i_dram_wrapper/i_dram/inst/u_ddr4_infrastructure/gen_mmcme4.u_mmcme_adv_inst/CLKOUT0
                         net (fo=1, routed)           0.244     2.106    i_dram_wrapper/i_dram/inst/u_ddr4_infrastructure/mmcm_clkout0
    BUFGCE_X1Y332        BUFGCE (Prop_BUFCE_BUFGCE_I_O)
                                                      0.028     2.134 r  i_dram_wrapper/i_dram/inst/u_ddr4_infrastructure/u_bufg_divClk/O
    X4Y10 (CLOCK_ROOT)   net (fo=36296, routed)       2.798     4.932    i_dram_wrapper/gen_cdc.i_axi_cdc_mig/i_axi_cdc_dst/i_cdc_fifo_gray_dst_w/i_spill_register/spill_register_flushable_i/clk_i
    SLICE_X132Y874       FDCE                                         r  i_dram_wrapper/gen_cdc.i_axi_cdc_mig/i_axi_cdc_dst/i_cdc_fifo_gray_dst_w/i_spill_register/spill_register_flushable_i/gen_spill_reg.b_data_q_reg[data][126]/C
                         clock pessimism              0.247     5.179    
    SLICE_X132Y874       FDCE (Hold_AFF_SLICEL_C_D)
                                                      0.060     5.239    i_dram_wrapper/gen_cdc.i_axi_cdc_mig/i_axi_cdc_dst/i_cdc_fifo_gray_dst_w/i_spill_register/spill_register_flushable_i/gen_spill_reg.b_data_q_reg[data][126]
  -------------------------------------------------------------------
                         required time                         -5.239    
                         arrival time                           5.248    
  -------------------------------------------------------------------
                         slack                                  0.009    





Pulse Width Checks
--------------------------------------------------------------------------------------
Clock Name:         mmcm_clkout0
Waveform(ns):       { 0.000 1.667 }
Period(ns):         3.333
Sources:            { i_dram_wrapper/i_dram/inst/u_ddr4_infrastructure/gen_mmcme4.u_mmcme_adv_inst/CLKOUT0 }

Check Type        Corner  Lib Pin                    Reference Pin  Required(ns)  Actual(ns)  Slack(ns)  Location               Pin
Min Period        n/a     RXTX_BITSLICE/FIFO_RD_CLK  n/a            1.694         3.333       1.639      BITSLICE_RX_TX_X1Y624  i_dram_wrapper/i_dram/inst/u_ddr4_mem_intfc/u_mig_ddr4_phy/inst/generate_block1.u_ddr_xiphy/byte_num[0].xiphy_byte_wrapper.u_xiphy_byte_wrapper/I_BITSLICE_LOWER[0].GEN_RXTX_BITSLICE_EN.u_xiphy_bitslice_lower/xiphy_rxtx_bitslice/FIFO_RD_CLK
Max Period        n/a     PLLE4_ADV/CLKIN            n/a            14.286        3.333       10.953     PLL_X1Y24              i_dram_wrapper/i_dram/inst/u_ddr4_mem_intfc/u_mig_ddr4_phy/inst/u_ddr4_phy_pll/plle_loop[0].gen_plle4.PLLE4_BASE_INST_OTHER/CLKIN
Low Pulse Width   Slow    RXTX_BITSLICE/FIFO_RD_CLK  n/a            0.762         1.667       0.905      BITSLICE_RX_TX_X1Y754  i_dram_wrapper/i_dram/inst/u_ddr4_mem_intfc/u_mig_ddr4_phy/inst/generate_block1.u_ddr_xiphy/byte_num[10].xiphy_byte_wrapper.u_xiphy_byte_wrapper/I_BITSLICE_LOWER[0].GEN_RXTX_BITSLICE_EN.u_xiphy_bitslice_lower/xiphy_rxtx_bitslice/FIFO_RD_CLK
High Pulse Width  Slow    RXTX_BITSLICE/FIFO_RD_CLK  n/a            0.762         1.667       0.905      BITSLICE_RX_TX_X1Y624  i_dram_wrapper/i_dram/inst/u_ddr4_mem_intfc/u_mig_ddr4_phy/inst/generate_block1.u_ddr_xiphy/byte_num[0].xiphy_byte_wrapper.u_xiphy_byte_wrapper/I_BITSLICE_LOWER[0].GEN_RXTX_BITSLICE_EN.u_xiphy_bitslice_lower/xiphy_rxtx_bitslice/FIFO_RD_CLK



---------------------------------------------------------------------------------------------------
From Clock:  pll_clk[0]
  To Clock:  pll_clk[0]

Setup :           NA  Failing Endpoints,  Worst Slack           NA  ,  Total Violation           NA
Hold  :           NA  Failing Endpoints,  Worst Slack           NA  ,  Total Violation           NA
PW    :            0  Failing Endpoints,  Worst Slack        0.039ns,  Total Violation        0.000ns
---------------------------------------------------------------------------------------------------


Pulse Width Checks
--------------------------------------------------------------------------------------
Clock Name:         pll_clk[0]
Waveform(ns):       { 0.000 0.208 }
Period(ns):         0.417
Sources:            { i_dram_wrapper/i_dram/inst/u_ddr4_mem_intfc/u_mig_ddr4_phy/inst/u_ddr4_phy_pll/plle_loop[0].gen_plle4.PLLE4_BASE_INST_OTHER/CLKOUTPHY }

Check Type        Corner  Lib Pin                   Reference Pin             Required(ns)  Actual(ns)  Slack(ns)  Location                Pin
Min Period        n/a     BITSLICE_CONTROL/PLL_CLK  n/a                       0.375         0.417       0.042      BITSLICE_CONTROL_X1Y96  i_dram_wrapper/i_dram/inst/u_ddr4_mem_intfc/u_mig_ddr4_phy/inst/generate_block1.u_ddr_xiphy/byte_num[0].xiphy_byte_wrapper.u_xiphy_byte_wrapper/I_CONTROL[0].GEN_I_CONTROL.u_xiphy_control/xiphy_control/PLL_CLK
Low Pulse Width   Fast    BITSLICE_CONTROL/PLL_CLK  n/a                       0.169         0.208       0.039      BITSLICE_CONTROL_X1Y96  i_dram_wrapper/i_dram/inst/u_ddr4_mem_intfc/u_mig_ddr4_phy/inst/generate_block1.u_ddr_xiphy/byte_num[0].xiphy_byte_wrapper.u_xiphy_byte_wrapper/I_CONTROL[0].GEN_I_CONTROL.u_xiphy_control/xiphy_control/PLL_CLK
High Pulse Width  Slow    BITSLICE_CONTROL/PLL_CLK  n/a                       0.169         0.208       0.039      BITSLICE_CONTROL_X1Y96  i_dram_wrapper/i_dram/inst/u_ddr4_mem_intfc/u_mig_ddr4_phy/inst/generate_block1.u_ddr_xiphy/byte_num[0].xiphy_byte_wrapper.u_xiphy_byte_wrapper/I_CONTROL[0].GEN_I_CONTROL.u_xiphy_control/xiphy_control/PLL_CLK
Max Skew          Fast    BITSLICE_CONTROL/PLL_CLK  BITSLICE_CONTROL/RIU_CLK  -0.300        -1.335      1.035      BITSLICE_CONTROL_X1Y96  i_dram_wrapper/i_dram/inst/u_ddr4_mem_intfc/u_mig_ddr4_phy/inst/generate_block1.u_ddr_xiphy/byte_num[0].xiphy_byte_wrapper.u_xiphy_byte_wrapper/I_CONTROL[0].GEN_I_CONTROL.u_xiphy_control/xiphy_control/PLL_CLK



---------------------------------------------------------------------------------------------------
From Clock:  pll_clk[0]_DIV
  To Clock:  pll_clk[0]_DIV

Setup :           NA  Failing Endpoints,  Worst Slack           NA  ,  Total Violation           NA
Hold  :           NA  Failing Endpoints,  Worst Slack           NA  ,  Total Violation           NA
PW    :            0  Failing Endpoints,  Worst Slack        0.467ns,  Total Violation        0.000ns
---------------------------------------------------------------------------------------------------


Pulse Width Checks
--------------------------------------------------------------------------------------
Clock Name:         pll_clk[0]_DIV
Waveform(ns):       { 0.000 1.667 }
Period(ns):         3.333
Sources:            { i_dram_wrapper/i_dram/inst/u_ddr4_mem_intfc/u_mig_ddr4_phy/inst/generate_block1.u_ddr_xiphy/byte_num[0].xiphy_byte_wrapper.u_xiphy_byte_wrapper/I_CONTROL[0].GEN_I_CONTROL.u_xiphy_control/xiphy_control/RX_DIV4_CLK_Q i_dram_wrapper/i_dram/inst/u_ddr4_mem_intfc/u_mig_ddr4_phy/inst/generate_block1.u_ddr_xiphy/byte_num[0].xiphy_byte_wrapper.u_xiphy_byte_wrapper/I_CONTROL[0].GEN_I_CONTROL.u_xiphy_control/xiphy_control/TX_DIV4_CLK_Q i_dram_wrapper/i_dram/inst/u_ddr4_mem_intfc/u_mig_ddr4_phy/inst/generate_block1.u_ddr_xiphy/byte_num[0].xiphy_byte_wrapper.u_xiphy_byte_wrapper/I_CONTROL[1].GEN_I_CONTROL.u_xiphy_control/xiphy_control/RX_DIV4_CLK_Q i_dram_wrapper/i_dram/inst/u_ddr4_mem_intfc/u_mig_ddr4_phy/inst/generate_block1.u_ddr_xiphy/byte_num[0].xiphy_byte_wrapper.u_xiphy_byte_wrapper/I_CONTROL[1].GEN_I_CONTROL.u_xiphy_control/xiphy_control/TX_DIV4_CLK_Q i_dram_wrapper/i_dram/inst/u_ddr4_mem_intfc/u_mig_ddr4_phy/inst/generate_block1.u_ddr_xiphy/byte_num[1].xiphy_byte_wrapper.u_xiphy_byte_wrapper/I_CONTROL[0].GEN_I_CONTROL.u_xiphy_control/xiphy_control/RX_DIV4_CLK_Q i_dram_wrapper/i_dram/inst/u_ddr4_mem_intfc/u_mig_ddr4_phy/inst/generate_block1.u_ddr_xiphy/byte_num[1].xiphy_byte_wrapper.u_xiphy_byte_wrapper/I_CONTROL[0].GEN_I_CONTROL.u_xiphy_control/xiphy_control/TX_DIV4_CLK_Q i_dram_wrapper/i_dram/inst/u_ddr4_mem_intfc/u_mig_ddr4_phy/inst/generate_block1.u_ddr_xiphy/byte_num[1].xiphy_byte_wrapper.u_xiphy_byte_wrapper/I_CONTROL[1].GEN_I_CONTROL.u_xiphy_control/xiphy_control/RX_DIV4_CLK_Q i_dram_wrapper/i_dram/inst/u_ddr4_mem_intfc/u_mig_ddr4_phy/inst/generate_block1.u_ddr_xiphy/byte_num[1].xiphy_byte_wrapper.u_xiphy_byte_wrapper/I_CONTROL[1].GEN_I_CONTROL.u_xiphy_control/xiphy_control/TX_DIV4_CLK_Q i_dram_wrapper/i_dram/inst/u_ddr4_mem_intfc/u_mig_ddr4_phy/inst/generate_block1.u_ddr_xiphy/byte_num[2].xiphy_byte_wrapper.u_xiphy_byte_wrapper/I_CONTROL[0].GEN_I_CONTROL.u_xiphy_control/xiphy_control/RX_DIV4_CLK_Q i_dram_wrapper/i_dram/inst/u_ddr4_mem_intfc/u_mig_ddr4_phy/inst/generate_block1.u_ddr_xiphy/byte_num[2].xiphy_byte_wrapper.u_xiphy_byte_wrapper/I_CONTROL[0].GEN_I_CONTROL.u_xiphy_control/xiphy_control/TX_DIV4_CLK_Q i_dram_wrapper/i_dram/inst/u_ddr4_mem_intfc/u_mig_ddr4_phy/inst/generate_block1.u_ddr_xiphy/byte_num[2].xiphy_byte_wrapper.u_xiphy_byte_wrapper/I_CONTROL[1].GEN_I_CONTROL.u_xiphy_control/xiphy_control/RX_DIV4_CLK_Q i_dram_wrapper/i_dram/inst/u_ddr4_mem_intfc/u_mig_ddr4_phy/inst/generate_block1.u_ddr_xiphy/byte_num[2].xiphy_byte_wrapper.u_xiphy_byte_wrapper/I_CONTROL[1].GEN_I_CONTROL.u_xiphy_control/xiphy_control/TX_DIV4_CLK_Q i_dram_wrapper/i_dram/inst/u_ddr4_mem_intfc/u_mig_ddr4_phy/inst/generate_block1.u_ddr_xiphy/byte_num[3].xiphy_byte_wrapper.u_xiphy_byte_wrapper/I_CONTROL[0].GEN_I_CONTROL.u_xiphy_control/xiphy_control/RX_DIV4_CLK_Q i_dram_wrapper/i_dram/inst/u_ddr4_mem_intfc/u_mig_ddr4_phy/inst/generate_block1.u_ddr_xiphy/byte_num[3].xiphy_byte_wrapper.u_xiphy_byte_wrapper/I_CONTROL[0].GEN_I_CONTROL.u_xiphy_control/xiphy_control/TX_DIV4_CLK_Q i_dram_wrapper/i_dram/inst/u_ddr4_mem_intfc/u_mig_ddr4_phy/inst/generate_block1.u_ddr_xiphy/byte_num[3].xiphy_byte_wrapper.u_xiphy_byte_wrapper/I_CONTROL[1].GEN_I_CONTROL.u_xiphy_control/xiphy_control/RX_DIV4_CLK_Q i_dram_wrapper/i_dram/inst/u_ddr4_mem_intfc/u_mig_ddr4_phy/inst/generate_block1.u_ddr_xiphy/byte_num[3].xiphy_byte_wrapper.u_xiphy_byte_wrapper/I_CONTROL[1].GEN_I_CONTROL.u_xiphy_control/xiphy_control/TX_DIV4_CLK_Q }

Check Type        Corner  Lib Pin                           Reference Pin  Required(ns)  Actual(ns)  Slack(ns)  Location               Pin
Min Period        n/a     RXTX_BITSLICE/TX_BIT_CTRL_IN[26]  n/a            2.667         3.333       0.666      BITSLICE_RX_TX_X1Y624  i_dram_wrapper/i_dram/inst/u_ddr4_mem_intfc/u_mig_ddr4_phy/inst/generate_block1.u_ddr_xiphy/byte_num[0].xiphy_byte_wrapper.u_xiphy_byte_wrapper/I_BITSLICE_LOWER[0].GEN_RXTX_BITSLICE_EN.u_xiphy_bitslice_lower/xiphy_rxtx_bitslice/TX_BIT_CTRL_IN[26]
Low Pulse Width   Slow    RXTX_BITSLICE/TX_BIT_CTRL_IN[26]  n/a            1.200         1.667       0.467      BITSLICE_RX_TX_X1Y624  i_dram_wrapper/i_dram/inst/u_ddr4_mem_intfc/u_mig_ddr4_phy/inst/generate_block1.u_ddr_xiphy/byte_num[0].xiphy_byte_wrapper.u_xiphy_byte_wrapper/I_BITSLICE_LOWER[0].GEN_RXTX_BITSLICE_EN.u_xiphy_bitslice_lower/xiphy_rxtx_bitslice/TX_BIT_CTRL_IN[26]
High Pulse Width  Slow    RXTX_BITSLICE/TX_BIT_CTRL_IN[26]  n/a            1.200         1.667       0.467      BITSLICE_RX_TX_X1Y630  i_dram_wrapper/i_dram/inst/u_ddr4_mem_intfc/u_mig_ddr4_phy/inst/generate_block1.u_ddr_xiphy/byte_num[0].xiphy_byte_wrapper.u_xiphy_byte_wrapper/I_BITSLICE_UPPER[0].GEN_RXTX_BITSLICE_EN.u_xiphy_bitslice_upper/xiphy_rxtx_bitslice/TX_BIT_CTRL_IN[26]



---------------------------------------------------------------------------------------------------
From Clock:  pll_clk[1]
  To Clock:  pll_clk[1]

Setup :           NA  Failing Endpoints,  Worst Slack           NA  ,  Total Violation           NA
Hold  :           NA  Failing Endpoints,  Worst Slack           NA  ,  Total Violation           NA
PW    :            0  Failing Endpoints,  Worst Slack        0.039ns,  Total Violation        0.000ns
---------------------------------------------------------------------------------------------------


Pulse Width Checks
--------------------------------------------------------------------------------------
Clock Name:         pll_clk[1]
Waveform(ns):       { 0.000 0.208 }
Period(ns):         0.417
Sources:            { i_dram_wrapper/i_dram/inst/u_ddr4_mem_intfc/u_mig_ddr4_phy/inst/u_ddr4_phy_pll/plle_loop[1].gen_plle4.PLLE4_BASE_INST_OTHER/CLKOUTPHY }

Check Type        Corner  Lib Pin                   Reference Pin             Required(ns)  Actual(ns)  Slack(ns)  Location                 Pin
Min Period        n/a     BITSLICE_CONTROL/PLL_CLK  n/a                       0.375         0.417       0.042      BITSLICE_CONTROL_X1Y104  i_dram_wrapper/i_dram/inst/u_ddr4_mem_intfc/u_mig_ddr4_phy/inst/generate_block1.u_ddr_xiphy/byte_num[4].xiphy_byte_wrapper.u_xiphy_byte_wrapper/I_CONTROL[0].GEN_I_CONTROL.u_xiphy_control/xiphy_control/PLL_CLK
Low Pulse Width   Fast    BITSLICE_CONTROL/PLL_CLK  n/a                       0.169         0.208       0.039      BITSLICE_CONTROL_X1Y104  i_dram_wrapper/i_dram/inst/u_ddr4_mem_intfc/u_mig_ddr4_phy/inst/generate_block1.u_ddr_xiphy/byte_num[4].xiphy_byte_wrapper.u_xiphy_byte_wrapper/I_CONTROL[0].GEN_I_CONTROL.u_xiphy_control/xiphy_control/PLL_CLK
High Pulse Width  Slow    BITSLICE_CONTROL/PLL_CLK  n/a                       0.169         0.208       0.039      BITSLICE_CONTROL_X1Y104  i_dram_wrapper/i_dram/inst/u_ddr4_mem_intfc/u_mig_ddr4_phy/inst/generate_block1.u_ddr_xiphy/byte_num[4].xiphy_byte_wrapper.u_xiphy_byte_wrapper/I_CONTROL[0].GEN_I_CONTROL.u_xiphy_control/xiphy_control/PLL_CLK
Max Skew          Fast    BITSLICE_CONTROL/PLL_CLK  BITSLICE_CONTROL/RIU_CLK  -0.300        -1.322      1.022      BITSLICE_CONTROL_X1Y108  i_dram_wrapper/i_dram/inst/u_ddr4_mem_intfc/u_mig_ddr4_phy/inst/generate_block1.u_ddr_xiphy/byte_num[6].xiphy_byte_wrapper.u_xiphy_byte_wrapper/I_CONTROL[0].GEN_I_CONTROL.u_xiphy_control/xiphy_control/PLL_CLK



---------------------------------------------------------------------------------------------------
From Clock:  pll_clk[1]_DIV
  To Clock:  pll_clk[1]_DIV

Setup :           NA  Failing Endpoints,  Worst Slack           NA  ,  Total Violation           NA
Hold  :           NA  Failing Endpoints,  Worst Slack           NA  ,  Total Violation           NA
PW    :            0  Failing Endpoints,  Worst Slack        0.467ns,  Total Violation        0.000ns
---------------------------------------------------------------------------------------------------


Pulse Width Checks
--------------------------------------------------------------------------------------
Clock Name:         pll_clk[1]_DIV
Waveform(ns):       { 0.000 1.667 }
Period(ns):         3.333
Sources:            { i_dram_wrapper/i_dram/inst/u_ddr4_mem_intfc/u_mig_ddr4_phy/inst/generate_block1.u_ddr_xiphy/byte_num[4].xiphy_byte_wrapper.u_xiphy_byte_wrapper/I_CONTROL[0].GEN_I_CONTROL.u_xiphy_control/xiphy_control/RX_DIV4_CLK_Q i_dram_wrapper/i_dram/inst/u_ddr4_mem_intfc/u_mig_ddr4_phy/inst/generate_block1.u_ddr_xiphy/byte_num[4].xiphy_byte_wrapper.u_xiphy_byte_wrapper/I_CONTROL[0].GEN_I_CONTROL.u_xiphy_control/xiphy_control/TX_DIV4_CLK_Q i_dram_wrapper/i_dram/inst/u_ddr4_mem_intfc/u_mig_ddr4_phy/inst/generate_block1.u_ddr_xiphy/byte_num[4].xiphy_byte_wrapper.u_xiphy_byte_wrapper/I_CONTROL[1].GEN_I_CONTROL.u_xiphy_control/xiphy_control/RX_DIV4_CLK_Q i_dram_wrapper/i_dram/inst/u_ddr4_mem_intfc/u_mig_ddr4_phy/inst/generate_block1.u_ddr_xiphy/byte_num[4].xiphy_byte_wrapper.u_xiphy_byte_wrapper/I_CONTROL[1].GEN_I_CONTROL.u_xiphy_control/xiphy_control/TX_DIV4_CLK_Q i_dram_wrapper/i_dram/inst/u_ddr4_mem_intfc/u_mig_ddr4_phy/inst/generate_block1.u_ddr_xiphy/byte_num[5].xiphy_byte_wrapper.u_xiphy_byte_wrapper/I_CONTROL[0].GEN_I_CONTROL.u_xiphy_control/xiphy_control/RX_DIV4_CLK_Q i_dram_wrapper/i_dram/inst/u_ddr4_mem_intfc/u_mig_ddr4_phy/inst/generate_block1.u_ddr_xiphy/byte_num[5].xiphy_byte_wrapper.u_xiphy_byte_wrapper/I_CONTROL[0].GEN_I_CONTROL.u_xiphy_control/xiphy_control/TX_DIV4_CLK_Q i_dram_wrapper/i_dram/inst/u_ddr4_mem_intfc/u_mig_ddr4_phy/inst/generate_block1.u_ddr_xiphy/byte_num[5].xiphy_byte_wrapper.u_xiphy_byte_wrapper/I_CONTROL[1].GEN_I_CONTROL.u_xiphy_control/xiphy_control/RX_DIV4_CLK_Q i_dram_wrapper/i_dram/inst/u_ddr4_mem_intfc/u_mig_ddr4_phy/inst/generate_block1.u_ddr_xiphy/byte_num[5].xiphy_byte_wrapper.u_xiphy_byte_wrapper/I_CONTROL[1].GEN_I_CONTROL.u_xiphy_control/xiphy_control/TX_DIV4_CLK_Q i_dram_wrapper/i_dram/inst/u_ddr4_mem_intfc/u_mig_ddr4_phy/inst/generate_block1.u_ddr_xiphy/byte_num[6].xiphy_byte_wrapper.u_xiphy_byte_wrapper/I_CONTROL[0].GEN_I_CONTROL.u_xiphy_control/xiphy_control/RX_DIV4_CLK_Q i_dram_wrapper/i_dram/inst/u_ddr4_mem_intfc/u_mig_ddr4_phy/inst/generate_block1.u_ddr_xiphy/byte_num[6].xiphy_byte_wrapper.u_xiphy_byte_wrapper/I_CONTROL[0].GEN_I_CONTROL.u_xiphy_control/xiphy_control/TX_DIV4_CLK_Q i_dram_wrapper/i_dram/inst/u_ddr4_mem_intfc/u_mig_ddr4_phy/inst/generate_block1.u_ddr_xiphy/byte_num[6].xiphy_byte_wrapper.u_xiphy_byte_wrapper/I_CONTROL[1].GEN_I_CONTROL.u_xiphy_control/xiphy_control/RX_DIV4_CLK_Q i_dram_wrapper/i_dram/inst/u_ddr4_mem_intfc/u_mig_ddr4_phy/inst/generate_block1.u_ddr_xiphy/byte_num[6].xiphy_byte_wrapper.u_xiphy_byte_wrapper/I_CONTROL[1].GEN_I_CONTROL.u_xiphy_control/xiphy_control/TX_DIV4_CLK_Q }

Check Type        Corner  Lib Pin                           Reference Pin  Required(ns)  Actual(ns)  Slack(ns)  Location               Pin
Min Period        n/a     RXTX_BITSLICE/TX_BIT_CTRL_IN[26]  n/a            2.667         3.333       0.666      BITSLICE_RX_TX_X1Y676  i_dram_wrapper/i_dram/inst/u_ddr4_mem_intfc/u_mig_ddr4_phy/inst/generate_block1.u_ddr_xiphy/byte_num[4].xiphy_byte_wrapper.u_xiphy_byte_wrapper/I_BITSLICE_LOWER[0].GEN_RXTX_BITSLICE_EN.u_xiphy_bitslice_lower/xiphy_rxtx_bitslice/TX_BIT_CTRL_IN[26]
Low Pulse Width   Slow    RXTX_BITSLICE/TX_BIT_CTRL_IN[26]  n/a            1.200         1.667       0.467      BITSLICE_RX_TX_X1Y698  i_dram_wrapper/i_dram/inst/u_ddr4_mem_intfc/u_mig_ddr4_phy/inst/generate_block1.u_ddr_xiphy/byte_num[5].xiphy_byte_wrapper.u_xiphy_byte_wrapper/I_BITSLICE_UPPER[3].GEN_RXTX_BITSLICE_EN.u_xiphy_bitslice_upper/xiphy_rxtx_bitslice/TX_BIT_CTRL_IN[26]
High Pulse Width  Fast    RXTX_BITSLICE/TX_BIT_CTRL_IN[26]  n/a            1.200         1.667       0.467      BITSLICE_RX_TX_X1Y679  i_dram_wrapper/i_dram/inst/u_ddr4_mem_intfc/u_mig_ddr4_phy/inst/generate_block1.u_ddr_xiphy/byte_num[4].xiphy_byte_wrapper.u_xiphy_byte_wrapper/I_BITSLICE_LOWER[3].GEN_RXTX_BITSLICE_EN.u_xiphy_bitslice_lower/xiphy_rxtx_bitslice/TX_BIT_CTRL_IN[26]



---------------------------------------------------------------------------------------------------
From Clock:  pll_clk[2]
  To Clock:  pll_clk[2]

Setup :           NA  Failing Endpoints,  Worst Slack           NA  ,  Total Violation           NA
Hold  :           NA  Failing Endpoints,  Worst Slack           NA  ,  Total Violation           NA
PW    :            0  Failing Endpoints,  Worst Slack        0.039ns,  Total Violation        0.000ns
---------------------------------------------------------------------------------------------------


Pulse Width Checks
--------------------------------------------------------------------------------------
Clock Name:         pll_clk[2]
Waveform(ns):       { 0.000 0.208 }
Period(ns):         0.417
Sources:            { i_dram_wrapper/i_dram/inst/u_ddr4_mem_intfc/u_mig_ddr4_phy/inst/u_ddr4_phy_pll/plle_loop[2].gen_plle4.PLLE4_BASE_INST_OTHER/CLKOUTPHY }

Check Type        Corner  Lib Pin                   Reference Pin             Required(ns)  Actual(ns)  Slack(ns)  Location                 Pin
Min Period        n/a     BITSLICE_CONTROL/PLL_CLK  n/a                       0.375         0.417       0.042      BITSLICE_CONTROL_X1Y116  i_dram_wrapper/i_dram/inst/u_ddr4_mem_intfc/u_mig_ddr4_phy/inst/generate_block1.u_ddr_xiphy/byte_num[10].xiphy_byte_wrapper.u_xiphy_byte_wrapper/I_CONTROL[0].GEN_I_CONTROL.u_xiphy_control/xiphy_control/PLL_CLK
Low Pulse Width   Fast    BITSLICE_CONTROL/PLL_CLK  n/a                       0.169         0.208       0.039      BITSLICE_CONTROL_X1Y118  i_dram_wrapper/i_dram/inst/u_ddr4_mem_intfc/u_mig_ddr4_phy/inst/generate_block1.u_ddr_xiphy/byte_num[11].xiphy_byte_wrapper.u_xiphy_byte_wrapper/I_CONTROL[0].GEN_I_CONTROL.u_xiphy_control/xiphy_control/PLL_CLK
High Pulse Width  Slow    BITSLICE_CONTROL/PLL_CLK  n/a                       0.169         0.208       0.039      BITSLICE_CONTROL_X1Y116  i_dram_wrapper/i_dram/inst/u_ddr4_mem_intfc/u_mig_ddr4_phy/inst/generate_block1.u_ddr_xiphy/byte_num[10].xiphy_byte_wrapper.u_xiphy_byte_wrapper/I_CONTROL[0].GEN_I_CONTROL.u_xiphy_control/xiphy_control/PLL_CLK
Max Skew          Fast    BITSLICE_CONTROL/PLL_CLK  BITSLICE_CONTROL/RIU_CLK  -0.300        -1.316      1.016      BITSLICE_CONTROL_X1Y116  i_dram_wrapper/i_dram/inst/u_ddr4_mem_intfc/u_mig_ddr4_phy/inst/generate_block1.u_ddr_xiphy/byte_num[10].xiphy_byte_wrapper.u_xiphy_byte_wrapper/I_CONTROL[0].GEN_I_CONTROL.u_xiphy_control/xiphy_control/PLL_CLK



---------------------------------------------------------------------------------------------------
From Clock:  pll_clk[2]_DIV
  To Clock:  pll_clk[2]_DIV

Setup :           NA  Failing Endpoints,  Worst Slack           NA  ,  Total Violation           NA
Hold  :           NA  Failing Endpoints,  Worst Slack           NA  ,  Total Violation           NA
PW    :            0  Failing Endpoints,  Worst Slack        0.467ns,  Total Violation        0.000ns
---------------------------------------------------------------------------------------------------


Pulse Width Checks
--------------------------------------------------------------------------------------
Clock Name:         pll_clk[2]_DIV
Waveform(ns):       { 0.000 1.667 }
Period(ns):         3.333
Sources:            { i_dram_wrapper/i_dram/inst/u_ddr4_mem_intfc/u_mig_ddr4_phy/inst/generate_block1.u_ddr_xiphy/byte_num[10].xiphy_byte_wrapper.u_xiphy_byte_wrapper/I_CONTROL[0].GEN_I_CONTROL.u_xiphy_control/xiphy_control/RX_DIV4_CLK_Q i_dram_wrapper/i_dram/inst/u_ddr4_mem_intfc/u_mig_ddr4_phy/inst/generate_block1.u_ddr_xiphy/byte_num[10].xiphy_byte_wrapper.u_xiphy_byte_wrapper/I_CONTROL[0].GEN_I_CONTROL.u_xiphy_control/xiphy_control/TX_DIV4_CLK_Q i_dram_wrapper/i_dram/inst/u_ddr4_mem_intfc/u_mig_ddr4_phy/inst/generate_block1.u_ddr_xiphy/byte_num[10].xiphy_byte_wrapper.u_xiphy_byte_wrapper/I_CONTROL[1].GEN_I_CONTROL.u_xiphy_control/xiphy_control/RX_DIV4_CLK_Q i_dram_wrapper/i_dram/inst/u_ddr4_mem_intfc/u_mig_ddr4_phy/inst/generate_block1.u_ddr_xiphy/byte_num[10].xiphy_byte_wrapper.u_xiphy_byte_wrapper/I_CONTROL[1].GEN_I_CONTROL.u_xiphy_control/xiphy_control/TX_DIV4_CLK_Q i_dram_wrapper/i_dram/inst/u_ddr4_mem_intfc/u_mig_ddr4_phy/inst/generate_block1.u_ddr_xiphy/byte_num[11].xiphy_byte_wrapper.u_xiphy_byte_wrapper/I_CONTROL[0].GEN_I_CONTROL.u_xiphy_control/xiphy_control/RX_DIV4_CLK_Q i_dram_wrapper/i_dram/inst/u_ddr4_mem_intfc/u_mig_ddr4_phy/inst/generate_block1.u_ddr_xiphy/byte_num[11].xiphy_byte_wrapper.u_xiphy_byte_wrapper/I_CONTROL[0].GEN_I_CONTROL.u_xiphy_control/xiphy_control/TX_DIV4_CLK_Q i_dram_wrapper/i_dram/inst/u_ddr4_mem_intfc/u_mig_ddr4_phy/inst/generate_block1.u_ddr_xiphy/byte_num[11].xiphy_byte_wrapper.u_xiphy_byte_wrapper/I_CONTROL[1].GEN_I_CONTROL.u_xiphy_control/xiphy_control/RX_DIV4_CLK_Q i_dram_wrapper/i_dram/inst/u_ddr4_mem_intfc/u_mig_ddr4_phy/inst/generate_block1.u_ddr_xiphy/byte_num[11].xiphy_byte_wrapper.u_xiphy_byte_wrapper/I_CONTROL[1].GEN_I_CONTROL.u_xiphy_control/xiphy_control/TX_DIV4_CLK_Q i_dram_wrapper/i_dram/inst/u_ddr4_mem_intfc/u_mig_ddr4_phy/inst/generate_block1.u_ddr_xiphy/byte_num[8].xiphy_byte_wrapper.u_xiphy_byte_wrapper/I_CONTROL[0].GEN_I_CONTROL.u_xiphy_control/xiphy_control/RX_DIV4_CLK_Q i_dram_wrapper/i_dram/inst/u_ddr4_mem_intfc/u_mig_ddr4_phy/inst/generate_block1.u_ddr_xiphy/byte_num[8].xiphy_byte_wrapper.u_xiphy_byte_wrapper/I_CONTROL[0].GEN_I_CONTROL.u_xiphy_control/xiphy_control/TX_DIV4_CLK_Q i_dram_wrapper/i_dram/inst/u_ddr4_mem_intfc/u_mig_ddr4_phy/inst/generate_block1.u_ddr_xiphy/byte_num[8].xiphy_byte_wrapper.u_xiphy_byte_wrapper/I_CONTROL[1].GEN_I_CONTROL.u_xiphy_control/xiphy_control/RX_DIV4_CLK_Q i_dram_wrapper/i_dram/inst/u_ddr4_mem_intfc/u_mig_ddr4_phy/inst/generate_block1.u_ddr_xiphy/byte_num[8].xiphy_byte_wrapper.u_xiphy_byte_wrapper/I_CONTROL[1].GEN_I_CONTROL.u_xiphy_control/xiphy_control/TX_DIV4_CLK_Q i_dram_wrapper/i_dram/inst/u_ddr4_mem_intfc/u_mig_ddr4_phy/inst/generate_block1.u_ddr_xiphy/byte_num[9].xiphy_byte_wrapper.u_xiphy_byte_wrapper/I_CONTROL[0].GEN_I_CONTROL.u_xiphy_control/xiphy_control/RX_DIV4_CLK_Q i_dram_wrapper/i_dram/inst/u_ddr4_mem_intfc/u_mig_ddr4_phy/inst/generate_block1.u_ddr_xiphy/byte_num[9].xiphy_byte_wrapper.u_xiphy_byte_wrapper/I_CONTROL[0].GEN_I_CONTROL.u_xiphy_control/xiphy_control/TX_DIV4_CLK_Q i_dram_wrapper/i_dram/inst/u_ddr4_mem_intfc/u_mig_ddr4_phy/inst/generate_block1.u_ddr_xiphy/byte_num[9].xiphy_byte_wrapper.u_xiphy_byte_wrapper/I_CONTROL[1].GEN_I_CONTROL.u_xiphy_control/xiphy_control/RX_DIV4_CLK_Q i_dram_wrapper/i_dram/inst/u_ddr4_mem_intfc/u_mig_ddr4_phy/inst/generate_block1.u_ddr_xiphy/byte_num[9].xiphy_byte_wrapper.u_xiphy_byte_wrapper/I_CONTROL[1].GEN_I_CONTROL.u_xiphy_control/xiphy_control/TX_DIV4_CLK_Q }

Check Type        Corner  Lib Pin                           Reference Pin  Required(ns)  Actual(ns)  Slack(ns)  Location               Pin
Min Period        n/a     RXTX_BITSLICE/TX_BIT_CTRL_IN[26]  n/a            2.667         3.333       0.666      BITSLICE_RX_TX_X1Y754  i_dram_wrapper/i_dram/inst/u_ddr4_mem_intfc/u_mig_ddr4_phy/inst/generate_block1.u_ddr_xiphy/byte_num[10].xiphy_byte_wrapper.u_xiphy_byte_wrapper/I_BITSLICE_LOWER[0].GEN_RXTX_BITSLICE_EN.u_xiphy_bitslice_lower/xiphy_rxtx_bitslice/TX_BIT_CTRL_IN[26]
Low Pulse Width   Slow    RXTX_BITSLICE/TX_BIT_CTRL_IN[26]  n/a            1.200         1.667       0.467      BITSLICE_RX_TX_X1Y773  i_dram_wrapper/i_dram/inst/u_ddr4_mem_intfc/u_mig_ddr4_phy/inst/generate_block1.u_ddr_xiphy/byte_num[11].xiphy_byte_wrapper.u_xiphy_byte_wrapper/I_BITSLICE_UPPER[0].GEN_RXTX_BITSLICE_EN.u_xiphy_bitslice_upper/xiphy_rxtx_bitslice/TX_BIT_CTRL_IN[26]
High Pulse Width  Fast    RXTX_BITSLICE/TX_BIT_CTRL_IN[26]  n/a            1.200         1.667       0.467      BITSLICE_RX_TX_X1Y769  i_dram_wrapper/i_dram/inst/u_ddr4_mem_intfc/u_mig_ddr4_phy/inst/generate_block1.u_ddr_xiphy/byte_num[11].xiphy_byte_wrapper.u_xiphy_byte_wrapper/I_BITSLICE_LOWER[2].GEN_RXTX_BITSLICE_EN.u_xiphy_bitslice_lower/xiphy_rxtx_bitslice/TX_BIT_CTRL_IN[26]



---------------------------------------------------------------------------------------------------
From Clock:  mmcm_clkout5
  To Clock:  mmcm_clkout5

Setup :            0  Failing Endpoints,  Worst Slack       10.398ns,  Total Violation        0.000ns
Hold  :            0  Failing Endpoints,  Worst Slack        0.014ns,  Total Violation        0.000ns
PW    :            0  Failing Endpoints,  Worst Slack        6.135ns,  Total Violation        0.000ns
---------------------------------------------------------------------------------------------------


Max Delay Paths
--------------------------------------------------------------------------------------
Slack (MET) :             10.398ns  (required time - arrival time)
  Source:                 dbg_hub/inst/BSCANID.u_xsdbm_id/CORE_XSDB.UUT_MASTER/U_ICON_INTERFACE/U_CMD6_WR/U_WR_FIFO/SUBCORE_FIFO.xsdbm_v3_0_0_wrfifo_inst/inst_fifo_gen/gconvfifo.rf/grf.rf/gntv_or_sync_fifo.gl0.rd/gras.rsts/ram_empty_i_reg/C
                            (rising edge-triggered cell FDPE clocked by mmcm_clkout5  {rise@0.000ns fall@6.667ns period=13.333ns})
  Destination:            dbg_hub/inst/BSCANID.u_xsdbm_id/CORE_XSDB.UUT_MASTER/U_XSDB_BUS_CONTROLLER/active_sl_den_mask_reg[1]/CE
                            (rising edge-triggered cell FDCE clocked by mmcm_clkout5  {rise@0.000ns fall@6.667ns period=13.333ns})
  Path Group:             mmcm_clkout5
  Path Type:              Setup (Max at Slow Process Corner)
  Requirement:            13.333ns  (mmcm_clkout5 rise@13.333ns - mmcm_clkout5 rise@0.000ns)
  Data Path Delay:        2.565ns  (logic 0.567ns (22.105%)  route 1.998ns (77.895%))
  Logic Levels:           4  (LUT5=2 LUT6=2)
  Clock Path Skew:        -0.248ns (DCD - SCD + CPR)
    Destination Clock Delay (DCD):    4.411ns = ( 17.745 - 13.333 ) 
    Source Clock Delay      (SCD):    4.294ns
    Clock Pessimism Removal (CPR):    -0.366ns
  Clock Uncertainty:      0.061ns  ((TSJ^2 + DJ^2)^1/2) / 2 + PE
    Total System Jitter     (TSJ):    0.071ns
    Discrete Jitter          (DJ):    0.100ns
    Phase Error              (PE):    0.000ns
  Clock Net Delay (Source):      2.169ns (routing 0.944ns, distribution 1.225ns)
  Clock Net Delay (Destination): 1.831ns (routing 0.858ns, distribution 0.973ns)

    Location             Delay type                Incr(ns)  Path(ns)    Netlist Resource(s)
  -------------------------------------------------------------------    -------------------
                         (clock mmcm_clkout5 rise edge)
                                                      0.000     0.000 r  
    E12                                               0.000     0.000 r  sys_clk_p (IN)
                         net (fo=0)                   0.000     0.000    i_bufds_sys_clk/I
    HPIOBDIFFINBUF_X1Y300
                         DIFFINBUF (Prop_DIFFINBUF_HPIOBDIFFINBUF_DIFF_IN_P_O)
                                                      0.675     0.675 r  i_bufds_sys_clk/DIFFINBUF_INST/O
                         net (fo=1, routed)           0.050     0.725    i_bufds_sys_clk/OUT
    E12                  IBUFCTRL (Prop_IBUFCTRL_HPIOB_M_I_O)
                                                      0.000     0.725 r  i_bufds_sys_clk/IBUFCTRL_INST/O
                         net (fo=1, routed)           0.335     1.060    sys_clk
    BUFGCE_X1Y289        BUFGCE (Prop_BUFCE_BUFGCE_I_O)
                                                      0.028     1.088 r  sys_clk_BUFGCE_inst/O
                         net (fo=19, routed)          0.901     1.989    i_dram_wrapper/i_dram/inst/u_ddr4_infrastructure/mmcm_clk_in
    MMCM_X1Y13           MMCME4_ADV (Prop_MMCM_CLKIN1_CLKOUT5)
                                                     -0.127     1.862 r  i_dram_wrapper/i_dram/inst/u_ddr4_infrastructure/gen_mmcme4.u_mmcme_adv_inst/CLKOUT5
                         net (fo=1, routed)           0.235     2.097    i_dram_wrapper/i_dram/inst/u_ddr4_infrastructure/mmcm_clkout5
    BUFGCE_X1Y320        BUFGCE (Prop_BUFCE_BUFGCE_I_O)
                                                      0.028     2.125 r  i_dram_wrapper/i_dram/inst/u_ddr4_infrastructure/u_bufg_dbg_clk/O
    X4Y11 (CLOCK_ROOT)   net (fo=842, routed)         2.169     4.294    dbg_hub/inst/BSCANID.u_xsdbm_id/CORE_XSDB.UUT_MASTER/U_ICON_INTERFACE/U_CMD6_WR/U_WR_FIFO/SUBCORE_FIFO.xsdbm_v3_0_0_wrfifo_inst/inst_fifo_gen/gconvfifo.rf/grf.rf/gntv_or_sync_fifo.gl0.rd/gras.rsts/rd_clk
    SLICE_X163Y654       FDPE                                         r  dbg_hub/inst/BSCANID.u_xsdbm_id/CORE_XSDB.UUT_MASTER/U_ICON_INTERFACE/U_CMD6_WR/U_WR_FIFO/SUBCORE_FIFO.xsdbm_v3_0_0_wrfifo_inst/inst_fifo_gen/gconvfifo.rf/grf.rf/gntv_or_sync_fifo.gl0.rd/gras.rsts/ram_empty_i_reg/C
  -------------------------------------------------------------------    -------------------
    SLICE_X163Y654       FDPE (Prop_CFF_SLICEM_C_Q)
                                                      0.078     4.372 f  dbg_hub/inst/BSCANID.u_xsdbm_id/CORE_XSDB.UUT_MASTER/U_ICON_INTERFACE/U_CMD6_WR/U_WR_FIFO/SUBCORE_FIFO.xsdbm_v3_0_0_wrfifo_inst/inst_fifo_gen/gconvfifo.rf/grf.rf/gntv_or_sync_fifo.gl0.rd/gras.rsts/ram_empty_i_reg/Q
                         net (fo=7, routed)           0.864     5.236    dbg_hub/inst/BSCANID.u_xsdbm_id/CORE_XSDB.UUT_MASTER/U_XSDB_BUS_CONTROLLER/U_TIMER/EMPTY_O
    SLICE_X154Y681       LUT6 (Prop_G6LUT_SLICEL_I2_O)
                                                      0.123     5.359 r  dbg_hub/inst/BSCANID.u_xsdbm_id/CORE_XSDB.UUT_MASTER/U_XSDB_BUS_CONTROLLER/U_TIMER/current_state[1]_i_10/O
                         net (fo=1, routed)           0.048     5.407    dbg_hub/inst/BSCANID.u_xsdbm_id/CORE_XSDB.UUT_MASTER/U_XSDB_BUS_CONTROLLER/U_TIMER/current_state[1]_i_10_n_0
    SLICE_X154Y681       LUT5 (Prop_B6LUT_SLICEL_I4_O)
                                                      0.124     5.531 r  dbg_hub/inst/BSCANID.u_xsdbm_id/CORE_XSDB.UUT_MASTER/U_XSDB_BUS_CONTROLLER/U_TIMER/current_state[1]_i_7/O
                         net (fo=1, routed)           0.142     5.673    dbg_hub/inst/BSCANID.u_xsdbm_id/CORE_XSDB.UUT_MASTER/U_XSDB_BUS_CONTROLLER/U_TIMER/current_state[1]_i_7_n_0
    SLICE_X154Y682       LUT6 (Prop_H6LUT_SLICEL_I5_O)
                                                      0.090     5.763 r  dbg_hub/inst/BSCANID.u_xsdbm_id/CORE_XSDB.UUT_MASTER/U_XSDB_BUS_CONTROLLER/U_TIMER/current_state[1]_i_1/O
                         net (fo=32, routed)          0.447     6.210    dbg_hub/inst/BSCANID.u_xsdbm_id/CORE_XSDB.UUT_MASTER/U_XSDB_BUS_CONTROLLER/U_TIMER/D[0]
    SLICE_X152Y679       LUT5 (Prop_H6LUT_SLICEM_I1_O)
                                                      0.152     6.362 r  dbg_hub/inst/BSCANID.u_xsdbm_id/CORE_XSDB.UUT_MASTER/U_XSDB_BUS_CONTROLLER/U_TIMER/active_sl_den_mask[1]_i_1/O
                         net (fo=2, routed)           0.497     6.859    dbg_hub/inst/BSCANID.u_xsdbm_id/CORE_XSDB.UUT_MASTER/U_XSDB_BUS_CONTROLLER/U_TIMER_n_21
    SLICE_X152Y680       FDCE                                         r  dbg_hub/inst/BSCANID.u_xsdbm_id/CORE_XSDB.UUT_MASTER/U_XSDB_BUS_CONTROLLER/active_sl_den_mask_reg[1]/CE
  -------------------------------------------------------------------    -------------------

                         (clock mmcm_clkout5 rise edge)
                                                     13.333    13.333 r  
    E12                                               0.000    13.333 r  sys_clk_p (IN)
                         net (fo=0)                   0.000    13.333    i_bufds_sys_clk/I
    HPIOBDIFFINBUF_X1Y300
                         DIFFINBUF (Prop_DIFFINBUF_HPIOBDIFFINBUF_DIFF_IN_P_O)
                                                      0.564    13.898 r  i_bufds_sys_clk/DIFFINBUF_INST/O
                         net (fo=1, routed)           0.040    13.938    i_bufds_sys_clk/OUT
    E12                  IBUFCTRL (Prop_IBUFCTRL_HPIOB_M_I_O)
                                                      0.000    13.938 r  i_bufds_sys_clk/IBUFCTRL_INST/O
                         net (fo=1, routed)           0.297    14.235    sys_clk
    BUFGCE_X1Y289        BUFGCE (Prop_BUFCE_BUFGCE_I_O)
                                                      0.024    14.259 r  sys_clk_BUFGCE_inst/O
                         net (fo=19, routed)          0.795    15.054    i_dram_wrapper/i_dram/inst/u_ddr4_infrastructure/mmcm_clk_in
    MMCM_X1Y13           MMCME4_ADV (Prop_MMCM_CLKIN1_CLKOUT5)
                                                      0.630    15.684 r  i_dram_wrapper/i_dram/inst/u_ddr4_infrastructure/gen_mmcme4.u_mmcme_adv_inst/CLKOUT5
                         net (fo=1, routed)           0.206    15.890    i_dram_wrapper/i_dram/inst/u_ddr4_infrastructure/mmcm_clkout5
    BUFGCE_X1Y320        BUFGCE (Prop_BUFCE_BUFGCE_I_O)
                                                      0.024    15.914 r  i_dram_wrapper/i_dram/inst/u_ddr4_infrastructure/u_bufg_dbg_clk/O
    X4Y11 (CLOCK_ROOT)   net (fo=842, routed)         1.831    17.745    dbg_hub/inst/BSCANID.u_xsdbm_id/CORE_XSDB.UUT_MASTER/U_XSDB_BUS_CONTROLLER/clk
    SLICE_X152Y680       FDCE                                         r  dbg_hub/inst/BSCANID.u_xsdbm_id/CORE_XSDB.UUT_MASTER/U_XSDB_BUS_CONTROLLER/active_sl_den_mask_reg[1]/C
                         clock pessimism             -0.366    17.379    
                         clock uncertainty           -0.061    17.318    
    SLICE_X152Y680       FDCE (Setup_HFF2_SLICEM_C_CE)
                                                     -0.061    17.257    dbg_hub/inst/BSCANID.u_xsdbm_id/CORE_XSDB.UUT_MASTER/U_XSDB_BUS_CONTROLLER/active_sl_den_mask_reg[1]
  -------------------------------------------------------------------
                         required time                         17.257    
                         arrival time                          -6.859    
  -------------------------------------------------------------------
                         slack                                 10.398    





Min Delay Paths
--------------------------------------------------------------------------------------
Slack (MET) :             0.014ns  (arrival time - required time)
  Source:                 i_vio/inst/bus_data_int_reg[0]/C
                            (rising edge-triggered cell FDRE clocked by mmcm_clkout5  {rise@0.000ns fall@6.667ns period=13.333ns})
  Destination:            i_vio/inst/DECODER_INST/probe_out_modified_reg[0]/D
                            (rising edge-triggered cell FDRE clocked by mmcm_clkout5  {rise@0.000ns fall@6.667ns period=13.333ns})
  Path Group:             mmcm_clkout5
  Path Type:              Hold (Min at Slow Process Corner)
  Requirement:            0.000ns  (mmcm_clkout5 rise@0.000ns - mmcm_clkout5 rise@0.000ns)
  Data Path Delay:        0.131ns  (logic 0.060ns (45.801%)  route 0.071ns (54.198%))
  Logic Levels:           0  
  Clock Path Skew:        0.055ns (DCD - SCD - CPR)
    Destination Clock Delay (DCD):    4.204ns
    Source Clock Delay      (SCD):    4.411ns
    Clock Pessimism Removal (CPR):    -0.263ns
  Clock Net Delay (Source):      1.831ns (routing 0.858ns, distribution 0.973ns)
  Clock Net Delay (Destination): 2.079ns (routing 0.944ns, distribution 1.135ns)

    Location             Delay type                Incr(ns)  Path(ns)    Netlist Resource(s)
  -------------------------------------------------------------------    -------------------
                         (clock mmcm_clkout5 rise edge)
                                                      0.000     0.000 r  
    E12                                               0.000     0.000 r  sys_clk_p (IN)
                         net (fo=0)                   0.000     0.000    i_bufds_sys_clk/I
    HPIOBDIFFINBUF_X1Y300
                         DIFFINBUF (Prop_DIFFINBUF_HPIOBDIFFINBUF_DIFF_IN_P_O)
                                                      0.564     0.564 r  i_bufds_sys_clk/DIFFINBUF_INST/O
                         net (fo=1, routed)           0.040     0.604    i_bufds_sys_clk/OUT
    E12                  IBUFCTRL (Prop_IBUFCTRL_HPIOB_M_I_O)
                                                      0.000     0.604 r  i_bufds_sys_clk/IBUFCTRL_INST/O
                         net (fo=1, routed)           0.297     0.901    sys_clk
    BUFGCE_X1Y289        BUFGCE (Prop_BUFCE_BUFGCE_I_O)
                                                      0.024     0.925 r  sys_clk_BUFGCE_inst/O
                         net (fo=19, routed)          0.795     1.720    i_dram_wrapper/i_dram/inst/u_ddr4_infrastructure/mmcm_clk_in
    MMCM_X1Y13           MMCME4_ADV (Prop_MMCM_CLKIN1_CLKOUT5)
                                                      0.630     2.350 r  i_dram_wrapper/i_dram/inst/u_ddr4_infrastructure/gen_mmcme4.u_mmcme_adv_inst/CLKOUT5
                         net (fo=1, routed)           0.206     2.556    i_dram_wrapper/i_dram/inst/u_ddr4_infrastructure/mmcm_clkout5
    BUFGCE_X1Y320        BUFGCE (Prop_BUFCE_BUFGCE_I_O)
                                                      0.024     2.580 r  i_dram_wrapper/i_dram/inst/u_ddr4_infrastructure/u_bufg_dbg_clk/O
    X4Y11 (CLOCK_ROOT)   net (fo=842, routed)         1.831     4.411    i_vio/inst/bus_clk
    SLICE_X145Y669       FDRE                                         r  i_vio/inst/bus_data_int_reg[0]/C
  -------------------------------------------------------------------    -------------------
    SLICE_X145Y669       FDRE (Prop_AFF2_SLICEL_C_Q)
                                                      0.060     4.471 r  i_vio/inst/bus_data_int_reg[0]/Q
                         net (fo=5, routed)           0.071     4.542    i_vio/inst/DECODER_INST/Q[0]
    SLICE_X145Y668       FDRE                                         r  i_vio/inst/DECODER_INST/probe_out_modified_reg[0]/D
  -------------------------------------------------------------------    -------------------

                         (clock mmcm_clkout5 rise edge)
                                                      0.000     0.000 r  
    E12                                               0.000     0.000 r  sys_clk_p (IN)
                         net (fo=0)                   0.000     0.000    i_bufds_sys_clk/I
    HPIOBDIFFINBUF_X1Y300
                         DIFFINBUF (Prop_DIFFINBUF_HPIOBDIFFINBUF_DIFF_IN_P_O)
                                                      0.675     0.675 r  i_bufds_sys_clk/DIFFINBUF_INST/O
                         net (fo=1, routed)           0.050     0.725    i_bufds_sys_clk/OUT
    E12                  IBUFCTRL (Prop_IBUFCTRL_HPIOB_M_I_O)
                                                      0.000     0.725 r  i_bufds_sys_clk/IBUFCTRL_INST/O
                         net (fo=1, routed)           0.335     1.060    sys_clk
    BUFGCE_X1Y289        BUFGCE (Prop_BUFCE_BUFGCE_I_O)
                                                      0.028     1.088 r  sys_clk_BUFGCE_inst/O
                         net (fo=19, routed)          0.901     1.989    i_dram_wrapper/i_dram/inst/u_ddr4_infrastructure/mmcm_clk_in
    MMCM_X1Y13           MMCME4_ADV (Prop_MMCM_CLKIN1_CLKOUT5)
                                                     -0.127     1.862 r  i_dram_wrapper/i_dram/inst/u_ddr4_infrastructure/gen_mmcme4.u_mmcme_adv_inst/CLKOUT5
                         net (fo=1, routed)           0.235     2.097    i_dram_wrapper/i_dram/inst/u_ddr4_infrastructure/mmcm_clkout5
    BUFGCE_X1Y320        BUFGCE (Prop_BUFCE_BUFGCE_I_O)
                                                      0.028     2.125 r  i_dram_wrapper/i_dram/inst/u_ddr4_infrastructure/u_bufg_dbg_clk/O
    X4Y11 (CLOCK_ROOT)   net (fo=842, routed)         2.079     4.204    i_vio/inst/DECODER_INST/out
    SLICE_X145Y668       FDRE                                         r  i_vio/inst/DECODER_INST/probe_out_modified_reg[0]/C
                         clock pessimism              0.263     4.466    
    SLICE_X145Y668       FDRE (Hold_HFF2_SLICEL_C_D)
                                                      0.062     4.528    i_vio/inst/DECODER_INST/probe_out_modified_reg[0]
  -------------------------------------------------------------------
                         required time                         -4.528    
                         arrival time                           4.542    
  -------------------------------------------------------------------
                         slack                                  0.014    





Pulse Width Checks
--------------------------------------------------------------------------------------
Clock Name:         mmcm_clkout5
Waveform(ns):       { 0.000 6.667 }
Period(ns):         13.333
Sources:            { i_dram_wrapper/i_dram/inst/u_ddr4_infrastructure/gen_mmcme4.u_mmcme_adv_inst/CLKOUT5 }

Check Type        Corner  Lib Pin     Reference Pin  Required(ns)  Actual(ns)  Slack(ns)  Location        Pin
Min Period        n/a     BUFGCE/I    n/a            1.290         13.333      12.043     BUFGCE_X1Y320   i_dram_wrapper/i_dram/inst/u_ddr4_infrastructure/u_bufg_dbg_clk/I
Low Pulse Width   Fast    RAMD32/CLK  n/a            0.532         6.667       6.135      SLICE_X144Y674  dbg_hub/inst/BSCANID.u_xsdbm_id/CORE_XSDB.UUT_MASTER/U_ICON_INTERFACE/U_CMD6_RD/U_RD_FIFO/SUBCORE_FIFO.xsdbm_v3_0_0_rdfifo_inst/inst_fifo_gen/gconvfifo.rf/grf.rf/gntv_or_sync_fifo.mem/gdm.dm_gen.dm/RAM_reg_0_15_0_13/RAMA/CLK
High Pulse Width  Fast    RAMD32/CLK  n/a            0.532         6.667       6.135      SLICE_X144Y674  dbg_hub/inst/BSCANID.u_xsdbm_id/CORE_XSDB.UUT_MASTER/U_ICON_INTERFACE/U_CMD6_RD/U_RD_FIFO/SUBCORE_FIFO.xsdbm_v3_0_0_rdfifo_inst/inst_fifo_gen/gconvfifo.rf/grf.rf/gntv_or_sync_fifo.mem/gdm.dm_gen.dm/RAM_reg_0_15_0_13/RAMA/CLK



---------------------------------------------------------------------------------------------------
From Clock:  mmcm_clkout6
  To Clock:  mmcm_clkout6

Setup :            0  Failing Endpoints,  Worst Slack        1.231ns,  Total Violation        0.000ns
Hold  :            0  Failing Endpoints,  Worst Slack        0.011ns,  Total Violation        0.000ns
PW    :            0  Failing Endpoints,  Worst Slack        1.048ns,  Total Violation        0.000ns
---------------------------------------------------------------------------------------------------


Max Delay Paths
--------------------------------------------------------------------------------------
Slack (MET) :             1.231ns  (required time - arrival time)
  Source:                 i_dram_wrapper/i_dram/inst/u_ddr4_mem_intfc/u_ddr_cal_riu/io_address_riuclk_reg[27]/C
                            (rising edge-triggered cell FDRE clocked by mmcm_clkout6  {rise@0.000ns fall@3.333ns period=6.667ns})
  Destination:            i_dram_wrapper/i_dram/inst/u_ddr4_mem_intfc/u_mig_ddr4_phy/inst/riu2clb_vld_read_data_reg[0]/D
                            (rising edge-triggered cell FDRE clocked by mmcm_clkout6  {rise@0.000ns fall@3.333ns period=6.667ns})
  Path Group:             mmcm_clkout6
  Path Type:              Setup (Max at Slow Process Corner)
  Requirement:            6.667ns  (mmcm_clkout6 rise@6.667ns - mmcm_clkout6 rise@0.000ns)
  Data Path Delay:        5.302ns  (logic 0.791ns (14.919%)  route 4.511ns (85.081%))
  Logic Levels:           6  (LUT3=1 LUT5=1 LUT6=4)
  Clock Path Skew:        -0.102ns (DCD - SCD + CPR)
    Destination Clock Delay (DCD):    5.003ns = ( 11.670 - 6.667 ) 
    Source Clock Delay      (SCD):    4.864ns
    Clock Pessimism Removal (CPR):    -0.242ns
  Clock Uncertainty:      0.056ns  ((TSJ^2 + DJ^2)^1/2) / 2 + PE
    Total System Jitter     (TSJ):    0.071ns
    Discrete Jitter          (DJ):    0.087ns
    Phase Error              (PE):    0.000ns
  Clock Net Delay (Source):      2.713ns (routing 1.259ns, distribution 1.454ns)
  Clock Net Delay (Destination): 2.403ns (routing 1.142ns, distribution 1.261ns)

    Location             Delay type                Incr(ns)  Path(ns)    Netlist Resource(s)
  -------------------------------------------------------------------    -------------------
                         (clock mmcm_clkout6 rise edge)
                                                      0.000     0.000 r  
    E12                                               0.000     0.000 r  sys_clk_p (IN)
                         net (fo=0)                   0.000     0.000    i_bufds_sys_clk/I
    HPIOBDIFFINBUF_X1Y300
                         DIFFINBUF (Prop_DIFFINBUF_HPIOBDIFFINBUF_DIFF_IN_P_O)
                                                      0.675     0.675 r  i_bufds_sys_clk/DIFFINBUF_INST/O
                         net (fo=1, routed)           0.050     0.725    i_bufds_sys_clk/OUT
    E12                  IBUFCTRL (Prop_IBUFCTRL_HPIOB_M_I_O)
                                                      0.000     0.725 r  i_bufds_sys_clk/IBUFCTRL_INST/O
                         net (fo=1, routed)           0.335     1.060    sys_clk
    BUFGCE_X1Y289        BUFGCE (Prop_BUFCE_BUFGCE_I_O)
                                                      0.028     1.088 r  sys_clk_BUFGCE_inst/O
                         net (fo=19, routed)          0.901     1.989    i_dram_wrapper/i_dram/inst/u_ddr4_infrastructure/mmcm_clk_in
    MMCM_X1Y13           MMCME4_ADV (Prop_MMCM_CLKIN1_CLKOUT6)
                                                     -0.127     1.862 r  i_dram_wrapper/i_dram/inst/u_ddr4_infrastructure/gen_mmcme4.u_mmcme_adv_inst/CLKOUT6
                         net (fo=1, routed)           0.261     2.123    i_dram_wrapper/i_dram/inst/u_ddr4_infrastructure/mmcm_clkout6
    BUFGCE_X1Y326        BUFGCE (Prop_BUFCE_BUFGCE_I_O)
                                                      0.028     2.151 r  i_dram_wrapper/i_dram/inst/u_ddr4_infrastructure/u_bufg_riuClk/O
    X4Y10 (CLOCK_ROOT)   net (fo=1746, routed)        2.713     4.864    i_dram_wrapper/i_dram/inst/u_ddr4_mem_intfc/u_ddr_cal_riu/CLK
    SLICE_X140Y785       FDRE                                         r  i_dram_wrapper/i_dram/inst/u_ddr4_mem_intfc/u_ddr_cal_riu/io_address_riuclk_reg[27]/C
  -------------------------------------------------------------------    -------------------
    SLICE_X140Y785       FDRE (Prop_FFF_SLICEL_C_Q)
                                                      0.079     4.943 f  i_dram_wrapper/i_dram/inst/u_ddr4_mem_intfc/u_ddr_cal_riu/io_address_riuclk_reg[27]/Q
                         net (fo=6, routed)           0.332     5.275    i_dram_wrapper/i_dram/inst/u_ddr4_mem_intfc/u_mig_ddr4_phy/inst/io_address_riuclk[27]
    SLICE_X140Y786       LUT3 (Prop_H5LUT_SLICEL_I0_O)
                                                      0.133     5.408 f  i_dram_wrapper/i_dram/inst/u_ddr4_mem_intfc/u_mig_ddr4_phy/inst/riu_nibble_8[7]_INST_0_i_8/O
                         net (fo=4, routed)           0.263     5.671    i_dram_wrapper/i_dram/inst/u_ddr4_mem_intfc/u_mig_ddr4_phy/inst/riu_nibble_8[7]_INST_0_i_8_n_0
    SLICE_X138Y785       LUT6 (Prop_E6LUT_SLICEM_I0_O)
                                                      0.100     5.771 f  i_dram_wrapper/i_dram/inst/u_ddr4_mem_intfc/u_mig_ddr4_phy/inst/riu_nibble_8[7]_INST_0_i_2/O
                         net (fo=13, routed)          0.445     6.216    i_dram_wrapper/i_dram/inst/u_ddr4_mem_intfc/u_mig_ddr4_phy/inst/io_address_riuclk_22_sn_1
    SLICE_X141Y790       LUT6 (Prop_C6LUT_SLICEM_I5_O)
                                                      0.088     6.304 f  i_dram_wrapper/i_dram/inst/u_ddr4_mem_intfc/u_mig_ddr4_phy/inst/riu_nibble_8[2]_INST_0_i_2/O
                         net (fo=1, routed)           0.103     6.407    i_dram_wrapper/i_dram/inst/u_ddr4_mem_intfc/u_mig_ddr4_phy/inst/riu_nibble_8[2]_INST_0_i_2_n_0
    SLICE_X141Y791       LUT6 (Prop_H6LUT_SLICEM_I0_O)
                                                      0.125     6.532 r  i_dram_wrapper/i_dram/inst/u_ddr4_mem_intfc/u_mig_ddr4_phy/inst/riu_nibble_8[2]_INST_0_i_1/O
                         net (fo=82, routed)          1.971     8.503    i_dram_wrapper/i_dram/inst/u_ddr4_mem_intfc/u_mig_ddr4_phy/inst/io_address_riuclk_4_sn_1
    SLICE_X112Y860       LUT6 (Prop_H6LUT_SLICEL_I2_O)
                                                      0.150     8.653 f  i_dram_wrapper/i_dram/inst/u_ddr4_mem_intfc/u_mig_ddr4_phy/inst/riu2clb_vld_read_data[0]_i_4/O
                         net (fo=1, routed)           0.588     9.241    i_dram_wrapper/i_dram/inst/u_ddr4_mem_intfc/u_mig_ddr4_phy/inst/riu2clb_vld_read_data[0]_i_4_n_0
    SLICE_X112Y810       LUT5 (Prop_B5LUT_SLICEL_I4_O)
                                                      0.116     9.357 r  i_dram_wrapper/i_dram/inst/u_ddr4_mem_intfc/u_mig_ddr4_phy/inst/riu2clb_vld_read_data[0]_i_1/O
                         net (fo=1, routed)           0.809    10.166    i_dram_wrapper/i_dram/inst/u_ddr4_mem_intfc/u_mig_ddr4_phy/inst/riu2clb_vld_read_data[0]_i_1_n_0
    SLICE_X133Y807       FDRE                                         r  i_dram_wrapper/i_dram/inst/u_ddr4_mem_intfc/u_mig_ddr4_phy/inst/riu2clb_vld_read_data_reg[0]/D
  -------------------------------------------------------------------    -------------------

                         (clock mmcm_clkout6 rise edge)
                                                      6.667     6.667 r  
    E12                                               0.000     6.667 r  sys_clk_p (IN)
                         net (fo=0)                   0.000     6.667    i_bufds_sys_clk/I
    HPIOBDIFFINBUF_X1Y300
                         DIFFINBUF (Prop_DIFFINBUF_HPIOBDIFFINBUF_DIFF_IN_P_O)
                                                      0.564     7.231 r  i_bufds_sys_clk/DIFFINBUF_INST/O
                         net (fo=1, routed)           0.040     7.271    i_bufds_sys_clk/OUT
    E12                  IBUFCTRL (Prop_IBUFCTRL_HPIOB_M_I_O)
                                                      0.000     7.271 r  i_bufds_sys_clk/IBUFCTRL_INST/O
                         net (fo=1, routed)           0.297     7.568    sys_clk
    BUFGCE_X1Y289        BUFGCE (Prop_BUFCE_BUFGCE_I_O)
                                                      0.024     7.592 r  sys_clk_BUFGCE_inst/O
                         net (fo=19, routed)          0.795     8.387    i_dram_wrapper/i_dram/inst/u_ddr4_infrastructure/mmcm_clk_in
    MMCM_X1Y13           MMCME4_ADV (Prop_MMCM_CLKIN1_CLKOUT6)
                                                      0.630     9.017 r  i_dram_wrapper/i_dram/inst/u_ddr4_infrastructure/gen_mmcme4.u_mmcme_adv_inst/CLKOUT6
                         net (fo=1, routed)           0.226     9.243    i_dram_wrapper/i_dram/inst/u_ddr4_infrastructure/mmcm_clkout6
    BUFGCE_X1Y326        BUFGCE (Prop_BUFCE_BUFGCE_I_O)
                                                      0.024     9.267 r  i_dram_wrapper/i_dram/inst/u_ddr4_infrastructure/u_bufg_riuClk/O
    X4Y10 (CLOCK_ROOT)   net (fo=1746, routed)        2.403    11.670    i_dram_wrapper/i_dram/inst/u_ddr4_mem_intfc/u_mig_ddr4_phy/inst/riu_clk
    SLICE_X133Y807       FDRE                                         r  i_dram_wrapper/i_dram/inst/u_ddr4_mem_intfc/u_mig_ddr4_phy/inst/riu2clb_vld_read_data_reg[0]/C
                         clock pessimism             -0.242    11.428    
                         clock uncertainty           -0.056    11.372    
    SLICE_X133Y807       FDRE (Setup_EFF_SLICEM_C_D)
                                                      0.025    11.397    i_dram_wrapper/i_dram/inst/u_ddr4_mem_intfc/u_mig_ddr4_phy/inst/riu2clb_vld_read_data_reg[0]
  -------------------------------------------------------------------
                         required time                         11.397    
                         arrival time                         -10.166    
  -------------------------------------------------------------------
                         slack                                  1.231    





Min Delay Paths
--------------------------------------------------------------------------------------
Slack (MET) :             0.011ns  (arrival time - required time)
  Source:                 i_dram_wrapper/i_dram/inst/u_ddr4_mem_intfc/u_ddr_cal_riu/mcs0/inst/microblaze_I/U0/MicroBlaze_Core_I/Performance.Core/Decode_I/Using_FPGA_2.ex_load_store_instr_Inst/Using_FPGA.Native/C
                            (rising edge-triggered cell FDRE clocked by mmcm_clkout6  {rise@0.000ns fall@3.333ns period=6.667ns})
  Destination:            i_dram_wrapper/i_dram/inst/u_ddr4_mem_intfc/u_ddr_cal_riu/mcs0/inst/microblaze_I/U0/MicroBlaze_Core_I/Performance.Core/Decode_I/Using_LWX_SWX_instr.ex_reservation_reg/D
                            (rising edge-triggered cell FDRE clocked by mmcm_clkout6  {rise@0.000ns fall@3.333ns period=6.667ns})
  Path Group:             mmcm_clkout6
  Path Type:              Hold (Min at Slow Process Corner)
  Requirement:            0.000ns  (mmcm_clkout6 rise@0.000ns - mmcm_clkout6 rise@0.000ns)
  Data Path Delay:        0.256ns  (logic 0.095ns (37.109%)  route 0.161ns (62.891%))
  Logic Levels:           1  (LUT5=1)
  Clock Path Skew:        0.185ns (DCD - SCD - CPR)
    Destination Clock Delay (DCD):    4.895ns
    Source Clock Delay      (SCD):    5.016ns
    Clock Pessimism Removal (CPR):    -0.307ns
  Clock Net Delay (Source):      2.416ns (routing 1.142ns, distribution 1.274ns)
  Clock Net Delay (Destination): 2.744ns (routing 1.259ns, distribution 1.485ns)

    Location             Delay type                Incr(ns)  Path(ns)    Netlist Resource(s)
  -------------------------------------------------------------------    -------------------
                         (clock mmcm_clkout6 rise edge)
                                                      0.000     0.000 r  
    E12                                               0.000     0.000 r  sys_clk_p (IN)
                         net (fo=0)                   0.000     0.000    i_bufds_sys_clk/I
    HPIOBDIFFINBUF_X1Y300
                         DIFFINBUF (Prop_DIFFINBUF_HPIOBDIFFINBUF_DIFF_IN_P_O)
                                                      0.564     0.564 r  i_bufds_sys_clk/DIFFINBUF_INST/O
                         net (fo=1, routed)           0.040     0.604    i_bufds_sys_clk/OUT
    E12                  IBUFCTRL (Prop_IBUFCTRL_HPIOB_M_I_O)
                                                      0.000     0.604 r  i_bufds_sys_clk/IBUFCTRL_INST/O
                         net (fo=1, routed)           0.297     0.901    sys_clk
    BUFGCE_X1Y289        BUFGCE (Prop_BUFCE_BUFGCE_I_O)
                                                      0.024     0.925 r  sys_clk_BUFGCE_inst/O
                         net (fo=19, routed)          0.795     1.720    i_dram_wrapper/i_dram/inst/u_ddr4_infrastructure/mmcm_clk_in
    MMCM_X1Y13           MMCME4_ADV (Prop_MMCM_CLKIN1_CLKOUT6)
                                                      0.630     2.350 r  i_dram_wrapper/i_dram/inst/u_ddr4_infrastructure/gen_mmcme4.u_mmcme_adv_inst/CLKOUT6
                         net (fo=1, routed)           0.226     2.576    i_dram_wrapper/i_dram/inst/u_ddr4_infrastructure/mmcm_clkout6
    BUFGCE_X1Y326        BUFGCE (Prop_BUFCE_BUFGCE_I_O)
                                                      0.024     2.600 r  i_dram_wrapper/i_dram/inst/u_ddr4_infrastructure/u_bufg_riuClk/O
    X4Y10 (CLOCK_ROOT)   net (fo=1746, routed)        2.416     5.016    i_dram_wrapper/i_dram/inst/u_ddr4_mem_intfc/u_ddr_cal_riu/mcs0/inst/microblaze_I/U0/MicroBlaze_Core_I/Performance.Core/Decode_I/Using_FPGA_2.ex_load_store_instr_Inst/Clk
    SLICE_X138Y779       FDRE                                         r  i_dram_wrapper/i_dram/inst/u_ddr4_mem_intfc/u_ddr_cal_riu/mcs0/inst/microblaze_I/U0/MicroBlaze_Core_I/Performance.Core/Decode_I/Using_FPGA_2.ex_load_store_instr_Inst/Using_FPGA.Native/C
  -------------------------------------------------------------------    -------------------
    SLICE_X138Y779       FDRE (Prop_CFF2_SLICEM_C_Q)
                                                      0.059     5.075 f  i_dram_wrapper/i_dram/inst/u_ddr4_mem_intfc/u_ddr_cal_riu/mcs0/inst/microblaze_I/U0/MicroBlaze_Core_I/Performance.Core/Decode_I/Using_FPGA_2.ex_load_store_instr_Inst/Using_FPGA.Native/Q
                         net (fo=6, routed)           0.137     5.212    i_dram_wrapper/i_dram/inst/u_ddr4_mem_intfc/u_ddr_cal_riu/mcs0/inst/microblaze_I/U0/MicroBlaze_Core_I/Performance.Core/Decode_I/Using_FPGA_2.ex_load_store_instr_Inst/ex_load_store_instr_s
    SLICE_X139Y780       LUT5 (Prop_H6LUT_SLICEL_I3_O)
                                                      0.036     5.248 r  i_dram_wrapper/i_dram/inst/u_ddr4_mem_intfc/u_ddr_cal_riu/mcs0/inst/microblaze_I/U0/MicroBlaze_Core_I/Performance.Core/Decode_I/Using_FPGA_2.ex_load_store_instr_Inst/Using_LWX_SWX_instr.ex_reservation_i_1/O
                         net (fo=1, routed)           0.024     5.272    i_dram_wrapper/i_dram/inst/u_ddr4_mem_intfc/u_ddr_cal_riu/mcs0/inst/microblaze_I/U0/MicroBlaze_Core_I/Performance.Core/Decode_I/Using_FPGA_2.ex_load_store_instr_Inst_n_2
    SLICE_X139Y780       FDRE                                         r  i_dram_wrapper/i_dram/inst/u_ddr4_mem_intfc/u_ddr_cal_riu/mcs0/inst/microblaze_I/U0/MicroBlaze_Core_I/Performance.Core/Decode_I/Using_LWX_SWX_instr.ex_reservation_reg/D
  -------------------------------------------------------------------    -------------------

                         (clock mmcm_clkout6 rise edge)
                                                      0.000     0.000 r  
    E12                                               0.000     0.000 r  sys_clk_p (IN)
                         net (fo=0)                   0.000     0.000    i_bufds_sys_clk/I
    HPIOBDIFFINBUF_X1Y300
                         DIFFINBUF (Prop_DIFFINBUF_HPIOBDIFFINBUF_DIFF_IN_P_O)
                                                      0.675     0.675 r  i_bufds_sys_clk/DIFFINBUF_INST/O
                         net (fo=1, routed)           0.050     0.725    i_bufds_sys_clk/OUT
    E12                  IBUFCTRL (Prop_IBUFCTRL_HPIOB_M_I_O)
                                                      0.000     0.725 r  i_bufds_sys_clk/IBUFCTRL_INST/O
                         net (fo=1, routed)           0.335     1.060    sys_clk
    BUFGCE_X1Y289        BUFGCE (Prop_BUFCE_BUFGCE_I_O)
                                                      0.028     1.088 r  sys_clk_BUFGCE_inst/O
                         net (fo=19, routed)          0.901     1.989    i_dram_wrapper/i_dram/inst/u_ddr4_infrastructure/mmcm_clk_in
    MMCM_X1Y13           MMCME4_ADV (Prop_MMCM_CLKIN1_CLKOUT6)
                                                     -0.127     1.862 r  i_dram_wrapper/i_dram/inst/u_ddr4_infrastructure/gen_mmcme4.u_mmcme_adv_inst/CLKOUT6
                         net (fo=1, routed)           0.261     2.123    i_dram_wrapper/i_dram/inst/u_ddr4_infrastructure/mmcm_clkout6
    BUFGCE_X1Y326        BUFGCE (Prop_BUFCE_BUFGCE_I_O)
                                                      0.028     2.151 r  i_dram_wrapper/i_dram/inst/u_ddr4_infrastructure/u_bufg_riuClk/O
    X4Y10 (CLOCK_ROOT)   net (fo=1746, routed)        2.744     4.895    i_dram_wrapper/i_dram/inst/u_ddr4_mem_intfc/u_ddr_cal_riu/mcs0/inst/microblaze_I/U0/MicroBlaze_Core_I/Performance.Core/Decode_I/Clk
    SLICE_X139Y780       FDRE                                         r  i_dram_wrapper/i_dram/inst/u_ddr4_mem_intfc/u_ddr_cal_riu/mcs0/inst/microblaze_I/U0/MicroBlaze_Core_I/Performance.Core/Decode_I/Using_LWX_SWX_instr.ex_reservation_reg/C
                         clock pessimism              0.307     5.201    
    SLICE_X139Y780       FDRE (Hold_HFF_SLICEL_C_D)
                                                      0.060     5.261    i_dram_wrapper/i_dram/inst/u_ddr4_mem_intfc/u_ddr_cal_riu/mcs0/inst/microblaze_I/U0/MicroBlaze_Core_I/Performance.Core/Decode_I/Using_LWX_SWX_instr.ex_reservation_reg
  -------------------------------------------------------------------
                         required time                         -5.261    
                         arrival time                           5.272    
  -------------------------------------------------------------------
                         slack                                  0.011    





Pulse Width Checks
--------------------------------------------------------------------------------------
Clock Name:         mmcm_clkout6
Waveform(ns):       { 0.000 3.333 }
Period(ns):         6.667
Sources:            { i_dram_wrapper/i_dram/inst/u_ddr4_infrastructure/gen_mmcme4.u_mmcme_adv_inst/CLKOUT6 }

Check Type        Corner  Lib Pin                   Reference Pin             Required(ns)  Actual(ns)  Slack(ns)  Location                 Pin
Min Period        n/a     BITSLICE_CONTROL/RIU_CLK  n/a                       3.846         6.667       2.821      BITSLICE_CONTROL_X1Y96   i_dram_wrapper/i_dram/inst/u_ddr4_mem_intfc/u_mig_ddr4_phy/inst/generate_block1.u_ddr_xiphy/byte_num[0].xiphy_byte_wrapper.u_xiphy_byte_wrapper/I_CONTROL[0].GEN_I_CONTROL.u_xiphy_control/xiphy_control/RIU_CLK
Low Pulse Width   Fast    BITSLICE_CONTROL/RIU_CLK  n/a                       1.731         3.333       1.602      BITSLICE_CONTROL_X1Y119  i_dram_wrapper/i_dram/inst/u_ddr4_mem_intfc/u_mig_ddr4_phy/inst/generate_block1.u_ddr_xiphy/byte_num[11].xiphy_byte_wrapper.u_xiphy_byte_wrapper/I_CONTROL[1].GEN_I_CONTROL.u_xiphy_control/xiphy_control/RIU_CLK
High Pulse Width  Slow    BITSLICE_CONTROL/RIU_CLK  n/a                       1.731         3.333       1.602      BITSLICE_CONTROL_X1Y97   i_dram_wrapper/i_dram/inst/u_ddr4_mem_intfc/u_mig_ddr4_phy/inst/generate_block1.u_ddr_xiphy/byte_num[0].xiphy_byte_wrapper.u_xiphy_byte_wrapper/I_CONTROL[1].GEN_I_CONTROL.u_xiphy_control/xiphy_control/RIU_CLK
Max Skew          Fast    BITSLICE_CONTROL/RIU_CLK  BITSLICE_CONTROL/PLL_CLK  1.985         0.937       1.048      BITSLICE_CONTROL_X1Y112  i_dram_wrapper/i_dram/inst/u_ddr4_mem_intfc/u_mig_ddr4_phy/inst/generate_block1.u_ddr_xiphy/byte_num[8].xiphy_byte_wrapper.u_xiphy_byte_wrapper/I_CONTROL[0].GEN_I_CONTROL.u_xiphy_control/xiphy_control/RIU_CLK



---------------------------------------------------------------------------------------------------
From Clock:  mmcm_clkout5
  To Clock:  dbg_hub/inst/BSCANID.u_xsdbm_id/SWITCH_N_EXT_BSCAN.bscan_inst/SERIES7_BSCAN.bscan_inst/INTERNAL_TCK

Setup :            0  Failing Endpoints,  Worst Slack       13.024ns,  Total Violation        0.000ns
Hold  :           NA  Failing Endpoints,  Worst Slack           NA  ,  Total Violation           NA
---------------------------------------------------------------------------------------------------


Max Delay Paths
--------------------------------------------------------------------------------------
Slack (MET) :             13.024ns  (required time - arrival time)
  Source:                 dbg_hub/inst/BSCANID.u_xsdbm_id/CORE_XSDB.UUT_MASTER/U_ICON_INTERFACE/U_CMD6_RD/U_RD_FIFO/SUBCORE_FIFO.xsdbm_v3_0_0_rdfifo_inst/inst_fifo_gen/gconvfifo.rf/grf.rf/gntv_or_sync_fifo.gcx.clkx/gnxpm_cdc.wr_pntr_gc_reg[3]/C
                            (rising edge-triggered cell FDCE clocked by mmcm_clkout5  {rise@0.000ns fall@6.667ns period=13.333ns})
  Destination:            dbg_hub/inst/BSCANID.u_xsdbm_id/CORE_XSDB.UUT_MASTER/U_ICON_INTERFACE/U_CMD6_RD/U_RD_FIFO/SUBCORE_FIFO.xsdbm_v3_0_0_rdfifo_inst/inst_fifo_gen/gconvfifo.rf/grf.rf/gntv_or_sync_fifo.gcx.clkx/gnxpm_cdc.gsync_stage[1].rd_stg_inst/Q_reg_reg[3]/D
                            (rising edge-triggered cell FDCE clocked by dbg_hub/inst/BSCANID.u_xsdbm_id/SWITCH_N_EXT_BSCAN.bscan_inst/SERIES7_BSCAN.bscan_inst/INTERNAL_TCK  {rise@0.000ns fall@25.000ns period=50.000ns})
  Path Group:             dbg_hub/inst/BSCANID.u_xsdbm_id/SWITCH_N_EXT_BSCAN.bscan_inst/SERIES7_BSCAN.bscan_inst/INTERNAL_TCK
  Path Type:              Setup (Max at Slow Process Corner)
  Requirement:            13.333ns  (MaxDelay Path 13.333ns)
  Data Path Delay:        0.334ns  (logic 0.076ns (22.754%)  route 0.258ns (77.246%))
  Logic Levels:           0  
  Timing Exception:       MaxDelay Path 13.333ns -datapath_only

    Location             Delay type                Incr(ns)  Path(ns)    Netlist Resource(s)
  -------------------------------------------------------------------    -------------------
    SLICE_X146Y675                                    0.000     0.000 r  dbg_hub/inst/BSCANID.u_xsdbm_id/CORE_XSDB.UUT_MASTER/U_ICON_INTERFACE/U_CMD6_RD/U_RD_FIFO/SUBCORE_FIFO.xsdbm_v3_0_0_rdfifo_inst/inst_fifo_gen/gconvfifo.rf/grf.rf/gntv_or_sync_fifo.gcx.clkx/gnxpm_cdc.wr_pntr_gc_reg[3]/C
    SLICE_X146Y675       FDCE (Prop_EFF_SLICEM_C_Q)
                                                      0.076     0.076 r  dbg_hub/inst/BSCANID.u_xsdbm_id/CORE_XSDB.UUT_MASTER/U_ICON_INTERFACE/U_CMD6_RD/U_RD_FIFO/SUBCORE_FIFO.xsdbm_v3_0_0_rdfifo_inst/inst_fifo_gen/gconvfifo.rf/grf.rf/gntv_or_sync_fifo.gcx.clkx/gnxpm_cdc.wr_pntr_gc_reg[3]/Q
                         net (fo=1, routed)           0.258     0.334    dbg_hub/inst/BSCANID.u_xsdbm_id/CORE_XSDB.UUT_MASTER/U_ICON_INTERFACE/U_CMD6_RD/U_RD_FIFO/SUBCORE_FIFO.xsdbm_v3_0_0_rdfifo_inst/inst_fifo_gen/gconvfifo.rf/grf.rf/gntv_or_sync_fifo.gcx.clkx/gnxpm_cdc.gsync_stage[1].rd_stg_inst/Q[3]
    SLICE_X145Y675       FDCE                                         r  dbg_hub/inst/BSCANID.u_xsdbm_id/CORE_XSDB.UUT_MASTER/U_ICON_INTERFACE/U_CMD6_RD/U_RD_FIFO/SUBCORE_FIFO.xsdbm_v3_0_0_rdfifo_inst/inst_fifo_gen/gconvfifo.rf/grf.rf/gntv_or_sync_fifo.gcx.clkx/gnxpm_cdc.gsync_stage[1].rd_stg_inst/Q_reg_reg[3]/D
  -------------------------------------------------------------------    -------------------

                         max delay                   13.333    13.333    
    SLICE_X145Y675       FDCE (Setup_CFF2_SLICEL_C_D)
                                                      0.025    13.358    dbg_hub/inst/BSCANID.u_xsdbm_id/CORE_XSDB.UUT_MASTER/U_ICON_INTERFACE/U_CMD6_RD/U_RD_FIFO/SUBCORE_FIFO.xsdbm_v3_0_0_rdfifo_inst/inst_fifo_gen/gconvfifo.rf/grf.rf/gntv_or_sync_fifo.gcx.clkx/gnxpm_cdc.gsync_stage[1].rd_stg_inst/Q_reg_reg[3]
  -------------------------------------------------------------------
                         required time                         13.358    
                         arrival time                          -0.334    
  -------------------------------------------------------------------
                         slack                                 13.024    





---------------------------------------------------------------------------------------------------
From Clock:  mmcm_clkout0
  To Clock:  clk_50_clkwiz

Setup :            0  Failing Endpoints,  Worst Slack        0.119ns,  Total Violation        0.000ns
Hold  :            0  Failing Endpoints,  Worst Slack        0.038ns,  Total Violation        0.000ns
---------------------------------------------------------------------------------------------------


Max Delay Paths
--------------------------------------------------------------------------------------
Slack (MET) :             0.119ns  (required time - arrival time)
  Source:                 i_dram_wrapper/gen_cdc.i_axi_cdc_mig/i_axi_cdc_dst/i_cdc_fifo_gray_src_r/data_q_reg[23][id][0]/C
                            (rising edge-triggered cell FDCE clocked by mmcm_clkout0  {rise@0.000ns fall@1.667ns period=3.333ns})
  Destination:            i_dram_wrapper/gen_cdc.i_axi_cdc_mig/i_axi_cdc_src/i_cdc_fifo_gray_dst_r/i_spill_register/spill_register_flushable_i/gen_spill_reg.a_data_q_reg[id][0]/D
                            (rising edge-triggered cell FDCE clocked by clk_50_clkwiz  {rise@0.000ns fall@10.000ns period=20.000ns})
  Path Group:             clk_50_clkwiz
  Path Type:              Setup (Max at Slow Process Corner)
  Requirement:            3.000ns  (MaxDelay Path 3.000ns)
  Data Path Delay:        2.906ns  (logic 0.327ns (11.253%)  route 2.579ns (88.747%))
  Logic Levels:           3  (LUT6=2 MUXF7=1)
  Timing Exception:       MaxDelay Path 3.000ns -datapath_only

    Location             Delay type                Incr(ns)  Path(ns)    Netlist Resource(s)
  -------------------------------------------------------------------    -------------------
    SLICE_X138Y706                                    0.000     0.000 r  i_dram_wrapper/gen_cdc.i_axi_cdc_mig/i_axi_cdc_dst/i_cdc_fifo_gray_src_r/data_q_reg[23][id][0]/C
    SLICE_X138Y706       FDCE (Prop_HFF2_SLICEM_C_Q)
                                                      0.078     0.078 r  i_dram_wrapper/gen_cdc.i_axi_cdc_mig/i_axi_cdc_dst/i_cdc_fifo_gray_src_r/data_q_reg[23][id][0]/Q
                         net (fo=1, routed)           0.386     0.464    i_dram_wrapper/gen_cdc.i_axi_cdc_mig/i_axi_cdc_src/i_cdc_fifo_gray_dst_r/async_data_i[23][id][0]
    SLICE_X141Y698       LUT6 (Prop_C6LUT_SLICEM_I0_O)
                                                      0.145     0.609 r  i_dram_wrapper/gen_cdc.i_axi_cdc_mig/i_axi_cdc_src/i_cdc_fifo_gray_dst_r/i_spill_register_i_2639/O
                         net (fo=1, routed)           0.021     0.630    i_dram_wrapper/gen_cdc.i_axi_cdc_mig/i_axi_cdc_src/i_cdc_fifo_gray_dst_r/i_spill_register_i_2639_n_0
    SLICE_X141Y698       MUXF7 (Prop_F7MUX_CD_SLICEM_I1_O)
                                                      0.068     0.698 r  i_dram_wrapper/gen_cdc.i_axi_cdc_mig/i_axi_cdc_src/i_cdc_fifo_gray_dst_r/i_spill_register_i_541/O
                         net (fo=1, routed)           2.123     2.821    i_dram_wrapper/gen_cdc.i_axi_cdc_mig/i_axi_cdc_src/i_cdc_fifo_gray_dst_r/i_spill_register_i_541_n_0
    SLICE_X65Y765        LUT6 (Prop_D6LUT_SLICEL_I1_O)
                                                      0.036     2.857 r  i_dram_wrapper/gen_cdc.i_axi_cdc_mig/i_axi_cdc_src/i_cdc_fifo_gray_dst_r/i_spill_register_i_6/O
                         net (fo=1, routed)           0.049     2.906    i_dram_wrapper/gen_cdc.i_axi_cdc_mig/i_axi_cdc_src/i_cdc_fifo_gray_dst_r/i_spill_register/spill_register_flushable_i/data_i[id][0]
    SLICE_X65Y765        FDCE                                         r  i_dram_wrapper/gen_cdc.i_axi_cdc_mig/i_axi_cdc_src/i_cdc_fifo_gray_dst_r/i_spill_register/spill_register_flushable_i/gen_spill_reg.a_data_q_reg[id][0]/D
  -------------------------------------------------------------------    -------------------

                         max delay                    3.000     3.000    
    SLICE_X65Y765        FDCE (Setup_DFF_SLICEL_C_D)
                                                      0.025     3.025    i_dram_wrapper/gen_cdc.i_axi_cdc_mig/i_axi_cdc_src/i_cdc_fifo_gray_dst_r/i_spill_register/spill_register_flushable_i/gen_spill_reg.a_data_q_reg[id][0]
  -------------------------------------------------------------------
                         required time                          3.025    
                         arrival time                          -2.906    
  -------------------------------------------------------------------
                         slack                                  0.119    





Min Delay Paths
--------------------------------------------------------------------------------------
Slack (MET) :             0.038ns  (arrival time - required time)
  Source:                 i_dram_wrapper/gen_cdc.i_axi_cdc_mig/i_axi_cdc_dst/i_cdc_fifo_gray_dst_aw/rptr_q_reg[1]/C
                            (rising edge-triggered cell FDCE clocked by mmcm_clkout0  {rise@0.000ns fall@1.667ns period=3.333ns})
  Destination:            i_dram_wrapper/gen_cdc.i_axi_cdc_mig/i_axi_cdc_src/i_cdc_fifo_gray_src_aw/gen_sync[1].i_sync/reg_q_reg[0]/D
                            (rising edge-triggered cell FDCE clocked by clk_50_clkwiz  {rise@0.000ns fall@10.000ns period=20.000ns})
  Path Group:             clk_50_clkwiz
  Path Type:              Hold (Min at Slow Process Corner)
  Requirement:            0.000ns  (clk_50_clkwiz rise@0.000ns - mmcm_clkout0 rise@0.000ns)
  Data Path Delay:        1.346ns  (logic 0.061ns (4.532%)  route 1.285ns (95.468%))
  Logic Levels:           0  
  Clock Path Skew:        0.956ns (DCD - SCD - CPR)
    Destination Clock Delay (DCD):    6.142ns
    Source Clock Delay      (SCD):    5.007ns
    Clock Pessimism Removal (CPR):    0.178ns
  Clock Uncertainty:      0.290ns  ((TSJ^2 + DJ^2)^1/2) / 2 + PE
    Total System Jitter     (TSJ):    0.071ns
    Discrete Jitter          (DJ):    0.227ns
    Phase Error              (PE):    0.171ns
  Clock Net Delay (Source):      2.419ns (routing 1.157ns, distribution 1.262ns)
  Clock Net Delay (Destination): 3.918ns (routing 1.870ns, distribution 2.048ns)

    Location             Delay type                Incr(ns)  Path(ns)    Netlist Resource(s)
  -------------------------------------------------------------------    -------------------
                         (clock mmcm_clkout0 rise edge)
                                                      0.000     0.000 r  
    E12                                               0.000     0.000 r  sys_clk_p (IN)
                         net (fo=0)                   0.000     0.000    i_bufds_sys_clk/I
    HPIOBDIFFINBUF_X1Y300
                         DIFFINBUF (Prop_DIFFINBUF_HPIOBDIFFINBUF_DIFF_IN_P_O)
                                                      0.564     0.564 r  i_bufds_sys_clk/DIFFINBUF_INST/O
                         net (fo=1, routed)           0.040     0.604    i_bufds_sys_clk/OUT
    E12                  IBUFCTRL (Prop_IBUFCTRL_HPIOB_M_I_O)
                                                      0.000     0.604 r  i_bufds_sys_clk/IBUFCTRL_INST/O
                         net (fo=1, routed)           0.297     0.901    sys_clk
    BUFGCE_X1Y289        BUFGCE (Prop_BUFCE_BUFGCE_I_O)
                                                      0.024     0.925 r  sys_clk_BUFGCE_inst/O
                         net (fo=19, routed)          0.795     1.720    i_dram_wrapper/i_dram/inst/u_ddr4_infrastructure/mmcm_clk_in
    MMCM_X1Y13           MMCME4_ADV (Prop_MMCM_CLKIN1_CLKOUT0)
                                                      0.630     2.350 r  i_dram_wrapper/i_dram/inst/u_ddr4_infrastructure/gen_mmcme4.u_mmcme_adv_inst/CLKOUT0
                         net (fo=1, routed)           0.214     2.564    i_dram_wrapper/i_dram/inst/u_ddr4_infrastructure/mmcm_clkout0
    BUFGCE_X1Y332        BUFGCE (Prop_BUFCE_BUFGCE_I_O)
                                                      0.024     2.588 r  i_dram_wrapper/i_dram/inst/u_ddr4_infrastructure/u_bufg_divClk/O
    X4Y10 (CLOCK_ROOT)   net (fo=36296, routed)       2.419     5.007    i_dram_wrapper/gen_cdc.i_axi_cdc_mig/i_axi_cdc_dst/i_cdc_fifo_gray_dst_aw/dst_clk_i
    SLICE_X133Y668       FDCE                                         r  i_dram_wrapper/gen_cdc.i_axi_cdc_mig/i_axi_cdc_dst/i_cdc_fifo_gray_dst_aw/rptr_q_reg[1]/C
  -------------------------------------------------------------------    -------------------
    SLICE_X133Y668       FDCE (Prop_DFF2_SLICEM_C_Q)
                                                      0.061     5.068 r  i_dram_wrapper/gen_cdc.i_axi_cdc_mig/i_axi_cdc_dst/i_cdc_fifo_gray_dst_aw/rptr_q_reg[1]/Q
                         net (fo=3, routed)           1.285     6.353    i_dram_wrapper/gen_cdc.i_axi_cdc_mig/i_axi_cdc_src/i_cdc_fifo_gray_src_aw/gen_sync[1].i_sync/serial_i
    SLICE_X130Y665       FDCE                                         r  i_dram_wrapper/gen_cdc.i_axi_cdc_mig/i_axi_cdc_src/i_cdc_fifo_gray_src_aw/gen_sync[1].i_sync/reg_q_reg[0]/D
  -------------------------------------------------------------------    -------------------

                         (clock clk_50_clkwiz rise edge)
                                                      0.000     0.000 r  
    E12                                               0.000     0.000 r  sys_clk_p (IN)
                         net (fo=0)                   0.000     0.000    i_bufds_sys_clk/I
    HPIOBDIFFINBUF_X1Y300
                         DIFFINBUF (Prop_DIFFINBUF_HPIOBDIFFINBUF_DIFF_IN_P_O)
                                                      0.675     0.675 r  i_bufds_sys_clk/DIFFINBUF_INST/O
                         net (fo=1, routed)           0.050     0.725    i_bufds_sys_clk/OUT
    E12                  IBUFCTRL (Prop_IBUFCTRL_HPIOB_M_I_O)
                                                      0.000     0.725 r  i_bufds_sys_clk/IBUFCTRL_INST/O
                         net (fo=1, routed)           0.335     1.060    sys_clk
    BUFGCE_X1Y289        BUFGCE (Prop_BUFCE_BUFGCE_I_O)
                                                      0.028     1.088 r  sys_clk_BUFGCE_inst/O
                         net (fo=19, routed)          0.991     2.079    i_clkwiz/inst/clk_in1
    MMCM_X1Y11           MMCME4_ADV (Prop_MMCM_CLKIN1_CLKOUT0)
                                                     -0.127     1.952 r  i_clkwiz/inst/mmcme4_adv_inst/CLKOUT0
                         net (fo=1, routed)           0.244     2.196    i_clkwiz/inst/clk_50_clkwiz
    BUFGCE_X1Y266        BUFGCE (Prop_BUFCE_BUFGCE_I_O)
                                                      0.028     2.224 r  i_clkwiz/inst/clkout1_buf/O
    X2Y7 (CLOCK_ROOT)    net (fo=198214, routed)      3.918     6.142    i_dram_wrapper/gen_cdc.i_axi_cdc_mig/i_axi_cdc_src/i_cdc_fifo_gray_src_aw/gen_sync[1].i_sync/clk_i
    SLICE_X130Y665       FDCE                                         r  i_dram_wrapper/gen_cdc.i_axi_cdc_mig/i_axi_cdc_src/i_cdc_fifo_gray_src_aw/gen_sync[1].i_sync/reg_q_reg[0]/C
                         clock pessimism             -0.178     5.963    
                         clock uncertainty            0.290     6.253    
    SLICE_X130Y665       FDCE (Hold_DFF2_SLICEL_C_D)
                                                      0.062     6.315    i_dram_wrapper/gen_cdc.i_axi_cdc_mig/i_axi_cdc_src/i_cdc_fifo_gray_src_aw/gen_sync[1].i_sync/reg_q_reg[0]
  -------------------------------------------------------------------
                         required time                         -6.315    
                         arrival time                           6.353    
  -------------------------------------------------------------------
                         slack                                  0.038    





---------------------------------------------------------------------------------------------------
From Clock:  clk_50_clkwiz
  To Clock:  mmcm_clkout0

Setup :           28  Failing Endpoints,  Worst Slack       -0.168ns,  Total Violation       -1.805ns
Hold  :            0  Failing Endpoints,  Worst Slack        0.652ns,  Total Violation        0.000ns
---------------------------------------------------------------------------------------------------


Max Delay Paths
--------------------------------------------------------------------------------------
Slack (VIOLATED) :        -0.168ns  (required time - arrival time)
  Source:                 i_dram_wrapper/gen_cdc.i_axi_cdc_mig/i_axi_cdc_src/i_cdc_fifo_gray_src_w/data_q_reg[19][data][266]/C
                            (rising edge-triggered cell FDCE clocked by clk_50_clkwiz  {rise@0.000ns fall@10.000ns period=20.000ns})
  Destination:            i_dram_wrapper/gen_cdc.i_axi_cdc_mig/i_axi_cdc_dst/i_cdc_fifo_gray_dst_w/i_spill_register/spill_register_flushable_i/gen_spill_reg.a_data_q_reg[data][266]/D
                            (rising edge-triggered cell FDCE clocked by mmcm_clkout0  {rise@0.000ns fall@1.667ns period=3.333ns})
  Path Group:             mmcm_clkout0
  Path Type:              Setup (Max at Slow Process Corner)
  Requirement:            3.000ns  (MaxDelay Path 3.000ns)
  Data Path Delay:        3.193ns  (logic 0.232ns (7.266%)  route 2.961ns (92.734%))
  Logic Levels:           3  (LUT6=2 MUXF7=1)
  Timing Exception:       MaxDelay Path 3.000ns -datapath_only

    Location             Delay type                Incr(ns)  Path(ns)    Netlist Resource(s)
  -------------------------------------------------------------------    -------------------
    SLICE_X142Y886                                    0.000     0.000 r  i_dram_wrapper/gen_cdc.i_axi_cdc_mig/i_axi_cdc_src/i_cdc_fifo_gray_src_w/data_q_reg[19][data][266]/C
    SLICE_X142Y886       FDCE (Prop_DFF2_SLICEM_C_Q)
                                                      0.080     0.080 r  i_dram_wrapper/gen_cdc.i_axi_cdc_mig/i_axi_cdc_src/i_cdc_fifo_gray_src_w/data_q_reg[19][data][266]/Q
                         net (fo=1, routed)           1.500     1.580    i_dram_wrapper/gen_cdc.i_axi_cdc_mig/i_axi_cdc_dst/i_cdc_fifo_gray_dst_w/async_data_i[19][data][266]
    SLICE_X85Y883        LUT6 (Prop_F6LUT_SLICEL_I0_O)
                                                      0.035     1.615 r  i_dram_wrapper/gen_cdc.i_axi_cdc_mig/i_axi_cdc_dst/i_cdc_fifo_gray_dst_w/i_spill_register_i_4851/O
                         net (fo=1, routed)           0.011     1.626    i_dram_wrapper/gen_cdc.i_axi_cdc_mig/i_axi_cdc_dst/i_cdc_fifo_gray_dst_w/i_spill_register_i_4851_n_0
    SLICE_X85Y883        MUXF7 (Prop_F7MUX_EF_SLICEL_I0_O)
                                                      0.064     1.690 r  i_dram_wrapper/gen_cdc.i_axi_cdc_mig/i_axi_cdc_dst/i_cdc_fifo_gray_dst_w/i_spill_register_i_1562/O
                         net (fo=1, routed)           1.392     3.082    i_dram_wrapper/gen_cdc.i_axi_cdc_mig/i_axi_cdc_dst/i_cdc_fifo_gray_dst_w/i_spill_register_i_1562_n_0
    SLICE_X138Y883       LUT6 (Prop_H6LUT_SLICEM_I1_O)
                                                      0.053     3.135 r  i_dram_wrapper/gen_cdc.i_axi_cdc_mig/i_axi_cdc_dst/i_cdc_fifo_gray_dst_w/i_spill_register_i_247/O
                         net (fo=1, routed)           0.058     3.193    i_dram_wrapper/gen_cdc.i_axi_cdc_mig/i_axi_cdc_dst/i_cdc_fifo_gray_dst_w/i_spill_register/spill_register_flushable_i/data_i[data][266]
    SLICE_X138Y883       FDCE                                         r  i_dram_wrapper/gen_cdc.i_axi_cdc_mig/i_axi_cdc_dst/i_cdc_fifo_gray_dst_w/i_spill_register/spill_register_flushable_i/gen_spill_reg.a_data_q_reg[data][266]/D
  -------------------------------------------------------------------    -------------------

                         max delay                    3.000     3.000    
    SLICE_X138Y883       FDCE (Setup_HFF_SLICEM_C_D)
                                                      0.025     3.025    i_dram_wrapper/gen_cdc.i_axi_cdc_mig/i_axi_cdc_dst/i_cdc_fifo_gray_dst_w/i_spill_register/spill_register_flushable_i/gen_spill_reg.a_data_q_reg[data][266]
  -------------------------------------------------------------------
                         required time                          3.025    
                         arrival time                          -3.193    
  -------------------------------------------------------------------
                         slack                                 -0.168    





Min Delay Paths
--------------------------------------------------------------------------------------
Slack (MET) :             0.652ns  (arrival time - required time)
  Source:                 i_dram_wrapper/gen_cdc.i_axi_cdc_mig/i_axi_cdc_src/i_cdc_fifo_gray_src_w/wptr_q_reg[0]/C
                            (rising edge-triggered cell FDCE clocked by clk_50_clkwiz  {rise@0.000ns fall@10.000ns period=20.000ns})
  Destination:            i_dram_wrapper/gen_cdc.i_axi_cdc_mig/i_axi_cdc_dst/i_cdc_fifo_gray_dst_w/gen_sync[0].i_sync/reg_q_reg[0]/D
                            (rising edge-triggered cell FDCE clocked by mmcm_clkout0  {rise@0.000ns fall@1.667ns period=3.333ns})
  Path Group:             mmcm_clkout0
  Path Type:              Hold (Min at Fast Process Corner)
  Requirement:            0.000ns  (mmcm_clkout0 rise@0.000ns - clk_50_clkwiz rise@0.000ns)
  Data Path Delay:        0.096ns  (logic 0.039ns (40.625%)  route 0.057ns (59.375%))
  Logic Levels:           0  
  Clock Path Skew:        -0.893ns (DCD - SCD - CPR)
    Destination Clock Delay (DCD):    3.012ns
    Source Clock Delay      (SCD):    3.742ns
    Clock Pessimism Removal (CPR):    0.162ns
  Clock Uncertainty:      0.290ns  ((TSJ^2 + DJ^2)^1/2) / 2 + PE
    Total System Jitter     (TSJ):    0.071ns
    Discrete Jitter          (DJ):    0.227ns
    Phase Error              (PE):    0.171ns
  Clock Net Delay (Source):      2.251ns (routing 1.022ns, distribution 1.229ns)
  Clock Net Delay (Destination): 1.858ns (routing 0.779ns, distribution 1.079ns)

    Location             Delay type                Incr(ns)  Path(ns)    Netlist Resource(s)
  -------------------------------------------------------------------    -------------------
                         (clock clk_50_clkwiz rise edge)
                                                      0.000     0.000 r  
    E12                                               0.000     0.000 r  sys_clk_p (IN)
                         net (fo=0)                   0.000     0.000    i_bufds_sys_clk/I
    HPIOBDIFFINBUF_X1Y300
                         DIFFINBUF (Prop_DIFFINBUF_HPIOBDIFFINBUF_DIFF_IN_P_O)
                                                      0.340     0.340 r  i_bufds_sys_clk/DIFFINBUF_INST/O
                         net (fo=1, routed)           0.040     0.380    i_bufds_sys_clk/OUT
    E12                  IBUFCTRL (Prop_IBUFCTRL_HPIOB_M_I_O)
                                                      0.000     0.380 r  i_bufds_sys_clk/IBUFCTRL_INST/O
                         net (fo=1, routed)           0.150     0.530    sys_clk
    BUFGCE_X1Y289        BUFGCE (Prop_BUFCE_BUFGCE_I_O)
                                                      0.017     0.547 r  sys_clk_BUFGCE_inst/O
                         net (fo=19, routed)          0.552     1.099    i_clkwiz/inst/clk_in1
    MMCM_X1Y11           MMCME4_ADV (Prop_MMCM_CLKIN1_CLKOUT0)
                                                      0.230     1.329 r  i_clkwiz/inst/mmcme4_adv_inst/CLKOUT0
                         net (fo=1, routed)           0.145     1.474    i_clkwiz/inst/clk_50_clkwiz
    BUFGCE_X1Y266        BUFGCE (Prop_BUFCE_BUFGCE_I_O)
                                                      0.017     1.491 r  i_clkwiz/inst/clkout1_buf/O
    X2Y7 (CLOCK_ROOT)    net (fo=198214, routed)      2.251     3.742    i_dram_wrapper/gen_cdc.i_axi_cdc_mig/i_axi_cdc_src/i_cdc_fifo_gray_src_w/src_clk_i
    SLICE_X91Y853        FDCE                                         r  i_dram_wrapper/gen_cdc.i_axi_cdc_mig/i_axi_cdc_src/i_cdc_fifo_gray_src_w/wptr_q_reg[0]/C
  -------------------------------------------------------------------    -------------------
    SLICE_X91Y853        FDCE (Prop_DFF_SLICEL_C_Q)
                                                      0.039     3.781 r  i_dram_wrapper/gen_cdc.i_axi_cdc_mig/i_axi_cdc_src/i_cdc_fifo_gray_src_w/wptr_q_reg[0]/Q
                         net (fo=2, routed)           0.057     3.838    i_dram_wrapper/gen_cdc.i_axi_cdc_mig/i_axi_cdc_dst/i_cdc_fifo_gray_dst_w/gen_sync[0].i_sync/serial_i
    SLICE_X91Y852        FDCE                                         r  i_dram_wrapper/gen_cdc.i_axi_cdc_mig/i_axi_cdc_dst/i_cdc_fifo_gray_dst_w/gen_sync[0].i_sync/reg_q_reg[0]/D
  -------------------------------------------------------------------    -------------------

                         (clock mmcm_clkout0 rise edge)
                                                      0.000     0.000 r  
    E12                                               0.000     0.000 r  sys_clk_p (IN)
                         net (fo=0)                   0.000     0.000    i_bufds_sys_clk/I
    HPIOBDIFFINBUF_X1Y300
                         DIFFINBUF (Prop_DIFFINBUF_HPIOBDIFFINBUF_DIFF_IN_P_O)
                                                      0.446     0.446 r  i_bufds_sys_clk/DIFFINBUF_INST/O
                         net (fo=1, routed)           0.050     0.496    i_bufds_sys_clk/OUT
    E12                  IBUFCTRL (Prop_IBUFCTRL_HPIOB_M_I_O)
                                                      0.000     0.496 r  i_bufds_sys_clk/IBUFCTRL_INST/O
                         net (fo=1, routed)           0.183     0.679    sys_clk
    BUFGCE_X1Y289        BUFGCE (Prop_BUFCE_BUFGCE_I_O)
                                                      0.019     0.698 r  sys_clk_BUFGCE_inst/O
                         net (fo=19, routed)          0.567     1.265    i_dram_wrapper/i_dram/inst/u_ddr4_infrastructure/mmcm_clk_in
    MMCM_X1Y13           MMCME4_ADV (Prop_MMCM_CLKIN1_CLKOUT0)
                                                     -0.295     0.970 r  i_dram_wrapper/i_dram/inst/u_ddr4_infrastructure/gen_mmcme4.u_mmcme_adv_inst/CLKOUT0
                         net (fo=1, routed)           0.165     1.135    i_dram_wrapper/i_dram/inst/u_ddr4_infrastructure/mmcm_clkout0
    BUFGCE_X1Y332        BUFGCE (Prop_BUFCE_BUFGCE_I_O)
                                                      0.019     1.154 r  i_dram_wrapper/i_dram/inst/u_ddr4_infrastructure/u_bufg_divClk/O
    X4Y10 (CLOCK_ROOT)   net (fo=36296, routed)       1.858     3.012    i_dram_wrapper/gen_cdc.i_axi_cdc_mig/i_axi_cdc_dst/i_cdc_fifo_gray_dst_w/gen_sync[0].i_sync/clk_i
    SLICE_X91Y852        FDCE                                         r  i_dram_wrapper/gen_cdc.i_axi_cdc_mig/i_axi_cdc_dst/i_cdc_fifo_gray_dst_w/gen_sync[0].i_sync/reg_q_reg[0]/C
                         clock pessimism             -0.162     2.849    
                         clock uncertainty            0.290     3.139    
    SLICE_X91Y852        FDCE (Hold_DFF2_SLICEL_C_D)
                                                      0.047     3.186    i_dram_wrapper/gen_cdc.i_axi_cdc_mig/i_axi_cdc_dst/i_cdc_fifo_gray_dst_w/gen_sync[0].i_sync/reg_q_reg[0]
  -------------------------------------------------------------------
                         required time                         -3.186    
                         arrival time                           3.838    
  -------------------------------------------------------------------
                         slack                                  0.652    





---------------------------------------------------------------------------------------------------
From Clock:  mmcm_clkout5
  To Clock:  mmcm_clkout0

Setup :            0  Failing Endpoints,  Worst Slack        2.470ns,  Total Violation        0.000ns
Hold  :           NA  Failing Endpoints,  Worst Slack           NA  ,  Total Violation           NA
---------------------------------------------------------------------------------------------------


Max Delay Paths
--------------------------------------------------------------------------------------
Slack (MET) :             2.470ns  (required time - arrival time)
  Source:                 i_dram_wrapper/i_dram/inst/u_ddr4_mem_intfc/u_ddr_cal_top/u_ddr_cal/u_xsdb_arbiter/slave_addr_r_reg[4]/C
                            (rising edge-triggered cell FDRE clocked by mmcm_clkout5  {rise@0.000ns fall@6.667ns period=13.333ns})
  Destination:            i_dram_wrapper/i_dram/inst/u_ddr4_mem_intfc/u_ddr_cal_top/u_ddr_cal/u_xsdb_arbiter/u_slave_addr_sync/SYNC[4].sync_reg_reg[0]/D
                            (rising edge-triggered cell FDRE clocked by mmcm_clkout0  {rise@0.000ns fall@1.667ns period=3.333ns})
  Path Group:             mmcm_clkout0
  Path Type:              Setup (Max at Slow Process Corner)
  Requirement:            3.000ns  (MaxDelay Path 3.000ns)
  Data Path Delay:        0.555ns  (logic 0.081ns (14.595%)  route 0.474ns (85.405%))
  Logic Levels:           0  
  Timing Exception:       MaxDelay Path 3.000ns -datapath_only

    Location             Delay type                Incr(ns)  Path(ns)    Netlist Resource(s)
  -------------------------------------------------------------------    -------------------
    SLICE_X140Y730                                    0.000     0.000 r  i_dram_wrapper/i_dram/inst/u_ddr4_mem_intfc/u_ddr_cal_top/u_ddr_cal/u_xsdb_arbiter/slave_addr_r_reg[4]/C
    SLICE_X140Y730       FDRE (Prop_FFF2_SLICEL_C_Q)
                                                      0.081     0.081 r  i_dram_wrapper/i_dram/inst/u_ddr4_mem_intfc/u_ddr_cal_top/u_ddr_cal/u_xsdb_arbiter/slave_addr_r_reg[4]/Q
                         net (fo=1, routed)           0.474     0.555    i_dram_wrapper/i_dram/inst/u_ddr4_mem_intfc/u_ddr_cal_top/u_ddr_cal/u_xsdb_arbiter/u_slave_addr_sync/out[4]
    SLICE_X140Y730       FDRE                                         r  i_dram_wrapper/i_dram/inst/u_ddr4_mem_intfc/u_ddr_cal_top/u_ddr_cal/u_xsdb_arbiter/u_slave_addr_sync/SYNC[4].sync_reg_reg[0]/D
  -------------------------------------------------------------------    -------------------

                         max delay                    3.000     3.000    
    SLICE_X140Y730       FDRE (Setup_DFF2_SLICEL_C_D)
                                                      0.025     3.025    i_dram_wrapper/i_dram/inst/u_ddr4_mem_intfc/u_ddr_cal_top/u_ddr_cal/u_xsdb_arbiter/u_slave_addr_sync/SYNC[4].sync_reg_reg[0]
  -------------------------------------------------------------------
                         required time                          3.025    
                         arrival time                          -0.555    
  -------------------------------------------------------------------
                         slack                                  2.470    





---------------------------------------------------------------------------------------------------
From Clock:  mmcm_clkout6
  To Clock:  mmcm_clkout0

Setup :            0  Failing Endpoints,  Worst Slack        1.949ns,  Total Violation        0.000ns
Hold  :           NA  Failing Endpoints,  Worst Slack           NA  ,  Total Violation           NA
---------------------------------------------------------------------------------------------------


Max Delay Paths
--------------------------------------------------------------------------------------
Slack (MET) :             1.949ns  (required time - arrival time)
  Source:                 i_dram_wrapper/i_dram/inst/u_ddr4_mem_intfc/u_ddr_cal_riu/io_address_riuclk_reg[11]/C
                            (rising edge-triggered cell FDRE clocked by mmcm_clkout6  {rise@0.000ns fall@3.333ns period=6.667ns})
  Destination:            i_dram_wrapper/i_dram/inst/u_ddr4_mem_intfc/u_io_addr_sync/SYNC[11].sync_reg_reg[0]/D
                            (rising edge-triggered cell FDRE clocked by mmcm_clkout0  {rise@0.000ns fall@1.667ns period=3.333ns})
  Path Group:             mmcm_clkout0
  Path Type:              Setup (Max at Slow Process Corner)
  Requirement:            3.000ns  (MaxDelay Path 3.000ns)
  Data Path Delay:        1.076ns  (logic 0.081ns (7.528%)  route 0.995ns (92.472%))
  Logic Levels:           0  
  Timing Exception:       MaxDelay Path 3.000ns -datapath_only

    Location             Delay type                Incr(ns)  Path(ns)    Netlist Resource(s)
  -------------------------------------------------------------------    -------------------
    SLICE_X139Y784                                    0.000     0.000 r  i_dram_wrapper/i_dram/inst/u_ddr4_mem_intfc/u_ddr_cal_riu/io_address_riuclk_reg[11]/C
    SLICE_X139Y784       FDRE (Prop_EFF2_SLICEL_C_Q)
                                                      0.081     0.081 r  i_dram_wrapper/i_dram/inst/u_ddr4_mem_intfc/u_ddr_cal_riu/io_address_riuclk_reg[11]/Q
                         net (fo=36, routed)          0.995     1.076    i_dram_wrapper/i_dram/inst/u_ddr4_mem_intfc/u_io_addr_sync/SYNC[31].sync_reg_reg[0]_0[11]
    SLICE_X135Y792       FDRE                                         r  i_dram_wrapper/i_dram/inst/u_ddr4_mem_intfc/u_io_addr_sync/SYNC[11].sync_reg_reg[0]/D
  -------------------------------------------------------------------    -------------------

                         max delay                    3.000     3.000    
    SLICE_X135Y792       FDRE (Setup_HFF2_SLICEM_C_D)
                                                      0.025     3.025    i_dram_wrapper/i_dram/inst/u_ddr4_mem_intfc/u_io_addr_sync/SYNC[11].sync_reg_reg[0]
  -------------------------------------------------------------------
                         required time                          3.025    
                         arrival time                          -1.076    
  -------------------------------------------------------------------
                         slack                                  1.949    





---------------------------------------------------------------------------------------------------
From Clock:  mmcm_clkout0
  To Clock:  pll_clk[0]_DIV

Setup :            0  Failing Endpoints,  Worst Slack        0.637ns,  Total Violation        0.000ns
Hold  :            0  Failing Endpoints,  Worst Slack        0.650ns,  Total Violation        0.000ns
---------------------------------------------------------------------------------------------------


Max Delay Paths
--------------------------------------------------------------------------------------
Slack (MET) :             0.637ns  (required time - arrival time)
  Source:                 i_dram_wrapper/i_dram/inst/u_ddr4_mem_intfc/u_ddr_cal_top/u_ddr_mc_pi/u_ddr_mc_write/oe_upp_reg[0]/C
                            (rising edge-triggered cell FDRE clocked by mmcm_clkout0  {rise@0.000ns fall@1.667ns period=3.333ns})
  Destination:            i_dram_wrapper/i_dram/inst/u_ddr4_mem_intfc/u_mig_ddr4_phy/inst/generate_block1.u_ddr_xiphy/byte_num[0].xiphy_byte_wrapper.u_xiphy_byte_wrapper/I_CONTROL[1].GEN_I_CONTROL.u_xiphy_control/xiphy_control/TBYTE_IN[0]
                            (rising edge-triggered cell BITSLICE_CONTROL clocked by pll_clk[0]_DIV  {rise@0.000ns fall@1.667ns period=3.333ns})
  Path Group:             pll_clk[0]_DIV
  Path Type:              Setup (Max at Slow Process Corner)
  Requirement:            3.333ns  (pll_clk[0]_DIV rise@3.333ns - mmcm_clkout0 rise@0.000ns)
  Data Path Delay:        1.735ns  (logic 0.081ns (4.669%)  route 1.654ns (95.331%))
  Logic Levels:           0  
  Clock Path Skew:        -0.650ns (DCD - SCD + CPR)
    Destination Clock Delay (DCD):    4.525ns = ( 7.858 - 3.333 ) 
    Source Clock Delay      (SCD):    4.914ns
    Clock Pessimism Removal (CPR):    -0.261ns
  Clock Uncertainty:      0.154ns  ((TSJ^2 + DJ^2)^1/2) / 2 + PE
    Total System Jitter     (TSJ):    0.071ns
    Discrete Jitter          (DJ):    0.064ns
    Phase Error              (PE):    0.106ns
  Clock Net Delay (Source):      2.780ns (routing 1.274ns, distribution 1.506ns)
  Clock Net Delay (Destination): 0.102ns (routing 0.089ns, distribution 0.013ns)

    Location             Delay type                Incr(ns)  Path(ns)    Netlist Resource(s)
  -------------------------------------------------------------------    -------------------
                         (clock mmcm_clkout0 rise edge)
                                                      0.000     0.000 r  
    E12                                               0.000     0.000 r  sys_clk_p (IN)
                         net (fo=0)                   0.000     0.000    i_bufds_sys_clk/I
    HPIOBDIFFINBUF_X1Y300
                         DIFFINBUF (Prop_DIFFINBUF_HPIOBDIFFINBUF_DIFF_IN_P_O)
                                                      0.675     0.675 r  i_bufds_sys_clk/DIFFINBUF_INST/O
                         net (fo=1, routed)           0.050     0.725    i_bufds_sys_clk/OUT
    E12                  IBUFCTRL (Prop_IBUFCTRL_HPIOB_M_I_O)
                                                      0.000     0.725 r  i_bufds_sys_clk/IBUFCTRL_INST/O
                         net (fo=1, routed)           0.335     1.060    sys_clk
    BUFGCE_X1Y289        BUFGCE (Prop_BUFCE_BUFGCE_I_O)
                                                      0.028     1.088 r  sys_clk_BUFGCE_inst/O
                         net (fo=19, routed)          0.901     1.989    i_dram_wrapper/i_dram/inst/u_ddr4_infrastructure/mmcm_clk_in
    MMCM_X1Y13           MMCME4_ADV (Prop_MMCM_CLKIN1_CLKOUT0)
                                                     -0.127     1.862 r  i_dram_wrapper/i_dram/inst/u_ddr4_infrastructure/gen_mmcme4.u_mmcme_adv_inst/CLKOUT0
                         net (fo=1, routed)           0.244     2.106    i_dram_wrapper/i_dram/inst/u_ddr4_infrastructure/mmcm_clkout0
    BUFGCE_X1Y332        BUFGCE (Prop_BUFCE_BUFGCE_I_O)
                                                      0.028     2.134 r  i_dram_wrapper/i_dram/inst/u_ddr4_infrastructure/u_bufg_divClk/O
    X4Y10 (CLOCK_ROOT)   net (fo=36296, routed)       2.780     4.914    i_dram_wrapper/i_dram/inst/u_ddr4_mem_intfc/u_ddr_cal_top/u_ddr_mc_pi/u_ddr_mc_write/wosp_reg[2]_rep__7_0
    SLICE_X114Y767       FDRE                                         r  i_dram_wrapper/i_dram/inst/u_ddr4_mem_intfc/u_ddr_cal_top/u_ddr_mc_pi/u_ddr_mc_write/oe_upp_reg[0]/C
  -------------------------------------------------------------------    -------------------
    SLICE_X114Y767       FDRE (Prop_AFF2_SLICEL_C_Q)
                                                      0.081     4.995 r  i_dram_wrapper/i_dram/inst/u_ddr4_mem_intfc/u_ddr_cal_top/u_ddr_mc_pi/u_ddr_mc_write/oe_upp_reg[0]/Q
                         net (fo=8, routed)           1.654     6.649    i_dram_wrapper/i_dram/inst/u_ddr4_mem_intfc/u_mig_ddr4_phy/inst/generate_block1.u_ddr_xiphy/byte_num[0].xiphy_byte_wrapper.u_xiphy_byte_wrapper/I_CONTROL[1].GEN_I_CONTROL.u_xiphy_control/ch0_mcal_clb2phy_t_b_upp[0]
    BITSLICE_CONTROL_X1Y97
                         BITSLICE_CONTROL                             r  i_dram_wrapper/i_dram/inst/u_ddr4_mem_intfc/u_mig_ddr4_phy/inst/generate_block1.u_ddr_xiphy/byte_num[0].xiphy_byte_wrapper.u_xiphy_byte_wrapper/I_CONTROL[1].GEN_I_CONTROL.u_xiphy_control/xiphy_control/TBYTE_IN[0]
  -------------------------------------------------------------------    -------------------

                         (clock pll_clk[0]_DIV rise edge)
                                                      3.333     3.333 r  
    E12                                               0.000     3.333 r  sys_clk_p (IN)
                         net (fo=0)                   0.000     3.333    i_bufds_sys_clk/I
    HPIOBDIFFINBUF_X1Y300
                         DIFFINBUF (Prop_DIFFINBUF_HPIOBDIFFINBUF_DIFF_IN_P_O)
                                                      0.564     3.898 r  i_bufds_sys_clk/DIFFINBUF_INST/O
                         net (fo=1, routed)           0.040     3.938    i_bufds_sys_clk/OUT
    E12                  IBUFCTRL (Prop_IBUFCTRL_HPIOB_M_I_O)
                                                      0.000     3.938 r  i_bufds_sys_clk/IBUFCTRL_INST/O
                         net (fo=1, routed)           0.297     4.235    sys_clk
    BUFGCE_X1Y289        BUFGCE (Prop_BUFCE_BUFGCE_I_O)
                                                      0.024     4.259 r  sys_clk_BUFGCE_inst/O
                         net (fo=19, routed)          0.795     5.054    i_dram_wrapper/i_dram/inst/u_ddr4_infrastructure/mmcm_clk_in
    MMCM_X1Y13           MMCME4_ADV (Prop_MMCM_CLKIN1_CLKOUT0)
                                                      0.630     5.684 r  i_dram_wrapper/i_dram/inst/u_ddr4_infrastructure/gen_mmcme4.u_mmcme_adv_inst/CLKOUT0
                         net (fo=1, routed)           0.214     5.898    i_dram_wrapper/i_dram/inst/u_ddr4_infrastructure/mmcm_clkout0
    BUFGCE_X1Y332        BUFGCE (Prop_BUFCE_BUFGCE_I_O)
                                                      0.024     5.922 r  i_dram_wrapper/i_dram/inst/u_ddr4_infrastructure/u_bufg_divClk/O
                         net (fo=36296, routed)       2.367     8.289    i_dram_wrapper/i_dram/inst/u_ddr4_mem_intfc/u_mig_ddr4_phy/inst/u_ddr4_phy_pll/div_clk
    PLL_X1Y24            PLLE4_ADV (Prop_PLL_CLKIN_CLKOUTPHY)
                                                     -0.713     7.575 r  i_dram_wrapper/i_dram/inst/u_ddr4_mem_intfc/u_mig_ddr4_phy/inst/u_ddr4_phy_pll/plle_loop[0].gen_plle4.PLLE4_BASE_INST_OTHER/CLKOUTPHY
    X4Y12 (CLOCK_ROOT)   net (fo=8, routed)           0.102     7.677    i_dram_wrapper/i_dram/inst/u_ddr4_mem_intfc/u_mig_ddr4_phy/inst/generate_block1.u_ddr_xiphy/byte_num[0].xiphy_byte_wrapper.u_xiphy_byte_wrapper/I_CONTROL[1].GEN_I_CONTROL.u_xiphy_control/pll_clk[0]
    BITSLICE_CONTROL_X1Y97
                         BITSLICE_CONTROL (Prop_CONTROL_BITSLICE_CONTROL_PLL_CLK_TX_DIV2_CLK_Q)
                                                      0.106     7.783 r  i_dram_wrapper/i_dram/inst/u_ddr4_mem_intfc/u_mig_ddr4_phy/inst/generate_block1.u_ddr_xiphy/byte_num[0].xiphy_byte_wrapper.u_xiphy_byte_wrapper/I_CONTROL[1].GEN_I_CONTROL.u_xiphy_control/xiphy_control/TX_DIV2_CLK_Q
    BITSLICE_CONTROL_X1Y97
                         BITSLICE_CONTROL (Prop_CONTROL_BITSLICE_CONTROL_TX_DIV2_CLK_Q_TX_DIV4_CLK_Q)
                                                      0.075     7.858 r  i_dram_wrapper/i_dram/inst/u_ddr4_mem_intfc/u_mig_ddr4_phy/inst/generate_block1.u_ddr_xiphy/byte_num[0].xiphy_byte_wrapper.u_xiphy_byte_wrapper/I_CONTROL[1].GEN_I_CONTROL.u_xiphy_control/xiphy_control/TX_DIV4_CLK_Q
                         clock pessimism             -0.261     7.597    
                         clock uncertainty           -0.154     7.443    
    BITSLICE_CONTROL_X1Y97
                         BITSLICE_CONTROL (Setup_CONTROL_BITSLICE_CONTROL_TX_DIV4_CLK_Q_TBYTE_IN[0])
                                                     -0.158     7.285    i_dram_wrapper/i_dram/inst/u_ddr4_mem_intfc/u_mig_ddr4_phy/inst/generate_block1.u_ddr_xiphy/byte_num[0].xiphy_byte_wrapper.u_xiphy_byte_wrapper/I_CONTROL[1].GEN_I_CONTROL.u_xiphy_control/xiphy_control
  -------------------------------------------------------------------
                         required time                          7.285    
                         arrival time                          -6.649    
  -------------------------------------------------------------------
                         slack                                  0.637    





Min Delay Paths
--------------------------------------------------------------------------------------
Slack (MET) :             0.650ns  (arrival time - required time)
  Source:                 i_dram_wrapper/i_dram/inst/u_ddr4_mem_intfc/u_ddr_cal_top/mcal_ADR_dly_reg[0][96]/C
                            (rising edge-triggered cell FDRE clocked by mmcm_clkout0  {rise@0.000ns fall@1.667ns period=3.333ns})
  Destination:            i_dram_wrapper/i_dram/inst/u_ddr4_mem_intfc/u_mig_ddr4_phy/inst/generate_block1.u_ddr_xiphy/byte_num[3].xiphy_byte_wrapper.u_xiphy_byte_wrapper/I_BITSLICE_LOWER[0].GEN_RXTX_BITSLICE_EN.u_xiphy_bitslice_lower/xiphy_rxtx_bitslice/D[0]
                            (rising edge-triggered cell RXTX_BITSLICE clocked by pll_clk[0]_DIV  {rise@0.000ns fall@1.667ns period=3.333ns})
  Path Group:             pll_clk[0]_DIV
  Path Type:              Hold (Min at Slow Process Corner)
  Requirement:            0.000ns  (pll_clk[0]_DIV rise@0.000ns - mmcm_clkout0 rise@0.000ns)
  Data Path Delay:        0.316ns  (logic 0.061ns (19.304%)  route 0.255ns (80.696%))
  Logic Levels:           0  
  Clock Path Skew:        -0.564ns (DCD - SCD - CPR)
    Destination Clock Delay (DCD):    4.252ns
    Source Clock Delay      (SCD):    5.077ns
    Clock Pessimism Removal (CPR):    -0.261ns
  Clock Uncertainty:      0.154ns  ((TSJ^2 + DJ^2)^1/2) / 2 + PE
    Total System Jitter     (TSJ):    0.071ns
    Discrete Jitter          (DJ):    0.064ns
    Phase Error              (PE):    0.106ns
  Clock Net Delay (Source):      2.489ns (routing 1.157ns, distribution 1.332ns)
  Clock Net Delay (Destination): 0.043ns (routing 0.043ns, distribution 0.000ns)

    Location             Delay type                Incr(ns)  Path(ns)    Netlist Resource(s)
  -------------------------------------------------------------------    -------------------
                         (clock mmcm_clkout0 rise edge)
                                                      0.000     0.000 r  
    E12                                               0.000     0.000 r  sys_clk_p (IN)
                         net (fo=0)                   0.000     0.000    i_bufds_sys_clk/I
    HPIOBDIFFINBUF_X1Y300
                         DIFFINBUF (Prop_DIFFINBUF_HPIOBDIFFINBUF_DIFF_IN_P_O)
                                                      0.564     0.564 r  i_bufds_sys_clk/DIFFINBUF_INST/O
                         net (fo=1, routed)           0.040     0.604    i_bufds_sys_clk/OUT
    E12                  IBUFCTRL (Prop_IBUFCTRL_HPIOB_M_I_O)
                                                      0.000     0.604 r  i_bufds_sys_clk/IBUFCTRL_INST/O
                         net (fo=1, routed)           0.297     0.901    sys_clk
    BUFGCE_X1Y289        BUFGCE (Prop_BUFCE_BUFGCE_I_O)
                                                      0.024     0.925 r  sys_clk_BUFGCE_inst/O
                         net (fo=19, routed)          0.795     1.720    i_dram_wrapper/i_dram/inst/u_ddr4_infrastructure/mmcm_clk_in
    MMCM_X1Y13           MMCME4_ADV (Prop_MMCM_CLKIN1_CLKOUT0)
                                                      0.630     2.350 r  i_dram_wrapper/i_dram/inst/u_ddr4_infrastructure/gen_mmcme4.u_mmcme_adv_inst/CLKOUT0
                         net (fo=1, routed)           0.214     2.564    i_dram_wrapper/i_dram/inst/u_ddr4_infrastructure/mmcm_clkout0
    BUFGCE_X1Y332        BUFGCE (Prop_BUFCE_BUFGCE_I_O)
                                                      0.024     2.588 r  i_dram_wrapper/i_dram/inst/u_ddr4_infrastructure/u_bufg_divClk/O
    X4Y10 (CLOCK_ROOT)   net (fo=36296, routed)       2.489     5.077    i_dram_wrapper/i_dram/inst/u_ddr4_mem_intfc/u_ddr_cal_top/wosp_reg[2]_rep__7
    SLICE_X112Y765       FDRE                                         r  i_dram_wrapper/i_dram/inst/u_ddr4_mem_intfc/u_ddr_cal_top/mcal_ADR_dly_reg[0][96]/C
  -------------------------------------------------------------------    -------------------
    SLICE_X112Y765       FDRE (Prop_DFF2_SLICEL_C_Q)
                                                      0.061     5.138 r  i_dram_wrapper/i_dram/inst/u_ddr4_mem_intfc/u_ddr_cal_top/mcal_ADR_dly_reg[0][96]/Q
                         net (fo=1, routed)           0.255     5.393    i_dram_wrapper/i_dram/inst/u_ddr4_mem_intfc/u_mig_ddr4_phy/inst/generate_block1.u_ddr_xiphy/byte_num[3].xiphy_byte_wrapper.u_xiphy_byte_wrapper/I_BITSLICE_LOWER[0].GEN_RXTX_BITSLICE_EN.u_xiphy_bitslice_lower/clb2phy_wr_dq0[0]
    BITSLICE_RX_TX_X1Y663
                         RXTX_BITSLICE                                r  i_dram_wrapper/i_dram/inst/u_ddr4_mem_intfc/u_mig_ddr4_phy/inst/generate_block1.u_ddr_xiphy/byte_num[3].xiphy_byte_wrapper.u_xiphy_byte_wrapper/I_BITSLICE_LOWER[0].GEN_RXTX_BITSLICE_EN.u_xiphy_bitslice_lower/xiphy_rxtx_bitslice/D[0]
  -------------------------------------------------------------------    -------------------

                         (clock pll_clk[0]_DIV rise edge)
                                                      0.000     0.000 r  
    E12                                               0.000     0.000 r  sys_clk_p (IN)
                         net (fo=0)                   0.000     0.000    i_bufds_sys_clk/I
    HPIOBDIFFINBUF_X1Y300
                         DIFFINBUF (Prop_DIFFINBUF_HPIOBDIFFINBUF_DIFF_IN_P_O)
                                                      0.675     0.675 r  i_bufds_sys_clk/DIFFINBUF_INST/O
                         net (fo=1, routed)           0.050     0.725    i_bufds_sys_clk/OUT
    E12                  IBUFCTRL (Prop_IBUFCTRL_HPIOB_M_I_O)
                                                      0.000     0.725 r  i_bufds_sys_clk/IBUFCTRL_INST/O
                         net (fo=1, routed)           0.335     1.060    sys_clk
    BUFGCE_X1Y289        BUFGCE (Prop_BUFCE_BUFGCE_I_O)
                                                      0.028     1.088 r  sys_clk_BUFGCE_inst/O
                         net (fo=19, routed)          0.901     1.989    i_dram_wrapper/i_dram/inst/u_ddr4_infrastructure/mmcm_clk_in
    MMCM_X1Y13           MMCME4_ADV (Prop_MMCM_CLKIN1_CLKOUT0)
                                                     -0.127     1.862 r  i_dram_wrapper/i_dram/inst/u_ddr4_infrastructure/gen_mmcme4.u_mmcme_adv_inst/CLKOUT0
                         net (fo=1, routed)           0.244     2.106    i_dram_wrapper/i_dram/inst/u_ddr4_infrastructure/mmcm_clkout0
    BUFGCE_X1Y332        BUFGCE (Prop_BUFCE_BUFGCE_I_O)
                                                      0.028     2.134 r  i_dram_wrapper/i_dram/inst/u_ddr4_infrastructure/u_bufg_divClk/O
                         net (fo=36296, routed)       2.621     4.755    i_dram_wrapper/i_dram/inst/u_ddr4_mem_intfc/u_mig_ddr4_phy/inst/u_ddr4_phy_pll/div_clk
    PLL_X1Y24            PLLE4_ADV (Prop_PLL_CLKIN_CLKOUTPHY)
                                                     -1.141     3.613 r  i_dram_wrapper/i_dram/inst/u_ddr4_mem_intfc/u_mig_ddr4_phy/inst/u_ddr4_phy_pll/plle_loop[0].gen_plle4.PLLE4_BASE_INST_OTHER/CLKOUTPHY
                         net (fo=8, routed)           0.148     3.761    i_dram_wrapper/i_dram/inst/u_ddr4_mem_intfc/u_mig_ddr4_phy/inst/generate_block1.u_ddr_xiphy/byte_num[3].xiphy_byte_wrapper.u_xiphy_byte_wrapper/I_CONTROL[0].GEN_I_CONTROL.u_xiphy_control/pll_clk[0]
    BITSLICE_CONTROL_X1Y102
                         BITSLICE_CONTROL (Prop_CONTROL_BITSLICE_CONTROL_PLL_CLK_TX_DIV2_CLK_Q)
                                                      0.177     3.938 r  i_dram_wrapper/i_dram/inst/u_ddr4_mem_intfc/u_mig_ddr4_phy/inst/generate_block1.u_ddr_xiphy/byte_num[3].xiphy_byte_wrapper.u_xiphy_byte_wrapper/I_CONTROL[0].GEN_I_CONTROL.u_xiphy_control/xiphy_control/TX_DIV2_CLK_Q
    BITSLICE_CONTROL_X1Y102
                         BITSLICE_CONTROL (Prop_CONTROL_BITSLICE_CONTROL_TX_DIV2_CLK_Q_TX_DIV4_CLK_Q)
                                                      0.109     4.047 r  i_dram_wrapper/i_dram/inst/u_ddr4_mem_intfc/u_mig_ddr4_phy/inst/generate_block1.u_ddr_xiphy/byte_num[3].xiphy_byte_wrapper.u_xiphy_byte_wrapper/I_CONTROL[0].GEN_I_CONTROL.u_xiphy_control/xiphy_control/TX_DIV4_CLK_Q
    BITSLICE_CONTROL_X1Y102
                         BITSLICE_CONTROL (Prop_CONTROL_BITSLICE_CONTROL_TX_DIV4_CLK_Q_TX_BIT_CTRL_OUT0[26])
                                                      0.162     4.209 r  i_dram_wrapper/i_dram/inst/u_ddr4_mem_intfc/u_mig_ddr4_phy/inst/generate_block1.u_ddr_xiphy/byte_num[3].xiphy_byte_wrapper.u_xiphy_byte_wrapper/I_CONTROL[0].GEN_I_CONTROL.u_xiphy_control/xiphy_control/TX_BIT_CTRL_OUT0[26]
    X4Y12 (CLOCK_ROOT)   net (fo=1, routed)           0.043     4.252    i_dram_wrapper/i_dram/inst/u_ddr4_mem_intfc/u_mig_ddr4_phy/inst/generate_block1.u_ddr_xiphy/byte_num[3].xiphy_byte_wrapper.u_xiphy_byte_wrapper/I_BITSLICE_LOWER[0].GEN_RXTX_BITSLICE_EN.u_xiphy_bitslice_lower/TX_BIT_CTRL_OUT0[26]
    BITSLICE_RX_TX_X1Y663
                         RXTX_BITSLICE                                r  i_dram_wrapper/i_dram/inst/u_ddr4_mem_intfc/u_mig_ddr4_phy/inst/generate_block1.u_ddr_xiphy/byte_num[3].xiphy_byte_wrapper.u_xiphy_byte_wrapper/I_BITSLICE_LOWER[0].GEN_RXTX_BITSLICE_EN.u_xiphy_bitslice_lower/xiphy_rxtx_bitslice/TX_BIT_CTRL_IN[26]
                         clock pessimism              0.261     4.513    
                         clock uncertainty            0.154     4.668    
    BITSLICE_RX_TX_X1Y663
                         RXTX_BITSLICE (Hold_RXTX_BITSLICE_BITSLICE_RX_TX_TX_BIT_CTRL_IN[26]_D[0])
                                                      0.076     4.744    i_dram_wrapper/i_dram/inst/u_ddr4_mem_intfc/u_mig_ddr4_phy/inst/generate_block1.u_ddr_xiphy/byte_num[3].xiphy_byte_wrapper.u_xiphy_byte_wrapper/I_BITSLICE_LOWER[0].GEN_RXTX_BITSLICE_EN.u_xiphy_bitslice_lower/xiphy_rxtx_bitslice
  -------------------------------------------------------------------
                         required time                         -4.744    
                         arrival time                           5.393    
  -------------------------------------------------------------------
                         slack                                  0.650    





---------------------------------------------------------------------------------------------------
From Clock:  mmcm_clkout0
  To Clock:  pll_clk[1]_DIV

Setup :            0  Failing Endpoints,  Worst Slack        0.640ns,  Total Violation        0.000ns
Hold  :            0  Failing Endpoints,  Worst Slack        0.726ns,  Total Violation        0.000ns
---------------------------------------------------------------------------------------------------


Max Delay Paths
--------------------------------------------------------------------------------------
Slack (MET) :             0.640ns  (required time - arrival time)
  Source:                 i_dram_wrapper/i_dram/inst/u_ddr4_mem_intfc/u_ddr_cal_top/u_ddr_mc_pi/u_ddr_mc_write/oe_upp_reg[1]/C
                            (rising edge-triggered cell FDRE clocked by mmcm_clkout0  {rise@0.000ns fall@1.667ns period=3.333ns})
  Destination:            i_dram_wrapper/i_dram/inst/u_ddr4_mem_intfc/u_mig_ddr4_phy/inst/generate_block1.u_ddr_xiphy/byte_num[6].xiphy_byte_wrapper.u_xiphy_byte_wrapper/I_CONTROL[1].GEN_I_CONTROL.u_xiphy_control/xiphy_control/TBYTE_IN[1]
                            (rising edge-triggered cell BITSLICE_CONTROL clocked by pll_clk[1]_DIV  {rise@0.000ns fall@1.667ns period=3.333ns})
  Path Group:             pll_clk[1]_DIV
  Path Type:              Setup (Max at Slow Process Corner)
  Requirement:            3.333ns  (pll_clk[1]_DIV rise@3.333ns - mmcm_clkout0 rise@0.000ns)
  Data Path Delay:        1.701ns  (logic 0.079ns (4.644%)  route 1.622ns (95.356%))
  Logic Levels:           0  
  Clock Path Skew:        -0.685ns (DCD - SCD + CPR)
    Destination Clock Delay (DCD):    4.541ns = ( 7.874 - 3.333 ) 
    Source Clock Delay      (SCD):    4.914ns
    Clock Pessimism Removal (CPR):    -0.313ns
  Clock Uncertainty:      0.154ns  ((TSJ^2 + DJ^2)^1/2) / 2 + PE
    Total System Jitter     (TSJ):    0.071ns
    Discrete Jitter          (DJ):    0.064ns
    Phase Error              (PE):    0.106ns
  Clock Net Delay (Source):      2.780ns (routing 1.274ns, distribution 1.506ns)
  Clock Net Delay (Destination): 0.102ns (routing 0.087ns, distribution 0.015ns)

    Location             Delay type                Incr(ns)  Path(ns)    Netlist Resource(s)
  -------------------------------------------------------------------    -------------------
                         (clock mmcm_clkout0 rise edge)
                                                      0.000     0.000 r  
    E12                                               0.000     0.000 r  sys_clk_p (IN)
                         net (fo=0)                   0.000     0.000    i_bufds_sys_clk/I
    HPIOBDIFFINBUF_X1Y300
                         DIFFINBUF (Prop_DIFFINBUF_HPIOBDIFFINBUF_DIFF_IN_P_O)
                                                      0.675     0.675 r  i_bufds_sys_clk/DIFFINBUF_INST/O
                         net (fo=1, routed)           0.050     0.725    i_bufds_sys_clk/OUT
    E12                  IBUFCTRL (Prop_IBUFCTRL_HPIOB_M_I_O)
                                                      0.000     0.725 r  i_bufds_sys_clk/IBUFCTRL_INST/O
                         net (fo=1, routed)           0.335     1.060    sys_clk
    BUFGCE_X1Y289        BUFGCE (Prop_BUFCE_BUFGCE_I_O)
                                                      0.028     1.088 r  sys_clk_BUFGCE_inst/O
                         net (fo=19, routed)          0.901     1.989    i_dram_wrapper/i_dram/inst/u_ddr4_infrastructure/mmcm_clk_in
    MMCM_X1Y13           MMCME4_ADV (Prop_MMCM_CLKIN1_CLKOUT0)
                                                     -0.127     1.862 r  i_dram_wrapper/i_dram/inst/u_ddr4_infrastructure/gen_mmcme4.u_mmcme_adv_inst/CLKOUT0
                         net (fo=1, routed)           0.244     2.106    i_dram_wrapper/i_dram/inst/u_ddr4_infrastructure/mmcm_clkout0
    BUFGCE_X1Y332        BUFGCE (Prop_BUFCE_BUFGCE_I_O)
                                                      0.028     2.134 r  i_dram_wrapper/i_dram/inst/u_ddr4_infrastructure/u_bufg_divClk/O
    X4Y10 (CLOCK_ROOT)   net (fo=36296, routed)       2.780     4.914    i_dram_wrapper/i_dram/inst/u_ddr4_mem_intfc/u_ddr_cal_top/u_ddr_mc_pi/u_ddr_mc_write/wosp_reg[2]_rep__7_0
    SLICE_X114Y767       FDRE                                         r  i_dram_wrapper/i_dram/inst/u_ddr4_mem_intfc/u_ddr_cal_top/u_ddr_mc_pi/u_ddr_mc_write/oe_upp_reg[1]/C
  -------------------------------------------------------------------    -------------------
    SLICE_X114Y767       FDRE (Prop_DFF_SLICEL_C_Q)
                                                      0.079     4.993 r  i_dram_wrapper/i_dram/inst/u_ddr4_mem_intfc/u_ddr_cal_top/u_ddr_mc_pi/u_ddr_mc_write/oe_upp_reg[1]/Q
                         net (fo=8, routed)           1.622     6.615    i_dram_wrapper/i_dram/inst/u_ddr4_mem_intfc/u_mig_ddr4_phy/inst/generate_block1.u_ddr_xiphy/byte_num[6].xiphy_byte_wrapper.u_xiphy_byte_wrapper/I_CONTROL[1].GEN_I_CONTROL.u_xiphy_control/ch0_mcal_clb2phy_t_b_upp[1]
    BITSLICE_CONTROL_X1Y109
                         BITSLICE_CONTROL                             r  i_dram_wrapper/i_dram/inst/u_ddr4_mem_intfc/u_mig_ddr4_phy/inst/generate_block1.u_ddr_xiphy/byte_num[6].xiphy_byte_wrapper.u_xiphy_byte_wrapper/I_CONTROL[1].GEN_I_CONTROL.u_xiphy_control/xiphy_control/TBYTE_IN[1]
  -------------------------------------------------------------------    -------------------

                         (clock pll_clk[1]_DIV rise edge)
                                                      3.333     3.333 f  
    E12                                               0.000     3.333 f  sys_clk_p (IN)
                         net (fo=0)                   0.000     3.333    i_bufds_sys_clk/I
    HPIOBDIFFINBUF_X1Y300
                         DIFFINBUF (Prop_DIFFINBUF_HPIOBDIFFINBUF_DIFF_IN_P_O)
                                                      0.564     3.898 f  i_bufds_sys_clk/DIFFINBUF_INST/O
                         net (fo=1, routed)           0.040     3.938    i_bufds_sys_clk/OUT
    E12                  IBUFCTRL (Prop_IBUFCTRL_HPIOB_M_I_O)
                                                      0.000     3.938 f  i_bufds_sys_clk/IBUFCTRL_INST/O
                         net (fo=1, routed)           0.297     4.235    sys_clk
    BUFGCE_X1Y289        BUFGCE (Prop_BUFCE_BUFGCE_I_O)
                                                      0.024     4.259 f  sys_clk_BUFGCE_inst/O
                         net (fo=19, routed)          0.795     5.054    i_dram_wrapper/i_dram/inst/u_ddr4_infrastructure/mmcm_clk_in
    MMCM_X1Y13           MMCME4_ADV (Prop_MMCM_CLKIN1_CLKOUT0)
                                                      0.630     5.684 f  i_dram_wrapper/i_dram/inst/u_ddr4_infrastructure/gen_mmcme4.u_mmcme_adv_inst/CLKOUT0
                         net (fo=1, routed)           0.214     5.898    i_dram_wrapper/i_dram/inst/u_ddr4_infrastructure/mmcm_clkout0
    BUFGCE_X1Y332        BUFGCE (Prop_BUFCE_BUFGCE_I_O)
                                                      0.024     5.922 f  i_dram_wrapper/i_dram/inst/u_ddr4_infrastructure/u_bufg_divClk/O
                         net (fo=36296, routed)       2.383     8.305    i_dram_wrapper/i_dram/inst/u_ddr4_mem_intfc/u_mig_ddr4_phy/inst/u_ddr4_phy_pll/div_clk
    PLL_X1Y26            PLLE4_ADV (Prop_PLL_CLKIN_CLKOUTPHY)
                                                     -0.713     7.591 f  i_dram_wrapper/i_dram/inst/u_ddr4_mem_intfc/u_mig_ddr4_phy/inst/u_ddr4_phy_pll/plle_loop[1].gen_plle4.PLLE4_BASE_INST_OTHER/CLKOUTPHY
    X4Y13 (CLOCK_ROOT)   net (fo=6, routed)           0.102     7.693    i_dram_wrapper/i_dram/inst/u_ddr4_mem_intfc/u_mig_ddr4_phy/inst/generate_block1.u_ddr_xiphy/byte_num[6].xiphy_byte_wrapper.u_xiphy_byte_wrapper/I_CONTROL[1].GEN_I_CONTROL.u_xiphy_control/pll_clk[0]
    BITSLICE_CONTROL_X1Y109
                         BITSLICE_CONTROL (Prop_CONTROL_BITSLICE_CONTROL_PLL_CLK_TX_DIV2_CLK_Q)
                                                      0.106     7.799 r  i_dram_wrapper/i_dram/inst/u_ddr4_mem_intfc/u_mig_ddr4_phy/inst/generate_block1.u_ddr_xiphy/byte_num[6].xiphy_byte_wrapper.u_xiphy_byte_wrapper/I_CONTROL[1].GEN_I_CONTROL.u_xiphy_control/xiphy_control/TX_DIV2_CLK_Q
    BITSLICE_CONTROL_X1Y109
                         BITSLICE_CONTROL (Prop_CONTROL_BITSLICE_CONTROL_TX_DIV2_CLK_Q_TX_DIV4_CLK_Q)
                                                      0.075     7.874 r  i_dram_wrapper/i_dram/inst/u_ddr4_mem_intfc/u_mig_ddr4_phy/inst/generate_block1.u_ddr_xiphy/byte_num[6].xiphy_byte_wrapper.u_xiphy_byte_wrapper/I_CONTROL[1].GEN_I_CONTROL.u_xiphy_control/xiphy_control/TX_DIV4_CLK_Q
                         clock pessimism             -0.313     7.562    
                         clock uncertainty           -0.154     7.408    
    BITSLICE_CONTROL_X1Y109
                         BITSLICE_CONTROL (Setup_CONTROL_BITSLICE_CONTROL_TX_DIV4_CLK_Q_TBYTE_IN[1])
                                                     -0.153     7.255    i_dram_wrapper/i_dram/inst/u_ddr4_mem_intfc/u_mig_ddr4_phy/inst/generate_block1.u_ddr_xiphy/byte_num[6].xiphy_byte_wrapper.u_xiphy_byte_wrapper/I_CONTROL[1].GEN_I_CONTROL.u_xiphy_control/xiphy_control
  -------------------------------------------------------------------
                         required time                          7.255    
                         arrival time                          -6.615    
  -------------------------------------------------------------------
                         slack                                  0.640    





Min Delay Paths
--------------------------------------------------------------------------------------
Slack (MET) :             0.726ns  (arrival time - required time)
  Source:                 i_dram_wrapper/i_dram/inst/u_ddr4_mem_intfc/u_ddr_cal_top/u_ddr_mc_pi/u_ddr_mc_write/genByte[7].u_ddr_mc_wr_byte/genBit[3].u_ddr_mc_wr_bit/dReg_reg[4]/C
                            (rising edge-triggered cell FDRE clocked by mmcm_clkout0  {rise@0.000ns fall@1.667ns period=3.333ns})
  Destination:            i_dram_wrapper/i_dram/inst/u_ddr4_mem_intfc/u_mig_ddr4_phy/inst/generate_block1.u_ddr_xiphy/byte_num[6].xiphy_byte_wrapper.u_xiphy_byte_wrapper/I_BITSLICE_LOWER[5].GEN_RXTX_BITSLICE_EN.u_xiphy_bitslice_lower/xiphy_rxtx_bitslice/D[4]
                            (rising edge-triggered cell RXTX_BITSLICE clocked by pll_clk[1]_DIV  {rise@0.000ns fall@1.667ns period=3.333ns})
  Path Group:             pll_clk[1]_DIV
  Path Type:              Hold (Min at Slow Process Corner)
  Requirement:            0.000ns  (pll_clk[1]_DIV rise@0.000ns - mmcm_clkout0 rise@0.000ns)
  Data Path Delay:        0.343ns  (logic 0.058ns (16.910%)  route 0.285ns (83.090%))
  Logic Levels:           0  
  Clock Path Skew:        -0.567ns (DCD - SCD - CPR)
    Destination Clock Delay (DCD):    4.277ns
    Source Clock Delay      (SCD):    5.100ns
    Clock Pessimism Removal (CPR):    -0.256ns
  Clock Uncertainty:      0.154ns  ((TSJ^2 + DJ^2)^1/2) / 2 + PE
    Total System Jitter     (TSJ):    0.071ns
    Discrete Jitter          (DJ):    0.064ns
    Phase Error              (PE):    0.106ns
  Clock Net Delay (Source):      2.512ns (routing 1.157ns, distribution 1.355ns)
  Clock Net Delay (Destination): 0.024ns (routing 0.024ns, distribution 0.000ns)

    Location             Delay type                Incr(ns)  Path(ns)    Netlist Resource(s)
  -------------------------------------------------------------------    -------------------
                         (clock mmcm_clkout0 rise edge)
                                                      0.000     0.000 r  
    E12                                               0.000     0.000 r  sys_clk_p (IN)
                         net (fo=0)                   0.000     0.000    i_bufds_sys_clk/I
    HPIOBDIFFINBUF_X1Y300
                         DIFFINBUF (Prop_DIFFINBUF_HPIOBDIFFINBUF_DIFF_IN_P_O)
                                                      0.564     0.564 r  i_bufds_sys_clk/DIFFINBUF_INST/O
                         net (fo=1, routed)           0.040     0.604    i_bufds_sys_clk/OUT
    E12                  IBUFCTRL (Prop_IBUFCTRL_HPIOB_M_I_O)
                                                      0.000     0.604 r  i_bufds_sys_clk/IBUFCTRL_INST/O
                         net (fo=1, routed)           0.297     0.901    sys_clk
    BUFGCE_X1Y289        BUFGCE (Prop_BUFCE_BUFGCE_I_O)
                                                      0.024     0.925 r  sys_clk_BUFGCE_inst/O
                         net (fo=19, routed)          0.795     1.720    i_dram_wrapper/i_dram/inst/u_ddr4_infrastructure/mmcm_clk_in
    MMCM_X1Y13           MMCME4_ADV (Prop_MMCM_CLKIN1_CLKOUT0)
                                                      0.630     2.350 r  i_dram_wrapper/i_dram/inst/u_ddr4_infrastructure/gen_mmcme4.u_mmcme_adv_inst/CLKOUT0
                         net (fo=1, routed)           0.214     2.564    i_dram_wrapper/i_dram/inst/u_ddr4_infrastructure/mmcm_clkout0
    BUFGCE_X1Y332        BUFGCE (Prop_BUFCE_BUFGCE_I_O)
                                                      0.024     2.588 r  i_dram_wrapper/i_dram/inst/u_ddr4_infrastructure/u_bufg_divClk/O
    X4Y10 (CLOCK_ROOT)   net (fo=36296, routed)       2.512     5.100    i_dram_wrapper/i_dram/inst/u_ddr4_mem_intfc/u_ddr_cal_top/u_ddr_mc_pi/u_ddr_mc_write/genByte[7].u_ddr_mc_wr_byte/genBit[3].u_ddr_mc_wr_bit/dReg_reg[0]_0
    SLICE_X113Y816       FDRE                                         r  i_dram_wrapper/i_dram/inst/u_ddr4_mem_intfc/u_ddr_cal_top/u_ddr_mc_pi/u_ddr_mc_write/genByte[7].u_ddr_mc_wr_byte/genBit[3].u_ddr_mc_wr_bit/dReg_reg[4]/C
  -------------------------------------------------------------------    -------------------
    SLICE_X113Y816       FDRE (Prop_BFF_SLICEM_C_Q)
                                                      0.058     5.158 r  i_dram_wrapper/i_dram/inst/u_ddr4_mem_intfc/u_ddr_cal_top/u_ddr_mc_pi/u_ddr_mc_write/genByte[7].u_ddr_mc_wr_byte/genBit[3].u_ddr_mc_wr_bit/dReg_reg[4]/Q
                         net (fo=1, routed)           0.285     5.443    i_dram_wrapper/i_dram/inst/u_ddr4_mem_intfc/u_mig_ddr4_phy/inst/generate_block1.u_ddr_xiphy/byte_num[6].xiphy_byte_wrapper.u_xiphy_byte_wrapper/I_BITSLICE_LOWER[5].GEN_RXTX_BITSLICE_EN.u_xiphy_bitslice_lower/ch0_mcal_DQOut[4]
    BITSLICE_RX_TX_X1Y707
                         RXTX_BITSLICE                                r  i_dram_wrapper/i_dram/inst/u_ddr4_mem_intfc/u_mig_ddr4_phy/inst/generate_block1.u_ddr_xiphy/byte_num[6].xiphy_byte_wrapper.u_xiphy_byte_wrapper/I_BITSLICE_LOWER[5].GEN_RXTX_BITSLICE_EN.u_xiphy_bitslice_lower/xiphy_rxtx_bitslice/D[4]
  -------------------------------------------------------------------    -------------------

                         (clock pll_clk[1]_DIV rise edge)
                                                      0.000     0.000 r  
    E12                                               0.000     0.000 r  sys_clk_p (IN)
                         net (fo=0)                   0.000     0.000    i_bufds_sys_clk/I
    HPIOBDIFFINBUF_X1Y300
                         DIFFINBUF (Prop_DIFFINBUF_HPIOBDIFFINBUF_DIFF_IN_P_O)
                                                      0.675     0.675 r  i_bufds_sys_clk/DIFFINBUF_INST/O
                         net (fo=1, routed)           0.050     0.725    i_bufds_sys_clk/OUT
    E12                  IBUFCTRL (Prop_IBUFCTRL_HPIOB_M_I_O)
                                                      0.000     0.725 r  i_bufds_sys_clk/IBUFCTRL_INST/O
                         net (fo=1, routed)           0.335     1.060    sys_clk
    BUFGCE_X1Y289        BUFGCE (Prop_BUFCE_BUFGCE_I_O)
                                                      0.028     1.088 r  sys_clk_BUFGCE_inst/O
                         net (fo=19, routed)          0.901     1.989    i_dram_wrapper/i_dram/inst/u_ddr4_infrastructure/mmcm_clk_in
    MMCM_X1Y13           MMCME4_ADV (Prop_MMCM_CLKIN1_CLKOUT0)
                                                     -0.127     1.862 r  i_dram_wrapper/i_dram/inst/u_ddr4_infrastructure/gen_mmcme4.u_mmcme_adv_inst/CLKOUT0
                         net (fo=1, routed)           0.244     2.106    i_dram_wrapper/i_dram/inst/u_ddr4_infrastructure/mmcm_clkout0
    BUFGCE_X1Y332        BUFGCE (Prop_BUFCE_BUFGCE_I_O)
                                                      0.028     2.134 r  i_dram_wrapper/i_dram/inst/u_ddr4_infrastructure/u_bufg_divClk/O
                         net (fo=36296, routed)       2.642     4.776    i_dram_wrapper/i_dram/inst/u_ddr4_mem_intfc/u_mig_ddr4_phy/inst/u_ddr4_phy_pll/div_clk
    PLL_X1Y26            PLLE4_ADV (Prop_PLL_CLKIN_CLKOUTPHY)
                                                     -1.141     3.634 r  i_dram_wrapper/i_dram/inst/u_ddr4_mem_intfc/u_mig_ddr4_phy/inst/u_ddr4_phy_pll/plle_loop[1].gen_plle4.PLLE4_BASE_INST_OTHER/CLKOUTPHY
                         net (fo=6, routed)           0.141     3.775    i_dram_wrapper/i_dram/inst/u_ddr4_mem_intfc/u_mig_ddr4_phy/inst/generate_block1.u_ddr_xiphy/byte_num[6].xiphy_byte_wrapper.u_xiphy_byte_wrapper/I_CONTROL[0].GEN_I_CONTROL.u_xiphy_control/pll_clk[0]
    BITSLICE_CONTROL_X1Y108
                         BITSLICE_CONTROL (Prop_CONTROL_BITSLICE_CONTROL_PLL_CLK_TX_DIV2_CLK_Q)
                                                      0.177     3.952 r  i_dram_wrapper/i_dram/inst/u_ddr4_mem_intfc/u_mig_ddr4_phy/inst/generate_block1.u_ddr_xiphy/byte_num[6].xiphy_byte_wrapper.u_xiphy_byte_wrapper/I_CONTROL[0].GEN_I_CONTROL.u_xiphy_control/xiphy_control/TX_DIV2_CLK_Q
    BITSLICE_CONTROL_X1Y108
                         BITSLICE_CONTROL (Prop_CONTROL_BITSLICE_CONTROL_TX_DIV2_CLK_Q_TX_DIV4_CLK_Q)
                                                      0.109     4.061 r  i_dram_wrapper/i_dram/inst/u_ddr4_mem_intfc/u_mig_ddr4_phy/inst/generate_block1.u_ddr_xiphy/byte_num[6].xiphy_byte_wrapper.u_xiphy_byte_wrapper/I_CONTROL[0].GEN_I_CONTROL.u_xiphy_control/xiphy_control/TX_DIV4_CLK_Q
    BITSLICE_CONTROL_X1Y108
                         BITSLICE_CONTROL (Prop_CONTROL_BITSLICE_CONTROL_TX_DIV4_CLK_Q_TX_BIT_CTRL_OUT5[26])
                                                      0.192     4.253 r  i_dram_wrapper/i_dram/inst/u_ddr4_mem_intfc/u_mig_ddr4_phy/inst/generate_block1.u_ddr_xiphy/byte_num[6].xiphy_byte_wrapper.u_xiphy_byte_wrapper/I_CONTROL[0].GEN_I_CONTROL.u_xiphy_control/xiphy_control/TX_BIT_CTRL_OUT5[26]
    X4Y13 (CLOCK_ROOT)   net (fo=1, routed)           0.024     4.277    i_dram_wrapper/i_dram/inst/u_ddr4_mem_intfc/u_mig_ddr4_phy/inst/generate_block1.u_ddr_xiphy/byte_num[6].xiphy_byte_wrapper.u_xiphy_byte_wrapper/I_BITSLICE_LOWER[5].GEN_RXTX_BITSLICE_EN.u_xiphy_bitslice_lower/TX_BIT_CTRL_OUT5[26]
    BITSLICE_RX_TX_X1Y707
                         RXTX_BITSLICE                                r  i_dram_wrapper/i_dram/inst/u_ddr4_mem_intfc/u_mig_ddr4_phy/inst/generate_block1.u_ddr_xiphy/byte_num[6].xiphy_byte_wrapper.u_xiphy_byte_wrapper/I_BITSLICE_LOWER[5].GEN_RXTX_BITSLICE_EN.u_xiphy_bitslice_lower/xiphy_rxtx_bitslice/TX_BIT_CTRL_IN[26]
                         clock pessimism              0.256     4.533    
                         clock uncertainty            0.154     4.688    
    BITSLICE_RX_TX_X1Y707
                         RXTX_BITSLICE (Hold_RXTX_BITSLICE_BITSLICE_RX_TX_TX_BIT_CTRL_IN[26]_D[4])
                                                      0.030     4.718    i_dram_wrapper/i_dram/inst/u_ddr4_mem_intfc/u_mig_ddr4_phy/inst/generate_block1.u_ddr_xiphy/byte_num[6].xiphy_byte_wrapper.u_xiphy_byte_wrapper/I_BITSLICE_LOWER[5].GEN_RXTX_BITSLICE_EN.u_xiphy_bitslice_lower/xiphy_rxtx_bitslice
  -------------------------------------------------------------------
                         required time                         -4.718    
                         arrival time                           5.443    
  -------------------------------------------------------------------
                         slack                                  0.726    





---------------------------------------------------------------------------------------------------
From Clock:  mmcm_clkout0
  To Clock:  pll_clk[2]_DIV

Setup :            0  Failing Endpoints,  Worst Slack        0.589ns,  Total Violation        0.000ns
Hold  :            0  Failing Endpoints,  Worst Slack        0.690ns,  Total Violation        0.000ns
---------------------------------------------------------------------------------------------------


Max Delay Paths
--------------------------------------------------------------------------------------
Slack (MET) :             0.589ns  (required time - arrival time)
  Source:                 i_dram_wrapper/i_dram/inst/u_ddr4_mem_intfc/u_ddr_cal_top/u_ddr_mc_pi/u_ddr_mc_write/oe_low_reg[0]/C
                            (rising edge-triggered cell FDRE clocked by mmcm_clkout0  {rise@0.000ns fall@1.667ns period=3.333ns})
  Destination:            i_dram_wrapper/i_dram/inst/u_ddr4_mem_intfc/u_mig_ddr4_phy/inst/generate_block1.u_ddr_xiphy/byte_num[10].xiphy_byte_wrapper.u_xiphy_byte_wrapper/I_CONTROL[0].GEN_I_CONTROL.u_xiphy_control/xiphy_control/TBYTE_IN[0]
                            (rising edge-triggered cell BITSLICE_CONTROL clocked by pll_clk[2]_DIV  {rise@0.000ns fall@1.667ns period=3.333ns})
  Path Group:             pll_clk[2]_DIV
  Path Type:              Setup (Max at Slow Process Corner)
  Requirement:            3.333ns  (pll_clk[2]_DIV rise@3.333ns - mmcm_clkout0 rise@0.000ns)
  Data Path Delay:        1.761ns  (logic 0.078ns (4.429%)  route 1.683ns (95.571%))
  Logic Levels:           0  
  Clock Path Skew:        -0.689ns (DCD - SCD + CPR)
    Destination Clock Delay (DCD):    4.567ns = ( 7.900 - 3.333 ) 
    Source Clock Delay      (SCD):    4.944ns
    Clock Pessimism Removal (CPR):    -0.313ns
  Clock Uncertainty:      0.154ns  ((TSJ^2 + DJ^2)^1/2) / 2 + PE
    Total System Jitter     (TSJ):    0.071ns
    Discrete Jitter          (DJ):    0.064ns
    Phase Error              (PE):    0.106ns
  Clock Net Delay (Source):      2.810ns (routing 1.274ns, distribution 1.536ns)
  Clock Net Delay (Destination): 0.099ns (routing 0.089ns, distribution 0.010ns)

    Location             Delay type                Incr(ns)  Path(ns)    Netlist Resource(s)
  -------------------------------------------------------------------    -------------------
                         (clock mmcm_clkout0 rise edge)
                                                      0.000     0.000 r  
    E12                                               0.000     0.000 r  sys_clk_p (IN)
                         net (fo=0)                   0.000     0.000    i_bufds_sys_clk/I
    HPIOBDIFFINBUF_X1Y300
                         DIFFINBUF (Prop_DIFFINBUF_HPIOBDIFFINBUF_DIFF_IN_P_O)
                                                      0.675     0.675 r  i_bufds_sys_clk/DIFFINBUF_INST/O
                         net (fo=1, routed)           0.050     0.725    i_bufds_sys_clk/OUT
    E12                  IBUFCTRL (Prop_IBUFCTRL_HPIOB_M_I_O)
                                                      0.000     0.725 r  i_bufds_sys_clk/IBUFCTRL_INST/O
                         net (fo=1, routed)           0.335     1.060    sys_clk
    BUFGCE_X1Y289        BUFGCE (Prop_BUFCE_BUFGCE_I_O)
                                                      0.028     1.088 r  sys_clk_BUFGCE_inst/O
                         net (fo=19, routed)          0.901     1.989    i_dram_wrapper/i_dram/inst/u_ddr4_infrastructure/mmcm_clk_in
    MMCM_X1Y13           MMCME4_ADV (Prop_MMCM_CLKIN1_CLKOUT0)
                                                     -0.127     1.862 r  i_dram_wrapper/i_dram/inst/u_ddr4_infrastructure/gen_mmcme4.u_mmcme_adv_inst/CLKOUT0
                         net (fo=1, routed)           0.244     2.106    i_dram_wrapper/i_dram/inst/u_ddr4_infrastructure/mmcm_clkout0
    BUFGCE_X1Y332        BUFGCE (Prop_BUFCE_BUFGCE_I_O)
                                                      0.028     2.134 r  i_dram_wrapper/i_dram/inst/u_ddr4_infrastructure/u_bufg_divClk/O
    X4Y10 (CLOCK_ROOT)   net (fo=36296, routed)       2.810     4.944    i_dram_wrapper/i_dram/inst/u_ddr4_mem_intfc/u_ddr_cal_top/u_ddr_mc_pi/u_ddr_mc_write/wosp_reg[2]_rep__7_0
    SLICE_X113Y768       FDRE                                         r  i_dram_wrapper/i_dram/inst/u_ddr4_mem_intfc/u_ddr_cal_top/u_ddr_mc_pi/u_ddr_mc_write/oe_low_reg[0]/C
  -------------------------------------------------------------------    -------------------
    SLICE_X113Y768       FDRE (Prop_DFF_SLICEM_C_Q)
                                                      0.078     5.022 r  i_dram_wrapper/i_dram/inst/u_ddr4_mem_intfc/u_ddr_cal_top/u_ddr_mc_pi/u_ddr_mc_write/oe_low_reg[0]/Q
                         net (fo=8, routed)           1.683     6.705    i_dram_wrapper/i_dram/inst/u_ddr4_mem_intfc/u_mig_ddr4_phy/inst/generate_block1.u_ddr_xiphy/byte_num[10].xiphy_byte_wrapper.u_xiphy_byte_wrapper/I_CONTROL[0].GEN_I_CONTROL.u_xiphy_control/ch0_mcal_clb2phy_t_b_low[0]
    BITSLICE_CONTROL_X1Y116
                         BITSLICE_CONTROL                             r  i_dram_wrapper/i_dram/inst/u_ddr4_mem_intfc/u_mig_ddr4_phy/inst/generate_block1.u_ddr_xiphy/byte_num[10].xiphy_byte_wrapper.u_xiphy_byte_wrapper/I_CONTROL[0].GEN_I_CONTROL.u_xiphy_control/xiphy_control/TBYTE_IN[0]
  -------------------------------------------------------------------    -------------------

                         (clock pll_clk[2]_DIV rise edge)
                                                      3.333     3.333 f  
    E12                                               0.000     3.333 f  sys_clk_p (IN)
                         net (fo=0)                   0.000     3.333    i_bufds_sys_clk/I
    HPIOBDIFFINBUF_X1Y300
                         DIFFINBUF (Prop_DIFFINBUF_HPIOBDIFFINBUF_DIFF_IN_P_O)
                                                      0.564     3.898 f  i_bufds_sys_clk/DIFFINBUF_INST/O
                         net (fo=1, routed)           0.040     3.938    i_bufds_sys_clk/OUT
    E12                  IBUFCTRL (Prop_IBUFCTRL_HPIOB_M_I_O)
                                                      0.000     3.938 f  i_bufds_sys_clk/IBUFCTRL_INST/O
                         net (fo=1, routed)           0.297     4.235    sys_clk
    BUFGCE_X1Y289        BUFGCE (Prop_BUFCE_BUFGCE_I_O)
                                                      0.024     4.259 f  sys_clk_BUFGCE_inst/O
                         net (fo=19, routed)          0.795     5.054    i_dram_wrapper/i_dram/inst/u_ddr4_infrastructure/mmcm_clk_in
    MMCM_X1Y13           MMCME4_ADV (Prop_MMCM_CLKIN1_CLKOUT0)
                                                      0.630     5.684 f  i_dram_wrapper/i_dram/inst/u_ddr4_infrastructure/gen_mmcme4.u_mmcme_adv_inst/CLKOUT0
                         net (fo=1, routed)           0.214     5.898    i_dram_wrapper/i_dram/inst/u_ddr4_infrastructure/mmcm_clkout0
    BUFGCE_X1Y332        BUFGCE (Prop_BUFCE_BUFGCE_I_O)
                                                      0.024     5.922 f  i_dram_wrapper/i_dram/inst/u_ddr4_infrastructure/u_bufg_divClk/O
                         net (fo=36296, routed)       2.401     8.323    i_dram_wrapper/i_dram/inst/u_ddr4_mem_intfc/u_mig_ddr4_phy/inst/u_ddr4_phy_pll/div_clk
    PLL_X1Y28            PLLE4_ADV (Prop_PLL_CLKIN_CLKOUTPHY)
                                                     -0.713     7.609 f  i_dram_wrapper/i_dram/inst/u_ddr4_mem_intfc/u_mig_ddr4_phy/inst/u_ddr4_phy_pll/plle_loop[2].gen_plle4.PLLE4_BASE_INST_OTHER/CLKOUTPHY
    X4Y14 (CLOCK_ROOT)   net (fo=8, routed)           0.099     7.708    i_dram_wrapper/i_dram/inst/u_ddr4_mem_intfc/u_mig_ddr4_phy/inst/generate_block1.u_ddr_xiphy/byte_num[10].xiphy_byte_wrapper.u_xiphy_byte_wrapper/I_CONTROL[0].GEN_I_CONTROL.u_xiphy_control/pll_clk[0]
    BITSLICE_CONTROL_X1Y116
                         BITSLICE_CONTROL (Prop_CONTROL_BITSLICE_CONTROL_PLL_CLK_TX_DIV2_CLK_Q)
                                                      0.117     7.825 r  i_dram_wrapper/i_dram/inst/u_ddr4_mem_intfc/u_mig_ddr4_phy/inst/generate_block1.u_ddr_xiphy/byte_num[10].xiphy_byte_wrapper.u_xiphy_byte_wrapper/I_CONTROL[0].GEN_I_CONTROL.u_xiphy_control/xiphy_control/TX_DIV2_CLK_Q
    BITSLICE_CONTROL_X1Y116
                         BITSLICE_CONTROL (Prop_CONTROL_BITSLICE_CONTROL_TX_DIV2_CLK_Q_TX_DIV4_CLK_Q)
                                                      0.075     7.900 r  i_dram_wrapper/i_dram/inst/u_ddr4_mem_intfc/u_mig_ddr4_phy/inst/generate_block1.u_ddr_xiphy/byte_num[10].xiphy_byte_wrapper.u_xiphy_byte_wrapper/I_CONTROL[0].GEN_I_CONTROL.u_xiphy_control/xiphy_control/TX_DIV4_CLK_Q
                         clock pessimism             -0.313     7.588    
                         clock uncertainty           -0.154     7.434    
    BITSLICE_CONTROL_X1Y116
                         BITSLICE_CONTROL (Setup_CONTROL_BITSLICE_CONTROL_TX_DIV4_CLK_Q_TBYTE_IN[0])
                                                     -0.140     7.294    i_dram_wrapper/i_dram/inst/u_ddr4_mem_intfc/u_mig_ddr4_phy/inst/generate_block1.u_ddr_xiphy/byte_num[10].xiphy_byte_wrapper.u_xiphy_byte_wrapper/I_CONTROL[0].GEN_I_CONTROL.u_xiphy_control/xiphy_control
  -------------------------------------------------------------------
                         required time                          7.294    
                         arrival time                          -6.705    
  -------------------------------------------------------------------
                         slack                                  0.589    





Min Delay Paths
--------------------------------------------------------------------------------------
Slack (MET) :             0.690ns  (arrival time - required time)
  Source:                 i_dram_wrapper/i_dram/inst/u_ddr4_mem_intfc/u_ddr_cal_top/u_ddr_mc_pi/u_ddr_mc_write/genByte[3].u_ddr_mc_wr_byte/genBit[3].u_ddr_mc_wr_bit/dReg_reg[3]/C
                            (rising edge-triggered cell FDRE clocked by mmcm_clkout0  {rise@0.000ns fall@1.667ns period=3.333ns})
  Destination:            i_dram_wrapper/i_dram/inst/u_ddr4_mem_intfc/u_mig_ddr4_phy/inst/generate_block1.u_ddr_xiphy/byte_num[10].xiphy_byte_wrapper.u_xiphy_byte_wrapper/I_BITSLICE_LOWER[5].GEN_RXTX_BITSLICE_EN.u_xiphy_bitslice_lower/xiphy_rxtx_bitslice/D[3]
                            (rising edge-triggered cell RXTX_BITSLICE clocked by pll_clk[2]_DIV  {rise@0.000ns fall@1.667ns period=3.333ns})
  Path Group:             pll_clk[2]_DIV
  Path Type:              Hold (Min at Slow Process Corner)
  Requirement:            0.000ns  (pll_clk[2]_DIV rise@0.000ns - mmcm_clkout0 rise@0.000ns)
  Data Path Delay:        0.358ns  (logic 0.059ns (16.480%)  route 0.299ns (83.520%))
  Logic Levels:           0  
  Clock Path Skew:        -0.559ns (DCD - SCD - CPR)
    Destination Clock Delay (DCD):    4.298ns
    Source Clock Delay      (SCD):    5.110ns
    Clock Pessimism Removal (CPR):    -0.253ns
  Clock Uncertainty:      0.154ns  ((TSJ^2 + DJ^2)^1/2) / 2 + PE
    Total System Jitter     (TSJ):    0.071ns
    Discrete Jitter          (DJ):    0.064ns
    Phase Error              (PE):    0.106ns
  Clock Net Delay (Source):      2.522ns (routing 1.157ns, distribution 1.365ns)
  Clock Net Delay (Destination): 0.024ns (routing 0.024ns, distribution 0.000ns)

    Location             Delay type                Incr(ns)  Path(ns)    Netlist Resource(s)
  -------------------------------------------------------------------    -------------------
                         (clock mmcm_clkout0 rise edge)
                                                      0.000     0.000 r  
    E12                                               0.000     0.000 r  sys_clk_p (IN)
                         net (fo=0)                   0.000     0.000    i_bufds_sys_clk/I
    HPIOBDIFFINBUF_X1Y300
                         DIFFINBUF (Prop_DIFFINBUF_HPIOBDIFFINBUF_DIFF_IN_P_O)
                                                      0.564     0.564 r  i_bufds_sys_clk/DIFFINBUF_INST/O
                         net (fo=1, routed)           0.040     0.604    i_bufds_sys_clk/OUT
    E12                  IBUFCTRL (Prop_IBUFCTRL_HPIOB_M_I_O)
                                                      0.000     0.604 r  i_bufds_sys_clk/IBUFCTRL_INST/O
                         net (fo=1, routed)           0.297     0.901    sys_clk
    BUFGCE_X1Y289        BUFGCE (Prop_BUFCE_BUFGCE_I_O)
                                                      0.024     0.925 r  sys_clk_BUFGCE_inst/O
                         net (fo=19, routed)          0.795     1.720    i_dram_wrapper/i_dram/inst/u_ddr4_infrastructure/mmcm_clk_in
    MMCM_X1Y13           MMCME4_ADV (Prop_MMCM_CLKIN1_CLKOUT0)
                                                      0.630     2.350 r  i_dram_wrapper/i_dram/inst/u_ddr4_infrastructure/gen_mmcme4.u_mmcme_adv_inst/CLKOUT0
                         net (fo=1, routed)           0.214     2.564    i_dram_wrapper/i_dram/inst/u_ddr4_infrastructure/mmcm_clkout0
    BUFGCE_X1Y332        BUFGCE (Prop_BUFCE_BUFGCE_I_O)
                                                      0.024     2.588 r  i_dram_wrapper/i_dram/inst/u_ddr4_infrastructure/u_bufg_divClk/O
    X4Y10 (CLOCK_ROOT)   net (fo=36296, routed)       2.522     5.110    i_dram_wrapper/i_dram/inst/u_ddr4_mem_intfc/u_ddr_cal_top/u_ddr_mc_pi/u_ddr_mc_write/genByte[3].u_ddr_mc_wr_byte/genBit[3].u_ddr_mc_wr_bit/dReg_reg[0]_0
    SLICE_X112Y875       FDRE                                         r  i_dram_wrapper/i_dram/inst/u_ddr4_mem_intfc/u_ddr_cal_top/u_ddr_mc_pi/u_ddr_mc_write/genByte[3].u_ddr_mc_wr_byte/genBit[3].u_ddr_mc_wr_bit/dReg_reg[3]/C
  -------------------------------------------------------------------    -------------------
    SLICE_X112Y875       FDRE (Prop_BFF_SLICEL_C_Q)
                                                      0.059     5.169 r  i_dram_wrapper/i_dram/inst/u_ddr4_mem_intfc/u_ddr_cal_top/u_ddr_mc_pi/u_ddr_mc_write/genByte[3].u_ddr_mc_wr_byte/genBit[3].u_ddr_mc_wr_bit/dReg_reg[3]/Q
                         net (fo=1, routed)           0.299     5.468    i_dram_wrapper/i_dram/inst/u_ddr4_mem_intfc/u_mig_ddr4_phy/inst/generate_block1.u_ddr_xiphy/byte_num[10].xiphy_byte_wrapper.u_xiphy_byte_wrapper/I_BITSLICE_LOWER[5].GEN_RXTX_BITSLICE_EN.u_xiphy_bitslice_lower/ch0_mcal_DQOut[3]
    BITSLICE_RX_TX_X1Y759
                         RXTX_BITSLICE                                r  i_dram_wrapper/i_dram/inst/u_ddr4_mem_intfc/u_mig_ddr4_phy/inst/generate_block1.u_ddr_xiphy/byte_num[10].xiphy_byte_wrapper.u_xiphy_byte_wrapper/I_BITSLICE_LOWER[5].GEN_RXTX_BITSLICE_EN.u_xiphy_bitslice_lower/xiphy_rxtx_bitslice/D[3]
  -------------------------------------------------------------------    -------------------

                         (clock pll_clk[2]_DIV rise edge)
                                                      0.000     0.000 f  
    E12                                               0.000     0.000 f  sys_clk_p (IN)
                         net (fo=0)                   0.000     0.000    i_bufds_sys_clk/I
    HPIOBDIFFINBUF_X1Y300
                         DIFFINBUF (Prop_DIFFINBUF_HPIOBDIFFINBUF_DIFF_IN_P_O)
                                                      0.675     0.675 f  i_bufds_sys_clk/DIFFINBUF_INST/O
                         net (fo=1, routed)           0.050     0.725    i_bufds_sys_clk/OUT
    E12                  IBUFCTRL (Prop_IBUFCTRL_HPIOB_M_I_O)
                                                      0.000     0.725 f  i_bufds_sys_clk/IBUFCTRL_INST/O
                         net (fo=1, routed)           0.335     1.060    sys_clk
    BUFGCE_X1Y289        BUFGCE (Prop_BUFCE_BUFGCE_I_O)
                                                      0.028     1.088 f  sys_clk_BUFGCE_inst/O
                         net (fo=19, routed)          0.901     1.989    i_dram_wrapper/i_dram/inst/u_ddr4_infrastructure/mmcm_clk_in
    MMCM_X1Y13           MMCME4_ADV (Prop_MMCM_CLKIN1_CLKOUT0)
                                                     -0.127     1.862 f  i_dram_wrapper/i_dram/inst/u_ddr4_infrastructure/gen_mmcme4.u_mmcme_adv_inst/CLKOUT0
                         net (fo=1, routed)           0.244     2.106    i_dram_wrapper/i_dram/inst/u_ddr4_infrastructure/mmcm_clkout0
    BUFGCE_X1Y332        BUFGCE (Prop_BUFCE_BUFGCE_I_O)
                                                      0.028     2.134 f  i_dram_wrapper/i_dram/inst/u_ddr4_infrastructure/u_bufg_divClk/O
                         net (fo=36296, routed)       2.663     4.797    i_dram_wrapper/i_dram/inst/u_ddr4_mem_intfc/u_mig_ddr4_phy/inst/u_ddr4_phy_pll/div_clk
    PLL_X1Y28            PLLE4_ADV (Prop_PLL_CLKIN_CLKOUTPHY)
                                                     -1.141     3.655 f  i_dram_wrapper/i_dram/inst/u_ddr4_mem_intfc/u_mig_ddr4_phy/inst/u_ddr4_phy_pll/plle_loop[2].gen_plle4.PLLE4_BASE_INST_OTHER/CLKOUTPHY
                         net (fo=8, routed)           0.141     3.796    i_dram_wrapper/i_dram/inst/u_ddr4_mem_intfc/u_mig_ddr4_phy/inst/generate_block1.u_ddr_xiphy/byte_num[10].xiphy_byte_wrapper.u_xiphy_byte_wrapper/I_CONTROL[0].GEN_I_CONTROL.u_xiphy_control/pll_clk[0]
    BITSLICE_CONTROL_X1Y116
                         BITSLICE_CONTROL (Prop_CONTROL_BITSLICE_CONTROL_PLL_CLK_TX_DIV2_CLK_Q)
                                                      0.177     3.973 r  i_dram_wrapper/i_dram/inst/u_ddr4_mem_intfc/u_mig_ddr4_phy/inst/generate_block1.u_ddr_xiphy/byte_num[10].xiphy_byte_wrapper.u_xiphy_byte_wrapper/I_CONTROL[0].GEN_I_CONTROL.u_xiphy_control/xiphy_control/TX_DIV2_CLK_Q
    BITSLICE_CONTROL_X1Y116
                         BITSLICE_CONTROL (Prop_CONTROL_BITSLICE_CONTROL_TX_DIV2_CLK_Q_TX_DIV4_CLK_Q)
                                                      0.109     4.082 r  i_dram_wrapper/i_dram/inst/u_ddr4_mem_intfc/u_mig_ddr4_phy/inst/generate_block1.u_ddr_xiphy/byte_num[10].xiphy_byte_wrapper.u_xiphy_byte_wrapper/I_CONTROL[0].GEN_I_CONTROL.u_xiphy_control/xiphy_control/TX_DIV4_CLK_Q
    BITSLICE_CONTROL_X1Y116
                         BITSLICE_CONTROL (Prop_CONTROL_BITSLICE_CONTROL_TX_DIV4_CLK_Q_TX_BIT_CTRL_OUT5[26])
                                                      0.192     4.274 r  i_dram_wrapper/i_dram/inst/u_ddr4_mem_intfc/u_mig_ddr4_phy/inst/generate_block1.u_ddr_xiphy/byte_num[10].xiphy_byte_wrapper.u_xiphy_byte_wrapper/I_CONTROL[0].GEN_I_CONTROL.u_xiphy_control/xiphy_control/TX_BIT_CTRL_OUT5[26]
    X4Y14 (CLOCK_ROOT)   net (fo=1, routed)           0.024     4.298    i_dram_wrapper/i_dram/inst/u_ddr4_mem_intfc/u_mig_ddr4_phy/inst/generate_block1.u_ddr_xiphy/byte_num[10].xiphy_byte_wrapper.u_xiphy_byte_wrapper/I_BITSLICE_LOWER[5].GEN_RXTX_BITSLICE_EN.u_xiphy_bitslice_lower/TX_BIT_CTRL_OUT5[26]
    BITSLICE_RX_TX_X1Y759
                         RXTX_BITSLICE                                r  i_dram_wrapper/i_dram/inst/u_ddr4_mem_intfc/u_mig_ddr4_phy/inst/generate_block1.u_ddr_xiphy/byte_num[10].xiphy_byte_wrapper.u_xiphy_byte_wrapper/I_BITSLICE_LOWER[5].GEN_RXTX_BITSLICE_EN.u_xiphy_bitslice_lower/xiphy_rxtx_bitslice/TX_BIT_CTRL_IN[26]
                         clock pessimism              0.253     4.551    
                         clock uncertainty            0.154     4.706    
    BITSLICE_RX_TX_X1Y759
                         RXTX_BITSLICE (Hold_RXTX_BITSLICE_BITSLICE_RX_TX_TX_BIT_CTRL_IN[26]_D[3])
                                                      0.073     4.779    i_dram_wrapper/i_dram/inst/u_ddr4_mem_intfc/u_mig_ddr4_phy/inst/generate_block1.u_ddr_xiphy/byte_num[10].xiphy_byte_wrapper.u_xiphy_byte_wrapper/I_BITSLICE_LOWER[5].GEN_RXTX_BITSLICE_EN.u_xiphy_bitslice_lower/xiphy_rxtx_bitslice
  -------------------------------------------------------------------
                         required time                         -4.779    
                         arrival time                           5.468    
  -------------------------------------------------------------------
                         slack                                  0.690    





---------------------------------------------------------------------------------------------------
From Clock:  dbg_hub/inst/BSCANID.u_xsdbm_id/SWITCH_N_EXT_BSCAN.bscan_inst/SERIES7_BSCAN.bscan_inst/INTERNAL_TCK
  To Clock:  mmcm_clkout5

Setup :            0  Failing Endpoints,  Worst Slack       49.672ns,  Total Violation        0.000ns
Hold  :           NA  Failing Endpoints,  Worst Slack           NA  ,  Total Violation           NA
---------------------------------------------------------------------------------------------------


Max Delay Paths
--------------------------------------------------------------------------------------
Slack (MET) :             49.672ns  (required time - arrival time)
  Source:                 dbg_hub/inst/BSCANID.u_xsdbm_id/CORE_XSDB.UUT_MASTER/U_ICON_INTERFACE/U_CMD6_RD/U_RD_FIFO/SUBCORE_FIFO.xsdbm_v3_0_0_rdfifo_inst/inst_fifo_gen/gconvfifo.rf/grf.rf/gntv_or_sync_fifo.gcx.clkx/gnxpm_cdc.rd_pntr_gc_reg[2]/C
                            (rising edge-triggered cell FDCE clocked by dbg_hub/inst/BSCANID.u_xsdbm_id/SWITCH_N_EXT_BSCAN.bscan_inst/SERIES7_BSCAN.bscan_inst/INTERNAL_TCK  {rise@0.000ns fall@25.000ns period=50.000ns})
  Destination:            dbg_hub/inst/BSCANID.u_xsdbm_id/CORE_XSDB.UUT_MASTER/U_ICON_INTERFACE/U_CMD6_RD/U_RD_FIFO/SUBCORE_FIFO.xsdbm_v3_0_0_rdfifo_inst/inst_fifo_gen/gconvfifo.rf/grf.rf/gntv_or_sync_fifo.gcx.clkx/gnxpm_cdc.gsync_stage[1].wr_stg_inst/Q_reg_reg[2]/D
                            (rising edge-triggered cell FDCE clocked by mmcm_clkout5  {rise@0.000ns fall@6.667ns period=13.333ns})
  Path Group:             mmcm_clkout5
  Path Type:              Setup (Max at Slow Process Corner)
  Requirement:            50.000ns  (MaxDelay Path 50.000ns)
  Data Path Delay:        0.353ns  (logic 0.079ns (22.380%)  route 0.274ns (77.620%))
  Logic Levels:           0  
  Timing Exception:       MaxDelay Path 50.000ns -datapath_only

    Location             Delay type                Incr(ns)  Path(ns)    Netlist Resource(s)
  -------------------------------------------------------------------    -------------------
    SLICE_X145Y675                                    0.000     0.000 r  dbg_hub/inst/BSCANID.u_xsdbm_id/CORE_XSDB.UUT_MASTER/U_ICON_INTERFACE/U_CMD6_RD/U_RD_FIFO/SUBCORE_FIFO.xsdbm_v3_0_0_rdfifo_inst/inst_fifo_gen/gconvfifo.rf/grf.rf/gntv_or_sync_fifo.gcx.clkx/gnxpm_cdc.rd_pntr_gc_reg[2]/C
    SLICE_X145Y675       FDCE (Prop_EFF_SLICEL_C_Q)
                                                      0.079     0.079 r  dbg_hub/inst/BSCANID.u_xsdbm_id/CORE_XSDB.UUT_MASTER/U_ICON_INTERFACE/U_CMD6_RD/U_RD_FIFO/SUBCORE_FIFO.xsdbm_v3_0_0_rdfifo_inst/inst_fifo_gen/gconvfifo.rf/grf.rf/gntv_or_sync_fifo.gcx.clkx/gnxpm_cdc.rd_pntr_gc_reg[2]/Q
                         net (fo=1, routed)           0.274     0.353    dbg_hub/inst/BSCANID.u_xsdbm_id/CORE_XSDB.UUT_MASTER/U_ICON_INTERFACE/U_CMD6_RD/U_RD_FIFO/SUBCORE_FIFO.xsdbm_v3_0_0_rdfifo_inst/inst_fifo_gen/gconvfifo.rf/grf.rf/gntv_or_sync_fifo.gcx.clkx/gnxpm_cdc.gsync_stage[1].wr_stg_inst/Q[2]
    SLICE_X146Y676       FDCE                                         r  dbg_hub/inst/BSCANID.u_xsdbm_id/CORE_XSDB.UUT_MASTER/U_ICON_INTERFACE/U_CMD6_RD/U_RD_FIFO/SUBCORE_FIFO.xsdbm_v3_0_0_rdfifo_inst/inst_fifo_gen/gconvfifo.rf/grf.rf/gntv_or_sync_fifo.gcx.clkx/gnxpm_cdc.gsync_stage[1].wr_stg_inst/Q_reg_reg[2]/D
  -------------------------------------------------------------------    -------------------

                         max delay                   50.000    50.000    
    SLICE_X146Y676       FDCE (Setup_CFF2_SLICEM_C_D)
                                                      0.025    50.025    dbg_hub/inst/BSCANID.u_xsdbm_id/CORE_XSDB.UUT_MASTER/U_ICON_INTERFACE/U_CMD6_RD/U_RD_FIFO/SUBCORE_FIFO.xsdbm_v3_0_0_rdfifo_inst/inst_fifo_gen/gconvfifo.rf/grf.rf/gntv_or_sync_fifo.gcx.clkx/gnxpm_cdc.gsync_stage[1].wr_stg_inst/Q_reg_reg[2]
  -------------------------------------------------------------------
                         required time                         50.025    
                         arrival time                          -0.353    
  -------------------------------------------------------------------
                         slack                                 49.672    





---------------------------------------------------------------------------------------------------
From Clock:  mmcm_clkout0
  To Clock:  mmcm_clkout5

Setup :            0  Failing Endpoints,  Worst Slack       11.472ns,  Total Violation        0.000ns
Hold  :           NA  Failing Endpoints,  Worst Slack           NA  ,  Total Violation           NA
---------------------------------------------------------------------------------------------------


Max Delay Paths
--------------------------------------------------------------------------------------
Slack (MET) :             11.472ns  (required time - arrival time)
  Source:                 i_dram_wrapper/i_dram/inst/u_ddr4_mem_intfc/u_ddr_cal_top/u_ddr_cal/u_xsdb_arbiter/slave_do_fclk_reg[3]/C
                            (rising edge-triggered cell FDRE clocked by mmcm_clkout0  {rise@0.000ns fall@1.667ns period=3.333ns})
  Destination:            i_dram_wrapper/i_dram/inst/u_ddr4_mem_intfc/u_ddr_cal_top/u_ddr_cal/u_xsdb_arbiter/u_slave_do_sync/SYNC[3].sync_reg_reg[0]/D
                            (rising edge-triggered cell FDRE clocked by mmcm_clkout5  {rise@0.000ns fall@6.667ns period=13.333ns})
  Path Group:             mmcm_clkout5
  Path Type:              Setup (Max at Slow Process Corner)
  Requirement:            12.000ns  (MaxDelay Path 12.000ns)
  Data Path Delay:        0.553ns  (logic 0.081ns (14.647%)  route 0.472ns (85.353%))
  Logic Levels:           0  
  Timing Exception:       MaxDelay Path 12.000ns -datapath_only

    Location             Delay type                Incr(ns)  Path(ns)    Netlist Resource(s)
  -------------------------------------------------------------------    -------------------
    SLICE_X139Y730                                    0.000     0.000 r  i_dram_wrapper/i_dram/inst/u_ddr4_mem_intfc/u_ddr_cal_top/u_ddr_cal/u_xsdb_arbiter/slave_do_fclk_reg[3]/C
    SLICE_X139Y730       FDRE (Prop_GFF2_SLICEL_C_Q)
                                                      0.081     0.081 r  i_dram_wrapper/i_dram/inst/u_ddr4_mem_intfc/u_ddr_cal_top/u_ddr_cal/u_xsdb_arbiter/slave_do_fclk_reg[3]/Q
                         net (fo=1, routed)           0.472     0.553    i_dram_wrapper/i_dram/inst/u_ddr4_mem_intfc/u_ddr_cal_top/u_ddr_cal/u_xsdb_arbiter/u_slave_do_sync/out[3]
    SLICE_X141Y723       FDRE                                         r  i_dram_wrapper/i_dram/inst/u_ddr4_mem_intfc/u_ddr_cal_top/u_ddr_cal/u_xsdb_arbiter/u_slave_do_sync/SYNC[3].sync_reg_reg[0]/D
  -------------------------------------------------------------------    -------------------

                         max delay                   12.000    12.000    
    SLICE_X141Y723       FDRE (Setup_GFF2_SLICEM_C_D)
                                                      0.025    12.025    i_dram_wrapper/i_dram/inst/u_ddr4_mem_intfc/u_ddr_cal_top/u_ddr_cal/u_xsdb_arbiter/u_slave_do_sync/SYNC[3].sync_reg_reg[0]
  -------------------------------------------------------------------
                         required time                         12.025    
                         arrival time                          -0.553    
  -------------------------------------------------------------------
                         slack                                 11.472    





---------------------------------------------------------------------------------------------------
From Clock:  mmcm_clkout0
  To Clock:  mmcm_clkout6

Setup :            0  Failing Endpoints,  Worst Slack        1.707ns,  Total Violation        0.000ns
Hold  :            0  Failing Endpoints,  Worst Slack        0.121ns,  Total Violation        0.000ns
---------------------------------------------------------------------------------------------------


Max Delay Paths
--------------------------------------------------------------------------------------
Slack (MET) :             1.707ns  (required time - arrival time)
  Source:                 i_dram_wrapper/i_dram/inst/u_ddr4_mem_intfc/u_ddr_cal_top/sample_gts_reg/C
                            (rising edge-triggered cell FDRE clocked by mmcm_clkout0  {rise@0.000ns fall@1.667ns period=3.333ns})
  Destination:            i_dram_wrapper/i_dram/inst/u_ddr4_mem_intfc/u_ddr_cal_riu/sample_gts_riu_reg/D
                            (rising edge-triggered cell FDRE clocked by mmcm_clkout6  {rise@0.000ns fall@3.333ns period=6.667ns})
  Path Group:             mmcm_clkout6
  Path Type:              Setup (Max at Slow Process Corner)
  Requirement:            3.333ns  (mmcm_clkout6 rise@6.667ns - mmcm_clkout0 rise@3.333ns)
  Data Path Delay:        1.148ns  (logic 0.078ns (6.794%)  route 1.070ns (93.206%))
  Logic Levels:           0  
  Clock Path Skew:        -0.327ns (DCD - SCD + CPR)
    Destination Clock Delay (DCD):    5.027ns = ( 11.694 - 6.667 ) 
    Source Clock Delay      (SCD):    4.866ns = ( 8.199 - 3.333 ) 
    Clock Pessimism Removal (CPR):    -0.489ns
  Clock Uncertainty:      0.176ns  ((TSJ^2 + DJ^2)^1/2) / 2 + PE
    Total System Jitter     (TSJ):    0.071ns
    Discrete Jitter          (DJ):    0.087ns
    Phase Error              (PE):    0.120ns
  Clock Net Delay (Source):      2.732ns (routing 1.274ns, distribution 1.458ns)
  Clock Net Delay (Destination): 2.427ns (routing 1.142ns, distribution 1.285ns)

    Location             Delay type                Incr(ns)  Path(ns)    Netlist Resource(s)
  -------------------------------------------------------------------    -------------------
                         (clock mmcm_clkout0 rise edge)
                                                      3.333     3.333 r  
    E12                                               0.000     3.333 r  sys_clk_p (IN)
                         net (fo=0)                   0.000     3.333    i_bufds_sys_clk/I
    HPIOBDIFFINBUF_X1Y300
                         DIFFINBUF (Prop_DIFFINBUF_HPIOBDIFFINBUF_DIFF_IN_P_O)
                                                      0.675     4.008 r  i_bufds_sys_clk/DIFFINBUF_INST/O
                         net (fo=1, routed)           0.050     4.058    i_bufds_sys_clk/OUT
    E12                  IBUFCTRL (Prop_IBUFCTRL_HPIOB_M_I_O)
                                                      0.000     4.058 r  i_bufds_sys_clk/IBUFCTRL_INST/O
                         net (fo=1, routed)           0.335     4.393    sys_clk
    BUFGCE_X1Y289        BUFGCE (Prop_BUFCE_BUFGCE_I_O)
                                                      0.028     4.421 r  sys_clk_BUFGCE_inst/O
                         net (fo=19, routed)          0.901     5.322    i_dram_wrapper/i_dram/inst/u_ddr4_infrastructure/mmcm_clk_in
    MMCM_X1Y13           MMCME4_ADV (Prop_MMCM_CLKIN1_CLKOUT0)
                                                     -0.127     5.195 r  i_dram_wrapper/i_dram/inst/u_ddr4_infrastructure/gen_mmcme4.u_mmcme_adv_inst/CLKOUT0
                         net (fo=1, routed)           0.244     5.439    i_dram_wrapper/i_dram/inst/u_ddr4_infrastructure/mmcm_clkout0
    BUFGCE_X1Y332        BUFGCE (Prop_BUFCE_BUFGCE_I_O)
                                                      0.028     5.467 r  i_dram_wrapper/i_dram/inst/u_ddr4_infrastructure/u_bufg_divClk/O
    X4Y10 (CLOCK_ROOT)   net (fo=36296, routed)       2.732     8.199    i_dram_wrapper/i_dram/inst/u_ddr4_mem_intfc/u_ddr_cal_top/wosp_reg[2]_rep__7
    SLICE_X137Y792       FDRE                                         r  i_dram_wrapper/i_dram/inst/u_ddr4_mem_intfc/u_ddr_cal_top/sample_gts_reg/C
  -------------------------------------------------------------------    -------------------
    SLICE_X137Y792       FDRE (Prop_DFF_SLICEM_C_Q)
                                                      0.078     8.277 r  i_dram_wrapper/i_dram/inst/u_ddr4_mem_intfc/u_ddr_cal_top/sample_gts_reg/Q
                         net (fo=1, routed)           1.070     9.347    i_dram_wrapper/i_dram/inst/u_ddr4_mem_intfc/u_ddr_cal_riu/sample_gts
    SLICE_X135Y788       FDRE                                         r  i_dram_wrapper/i_dram/inst/u_ddr4_mem_intfc/u_ddr_cal_riu/sample_gts_riu_reg/D
  -------------------------------------------------------------------    -------------------

                         (clock mmcm_clkout6 rise edge)
                                                      6.667     6.667 r  
    E12                                               0.000     6.667 r  sys_clk_p (IN)
                         net (fo=0)                   0.000     6.667    i_bufds_sys_clk/I
    HPIOBDIFFINBUF_X1Y300
                         DIFFINBUF (Prop_DIFFINBUF_HPIOBDIFFINBUF_DIFF_IN_P_O)
                                                      0.564     7.231 r  i_bufds_sys_clk/DIFFINBUF_INST/O
                         net (fo=1, routed)           0.040     7.271    i_bufds_sys_clk/OUT
    E12                  IBUFCTRL (Prop_IBUFCTRL_HPIOB_M_I_O)
                                                      0.000     7.271 r  i_bufds_sys_clk/IBUFCTRL_INST/O
                         net (fo=1, routed)           0.297     7.568    sys_clk
    BUFGCE_X1Y289        BUFGCE (Prop_BUFCE_BUFGCE_I_O)
                                                      0.024     7.592 r  sys_clk_BUFGCE_inst/O
                         net (fo=19, routed)          0.795     8.387    i_dram_wrapper/i_dram/inst/u_ddr4_infrastructure/mmcm_clk_in
    MMCM_X1Y13           MMCME4_ADV (Prop_MMCM_CLKIN1_CLKOUT6)
                                                      0.630     9.017 r  i_dram_wrapper/i_dram/inst/u_ddr4_infrastructure/gen_mmcme4.u_mmcme_adv_inst/CLKOUT6
                         net (fo=1, routed)           0.226     9.243    i_dram_wrapper/i_dram/inst/u_ddr4_infrastructure/mmcm_clkout6
    BUFGCE_X1Y326        BUFGCE (Prop_BUFCE_BUFGCE_I_O)
                                                      0.024     9.267 r  i_dram_wrapper/i_dram/inst/u_ddr4_infrastructure/u_bufg_riuClk/O
    X4Y10 (CLOCK_ROOT)   net (fo=1746, routed)        2.427    11.694    i_dram_wrapper/i_dram/inst/u_ddr4_mem_intfc/u_ddr_cal_riu/CLK
    SLICE_X135Y788       FDRE                                         r  i_dram_wrapper/i_dram/inst/u_ddr4_mem_intfc/u_ddr_cal_riu/sample_gts_riu_reg/C
                         clock pessimism             -0.489    11.205    
                         clock uncertainty           -0.176    11.029    
    SLICE_X135Y788       FDRE (Setup_AFF_SLICEM_C_D)
                                                      0.025    11.054    i_dram_wrapper/i_dram/inst/u_ddr4_mem_intfc/u_ddr_cal_riu/sample_gts_riu_reg
  -------------------------------------------------------------------
                         required time                         11.054    
                         arrival time                          -9.347    
  -------------------------------------------------------------------
                         slack                                  1.707    





Min Delay Paths
--------------------------------------------------------------------------------------
Slack (MET) :             0.121ns  (arrival time - required time)
  Source:                 i_dram_wrapper/i_dram/inst/u_ddr4_mem_intfc/u_ddr_cal_top/sample_gts_reg/C
                            (rising edge-triggered cell FDRE clocked by mmcm_clkout0  {rise@0.000ns fall@1.667ns period=3.333ns})
  Destination:            i_dram_wrapper/i_dram/inst/u_ddr4_mem_intfc/u_ddr_cal_riu/sample_gts_riu_reg/D
                            (rising edge-triggered cell FDRE clocked by mmcm_clkout6  {rise@0.000ns fall@3.333ns period=6.667ns})
  Path Group:             mmcm_clkout6
  Path Type:              Hold (Min at Fast Process Corner)
  Requirement:            0.000ns  (mmcm_clkout6 rise@0.000ns - mmcm_clkout0 rise@0.000ns)
  Data Path Delay:        0.563ns  (logic 0.039ns (6.927%)  route 0.524ns (93.073%))
  Logic Levels:           0  
  Clock Path Skew:        0.220ns (DCD - SCD - CPR)
    Destination Clock Delay (DCD):    2.853ns
    Source Clock Delay      (SCD):    2.944ns
    Clock Pessimism Removal (CPR):    -0.312ns
  Clock Uncertainty:      0.176ns  ((TSJ^2 + DJ^2)^1/2) / 2 + PE
    Total System Jitter     (TSJ):    0.071ns
    Discrete Jitter          (DJ):    0.087ns
    Phase Error              (PE):    0.120ns
  Clock Net Delay (Source):      1.501ns (routing 0.698ns, distribution 0.803ns)
  Clock Net Delay (Destination): 1.688ns (routing 0.775ns, distribution 0.913ns)

    Location             Delay type                Incr(ns)  Path(ns)    Netlist Resource(s)
  -------------------------------------------------------------------    -------------------
                         (clock mmcm_clkout0 rise edge)
                                                      0.000     0.000 r  
    E12                                               0.000     0.000 r  sys_clk_p (IN)
                         net (fo=0)                   0.000     0.000    i_bufds_sys_clk/I
    HPIOBDIFFINBUF_X1Y300
                         DIFFINBUF (Prop_DIFFINBUF_HPIOBDIFFINBUF_DIFF_IN_P_O)
                                                      0.340     0.340 r  i_bufds_sys_clk/DIFFINBUF_INST/O
                         net (fo=1, routed)           0.040     0.380    i_bufds_sys_clk/OUT
    E12                  IBUFCTRL (Prop_IBUFCTRL_HPIOB_M_I_O)
                                                      0.000     0.380 r  i_bufds_sys_clk/IBUFCTRL_INST/O
                         net (fo=1, routed)           0.150     0.530    sys_clk
    BUFGCE_X1Y289        BUFGCE (Prop_BUFCE_BUFGCE_I_O)
                                                      0.017     0.547 r  sys_clk_BUFGCE_inst/O
                         net (fo=19, routed)          0.504     1.051    i_dram_wrapper/i_dram/inst/u_ddr4_infrastructure/mmcm_clk_in
    MMCM_X1Y13           MMCME4_ADV (Prop_MMCM_CLKIN1_CLKOUT0)
                                                      0.230     1.281 r  i_dram_wrapper/i_dram/inst/u_ddr4_infrastructure/gen_mmcme4.u_mmcme_adv_inst/CLKOUT0
                         net (fo=1, routed)           0.145     1.426    i_dram_wrapper/i_dram/inst/u_ddr4_infrastructure/mmcm_clkout0
    BUFGCE_X1Y332        BUFGCE (Prop_BUFCE_BUFGCE_I_O)
                                                      0.017     1.443 r  i_dram_wrapper/i_dram/inst/u_ddr4_infrastructure/u_bufg_divClk/O
    X4Y10 (CLOCK_ROOT)   net (fo=36296, routed)       1.501     2.944    i_dram_wrapper/i_dram/inst/u_ddr4_mem_intfc/u_ddr_cal_top/wosp_reg[2]_rep__7
    SLICE_X137Y792       FDRE                                         r  i_dram_wrapper/i_dram/inst/u_ddr4_mem_intfc/u_ddr_cal_top/sample_gts_reg/C
  -------------------------------------------------------------------    -------------------
    SLICE_X137Y792       FDRE (Prop_DFF_SLICEM_C_Q)
                                                      0.039     2.983 r  i_dram_wrapper/i_dram/inst/u_ddr4_mem_intfc/u_ddr_cal_top/sample_gts_reg/Q
                         net (fo=1, routed)           0.524     3.507    i_dram_wrapper/i_dram/inst/u_ddr4_mem_intfc/u_ddr_cal_riu/sample_gts
    SLICE_X135Y788       FDRE                                         r  i_dram_wrapper/i_dram/inst/u_ddr4_mem_intfc/u_ddr_cal_riu/sample_gts_riu_reg/D
  -------------------------------------------------------------------    -------------------

                         (clock mmcm_clkout6 rise edge)
                                                      0.000     0.000 r  
    E12                                               0.000     0.000 r  sys_clk_p (IN)
                         net (fo=0)                   0.000     0.000    i_bufds_sys_clk/I
    HPIOBDIFFINBUF_X1Y300
                         DIFFINBUF (Prop_DIFFINBUF_HPIOBDIFFINBUF_DIFF_IN_P_O)
                                                      0.446     0.446 r  i_bufds_sys_clk/DIFFINBUF_INST/O
                         net (fo=1, routed)           0.050     0.496    i_bufds_sys_clk/OUT
    E12                  IBUFCTRL (Prop_IBUFCTRL_HPIOB_M_I_O)
                                                      0.000     0.496 r  i_bufds_sys_clk/IBUFCTRL_INST/O
                         net (fo=1, routed)           0.183     0.679    sys_clk
    BUFGCE_X1Y289        BUFGCE (Prop_BUFCE_BUFGCE_I_O)
                                                      0.019     0.698 r  sys_clk_BUFGCE_inst/O
                         net (fo=19, routed)          0.567     1.265    i_dram_wrapper/i_dram/inst/u_ddr4_infrastructure/mmcm_clk_in
    MMCM_X1Y13           MMCME4_ADV (Prop_MMCM_CLKIN1_CLKOUT6)
                                                     -0.295     0.970 r  i_dram_wrapper/i_dram/inst/u_ddr4_infrastructure/gen_mmcme4.u_mmcme_adv_inst/CLKOUT6
                         net (fo=1, routed)           0.176     1.146    i_dram_wrapper/i_dram/inst/u_ddr4_infrastructure/mmcm_clkout6
    BUFGCE_X1Y326        BUFGCE (Prop_BUFCE_BUFGCE_I_O)
                                                      0.019     1.165 r  i_dram_wrapper/i_dram/inst/u_ddr4_infrastructure/u_bufg_riuClk/O
    X4Y10 (CLOCK_ROOT)   net (fo=1746, routed)        1.688     2.853    i_dram_wrapper/i_dram/inst/u_ddr4_mem_intfc/u_ddr_cal_riu/CLK
    SLICE_X135Y788       FDRE                                         r  i_dram_wrapper/i_dram/inst/u_ddr4_mem_intfc/u_ddr_cal_riu/sample_gts_riu_reg/C
                         clock pessimism              0.312     3.164    
                         clock uncertainty            0.176     3.340    
    SLICE_X135Y788       FDRE (Hold_AFF_SLICEM_C_D)
                                                      0.046     3.386    i_dram_wrapper/i_dram/inst/u_ddr4_mem_intfc/u_ddr_cal_riu/sample_gts_riu_reg
  -------------------------------------------------------------------
                         required time                         -3.386    
                         arrival time                           3.507    
  -------------------------------------------------------------------
                         slack                                  0.121    





---------------------------------------------------------------------------------------------------
Path Group:  **async_default**
From Clock:  clk_50_clkwiz
  To Clock:  clk_50_clkwiz

Setup :            0  Failing Endpoints,  Worst Slack       15.109ns,  Total Violation        0.000ns
Hold  :            0  Failing Endpoints,  Worst Slack        0.155ns,  Total Violation        0.000ns
---------------------------------------------------------------------------------------------------


Max Delay Paths
--------------------------------------------------------------------------------------
Slack (MET) :             15.109ns  (required time - arrival time)
  Source:                 i_rstgen/i_rstgen_bypass/synch_regs_q_reg[3]/C
                            (rising edge-triggered cell FDCE clocked by clk_50_clkwiz  {rise@0.000ns fall@10.000ns period=20.000ns})
  Destination:            i_dram_wrapper/gen_cdc.i_axi_cdc_mig/i_axi_cdc_src/i_cdc_fifo_gray_src_w/gen_sync[5].i_sync/reg_q_reg[0]/CLR
                            (recovery check against rising-edge clock clk_50_clkwiz  {rise@0.000ns fall@10.000ns period=20.000ns})
  Path Group:             **async_default**
  Path Type:              Recovery (Max at Slow Process Corner)
  Requirement:            20.000ns  (clk_50_clkwiz rise@20.000ns - clk_50_clkwiz rise@0.000ns)
  Data Path Delay:        4.578ns  (logic 0.339ns (7.405%)  route 4.239ns (92.595%))
  Logic Levels:           2  (BUFGCTRL=1 LUT1=1)
  Clock Path Skew:        0.133ns (DCD - SCD + CPR)
    Destination Clock Delay (DCD):    6.351ns = ( 26.351 - 20.000 ) 
    Source Clock Delay      (SCD):    5.943ns
    Clock Pessimism Removal (CPR):    -0.276ns
  Clock Uncertainty:      0.083ns  ((TSJ^2 + DJ^2)^1/2) / 2 + PE
    Total System Jitter     (TSJ):    0.071ns
    Discrete Jitter          (DJ):    0.150ns
    Phase Error              (PE):    0.000ns
  Inter-SLR Compensation: 0.297ns  ((DCD - CCD) * PF)
    Destination Clock Delay (DCD):    6.351ns
    Common Clock Delay      (CCD):    4.369ns
    Prorating Factor         (PF):    0.150
  Clock Net Delay (Source):      3.719ns (routing 1.870ns, distribution 1.849ns)
  Clock Net Delay (Destination): 3.682ns (routing 1.700ns, distribution 1.982ns)

    Location             Delay type                Incr(ns)  Path(ns)    Netlist Resource(s)
  -------------------------------------------------------------------    -------------------
                         (clock clk_50_clkwiz rise edge)
                                                      0.000     0.000 r  
    E12                                               0.000     0.000 r  sys_clk_p (IN)
                         net (fo=0)                   0.000     0.000    i_bufds_sys_clk/I
    HPIOBDIFFINBUF_X1Y300
                         DIFFINBUF (Prop_DIFFINBUF_HPIOBDIFFINBUF_DIFF_IN_P_O)
                                                      0.675     0.675 r  i_bufds_sys_clk/DIFFINBUF_INST/O
                         net (fo=1, routed)           0.050     0.725    i_bufds_sys_clk/OUT
    E12                  IBUFCTRL (Prop_IBUFCTRL_HPIOB_M_I_O)
                                                      0.000     0.725 r  i_bufds_sys_clk/IBUFCTRL_INST/O
                         net (fo=1, routed)           0.335     1.060    sys_clk
    BUFGCE_X1Y289        BUFGCE (Prop_BUFCE_BUFGCE_I_O)
                                                      0.028     1.088 r  sys_clk_BUFGCE_inst/O
                         net (fo=19, routed)          0.991     2.079    i_clkwiz/inst/clk_in1
    MMCM_X1Y11           MMCME4_ADV (Prop_MMCM_CLKIN1_CLKOUT0)
                                                     -0.127     1.952 r  i_clkwiz/inst/mmcme4_adv_inst/CLKOUT0
                         net (fo=1, routed)           0.244     2.196    i_clkwiz/inst/clk_50_clkwiz
    BUFGCE_X1Y266        BUFGCE (Prop_BUFCE_BUFGCE_I_O)
                                                      0.028     2.224 r  i_clkwiz/inst/clkout1_buf/O
    X2Y7 (CLOCK_ROOT)    net (fo=198214, routed)      3.719     5.943    i_rstgen/i_rstgen_bypass/clk_i
    SLR Crossing[2->1]   
    SLICE_X112Y332       FDCE                                         r  i_rstgen/i_rstgen_bypass/synch_regs_q_reg[3]/C
  -------------------------------------------------------------------    -------------------
    SLICE_X112Y332       FDCE (Prop_CFF2_SLICEL_C_Q)
                                                      0.080     6.023 r  i_rstgen/i_rstgen_bypass/synch_regs_q_reg[3]/Q
                         net (fo=1, routed)           0.438     6.461    i_rstgen/i_rstgen_bypass/i_tc_clk_mux2_rst_no/clk0_i
    BUFGCTRL_X1Y46       BUFGCTRL (Prop_BUFGCTRL_I0_O)
                                                      0.092     6.553 r  i_rstgen/i_rstgen_bypass/i_tc_clk_mux2_rst_no/i_BUFGMUX/O
                         net (fo=159208, routed)      3.312     9.865    i_dram_wrapper/gen_cdc.i_axi_cdc_mig/i_axi_cdc_src/i_cdc_fifo_gray_src_w/gen_sync[5].i_sync/rst_ni
    SLR Crossing[1->2]   
    SLICE_X84Y855        LUT1 (Prop_B5LUT_SLICEM_I0_O)
                                                      0.167    10.032 f  i_dram_wrapper/gen_cdc.i_axi_cdc_mig/i_axi_cdc_src/i_cdc_fifo_gray_src_w/gen_sync[5].i_sync/reg_q[1]_i_1/O
                         net (fo=2, routed)           0.489    10.521    i_dram_wrapper/gen_cdc.i_axi_cdc_mig/i_axi_cdc_src/i_cdc_fifo_gray_src_w/gen_sync[5].i_sync/reg_q[1]_i_1_n_0
    SLICE_X89Y852        FDCE                                         f  i_dram_wrapper/gen_cdc.i_axi_cdc_mig/i_axi_cdc_src/i_cdc_fifo_gray_src_w/gen_sync[5].i_sync/reg_q_reg[0]/CLR
  -------------------------------------------------------------------    -------------------

                         (clock clk_50_clkwiz rise edge)
                                                     20.000    20.000 r  
    E12                                               0.000    20.000 r  sys_clk_p (IN)
                         net (fo=0)                   0.000    20.000    i_bufds_sys_clk/I
    HPIOBDIFFINBUF_X1Y300
                         DIFFINBUF (Prop_DIFFINBUF_HPIOBDIFFINBUF_DIFF_IN_P_O)
                                                      0.564    20.564 r  i_bufds_sys_clk/DIFFINBUF_INST/O
                         net (fo=1, routed)           0.040    20.604    i_bufds_sys_clk/OUT
    E12                  IBUFCTRL (Prop_IBUFCTRL_HPIOB_M_I_O)
                                                      0.000    20.604 r  i_bufds_sys_clk/IBUFCTRL_INST/O
                         net (fo=1, routed)           0.297    20.901    sys_clk
    BUFGCE_X1Y289        BUFGCE (Prop_BUFCE_BUFGCE_I_O)
                                                      0.024    20.925 r  sys_clk_BUFGCE_inst/O
                         net (fo=19, routed)          0.876    21.801    i_clkwiz/inst/clk_in1
    MMCM_X1Y11           MMCME4_ADV (Prop_MMCM_CLKIN1_CLKOUT0)
                                                      0.630    22.431 r  i_clkwiz/inst/mmcme4_adv_inst/CLKOUT0
                         net (fo=1, routed)           0.214    22.645    i_clkwiz/inst/clk_50_clkwiz
    BUFGCE_X1Y266        BUFGCE (Prop_BUFCE_BUFGCE_I_O)
                                                      0.024    22.669 r  i_clkwiz/inst/clkout1_buf/O
    X2Y7 (CLOCK_ROOT)    net (fo=198214, routed)      3.682    26.351    i_dram_wrapper/gen_cdc.i_axi_cdc_mig/i_axi_cdc_src/i_cdc_fifo_gray_src_w/gen_sync[5].i_sync/clk_i
    SLICE_X89Y852        FDCE                                         r  i_dram_wrapper/gen_cdc.i_axi_cdc_mig/i_axi_cdc_src/i_cdc_fifo_gray_src_w/gen_sync[5].i_sync/reg_q_reg[0]/C
                         clock pessimism             -0.276    26.076    
                         inter-SLR compensation      -0.297    25.778    
                         clock uncertainty           -0.083    25.695    
    SLICE_X89Y852        FDCE (Recov_DFF2_SLICEL_C_CLR)
                                                     -0.066    25.629    i_dram_wrapper/gen_cdc.i_axi_cdc_mig/i_axi_cdc_src/i_cdc_fifo_gray_src_w/gen_sync[5].i_sync/reg_q_reg[0]
  -------------------------------------------------------------------
                         required time                         25.629    
                         arrival time                         -10.521    
  -------------------------------------------------------------------
                         slack                                 15.109    





Min Delay Paths
--------------------------------------------------------------------------------------
Slack (MET) :             0.155ns  (arrival time - required time)
  Source:                 i_cheshire_soc/i_dbg_dmi_jtag/fpga_reset_q_reg[2]/C
                            (rising edge-triggered cell FDCE clocked by clk_50_clkwiz  {rise@0.000ns fall@10.000ns period=20.000ns})
  Destination:            i_cheshire_soc/i_dbg_dmi_jtag/i_dmi_jtag_tap/FSM_onehot_tap_state_q_reg[11]/CLR
                            (removal check against rising-edge clock clk_50_clkwiz  {rise@0.000ns fall@10.000ns period=20.000ns})
  Path Group:             **async_default**
  Path Type:              Removal (Min at Fast Process Corner)
  Requirement:            0.000ns  (clk_50_clkwiz rise@0.000ns - clk_50_clkwiz rise@0.000ns)
  Data Path Delay:        0.180ns  (logic 0.040ns (22.222%)  route 0.140ns (77.778%))
  Logic Levels:           0  
  Clock Path Skew:        0.045ns (DCD - SCD - CPR)
    Destination Clock Delay (DCD):    3.469ns
    Source Clock Delay      (SCD):    3.518ns
    Clock Pessimism Removal (CPR):    -0.095ns
  Clock Net Delay (Source):      2.027ns (routing 1.022ns, distribution 1.005ns)
  Clock Net Delay (Destination): 2.260ns (routing 1.135ns, distribution 1.125ns)

    Location             Delay type                Incr(ns)  Path(ns)    Netlist Resource(s)
  -------------------------------------------------------------------    -------------------
                         (clock clk_50_clkwiz rise edge)
                                                      0.000     0.000 r  
    E12                                               0.000     0.000 r  sys_clk_p (IN)
                         net (fo=0)                   0.000     0.000    i_bufds_sys_clk/I
    HPIOBDIFFINBUF_X1Y300
                         DIFFINBUF (Prop_DIFFINBUF_HPIOBDIFFINBUF_DIFF_IN_P_O)
                                                      0.340     0.340 r  i_bufds_sys_clk/DIFFINBUF_INST/O
                         net (fo=1, routed)           0.040     0.380    i_bufds_sys_clk/OUT
    E12                  IBUFCTRL (Prop_IBUFCTRL_HPIOB_M_I_O)
                                                      0.000     0.380 r  i_bufds_sys_clk/IBUFCTRL_INST/O
                         net (fo=1, routed)           0.150     0.530    sys_clk
    BUFGCE_X1Y289        BUFGCE (Prop_BUFCE_BUFGCE_I_O)
                                                      0.017     0.547 r  sys_clk_BUFGCE_inst/O
                         net (fo=19, routed)          0.552     1.099    i_clkwiz/inst/clk_in1
    MMCM_X1Y11           MMCME4_ADV (Prop_MMCM_CLKIN1_CLKOUT0)
                                                      0.230     1.329 r  i_clkwiz/inst/mmcme4_adv_inst/CLKOUT0
                         net (fo=1, routed)           0.145     1.474    i_clkwiz/inst/clk_50_clkwiz
    BUFGCE_X1Y266        BUFGCE (Prop_BUFCE_BUFGCE_I_O)
                                                      0.017     1.491 r  i_clkwiz/inst/clkout1_buf/O
    X2Y7 (CLOCK_ROOT)    net (fo=198214, routed)      2.027     3.518    i_cheshire_soc/i_dbg_dmi_jtag/clk_i
    SLICE_X32Y627        FDCE                                         r  i_cheshire_soc/i_dbg_dmi_jtag/fpga_reset_q_reg[2]/C
  -------------------------------------------------------------------    -------------------
    SLICE_X32Y627        FDCE (Prop_BFF2_SLICEL_C_Q)
                                                      0.040     3.558 r  i_cheshire_soc/i_dbg_dmi_jtag/fpga_reset_q_reg[2]/Q
                         net (fo=188, routed)         0.140     3.698    i_cheshire_soc/i_dbg_dmi_jtag/i_dmi_jtag_tap/trst_ni
    SLICE_X35Y627        FDCE                                         f  i_cheshire_soc/i_dbg_dmi_jtag/i_dmi_jtag_tap/FSM_onehot_tap_state_q_reg[11]/CLR  (IS_INVERTED)
  -------------------------------------------------------------------    -------------------

                         (clock clk_50_clkwiz rise edge)
                                                      0.000     0.000 r  
    E12                                               0.000     0.000 r  sys_clk_p (IN)
                         net (fo=0)                   0.000     0.000    i_bufds_sys_clk/I
    HPIOBDIFFINBUF_X1Y300
                         DIFFINBUF (Prop_DIFFINBUF_HPIOBDIFFINBUF_DIFF_IN_P_O)
                                                      0.446     0.446 r  i_bufds_sys_clk/DIFFINBUF_INST/O
                         net (fo=1, routed)           0.050     0.496    i_bufds_sys_clk/OUT
    E12                  IBUFCTRL (Prop_IBUFCTRL_HPIOB_M_I_O)
                                                      0.000     0.496 r  i_bufds_sys_clk/IBUFCTRL_INST/O
                         net (fo=1, routed)           0.183     0.679    sys_clk
    BUFGCE_X1Y289        BUFGCE (Prop_BUFCE_BUFGCE_I_O)
                                                      0.019     0.698 r  sys_clk_BUFGCE_inst/O
                         net (fo=19, routed)          0.622     1.320    i_clkwiz/inst/clk_in1
    MMCM_X1Y11           MMCME4_ADV (Prop_MMCM_CLKIN1_CLKOUT0)
                                                     -0.295     1.025 r  i_clkwiz/inst/mmcme4_adv_inst/CLKOUT0
                         net (fo=1, routed)           0.165     1.190    i_clkwiz/inst/clk_50_clkwiz
    BUFGCE_X1Y266        BUFGCE (Prop_BUFCE_BUFGCE_I_O)
                                                      0.019     1.209 r  i_clkwiz/inst/clkout1_buf/O
    X2Y7 (CLOCK_ROOT)    net (fo=198214, routed)      2.260     3.469    i_cheshire_soc/i_dbg_dmi_jtag/i_dmi_jtag_tap/clk_i
    SLICE_X35Y627        FDCE                                         r  i_cheshire_soc/i_dbg_dmi_jtag/i_dmi_jtag_tap/FSM_onehot_tap_state_q_reg[11]/C
                         clock pessimism              0.095     3.564    
    SLICE_X35Y627        FDCE (Remov_DFF_SLICEM_C_CLR)
                                                     -0.020     3.544    i_cheshire_soc/i_dbg_dmi_jtag/i_dmi_jtag_tap/FSM_onehot_tap_state_q_reg[11]
  -------------------------------------------------------------------
                         required time                         -3.544    
                         arrival time                           3.698    
  -------------------------------------------------------------------
                         slack                                  0.155    





---------------------------------------------------------------------------------------------------
Path Group:  **async_default**
From Clock:  dbg_hub/inst/BSCANID.u_xsdbm_id/SWITCH_N_EXT_BSCAN.bscan_inst/SERIES7_BSCAN.bscan_inst/INTERNAL_TCK
  To Clock:  dbg_hub/inst/BSCANID.u_xsdbm_id/SWITCH_N_EXT_BSCAN.bscan_inst/SERIES7_BSCAN.bscan_inst/INTERNAL_TCK

Setup :            0  Failing Endpoints,  Worst Slack       48.162ns,  Total Violation        0.000ns
Hold  :            0  Failing Endpoints,  Worst Slack        0.125ns,  Total Violation        0.000ns
---------------------------------------------------------------------------------------------------


Max Delay Paths
--------------------------------------------------------------------------------------
Slack (MET) :             48.162ns  (required time - arrival time)
  Source:                 dbg_hub/inst/BSCANID.u_xsdbm_id/SWITCH_N_EXT_BSCAN.bscan_switch/portno_reg[5]/C
                            (rising edge-triggered cell FDRE clocked by dbg_hub/inst/BSCANID.u_xsdbm_id/SWITCH_N_EXT_BSCAN.bscan_inst/SERIES7_BSCAN.bscan_inst/INTERNAL_TCK  {rise@0.000ns fall@25.000ns period=50.000ns})
  Destination:            dbg_hub/inst/BSCANID.u_xsdbm_id/CORE_XSDB.U_ICON/U_CMD/iTARGET_reg[14]/CLR
                            (recovery check against rising-edge clock dbg_hub/inst/BSCANID.u_xsdbm_id/SWITCH_N_EXT_BSCAN.bscan_inst/SERIES7_BSCAN.bscan_inst/INTERNAL_TCK  {rise@0.000ns fall@25.000ns period=50.000ns})
  Path Group:             **async_default**
  Path Type:              Recovery (Max at Slow Process Corner)
  Requirement:            50.000ns  (dbg_hub/inst/BSCANID.u_xsdbm_id/SWITCH_N_EXT_BSCAN.bscan_inst/SERIES7_BSCAN.bscan_inst/INTERNAL_TCK rise@50.000ns - dbg_hub/inst/BSCANID.u_xsdbm_id/SWITCH_N_EXT_BSCAN.bscan_inst/SERIES7_BSCAN.bscan_inst/INTERNAL_TCK rise@0.000ns)
  Data Path Delay:        1.654ns  (logic 0.297ns (17.956%)  route 1.357ns (82.044%))
  Logic Levels:           2  (LUT4=1 LUT6=1)
  Clock Path Skew:        -0.083ns (DCD - SCD + CPR)
    Destination Clock Delay (DCD):    4.758ns = ( 54.758 - 50.000 ) 
    Source Clock Delay      (SCD):    10.364ns
    Clock Pessimism Removal (CPR):    5.523ns
  Clock Uncertainty:      0.035ns  ((TSJ^2 + TIJ^2)^1/2 + DJ) / 2 + PE
    Total System Jitter     (TSJ):    0.071ns
    Total Input Jitter      (TIJ):    0.000ns
    Discrete Jitter          (DJ):    0.000ns
    Phase Error              (PE):    0.000ns
  Clock Net Delay (Source):      1.862ns (routing 0.916ns, distribution 0.946ns)
  Clock Net Delay (Destination): 1.649ns (routing 0.831ns, distribution 0.818ns)

    Location             Delay type                Incr(ns)  Path(ns)    Netlist Resource(s)
  -------------------------------------------------------------------    -------------------
                         (clock dbg_hub/inst/BSCANID.u_xsdbm_id/SWITCH_N_EXT_BSCAN.bscan_inst/SERIES7_BSCAN.bscan_inst/INTERNAL_TCK rise edge)
                                                      0.000     0.000 r  
    CONFIG_SITE_X0Y1     BSCANE2                      0.000     0.000 r  dbg_hub/inst/BSCANID.u_xsdbm_id/SWITCH_N_EXT_BSCAN.bscan_inst/SERIES7_BSCAN.bscan_inst/INTERNAL_TCK
    CONFIG_SITE_X0Y1     BSCANE2 (Prop_BSCAN1_CONFIG_SITE_INTERNAL_TCK_TCK)
                                                      4.300     4.300 r  dbg_hub/inst/BSCANID.u_xsdbm_id/SWITCH_N_EXT_BSCAN.bscan_inst/SERIES7_BSCAN.bscan_inst/TCK
                         net (fo=1, routed)           4.174     8.474    dbg_hub/inst/BSCANID.u_xsdbm_id/tck_bs
    SLR Crossing[1->2]   
    BUFGCE_X1Y288        BUFGCE (Prop_BUFCE_BUFGCE_I_O)
                                                      0.028     8.502 r  dbg_hub/inst/BSCANID.u_xsdbm_id/SWITCH_N_EXT_BSCAN.u_bufg_icon_tck/O
    X4Y10 (CLOCK_ROOT)   net (fo=494, routed)         1.862    10.364    dbg_hub/inst/BSCANID.u_xsdbm_id/SWITCH_N_EXT_BSCAN.bscan_switch/s_bscan_tck
    SLICE_X142Y600       FDRE                                         r  dbg_hub/inst/BSCANID.u_xsdbm_id/SWITCH_N_EXT_BSCAN.bscan_switch/portno_reg[5]/C
  -------------------------------------------------------------------    -------------------
    SLICE_X142Y600       FDRE (Prop_GFF2_SLICEM_C_Q)
                                                      0.079    10.443 f  dbg_hub/inst/BSCANID.u_xsdbm_id/SWITCH_N_EXT_BSCAN.bscan_switch/portno_reg[5]/Q
                         net (fo=1, routed)           0.210    10.653    dbg_hub/inst/BSCANID.u_xsdbm_id/SWITCH_N_EXT_BSCAN.bscan_switch/portno[5]
    SLICE_X142Y600       LUT6 (Prop_H6LUT_SLICEM_I5_O)
                                                      0.152    10.805 f  dbg_hub/inst/BSCANID.u_xsdbm_id/SWITCH_N_EXT_BSCAN.bscan_switch/m_bscan_drck[0]_INST_0_i_1/O
                         net (fo=5, routed)           0.322    11.127    dbg_hub/inst/BSCANID.u_xsdbm_id/SWITCH_N_EXT_BSCAN.bscan_switch/m_bscan_drck[0]_INST_0_i_1_n_0
    SLICE_X141Y605       LUT4 (Prop_D5LUT_SLICEM_I3_O)
                                                      0.066    11.193 r  dbg_hub/inst/BSCANID.u_xsdbm_id/SWITCH_N_EXT_BSCAN.bscan_switch/m_bscan_sel[0]_INST_0/O
                         net (fo=11, routed)          0.825    12.018    dbg_hub/inst/BSCANID.u_xsdbm_id/CORE_XSDB.U_ICON/U_CMD/iTARGET_reg[6]_0
    SLICE_X145Y655       FDCE                                         f  dbg_hub/inst/BSCANID.u_xsdbm_id/CORE_XSDB.U_ICON/U_CMD/iTARGET_reg[14]/CLR  (IS_INVERTED)
  -------------------------------------------------------------------    -------------------

                         (clock dbg_hub/inst/BSCANID.u_xsdbm_id/SWITCH_N_EXT_BSCAN.bscan_inst/SERIES7_BSCAN.bscan_inst/INTERNAL_TCK rise edge)
                                                     50.000    50.000 r  
    CONFIG_SITE_X0Y1     BSCANE2                      0.000    50.000 r  dbg_hub/inst/BSCANID.u_xsdbm_id/SWITCH_N_EXT_BSCAN.bscan_inst/SERIES7_BSCAN.bscan_inst/INTERNAL_TCK
    CONFIG_SITE_X0Y1     BSCANE2 (Prop_BSCAN1_CONFIG_SITE_INTERNAL_TCK_TCK)
                                                      0.465    50.465 r  dbg_hub/inst/BSCANID.u_xsdbm_id/SWITCH_N_EXT_BSCAN.bscan_inst/SERIES7_BSCAN.bscan_inst/TCK
                         net (fo=1, routed)           2.620    53.085    dbg_hub/inst/BSCANID.u_xsdbm_id/tck_bs
    SLR Crossing[1->2]   
    BUFGCE_X1Y288        BUFGCE (Prop_BUFCE_BUFGCE_I_O)
                                                      0.024    53.109 r  dbg_hub/inst/BSCANID.u_xsdbm_id/SWITCH_N_EXT_BSCAN.u_bufg_icon_tck/O
    X4Y10 (CLOCK_ROOT)   net (fo=494, routed)         1.649    54.758    dbg_hub/inst/BSCANID.u_xsdbm_id/CORE_XSDB.U_ICON/U_CMD/m_bscan_tck[0]
    SLICE_X145Y655       FDCE                                         r  dbg_hub/inst/BSCANID.u_xsdbm_id/CORE_XSDB.U_ICON/U_CMD/iTARGET_reg[14]/C
                         clock pessimism              5.523    60.281    
                         clock uncertainty           -0.035    60.246    
    SLICE_X145Y655       FDCE (Recov_AFF_SLICEL_C_CLR)
                                                     -0.066    60.180    dbg_hub/inst/BSCANID.u_xsdbm_id/CORE_XSDB.U_ICON/U_CMD/iTARGET_reg[14]
  -------------------------------------------------------------------
                         required time                         60.180    
                         arrival time                         -12.018    
  -------------------------------------------------------------------
                         slack                                 48.162    





Min Delay Paths
--------------------------------------------------------------------------------------
Slack (MET) :             0.125ns  (arrival time - required time)
  Source:                 dbg_hub/inst/BSCANID.u_xsdbm_id/CORE_XSDB.UUT_MASTER/U_ICON_INTERFACE/U_CMD6_RD/U_RD_FIFO/SUBCORE_FIFO.xsdbm_v3_0_0_rdfifo_inst/inst_fifo_gen/gconvfifo.rf/grf.rf/rstblk/ngwrdrst.grst.g7serrst.rst_rd_reg2_reg/C
                            (rising edge-triggered cell FDPE clocked by dbg_hub/inst/BSCANID.u_xsdbm_id/SWITCH_N_EXT_BSCAN.bscan_inst/SERIES7_BSCAN.bscan_inst/INTERNAL_TCK  {rise@0.000ns fall@25.000ns period=50.000ns})
  Destination:            dbg_hub/inst/BSCANID.u_xsdbm_id/CORE_XSDB.UUT_MASTER/U_ICON_INTERFACE/U_CMD6_RD/U_RD_FIFO/SUBCORE_FIFO.xsdbm_v3_0_0_rdfifo_inst/inst_fifo_gen/gconvfifo.rf/grf.rf/rstblk/ngwrdrst.grst.g7serrst.rd_rst_asreg_reg/PRE
                            (removal check against rising-edge clock dbg_hub/inst/BSCANID.u_xsdbm_id/SWITCH_N_EXT_BSCAN.bscan_inst/SERIES7_BSCAN.bscan_inst/INTERNAL_TCK  {rise@0.000ns fall@25.000ns period=50.000ns})
  Path Group:             **async_default**
  Path Type:              Removal (Min at Fast Process Corner)
  Requirement:            0.000ns  (dbg_hub/inst/BSCANID.u_xsdbm_id/SWITCH_N_EXT_BSCAN.bscan_inst/SERIES7_BSCAN.bscan_inst/INTERNAL_TCK rise@0.000ns - dbg_hub/inst/BSCANID.u_xsdbm_id/SWITCH_N_EXT_BSCAN.bscan_inst/SERIES7_BSCAN.bscan_inst/INTERNAL_TCK rise@0.000ns)
  Data Path Delay:        0.130ns  (logic 0.040ns (30.769%)  route 0.090ns (69.231%))
  Logic Levels:           0  
  Clock Path Skew:        0.025ns (DCD - SCD - CPR)
    Destination Clock Delay (DCD):    8.377ns
    Source Clock Delay      (SCD):    3.537ns
    Clock Pessimism Removal (CPR):    4.815ns
  Clock Net Delay (Source):      1.052ns (routing 0.508ns, distribution 0.544ns)
  Clock Net Delay (Destination): 1.200ns (routing 0.569ns, distribution 0.631ns)

    Location             Delay type                Incr(ns)  Path(ns)    Netlist Resource(s)
  -------------------------------------------------------------------    -------------------
                         (clock dbg_hub/inst/BSCANID.u_xsdbm_id/SWITCH_N_EXT_BSCAN.bscan_inst/SERIES7_BSCAN.bscan_inst/INTERNAL_TCK rise edge)
                                                      0.000     0.000 r  
    CONFIG_SITE_X0Y1     BSCANE2                      0.000     0.000 r  dbg_hub/inst/BSCANID.u_xsdbm_id/SWITCH_N_EXT_BSCAN.bscan_inst/SERIES7_BSCAN.bscan_inst/INTERNAL_TCK
    CONFIG_SITE_X0Y1     BSCANE2 (Prop_BSCAN1_CONFIG_SITE_INTERNAL_TCK_TCK)
                                                      0.465     0.465 r  dbg_hub/inst/BSCANID.u_xsdbm_id/SWITCH_N_EXT_BSCAN.bscan_inst/SERIES7_BSCAN.bscan_inst/TCK
                         net (fo=1, routed)           2.003     2.468    dbg_hub/inst/BSCANID.u_xsdbm_id/tck_bs
    SLR Crossing[1->2]   
    BUFGCE_X1Y288        BUFGCE (Prop_BUFCE_BUFGCE_I_O)
                                                      0.017     2.485 r  dbg_hub/inst/BSCANID.u_xsdbm_id/SWITCH_N_EXT_BSCAN.u_bufg_icon_tck/O
    X4Y10 (CLOCK_ROOT)   net (fo=494, routed)         1.052     3.537    dbg_hub/inst/BSCANID.u_xsdbm_id/CORE_XSDB.UUT_MASTER/U_ICON_INTERFACE/U_CMD6_RD/U_RD_FIFO/SUBCORE_FIFO.xsdbm_v3_0_0_rdfifo_inst/inst_fifo_gen/gconvfifo.rf/grf.rf/rstblk/rd_clk
    SLICE_X143Y667       FDPE                                         r  dbg_hub/inst/BSCANID.u_xsdbm_id/CORE_XSDB.UUT_MASTER/U_ICON_INTERFACE/U_CMD6_RD/U_RD_FIFO/SUBCORE_FIFO.xsdbm_v3_0_0_rdfifo_inst/inst_fifo_gen/gconvfifo.rf/grf.rf/rstblk/ngwrdrst.grst.g7serrst.rst_rd_reg2_reg/C
  -------------------------------------------------------------------    -------------------
    SLICE_X143Y667       FDPE (Prop_AFF2_SLICEL_C_Q)
                                                      0.040     3.577 f  dbg_hub/inst/BSCANID.u_xsdbm_id/CORE_XSDB.UUT_MASTER/U_ICON_INTERFACE/U_CMD6_RD/U_RD_FIFO/SUBCORE_FIFO.xsdbm_v3_0_0_rdfifo_inst/inst_fifo_gen/gconvfifo.rf/grf.rf/rstblk/ngwrdrst.grst.g7serrst.rst_rd_reg2_reg/Q
                         net (fo=1, routed)           0.090     3.667    dbg_hub/inst/BSCANID.u_xsdbm_id/CORE_XSDB.UUT_MASTER/U_ICON_INTERFACE/U_CMD6_RD/U_RD_FIFO/SUBCORE_FIFO.xsdbm_v3_0_0_rdfifo_inst/inst_fifo_gen/gconvfifo.rf/grf.rf/rstblk/rst_rd_reg2
    SLICE_X143Y668       FDPE                                         f  dbg_hub/inst/BSCANID.u_xsdbm_id/CORE_XSDB.UUT_MASTER/U_ICON_INTERFACE/U_CMD6_RD/U_RD_FIFO/SUBCORE_FIFO.xsdbm_v3_0_0_rdfifo_inst/inst_fifo_gen/gconvfifo.rf/grf.rf/rstblk/ngwrdrst.grst.g7serrst.rd_rst_asreg_reg/PRE
  -------------------------------------------------------------------    -------------------

                         (clock dbg_hub/inst/BSCANID.u_xsdbm_id/SWITCH_N_EXT_BSCAN.bscan_inst/SERIES7_BSCAN.bscan_inst/INTERNAL_TCK rise edge)
                                                      0.000     0.000 r  
    CONFIG_SITE_X0Y1     BSCANE2                      0.000     0.000 r  dbg_hub/inst/BSCANID.u_xsdbm_id/SWITCH_N_EXT_BSCAN.bscan_inst/SERIES7_BSCAN.bscan_inst/INTERNAL_TCK
    CONFIG_SITE_X0Y1     BSCANE2 (Prop_BSCAN1_CONFIG_SITE_INTERNAL_TCK_TCK)
                                                      4.300     4.300 r  dbg_hub/inst/BSCANID.u_xsdbm_id/SWITCH_N_EXT_BSCAN.bscan_inst/SERIES7_BSCAN.bscan_inst/TCK
                         net (fo=1, routed)           2.858     7.158    dbg_hub/inst/BSCANID.u_xsdbm_id/tck_bs
    SLR Crossing[1->2]   
    BUFGCE_X1Y288        BUFGCE (Prop_BUFCE_BUFGCE_I_O)
                                                      0.019     7.177 r  dbg_hub/inst/BSCANID.u_xsdbm_id/SWITCH_N_EXT_BSCAN.u_bufg_icon_tck/O
    X4Y10 (CLOCK_ROOT)   net (fo=494, routed)         1.200     8.377    dbg_hub/inst/BSCANID.u_xsdbm_id/CORE_XSDB.UUT_MASTER/U_ICON_INTERFACE/U_CMD6_RD/U_RD_FIFO/SUBCORE_FIFO.xsdbm_v3_0_0_rdfifo_inst/inst_fifo_gen/gconvfifo.rf/grf.rf/rstblk/rd_clk
    SLICE_X143Y668       FDPE                                         r  dbg_hub/inst/BSCANID.u_xsdbm_id/CORE_XSDB.UUT_MASTER/U_ICON_INTERFACE/U_CMD6_RD/U_RD_FIFO/SUBCORE_FIFO.xsdbm_v3_0_0_rdfifo_inst/inst_fifo_gen/gconvfifo.rf/grf.rf/rstblk/ngwrdrst.grst.g7serrst.rd_rst_asreg_reg/C
                         clock pessimism             -4.815     3.562    
    SLICE_X143Y668       FDPE (Remov_HFF2_SLICEL_C_PRE)
                                                     -0.020     3.542    dbg_hub/inst/BSCANID.u_xsdbm_id/CORE_XSDB.UUT_MASTER/U_ICON_INTERFACE/U_CMD6_RD/U_RD_FIFO/SUBCORE_FIFO.xsdbm_v3_0_0_rdfifo_inst/inst_fifo_gen/gconvfifo.rf/grf.rf/rstblk/ngwrdrst.grst.g7serrst.rd_rst_asreg_reg
  -------------------------------------------------------------------
                         required time                         -3.542    
                         arrival time                           3.667    
  -------------------------------------------------------------------
                         slack                                  0.125    





---------------------------------------------------------------------------------------------------
Path Group:  **async_default**
From Clock:  mmcm_clkout0
  To Clock:  mmcm_clkout0

Setup :          692  Failing Endpoints,  Worst Slack       -0.580ns,  Total Violation      -27.235ns
Hold  :            0  Failing Endpoints,  Worst Slack        0.986ns,  Total Violation        0.000ns
---------------------------------------------------------------------------------------------------


Max Delay Paths
--------------------------------------------------------------------------------------
Slack (VIOLATED) :        -0.580ns  (required time - arrival time)
  Source:                 i_dram_wrapper/i_ui_por/i_rstgen_bypass/synch_regs_q_reg[3]/C
                            (rising edge-triggered cell FDCE clocked by mmcm_clkout0  {rise@0.000ns fall@1.667ns period=3.333ns})
  Destination:            i_dram_wrapper/fabric_ready_o_reg/CLR
                            (recovery check against rising-edge clock mmcm_clkout0  {rise@0.000ns fall@1.667ns period=3.333ns})
  Path Group:             **async_default**
  Path Type:              Recovery (Max at Slow Process Corner)
  Requirement:            3.333ns  (mmcm_clkout0 rise@3.333ns - mmcm_clkout0 rise@0.000ns)
  Data Path Delay:        2.979ns  (logic 0.173ns (5.807%)  route 2.806ns (94.193%))
  Logic Levels:           1  (BUFGCTRL=1)
  Clock Path Skew:        -0.624ns (DCD - SCD + CPR)
    Destination Clock Delay (DCD):    5.028ns = ( 8.362 - 3.333 ) 
    Source Clock Delay      (SCD):    5.315ns
    Clock Pessimism Removal (CPR):    -0.338ns
  Clock Uncertainty:      0.052ns  ((TSJ^2 + DJ^2)^1/2) / 2 + PE
    Total System Jitter     (TSJ):    0.071ns
    Discrete Jitter          (DJ):    0.076ns
    Phase Error              (PE):    0.000ns
  Inter-SLR Compensation: 0.192ns  ((DCD - CCD) * PF)
    Destination Clock Delay (DCD):    5.028ns
    Common Clock Delay      (CCD):    3.745ns
    Prorating Factor         (PF):    0.150
  Clock Net Delay (Source):      3.181ns (routing 1.274ns, distribution 1.907ns)
  Clock Net Delay (Destination): 2.440ns (routing 1.157ns, distribution 1.283ns)

    Location             Delay type                Incr(ns)  Path(ns)    Netlist Resource(s)
  -------------------------------------------------------------------    -------------------
                         (clock mmcm_clkout0 rise edge)
                                                      0.000     0.000 r  
    E12                                               0.000     0.000 r  sys_clk_p (IN)
                         net (fo=0)                   0.000     0.000    i_bufds_sys_clk/I
    HPIOBDIFFINBUF_X1Y300
                         DIFFINBUF (Prop_DIFFINBUF_HPIOBDIFFINBUF_DIFF_IN_P_O)
                                                      0.675     0.675 r  i_bufds_sys_clk/DIFFINBUF_INST/O
                         net (fo=1, routed)           0.050     0.725    i_bufds_sys_clk/OUT
    E12                  IBUFCTRL (Prop_IBUFCTRL_HPIOB_M_I_O)
                                                      0.000     0.725 r  i_bufds_sys_clk/IBUFCTRL_INST/O
                         net (fo=1, routed)           0.335     1.060    sys_clk
    BUFGCE_X1Y289        BUFGCE (Prop_BUFCE_BUFGCE_I_O)
                                                      0.028     1.088 r  sys_clk_BUFGCE_inst/O
                         net (fo=19, routed)          0.901     1.989    i_dram_wrapper/i_dram/inst/u_ddr4_infrastructure/mmcm_clk_in
    MMCM_X1Y13           MMCME4_ADV (Prop_MMCM_CLKIN1_CLKOUT0)
                                                     -0.127     1.862 r  i_dram_wrapper/i_dram/inst/u_ddr4_infrastructure/gen_mmcme4.u_mmcme_adv_inst/CLKOUT0
                         net (fo=1, routed)           0.244     2.106    i_dram_wrapper/i_dram/inst/u_ddr4_infrastructure/mmcm_clkout0
    BUFGCE_X1Y332        BUFGCE (Prop_BUFCE_BUFGCE_I_O)
                                                      0.028     2.134 r  i_dram_wrapper/i_dram/inst/u_ddr4_infrastructure/u_bufg_divClk/O
    X4Y10 (CLOCK_ROOT)   net (fo=36296, routed)       3.181     5.315    i_dram_wrapper/i_ui_por/i_rstgen_bypass/clk_i
    SLR Crossing[2->1]   
    SLICE_X112Y332       FDCE                                         r  i_dram_wrapper/i_ui_por/i_rstgen_bypass/synch_regs_q_reg[3]/C
  -------------------------------------------------------------------    -------------------
    SLICE_X112Y332       FDCE (Prop_GFF2_SLICEL_C_Q)
                                                      0.081     5.396 r  i_dram_wrapper/i_ui_por/i_rstgen_bypass/synch_regs_q_reg[3]/Q
                         net (fo=1, routed)           0.426     5.822    i_dram_wrapper/i_ui_por/i_rstgen_bypass/i_tc_clk_mux2_rst_no/clk0_i
    BUFGCTRL_X1Y45       BUFGCTRL (Prop_BUFGCTRL_I0_O)
                                                      0.092     5.914 r  i_dram_wrapper/i_ui_por/i_rstgen_bypass/i_tc_clk_mux2_rst_no/i_BUFGMUX/O
                         net (fo=1, routed)           2.380     8.294    i_dram_wrapper/ui_por_n
    SLR Crossing[1->2]   
    SLICE_X124Y719       FDCE                                         f  i_dram_wrapper/fabric_ready_o_reg/CLR  (IS_INVERTED)
  -------------------------------------------------------------------    -------------------

                         (clock mmcm_clkout0 rise edge)
                                                      3.333     3.333 r  
    E12                                               0.000     3.333 r  sys_clk_p (IN)
                         net (fo=0)                   0.000     3.333    i_bufds_sys_clk/I
    HPIOBDIFFINBUF_X1Y300
                         DIFFINBUF (Prop_DIFFINBUF_HPIOBDIFFINBUF_DIFF_IN_P_O)
                                                      0.564     3.898 r  i_bufds_sys_clk/DIFFINBUF_INST/O
                         net (fo=1, routed)           0.040     3.938    i_bufds_sys_clk/OUT
    E12                  IBUFCTRL (Prop_IBUFCTRL_HPIOB_M_I_O)
                                                      0.000     3.938 r  i_bufds_sys_clk/IBUFCTRL_INST/O
                         net (fo=1, routed)           0.297     4.235    sys_clk
    BUFGCE_X1Y289        BUFGCE (Prop_BUFCE_BUFGCE_I_O)
                                                      0.024     4.259 r  sys_clk_BUFGCE_inst/O
                         net (fo=19, routed)          0.795     5.054    i_dram_wrapper/i_dram/inst/u_ddr4_infrastructure/mmcm_clk_in
    MMCM_X1Y13           MMCME4_ADV (Prop_MMCM_CLKIN1_CLKOUT0)
                                                      0.630     5.684 r  i_dram_wrapper/i_dram/inst/u_ddr4_infrastructure/gen_mmcme4.u_mmcme_adv_inst/CLKOUT0
                         net (fo=1, routed)           0.214     5.898    i_dram_wrapper/i_dram/inst/u_ddr4_infrastructure/mmcm_clkout0
    BUFGCE_X1Y332        BUFGCE (Prop_BUFCE_BUFGCE_I_O)
                                                      0.024     5.922 r  i_dram_wrapper/i_dram/inst/u_ddr4_infrastructure/u_bufg_divClk/O
    X4Y10 (CLOCK_ROOT)   net (fo=36296, routed)       2.440     8.362    i_dram_wrapper/dram_axi_clk
    SLICE_X124Y719       FDCE                                         r  i_dram_wrapper/fabric_ready_o_reg/C
                         clock pessimism             -0.338     8.024    
                         inter-SLR compensation      -0.192     7.831    
                         clock uncertainty           -0.052     7.779    
    SLICE_X124Y719       FDCE (Recov_AFF2_SLICEL_C_CLR)
                                                     -0.066     7.713    i_dram_wrapper/fabric_ready_o_reg
  -------------------------------------------------------------------
                         required time                          7.713    
                         arrival time                          -8.294    
  -------------------------------------------------------------------
                         slack                                 -0.580    





Min Delay Paths
--------------------------------------------------------------------------------------
Slack (MET) :             0.986ns  (arrival time - required time)
  Source:                 i_dram_wrapper/i_ui_rstgen/i_rstgen_bypass/synch_regs_q_reg[3]/C
                            (rising edge-triggered cell FDCE clocked by mmcm_clkout0  {rise@0.000ns fall@1.667ns period=3.333ns})
  Destination:            i_dram_wrapper/gen_cdc.i_axi_cdc_mig/i_axi_cdc_dst/i_cdc_fifo_gray_src_r/data_q_reg[21][data][105]/CLR
                            (removal check against rising-edge clock mmcm_clkout0  {rise@0.000ns fall@1.667ns period=3.333ns})
  Path Group:             **async_default**
  Path Type:              Removal (Min at Fast Process Corner)
  Requirement:            0.000ns  (mmcm_clkout0 rise@0.000ns - mmcm_clkout0 rise@0.000ns)
  Data Path Delay:        1.399ns  (logic 0.093ns (6.648%)  route 1.306ns (93.352%))
  Logic Levels:           1  (BUFGCTRL=1)
  Clock Path Skew:        0.270ns (DCD - SCD - CPR)
    Destination Clock Delay (DCD):    3.022ns
    Source Clock Delay      (SCD):    2.960ns
    Clock Pessimism Removal (CPR):    -0.209ns
  Inter-SLR Compensation: 0.163ns  ((DCD - CCD) * DF)
    Destination Clock Delay (DCD):    3.022ns
    Common Clock Delay      (CCD):    1.933ns
    Derating Factor          (DF):    0.150
  Clock Net Delay (Source):      1.517ns (routing 0.698ns, distribution 0.819ns)
  Clock Net Delay (Destination): 1.868ns (routing 0.779ns, distribution 1.089ns)

    Location             Delay type                Incr(ns)  Path(ns)    Netlist Resource(s)
  -------------------------------------------------------------------    -------------------
                         (clock mmcm_clkout0 rise edge)
                                                      0.000     0.000 r  
    E12                                               0.000     0.000 r  sys_clk_p (IN)
                         net (fo=0)                   0.000     0.000    i_bufds_sys_clk/I
    HPIOBDIFFINBUF_X1Y300
                         DIFFINBUF (Prop_DIFFINBUF_HPIOBDIFFINBUF_DIFF_IN_P_O)
                                                      0.340     0.340 r  i_bufds_sys_clk/DIFFINBUF_INST/O
                         net (fo=1, routed)           0.040     0.380    i_bufds_sys_clk/OUT
    E12                  IBUFCTRL (Prop_IBUFCTRL_HPIOB_M_I_O)
                                                      0.000     0.380 r  i_bufds_sys_clk/IBUFCTRL_INST/O
                         net (fo=1, routed)           0.150     0.530    sys_clk
    BUFGCE_X1Y289        BUFGCE (Prop_BUFCE_BUFGCE_I_O)
                                                      0.017     0.547 r  sys_clk_BUFGCE_inst/O
                         net (fo=19, routed)          0.504     1.051    i_dram_wrapper/i_dram/inst/u_ddr4_infrastructure/mmcm_clk_in
    MMCM_X1Y13           MMCME4_ADV (Prop_MMCM_CLKIN1_CLKOUT0)
                                                      0.230     1.281 r  i_dram_wrapper/i_dram/inst/u_ddr4_infrastructure/gen_mmcme4.u_mmcme_adv_inst/CLKOUT0
                         net (fo=1, routed)           0.145     1.426    i_dram_wrapper/i_dram/inst/u_ddr4_infrastructure/mmcm_clkout0
    BUFGCE_X1Y332        BUFGCE (Prop_BUFCE_BUFGCE_I_O)
                                                      0.017     1.443 r  i_dram_wrapper/i_dram/inst/u_ddr4_infrastructure/u_bufg_divClk/O
    X4Y10 (CLOCK_ROOT)   net (fo=36296, routed)       1.517     2.960    i_dram_wrapper/i_ui_rstgen/i_rstgen_bypass/clk_i
    SLR Crossing[2->1]   
    SLICE_X112Y511       FDCE                                         r  i_dram_wrapper/i_ui_rstgen/i_rstgen_bypass/synch_regs_q_reg[3]/C
  -------------------------------------------------------------------    -------------------
    SLICE_X112Y511       FDCE (Prop_DFF2_SLICEL_C_Q)
                                                      0.041     3.001 r  i_dram_wrapper/i_ui_rstgen/i_rstgen_bypass/synch_regs_q_reg[3]/Q
                         net (fo=1, routed)           0.225     3.226    i_dram_wrapper/i_ui_rstgen/i_rstgen_bypass/i_tc_clk_mux2_rst_no/clk0_i
    BUFGCTRL_X1Y67       BUFGCTRL (Prop_BUFGCTRL_I0_O)
                                                      0.052     3.278 r  i_dram_wrapper/i_ui_rstgen/i_rstgen_bypass/i_tc_clk_mux2_rst_no/i_BUFGMUX/O
                         net (fo=18121, routed)       1.081     4.359    i_dram_wrapper/gen_cdc.i_axi_cdc_mig/i_axi_cdc_dst/i_cdc_fifo_gray_src_r/src_rst_ni
    SLR Crossing[1->2]   
    SLICE_X82Y706        FDCE                                         f  i_dram_wrapper/gen_cdc.i_axi_cdc_mig/i_axi_cdc_dst/i_cdc_fifo_gray_src_r/data_q_reg[21][data][105]/CLR  (IS_INVERTED)
  -------------------------------------------------------------------    -------------------

                         (clock mmcm_clkout0 rise edge)
                                                      0.000     0.000 r  
    E12                                               0.000     0.000 r  sys_clk_p (IN)
                         net (fo=0)                   0.000     0.000    i_bufds_sys_clk/I
    HPIOBDIFFINBUF_X1Y300
                         DIFFINBUF (Prop_DIFFINBUF_HPIOBDIFFINBUF_DIFF_IN_P_O)
                                                      0.446     0.446 r  i_bufds_sys_clk/DIFFINBUF_INST/O
                         net (fo=1, routed)           0.050     0.496    i_bufds_sys_clk/OUT
    E12                  IBUFCTRL (Prop_IBUFCTRL_HPIOB_M_I_O)
                                                      0.000     0.496 r  i_bufds_sys_clk/IBUFCTRL_INST/O
                         net (fo=1, routed)           0.183     0.679    sys_clk
    BUFGCE_X1Y289        BUFGCE (Prop_BUFCE_BUFGCE_I_O)
                                                      0.019     0.698 r  sys_clk_BUFGCE_inst/O
                         net (fo=19, routed)          0.567     1.265    i_dram_wrapper/i_dram/inst/u_ddr4_infrastructure/mmcm_clk_in
    MMCM_X1Y13           MMCME4_ADV (Prop_MMCM_CLKIN1_CLKOUT0)
                                                     -0.295     0.970 r  i_dram_wrapper/i_dram/inst/u_ddr4_infrastructure/gen_mmcme4.u_mmcme_adv_inst/CLKOUT0
                         net (fo=1, routed)           0.165     1.135    i_dram_wrapper/i_dram/inst/u_ddr4_infrastructure/mmcm_clkout0
    BUFGCE_X1Y332        BUFGCE (Prop_BUFCE_BUFGCE_I_O)
                                                      0.019     1.154 r  i_dram_wrapper/i_dram/inst/u_ddr4_infrastructure/u_bufg_divClk/O
    X4Y10 (CLOCK_ROOT)   net (fo=36296, routed)       1.868     3.022    i_dram_wrapper/gen_cdc.i_axi_cdc_mig/i_axi_cdc_dst/i_cdc_fifo_gray_src_r/src_clk_i
    SLICE_X82Y706        FDCE                                         r  i_dram_wrapper/gen_cdc.i_axi_cdc_mig/i_axi_cdc_dst/i_cdc_fifo_gray_src_r/data_q_reg[21][data][105]/C
                         clock pessimism              0.209     3.230    
                         inter-SLR compensation       0.163     3.394    
    SLICE_X82Y706        FDCE (Remov_HFF_SLICEL_C_CLR)
                                                     -0.020     3.374    i_dram_wrapper/gen_cdc.i_axi_cdc_mig/i_axi_cdc_dst/i_cdc_fifo_gray_src_r/data_q_reg[21][data][105]
  -------------------------------------------------------------------
                         required time                         -3.374    
                         arrival time                           4.359    
  -------------------------------------------------------------------
                         slack                                  0.986    





---------------------------------------------------------------------------------------------------
Path Group:  **async_default**
From Clock:  mmcm_clkout5
  To Clock:  mmcm_clkout5

Setup :            0  Failing Endpoints,  Worst Slack       11.296ns,  Total Violation        0.000ns
Hold  :            0  Failing Endpoints,  Worst Slack        0.128ns,  Total Violation        0.000ns
---------------------------------------------------------------------------------------------------


Max Delay Paths
--------------------------------------------------------------------------------------
Slack (MET) :             11.296ns  (required time - arrival time)
  Source:                 dbg_hub/inst/BSCANID.u_xsdbm_id/CORE_XSDB.UUT_MASTER/U_ICON_INTERFACE/U_CMD1/ctl_reg_reg[0]/C
                            (rising edge-triggered cell FDRE clocked by mmcm_clkout5  {rise@0.000ns fall@6.667ns period=13.333ns})
  Destination:            dbg_hub/inst/BSCANID.u_xsdbm_id/CORE_XSDB.UUT_MASTER/U_XSDB_BUS_CONTROLLER/timer_rst_reg/PRE
                            (recovery check against rising-edge clock mmcm_clkout5  {rise@0.000ns fall@6.667ns period=13.333ns})
  Path Group:             **async_default**
  Path Type:              Recovery (Max at Slow Process Corner)
  Requirement:            13.333ns  (mmcm_clkout5 rise@13.333ns - mmcm_clkout5 rise@0.000ns)
  Data Path Delay:        1.813ns  (logic 0.076ns (4.192%)  route 1.737ns (95.808%))
  Logic Levels:           0  
  Clock Path Skew:        -0.097ns (DCD - SCD + CPR)
    Destination Clock Delay (DCD):    4.421ns = ( 17.755 - 13.333 ) 
    Source Clock Delay      (SCD):    4.207ns
    Clock Pessimism Removal (CPR):    -0.311ns
  Clock Uncertainty:      0.061ns  ((TSJ^2 + DJ^2)^1/2) / 2 + PE
    Total System Jitter     (TSJ):    0.071ns
    Discrete Jitter          (DJ):    0.100ns
    Phase Error              (PE):    0.000ns
  Clock Net Delay (Source):      2.082ns (routing 0.944ns, distribution 1.138ns)
  Clock Net Delay (Destination): 1.841ns (routing 0.858ns, distribution 0.983ns)

    Location             Delay type                Incr(ns)  Path(ns)    Netlist Resource(s)
  -------------------------------------------------------------------    -------------------
                         (clock mmcm_clkout5 rise edge)
                                                      0.000     0.000 r  
    E12                                               0.000     0.000 r  sys_clk_p (IN)
                         net (fo=0)                   0.000     0.000    i_bufds_sys_clk/I
    HPIOBDIFFINBUF_X1Y300
                         DIFFINBUF (Prop_DIFFINBUF_HPIOBDIFFINBUF_DIFF_IN_P_O)
                                                      0.675     0.675 r  i_bufds_sys_clk/DIFFINBUF_INST/O
                         net (fo=1, routed)           0.050     0.725    i_bufds_sys_clk/OUT
    E12                  IBUFCTRL (Prop_IBUFCTRL_HPIOB_M_I_O)
                                                      0.000     0.725 r  i_bufds_sys_clk/IBUFCTRL_INST/O
                         net (fo=1, routed)           0.335     1.060    sys_clk
    BUFGCE_X1Y289        BUFGCE (Prop_BUFCE_BUFGCE_I_O)
                                                      0.028     1.088 r  sys_clk_BUFGCE_inst/O
                         net (fo=19, routed)          0.901     1.989    i_dram_wrapper/i_dram/inst/u_ddr4_infrastructure/mmcm_clk_in
    MMCM_X1Y13           MMCME4_ADV (Prop_MMCM_CLKIN1_CLKOUT5)
                                                     -0.127     1.862 r  i_dram_wrapper/i_dram/inst/u_ddr4_infrastructure/gen_mmcme4.u_mmcme_adv_inst/CLKOUT5
                         net (fo=1, routed)           0.235     2.097    i_dram_wrapper/i_dram/inst/u_ddr4_infrastructure/mmcm_clkout5
    BUFGCE_X1Y320        BUFGCE (Prop_BUFCE_BUFGCE_I_O)
                                                      0.028     2.125 r  i_dram_wrapper/i_dram/inst/u_ddr4_infrastructure/u_bufg_dbg_clk/O
    X4Y11 (CLOCK_ROOT)   net (fo=842, routed)         2.082     4.207    dbg_hub/inst/BSCANID.u_xsdbm_id/CORE_XSDB.UUT_MASTER/U_ICON_INTERFACE/U_CMD1/clk
    SLICE_X153Y665       FDRE                                         r  dbg_hub/inst/BSCANID.u_xsdbm_id/CORE_XSDB.UUT_MASTER/U_ICON_INTERFACE/U_CMD1/ctl_reg_reg[0]/C
  -------------------------------------------------------------------    -------------------
    SLICE_X153Y665       FDRE (Prop_EFF_SLICEM_C_Q)
                                                      0.076     4.283 f  dbg_hub/inst/BSCANID.u_xsdbm_id/CORE_XSDB.UUT_MASTER/U_ICON_INTERFACE/U_CMD1/ctl_reg_reg[0]/Q
                         net (fo=168, routed)         1.737     6.020    dbg_hub/inst/BSCANID.u_xsdbm_id/CORE_XSDB.UUT_MASTER/U_XSDB_BUS_CONTROLLER/out[0]
    SLICE_X155Y683       FDPE                                         f  dbg_hub/inst/BSCANID.u_xsdbm_id/CORE_XSDB.UUT_MASTER/U_XSDB_BUS_CONTROLLER/timer_rst_reg/PRE
  -------------------------------------------------------------------    -------------------

                         (clock mmcm_clkout5 rise edge)
                                                     13.333    13.333 r  
    E12                                               0.000    13.333 r  sys_clk_p (IN)
                         net (fo=0)                   0.000    13.333    i_bufds_sys_clk/I
    HPIOBDIFFINBUF_X1Y300
                         DIFFINBUF (Prop_DIFFINBUF_HPIOBDIFFINBUF_DIFF_IN_P_O)
                                                      0.564    13.898 r  i_bufds_sys_clk/DIFFINBUF_INST/O
                         net (fo=1, routed)           0.040    13.938    i_bufds_sys_clk/OUT
    E12                  IBUFCTRL (Prop_IBUFCTRL_HPIOB_M_I_O)
                                                      0.000    13.938 r  i_bufds_sys_clk/IBUFCTRL_INST/O
                         net (fo=1, routed)           0.297    14.235    sys_clk
    BUFGCE_X1Y289        BUFGCE (Prop_BUFCE_BUFGCE_I_O)
                                                      0.024    14.259 r  sys_clk_BUFGCE_inst/O
                         net (fo=19, routed)          0.795    15.054    i_dram_wrapper/i_dram/inst/u_ddr4_infrastructure/mmcm_clk_in
    MMCM_X1Y13           MMCME4_ADV (Prop_MMCM_CLKIN1_CLKOUT5)
                                                      0.630    15.684 r  i_dram_wrapper/i_dram/inst/u_ddr4_infrastructure/gen_mmcme4.u_mmcme_adv_inst/CLKOUT5
                         net (fo=1, routed)           0.206    15.890    i_dram_wrapper/i_dram/inst/u_ddr4_infrastructure/mmcm_clkout5
    BUFGCE_X1Y320        BUFGCE (Prop_BUFCE_BUFGCE_I_O)
                                                      0.024    15.914 r  i_dram_wrapper/i_dram/inst/u_ddr4_infrastructure/u_bufg_dbg_clk/O
    X4Y11 (CLOCK_ROOT)   net (fo=842, routed)         1.841    17.755    dbg_hub/inst/BSCANID.u_xsdbm_id/CORE_XSDB.UUT_MASTER/U_XSDB_BUS_CONTROLLER/clk
    SLICE_X155Y683       FDPE                                         r  dbg_hub/inst/BSCANID.u_xsdbm_id/CORE_XSDB.UUT_MASTER/U_XSDB_BUS_CONTROLLER/timer_rst_reg/C
                         clock pessimism             -0.311    17.443    
                         clock uncertainty           -0.061    17.382    
    SLICE_X155Y683       FDPE (Recov_DFF_SLICEL_C_PRE)
                                                     -0.066    17.316    dbg_hub/inst/BSCANID.u_xsdbm_id/CORE_XSDB.UUT_MASTER/U_XSDB_BUS_CONTROLLER/timer_rst_reg
  -------------------------------------------------------------------
                         required time                         17.316    
                         arrival time                          -6.020    
  -------------------------------------------------------------------
                         slack                                 11.296    





Min Delay Paths
--------------------------------------------------------------------------------------
Slack (MET) :             0.128ns  (arrival time - required time)
  Source:                 dbg_hub/inst/BSCANID.u_xsdbm_id/CORE_XSDB.UUT_MASTER/U_ICON_INTERFACE/U_CMD6_WR/U_WR_FIFO/SUBCORE_FIFO.xsdbm_v3_0_0_wrfifo_inst/inst_fifo_gen/gconvfifo.rf/grf.rf/rstblk/ngwrdrst.grst.g7serrst.rd_rst_reg_reg[1]/C
                            (rising edge-triggered cell FDPE clocked by mmcm_clkout5  {rise@0.000ns fall@6.667ns period=13.333ns})
  Destination:            dbg_hub/inst/BSCANID.u_xsdbm_id/CORE_XSDB.UUT_MASTER/U_ICON_INTERFACE/U_CMD6_WR/U_WR_FIFO/SUBCORE_FIFO.xsdbm_v3_0_0_wrfifo_inst/inst_fifo_gen/gconvfifo.rf/grf.rf/gntv_or_sync_fifo.gcx.clkx/gnxpm_cdc.gsync_stage[1].rd_stg_inst/Q_reg_reg[2]/CLR
                            (removal check against rising-edge clock mmcm_clkout5  {rise@0.000ns fall@6.667ns period=13.333ns})
  Path Group:             **async_default**
  Path Type:              Removal (Min at Fast Process Corner)
  Requirement:            0.000ns  (mmcm_clkout5 rise@0.000ns - mmcm_clkout5 rise@0.000ns)
  Data Path Delay:        0.123ns  (logic 0.038ns (30.894%)  route 0.085ns (69.106%))
  Logic Levels:           0  
  Clock Path Skew:        0.015ns (DCD - SCD - CPR)
    Destination Clock Delay (DCD):    2.496ns
    Source Clock Delay      (SCD):    2.630ns
    Clock Pessimism Removal (CPR):    -0.150ns
  Clock Net Delay (Source):      1.194ns (routing 0.522ns, distribution 0.672ns)
  Clock Net Delay (Destination): 1.349ns (routing 0.580ns, distribution 0.769ns)

    Location             Delay type                Incr(ns)  Path(ns)    Netlist Resource(s)
  -------------------------------------------------------------------    -------------------
                         (clock mmcm_clkout5 rise edge)
                                                      0.000     0.000 r  
    E12                                               0.000     0.000 r  sys_clk_p (IN)
                         net (fo=0)                   0.000     0.000    i_bufds_sys_clk/I
    HPIOBDIFFINBUF_X1Y300
                         DIFFINBUF (Prop_DIFFINBUF_HPIOBDIFFINBUF_DIFF_IN_P_O)
                                                      0.340     0.340 r  i_bufds_sys_clk/DIFFINBUF_INST/O
                         net (fo=1, routed)           0.040     0.380    i_bufds_sys_clk/OUT
    E12                  IBUFCTRL (Prop_IBUFCTRL_HPIOB_M_I_O)
                                                      0.000     0.380 r  i_bufds_sys_clk/IBUFCTRL_INST/O
                         net (fo=1, routed)           0.150     0.530    sys_clk
    BUFGCE_X1Y289        BUFGCE (Prop_BUFCE_BUFGCE_I_O)
                                                      0.017     0.547 r  sys_clk_BUFGCE_inst/O
                         net (fo=19, routed)          0.504     1.051    i_dram_wrapper/i_dram/inst/u_ddr4_infrastructure/mmcm_clk_in
    MMCM_X1Y13           MMCME4_ADV (Prop_MMCM_CLKIN1_CLKOUT5)
                                                      0.230     1.281 r  i_dram_wrapper/i_dram/inst/u_ddr4_infrastructure/gen_mmcme4.u_mmcme_adv_inst/CLKOUT5
                         net (fo=1, routed)           0.138     1.419    i_dram_wrapper/i_dram/inst/u_ddr4_infrastructure/mmcm_clkout5
    BUFGCE_X1Y320        BUFGCE (Prop_BUFCE_BUFGCE_I_O)
                                                      0.017     1.436 r  i_dram_wrapper/i_dram/inst/u_ddr4_infrastructure/u_bufg_dbg_clk/O
    X4Y11 (CLOCK_ROOT)   net (fo=842, routed)         1.194     2.630    dbg_hub/inst/BSCANID.u_xsdbm_id/CORE_XSDB.UUT_MASTER/U_ICON_INTERFACE/U_CMD6_WR/U_WR_FIFO/SUBCORE_FIFO.xsdbm_v3_0_0_wrfifo_inst/inst_fifo_gen/gconvfifo.rf/grf.rf/rstblk/rd_clk
    SLICE_X163Y653       FDPE                                         r  dbg_hub/inst/BSCANID.u_xsdbm_id/CORE_XSDB.UUT_MASTER/U_ICON_INTERFACE/U_CMD6_WR/U_WR_FIFO/SUBCORE_FIFO.xsdbm_v3_0_0_wrfifo_inst/inst_fifo_gen/gconvfifo.rf/grf.rf/rstblk/ngwrdrst.grst.g7serrst.rd_rst_reg_reg[1]/C
  -------------------------------------------------------------------    -------------------
    SLICE_X163Y653       FDPE (Prop_EFF_SLICEM_C_Q)
                                                      0.038     2.668 f  dbg_hub/inst/BSCANID.u_xsdbm_id/CORE_XSDB.UUT_MASTER/U_ICON_INTERFACE/U_CMD6_WR/U_WR_FIFO/SUBCORE_FIFO.xsdbm_v3_0_0_wrfifo_inst/inst_fifo_gen/gconvfifo.rf/grf.rf/rstblk/ngwrdrst.grst.g7serrst.rd_rst_reg_reg[1]/Q
                         net (fo=16, routed)          0.085     2.753    dbg_hub/inst/BSCANID.u_xsdbm_id/CORE_XSDB.UUT_MASTER/U_ICON_INTERFACE/U_CMD6_WR/U_WR_FIFO/SUBCORE_FIFO.xsdbm_v3_0_0_wrfifo_inst/inst_fifo_gen/gconvfifo.rf/grf.rf/gntv_or_sync_fifo.gcx.clkx/gnxpm_cdc.gsync_stage[1].rd_stg_inst/Q_reg_reg[0]_0[0]
    SLICE_X163Y653       FDCE                                         f  dbg_hub/inst/BSCANID.u_xsdbm_id/CORE_XSDB.UUT_MASTER/U_ICON_INTERFACE/U_CMD6_WR/U_WR_FIFO/SUBCORE_FIFO.xsdbm_v3_0_0_wrfifo_inst/inst_fifo_gen/gconvfifo.rf/grf.rf/gntv_or_sync_fifo.gcx.clkx/gnxpm_cdc.gsync_stage[1].rd_stg_inst/Q_reg_reg[2]/CLR
  -------------------------------------------------------------------    -------------------

                         (clock mmcm_clkout5 rise edge)
                                                      0.000     0.000 r  
    E12                                               0.000     0.000 r  sys_clk_p (IN)
                         net (fo=0)                   0.000     0.000    i_bufds_sys_clk/I
    HPIOBDIFFINBUF_X1Y300
                         DIFFINBUF (Prop_DIFFINBUF_HPIOBDIFFINBUF_DIFF_IN_P_O)
                                                      0.446     0.446 r  i_bufds_sys_clk/DIFFINBUF_INST/O
                         net (fo=1, routed)           0.050     0.496    i_bufds_sys_clk/OUT
    E12                  IBUFCTRL (Prop_IBUFCTRL_HPIOB_M_I_O)
                                                      0.000     0.496 r  i_bufds_sys_clk/IBUFCTRL_INST/O
                         net (fo=1, routed)           0.183     0.679    sys_clk
    BUFGCE_X1Y289        BUFGCE (Prop_BUFCE_BUFGCE_I_O)
                                                      0.019     0.698 r  sys_clk_BUFGCE_inst/O
                         net (fo=19, routed)          0.567     1.265    i_dram_wrapper/i_dram/inst/u_ddr4_infrastructure/mmcm_clk_in
    MMCM_X1Y13           MMCME4_ADV (Prop_MMCM_CLKIN1_CLKOUT5)
                                                     -0.295     0.970 r  i_dram_wrapper/i_dram/inst/u_ddr4_infrastructure/gen_mmcme4.u_mmcme_adv_inst/CLKOUT5
                         net (fo=1, routed)           0.158     1.128    i_dram_wrapper/i_dram/inst/u_ddr4_infrastructure/mmcm_clkout5
    BUFGCE_X1Y320        BUFGCE (Prop_BUFCE_BUFGCE_I_O)
                                                      0.019     1.147 r  i_dram_wrapper/i_dram/inst/u_ddr4_infrastructure/u_bufg_dbg_clk/O
    X4Y11 (CLOCK_ROOT)   net (fo=842, routed)         1.349     2.496    dbg_hub/inst/BSCANID.u_xsdbm_id/CORE_XSDB.UUT_MASTER/U_ICON_INTERFACE/U_CMD6_WR/U_WR_FIFO/SUBCORE_FIFO.xsdbm_v3_0_0_wrfifo_inst/inst_fifo_gen/gconvfifo.rf/grf.rf/gntv_or_sync_fifo.gcx.clkx/gnxpm_cdc.gsync_stage[1].rd_stg_inst/rd_clk
    SLICE_X163Y653       FDCE                                         r  dbg_hub/inst/BSCANID.u_xsdbm_id/CORE_XSDB.UUT_MASTER/U_ICON_INTERFACE/U_CMD6_WR/U_WR_FIFO/SUBCORE_FIFO.xsdbm_v3_0_0_wrfifo_inst/inst_fifo_gen/gconvfifo.rf/grf.rf/gntv_or_sync_fifo.gcx.clkx/gnxpm_cdc.gsync_stage[1].rd_stg_inst/Q_reg_reg[2]/C
                         clock pessimism              0.150     2.645    
    SLICE_X163Y653       FDCE (Remov_CFF2_SLICEM_C_CLR)
                                                     -0.020     2.625    dbg_hub/inst/BSCANID.u_xsdbm_id/CORE_XSDB.UUT_MASTER/U_ICON_INTERFACE/U_CMD6_WR/U_WR_FIFO/SUBCORE_FIFO.xsdbm_v3_0_0_wrfifo_inst/inst_fifo_gen/gconvfifo.rf/grf.rf/gntv_or_sync_fifo.gcx.clkx/gnxpm_cdc.gsync_stage[1].rd_stg_inst/Q_reg_reg[2]
  -------------------------------------------------------------------
                         required time                         -2.625    
                         arrival time                           2.753    
  -------------------------------------------------------------------
                         slack                                  0.128    





---------------------------------------------------------------------------------------------------
Path Group:  **default**
From Clock:  clk_50_clkwiz
  To Clock:  

Setup :            0  Failing Endpoints,  Worst Slack       15.887ns,  Total Violation        0.000ns
Hold  :           NA  Failing Endpoints,  Worst Slack           NA  ,  Total Violation           NA
---------------------------------------------------------------------------------------------------


Max Delay Paths
--------------------------------------------------------------------------------------
Slack (MET) :             15.887ns  (required time - arrival time)
  Source:                 i_cheshire_soc/i_dbg_dmi_jtag/i_dmi_jtag_tap/td_o_reg/C
                            (rising edge-triggered cell FDCE clocked by clk_50_clkwiz  {rise@0.000ns fall@10.000ns period=20.000ns})
  Destination:            jtag_tdo_o
  Path Group:             **default**
  Path Type:              Max at Slow Process Corner
  Requirement:            20.000ns  (MaxDelay Path 20.000ns)
  Data Path Delay:        4.113ns  (logic 0.921ns (22.386%)  route 3.192ns (77.614%))
  Logic Levels:           1  (OBUF=1)
  Output Delay:           0.000ns
  Timing Exception:       MaxDelay Path 20.000ns -datapath_only

    Location             Delay type                Incr(ns)  Path(ns)    Netlist Resource(s)
  -------------------------------------------------------------------    -------------------
    SLICE_X37Y626                                     0.000     0.000 r  i_cheshire_soc/i_dbg_dmi_jtag/i_dmi_jtag_tap/td_o_reg/C
    SLICE_X37Y626        FDCE (Prop_GFF_SLICEL_C_Q)
                                                      0.079     0.079 r  i_cheshire_soc/i_dbg_dmi_jtag/i_dmi_jtag_tap/td_o_reg/Q
                         net (fo=1, routed)           3.192     3.271    jtag_tdo_o_OBUF
    SLR Crossing[2->1]   
    N30                  OBUF (Prop_OUTBUF_HPIOB_M_I_O)
                                                      0.842     4.113 r  jtag_tdo_o_OBUF_inst/O
                         net (fo=0)                   0.000     4.113    jtag_tdo_o
    N30                                                               r  jtag_tdo_o (OUT)
  -------------------------------------------------------------------    -------------------

                         max delay                   20.000    20.000    
                         output delay                -0.000    20.000    
  -------------------------------------------------------------------
                         required time                         20.000    
                         arrival time                          -4.113    
  -------------------------------------------------------------------
                         slack                                 15.887    





--------------------------------------------------------------------------------------
Path Group:  (none)
From Clock:  clk_50_clkwiz
  To Clock:  

Max Delay             0 Endpoints
Min Delay             2 Endpoints
--------------------------------------------------------------------------------------


Min Delay Paths
--------------------------------------------------------------------------------------
Slack:                    inf
  Source:                 i_cheshire_soc/i_dbg_dmi_jtag/i_dmi_jtag_tap/td_o_reg/C
                            (rising edge-triggered cell FDCE clocked by clk_50_clkwiz  {rise@0.000ns fall@10.000ns period=20.000ns})
  Destination:            jtag_tdo_o
                            (output port)
  Path Group:             (none)
  Path Type:              Min at Fast Process Corner
  Data Path Delay:        1.825ns  (logic 0.454ns (24.889%)  route 1.371ns (75.111%))
  Logic Levels:           1  (OBUF=1)
  Clock Uncertainty:      0.234ns  ((TSJ^2 + DJ^2)^1/2) / 2 + PE
    Total System Jitter     (TSJ):    0.050ns
    Discrete Jitter          (DJ):    0.150ns
    Phase Error              (PE):    0.155ns
  Clock Net Delay (Source):      2.030ns (routing 1.022ns, distribution 1.008ns)
  Timing Exception:       False Path

    Location             Delay type                Incr(ns)  Path(ns)    Netlist Resource(s)
  -------------------------------------------------------------------    -------------------
                         (clock clk_50_clkwiz rise edge)
                                                      0.000     0.000 r  
    E12                                               0.000     0.000 r  sys_clk_p (IN)
                         net (fo=0)                   0.000     0.000    i_bufds_sys_clk/I
    HPIOBDIFFINBUF_X1Y300
                         DIFFINBUF (Prop_DIFFINBUF_HPIOBDIFFINBUF_DIFF_IN_P_O)
                                                      0.340     0.340 r  i_bufds_sys_clk/DIFFINBUF_INST/O
                         net (fo=1, routed)           0.040     0.380    i_bufds_sys_clk/OUT
    E12                  IBUFCTRL (Prop_IBUFCTRL_HPIOB_M_I_O)
                                                      0.000     0.380 r  i_bufds_sys_clk/IBUFCTRL_INST/O
                         net (fo=1, routed)           0.150     0.530    sys_clk
    BUFGCE_X1Y289        BUFGCE (Prop_BUFCE_BUFGCE_I_O)
                                                      0.017     0.547 r  sys_clk_BUFGCE_inst/O
                         net (fo=19, routed)          0.552     1.099    i_clkwiz/inst/clk_in1
    MMCM_X1Y11           MMCME4_ADV (Prop_MMCM_CLKIN1_CLKOUT0)
                                                      0.230     1.329 r  i_clkwiz/inst/mmcme4_adv_inst/CLKOUT0
                         net (fo=1, routed)           0.145     1.474    i_clkwiz/inst/clk_50_clkwiz
    BUFGCE_X1Y266        BUFGCE (Prop_BUFCE_BUFGCE_I_O)
                                                      0.017     1.491 r  i_clkwiz/inst/clkout1_buf/O
    X2Y7 (CLOCK_ROOT)    net (fo=198214, routed)      2.030     3.521    i_cheshire_soc/i_dbg_dmi_jtag/i_dmi_jtag_tap/clk_i
    SLICE_X37Y626        FDCE                                         r  i_cheshire_soc/i_dbg_dmi_jtag/i_dmi_jtag_tap/td_o_reg/C
  -------------------------------------------------------------------    -------------------
    SLICE_X37Y626        FDCE (Prop_GFF_SLICEL_C_Q)
                                                      0.039     3.560 r  i_cheshire_soc/i_dbg_dmi_jtag/i_dmi_jtag_tap/td_o_reg/Q
                         net (fo=1, routed)           1.371     4.931    jtag_tdo_o_OBUF
    SLR Crossing[2->1]   
    N30                  OBUF (Prop_OUTBUF_HPIOB_M_I_O)
                                                      0.415     5.347 r  jtag_tdo_o_OBUF_inst/O
                         net (fo=0)                   0.000     5.347    jtag_tdo_o
    N30                                                               r  jtag_tdo_o (OUT)
  -------------------------------------------------------------------    -------------------





--------------------------------------------------------------------------------------
Path Group:  (none)
From Clock:  
  To Clock:  clk_50_clkwiz

Max Delay             4 Endpoints
Min Delay             4 Endpoints
--------------------------------------------------------------------------------------


Max Delay Paths
--------------------------------------------------------------------------------------
Slack:                    inf
  Source:                 sys_reset
                            (input port)
  Destination:            i_board_por/i_rstgen_bypass/synch_regs_q_reg[0]/CLR
                            (recovery check against rising-edge clock clk_50_clkwiz  {rise@0.000ns fall@10.000ns period=20.000ns})
  Path Group:             (none)
  Path Type:              Recovery (Max at Slow Process Corner)
  Data Path Delay:        7.860ns  (logic 0.822ns (10.458%)  route 7.038ns (89.542%))
  Logic Levels:           4  (BUFGCTRL=1 IBUFCTRL=1 INBUF=1 LUT2=1)
  Clock Path Skew:        5.862ns (DCD - SCD + CPR)
    Destination Clock Delay (DCD):    5.862ns
    Source Clock Delay      (SCD):    0.000ns
    Clock Pessimism Removal (CPR):    0.000ns
  Clock Net Delay (Destination): 3.193ns (routing 1.700ns, distribution 1.493ns)
  Timing Exception:       False Path

    Location             Delay type                Incr(ns)  Path(ns)    Netlist Resource(s)
  -------------------------------------------------------------------    -------------------
    L19                                               0.000     0.000 f  sys_reset (IN)
                         net (fo=0)                   0.000     0.000    sys_reset_IBUF_inst/I
    L19                  INBUF (Prop_INBUF_HPIOB_SNGL_PAD_O)
                                                      0.580     0.580 f  sys_reset_IBUF_inst/INBUF_INST/O
                         net (fo=1, routed)           0.000     0.580    sys_reset_IBUF_inst/OUT
    L19                  IBUFCTRL (Prop_IBUFCTRL_HPIOB_SNGL_I_O)
                                                      0.000     0.580 f  sys_reset_IBUF_inst/IBUFCTRL_INST/O
                         net (fo=1, routed)           2.174     2.754    sys_reset_IBUF
    SLICE_X112Y706       LUT2 (Prop_H6LUT_SLICEL_I1_O)
                                                      0.150     2.904 r  i_board_por_i_1/O
                         net (fo=3, routed)           3.232     6.136    i_board_por/i_rstgen_bypass/i_tc_clk_mux2_rst_n/clk0_i
    SLR Crossing[2->1]   
    BUFGCTRL_X1Y75       BUFGCTRL (Prop_BUFGCTRL_I0_O)
                                                      0.092     6.228 r  i_board_por/i_rstgen_bypass/i_tc_clk_mux2_rst_n/i_BUFGMUX/O
                         net (fo=4, routed)           1.632     7.860    i_board_por/i_rstgen_bypass/rst_n
    SLR Crossing[1->2]   
    SLICE_X61Y608        FDCE                                         f  i_board_por/i_rstgen_bypass/synch_regs_q_reg[0]/CLR  (IS_INVERTED)
  -------------------------------------------------------------------    -------------------

                         (clock clk_50_clkwiz rise edge)
                                                      0.000     0.000 r  
    E12                                               0.000     0.000 r  sys_clk_p (IN)
                         net (fo=0)                   0.000     0.000    i_bufds_sys_clk/I
    HPIOBDIFFINBUF_X1Y300
                         DIFFINBUF (Prop_DIFFINBUF_HPIOBDIFFINBUF_DIFF_IN_P_O)
                                                      0.564     0.564 r  i_bufds_sys_clk/DIFFINBUF_INST/O
                         net (fo=1, routed)           0.040     0.604    i_bufds_sys_clk/OUT
    E12                  IBUFCTRL (Prop_IBUFCTRL_HPIOB_M_I_O)
                                                      0.000     0.604 r  i_bufds_sys_clk/IBUFCTRL_INST/O
                         net (fo=1, routed)           0.297     0.901    sys_clk
    BUFGCE_X1Y289        BUFGCE (Prop_BUFCE_BUFGCE_I_O)
                                                      0.024     0.925 r  sys_clk_BUFGCE_inst/O
                         net (fo=19, routed)          0.876     1.801    i_clkwiz/inst/clk_in1
    MMCM_X1Y11           MMCME4_ADV (Prop_MMCM_CLKIN1_CLKOUT0)
                                                      0.630     2.431 r  i_clkwiz/inst/mmcme4_adv_inst/CLKOUT0
                         net (fo=1, routed)           0.214     2.645    i_clkwiz/inst/clk_50_clkwiz
    BUFGCE_X1Y266        BUFGCE (Prop_BUFCE_BUFGCE_I_O)
                                                      0.024     2.669 r  i_clkwiz/inst/clkout1_buf/O
    X2Y7 (CLOCK_ROOT)    net (fo=198214, routed)      3.193     5.862    i_board_por/i_rstgen_bypass/clk_i
    SLICE_X61Y608        FDCE                                         r  i_board_por/i_rstgen_bypass/synch_regs_q_reg[0]/C





Min Delay Paths
--------------------------------------------------------------------------------------
Slack:                    inf
  Source:                 sys_reset
                            (input port)
  Destination:            i_board_por/i_rstgen_bypass/synch_regs_q_reg[0]/CLR
                            (removal check against rising-edge clock clk_50_clkwiz  {rise@0.000ns fall@10.000ns period=20.000ns})
  Path Group:             (none)
  Path Type:              Removal (Min at Fast Process Corner)
  Data Path Delay:        3.624ns  (logic 0.244ns (6.741%)  route 3.380ns (93.259%))
  Logic Levels:           4  (BUFGCTRL=1 IBUFCTRL=1 INBUF=1 LUT2=1)
  Clock Path Skew:        3.386ns (DCD - SCD - CPR)
    Destination Clock Delay (DCD):    3.386ns
    Source Clock Delay      (SCD):    0.000ns
    Clock Pessimism Removal (CPR):    -0.000ns
  Clock Net Delay (Destination): 2.177ns (routing 1.135ns, distribution 1.042ns)
  Timing Exception:       False Path

    Location             Delay type                Incr(ns)  Path(ns)    Netlist Resource(s)
  -------------------------------------------------------------------    -------------------
    L19                                               0.000     0.000 f  sys_reset (IN)
                         net (fo=0)                   0.000     0.000    sys_reset_IBUF_inst/I
    L19                  INBUF (Prop_INBUF_HPIOB_SNGL_PAD_O)
                                                      0.132     0.132 f  sys_reset_IBUF_inst/INBUF_INST/O
                         net (fo=1, routed)           0.000     0.132    sys_reset_IBUF_inst/OUT
    L19                  IBUFCTRL (Prop_IBUFCTRL_HPIOB_SNGL_I_O)
                                                      0.000     0.132 f  sys_reset_IBUF_inst/IBUFCTRL_INST/O
                         net (fo=1, routed)           0.991     1.123    sys_reset_IBUF
    SLICE_X112Y706       LUT2 (Prop_H6LUT_SLICEL_I1_O)
                                                      0.060     1.183 r  i_board_por_i_1/O
                         net (fo=3, routed)           1.489     2.672    i_board_por/i_rstgen_bypass/i_tc_clk_mux2_rst_n/clk0_i
    SLR Crossing[2->1]   
    BUFGCTRL_X1Y75       BUFGCTRL (Prop_BUFGCTRL_I0_O)
                                                      0.052     2.724 r  i_board_por/i_rstgen_bypass/i_tc_clk_mux2_rst_n/i_BUFGMUX/O
                         net (fo=4, routed)           0.900     3.624    i_board_por/i_rstgen_bypass/rst_n
    SLR Crossing[1->2]   
    SLICE_X61Y608        FDCE                                         f  i_board_por/i_rstgen_bypass/synch_regs_q_reg[0]/CLR  (IS_INVERTED)
  -------------------------------------------------------------------    -------------------

                         (clock clk_50_clkwiz rise edge)
                                                      0.000     0.000 r  
    E12                                               0.000     0.000 r  sys_clk_p (IN)
                         net (fo=0)                   0.000     0.000    i_bufds_sys_clk/I
    HPIOBDIFFINBUF_X1Y300
                         DIFFINBUF (Prop_DIFFINBUF_HPIOBDIFFINBUF_DIFF_IN_P_O)
                                                      0.446     0.446 r  i_bufds_sys_clk/DIFFINBUF_INST/O
                         net (fo=1, routed)           0.050     0.496    i_bufds_sys_clk/OUT
    E12                  IBUFCTRL (Prop_IBUFCTRL_HPIOB_M_I_O)
                                                      0.000     0.496 r  i_bufds_sys_clk/IBUFCTRL_INST/O
                         net (fo=1, routed)           0.183     0.679    sys_clk
    BUFGCE_X1Y289        BUFGCE (Prop_BUFCE_BUFGCE_I_O)
                                                      0.019     0.698 r  sys_clk_BUFGCE_inst/O
                         net (fo=19, routed)          0.622     1.320    i_clkwiz/inst/clk_in1
    MMCM_X1Y11           MMCME4_ADV (Prop_MMCM_CLKIN1_CLKOUT0)
                                                     -0.295     1.025 r  i_clkwiz/inst/mmcme4_adv_inst/CLKOUT0
                         net (fo=1, routed)           0.165     1.190    i_clkwiz/inst/clk_50_clkwiz
    BUFGCE_X1Y266        BUFGCE (Prop_BUFCE_BUFGCE_I_O)
                                                      0.019     1.209 r  i_clkwiz/inst/clkout1_buf/O
    X2Y7 (CLOCK_ROOT)    net (fo=198214, routed)      2.177     3.386    i_board_por/i_rstgen_bypass/clk_i
    SLICE_X61Y608        FDCE                                         r  i_board_por/i_rstgen_bypass/synch_regs_q_reg[0]/C





--------------------------------------------------------------------------------------
Path Group:  (none)
From Clock:  mmcm_clkout0
  To Clock:  clk_50_clkwiz

Max Delay             4 Endpoints
Min Delay           527 Endpoints
--------------------------------------------------------------------------------------


Max Delay Paths
--------------------------------------------------------------------------------------
Slack:                    inf
  Source:                 i_dram_wrapper/fabric_ready_o_reg/C
                            (rising edge-triggered cell FDCE clocked by mmcm_clkout0  {rise@0.000ns fall@1.667ns period=3.333ns})
  Destination:            i_rstgen/i_rstgen_bypass/synch_regs_q_reg[0]/CLR
                            (recovery check against rising-edge clock clk_50_clkwiz  {rise@0.000ns fall@10.000ns period=20.000ns})
  Path Group:             (none)
  Path Type:              Recovery (Max at Slow Process Corner)
  Data Path Delay:        7.602ns  (logic 0.173ns (2.276%)  route 7.429ns (97.724%))
  Logic Levels:           1  (BUFGCTRL=1)
  Clock Path Skew:        1.162ns (DCD - SCD + CPR)
    Destination Clock Delay (DCD):    6.024ns
    Source Clock Delay      (SCD):    4.863ns
    Clock Pessimism Removal (CPR):    0.000ns
  Clock Uncertainty:      0.290ns  ((TSJ^2 + DJ^2)^1/2) / 2 + PE
    Total System Jitter     (TSJ):    0.071ns
    Discrete Jitter          (DJ):    0.227ns
    Phase Error              (PE):    0.171ns
  Clock Net Delay (Source):      2.729ns (routing 1.274ns, distribution 1.455ns)
  Clock Net Delay (Destination): 3.355ns (routing 1.700ns, distribution 1.655ns)
  Timing Exception:       False Path

    Location             Delay type                Incr(ns)  Path(ns)    Netlist Resource(s)
  -------------------------------------------------------------------    -------------------
                         (clock mmcm_clkout0 rise edge)
                                                      0.000     0.000 r  
    E12                                               0.000     0.000 r  sys_clk_p (IN)
                         net (fo=0)                   0.000     0.000    i_bufds_sys_clk/I
    HPIOBDIFFINBUF_X1Y300
                         DIFFINBUF (Prop_DIFFINBUF_HPIOBDIFFINBUF_DIFF_IN_P_O)
                                                      0.675     0.675 r  i_bufds_sys_clk/DIFFINBUF_INST/O
                         net (fo=1, routed)           0.050     0.725    i_bufds_sys_clk/OUT
    E12                  IBUFCTRL (Prop_IBUFCTRL_HPIOB_M_I_O)
                                                      0.000     0.725 r  i_bufds_sys_clk/IBUFCTRL_INST/O
                         net (fo=1, routed)           0.335     1.060    sys_clk
    BUFGCE_X1Y289        BUFGCE (Prop_BUFCE_BUFGCE_I_O)
                                                      0.028     1.088 r  sys_clk_BUFGCE_inst/O
                         net (fo=19, routed)          0.901     1.989    i_dram_wrapper/i_dram/inst/u_ddr4_infrastructure/mmcm_clk_in
    MMCM_X1Y13           MMCME4_ADV (Prop_MMCM_CLKIN1_CLKOUT0)
                                                     -0.127     1.862 r  i_dram_wrapper/i_dram/inst/u_ddr4_infrastructure/gen_mmcme4.u_mmcme_adv_inst/CLKOUT0
                         net (fo=1, routed)           0.244     2.106    i_dram_wrapper/i_dram/inst/u_ddr4_infrastructure/mmcm_clkout0
    BUFGCE_X1Y332        BUFGCE (Prop_BUFCE_BUFGCE_I_O)
                                                      0.028     2.134 r  i_dram_wrapper/i_dram/inst/u_ddr4_infrastructure/u_bufg_divClk/O
    X4Y10 (CLOCK_ROOT)   net (fo=36296, routed)       2.729     4.863    i_dram_wrapper/dram_axi_clk
    SLICE_X124Y719       FDCE                                         r  i_dram_wrapper/fabric_ready_o_reg/C
  -------------------------------------------------------------------    -------------------
    SLICE_X124Y719       FDCE (Prop_AFF2_SLICEL_C_Q)
                                                      0.081     4.944 r  i_dram_wrapper/fabric_ready_o_reg/Q
                         net (fo=7, routed)           6.694    11.638    i_rstgen/i_rstgen_bypass/i_tc_clk_mux2_rst_n/clk0_i
    SLR Crossing[2->1]   
    BUFGCTRL_X1Y47       BUFGCTRL (Prop_BUFGCTRL_I0_O)
                                                      0.092    11.730 r  i_rstgen/i_rstgen_bypass/i_tc_clk_mux2_rst_n/i_BUFGMUX/O
                         net (fo=4, routed)           0.735    12.465    i_rstgen/i_rstgen_bypass/rst_n
    SLICE_X112Y332       FDCE                                         f  i_rstgen/i_rstgen_bypass/synch_regs_q_reg[0]/CLR  (IS_INVERTED)
  -------------------------------------------------------------------    -------------------

                         (clock clk_50_clkwiz rise edge)
                                                      0.000     0.000 r  
    E12                                               0.000     0.000 r  sys_clk_p (IN)
                         net (fo=0)                   0.000     0.000    i_bufds_sys_clk/I
    HPIOBDIFFINBUF_X1Y300
                         DIFFINBUF (Prop_DIFFINBUF_HPIOBDIFFINBUF_DIFF_IN_P_O)
                                                      0.564     0.564 r  i_bufds_sys_clk/DIFFINBUF_INST/O
                         net (fo=1, routed)           0.040     0.604    i_bufds_sys_clk/OUT
    E12                  IBUFCTRL (Prop_IBUFCTRL_HPIOB_M_I_O)
                                                      0.000     0.604 r  i_bufds_sys_clk/IBUFCTRL_INST/O
                         net (fo=1, routed)           0.297     0.901    sys_clk
    BUFGCE_X1Y289        BUFGCE (Prop_BUFCE_BUFGCE_I_O)
                                                      0.024     0.925 r  sys_clk_BUFGCE_inst/O
                         net (fo=19, routed)          0.876     1.801    i_clkwiz/inst/clk_in1
    MMCM_X1Y11           MMCME4_ADV (Prop_MMCM_CLKIN1_CLKOUT0)
                                                      0.630     2.431 r  i_clkwiz/inst/mmcme4_adv_inst/CLKOUT0
                         net (fo=1, routed)           0.214     2.645    i_clkwiz/inst/clk_50_clkwiz
    BUFGCE_X1Y266        BUFGCE (Prop_BUFCE_BUFGCE_I_O)
                                                      0.024     2.669 r  i_clkwiz/inst/clkout1_buf/O
    X2Y7 (CLOCK_ROOT)    net (fo=198214, routed)      3.355     6.024    i_rstgen/i_rstgen_bypass/clk_i
    SLR Crossing[2->1]   
    SLICE_X112Y332       FDCE                                         r  i_rstgen/i_rstgen_bypass/synch_regs_q_reg[0]/C





Min Delay Paths
--------------------------------------------------------------------------------------
Slack:                    inf
  Source:                 i_dram_wrapper/gen_cdc.i_axi_cdc_mig/i_axi_cdc_dst/i_cdc_fifo_gray_src_r/data_q_reg[21][data][323]/C
                            (rising edge-triggered cell FDCE clocked by mmcm_clkout0  {rise@0.000ns fall@1.667ns period=3.333ns})
  Destination:            i_dram_wrapper/gen_cdc.i_axi_cdc_mig/i_axi_cdc_src/i_cdc_fifo_gray_dst_r/i_spill_register/spill_register_flushable_i/gen_spill_reg.a_data_q_reg[data][323]/D
                            (rising edge-triggered cell FDCE clocked by clk_50_clkwiz  {rise@0.000ns fall@10.000ns period=20.000ns})
  Path Group:             (none)
  Path Type:              Hold (Min at Fast Process Corner)
  Data Path Delay:        0.188ns  (logic 0.077ns (40.957%)  route 0.111ns (59.043%))
  Logic Levels:           3  (LUT6=2 MUXF7=1)
  Clock Path Skew:        0.695ns (DCD - SCD - CPR)
    Destination Clock Delay (DCD):    3.607ns
    Source Clock Delay      (SCD):    2.911ns
    Clock Pessimism Removal (CPR):    -0.000ns
  Clock Uncertainty:      0.290ns  ((TSJ^2 + DJ^2)^1/2) / 2 + PE
    Total System Jitter     (TSJ):    0.071ns
    Discrete Jitter          (DJ):    0.227ns
    Phase Error              (PE):    0.171ns
  Clock Net Delay (Source):      1.468ns (routing 0.698ns, distribution 0.770ns)
  Clock Net Delay (Destination): 2.398ns (routing 1.135ns, distribution 1.263ns)
  Timing Exception:       False Path

    Location             Delay type                Incr(ns)  Path(ns)    Netlist Resource(s)
  -------------------------------------------------------------------    -------------------
                         (clock mmcm_clkout0 rise edge)
                                                      0.000     0.000 r  
    E12                                               0.000     0.000 r  sys_clk_p (IN)
                         net (fo=0)                   0.000     0.000    i_bufds_sys_clk/I
    HPIOBDIFFINBUF_X1Y300
                         DIFFINBUF (Prop_DIFFINBUF_HPIOBDIFFINBUF_DIFF_IN_P_O)
                                                      0.340     0.340 r  i_bufds_sys_clk/DIFFINBUF_INST/O
                         net (fo=1, routed)           0.040     0.380    i_bufds_sys_clk/OUT
    E12                  IBUFCTRL (Prop_IBUFCTRL_HPIOB_M_I_O)
                                                      0.000     0.380 r  i_bufds_sys_clk/IBUFCTRL_INST/O
                         net (fo=1, routed)           0.150     0.530    sys_clk
    BUFGCE_X1Y289        BUFGCE (Prop_BUFCE_BUFGCE_I_O)
                                                      0.017     0.547 r  sys_clk_BUFGCE_inst/O
                         net (fo=19, routed)          0.504     1.051    i_dram_wrapper/i_dram/inst/u_ddr4_infrastructure/mmcm_clk_in
    MMCM_X1Y13           MMCME4_ADV (Prop_MMCM_CLKIN1_CLKOUT0)
                                                      0.230     1.281 r  i_dram_wrapper/i_dram/inst/u_ddr4_infrastructure/gen_mmcme4.u_mmcme_adv_inst/CLKOUT0
                         net (fo=1, routed)           0.145     1.426    i_dram_wrapper/i_dram/inst/u_ddr4_infrastructure/mmcm_clkout0
    BUFGCE_X1Y332        BUFGCE (Prop_BUFCE_BUFGCE_I_O)
                                                      0.017     1.443 r  i_dram_wrapper/i_dram/inst/u_ddr4_infrastructure/u_bufg_divClk/O
    X4Y10 (CLOCK_ROOT)   net (fo=36296, routed)       1.468     2.911    i_dram_wrapper/gen_cdc.i_axi_cdc_mig/i_axi_cdc_dst/i_cdc_fifo_gray_src_r/src_clk_i
    SLICE_X140Y715       FDCE                                         r  i_dram_wrapper/gen_cdc.i_axi_cdc_mig/i_axi_cdc_dst/i_cdc_fifo_gray_src_r/data_q_reg[21][data][323]/C
  -------------------------------------------------------------------    -------------------
    SLICE_X140Y715       FDCE (Prop_DFF_SLICEL_C_Q)
                                                      0.039     2.950 r  i_dram_wrapper/gen_cdc.i_axi_cdc_mig/i_axi_cdc_dst/i_cdc_fifo_gray_src_r/data_q_reg[21][data][323]/Q
                         net (fo=1, routed)           0.023     2.973    i_dram_wrapper/gen_cdc.i_axi_cdc_mig/i_axi_cdc_src/i_cdc_fifo_gray_dst_r/async_data_i[21][data][323]
    SLICE_X140Y715       LUT6 (Prop_C6LUT_SLICEL_I3_O)
                                                      0.014     2.987 r  i_dram_wrapper/gen_cdc.i_axi_cdc_mig/i_axi_cdc_src/i_cdc_fifo_gray_dst_r/i_spill_register_i_4151/O
                         net (fo=1, routed)           0.008     2.995    i_dram_wrapper/gen_cdc.i_axi_cdc_mig/i_axi_cdc_src/i_cdc_fifo_gray_dst_r/i_spill_register_i_4151_n_0
    SLICE_X140Y715       MUXF7 (Prop_F7MUX_CD_SLICEL_I1_O)
                                                      0.010     3.005 r  i_dram_wrapper/gen_cdc.i_axi_cdc_mig/i_axi_cdc_src/i_cdc_fifo_gray_dst_r/i_spill_register_i_1297/O
                         net (fo=1, routed)           0.063     3.068    i_dram_wrapper/gen_cdc.i_axi_cdc_mig/i_axi_cdc_src/i_cdc_fifo_gray_dst_r/i_spill_register_i_1297_n_0
    SLICE_X140Y716       LUT6 (Prop_C6LUT_SLICEL_I1_O)
                                                      0.014     3.082 r  i_dram_wrapper/gen_cdc.i_axi_cdc_mig/i_axi_cdc_src/i_cdc_fifo_gray_dst_r/i_spill_register_i_195/O
                         net (fo=1, routed)           0.017     3.099    i_dram_wrapper/gen_cdc.i_axi_cdc_mig/i_axi_cdc_src/i_cdc_fifo_gray_dst_r/i_spill_register/spill_register_flushable_i/data_i[data][323]
    SLICE_X140Y716       FDCE                                         r  i_dram_wrapper/gen_cdc.i_axi_cdc_mig/i_axi_cdc_src/i_cdc_fifo_gray_dst_r/i_spill_register/spill_register_flushable_i/gen_spill_reg.a_data_q_reg[data][323]/D
  -------------------------------------------------------------------    -------------------

                         (clock clk_50_clkwiz rise edge)
                                                      0.000     0.000 r  
    E12                                               0.000     0.000 r  sys_clk_p (IN)
                         net (fo=0)                   0.000     0.000    i_bufds_sys_clk/I
    HPIOBDIFFINBUF_X1Y300
                         DIFFINBUF (Prop_DIFFINBUF_HPIOBDIFFINBUF_DIFF_IN_P_O)
                                                      0.446     0.446 r  i_bufds_sys_clk/DIFFINBUF_INST/O
                         net (fo=1, routed)           0.050     0.496    i_bufds_sys_clk/OUT
    E12                  IBUFCTRL (Prop_IBUFCTRL_HPIOB_M_I_O)
                                                      0.000     0.496 r  i_bufds_sys_clk/IBUFCTRL_INST/O
                         net (fo=1, routed)           0.183     0.679    sys_clk
    BUFGCE_X1Y289        BUFGCE (Prop_BUFCE_BUFGCE_I_O)
                                                      0.019     0.698 r  sys_clk_BUFGCE_inst/O
                         net (fo=19, routed)          0.622     1.320    i_clkwiz/inst/clk_in1
    MMCM_X1Y11           MMCME4_ADV (Prop_MMCM_CLKIN1_CLKOUT0)
                                                     -0.295     1.025 r  i_clkwiz/inst/mmcme4_adv_inst/CLKOUT0
                         net (fo=1, routed)           0.165     1.190    i_clkwiz/inst/clk_50_clkwiz
    BUFGCE_X1Y266        BUFGCE (Prop_BUFCE_BUFGCE_I_O)
                                                      0.019     1.209 r  i_clkwiz/inst/clkout1_buf/O
    X2Y7 (CLOCK_ROOT)    net (fo=198214, routed)      2.398     3.607    i_dram_wrapper/gen_cdc.i_axi_cdc_mig/i_axi_cdc_src/i_cdc_fifo_gray_dst_r/i_spill_register/spill_register_flushable_i/clk_i
    SLICE_X140Y716       FDCE                                         r  i_dram_wrapper/gen_cdc.i_axi_cdc_mig/i_axi_cdc_src/i_cdc_fifo_gray_dst_r/i_spill_register/spill_register_flushable_i/gen_spill_reg.a_data_q_reg[data][323]/C





--------------------------------------------------------------------------------------
Path Group:  (none)
From Clock:  mmcm_clkout5
  To Clock:  clk_50_clkwiz

Max Delay            13 Endpoints
Min Delay            13 Endpoints
--------------------------------------------------------------------------------------


Max Delay Paths
--------------------------------------------------------------------------------------
Slack:                    inf
  Source:                 i_vio/inst/DECODER_INST/clear_int_reg/C
                            (rising edge-triggered cell FDRE clocked by mmcm_clkout5  {rise@0.000ns fall@6.667ns period=13.333ns})
  Destination:            i_vio/inst/PROBE_OUT_ALL_INST/G_PROBE_OUT[0].PROBE_OUT0_INST/Probe_out_reg[0]/R
                            (rising edge-triggered cell FDRE clocked by clk_50_clkwiz  {rise@0.000ns fall@10.000ns period=20.000ns})
  Path Group:             (none)
  Path Type:              Setup (Max at Slow Process Corner)
  Data Path Delay:        0.617ns  (logic 0.081ns (13.128%)  route 0.536ns (86.872%))
  Logic Levels:           0  
  Clock Path Skew:        2.074ns (DCD - SCD + CPR)
    Destination Clock Delay (DCD):    6.255ns
    Source Clock Delay      (SCD):    4.182ns
    Clock Pessimism Removal (CPR):    0.000ns
  Clock Uncertainty:      0.301ns  ((TSJ^2 + DJ^2)^1/2) / 2 + PE
    Total System Jitter     (TSJ):    0.071ns
    Discrete Jitter          (DJ):    0.250ns
    Phase Error              (PE):    0.171ns
  Clock Net Delay (Source):      2.057ns (routing 0.944ns, distribution 1.113ns)
  Clock Net Delay (Destination): 3.586ns (routing 1.700ns, distribution 1.886ns)
  Timing Exception:       False Path

    Location             Delay type                Incr(ns)  Path(ns)    Netlist Resource(s)
  -------------------------------------------------------------------    -------------------
                         (clock mmcm_clkout5 rise edge)
                                                      0.000     0.000 r  
    E12                                               0.000     0.000 r  sys_clk_p (IN)
                         net (fo=0)                   0.000     0.000    i_bufds_sys_clk/I
    HPIOBDIFFINBUF_X1Y300
                         DIFFINBUF (Prop_DIFFINBUF_HPIOBDIFFINBUF_DIFF_IN_P_O)
                                                      0.675     0.675 r  i_bufds_sys_clk/DIFFINBUF_INST/O
                         net (fo=1, routed)           0.050     0.725    i_bufds_sys_clk/OUT
    E12                  IBUFCTRL (Prop_IBUFCTRL_HPIOB_M_I_O)
                                                      0.000     0.725 r  i_bufds_sys_clk/IBUFCTRL_INST/O
                         net (fo=1, routed)           0.335     1.060    sys_clk
    BUFGCE_X1Y289        BUFGCE (Prop_BUFCE_BUFGCE_I_O)
                                                      0.028     1.088 r  sys_clk_BUFGCE_inst/O
                         net (fo=19, routed)          0.901     1.989    i_dram_wrapper/i_dram/inst/u_ddr4_infrastructure/mmcm_clk_in
    MMCM_X1Y13           MMCME4_ADV (Prop_MMCM_CLKIN1_CLKOUT5)
                                                     -0.127     1.862 r  i_dram_wrapper/i_dram/inst/u_ddr4_infrastructure/gen_mmcme4.u_mmcme_adv_inst/CLKOUT5
                         net (fo=1, routed)           0.235     2.097    i_dram_wrapper/i_dram/inst/u_ddr4_infrastructure/mmcm_clkout5
    BUFGCE_X1Y320        BUFGCE (Prop_BUFCE_BUFGCE_I_O)
                                                      0.028     2.125 r  i_dram_wrapper/i_dram/inst/u_ddr4_infrastructure/u_bufg_dbg_clk/O
    X4Y11 (CLOCK_ROOT)   net (fo=842, routed)         2.057     4.182    i_vio/inst/DECODER_INST/out
    SLICE_X145Y666       FDRE                                         r  i_vio/inst/DECODER_INST/clear_int_reg/C
  -------------------------------------------------------------------    -------------------
    SLICE_X145Y666       FDRE (Prop_EFF2_SLICEL_C_Q)
                                                      0.081     4.263 r  i_vio/inst/DECODER_INST/clear_int_reg/Q
                         net (fo=25, routed)          0.536     4.799    i_vio/inst/PROBE_OUT_ALL_INST/G_PROBE_OUT[0].PROBE_OUT0_INST/SR[0]
    SLICE_X142Y668       FDRE                                         r  i_vio/inst/PROBE_OUT_ALL_INST/G_PROBE_OUT[0].PROBE_OUT0_INST/Probe_out_reg[0]/R
  -------------------------------------------------------------------    -------------------

                         (clock clk_50_clkwiz rise edge)
                                                      0.000     0.000 r  
    E12                                               0.000     0.000 r  sys_clk_p (IN)
                         net (fo=0)                   0.000     0.000    i_bufds_sys_clk/I
    HPIOBDIFFINBUF_X1Y300
                         DIFFINBUF (Prop_DIFFINBUF_HPIOBDIFFINBUF_DIFF_IN_P_O)
                                                      0.564     0.564 r  i_bufds_sys_clk/DIFFINBUF_INST/O
                         net (fo=1, routed)           0.040     0.604    i_bufds_sys_clk/OUT
    E12                  IBUFCTRL (Prop_IBUFCTRL_HPIOB_M_I_O)
                                                      0.000     0.604 r  i_bufds_sys_clk/IBUFCTRL_INST/O
                         net (fo=1, routed)           0.297     0.901    sys_clk
    BUFGCE_X1Y289        BUFGCE (Prop_BUFCE_BUFGCE_I_O)
                                                      0.024     0.925 r  sys_clk_BUFGCE_inst/O
                         net (fo=19, routed)          0.876     1.801    i_clkwiz/inst/clk_in1
    MMCM_X1Y11           MMCME4_ADV (Prop_MMCM_CLKIN1_CLKOUT0)
                                                      0.630     2.431 r  i_clkwiz/inst/mmcme4_adv_inst/CLKOUT0
                         net (fo=1, routed)           0.214     2.645    i_clkwiz/inst/clk_50_clkwiz
    BUFGCE_X1Y266        BUFGCE (Prop_BUFCE_BUFGCE_I_O)
                                                      0.024     2.669 r  i_clkwiz/inst/clkout1_buf/O
    X2Y7 (CLOCK_ROOT)    net (fo=198214, routed)      3.586     6.255    i_vio/inst/PROBE_OUT_ALL_INST/G_PROBE_OUT[0].PROBE_OUT0_INST/clk
    SLICE_X142Y668       FDRE                                         r  i_vio/inst/PROBE_OUT_ALL_INST/G_PROBE_OUT[0].PROBE_OUT0_INST/Probe_out_reg[0]/C





Min Delay Paths
--------------------------------------------------------------------------------------
Slack:                    inf
  Source:                 i_vio/inst/PROBE_OUT_ALL_INST/G_PROBE_OUT[2].PROBE_OUT0_INST/data_int_reg[0]/C
                            (rising edge-triggered cell FDSE clocked by mmcm_clkout5  {rise@0.000ns fall@6.667ns period=13.333ns})
  Destination:            i_vio/inst/PROBE_OUT_ALL_INST/G_PROBE_OUT[2].PROBE_OUT0_INST/Probe_out_reg[0]/D
                            (rising edge-triggered cell FDSE clocked by clk_50_clkwiz  {rise@0.000ns fall@10.000ns period=20.000ns})
  Path Group:             (none)
  Path Type:              Hold (Min at Fast Process Corner)
  Data Path Delay:        0.112ns  (logic 0.038ns (33.929%)  route 0.074ns (66.071%))
  Logic Levels:           0  
  Clock Path Skew:        1.075ns (DCD - SCD - CPR)
    Destination Clock Delay (DCD):    3.655ns
    Source Clock Delay      (SCD):    2.579ns
    Clock Pessimism Removal (CPR):    -0.000ns
  Clock Uncertainty:      0.301ns  ((TSJ^2 + DJ^2)^1/2) / 2 + PE
    Total System Jitter     (TSJ):    0.071ns
    Discrete Jitter          (DJ):    0.250ns
    Phase Error              (PE):    0.171ns
  Clock Net Delay (Source):      1.143ns (routing 0.522ns, distribution 0.621ns)
  Clock Net Delay (Destination): 2.446ns (routing 1.135ns, distribution 1.311ns)
  Timing Exception:       False Path

    Location             Delay type                Incr(ns)  Path(ns)    Netlist Resource(s)
  -------------------------------------------------------------------    -------------------
                         (clock mmcm_clkout5 rise edge)
                                                      0.000     0.000 r  
    E12                                               0.000     0.000 r  sys_clk_p (IN)
                         net (fo=0)                   0.000     0.000    i_bufds_sys_clk/I
    HPIOBDIFFINBUF_X1Y300
                         DIFFINBUF (Prop_DIFFINBUF_HPIOBDIFFINBUF_DIFF_IN_P_O)
                                                      0.340     0.340 r  i_bufds_sys_clk/DIFFINBUF_INST/O
                         net (fo=1, routed)           0.040     0.380    i_bufds_sys_clk/OUT
    E12                  IBUFCTRL (Prop_IBUFCTRL_HPIOB_M_I_O)
                                                      0.000     0.380 r  i_bufds_sys_clk/IBUFCTRL_INST/O
                         net (fo=1, routed)           0.150     0.530    sys_clk
    BUFGCE_X1Y289        BUFGCE (Prop_BUFCE_BUFGCE_I_O)
                                                      0.017     0.547 r  sys_clk_BUFGCE_inst/O
                         net (fo=19, routed)          0.504     1.051    i_dram_wrapper/i_dram/inst/u_ddr4_infrastructure/mmcm_clk_in
    MMCM_X1Y13           MMCME4_ADV (Prop_MMCM_CLKIN1_CLKOUT5)
                                                      0.230     1.281 r  i_dram_wrapper/i_dram/inst/u_ddr4_infrastructure/gen_mmcme4.u_mmcme_adv_inst/CLKOUT5
                         net (fo=1, routed)           0.138     1.419    i_dram_wrapper/i_dram/inst/u_ddr4_infrastructure/mmcm_clkout5
    BUFGCE_X1Y320        BUFGCE (Prop_BUFCE_BUFGCE_I_O)
                                                      0.017     1.436 r  i_dram_wrapper/i_dram/inst/u_ddr4_infrastructure/u_bufg_dbg_clk/O
    X4Y11 (CLOCK_ROOT)   net (fo=842, routed)         1.143     2.579    i_vio/inst/PROBE_OUT_ALL_INST/G_PROBE_OUT[2].PROBE_OUT0_INST/data_int_reg[0]_1
    SLICE_X144Y668       FDSE                                         r  i_vio/inst/PROBE_OUT_ALL_INST/G_PROBE_OUT[2].PROBE_OUT0_INST/data_int_reg[0]/C
  -------------------------------------------------------------------    -------------------
    SLICE_X144Y668       FDSE (Prop_CFF_SLICEM_C_Q)
                                                      0.038     2.617 r  i_vio/inst/PROBE_OUT_ALL_INST/G_PROBE_OUT[2].PROBE_OUT0_INST/data_int_reg[0]/Q
                         net (fo=3, routed)           0.074     2.691    i_vio/inst/PROBE_OUT_ALL_INST/G_PROBE_OUT[2].PROBE_OUT0_INST/data_int_reg[0]_0
    SLICE_X142Y668       FDSE                                         r  i_vio/inst/PROBE_OUT_ALL_INST/G_PROBE_OUT[2].PROBE_OUT0_INST/Probe_out_reg[0]/D
  -------------------------------------------------------------------    -------------------

                         (clock clk_50_clkwiz rise edge)
                                                      0.000     0.000 r  
    E12                                               0.000     0.000 r  sys_clk_p (IN)
                         net (fo=0)                   0.000     0.000    i_bufds_sys_clk/I
    HPIOBDIFFINBUF_X1Y300
                         DIFFINBUF (Prop_DIFFINBUF_HPIOBDIFFINBUF_DIFF_IN_P_O)
                                                      0.446     0.446 r  i_bufds_sys_clk/DIFFINBUF_INST/O
                         net (fo=1, routed)           0.050     0.496    i_bufds_sys_clk/OUT
    E12                  IBUFCTRL (Prop_IBUFCTRL_HPIOB_M_I_O)
                                                      0.000     0.496 r  i_bufds_sys_clk/IBUFCTRL_INST/O
                         net (fo=1, routed)           0.183     0.679    sys_clk
    BUFGCE_X1Y289        BUFGCE (Prop_BUFCE_BUFGCE_I_O)
                                                      0.019     0.698 r  sys_clk_BUFGCE_inst/O
                         net (fo=19, routed)          0.622     1.320    i_clkwiz/inst/clk_in1
    MMCM_X1Y11           MMCME4_ADV (Prop_MMCM_CLKIN1_CLKOUT0)
                                                     -0.295     1.025 r  i_clkwiz/inst/mmcme4_adv_inst/CLKOUT0
                         net (fo=1, routed)           0.165     1.190    i_clkwiz/inst/clk_50_clkwiz
    BUFGCE_X1Y266        BUFGCE (Prop_BUFCE_BUFGCE_I_O)
                                                      0.019     1.209 r  i_clkwiz/inst/clkout1_buf/O
    X2Y7 (CLOCK_ROOT)    net (fo=198214, routed)      2.446     3.655    i_vio/inst/PROBE_OUT_ALL_INST/G_PROBE_OUT[2].PROBE_OUT0_INST/clk
    SLICE_X142Y668       FDSE                                         r  i_vio/inst/PROBE_OUT_ALL_INST/G_PROBE_OUT[2].PROBE_OUT0_INST/Probe_out_reg[0]/C





--------------------------------------------------------------------------------------
Path Group:  (none)
From Clock:  mmcm_clkout5
  To Clock:  dbg_hub/inst/BSCANID.u_xsdbm_id/SWITCH_N_EXT_BSCAN.bscan_inst/SERIES7_BSCAN.bscan_inst/INTERNAL_TCK

Max Delay            95 Endpoints
Min Delay           103 Endpoints
--------------------------------------------------------------------------------------


Max Delay Paths
--------------------------------------------------------------------------------------
Slack:                    inf
  Source:                 dbg_hub/inst/BSCANID.u_xsdbm_id/CORE_XSDB.UUT_MASTER/U_ICON_INTERFACE/U_CMD1/ctl_reg_reg[0]/C
                            (rising edge-triggered cell FDRE clocked by mmcm_clkout5  {rise@0.000ns fall@6.667ns period=13.333ns})
  Destination:            dbg_hub/inst/BSCANID.u_xsdbm_id/CORE_XSDB.UUT_MASTER/U_ICON_INTERFACE/U_CMD4/shift_reg_in_reg[12]/R
                            (rising edge-triggered cell FDRE clocked by dbg_hub/inst/BSCANID.u_xsdbm_id/SWITCH_N_EXT_BSCAN.bscan_inst/SERIES7_BSCAN.bscan_inst/INTERNAL_TCK  {rise@0.000ns fall@25.000ns period=50.000ns})
  Path Group:             (none)
  Path Type:              Setup (Max at Slow Process Corner)
  Data Path Delay:        1.379ns  (logic 0.076ns (5.511%)  route 1.303ns (94.489%))
  Logic Levels:           0  
  Clock Path Skew:        0.633ns (DCD - SCD + CPR)
    Destination Clock Delay (DCD):    4.840ns
    Source Clock Delay      (SCD):    4.207ns
    Clock Pessimism Removal (CPR):    0.000ns
  Clock Uncertainty:      0.134ns  ((TSJ^2 + DJ^2)^1/2) / 2 + PE
    Total System Jitter     (TSJ):    0.071ns
    Discrete Jitter          (DJ):    0.100ns
    Phase Error              (PE):    0.073ns
  Clock Net Delay (Source):      2.082ns (routing 0.944ns, distribution 1.138ns)
  Clock Net Delay (Destination): 1.731ns (routing 0.831ns, distribution 0.900ns)
  Timing Exception:       False Path

    Location             Delay type                Incr(ns)  Path(ns)    Netlist Resource(s)
  -------------------------------------------------------------------    -------------------
                         (clock mmcm_clkout5 rise edge)
                                                      0.000     0.000 r  
    E12                                               0.000     0.000 r  sys_clk_p (IN)
                         net (fo=0)                   0.000     0.000    i_bufds_sys_clk/I
    HPIOBDIFFINBUF_X1Y300
                         DIFFINBUF (Prop_DIFFINBUF_HPIOBDIFFINBUF_DIFF_IN_P_O)
                                                      0.675     0.675 r  i_bufds_sys_clk/DIFFINBUF_INST/O
                         net (fo=1, routed)           0.050     0.725    i_bufds_sys_clk/OUT
    E12                  IBUFCTRL (Prop_IBUFCTRL_HPIOB_M_I_O)
                                                      0.000     0.725 r  i_bufds_sys_clk/IBUFCTRL_INST/O
                         net (fo=1, routed)           0.335     1.060    sys_clk
    BUFGCE_X1Y289        BUFGCE (Prop_BUFCE_BUFGCE_I_O)
                                                      0.028     1.088 r  sys_clk_BUFGCE_inst/O
                         net (fo=19, routed)          0.901     1.989    i_dram_wrapper/i_dram/inst/u_ddr4_infrastructure/mmcm_clk_in
    MMCM_X1Y13           MMCME4_ADV (Prop_MMCM_CLKIN1_CLKOUT5)
                                                     -0.127     1.862 r  i_dram_wrapper/i_dram/inst/u_ddr4_infrastructure/gen_mmcme4.u_mmcme_adv_inst/CLKOUT5
                         net (fo=1, routed)           0.235     2.097    i_dram_wrapper/i_dram/inst/u_ddr4_infrastructure/mmcm_clkout5
    BUFGCE_X1Y320        BUFGCE (Prop_BUFCE_BUFGCE_I_O)
                                                      0.028     2.125 r  i_dram_wrapper/i_dram/inst/u_ddr4_infrastructure/u_bufg_dbg_clk/O
    X4Y11 (CLOCK_ROOT)   net (fo=842, routed)         2.082     4.207    dbg_hub/inst/BSCANID.u_xsdbm_id/CORE_XSDB.UUT_MASTER/U_ICON_INTERFACE/U_CMD1/clk
    SLICE_X153Y665       FDRE                                         r  dbg_hub/inst/BSCANID.u_xsdbm_id/CORE_XSDB.UUT_MASTER/U_ICON_INTERFACE/U_CMD1/ctl_reg_reg[0]/C
  -------------------------------------------------------------------    -------------------
    SLICE_X153Y665       FDRE (Prop_EFF_SLICEM_C_Q)
                                                      0.076     4.283 r  dbg_hub/inst/BSCANID.u_xsdbm_id/CORE_XSDB.UUT_MASTER/U_ICON_INTERFACE/U_CMD1/ctl_reg_reg[0]/Q
                         net (fo=168, routed)         1.303     5.586    dbg_hub/inst/BSCANID.u_xsdbm_id/CORE_XSDB.UUT_MASTER/U_ICON_INTERFACE/U_CMD4/SR[0]
    SLICE_X156Y662       FDRE                                         r  dbg_hub/inst/BSCANID.u_xsdbm_id/CORE_XSDB.UUT_MASTER/U_ICON_INTERFACE/U_CMD4/shift_reg_in_reg[12]/R
  -------------------------------------------------------------------    -------------------

                         (clock dbg_hub/inst/BSCANID.u_xsdbm_id/SWITCH_N_EXT_BSCAN.bscan_inst/SERIES7_BSCAN.bscan_inst/INTERNAL_TCK rise edge)
                                                      0.000     0.000 r  
    CONFIG_SITE_X0Y1     BSCANE2                      0.000     0.000 r  dbg_hub/inst/BSCANID.u_xsdbm_id/SWITCH_N_EXT_BSCAN.bscan_inst/SERIES7_BSCAN.bscan_inst/INTERNAL_TCK
    CONFIG_SITE_X0Y1     BSCANE2 (Prop_BSCAN1_CONFIG_SITE_INTERNAL_TCK_TCK)
                                                      0.465     0.465 r  dbg_hub/inst/BSCANID.u_xsdbm_id/SWITCH_N_EXT_BSCAN.bscan_inst/SERIES7_BSCAN.bscan_inst/TCK
                         net (fo=1, routed)           2.620     3.085    dbg_hub/inst/BSCANID.u_xsdbm_id/tck_bs
    SLR Crossing[1->2]   
    BUFGCE_X1Y288        BUFGCE (Prop_BUFCE_BUFGCE_I_O)
                                                      0.024     3.109 r  dbg_hub/inst/BSCANID.u_xsdbm_id/SWITCH_N_EXT_BSCAN.u_bufg_icon_tck/O
    X4Y10 (CLOCK_ROOT)   net (fo=494, routed)         1.731     4.840    dbg_hub/inst/BSCANID.u_xsdbm_id/CORE_XSDB.UUT_MASTER/U_ICON_INTERFACE/U_CMD4/m_bscan_tck[0]
    SLICE_X156Y662       FDRE                                         r  dbg_hub/inst/BSCANID.u_xsdbm_id/CORE_XSDB.UUT_MASTER/U_ICON_INTERFACE/U_CMD4/shift_reg_in_reg[12]/C





Min Delay Paths
--------------------------------------------------------------------------------------
Slack:                    inf
  Source:                 dbg_hub/inst/BSCANID.u_xsdbm_id/CORE_XSDB.UUT_MASTER/U_ICON_INTERFACE/U_CMD6_RD/U_RD_FIFO/SUBCORE_FIFO.xsdbm_v3_0_0_rdfifo_inst/inst_fifo_gen/gconvfifo.rf/grf.rf/gntv_or_sync_fifo.gcx.clkx/gnxpm_cdc.wr_pntr_gc_reg[1]/C
                            (rising edge-triggered cell FDCE clocked by mmcm_clkout5  {rise@0.000ns fall@6.667ns period=13.333ns})
  Destination:            dbg_hub/inst/BSCANID.u_xsdbm_id/CORE_XSDB.UUT_MASTER/U_ICON_INTERFACE/U_CMD6_RD/U_RD_FIFO/SUBCORE_FIFO.xsdbm_v3_0_0_rdfifo_inst/inst_fifo_gen/gconvfifo.rf/grf.rf/gntv_or_sync_fifo.gcx.clkx/gnxpm_cdc.gsync_stage[1].rd_stg_inst/Q_reg_reg[1]/D
                            (rising edge-triggered cell FDCE clocked by dbg_hub/inst/BSCANID.u_xsdbm_id/SWITCH_N_EXT_BSCAN.bscan_inst/SERIES7_BSCAN.bscan_inst/INTERNAL_TCK  {rise@0.000ns fall@25.000ns period=50.000ns})
  Path Group:             (none)
  Path Type:              Hold (Min at Fast Process Corner)
  Data Path Delay:        0.097ns  (logic 0.041ns (42.268%)  route 0.056ns (57.732%))
  Logic Levels:           0  
  Clock Path Skew:        5.807ns (DCD - SCD - CPR)
    Destination Clock Delay (DCD):    8.371ns
    Source Clock Delay      (SCD):    2.564ns
    Clock Pessimism Removal (CPR):    -0.000ns
  Clock Uncertainty:      0.134ns  ((TSJ^2 + DJ^2)^1/2) / 2 + PE
    Total System Jitter     (TSJ):    0.071ns
    Discrete Jitter          (DJ):    0.100ns
    Phase Error              (PE):    0.073ns
  Clock Net Delay (Source):      1.128ns (routing 0.522ns, distribution 0.606ns)
  Clock Net Delay (Destination): 1.194ns (routing 0.569ns, distribution 0.625ns)
  Timing Exception:       False Path

    Location             Delay type                Incr(ns)  Path(ns)    Netlist Resource(s)
  -------------------------------------------------------------------    -------------------
                         (clock mmcm_clkout5 rise edge)
                                                      0.000     0.000 r  
    E12                                               0.000     0.000 r  sys_clk_p (IN)
                         net (fo=0)                   0.000     0.000    i_bufds_sys_clk/I
    HPIOBDIFFINBUF_X1Y300
                         DIFFINBUF (Prop_DIFFINBUF_HPIOBDIFFINBUF_DIFF_IN_P_O)
                                                      0.340     0.340 r  i_bufds_sys_clk/DIFFINBUF_INST/O
                         net (fo=1, routed)           0.040     0.380    i_bufds_sys_clk/OUT
    E12                  IBUFCTRL (Prop_IBUFCTRL_HPIOB_M_I_O)
                                                      0.000     0.380 r  i_bufds_sys_clk/IBUFCTRL_INST/O
                         net (fo=1, routed)           0.150     0.530    sys_clk
    BUFGCE_X1Y289        BUFGCE (Prop_BUFCE_BUFGCE_I_O)
                                                      0.017     0.547 r  sys_clk_BUFGCE_inst/O
                         net (fo=19, routed)          0.504     1.051    i_dram_wrapper/i_dram/inst/u_ddr4_infrastructure/mmcm_clk_in
    MMCM_X1Y13           MMCME4_ADV (Prop_MMCM_CLKIN1_CLKOUT5)
                                                      0.230     1.281 r  i_dram_wrapper/i_dram/inst/u_ddr4_infrastructure/gen_mmcme4.u_mmcme_adv_inst/CLKOUT5
                         net (fo=1, routed)           0.138     1.419    i_dram_wrapper/i_dram/inst/u_ddr4_infrastructure/mmcm_clkout5
    BUFGCE_X1Y320        BUFGCE (Prop_BUFCE_BUFGCE_I_O)
                                                      0.017     1.436 r  i_dram_wrapper/i_dram/inst/u_ddr4_infrastructure/u_bufg_dbg_clk/O
    X4Y11 (CLOCK_ROOT)   net (fo=842, routed)         1.128     2.564    dbg_hub/inst/BSCANID.u_xsdbm_id/CORE_XSDB.UUT_MASTER/U_ICON_INTERFACE/U_CMD6_RD/U_RD_FIFO/SUBCORE_FIFO.xsdbm_v3_0_0_rdfifo_inst/inst_fifo_gen/gconvfifo.rf/grf.rf/gntv_or_sync_fifo.gcx.clkx/wr_clk
    SLICE_X145Y676       FDCE                                         r  dbg_hub/inst/BSCANID.u_xsdbm_id/CORE_XSDB.UUT_MASTER/U_ICON_INTERFACE/U_CMD6_RD/U_RD_FIFO/SUBCORE_FIFO.xsdbm_v3_0_0_rdfifo_inst/inst_fifo_gen/gconvfifo.rf/grf.rf/gntv_or_sync_fifo.gcx.clkx/gnxpm_cdc.wr_pntr_gc_reg[1]/C
  -------------------------------------------------------------------    -------------------
    SLICE_X145Y676       FDCE (Prop_DFF2_SLICEL_C_Q)
                                                      0.041     2.605 r  dbg_hub/inst/BSCANID.u_xsdbm_id/CORE_XSDB.UUT_MASTER/U_ICON_INTERFACE/U_CMD6_RD/U_RD_FIFO/SUBCORE_FIFO.xsdbm_v3_0_0_rdfifo_inst/inst_fifo_gen/gconvfifo.rf/grf.rf/gntv_or_sync_fifo.gcx.clkx/gnxpm_cdc.wr_pntr_gc_reg[1]/Q
                         net (fo=1, routed)           0.056     2.661    dbg_hub/inst/BSCANID.u_xsdbm_id/CORE_XSDB.UUT_MASTER/U_ICON_INTERFACE/U_CMD6_RD/U_RD_FIFO/SUBCORE_FIFO.xsdbm_v3_0_0_rdfifo_inst/inst_fifo_gen/gconvfifo.rf/grf.rf/gntv_or_sync_fifo.gcx.clkx/gnxpm_cdc.gsync_stage[1].rd_stg_inst/Q[1]
    SLICE_X145Y677       FDCE                                         r  dbg_hub/inst/BSCANID.u_xsdbm_id/CORE_XSDB.UUT_MASTER/U_ICON_INTERFACE/U_CMD6_RD/U_RD_FIFO/SUBCORE_FIFO.xsdbm_v3_0_0_rdfifo_inst/inst_fifo_gen/gconvfifo.rf/grf.rf/gntv_or_sync_fifo.gcx.clkx/gnxpm_cdc.gsync_stage[1].rd_stg_inst/Q_reg_reg[1]/D
  -------------------------------------------------------------------    -------------------

                         (clock dbg_hub/inst/BSCANID.u_xsdbm_id/SWITCH_N_EXT_BSCAN.bscan_inst/SERIES7_BSCAN.bscan_inst/INTERNAL_TCK rise edge)
                                                      0.000     0.000 r  
    CONFIG_SITE_X0Y1     BSCANE2                      0.000     0.000 r  dbg_hub/inst/BSCANID.u_xsdbm_id/SWITCH_N_EXT_BSCAN.bscan_inst/SERIES7_BSCAN.bscan_inst/INTERNAL_TCK
    CONFIG_SITE_X0Y1     BSCANE2 (Prop_BSCAN1_CONFIG_SITE_INTERNAL_TCK_TCK)
                                                      4.300     4.300 r  dbg_hub/inst/BSCANID.u_xsdbm_id/SWITCH_N_EXT_BSCAN.bscan_inst/SERIES7_BSCAN.bscan_inst/TCK
                         net (fo=1, routed)           2.858     7.158    dbg_hub/inst/BSCANID.u_xsdbm_id/tck_bs
    SLR Crossing[1->2]   
    BUFGCE_X1Y288        BUFGCE (Prop_BUFCE_BUFGCE_I_O)
                                                      0.019     7.177 r  dbg_hub/inst/BSCANID.u_xsdbm_id/SWITCH_N_EXT_BSCAN.u_bufg_icon_tck/O
    X4Y10 (CLOCK_ROOT)   net (fo=494, routed)         1.194     8.371    dbg_hub/inst/BSCANID.u_xsdbm_id/CORE_XSDB.UUT_MASTER/U_ICON_INTERFACE/U_CMD6_RD/U_RD_FIFO/SUBCORE_FIFO.xsdbm_v3_0_0_rdfifo_inst/inst_fifo_gen/gconvfifo.rf/grf.rf/gntv_or_sync_fifo.gcx.clkx/gnxpm_cdc.gsync_stage[1].rd_stg_inst/rd_clk
    SLICE_X145Y677       FDCE                                         r  dbg_hub/inst/BSCANID.u_xsdbm_id/CORE_XSDB.UUT_MASTER/U_ICON_INTERFACE/U_CMD6_RD/U_RD_FIFO/SUBCORE_FIFO.xsdbm_v3_0_0_rdfifo_inst/inst_fifo_gen/gconvfifo.rf/grf.rf/gntv_or_sync_fifo.gcx.clkx/gnxpm_cdc.gsync_stage[1].rd_stg_inst/Q_reg_reg[1]/C





--------------------------------------------------------------------------------------
Path Group:  (none)
From Clock:  clk_50_clkwiz
  To Clock:  mmcm_clkout0

Max Delay             4 Endpoints
Min Delay           658 Endpoints
--------------------------------------------------------------------------------------


Max Delay Paths
--------------------------------------------------------------------------------------
Slack:                    inf
  Source:                 sys_rst_reg/C
                            (rising edge-triggered cell FDPE clocked by clk_50_clkwiz  {rise@0.000ns fall@10.000ns period=20.000ns})
  Destination:            i_dram_wrapper/i_ui_por/i_rstgen_bypass/synch_regs_q_reg[0]/CLR
                            (recovery check against rising-edge clock mmcm_clkout0  {rise@0.000ns fall@1.667ns period=3.333ns})
  Path Group:             (none)
  Path Type:              Recovery (Max at Slow Process Corner)
  Data Path Delay:        3.947ns  (logic 0.168ns (4.256%)  route 3.779ns (95.744%))
  Logic Levels:           1  (BUFGCTRL=1)
  Clock Path Skew:        -0.757ns (DCD - SCD + CPR)
    Destination Clock Delay (DCD):    5.447ns
    Source Clock Delay      (SCD):    6.205ns
    Clock Pessimism Removal (CPR):    0.000ns
  Clock Uncertainty:      0.290ns  ((TSJ^2 + DJ^2)^1/2) / 2 + PE
    Total System Jitter     (TSJ):    0.071ns
    Discrete Jitter          (DJ):    0.227ns
    Phase Error              (PE):    0.171ns
  Clock Net Delay (Source):      3.981ns (routing 1.870ns, distribution 2.111ns)
  Clock Net Delay (Destination): 2.859ns (routing 1.157ns, distribution 1.702ns)
  Timing Exception:       False Path

    Location             Delay type                Incr(ns)  Path(ns)    Netlist Resource(s)
  -------------------------------------------------------------------    -------------------
                         (clock clk_50_clkwiz rise edge)
                                                      0.000     0.000 r  
    E12                                               0.000     0.000 r  sys_clk_p (IN)
                         net (fo=0)                   0.000     0.000    i_bufds_sys_clk/I
    HPIOBDIFFINBUF_X1Y300
                         DIFFINBUF (Prop_DIFFINBUF_HPIOBDIFFINBUF_DIFF_IN_P_O)
                                                      0.675     0.675 r  i_bufds_sys_clk/DIFFINBUF_INST/O
                         net (fo=1, routed)           0.050     0.725    i_bufds_sys_clk/OUT
    E12                  IBUFCTRL (Prop_IBUFCTRL_HPIOB_M_I_O)
                                                      0.000     0.725 r  i_bufds_sys_clk/IBUFCTRL_INST/O
                         net (fo=1, routed)           0.335     1.060    sys_clk
    BUFGCE_X1Y289        BUFGCE (Prop_BUFCE_BUFGCE_I_O)
                                                      0.028     1.088 r  sys_clk_BUFGCE_inst/O
                         net (fo=19, routed)          0.991     2.079    i_clkwiz/inst/clk_in1
    MMCM_X1Y11           MMCME4_ADV (Prop_MMCM_CLKIN1_CLKOUT0)
                                                     -0.127     1.952 r  i_clkwiz/inst/mmcme4_adv_inst/CLKOUT0
                         net (fo=1, routed)           0.244     2.196    i_clkwiz/inst/clk_50_clkwiz
    BUFGCE_X1Y266        BUFGCE (Prop_BUFCE_BUFGCE_I_O)
                                                      0.028     2.224 r  i_clkwiz/inst/clkout1_buf/O
    X2Y7 (CLOCK_ROOT)    net (fo=198214, routed)      3.981     6.205    soc_clk
    SLICE_X142Y668       FDPE                                         r  sys_rst_reg/C
  -------------------------------------------------------------------    -------------------
    SLICE_X142Y668       FDPE (Prop_EFF_SLICEM_C_Q)
                                                      0.076     6.281 f  sys_rst_reg/Q
                         net (fo=6, routed)           2.257     8.538    i_dram_wrapper/i_ui_por/i_rstgen_bypass/i_tc_clk_mux2_rst_n/clk0_i
    SLR Crossing[2->1]   
    BUFGCTRL_X1Y76       BUFGCTRL (Prop_BUFGCTRL_I0_O)
                                                      0.092     8.630 r  i_dram_wrapper/i_ui_por/i_rstgen_bypass/i_tc_clk_mux2_rst_n/i_BUFGMUX/O
                         net (fo=4, routed)           1.522    10.152    i_dram_wrapper/i_ui_por/i_rstgen_bypass/rst_n
    SLICE_X112Y332       FDCE                                         f  i_dram_wrapper/i_ui_por/i_rstgen_bypass/synch_regs_q_reg[0]/CLR  (IS_INVERTED)
  -------------------------------------------------------------------    -------------------

                         (clock mmcm_clkout0 rise edge)
                                                      0.000     0.000 r  
    E12                                               0.000     0.000 r  sys_clk_p (IN)
                         net (fo=0)                   0.000     0.000    i_bufds_sys_clk/I
    HPIOBDIFFINBUF_X1Y300
                         DIFFINBUF (Prop_DIFFINBUF_HPIOBDIFFINBUF_DIFF_IN_P_O)
                                                      0.564     0.564 r  i_bufds_sys_clk/DIFFINBUF_INST/O
                         net (fo=1, routed)           0.040     0.604    i_bufds_sys_clk/OUT
    E12                  IBUFCTRL (Prop_IBUFCTRL_HPIOB_M_I_O)
                                                      0.000     0.604 r  i_bufds_sys_clk/IBUFCTRL_INST/O
                         net (fo=1, routed)           0.297     0.901    sys_clk
    BUFGCE_X1Y289        BUFGCE (Prop_BUFCE_BUFGCE_I_O)
                                                      0.024     0.925 r  sys_clk_BUFGCE_inst/O
                         net (fo=19, routed)          0.795     1.720    i_dram_wrapper/i_dram/inst/u_ddr4_infrastructure/mmcm_clk_in
    MMCM_X1Y13           MMCME4_ADV (Prop_MMCM_CLKIN1_CLKOUT0)
                                                      0.630     2.350 r  i_dram_wrapper/i_dram/inst/u_ddr4_infrastructure/gen_mmcme4.u_mmcme_adv_inst/CLKOUT0
                         net (fo=1, routed)           0.214     2.564    i_dram_wrapper/i_dram/inst/u_ddr4_infrastructure/mmcm_clkout0
    BUFGCE_X1Y332        BUFGCE (Prop_BUFCE_BUFGCE_I_O)
                                                      0.024     2.588 r  i_dram_wrapper/i_dram/inst/u_ddr4_infrastructure/u_bufg_divClk/O
    X4Y10 (CLOCK_ROOT)   net (fo=36296, routed)       2.859     5.447    i_dram_wrapper/i_ui_por/i_rstgen_bypass/clk_i
    SLR Crossing[2->1]   
    SLICE_X112Y332       FDCE                                         r  i_dram_wrapper/i_ui_por/i_rstgen_bypass/synch_regs_q_reg[0]/C





Min Delay Paths
--------------------------------------------------------------------------------------
Slack:                    inf
  Source:                 i_dram_wrapper/gen_cdc.i_axi_cdc_mig/i_axi_cdc_src/i_cdc_fifo_gray_src_w/data_q_reg[27][data][180]/C
                            (rising edge-triggered cell FDCE clocked by clk_50_clkwiz  {rise@0.000ns fall@10.000ns period=20.000ns})
  Destination:            i_dram_wrapper/gen_cdc.i_axi_cdc_mig/i_axi_cdc_dst/i_cdc_fifo_gray_dst_w/i_spill_register/spill_register_flushable_i/gen_spill_reg.a_data_q_reg[data][180]/D
                            (rising edge-triggered cell FDCE clocked by mmcm_clkout0  {rise@0.000ns fall@1.667ns period=3.333ns})
  Path Group:             (none)
  Path Type:              Hold (Min at Fast Process Corner)
  Data Path Delay:        0.216ns  (logic 0.077ns (35.648%)  route 0.139ns (64.352%))
  Logic Levels:           3  (LUT6=2 MUXF7=1)
  Clock Path Skew:        -0.474ns (DCD - SCD - CPR)
    Destination Clock Delay (DCD):    3.101ns
    Source Clock Delay      (SCD):    3.574ns
    Clock Pessimism Removal (CPR):    -0.000ns
  Clock Uncertainty:      0.290ns  ((TSJ^2 + DJ^2)^1/2) / 2 + PE
    Total System Jitter     (TSJ):    0.071ns
    Discrete Jitter          (DJ):    0.227ns
    Phase Error              (PE):    0.171ns
  Clock Net Delay (Source):      2.083ns (routing 1.022ns, distribution 1.061ns)
  Clock Net Delay (Destination): 1.947ns (routing 0.779ns, distribution 1.168ns)
  Timing Exception:       False Path

    Location             Delay type                Incr(ns)  Path(ns)    Netlist Resource(s)
  -------------------------------------------------------------------    -------------------
                         (clock clk_50_clkwiz rise edge)
                                                      0.000     0.000 r  
    E12                                               0.000     0.000 r  sys_clk_p (IN)
                         net (fo=0)                   0.000     0.000    i_bufds_sys_clk/I
    HPIOBDIFFINBUF_X1Y300
                         DIFFINBUF (Prop_DIFFINBUF_HPIOBDIFFINBUF_DIFF_IN_P_O)
                                                      0.340     0.340 r  i_bufds_sys_clk/DIFFINBUF_INST/O
                         net (fo=1, routed)           0.040     0.380    i_bufds_sys_clk/OUT
    E12                  IBUFCTRL (Prop_IBUFCTRL_HPIOB_M_I_O)
                                                      0.000     0.380 r  i_bufds_sys_clk/IBUFCTRL_INST/O
                         net (fo=1, routed)           0.150     0.530    sys_clk
    BUFGCE_X1Y289        BUFGCE (Prop_BUFCE_BUFGCE_I_O)
                                                      0.017     0.547 r  sys_clk_BUFGCE_inst/O
                         net (fo=19, routed)          0.552     1.099    i_clkwiz/inst/clk_in1
    MMCM_X1Y11           MMCME4_ADV (Prop_MMCM_CLKIN1_CLKOUT0)
                                                      0.230     1.329 r  i_clkwiz/inst/mmcme4_adv_inst/CLKOUT0
                         net (fo=1, routed)           0.145     1.474    i_clkwiz/inst/clk_50_clkwiz
    BUFGCE_X1Y266        BUFGCE (Prop_BUFCE_BUFGCE_I_O)
                                                      0.017     1.491 r  i_clkwiz/inst/clkout1_buf/O
    X2Y7 (CLOCK_ROOT)    net (fo=198214, routed)      2.083     3.574    i_dram_wrapper/gen_cdc.i_axi_cdc_mig/i_axi_cdc_src/i_cdc_fifo_gray_src_w/src_clk_i
    SLICE_X56Y820        FDCE                                         r  i_dram_wrapper/gen_cdc.i_axi_cdc_mig/i_axi_cdc_src/i_cdc_fifo_gray_src_w/data_q_reg[27][data][180]/C
  -------------------------------------------------------------------    -------------------
    SLICE_X56Y820        FDCE (Prop_DFF_SLICEM_C_Q)
                                                      0.039     3.613 r  i_dram_wrapper/gen_cdc.i_axi_cdc_mig/i_axi_cdc_src/i_cdc_fifo_gray_src_w/data_q_reg[27][data][180]/Q
                         net (fo=1, routed)           0.051     3.664    i_dram_wrapper/gen_cdc.i_axi_cdc_mig/i_axi_cdc_dst/i_cdc_fifo_gray_dst_w/async_data_i[27][data][180]
    SLICE_X55Y820        LUT6 (Prop_D6LUT_SLICEL_I0_O)
                                                      0.014     3.678 r  i_dram_wrapper/gen_cdc.i_axi_cdc_mig/i_axi_cdc_dst/i_cdc_fifo_gray_dst_w/i_spill_register_i_5537/O
                         net (fo=1, routed)           0.007     3.685    i_dram_wrapper/gen_cdc.i_axi_cdc_mig/i_axi_cdc_dst/i_cdc_fifo_gray_dst_w/i_spill_register_i_5537_n_0
    SLICE_X55Y820        MUXF7 (Prop_F7MUX_CD_SLICEL_I0_O)
                                                      0.010     3.695 r  i_dram_wrapper/gen_cdc.i_axi_cdc_mig/i_axi_cdc_dst/i_cdc_fifo_gray_dst_w/i_spill_register_i_1905/O
                         net (fo=1, routed)           0.065     3.760    i_dram_wrapper/gen_cdc.i_axi_cdc_mig/i_axi_cdc_dst/i_cdc_fifo_gray_dst_w/i_spill_register_i_1905_n_0
    SLICE_X55Y822        LUT6 (Prop_D6LUT_SLICEL_I0_O)
                                                      0.014     3.774 r  i_dram_wrapper/gen_cdc.i_axi_cdc_mig/i_axi_cdc_dst/i_cdc_fifo_gray_dst_w/i_spill_register_i_333/O
                         net (fo=1, routed)           0.016     3.790    i_dram_wrapper/gen_cdc.i_axi_cdc_mig/i_axi_cdc_dst/i_cdc_fifo_gray_dst_w/i_spill_register/spill_register_flushable_i/data_i[data][180]
    SLICE_X55Y822        FDCE                                         r  i_dram_wrapper/gen_cdc.i_axi_cdc_mig/i_axi_cdc_dst/i_cdc_fifo_gray_dst_w/i_spill_register/spill_register_flushable_i/gen_spill_reg.a_data_q_reg[data][180]/D
  -------------------------------------------------------------------    -------------------

                         (clock mmcm_clkout0 rise edge)
                                                      0.000     0.000 r  
    E12                                               0.000     0.000 r  sys_clk_p (IN)
                         net (fo=0)                   0.000     0.000    i_bufds_sys_clk/I
    HPIOBDIFFINBUF_X1Y300
                         DIFFINBUF (Prop_DIFFINBUF_HPIOBDIFFINBUF_DIFF_IN_P_O)
                                                      0.446     0.446 r  i_bufds_sys_clk/DIFFINBUF_INST/O
                         net (fo=1, routed)           0.050     0.496    i_bufds_sys_clk/OUT
    E12                  IBUFCTRL (Prop_IBUFCTRL_HPIOB_M_I_O)
                                                      0.000     0.496 r  i_bufds_sys_clk/IBUFCTRL_INST/O
                         net (fo=1, routed)           0.183     0.679    sys_clk
    BUFGCE_X1Y289        BUFGCE (Prop_BUFCE_BUFGCE_I_O)
                                                      0.019     0.698 r  sys_clk_BUFGCE_inst/O
                         net (fo=19, routed)          0.567     1.265    i_dram_wrapper/i_dram/inst/u_ddr4_infrastructure/mmcm_clk_in
    MMCM_X1Y13           MMCME4_ADV (Prop_MMCM_CLKIN1_CLKOUT0)
                                                     -0.295     0.970 r  i_dram_wrapper/i_dram/inst/u_ddr4_infrastructure/gen_mmcme4.u_mmcme_adv_inst/CLKOUT0
                         net (fo=1, routed)           0.165     1.135    i_dram_wrapper/i_dram/inst/u_ddr4_infrastructure/mmcm_clkout0
    BUFGCE_X1Y332        BUFGCE (Prop_BUFCE_BUFGCE_I_O)
                                                      0.019     1.154 r  i_dram_wrapper/i_dram/inst/u_ddr4_infrastructure/u_bufg_divClk/O
    X4Y10 (CLOCK_ROOT)   net (fo=36296, routed)       1.947     3.101    i_dram_wrapper/gen_cdc.i_axi_cdc_mig/i_axi_cdc_dst/i_cdc_fifo_gray_dst_w/i_spill_register/spill_register_flushable_i/clk_i
    SLICE_X55Y822        FDCE                                         r  i_dram_wrapper/gen_cdc.i_axi_cdc_mig/i_axi_cdc_dst/i_cdc_fifo_gray_dst_w/i_spill_register/spill_register_flushable_i/gen_spill_reg.a_data_q_reg[data][180]/C





--------------------------------------------------------------------------------------
Path Group:  (none)
From Clock:  mmcm_clkout0
  To Clock:  mmcm_clkout0

Max Delay             4 Endpoints
Min Delay             4 Endpoints
--------------------------------------------------------------------------------------


Max Delay Paths
--------------------------------------------------------------------------------------
Slack:                    inf
  Source:                 i_dram_wrapper/fabric_ready_o_reg/C
                            (rising edge-triggered cell FDCE clocked by mmcm_clkout0  {rise@0.000ns fall@1.667ns period=3.333ns})
  Destination:            i_dram_wrapper/i_ui_rstgen/i_rstgen_bypass/synch_regs_q_reg[0]/CLR
                            (recovery check against rising-edge clock mmcm_clkout0  {rise@0.000ns fall@1.667ns period=3.333ns})
  Path Group:             (none)
  Path Type:              Recovery (Max at Slow Process Corner)
  Data Path Delay:        5.505ns  (logic 0.173ns (3.143%)  route 5.332ns (96.857%))
  Logic Levels:           1  (BUFGCTRL=1)
  Clock Path Skew:        0.198ns (DCD - SCD + CPR)
    Destination Clock Delay (DCD):    5.060ns
    Source Clock Delay      (SCD):    4.863ns
    Clock Pessimism Removal (CPR):    0.000ns
  Clock Uncertainty:      0.052ns  ((TSJ^2 + DJ^2)^1/2) / 2 + PE
    Total System Jitter     (TSJ):    0.071ns
    Discrete Jitter          (DJ):    0.076ns
    Phase Error              (PE):    0.000ns
  Clock Net Delay (Source):      2.729ns (routing 1.274ns, distribution 1.455ns)
  Clock Net Delay (Destination): 2.472ns (routing 1.157ns, distribution 1.315ns)
  Timing Exception:       False Path

    Location             Delay type                Incr(ns)  Path(ns)    Netlist Resource(s)
  -------------------------------------------------------------------    -------------------
                         (clock mmcm_clkout0 rise edge)
                                                      0.000     0.000 r  
    E12                                               0.000     0.000 r  sys_clk_p (IN)
                         net (fo=0)                   0.000     0.000    i_bufds_sys_clk/I
    HPIOBDIFFINBUF_X1Y300
                         DIFFINBUF (Prop_DIFFINBUF_HPIOBDIFFINBUF_DIFF_IN_P_O)
                                                      0.675     0.675 r  i_bufds_sys_clk/DIFFINBUF_INST/O
                         net (fo=1, routed)           0.050     0.725    i_bufds_sys_clk/OUT
    E12                  IBUFCTRL (Prop_IBUFCTRL_HPIOB_M_I_O)
                                                      0.000     0.725 r  i_bufds_sys_clk/IBUFCTRL_INST/O
                         net (fo=1, routed)           0.335     1.060    sys_clk
    BUFGCE_X1Y289        BUFGCE (Prop_BUFCE_BUFGCE_I_O)
                                                      0.028     1.088 r  sys_clk_BUFGCE_inst/O
                         net (fo=19, routed)          0.901     1.989    i_dram_wrapper/i_dram/inst/u_ddr4_infrastructure/mmcm_clk_in
    MMCM_X1Y13           MMCME4_ADV (Prop_MMCM_CLKIN1_CLKOUT0)
                                                     -0.127     1.862 r  i_dram_wrapper/i_dram/inst/u_ddr4_infrastructure/gen_mmcme4.u_mmcme_adv_inst/CLKOUT0
                         net (fo=1, routed)           0.244     2.106    i_dram_wrapper/i_dram/inst/u_ddr4_infrastructure/mmcm_clkout0
    BUFGCE_X1Y332        BUFGCE (Prop_BUFCE_BUFGCE_I_O)
                                                      0.028     2.134 r  i_dram_wrapper/i_dram/inst/u_ddr4_infrastructure/u_bufg_divClk/O
    X4Y10 (CLOCK_ROOT)   net (fo=36296, routed)       2.729     4.863    i_dram_wrapper/dram_axi_clk
    SLICE_X124Y719       FDCE                                         r  i_dram_wrapper/fabric_ready_o_reg/C
  -------------------------------------------------------------------    -------------------
    SLICE_X124Y719       FDCE (Prop_AFF2_SLICEL_C_Q)
                                                      0.081     4.944 r  i_dram_wrapper/fabric_ready_o_reg/Q
                         net (fo=7, routed)           3.851     8.795    i_dram_wrapper/i_ui_rstgen/i_rstgen_bypass/i_tc_clk_mux2_rst_n/clk0_i
    SLR Crossing[2->1]   
    BUFGCTRL_X0Y77       BUFGCTRL (Prop_BUFGCTRL_I0_O)
                                                      0.092     8.887 r  i_dram_wrapper/i_ui_rstgen/i_rstgen_bypass/i_tc_clk_mux2_rst_n/i_BUFGMUX/O
                         net (fo=4, routed)           1.481    10.368    i_dram_wrapper/i_ui_rstgen/i_rstgen_bypass/rst_n
    SLICE_X112Y511       FDCE                                         f  i_dram_wrapper/i_ui_rstgen/i_rstgen_bypass/synch_regs_q_reg[0]/CLR  (IS_INVERTED)
  -------------------------------------------------------------------    -------------------

                         (clock mmcm_clkout0 rise edge)
                                                      0.000     0.000 r  
    E12                                               0.000     0.000 r  sys_clk_p (IN)
                         net (fo=0)                   0.000     0.000    i_bufds_sys_clk/I
    HPIOBDIFFINBUF_X1Y300
                         DIFFINBUF (Prop_DIFFINBUF_HPIOBDIFFINBUF_DIFF_IN_P_O)
                                                      0.564     0.564 r  i_bufds_sys_clk/DIFFINBUF_INST/O
                         net (fo=1, routed)           0.040     0.604    i_bufds_sys_clk/OUT
    E12                  IBUFCTRL (Prop_IBUFCTRL_HPIOB_M_I_O)
                                                      0.000     0.604 r  i_bufds_sys_clk/IBUFCTRL_INST/O
                         net (fo=1, routed)           0.297     0.901    sys_clk
    BUFGCE_X1Y289        BUFGCE (Prop_BUFCE_BUFGCE_I_O)
                                                      0.024     0.925 r  sys_clk_BUFGCE_inst/O
                         net (fo=19, routed)          0.795     1.720    i_dram_wrapper/i_dram/inst/u_ddr4_infrastructure/mmcm_clk_in
    MMCM_X1Y13           MMCME4_ADV (Prop_MMCM_CLKIN1_CLKOUT0)
                                                      0.630     2.350 r  i_dram_wrapper/i_dram/inst/u_ddr4_infrastructure/gen_mmcme4.u_mmcme_adv_inst/CLKOUT0
                         net (fo=1, routed)           0.214     2.564    i_dram_wrapper/i_dram/inst/u_ddr4_infrastructure/mmcm_clkout0
    BUFGCE_X1Y332        BUFGCE (Prop_BUFCE_BUFGCE_I_O)
                                                      0.024     2.588 r  i_dram_wrapper/i_dram/inst/u_ddr4_infrastructure/u_bufg_divClk/O
    X4Y10 (CLOCK_ROOT)   net (fo=36296, routed)       2.472     5.060    i_dram_wrapper/i_ui_rstgen/i_rstgen_bypass/clk_i
    SLR Crossing[2->1]   
    SLICE_X112Y511       FDCE                                         r  i_dram_wrapper/i_ui_rstgen/i_rstgen_bypass/synch_regs_q_reg[0]/C





Min Delay Paths
--------------------------------------------------------------------------------------
Slack:                    inf
  Source:                 i_dram_wrapper/fabric_ready_o_reg/C
                            (rising edge-triggered cell FDCE clocked by mmcm_clkout0  {rise@0.000ns fall@1.667ns period=3.333ns})
  Destination:            i_dram_wrapper/i_ui_rstgen/i_rstgen_bypass/synch_regs_q_reg[0]/CLR
                            (removal check against rising-edge clock mmcm_clkout0  {rise@0.000ns fall@1.667ns period=3.333ns})
  Path Group:             (none)
  Path Type:              Removal (Min at Fast Process Corner)
  Data Path Delay:        2.702ns  (logic 0.092ns (3.405%)  route 2.610ns (96.595%))
  Logic Levels:           1  (BUFGCTRL=1)
  Clock Path Skew:        -0.079ns (DCD - SCD - CPR)
    Destination Clock Delay (DCD):    2.859ns
    Source Clock Delay      (SCD):    2.937ns
    Clock Pessimism Removal (CPR):    -0.000ns
  Clock Uncertainty:      0.052ns  ((TSJ^2 + DJ^2)^1/2) / 2 + PE
    Total System Jitter     (TSJ):    0.071ns
    Discrete Jitter          (DJ):    0.076ns
    Phase Error              (PE):    0.000ns
  Clock Net Delay (Source):      1.494ns (routing 0.698ns, distribution 0.796ns)
  Clock Net Delay (Destination): 1.705ns (routing 0.779ns, distribution 0.926ns)
  Timing Exception:       False Path

    Location             Delay type                Incr(ns)  Path(ns)    Netlist Resource(s)
  -------------------------------------------------------------------    -------------------
                         (clock mmcm_clkout0 rise edge)
                                                      0.000     0.000 r  
    E12                                               0.000     0.000 r  sys_clk_p (IN)
                         net (fo=0)                   0.000     0.000    i_bufds_sys_clk/I
    HPIOBDIFFINBUF_X1Y300
                         DIFFINBUF (Prop_DIFFINBUF_HPIOBDIFFINBUF_DIFF_IN_P_O)
                                                      0.340     0.340 r  i_bufds_sys_clk/DIFFINBUF_INST/O
                         net (fo=1, routed)           0.040     0.380    i_bufds_sys_clk/OUT
    E12                  IBUFCTRL (Prop_IBUFCTRL_HPIOB_M_I_O)
                                                      0.000     0.380 r  i_bufds_sys_clk/IBUFCTRL_INST/O
                         net (fo=1, routed)           0.150     0.530    sys_clk
    BUFGCE_X1Y289        BUFGCE (Prop_BUFCE_BUFGCE_I_O)
                                                      0.017     0.547 r  sys_clk_BUFGCE_inst/O
                         net (fo=19, routed)          0.504     1.051    i_dram_wrapper/i_dram/inst/u_ddr4_infrastructure/mmcm_clk_in
    MMCM_X1Y13           MMCME4_ADV (Prop_MMCM_CLKIN1_CLKOUT0)
                                                      0.230     1.281 r  i_dram_wrapper/i_dram/inst/u_ddr4_infrastructure/gen_mmcme4.u_mmcme_adv_inst/CLKOUT0
                         net (fo=1, routed)           0.145     1.426    i_dram_wrapper/i_dram/inst/u_ddr4_infrastructure/mmcm_clkout0
    BUFGCE_X1Y332        BUFGCE (Prop_BUFCE_BUFGCE_I_O)
                                                      0.017     1.443 r  i_dram_wrapper/i_dram/inst/u_ddr4_infrastructure/u_bufg_divClk/O
    X4Y10 (CLOCK_ROOT)   net (fo=36296, routed)       1.494     2.937    i_dram_wrapper/dram_axi_clk
    SLICE_X124Y719       FDCE                                         r  i_dram_wrapper/fabric_ready_o_reg/C
  -------------------------------------------------------------------    -------------------
    SLICE_X124Y719       FDCE (Prop_AFF2_SLICEL_C_Q)
                                                      0.040     2.977 r  i_dram_wrapper/fabric_ready_o_reg/Q
                         net (fo=7, routed)           1.783     4.760    i_dram_wrapper/i_ui_rstgen/i_rstgen_bypass/i_tc_clk_mux2_rst_n/clk0_i
    SLR Crossing[2->1]   
    BUFGCTRL_X0Y77       BUFGCTRL (Prop_BUFGCTRL_I0_O)
                                                      0.052     4.812 r  i_dram_wrapper/i_ui_rstgen/i_rstgen_bypass/i_tc_clk_mux2_rst_n/i_BUFGMUX/O
                         net (fo=4, routed)           0.827     5.639    i_dram_wrapper/i_ui_rstgen/i_rstgen_bypass/rst_n
    SLICE_X112Y511       FDCE                                         f  i_dram_wrapper/i_ui_rstgen/i_rstgen_bypass/synch_regs_q_reg[0]/CLR  (IS_INVERTED)
  -------------------------------------------------------------------    -------------------

                         (clock mmcm_clkout0 rise edge)
                                                      0.000     0.000 r  
    E12                                               0.000     0.000 r  sys_clk_p (IN)
                         net (fo=0)                   0.000     0.000    i_bufds_sys_clk/I
    HPIOBDIFFINBUF_X1Y300
                         DIFFINBUF (Prop_DIFFINBUF_HPIOBDIFFINBUF_DIFF_IN_P_O)
                                                      0.446     0.446 r  i_bufds_sys_clk/DIFFINBUF_INST/O
                         net (fo=1, routed)           0.050     0.496    i_bufds_sys_clk/OUT
    E12                  IBUFCTRL (Prop_IBUFCTRL_HPIOB_M_I_O)
                                                      0.000     0.496 r  i_bufds_sys_clk/IBUFCTRL_INST/O
                         net (fo=1, routed)           0.183     0.679    sys_clk
    BUFGCE_X1Y289        BUFGCE (Prop_BUFCE_BUFGCE_I_O)
                                                      0.019     0.698 r  sys_clk_BUFGCE_inst/O
                         net (fo=19, routed)          0.567     1.265    i_dram_wrapper/i_dram/inst/u_ddr4_infrastructure/mmcm_clk_in
    MMCM_X1Y13           MMCME4_ADV (Prop_MMCM_CLKIN1_CLKOUT0)
                                                     -0.295     0.970 r  i_dram_wrapper/i_dram/inst/u_ddr4_infrastructure/gen_mmcme4.u_mmcme_adv_inst/CLKOUT0
                         net (fo=1, routed)           0.165     1.135    i_dram_wrapper/i_dram/inst/u_ddr4_infrastructure/mmcm_clkout0
    BUFGCE_X1Y332        BUFGCE (Prop_BUFCE_BUFGCE_I_O)
                                                      0.019     1.154 r  i_dram_wrapper/i_dram/inst/u_ddr4_infrastructure/u_bufg_divClk/O
    X4Y10 (CLOCK_ROOT)   net (fo=36296, routed)       1.705     2.859    i_dram_wrapper/i_ui_rstgen/i_rstgen_bypass/clk_i
    SLR Crossing[2->1]   
    SLICE_X112Y511       FDCE                                         r  i_dram_wrapper/i_ui_rstgen/i_rstgen_bypass/synch_regs_q_reg[0]/C





--------------------------------------------------------------------------------------
Path Group:  (none)
From Clock:  mmcm_clkout5
  To Clock:  mmcm_clkout0

Max Delay             0 Endpoints
Min Delay            28 Endpoints
--------------------------------------------------------------------------------------


Min Delay Paths
--------------------------------------------------------------------------------------
Slack:                    inf
  Source:                 i_dram_wrapper/i_dram/inst/u_ddr4_mem_intfc/u_ddr_cal_top/u_ddr_cal/u_xsdb_arbiter/slave_di_r_reg[3]/C
                            (rising edge-triggered cell FDRE clocked by mmcm_clkout5  {rise@0.000ns fall@6.667ns period=13.333ns})
  Destination:            i_dram_wrapper/i_dram/inst/u_ddr4_mem_intfc/u_ddr_cal_top/u_ddr_cal/u_xsdb_arbiter/u_slave_di_sync/SYNC[3].sync_reg_reg[0]/D
                            (rising edge-triggered cell FDRE clocked by mmcm_clkout0  {rise@0.000ns fall@1.667ns period=3.333ns})
  Path Group:             (none)
  Path Type:              Hold (Min at Fast Process Corner)
  Data Path Delay:        0.097ns  (logic 0.039ns (40.206%)  route 0.058ns (59.794%))
  Logic Levels:           0  
  Clock Path Skew:        0.263ns (DCD - SCD - CPR)
    Destination Clock Delay (DCD):    2.816ns
    Source Clock Delay      (SCD):    2.552ns
    Clock Pessimism Removal (CPR):    -0.000ns
  Clock Uncertainty:      0.181ns  ((TSJ^2 + DJ^2)^1/2) / 2 + PE
    Total System Jitter     (TSJ):    0.071ns
    Discrete Jitter          (DJ):    0.100ns
    Phase Error              (PE):    0.120ns
  Clock Net Delay (Source):      1.116ns (routing 0.522ns, distribution 0.594ns)
  Clock Net Delay (Destination): 1.662ns (routing 0.779ns, distribution 0.883ns)
  Timing Exception:       False Path

    Location             Delay type                Incr(ns)  Path(ns)    Netlist Resource(s)
  -------------------------------------------------------------------    -------------------
                         (clock mmcm_clkout5 rise edge)
                                                      0.000     0.000 r  
    E12                                               0.000     0.000 r  sys_clk_p (IN)
                         net (fo=0)                   0.000     0.000    i_bufds_sys_clk/I
    HPIOBDIFFINBUF_X1Y300
                         DIFFINBUF (Prop_DIFFINBUF_HPIOBDIFFINBUF_DIFF_IN_P_O)
                                                      0.340     0.340 r  i_bufds_sys_clk/DIFFINBUF_INST/O
                         net (fo=1, routed)           0.040     0.380    i_bufds_sys_clk/OUT
    E12                  IBUFCTRL (Prop_IBUFCTRL_HPIOB_M_I_O)
                                                      0.000     0.380 r  i_bufds_sys_clk/IBUFCTRL_INST/O
                         net (fo=1, routed)           0.150     0.530    sys_clk
    BUFGCE_X1Y289        BUFGCE (Prop_BUFCE_BUFGCE_I_O)
                                                      0.017     0.547 r  sys_clk_BUFGCE_inst/O
                         net (fo=19, routed)          0.504     1.051    i_dram_wrapper/i_dram/inst/u_ddr4_infrastructure/mmcm_clk_in
    MMCM_X1Y13           MMCME4_ADV (Prop_MMCM_CLKIN1_CLKOUT5)
                                                      0.230     1.281 r  i_dram_wrapper/i_dram/inst/u_ddr4_infrastructure/gen_mmcme4.u_mmcme_adv_inst/CLKOUT5
                         net (fo=1, routed)           0.138     1.419    i_dram_wrapper/i_dram/inst/u_ddr4_infrastructure/mmcm_clkout5
    BUFGCE_X1Y320        BUFGCE (Prop_BUFCE_BUFGCE_I_O)
                                                      0.017     1.436 r  i_dram_wrapper/i_dram/inst/u_ddr4_infrastructure/u_bufg_dbg_clk/O
    X4Y11 (CLOCK_ROOT)   net (fo=842, routed)         1.116     2.552    i_dram_wrapper/i_dram/inst/u_ddr4_mem_intfc/u_ddr_cal_top/u_ddr_cal/u_xsdb_arbiter/CLK
    SLICE_X141Y734       FDRE                                         r  i_dram_wrapper/i_dram/inst/u_ddr4_mem_intfc/u_ddr_cal_top/u_ddr_cal/u_xsdb_arbiter/slave_di_r_reg[3]/C
  -------------------------------------------------------------------    -------------------
    SLICE_X141Y734       FDRE (Prop_GFF2_SLICEM_C_Q)
                                                      0.039     2.591 r  i_dram_wrapper/i_dram/inst/u_ddr4_mem_intfc/u_ddr_cal_top/u_ddr_cal/u_xsdb_arbiter/slave_di_r_reg[3]/Q
                         net (fo=1, routed)           0.058     2.649    i_dram_wrapper/i_dram/inst/u_ddr4_mem_intfc/u_ddr_cal_top/u_ddr_cal/u_xsdb_arbiter/u_slave_di_sync/out[3]
    SLICE_X140Y734       FDRE                                         r  i_dram_wrapper/i_dram/inst/u_ddr4_mem_intfc/u_ddr_cal_top/u_ddr_cal/u_xsdb_arbiter/u_slave_di_sync/SYNC[3].sync_reg_reg[0]/D
  -------------------------------------------------------------------    -------------------

                         (clock mmcm_clkout0 rise edge)
                                                      0.000     0.000 r  
    E12                                               0.000     0.000 r  sys_clk_p (IN)
                         net (fo=0)                   0.000     0.000    i_bufds_sys_clk/I
    HPIOBDIFFINBUF_X1Y300
                         DIFFINBUF (Prop_DIFFINBUF_HPIOBDIFFINBUF_DIFF_IN_P_O)
                                                      0.446     0.446 r  i_bufds_sys_clk/DIFFINBUF_INST/O
                         net (fo=1, routed)           0.050     0.496    i_bufds_sys_clk/OUT
    E12                  IBUFCTRL (Prop_IBUFCTRL_HPIOB_M_I_O)
                                                      0.000     0.496 r  i_bufds_sys_clk/IBUFCTRL_INST/O
                         net (fo=1, routed)           0.183     0.679    sys_clk
    BUFGCE_X1Y289        BUFGCE (Prop_BUFCE_BUFGCE_I_O)
                                                      0.019     0.698 r  sys_clk_BUFGCE_inst/O
                         net (fo=19, routed)          0.567     1.265    i_dram_wrapper/i_dram/inst/u_ddr4_infrastructure/mmcm_clk_in
    MMCM_X1Y13           MMCME4_ADV (Prop_MMCM_CLKIN1_CLKOUT0)
                                                     -0.295     0.970 r  i_dram_wrapper/i_dram/inst/u_ddr4_infrastructure/gen_mmcme4.u_mmcme_adv_inst/CLKOUT0
                         net (fo=1, routed)           0.165     1.135    i_dram_wrapper/i_dram/inst/u_ddr4_infrastructure/mmcm_clkout0
    BUFGCE_X1Y332        BUFGCE (Prop_BUFCE_BUFGCE_I_O)
                                                      0.019     1.154 r  i_dram_wrapper/i_dram/inst/u_ddr4_infrastructure/u_bufg_divClk/O
    X4Y10 (CLOCK_ROOT)   net (fo=36296, routed)       1.662     2.816    i_dram_wrapper/i_dram/inst/u_ddr4_mem_intfc/u_ddr_cal_top/u_ddr_cal/u_xsdb_arbiter/u_slave_di_sync/SYNC[8].sync_reg_reg[1]_0
    SLICE_X140Y734       FDRE                                         r  i_dram_wrapper/i_dram/inst/u_ddr4_mem_intfc/u_ddr_cal_top/u_ddr_cal/u_xsdb_arbiter/u_slave_di_sync/SYNC[3].sync_reg_reg[0]/C





--------------------------------------------------------------------------------------
Path Group:  (none)
From Clock:  mmcm_clkout6
  To Clock:  mmcm_clkout0

Max Delay             0 Endpoints
Min Delay           129 Endpoints
--------------------------------------------------------------------------------------


Min Delay Paths
--------------------------------------------------------------------------------------
Slack:                    inf
  Source:                 i_dram_wrapper/i_dram/inst/u_ddr4_mem_intfc/u_ddr_cal_riu/io_write_data_riuclk_reg[1]/C
                            (rising edge-triggered cell FDRE clocked by mmcm_clkout6  {rise@0.000ns fall@3.333ns period=6.667ns})
  Destination:            i_dram_wrapper/i_dram/inst/u_ddr4_mem_intfc/u_io_write_data_sync/SYNC[1].sync_reg_reg[0]/D
                            (rising edge-triggered cell FDRE clocked by mmcm_clkout0  {rise@0.000ns fall@1.667ns period=3.333ns})
  Path Group:             (none)
  Path Type:              Hold (Min at Fast Process Corner)
  Data Path Delay:        0.094ns  (logic 0.039ns (41.489%)  route 0.055ns (58.511%))
  Logic Levels:           0  
  Clock Path Skew:        -0.092ns (DCD - SCD - CPR)
    Destination Clock Delay (DCD):    2.835ns
    Source Clock Delay      (SCD):    2.926ns
    Clock Pessimism Removal (CPR):    -0.000ns
  Clock Uncertainty:      0.176ns  ((TSJ^2 + DJ^2)^1/2) / 2 + PE
    Total System Jitter     (TSJ):    0.071ns
    Discrete Jitter          (DJ):    0.087ns
    Phase Error              (PE):    0.120ns
  Clock Net Delay (Source):      1.473ns (routing 0.690ns, distribution 0.783ns)
  Clock Net Delay (Destination): 1.681ns (routing 0.779ns, distribution 0.902ns)
  Timing Exception:       False Path

    Location             Delay type                Incr(ns)  Path(ns)    Netlist Resource(s)
  -------------------------------------------------------------------    -------------------
                         (clock mmcm_clkout6 rise edge)
                                                      0.000     0.000 r  
    E12                                               0.000     0.000 r  sys_clk_p (IN)
                         net (fo=0)                   0.000     0.000    i_bufds_sys_clk/I
    HPIOBDIFFINBUF_X1Y300
                         DIFFINBUF (Prop_DIFFINBUF_HPIOBDIFFINBUF_DIFF_IN_P_O)
                                                      0.340     0.340 r  i_bufds_sys_clk/DIFFINBUF_INST/O
                         net (fo=1, routed)           0.040     0.380    i_bufds_sys_clk/OUT
    E12                  IBUFCTRL (Prop_IBUFCTRL_HPIOB_M_I_O)
                                                      0.000     0.380 r  i_bufds_sys_clk/IBUFCTRL_INST/O
                         net (fo=1, routed)           0.150     0.530    sys_clk
    BUFGCE_X1Y289        BUFGCE (Prop_BUFCE_BUFGCE_I_O)
                                                      0.017     0.547 r  sys_clk_BUFGCE_inst/O
                         net (fo=19, routed)          0.504     1.051    i_dram_wrapper/i_dram/inst/u_ddr4_infrastructure/mmcm_clk_in
    MMCM_X1Y13           MMCME4_ADV (Prop_MMCM_CLKIN1_CLKOUT6)
                                                      0.230     1.281 r  i_dram_wrapper/i_dram/inst/u_ddr4_infrastructure/gen_mmcme4.u_mmcme_adv_inst/CLKOUT6
                         net (fo=1, routed)           0.155     1.436    i_dram_wrapper/i_dram/inst/u_ddr4_infrastructure/mmcm_clkout6
    BUFGCE_X1Y326        BUFGCE (Prop_BUFCE_BUFGCE_I_O)
                                                      0.017     1.453 r  i_dram_wrapper/i_dram/inst/u_ddr4_infrastructure/u_bufg_riuClk/O
    X4Y10 (CLOCK_ROOT)   net (fo=1746, routed)        1.473     2.926    i_dram_wrapper/i_dram/inst/u_ddr4_mem_intfc/u_ddr_cal_riu/CLK
    SLICE_X130Y768       FDRE                                         r  i_dram_wrapper/i_dram/inst/u_ddr4_mem_intfc/u_ddr_cal_riu/io_write_data_riuclk_reg[1]/C
  -------------------------------------------------------------------    -------------------
    SLICE_X130Y768       FDRE (Prop_BFF_SLICEL_C_Q)
                                                      0.039     2.965 r  i_dram_wrapper/i_dram/inst/u_ddr4_mem_intfc/u_ddr_cal_riu/io_write_data_riuclk_reg[1]/Q
                         net (fo=2, routed)           0.055     3.020    i_dram_wrapper/i_dram/inst/u_ddr4_mem_intfc/u_io_write_data_sync/SYNC[31].sync_reg_reg[0]_0[1]
    SLICE_X130Y767       FDRE                                         r  i_dram_wrapper/i_dram/inst/u_ddr4_mem_intfc/u_io_write_data_sync/SYNC[1].sync_reg_reg[0]/D
  -------------------------------------------------------------------    -------------------

                         (clock mmcm_clkout0 rise edge)
                                                      0.000     0.000 r  
    E12                                               0.000     0.000 r  sys_clk_p (IN)
                         net (fo=0)                   0.000     0.000    i_bufds_sys_clk/I
    HPIOBDIFFINBUF_X1Y300
                         DIFFINBUF (Prop_DIFFINBUF_HPIOBDIFFINBUF_DIFF_IN_P_O)
                                                      0.446     0.446 r  i_bufds_sys_clk/DIFFINBUF_INST/O
                         net (fo=1, routed)           0.050     0.496    i_bufds_sys_clk/OUT
    E12                  IBUFCTRL (Prop_IBUFCTRL_HPIOB_M_I_O)
                                                      0.000     0.496 r  i_bufds_sys_clk/IBUFCTRL_INST/O
                         net (fo=1, routed)           0.183     0.679    sys_clk
    BUFGCE_X1Y289        BUFGCE (Prop_BUFCE_BUFGCE_I_O)
                                                      0.019     0.698 r  sys_clk_BUFGCE_inst/O
                         net (fo=19, routed)          0.567     1.265    i_dram_wrapper/i_dram/inst/u_ddr4_infrastructure/mmcm_clk_in
    MMCM_X1Y13           MMCME4_ADV (Prop_MMCM_CLKIN1_CLKOUT0)
                                                     -0.295     0.970 r  i_dram_wrapper/i_dram/inst/u_ddr4_infrastructure/gen_mmcme4.u_mmcme_adv_inst/CLKOUT0
                         net (fo=1, routed)           0.165     1.135    i_dram_wrapper/i_dram/inst/u_ddr4_infrastructure/mmcm_clkout0
    BUFGCE_X1Y332        BUFGCE (Prop_BUFCE_BUFGCE_I_O)
                                                      0.019     1.154 r  i_dram_wrapper/i_dram/inst/u_ddr4_infrastructure/u_bufg_divClk/O
    X4Y10 (CLOCK_ROOT)   net (fo=36296, routed)       1.681     2.835    i_dram_wrapper/i_dram/inst/u_ddr4_mem_intfc/u_io_write_data_sync/SYNC[31].sync_reg_reg[1]_1
    SLICE_X130Y767       FDRE                                         r  i_dram_wrapper/i_dram/inst/u_ddr4_mem_intfc/u_io_write_data_sync/SYNC[1].sync_reg_reg[0]/C





--------------------------------------------------------------------------------------
Path Group:  (none)
From Clock:  sys_clk
  To Clock:  mmcm_clkout0

Max Delay             1 Endpoint
Min Delay             1 Endpoint
--------------------------------------------------------------------------------------


Max Delay Paths
--------------------------------------------------------------------------------------
Slack:                    inf
  Source:                 i_dram_wrapper/i_dram/inst/u_ddr4_infrastructure/rst_async_riu_div_reg/C
                            (rising edge-triggered cell FDRE clocked by sys_clk  {rise@0.000ns fall@2.000ns period=4.000ns})
  Destination:            i_dram_wrapper/i_dram/inst/u_ddr4_infrastructure/rst_div_sync_r_reg[0]/D
                            (rising edge-triggered cell FDRE clocked by mmcm_clkout0  {rise@0.000ns fall@1.667ns period=3.333ns})
  Path Group:             (none)
  Path Type:              Setup (Max at Slow Process Corner)
  Data Path Delay:        0.381ns  (logic 0.081ns (21.260%)  route 0.300ns (78.740%))
  Logic Levels:           0  
  Clock Path Skew:        2.815ns (DCD - SCD + CPR)
    Destination Clock Delay (DCD):    4.993ns
    Source Clock Delay      (SCD):    2.179ns
    Clock Pessimism Removal (CPR):    0.000ns
  Clock Uncertainty:      0.125ns  ((TSJ^2 + DJ^2)^1/2) / 2 + PE
    Total System Jitter     (TSJ):    0.071ns
    Discrete Jitter          (DJ):    0.076ns
    Phase Error              (PE):    0.073ns
  Clock Net Delay (Source):      1.091ns (routing 0.171ns, distribution 0.920ns)
  Clock Net Delay (Destination): 2.405ns (routing 1.157ns, distribution 1.248ns)
  Timing Exception:       False Path

    Location             Delay type                Incr(ns)  Path(ns)    Netlist Resource(s)
  -------------------------------------------------------------------    -------------------
                         (clock sys_clk rise edge)    0.000     0.000 r  
    E12                                               0.000     0.000 r  sys_clk_p (IN)
                         net (fo=0)                   0.000     0.000    i_bufds_sys_clk/I
    HPIOBDIFFINBUF_X1Y300
                         DIFFINBUF (Prop_DIFFINBUF_HPIOBDIFFINBUF_DIFF_IN_P_O)
                                                      0.675     0.675 r  i_bufds_sys_clk/DIFFINBUF_INST/O
                         net (fo=1, routed)           0.050     0.725    i_bufds_sys_clk/OUT
    E12                  IBUFCTRL (Prop_IBUFCTRL_HPIOB_M_I_O)
                                                      0.000     0.725 r  i_bufds_sys_clk/IBUFCTRL_INST/O
                         net (fo=1, routed)           0.335     1.060    sys_clk
    BUFGCE_X1Y289        BUFGCE (Prop_BUFCE_BUFGCE_I_O)
                                                      0.028     1.088 r  sys_clk_BUFGCE_inst/O
    X4Y12 (CLOCK_ROOT)   net (fo=19, routed)          1.091     2.179    i_dram_wrapper/i_dram/inst/u_ddr4_infrastructure/sys_clk_in
    SLICE_X139Y752       FDRE                                         r  i_dram_wrapper/i_dram/inst/u_ddr4_infrastructure/rst_async_riu_div_reg/C
  -------------------------------------------------------------------    -------------------
    SLICE_X139Y752       FDRE (Prop_AFF2_SLICEL_C_Q)
                                                      0.081     2.260 r  i_dram_wrapper/i_dram/inst/u_ddr4_infrastructure/rst_async_riu_div_reg/Q
                         net (fo=2, routed)           0.300     2.560    i_dram_wrapper/i_dram/inst/u_ddr4_infrastructure/rst_async_riu_div
    SLICE_X139Y753       FDRE                                         r  i_dram_wrapper/i_dram/inst/u_ddr4_infrastructure/rst_div_sync_r_reg[0]/D
  -------------------------------------------------------------------    -------------------

                         (clock mmcm_clkout0 rise edge)
                                                      0.000     0.000 r  
    E12                                               0.000     0.000 r  sys_clk_p (IN)
                         net (fo=0)                   0.000     0.000    i_bufds_sys_clk/I
    HPIOBDIFFINBUF_X1Y300
                         DIFFINBUF (Prop_DIFFINBUF_HPIOBDIFFINBUF_DIFF_IN_P_O)
                                                      0.564     0.564 r  i_bufds_sys_clk/DIFFINBUF_INST/O
                         net (fo=1, routed)           0.040     0.604    i_bufds_sys_clk/OUT
    E12                  IBUFCTRL (Prop_IBUFCTRL_HPIOB_M_I_O)
                                                      0.000     0.604 r  i_bufds_sys_clk/IBUFCTRL_INST/O
                         net (fo=1, routed)           0.297     0.901    sys_clk
    BUFGCE_X1Y289        BUFGCE (Prop_BUFCE_BUFGCE_I_O)
                                                      0.024     0.925 r  sys_clk_BUFGCE_inst/O
                         net (fo=19, routed)          0.795     1.720    i_dram_wrapper/i_dram/inst/u_ddr4_infrastructure/mmcm_clk_in
    MMCM_X1Y13           MMCME4_ADV (Prop_MMCM_CLKIN1_CLKOUT0)
                                                      0.630     2.350 r  i_dram_wrapper/i_dram/inst/u_ddr4_infrastructure/gen_mmcme4.u_mmcme_adv_inst/CLKOUT0
                         net (fo=1, routed)           0.214     2.564    i_dram_wrapper/i_dram/inst/u_ddr4_infrastructure/mmcm_clkout0
    BUFGCE_X1Y332        BUFGCE (Prop_BUFCE_BUFGCE_I_O)
                                                      0.024     2.588 r  i_dram_wrapper/i_dram/inst/u_ddr4_infrastructure/u_bufg_divClk/O
    X4Y10 (CLOCK_ROOT)   net (fo=36296, routed)       2.405     4.993    i_dram_wrapper/i_dram/inst/u_ddr4_infrastructure/input_rst_mmcm_reg_0
    SLICE_X139Y753       FDRE                                         r  i_dram_wrapper/i_dram/inst/u_ddr4_infrastructure/rst_div_sync_r_reg[0]/C





Min Delay Paths
--------------------------------------------------------------------------------------
Slack:                    inf
  Source:                 i_dram_wrapper/i_dram/inst/u_ddr4_infrastructure/rst_async_riu_div_reg/C
                            (rising edge-triggered cell FDRE clocked by sys_clk  {rise@0.000ns fall@2.000ns period=4.000ns})
  Destination:            i_dram_wrapper/i_dram/inst/u_ddr4_infrastructure/rst_div_sync_r_reg[0]/D
                            (rising edge-triggered cell FDRE clocked by mmcm_clkout0  {rise@0.000ns fall@1.667ns period=3.333ns})
  Path Group:             (none)
  Path Type:              Hold (Min at Fast Process Corner)
  Data Path Delay:        0.146ns  (logic 0.040ns (27.397%)  route 0.106ns (72.603%))
  Logic Levels:           0  
  Clock Path Skew:        1.652ns (DCD - SCD - CPR)
    Destination Clock Delay (DCD):    2.813ns
    Source Clock Delay      (SCD):    1.160ns
    Clock Pessimism Removal (CPR):    -0.000ns
  Clock Uncertainty:      0.125ns  ((TSJ^2 + DJ^2)^1/2) / 2 + PE
    Total System Jitter     (TSJ):    0.071ns
    Discrete Jitter          (DJ):    0.076ns
    Phase Error              (PE):    0.073ns
  Clock Net Delay (Source):      0.613ns (routing 0.096ns, distribution 0.517ns)
  Clock Net Delay (Destination): 1.659ns (routing 0.779ns, distribution 0.880ns)
  Timing Exception:       False Path

    Location             Delay type                Incr(ns)  Path(ns)    Netlist Resource(s)
  -------------------------------------------------------------------    -------------------
                         (clock sys_clk rise edge)    0.000     0.000 r  
    E12                                               0.000     0.000 r  sys_clk_p (IN)
                         net (fo=0)                   0.000     0.000    i_bufds_sys_clk/I
    HPIOBDIFFINBUF_X1Y300
                         DIFFINBUF (Prop_DIFFINBUF_HPIOBDIFFINBUF_DIFF_IN_P_O)
                                                      0.340     0.340 r  i_bufds_sys_clk/DIFFINBUF_INST/O
                         net (fo=1, routed)           0.040     0.380    i_bufds_sys_clk/OUT
    E12                  IBUFCTRL (Prop_IBUFCTRL_HPIOB_M_I_O)
                                                      0.000     0.380 r  i_bufds_sys_clk/IBUFCTRL_INST/O
                         net (fo=1, routed)           0.150     0.530    sys_clk
    BUFGCE_X1Y289        BUFGCE (Prop_BUFCE_BUFGCE_I_O)
                                                      0.017     0.547 r  sys_clk_BUFGCE_inst/O
    X4Y12 (CLOCK_ROOT)   net (fo=19, routed)          0.613     1.160    i_dram_wrapper/i_dram/inst/u_ddr4_infrastructure/sys_clk_in
    SLICE_X139Y752       FDRE                                         r  i_dram_wrapper/i_dram/inst/u_ddr4_infrastructure/rst_async_riu_div_reg/C
  -------------------------------------------------------------------    -------------------
    SLICE_X139Y752       FDRE (Prop_AFF2_SLICEL_C_Q)
                                                      0.040     1.200 r  i_dram_wrapper/i_dram/inst/u_ddr4_infrastructure/rst_async_riu_div_reg/Q
                         net (fo=2, routed)           0.106     1.306    i_dram_wrapper/i_dram/inst/u_ddr4_infrastructure/rst_async_riu_div
    SLICE_X139Y753       FDRE                                         r  i_dram_wrapper/i_dram/inst/u_ddr4_infrastructure/rst_div_sync_r_reg[0]/D
  -------------------------------------------------------------------    -------------------

                         (clock mmcm_clkout0 rise edge)
                                                      0.000     0.000 r  
    E12                                               0.000     0.000 r  sys_clk_p (IN)
                         net (fo=0)                   0.000     0.000    i_bufds_sys_clk/I
    HPIOBDIFFINBUF_X1Y300
                         DIFFINBUF (Prop_DIFFINBUF_HPIOBDIFFINBUF_DIFF_IN_P_O)
                                                      0.446     0.446 r  i_bufds_sys_clk/DIFFINBUF_INST/O
                         net (fo=1, routed)           0.050     0.496    i_bufds_sys_clk/OUT
    E12                  IBUFCTRL (Prop_IBUFCTRL_HPIOB_M_I_O)
                                                      0.000     0.496 r  i_bufds_sys_clk/IBUFCTRL_INST/O
                         net (fo=1, routed)           0.183     0.679    sys_clk
    BUFGCE_X1Y289        BUFGCE (Prop_BUFCE_BUFGCE_I_O)
                                                      0.019     0.698 r  sys_clk_BUFGCE_inst/O
                         net (fo=19, routed)          0.567     1.265    i_dram_wrapper/i_dram/inst/u_ddr4_infrastructure/mmcm_clk_in
    MMCM_X1Y13           MMCME4_ADV (Prop_MMCM_CLKIN1_CLKOUT0)
                                                     -0.295     0.970 r  i_dram_wrapper/i_dram/inst/u_ddr4_infrastructure/gen_mmcme4.u_mmcme_adv_inst/CLKOUT0
                         net (fo=1, routed)           0.165     1.135    i_dram_wrapper/i_dram/inst/u_ddr4_infrastructure/mmcm_clkout0
    BUFGCE_X1Y332        BUFGCE (Prop_BUFCE_BUFGCE_I_O)
                                                      0.019     1.154 r  i_dram_wrapper/i_dram/inst/u_ddr4_infrastructure/u_bufg_divClk/O
    X4Y10 (CLOCK_ROOT)   net (fo=36296, routed)       1.659     2.813    i_dram_wrapper/i_dram/inst/u_ddr4_infrastructure/input_rst_mmcm_reg_0
    SLICE_X139Y753       FDRE                                         r  i_dram_wrapper/i_dram/inst/u_ddr4_infrastructure/rst_div_sync_r_reg[0]/C





--------------------------------------------------------------------------------------
Path Group:  (none)
From Clock:  clk_50_clkwiz
  To Clock:  mmcm_clkout5

Max Delay             4 Endpoints
Min Delay             4 Endpoints
--------------------------------------------------------------------------------------


Max Delay Paths
--------------------------------------------------------------------------------------
Slack:                    inf
  Source:                 i_vio/inst/PROBE_IN_INST/probe_in_reg_reg[0]/C
                            (rising edge-triggered cell FDRE clocked by clk_50_clkwiz  {rise@0.000ns fall@10.000ns period=20.000ns})
  Destination:            i_vio/inst/PROBE_IN_INST/data_int_sync1_reg[0]/D
                            (rising edge-triggered cell FDRE clocked by mmcm_clkout5  {rise@0.000ns fall@6.667ns period=13.333ns})
  Path Group:             (none)
  Path Type:              Setup (Max at Slow Process Corner)
  Data Path Delay:        0.364ns  (logic 0.076ns (20.879%)  route 0.288ns (79.121%))
  Logic Levels:           0  
  Clock Path Skew:        -1.800ns (DCD - SCD + CPR)
    Destination Clock Delay (DCD):    4.419ns
    Source Clock Delay      (SCD):    6.220ns
    Clock Pessimism Removal (CPR):    0.000ns
  Clock Uncertainty:      0.301ns  ((TSJ^2 + DJ^2)^1/2) / 2 + PE
    Total System Jitter     (TSJ):    0.071ns
    Discrete Jitter          (DJ):    0.250ns
    Phase Error              (PE):    0.171ns
  Clock Net Delay (Source):      3.996ns (routing 1.870ns, distribution 2.126ns)
  Clock Net Delay (Destination): 1.839ns (routing 0.858ns, distribution 0.981ns)
  Timing Exception:       False Path

    Location             Delay type                Incr(ns)  Path(ns)    Netlist Resource(s)
  -------------------------------------------------------------------    -------------------
                         (clock clk_50_clkwiz rise edge)
                                                      0.000     0.000 r  
    E12                                               0.000     0.000 r  sys_clk_p (IN)
                         net (fo=0)                   0.000     0.000    i_bufds_sys_clk/I
    HPIOBDIFFINBUF_X1Y300
                         DIFFINBUF (Prop_DIFFINBUF_HPIOBDIFFINBUF_DIFF_IN_P_O)
                                                      0.675     0.675 r  i_bufds_sys_clk/DIFFINBUF_INST/O
                         net (fo=1, routed)           0.050     0.725    i_bufds_sys_clk/OUT
    E12                  IBUFCTRL (Prop_IBUFCTRL_HPIOB_M_I_O)
                                                      0.000     0.725 r  i_bufds_sys_clk/IBUFCTRL_INST/O
                         net (fo=1, routed)           0.335     1.060    sys_clk
    BUFGCE_X1Y289        BUFGCE (Prop_BUFCE_BUFGCE_I_O)
                                                      0.028     1.088 r  sys_clk_BUFGCE_inst/O
                         net (fo=19, routed)          0.991     2.079    i_clkwiz/inst/clk_in1
    MMCM_X1Y11           MMCME4_ADV (Prop_MMCM_CLKIN1_CLKOUT0)
                                                     -0.127     1.952 r  i_clkwiz/inst/mmcme4_adv_inst/CLKOUT0
                         net (fo=1, routed)           0.244     2.196    i_clkwiz/inst/clk_50_clkwiz
    BUFGCE_X1Y266        BUFGCE (Prop_BUFCE_BUFGCE_I_O)
                                                      0.028     2.224 r  i_clkwiz/inst/clkout1_buf/O
    X2Y7 (CLOCK_ROOT)    net (fo=198214, routed)      3.996     6.220    i_vio/inst/PROBE_IN_INST/clk
    SLICE_X144Y664       FDRE                                         r  i_vio/inst/PROBE_IN_INST/probe_in_reg_reg[0]/C
  -------------------------------------------------------------------    -------------------
    SLICE_X144Y664       FDRE (Prop_EFF_SLICEM_C_Q)
                                                      0.076     6.296 r  i_vio/inst/PROBE_IN_INST/probe_in_reg_reg[0]/Q
                         net (fo=1, routed)           0.288     6.584    i_vio/inst/PROBE_IN_INST/probe_in_reg[0]
    SLICE_X144Y665       FDRE                                         r  i_vio/inst/PROBE_IN_INST/data_int_sync1_reg[0]/D
  -------------------------------------------------------------------    -------------------

                         (clock mmcm_clkout5 rise edge)
                                                      0.000     0.000 r  
    E12                                               0.000     0.000 r  sys_clk_p (IN)
                         net (fo=0)                   0.000     0.000    i_bufds_sys_clk/I
    HPIOBDIFFINBUF_X1Y300
                         DIFFINBUF (Prop_DIFFINBUF_HPIOBDIFFINBUF_DIFF_IN_P_O)
                                                      0.564     0.564 r  i_bufds_sys_clk/DIFFINBUF_INST/O
                         net (fo=1, routed)           0.040     0.604    i_bufds_sys_clk/OUT
    E12                  IBUFCTRL (Prop_IBUFCTRL_HPIOB_M_I_O)
                                                      0.000     0.604 r  i_bufds_sys_clk/IBUFCTRL_INST/O
                         net (fo=1, routed)           0.297     0.901    sys_clk
    BUFGCE_X1Y289        BUFGCE (Prop_BUFCE_BUFGCE_I_O)
                                                      0.024     0.925 r  sys_clk_BUFGCE_inst/O
                         net (fo=19, routed)          0.795     1.720    i_dram_wrapper/i_dram/inst/u_ddr4_infrastructure/mmcm_clk_in
    MMCM_X1Y13           MMCME4_ADV (Prop_MMCM_CLKIN1_CLKOUT5)
                                                      0.630     2.350 r  i_dram_wrapper/i_dram/inst/u_ddr4_infrastructure/gen_mmcme4.u_mmcme_adv_inst/CLKOUT5
                         net (fo=1, routed)           0.206     2.556    i_dram_wrapper/i_dram/inst/u_ddr4_infrastructure/mmcm_clkout5
    BUFGCE_X1Y320        BUFGCE (Prop_BUFCE_BUFGCE_I_O)
                                                      0.024     2.580 r  i_dram_wrapper/i_dram/inst/u_ddr4_infrastructure/u_bufg_dbg_clk/O
    X4Y11 (CLOCK_ROOT)   net (fo=842, routed)         1.839     4.419    i_vio/inst/PROBE_IN_INST/out
    SLICE_X144Y665       FDRE                                         r  i_vio/inst/PROBE_IN_INST/data_int_sync1_reg[0]/C





Min Delay Paths
--------------------------------------------------------------------------------------
Slack:                    inf
  Source:                 i_vio/inst/PROBE_IN_INST/probe_in_reg_reg[3]/C
                            (rising edge-triggered cell FDRE clocked by clk_50_clkwiz  {rise@0.000ns fall@10.000ns period=20.000ns})
  Destination:            i_vio/inst/PROBE_IN_INST/data_int_sync1_reg[3]/D
                            (rising edge-triggered cell FDRE clocked by mmcm_clkout5  {rise@0.000ns fall@6.667ns period=13.333ns})
  Path Group:             (none)
  Path Type:              Hold (Min at Fast Process Corner)
  Data Path Delay:        0.140ns  (logic 0.039ns (27.857%)  route 0.101ns (72.143%))
  Logic Levels:           0  
  Clock Path Skew:        -1.253ns (DCD - SCD - CPR)
    Destination Clock Delay (DCD):    2.429ns
    Source Clock Delay      (SCD):    3.681ns
    Clock Pessimism Removal (CPR):    -0.000ns
  Clock Uncertainty:      0.301ns  ((TSJ^2 + DJ^2)^1/2) / 2 + PE
    Total System Jitter     (TSJ):    0.071ns
    Discrete Jitter          (DJ):    0.250ns
    Phase Error              (PE):    0.171ns
  Clock Net Delay (Source):      2.190ns (routing 1.022ns, distribution 1.168ns)
  Clock Net Delay (Destination): 1.282ns (routing 0.580ns, distribution 0.702ns)
  Timing Exception:       False Path

    Location             Delay type                Incr(ns)  Path(ns)    Netlist Resource(s)
  -------------------------------------------------------------------    -------------------
                         (clock clk_50_clkwiz rise edge)
                                                      0.000     0.000 r  
    E12                                               0.000     0.000 r  sys_clk_p (IN)
                         net (fo=0)                   0.000     0.000    i_bufds_sys_clk/I
    HPIOBDIFFINBUF_X1Y300
                         DIFFINBUF (Prop_DIFFINBUF_HPIOBDIFFINBUF_DIFF_IN_P_O)
                                                      0.340     0.340 r  i_bufds_sys_clk/DIFFINBUF_INST/O
                         net (fo=1, routed)           0.040     0.380    i_bufds_sys_clk/OUT
    E12                  IBUFCTRL (Prop_IBUFCTRL_HPIOB_M_I_O)
                                                      0.000     0.380 r  i_bufds_sys_clk/IBUFCTRL_INST/O
                         net (fo=1, routed)           0.150     0.530    sys_clk
    BUFGCE_X1Y289        BUFGCE (Prop_BUFCE_BUFGCE_I_O)
                                                      0.017     0.547 r  sys_clk_BUFGCE_inst/O
                         net (fo=19, routed)          0.552     1.099    i_clkwiz/inst/clk_in1
    MMCM_X1Y11           MMCME4_ADV (Prop_MMCM_CLKIN1_CLKOUT0)
                                                      0.230     1.329 r  i_clkwiz/inst/mmcme4_adv_inst/CLKOUT0
                         net (fo=1, routed)           0.145     1.474    i_clkwiz/inst/clk_50_clkwiz
    BUFGCE_X1Y266        BUFGCE (Prop_BUFCE_BUFGCE_I_O)
                                                      0.017     1.491 r  i_clkwiz/inst/clkout1_buf/O
    X2Y7 (CLOCK_ROOT)    net (fo=198214, routed)      2.190     3.681    i_vio/inst/PROBE_IN_INST/clk
    SLICE_X145Y664       FDRE                                         r  i_vio/inst/PROBE_IN_INST/probe_in_reg_reg[3]/C
  -------------------------------------------------------------------    -------------------
    SLICE_X145Y664       FDRE (Prop_FFF_SLICEL_C_Q)
                                                      0.039     3.720 r  i_vio/inst/PROBE_IN_INST/probe_in_reg_reg[3]/Q
                         net (fo=1, routed)           0.101     3.821    i_vio/inst/PROBE_IN_INST/probe_in_reg[3]
    SLICE_X145Y667       FDRE                                         r  i_vio/inst/PROBE_IN_INST/data_int_sync1_reg[3]/D
  -------------------------------------------------------------------    -------------------

                         (clock mmcm_clkout5 rise edge)
                                                      0.000     0.000 r  
    E12                                               0.000     0.000 r  sys_clk_p (IN)
                         net (fo=0)                   0.000     0.000    i_bufds_sys_clk/I
    HPIOBDIFFINBUF_X1Y300
                         DIFFINBUF (Prop_DIFFINBUF_HPIOBDIFFINBUF_DIFF_IN_P_O)
                                                      0.446     0.446 r  i_bufds_sys_clk/DIFFINBUF_INST/O
                         net (fo=1, routed)           0.050     0.496    i_bufds_sys_clk/OUT
    E12                  IBUFCTRL (Prop_IBUFCTRL_HPIOB_M_I_O)
                                                      0.000     0.496 r  i_bufds_sys_clk/IBUFCTRL_INST/O
                         net (fo=1, routed)           0.183     0.679    sys_clk
    BUFGCE_X1Y289        BUFGCE (Prop_BUFCE_BUFGCE_I_O)
                                                      0.019     0.698 r  sys_clk_BUFGCE_inst/O
                         net (fo=19, routed)          0.567     1.265    i_dram_wrapper/i_dram/inst/u_ddr4_infrastructure/mmcm_clk_in
    MMCM_X1Y13           MMCME4_ADV (Prop_MMCM_CLKIN1_CLKOUT5)
                                                     -0.295     0.970 r  i_dram_wrapper/i_dram/inst/u_ddr4_infrastructure/gen_mmcme4.u_mmcme_adv_inst/CLKOUT5
                         net (fo=1, routed)           0.158     1.128    i_dram_wrapper/i_dram/inst/u_ddr4_infrastructure/mmcm_clkout5
    BUFGCE_X1Y320        BUFGCE (Prop_BUFCE_BUFGCE_I_O)
                                                      0.019     1.147 r  i_dram_wrapper/i_dram/inst/u_ddr4_infrastructure/u_bufg_dbg_clk/O
    X4Y11 (CLOCK_ROOT)   net (fo=842, routed)         1.282     2.429    i_vio/inst/PROBE_IN_INST/out
    SLICE_X145Y667       FDRE                                         r  i_vio/inst/PROBE_IN_INST/data_int_sync1_reg[3]/C





--------------------------------------------------------------------------------------
Path Group:  (none)
From Clock:  dbg_hub/inst/BSCANID.u_xsdbm_id/SWITCH_N_EXT_BSCAN.bscan_inst/SERIES7_BSCAN.bscan_inst/INTERNAL_TCK
  To Clock:  mmcm_clkout5

Max Delay            79 Endpoints
Min Delay            87 Endpoints
--------------------------------------------------------------------------------------


Max Delay Paths
--------------------------------------------------------------------------------------
Slack:                    inf
  Source:                 dbg_hub/inst/BSCANID.u_xsdbm_id/CORE_XSDB.UUT_MASTER/U_ICON_INTERFACE/wrdata_rst_reg/C
                            (rising edge-triggered cell FDRE clocked by dbg_hub/inst/BSCANID.u_xsdbm_id/SWITCH_N_EXT_BSCAN.bscan_inst/SERIES7_BSCAN.bscan_inst/INTERNAL_TCK  {rise@0.000ns fall@25.000ns period=50.000ns})
  Destination:            dbg_hub/inst/BSCANID.u_xsdbm_id/CORE_XSDB.UUT_MASTER/U_ICON_INTERFACE/U_CMD6_WR/U_WR_FIFO/SUBCORE_FIFO.xsdbm_v3_0_0_wrfifo_inst/inst_fifo_gen/gconvfifo.rf/grf.rf/rstblk/ngwrdrst.grst.g7serrst.rst_rd_reg1_reg/PRE
                            (recovery check against rising-edge clock mmcm_clkout5  {rise@0.000ns fall@6.667ns period=13.333ns})
  Path Group:             (none)
  Path Type:              Recovery (Max at Slow Process Corner)
  Data Path Delay:        1.280ns  (logic 0.079ns (6.172%)  route 1.201ns (93.828%))
  Logic Levels:           0  
  Clock Path Skew:        -5.931ns (DCD - SCD + CPR)
    Destination Clock Delay (DCD):    4.482ns
    Source Clock Delay      (SCD):    10.413ns
    Clock Pessimism Removal (CPR):    0.000ns
  Clock Uncertainty:      0.134ns  ((TSJ^2 + DJ^2)^1/2) / 2 + PE
    Total System Jitter     (TSJ):    0.071ns
    Discrete Jitter          (DJ):    0.100ns
    Phase Error              (PE):    0.073ns
  Clock Net Delay (Source):      1.911ns (routing 0.916ns, distribution 0.995ns)
  Clock Net Delay (Destination): 1.902ns (routing 0.858ns, distribution 1.044ns)
  Timing Exception:       False Path

    Location             Delay type                Incr(ns)  Path(ns)    Netlist Resource(s)
  -------------------------------------------------------------------    -------------------
                         (clock dbg_hub/inst/BSCANID.u_xsdbm_id/SWITCH_N_EXT_BSCAN.bscan_inst/SERIES7_BSCAN.bscan_inst/INTERNAL_TCK rise edge)
                                                      0.000     0.000 r  
    CONFIG_SITE_X0Y1     BSCANE2                      0.000     0.000 r  dbg_hub/inst/BSCANID.u_xsdbm_id/SWITCH_N_EXT_BSCAN.bscan_inst/SERIES7_BSCAN.bscan_inst/INTERNAL_TCK
    CONFIG_SITE_X0Y1     BSCANE2 (Prop_BSCAN1_CONFIG_SITE_INTERNAL_TCK_TCK)
                                                      4.300     4.300 r  dbg_hub/inst/BSCANID.u_xsdbm_id/SWITCH_N_EXT_BSCAN.bscan_inst/SERIES7_BSCAN.bscan_inst/TCK
                         net (fo=1, routed)           4.174     8.474    dbg_hub/inst/BSCANID.u_xsdbm_id/tck_bs
    SLR Crossing[1->2]   
    BUFGCE_X1Y288        BUFGCE (Prop_BUFCE_BUFGCE_I_O)
                                                      0.028     8.502 r  dbg_hub/inst/BSCANID.u_xsdbm_id/SWITCH_N_EXT_BSCAN.u_bufg_icon_tck/O
    X4Y10 (CLOCK_ROOT)   net (fo=494, routed)         1.911    10.413    dbg_hub/inst/BSCANID.u_xsdbm_id/CORE_XSDB.UUT_MASTER/U_ICON_INTERFACE/m_bscan_tck[0]
    SLICE_X149Y664       FDRE                                         r  dbg_hub/inst/BSCANID.u_xsdbm_id/CORE_XSDB.UUT_MASTER/U_ICON_INTERFACE/wrdata_rst_reg/C
  -------------------------------------------------------------------    -------------------
    SLICE_X149Y664       FDRE (Prop_HFF_SLICEL_C_Q)
                                                      0.079    10.492 f  dbg_hub/inst/BSCANID.u_xsdbm_id/CORE_XSDB.UUT_MASTER/U_ICON_INTERFACE/wrdata_rst_reg/Q
                         net (fo=20, routed)          1.201    11.693    dbg_hub/inst/BSCANID.u_xsdbm_id/CORE_XSDB.UUT_MASTER/U_ICON_INTERFACE/U_CMD6_WR/U_WR_FIFO/SUBCORE_FIFO.xsdbm_v3_0_0_wrfifo_inst/inst_fifo_gen/gconvfifo.rf/grf.rf/rstblk/rst
    SLICE_X159Y652       FDPE                                         f  dbg_hub/inst/BSCANID.u_xsdbm_id/CORE_XSDB.UUT_MASTER/U_ICON_INTERFACE/U_CMD6_WR/U_WR_FIFO/SUBCORE_FIFO.xsdbm_v3_0_0_wrfifo_inst/inst_fifo_gen/gconvfifo.rf/grf.rf/rstblk/ngwrdrst.grst.g7serrst.rst_rd_reg1_reg/PRE
  -------------------------------------------------------------------    -------------------

                         (clock mmcm_clkout5 rise edge)
                                                      0.000     0.000 r  
    E12                                               0.000     0.000 r  sys_clk_p (IN)
                         net (fo=0)                   0.000     0.000    i_bufds_sys_clk/I
    HPIOBDIFFINBUF_X1Y300
                         DIFFINBUF (Prop_DIFFINBUF_HPIOBDIFFINBUF_DIFF_IN_P_O)
                                                      0.564     0.564 r  i_bufds_sys_clk/DIFFINBUF_INST/O
                         net (fo=1, routed)           0.040     0.604    i_bufds_sys_clk/OUT
    E12                  IBUFCTRL (Prop_IBUFCTRL_HPIOB_M_I_O)
                                                      0.000     0.604 r  i_bufds_sys_clk/IBUFCTRL_INST/O
                         net (fo=1, routed)           0.297     0.901    sys_clk
    BUFGCE_X1Y289        BUFGCE (Prop_BUFCE_BUFGCE_I_O)
                                                      0.024     0.925 r  sys_clk_BUFGCE_inst/O
                         net (fo=19, routed)          0.795     1.720    i_dram_wrapper/i_dram/inst/u_ddr4_infrastructure/mmcm_clk_in
    MMCM_X1Y13           MMCME4_ADV (Prop_MMCM_CLKIN1_CLKOUT5)
                                                      0.630     2.350 r  i_dram_wrapper/i_dram/inst/u_ddr4_infrastructure/gen_mmcme4.u_mmcme_adv_inst/CLKOUT5
                         net (fo=1, routed)           0.206     2.556    i_dram_wrapper/i_dram/inst/u_ddr4_infrastructure/mmcm_clkout5
    BUFGCE_X1Y320        BUFGCE (Prop_BUFCE_BUFGCE_I_O)
                                                      0.024     2.580 r  i_dram_wrapper/i_dram/inst/u_ddr4_infrastructure/u_bufg_dbg_clk/O
    X4Y11 (CLOCK_ROOT)   net (fo=842, routed)         1.902     4.482    dbg_hub/inst/BSCANID.u_xsdbm_id/CORE_XSDB.UUT_MASTER/U_ICON_INTERFACE/U_CMD6_WR/U_WR_FIFO/SUBCORE_FIFO.xsdbm_v3_0_0_wrfifo_inst/inst_fifo_gen/gconvfifo.rf/grf.rf/rstblk/rd_clk
    SLICE_X159Y652       FDPE                                         r  dbg_hub/inst/BSCANID.u_xsdbm_id/CORE_XSDB.UUT_MASTER/U_ICON_INTERFACE/U_CMD6_WR/U_WR_FIFO/SUBCORE_FIFO.xsdbm_v3_0_0_wrfifo_inst/inst_fifo_gen/gconvfifo.rf/grf.rf/rstblk/ngwrdrst.grst.g7serrst.rst_rd_reg1_reg/C





Min Delay Paths
--------------------------------------------------------------------------------------
Slack:                    inf
  Source:                 dbg_hub/inst/BSCANID.u_xsdbm_id/CORE_XSDB.UUT_MASTER/U_ICON_INTERFACE/U_CMD6_WR/U_WR_FIFO/SUBCORE_FIFO.xsdbm_v3_0_0_wrfifo_inst/inst_fifo_gen/gconvfifo.rf/grf.rf/gntv_or_sync_fifo.gcx.clkx/gnxpm_cdc.wr_pntr_gc_reg[0]/C
                            (rising edge-triggered cell FDCE clocked by dbg_hub/inst/BSCANID.u_xsdbm_id/SWITCH_N_EXT_BSCAN.bscan_inst/SERIES7_BSCAN.bscan_inst/INTERNAL_TCK  {rise@0.000ns fall@25.000ns period=50.000ns})
  Destination:            dbg_hub/inst/BSCANID.u_xsdbm_id/CORE_XSDB.UUT_MASTER/U_ICON_INTERFACE/U_CMD6_WR/U_WR_FIFO/SUBCORE_FIFO.xsdbm_v3_0_0_wrfifo_inst/inst_fifo_gen/gconvfifo.rf/grf.rf/gntv_or_sync_fifo.gcx.clkx/gnxpm_cdc.gsync_stage[1].rd_stg_inst/Q_reg_reg[0]/D
                            (rising edge-triggered cell FDCE clocked by mmcm_clkout5  {rise@0.000ns fall@6.667ns period=13.333ns})
  Path Group:             (none)
  Path Type:              Hold (Min at Fast Process Corner)
  Data Path Delay:        0.094ns  (logic 0.039ns (41.489%)  route 0.055ns (58.511%))
  Logic Levels:           0  
  Clock Path Skew:        -1.056ns (DCD - SCD - CPR)
    Destination Clock Delay (DCD):    2.492ns
    Source Clock Delay      (SCD):    3.548ns
    Clock Pessimism Removal (CPR):    -0.000ns
  Clock Uncertainty:      0.134ns  ((TSJ^2 + DJ^2)^1/2) / 2 + PE
    Total System Jitter     (TSJ):    0.071ns
    Discrete Jitter          (DJ):    0.100ns
    Phase Error              (PE):    0.073ns
  Clock Net Delay (Source):      1.063ns (routing 0.508ns, distribution 0.555ns)
  Clock Net Delay (Destination): 1.345ns (routing 0.580ns, distribution 0.765ns)
  Timing Exception:       False Path

    Location             Delay type                Incr(ns)  Path(ns)    Netlist Resource(s)
  -------------------------------------------------------------------    -------------------
                         (clock dbg_hub/inst/BSCANID.u_xsdbm_id/SWITCH_N_EXT_BSCAN.bscan_inst/SERIES7_BSCAN.bscan_inst/INTERNAL_TCK rise edge)
                                                      0.000     0.000 r  
    CONFIG_SITE_X0Y1     BSCANE2                      0.000     0.000 r  dbg_hub/inst/BSCANID.u_xsdbm_id/SWITCH_N_EXT_BSCAN.bscan_inst/SERIES7_BSCAN.bscan_inst/INTERNAL_TCK
    CONFIG_SITE_X0Y1     BSCANE2 (Prop_BSCAN1_CONFIG_SITE_INTERNAL_TCK_TCK)
                                                      0.465     0.465 r  dbg_hub/inst/BSCANID.u_xsdbm_id/SWITCH_N_EXT_BSCAN.bscan_inst/SERIES7_BSCAN.bscan_inst/TCK
                         net (fo=1, routed)           2.003     2.468    dbg_hub/inst/BSCANID.u_xsdbm_id/tck_bs
    SLR Crossing[1->2]   
    BUFGCE_X1Y288        BUFGCE (Prop_BUFCE_BUFGCE_I_O)
                                                      0.017     2.485 r  dbg_hub/inst/BSCANID.u_xsdbm_id/SWITCH_N_EXT_BSCAN.u_bufg_icon_tck/O
    X4Y10 (CLOCK_ROOT)   net (fo=494, routed)         1.063     3.548    dbg_hub/inst/BSCANID.u_xsdbm_id/CORE_XSDB.UUT_MASTER/U_ICON_INTERFACE/U_CMD6_WR/U_WR_FIFO/SUBCORE_FIFO.xsdbm_v3_0_0_wrfifo_inst/inst_fifo_gen/gconvfifo.rf/grf.rf/gntv_or_sync_fifo.gcx.clkx/wr_clk
    SLICE_X164Y655       FDCE                                         r  dbg_hub/inst/BSCANID.u_xsdbm_id/CORE_XSDB.UUT_MASTER/U_ICON_INTERFACE/U_CMD6_WR/U_WR_FIFO/SUBCORE_FIFO.xsdbm_v3_0_0_wrfifo_inst/inst_fifo_gen/gconvfifo.rf/grf.rf/gntv_or_sync_fifo.gcx.clkx/gnxpm_cdc.wr_pntr_gc_reg[0]/C
  -------------------------------------------------------------------    -------------------
    SLICE_X164Y655       FDCE (Prop_DFF_SLICEL_C_Q)
                                                      0.039     3.587 r  dbg_hub/inst/BSCANID.u_xsdbm_id/CORE_XSDB.UUT_MASTER/U_ICON_INTERFACE/U_CMD6_WR/U_WR_FIFO/SUBCORE_FIFO.xsdbm_v3_0_0_wrfifo_inst/inst_fifo_gen/gconvfifo.rf/grf.rf/gntv_or_sync_fifo.gcx.clkx/gnxpm_cdc.wr_pntr_gc_reg[0]/Q
                         net (fo=1, routed)           0.055     3.642    dbg_hub/inst/BSCANID.u_xsdbm_id/CORE_XSDB.UUT_MASTER/U_ICON_INTERFACE/U_CMD6_WR/U_WR_FIFO/SUBCORE_FIFO.xsdbm_v3_0_0_wrfifo_inst/inst_fifo_gen/gconvfifo.rf/grf.rf/gntv_or_sync_fifo.gcx.clkx/gnxpm_cdc.gsync_stage[1].rd_stg_inst/Q[0]
    SLICE_X164Y654       FDCE                                         r  dbg_hub/inst/BSCANID.u_xsdbm_id/CORE_XSDB.UUT_MASTER/U_ICON_INTERFACE/U_CMD6_WR/U_WR_FIFO/SUBCORE_FIFO.xsdbm_v3_0_0_wrfifo_inst/inst_fifo_gen/gconvfifo.rf/grf.rf/gntv_or_sync_fifo.gcx.clkx/gnxpm_cdc.gsync_stage[1].rd_stg_inst/Q_reg_reg[0]/D
  -------------------------------------------------------------------    -------------------

                         (clock mmcm_clkout5 rise edge)
                                                      0.000     0.000 r  
    E12                                               0.000     0.000 r  sys_clk_p (IN)
                         net (fo=0)                   0.000     0.000    i_bufds_sys_clk/I
    HPIOBDIFFINBUF_X1Y300
                         DIFFINBUF (Prop_DIFFINBUF_HPIOBDIFFINBUF_DIFF_IN_P_O)
                                                      0.446     0.446 r  i_bufds_sys_clk/DIFFINBUF_INST/O
                         net (fo=1, routed)           0.050     0.496    i_bufds_sys_clk/OUT
    E12                  IBUFCTRL (Prop_IBUFCTRL_HPIOB_M_I_O)
                                                      0.000     0.496 r  i_bufds_sys_clk/IBUFCTRL_INST/O
                         net (fo=1, routed)           0.183     0.679    sys_clk
    BUFGCE_X1Y289        BUFGCE (Prop_BUFCE_BUFGCE_I_O)
                                                      0.019     0.698 r  sys_clk_BUFGCE_inst/O
                         net (fo=19, routed)          0.567     1.265    i_dram_wrapper/i_dram/inst/u_ddr4_infrastructure/mmcm_clk_in
    MMCM_X1Y13           MMCME4_ADV (Prop_MMCM_CLKIN1_CLKOUT5)
                                                     -0.295     0.970 r  i_dram_wrapper/i_dram/inst/u_ddr4_infrastructure/gen_mmcme4.u_mmcme_adv_inst/CLKOUT5
                         net (fo=1, routed)           0.158     1.128    i_dram_wrapper/i_dram/inst/u_ddr4_infrastructure/mmcm_clkout5
    BUFGCE_X1Y320        BUFGCE (Prop_BUFCE_BUFGCE_I_O)
                                                      0.019     1.147 r  i_dram_wrapper/i_dram/inst/u_ddr4_infrastructure/u_bufg_dbg_clk/O
    X4Y11 (CLOCK_ROOT)   net (fo=842, routed)         1.345     2.492    dbg_hub/inst/BSCANID.u_xsdbm_id/CORE_XSDB.UUT_MASTER/U_ICON_INTERFACE/U_CMD6_WR/U_WR_FIFO/SUBCORE_FIFO.xsdbm_v3_0_0_wrfifo_inst/inst_fifo_gen/gconvfifo.rf/grf.rf/gntv_or_sync_fifo.gcx.clkx/gnxpm_cdc.gsync_stage[1].rd_stg_inst/rd_clk
    SLICE_X164Y654       FDCE                                         r  dbg_hub/inst/BSCANID.u_xsdbm_id/CORE_XSDB.UUT_MASTER/U_ICON_INTERFACE/U_CMD6_WR/U_WR_FIFO/SUBCORE_FIFO.xsdbm_v3_0_0_wrfifo_inst/inst_fifo_gen/gconvfifo.rf/grf.rf/gntv_or_sync_fifo.gcx.clkx/gnxpm_cdc.gsync_stage[1].rd_stg_inst/Q_reg_reg[0]/C





--------------------------------------------------------------------------------------
Path Group:  (none)
From Clock:  mmcm_clkout0
  To Clock:  mmcm_clkout5

Max Delay             0 Endpoints
Min Delay            10 Endpoints
--------------------------------------------------------------------------------------


Min Delay Paths
--------------------------------------------------------------------------------------
Slack:                    inf
  Source:                 i_dram_wrapper/i_dram/inst/u_ddr4_mem_intfc/u_ddr_cal_top/u_ddr_cal/u_xsdb_arbiter/slave_do_fclk_reg[0]/C
                            (rising edge-triggered cell FDRE clocked by mmcm_clkout0  {rise@0.000ns fall@1.667ns period=3.333ns})
  Destination:            i_dram_wrapper/i_dram/inst/u_ddr4_mem_intfc/u_ddr_cal_top/u_ddr_cal/u_xsdb_arbiter/u_slave_do_sync/SYNC[0].sync_reg_reg[0]/D
                            (rising edge-triggered cell FDRE clocked by mmcm_clkout5  {rise@0.000ns fall@6.667ns period=13.333ns})
  Path Group:             (none)
  Path Type:              Hold (Min at Fast Process Corner)
  Data Path Delay:        0.115ns  (logic 0.039ns (33.913%)  route 0.076ns (66.087%))
  Logic Levels:           0  
  Clock Path Skew:        -0.528ns (DCD - SCD - CPR)
    Destination Clock Delay (DCD):    2.403ns
    Source Clock Delay      (SCD):    2.930ns
    Clock Pessimism Removal (CPR):    -0.000ns
  Clock Uncertainty:      0.181ns  ((TSJ^2 + DJ^2)^1/2) / 2 + PE
    Total System Jitter     (TSJ):    0.071ns
    Discrete Jitter          (DJ):    0.100ns
    Phase Error              (PE):    0.120ns
  Clock Net Delay (Source):      1.487ns (routing 0.698ns, distribution 0.789ns)
  Clock Net Delay (Destination): 1.256ns (routing 0.580ns, distribution 0.676ns)
  Timing Exception:       False Path

    Location             Delay type                Incr(ns)  Path(ns)    Netlist Resource(s)
  -------------------------------------------------------------------    -------------------
                         (clock mmcm_clkout0 rise edge)
                                                      0.000     0.000 r  
    E12                                               0.000     0.000 r  sys_clk_p (IN)
                         net (fo=0)                   0.000     0.000    i_bufds_sys_clk/I
    HPIOBDIFFINBUF_X1Y300
                         DIFFINBUF (Prop_DIFFINBUF_HPIOBDIFFINBUF_DIFF_IN_P_O)
                                                      0.340     0.340 r  i_bufds_sys_clk/DIFFINBUF_INST/O
                         net (fo=1, routed)           0.040     0.380    i_bufds_sys_clk/OUT
    E12                  IBUFCTRL (Prop_IBUFCTRL_HPIOB_M_I_O)
                                                      0.000     0.380 r  i_bufds_sys_clk/IBUFCTRL_INST/O
                         net (fo=1, routed)           0.150     0.530    sys_clk
    BUFGCE_X1Y289        BUFGCE (Prop_BUFCE_BUFGCE_I_O)
                                                      0.017     0.547 r  sys_clk_BUFGCE_inst/O
                         net (fo=19, routed)          0.504     1.051    i_dram_wrapper/i_dram/inst/u_ddr4_infrastructure/mmcm_clk_in
    MMCM_X1Y13           MMCME4_ADV (Prop_MMCM_CLKIN1_CLKOUT0)
                                                      0.230     1.281 r  i_dram_wrapper/i_dram/inst/u_ddr4_infrastructure/gen_mmcme4.u_mmcme_adv_inst/CLKOUT0
                         net (fo=1, routed)           0.145     1.426    i_dram_wrapper/i_dram/inst/u_ddr4_infrastructure/mmcm_clkout0
    BUFGCE_X1Y332        BUFGCE (Prop_BUFCE_BUFGCE_I_O)
                                                      0.017     1.443 r  i_dram_wrapper/i_dram/inst/u_ddr4_infrastructure/u_bufg_divClk/O
    X4Y10 (CLOCK_ROOT)   net (fo=36296, routed)       1.487     2.930    i_dram_wrapper/i_dram/inst/u_ddr4_mem_intfc/u_ddr_cal_top/u_ddr_cal/u_xsdb_arbiter/SYNC[0].sync_reg_reg[0]
    SLICE_X139Y731       FDRE                                         r  i_dram_wrapper/i_dram/inst/u_ddr4_mem_intfc/u_ddr_cal_top/u_ddr_cal/u_xsdb_arbiter/slave_do_fclk_reg[0]/C
  -------------------------------------------------------------------    -------------------
    SLICE_X139Y731       FDRE (Prop_HFF2_SLICEL_C_Q)
                                                      0.039     2.969 r  i_dram_wrapper/i_dram/inst/u_ddr4_mem_intfc/u_ddr_cal_top/u_ddr_cal/u_xsdb_arbiter/slave_do_fclk_reg[0]/Q
                         net (fo=1, routed)           0.076     3.045    i_dram_wrapper/i_dram/inst/u_ddr4_mem_intfc/u_ddr_cal_top/u_ddr_cal/u_xsdb_arbiter/u_slave_do_sync/out[0]
    SLICE_X139Y731       FDRE                                         r  i_dram_wrapper/i_dram/inst/u_ddr4_mem_intfc/u_ddr_cal_top/u_ddr_cal/u_xsdb_arbiter/u_slave_do_sync/SYNC[0].sync_reg_reg[0]/D
  -------------------------------------------------------------------    -------------------

                         (clock mmcm_clkout5 rise edge)
                                                      0.000     0.000 r  
    E12                                               0.000     0.000 r  sys_clk_p (IN)
                         net (fo=0)                   0.000     0.000    i_bufds_sys_clk/I
    HPIOBDIFFINBUF_X1Y300
                         DIFFINBUF (Prop_DIFFINBUF_HPIOBDIFFINBUF_DIFF_IN_P_O)
                                                      0.446     0.446 r  i_bufds_sys_clk/DIFFINBUF_INST/O
                         net (fo=1, routed)           0.050     0.496    i_bufds_sys_clk/OUT
    E12                  IBUFCTRL (Prop_IBUFCTRL_HPIOB_M_I_O)
                                                      0.000     0.496 r  i_bufds_sys_clk/IBUFCTRL_INST/O
                         net (fo=1, routed)           0.183     0.679    sys_clk
    BUFGCE_X1Y289        BUFGCE (Prop_BUFCE_BUFGCE_I_O)
                                                      0.019     0.698 r  sys_clk_BUFGCE_inst/O
                         net (fo=19, routed)          0.567     1.265    i_dram_wrapper/i_dram/inst/u_ddr4_infrastructure/mmcm_clk_in
    MMCM_X1Y13           MMCME4_ADV (Prop_MMCM_CLKIN1_CLKOUT5)
                                                     -0.295     0.970 r  i_dram_wrapper/i_dram/inst/u_ddr4_infrastructure/gen_mmcme4.u_mmcme_adv_inst/CLKOUT5
                         net (fo=1, routed)           0.158     1.128    i_dram_wrapper/i_dram/inst/u_ddr4_infrastructure/mmcm_clkout5
    BUFGCE_X1Y320        BUFGCE (Prop_BUFCE_BUFGCE_I_O)
                                                      0.019     1.147 r  i_dram_wrapper/i_dram/inst/u_ddr4_infrastructure/u_bufg_dbg_clk/O
    X4Y11 (CLOCK_ROOT)   net (fo=842, routed)         1.256     2.403    i_dram_wrapper/i_dram/inst/u_ddr4_mem_intfc/u_ddr_cal_top/u_ddr_cal/u_xsdb_arbiter/u_slave_do_sync/CLK
    SLICE_X139Y731       FDRE                                         r  i_dram_wrapper/i_dram/inst/u_ddr4_mem_intfc/u_ddr_cal_top/u_ddr_cal/u_xsdb_arbiter/u_slave_do_sync/SYNC[0].sync_reg_reg[0]/C





--------------------------------------------------------------------------------------
Path Group:  (none)
From Clock:  mmcm_clkout5
  To Clock:  mmcm_clkout5

Max Delay             6 Endpoints
Min Delay             6 Endpoints
--------------------------------------------------------------------------------------


Max Delay Paths
--------------------------------------------------------------------------------------
Slack:                    inf
  Source:                 i_vio/inst/DECODER_INST/clear_int_reg/C
                            (rising edge-triggered cell FDRE clocked by mmcm_clkout5  {rise@0.000ns fall@6.667ns period=13.333ns})
  Destination:            i_vio/inst/PROBE_OUT_ALL_INST/G_PROBE_OUT[0].PROBE_OUT0_INST/data_int_reg[0]/R
                            (rising edge-triggered cell FDRE clocked by mmcm_clkout5  {rise@0.000ns fall@6.667ns period=13.333ns})
  Path Group:             (none)
  Path Type:              Setup (Max at Slow Process Corner)
  Data Path Delay:        0.462ns  (logic 0.081ns (17.532%)  route 0.381ns (82.467%))
  Logic Levels:           0  
  Clock Path Skew:        0.241ns (DCD - SCD + CPR)
    Destination Clock Delay (DCD):    4.422ns
    Source Clock Delay      (SCD):    4.182ns
    Clock Pessimism Removal (CPR):    0.000ns
  Clock Uncertainty:      0.061ns  ((TSJ^2 + DJ^2)^1/2) / 2 + PE
    Total System Jitter     (TSJ):    0.071ns
    Discrete Jitter          (DJ):    0.100ns
    Phase Error              (PE):    0.000ns
  Clock Net Delay (Source):      2.057ns (routing 0.944ns, distribution 1.113ns)
  Clock Net Delay (Destination): 1.842ns (routing 0.858ns, distribution 0.984ns)
  Timing Exception:       False Path

    Location             Delay type                Incr(ns)  Path(ns)    Netlist Resource(s)
  -------------------------------------------------------------------    -------------------
                         (clock mmcm_clkout5 rise edge)
                                                      0.000     0.000 r  
    E12                                               0.000     0.000 r  sys_clk_p (IN)
                         net (fo=0)                   0.000     0.000    i_bufds_sys_clk/I
    HPIOBDIFFINBUF_X1Y300
                         DIFFINBUF (Prop_DIFFINBUF_HPIOBDIFFINBUF_DIFF_IN_P_O)
                                                      0.675     0.675 r  i_bufds_sys_clk/DIFFINBUF_INST/O
                         net (fo=1, routed)           0.050     0.725    i_bufds_sys_clk/OUT
    E12                  IBUFCTRL (Prop_IBUFCTRL_HPIOB_M_I_O)
                                                      0.000     0.725 r  i_bufds_sys_clk/IBUFCTRL_INST/O
                         net (fo=1, routed)           0.335     1.060    sys_clk
    BUFGCE_X1Y289        BUFGCE (Prop_BUFCE_BUFGCE_I_O)
                                                      0.028     1.088 r  sys_clk_BUFGCE_inst/O
                         net (fo=19, routed)          0.901     1.989    i_dram_wrapper/i_dram/inst/u_ddr4_infrastructure/mmcm_clk_in
    MMCM_X1Y13           MMCME4_ADV (Prop_MMCM_CLKIN1_CLKOUT5)
                                                     -0.127     1.862 r  i_dram_wrapper/i_dram/inst/u_ddr4_infrastructure/gen_mmcme4.u_mmcme_adv_inst/CLKOUT5
                         net (fo=1, routed)           0.235     2.097    i_dram_wrapper/i_dram/inst/u_ddr4_infrastructure/mmcm_clkout5
    BUFGCE_X1Y320        BUFGCE (Prop_BUFCE_BUFGCE_I_O)
                                                      0.028     2.125 r  i_dram_wrapper/i_dram/inst/u_ddr4_infrastructure/u_bufg_dbg_clk/O
    X4Y11 (CLOCK_ROOT)   net (fo=842, routed)         2.057     4.182    i_vio/inst/DECODER_INST/out
    SLICE_X145Y666       FDRE                                         r  i_vio/inst/DECODER_INST/clear_int_reg/C
  -------------------------------------------------------------------    -------------------
    SLICE_X145Y666       FDRE (Prop_EFF2_SLICEL_C_Q)
                                                      0.081     4.263 r  i_vio/inst/DECODER_INST/clear_int_reg/Q
                         net (fo=25, routed)          0.381     4.644    i_vio/inst/PROBE_OUT_ALL_INST/G_PROBE_OUT[0].PROBE_OUT0_INST/SR[0]
    SLICE_X144Y668       FDRE                                         r  i_vio/inst/PROBE_OUT_ALL_INST/G_PROBE_OUT[0].PROBE_OUT0_INST/data_int_reg[0]/R
  -------------------------------------------------------------------    -------------------

                         (clock mmcm_clkout5 rise edge)
                                                      0.000     0.000 r  
    E12                                               0.000     0.000 r  sys_clk_p (IN)
                         net (fo=0)                   0.000     0.000    i_bufds_sys_clk/I
    HPIOBDIFFINBUF_X1Y300
                         DIFFINBUF (Prop_DIFFINBUF_HPIOBDIFFINBUF_DIFF_IN_P_O)
                                                      0.564     0.564 r  i_bufds_sys_clk/DIFFINBUF_INST/O
                         net (fo=1, routed)           0.040     0.604    i_bufds_sys_clk/OUT
    E12                  IBUFCTRL (Prop_IBUFCTRL_HPIOB_M_I_O)
                                                      0.000     0.604 r  i_bufds_sys_clk/IBUFCTRL_INST/O
                         net (fo=1, routed)           0.297     0.901    sys_clk
    BUFGCE_X1Y289        BUFGCE (Prop_BUFCE_BUFGCE_I_O)
                                                      0.024     0.925 r  sys_clk_BUFGCE_inst/O
                         net (fo=19, routed)          0.795     1.720    i_dram_wrapper/i_dram/inst/u_ddr4_infrastructure/mmcm_clk_in
    MMCM_X1Y13           MMCME4_ADV (Prop_MMCM_CLKIN1_CLKOUT5)
                                                      0.630     2.350 r  i_dram_wrapper/i_dram/inst/u_ddr4_infrastructure/gen_mmcme4.u_mmcme_adv_inst/CLKOUT5
                         net (fo=1, routed)           0.206     2.556    i_dram_wrapper/i_dram/inst/u_ddr4_infrastructure/mmcm_clkout5
    BUFGCE_X1Y320        BUFGCE (Prop_BUFCE_BUFGCE_I_O)
                                                      0.024     2.580 r  i_dram_wrapper/i_dram/inst/u_ddr4_infrastructure/u_bufg_dbg_clk/O
    X4Y11 (CLOCK_ROOT)   net (fo=842, routed)         1.842     4.422    i_vio/inst/PROBE_OUT_ALL_INST/G_PROBE_OUT[0].PROBE_OUT0_INST/out
    SLICE_X144Y668       FDRE                                         r  i_vio/inst/PROBE_OUT_ALL_INST/G_PROBE_OUT[0].PROBE_OUT0_INST/data_int_reg[0]/C





Min Delay Paths
--------------------------------------------------------------------------------------
Slack:                    inf
  Source:                 i_vio/inst/PROBE_OUT_ALL_INST/G_PROBE_OUT[2].PROBE_OUT0_INST/data_int_reg[0]/C
                            (rising edge-triggered cell FDSE clocked by mmcm_clkout5  {rise@0.000ns fall@6.667ns period=13.333ns})
  Destination:            i_vio/inst/PROBE_OUT_ALL_INST/Probe_out_reg_int_reg[0]/D
                            (rising edge-triggered cell FDRE clocked by mmcm_clkout5  {rise@0.000ns fall@6.667ns period=13.333ns})
  Path Group:             (none)
  Path Type:              Hold (Min at Fast Process Corner)
  Data Path Delay:        0.122ns  (logic 0.052ns (42.623%)  route 0.070ns (57.377%))
  Logic Levels:           1  (LUT5=1)
  Clock Path Skew:        -0.151ns (DCD - SCD - CPR)
    Destination Clock Delay (DCD):    2.429ns
    Source Clock Delay      (SCD):    2.579ns
    Clock Pessimism Removal (CPR):    -0.000ns
  Clock Uncertainty:      0.061ns  ((TSJ^2 + DJ^2)^1/2) / 2 + PE
    Total System Jitter     (TSJ):    0.071ns
    Discrete Jitter          (DJ):    0.100ns
    Phase Error              (PE):    0.000ns
  Clock Net Delay (Source):      1.143ns (routing 0.522ns, distribution 0.621ns)
  Clock Net Delay (Destination): 1.282ns (routing 0.580ns, distribution 0.702ns)
  Timing Exception:       False Path

    Location             Delay type                Incr(ns)  Path(ns)    Netlist Resource(s)
  -------------------------------------------------------------------    -------------------
                         (clock mmcm_clkout5 rise edge)
                                                      0.000     0.000 r  
    E12                                               0.000     0.000 r  sys_clk_p (IN)
                         net (fo=0)                   0.000     0.000    i_bufds_sys_clk/I
    HPIOBDIFFINBUF_X1Y300
                         DIFFINBUF (Prop_DIFFINBUF_HPIOBDIFFINBUF_DIFF_IN_P_O)
                                                      0.340     0.340 r  i_bufds_sys_clk/DIFFINBUF_INST/O
                         net (fo=1, routed)           0.040     0.380    i_bufds_sys_clk/OUT
    E12                  IBUFCTRL (Prop_IBUFCTRL_HPIOB_M_I_O)
                                                      0.000     0.380 r  i_bufds_sys_clk/IBUFCTRL_INST/O
                         net (fo=1, routed)           0.150     0.530    sys_clk
    BUFGCE_X1Y289        BUFGCE (Prop_BUFCE_BUFGCE_I_O)
                                                      0.017     0.547 r  sys_clk_BUFGCE_inst/O
                         net (fo=19, routed)          0.504     1.051    i_dram_wrapper/i_dram/inst/u_ddr4_infrastructure/mmcm_clk_in
    MMCM_X1Y13           MMCME4_ADV (Prop_MMCM_CLKIN1_CLKOUT5)
                                                      0.230     1.281 r  i_dram_wrapper/i_dram/inst/u_ddr4_infrastructure/gen_mmcme4.u_mmcme_adv_inst/CLKOUT5
                         net (fo=1, routed)           0.138     1.419    i_dram_wrapper/i_dram/inst/u_ddr4_infrastructure/mmcm_clkout5
    BUFGCE_X1Y320        BUFGCE (Prop_BUFCE_BUFGCE_I_O)
                                                      0.017     1.436 r  i_dram_wrapper/i_dram/inst/u_ddr4_infrastructure/u_bufg_dbg_clk/O
    X4Y11 (CLOCK_ROOT)   net (fo=842, routed)         1.143     2.579    i_vio/inst/PROBE_OUT_ALL_INST/G_PROBE_OUT[2].PROBE_OUT0_INST/data_int_reg[0]_1
    SLICE_X144Y668       FDSE                                         r  i_vio/inst/PROBE_OUT_ALL_INST/G_PROBE_OUT[2].PROBE_OUT0_INST/data_int_reg[0]/C
  -------------------------------------------------------------------    -------------------
    SLICE_X144Y668       FDSE (Prop_CFF_SLICEM_C_Q)
                                                      0.038     2.617 r  i_vio/inst/PROBE_OUT_ALL_INST/G_PROBE_OUT[2].PROBE_OUT0_INST/data_int_reg[0]/Q
                         net (fo=3, routed)           0.053     2.670    i_vio/inst/PROBE_OUT_ALL_INST/G_PROBE_OUT[2].PROBE_OUT0_INST_n_1
    SLICE_X145Y668       LUT5 (Prop_C6LUT_SLICEL_I0_O)
                                                      0.014     2.684 r  i_vio/inst/PROBE_OUT_ALL_INST/Probe_out_reg_int[0]_i_1/O
                         net (fo=1, routed)           0.017     2.701    i_vio/inst/PROBE_OUT_ALL_INST/Probe_out_reg_int[0]_i_1_n_0
    SLICE_X145Y668       FDRE                                         r  i_vio/inst/PROBE_OUT_ALL_INST/Probe_out_reg_int_reg[0]/D
  -------------------------------------------------------------------    -------------------

                         (clock mmcm_clkout5 rise edge)
                                                      0.000     0.000 r  
    E12                                               0.000     0.000 r  sys_clk_p (IN)
                         net (fo=0)                   0.000     0.000    i_bufds_sys_clk/I
    HPIOBDIFFINBUF_X1Y300
                         DIFFINBUF (Prop_DIFFINBUF_HPIOBDIFFINBUF_DIFF_IN_P_O)
                                                      0.446     0.446 r  i_bufds_sys_clk/DIFFINBUF_INST/O
                         net (fo=1, routed)           0.050     0.496    i_bufds_sys_clk/OUT
    E12                  IBUFCTRL (Prop_IBUFCTRL_HPIOB_M_I_O)
                                                      0.000     0.496 r  i_bufds_sys_clk/IBUFCTRL_INST/O
                         net (fo=1, routed)           0.183     0.679    sys_clk
    BUFGCE_X1Y289        BUFGCE (Prop_BUFCE_BUFGCE_I_O)
                                                      0.019     0.698 r  sys_clk_BUFGCE_inst/O
                         net (fo=19, routed)          0.567     1.265    i_dram_wrapper/i_dram/inst/u_ddr4_infrastructure/mmcm_clk_in
    MMCM_X1Y13           MMCME4_ADV (Prop_MMCM_CLKIN1_CLKOUT5)
                                                     -0.295     0.970 r  i_dram_wrapper/i_dram/inst/u_ddr4_infrastructure/gen_mmcme4.u_mmcme_adv_inst/CLKOUT5
                         net (fo=1, routed)           0.158     1.128    i_dram_wrapper/i_dram/inst/u_ddr4_infrastructure/mmcm_clkout5
    BUFGCE_X1Y320        BUFGCE (Prop_BUFCE_BUFGCE_I_O)
                                                      0.019     1.147 r  i_dram_wrapper/i_dram/inst/u_ddr4_infrastructure/u_bufg_dbg_clk/O
    X4Y11 (CLOCK_ROOT)   net (fo=842, routed)         1.282     2.429    i_vio/inst/PROBE_OUT_ALL_INST/out
    SLICE_X145Y668       FDRE                                         r  i_vio/inst/PROBE_OUT_ALL_INST/Probe_out_reg_int_reg[0]/C





--------------------------------------------------------------------------------------
Path Group:  (none)
From Clock:  mmcm_clkout0
  To Clock:  mmcm_clkout6

Max Delay             0 Endpoints
Min Delay            35 Endpoints
--------------------------------------------------------------------------------------


Min Delay Paths
--------------------------------------------------------------------------------------
Slack:                    inf
  Source:                 i_dram_wrapper/i_dram/inst/u_ddr4_mem_intfc/u_ddr_cal_top/u_ddr_cal/u_ddr_cal_addr_decode/io_read_data_reg[17]/C
                            (rising edge-triggered cell FDRE clocked by mmcm_clkout0  {rise@0.000ns fall@1.667ns period=3.333ns})
  Destination:            i_dram_wrapper/i_dram/inst/u_ddr4_mem_intfc/u_io_read_data_sync/SYNC[17].sync_reg_reg[0]/D
                            (rising edge-triggered cell FDRE clocked by mmcm_clkout6  {rise@0.000ns fall@3.333ns period=6.667ns})
  Path Group:             (none)
  Path Type:              Hold (Min at Fast Process Corner)
  Data Path Delay:        0.094ns  (logic 0.039ns (41.489%)  route 0.055ns (58.511%))
  Logic Levels:           0  
  Clock Path Skew:        -0.098ns (DCD - SCD - CPR)
    Destination Clock Delay (DCD):    2.848ns
    Source Clock Delay      (SCD):    2.945ns
    Clock Pessimism Removal (CPR):    -0.000ns
  Clock Uncertainty:      0.176ns  ((TSJ^2 + DJ^2)^1/2) / 2 + PE
    Total System Jitter     (TSJ):    0.071ns
    Discrete Jitter          (DJ):    0.087ns
    Phase Error              (PE):    0.120ns
  Clock Net Delay (Source):      1.502ns (routing 0.698ns, distribution 0.804ns)
  Clock Net Delay (Destination): 1.683ns (routing 0.775ns, distribution 0.908ns)
  Timing Exception:       False Path

    Location             Delay type                Incr(ns)  Path(ns)    Netlist Resource(s)
  -------------------------------------------------------------------    -------------------
                         (clock mmcm_clkout0 rise edge)
                                                      0.000     0.000 r  
    E12                                               0.000     0.000 r  sys_clk_p (IN)
                         net (fo=0)                   0.000     0.000    i_bufds_sys_clk/I
    HPIOBDIFFINBUF_X1Y300
                         DIFFINBUF (Prop_DIFFINBUF_HPIOBDIFFINBUF_DIFF_IN_P_O)
                                                      0.340     0.340 r  i_bufds_sys_clk/DIFFINBUF_INST/O
                         net (fo=1, routed)           0.040     0.380    i_bufds_sys_clk/OUT
    E12                  IBUFCTRL (Prop_IBUFCTRL_HPIOB_M_I_O)
                                                      0.000     0.380 r  i_bufds_sys_clk/IBUFCTRL_INST/O
                         net (fo=1, routed)           0.150     0.530    sys_clk
    BUFGCE_X1Y289        BUFGCE (Prop_BUFCE_BUFGCE_I_O)
                                                      0.017     0.547 r  sys_clk_BUFGCE_inst/O
                         net (fo=19, routed)          0.504     1.051    i_dram_wrapper/i_dram/inst/u_ddr4_infrastructure/mmcm_clk_in
    MMCM_X1Y13           MMCME4_ADV (Prop_MMCM_CLKIN1_CLKOUT0)
                                                      0.230     1.281 r  i_dram_wrapper/i_dram/inst/u_ddr4_infrastructure/gen_mmcme4.u_mmcme_adv_inst/CLKOUT0
                         net (fo=1, routed)           0.145     1.426    i_dram_wrapper/i_dram/inst/u_ddr4_infrastructure/mmcm_clkout0
    BUFGCE_X1Y332        BUFGCE (Prop_BUFCE_BUFGCE_I_O)
                                                      0.017     1.443 r  i_dram_wrapper/i_dram/inst/u_ddr4_infrastructure/u_bufg_divClk/O
    X4Y10 (CLOCK_ROOT)   net (fo=36296, routed)       1.502     2.945    i_dram_wrapper/i_dram/inst/u_ddr4_mem_intfc/u_ddr_cal_top/u_ddr_cal/u_ddr_cal_addr_decode/odt_shift_reg[0][20]
    SLICE_X134Y797       FDRE                                         r  i_dram_wrapper/i_dram/inst/u_ddr4_mem_intfc/u_ddr_cal_top/u_ddr_cal/u_ddr_cal_addr_decode/io_read_data_reg[17]/C
  -------------------------------------------------------------------    -------------------
    SLICE_X134Y797       FDRE (Prop_AFF_SLICEL_C_Q)
                                                      0.039     2.984 r  i_dram_wrapper/i_dram/inst/u_ddr4_mem_intfc/u_ddr_cal_top/u_ddr_cal/u_ddr_cal_addr_decode/io_read_data_reg[17]/Q
                         net (fo=1, routed)           0.055     3.039    i_dram_wrapper/i_dram/inst/u_ddr4_mem_intfc/u_io_read_data_sync/SYNC[31].sync_reg_reg[0]_0[17]
    SLICE_X134Y797       FDRE                                         r  i_dram_wrapper/i_dram/inst/u_ddr4_mem_intfc/u_io_read_data_sync/SYNC[17].sync_reg_reg[0]/D
  -------------------------------------------------------------------    -------------------

                         (clock mmcm_clkout6 rise edge)
                                                      0.000     0.000 r  
    E12                                               0.000     0.000 r  sys_clk_p (IN)
                         net (fo=0)                   0.000     0.000    i_bufds_sys_clk/I
    HPIOBDIFFINBUF_X1Y300
                         DIFFINBUF (Prop_DIFFINBUF_HPIOBDIFFINBUF_DIFF_IN_P_O)
                                                      0.446     0.446 r  i_bufds_sys_clk/DIFFINBUF_INST/O
                         net (fo=1, routed)           0.050     0.496    i_bufds_sys_clk/OUT
    E12                  IBUFCTRL (Prop_IBUFCTRL_HPIOB_M_I_O)
                                                      0.000     0.496 r  i_bufds_sys_clk/IBUFCTRL_INST/O
                         net (fo=1, routed)           0.183     0.679    sys_clk
    BUFGCE_X1Y289        BUFGCE (Prop_BUFCE_BUFGCE_I_O)
                                                      0.019     0.698 r  sys_clk_BUFGCE_inst/O
                         net (fo=19, routed)          0.567     1.265    i_dram_wrapper/i_dram/inst/u_ddr4_infrastructure/mmcm_clk_in
    MMCM_X1Y13           MMCME4_ADV (Prop_MMCM_CLKIN1_CLKOUT6)
                                                     -0.295     0.970 r  i_dram_wrapper/i_dram/inst/u_ddr4_infrastructure/gen_mmcme4.u_mmcme_adv_inst/CLKOUT6
                         net (fo=1, routed)           0.176     1.146    i_dram_wrapper/i_dram/inst/u_ddr4_infrastructure/mmcm_clkout6
    BUFGCE_X1Y326        BUFGCE (Prop_BUFCE_BUFGCE_I_O)
                                                      0.019     1.165 r  i_dram_wrapper/i_dram/inst/u_ddr4_infrastructure/u_bufg_riuClk/O
    X4Y10 (CLOCK_ROOT)   net (fo=1746, routed)        1.683     2.848    i_dram_wrapper/i_dram/inst/u_ddr4_mem_intfc/u_io_read_data_sync/CLK
    SLICE_X134Y797       FDRE                                         r  i_dram_wrapper/i_dram/inst/u_ddr4_mem_intfc/u_io_read_data_sync/SYNC[17].sync_reg_reg[0]/C





--------------------------------------------------------------------------------------
Path Group:  (none)
From Clock:  mmcm_clkout6
  To Clock:  mmcm_clkout6

Max Delay             2 Endpoints
Min Delay           486 Endpoints
--------------------------------------------------------------------------------------


Max Delay Paths
--------------------------------------------------------------------------------------
Slack:                    inf
  Source:                 i_dram_wrapper/i_dram/inst/u_ddr4_infrastructure/rst_mb_logic_r1_reg/C
                            (rising edge-triggered cell FDRE clocked by mmcm_clkout6  {rise@0.000ns fall@3.333ns period=6.667ns})
  Destination:            i_dram_wrapper/i_dram/inst/u_ddr4_mem_intfc/u_ddr_cal_riu/mcs0/inst/rst_0/U0/EXT_LPF/ACTIVE_HIGH_EXT.ACT_HI_EXT/GENERATE_LEVEL_P_S_CDC.SINGLE_BIT.CROSS_PLEVEL_IN2SCNDRY_IN_cdc_to/D
                            (rising edge-triggered cell FDRE clocked by mmcm_clkout6  {rise@0.000ns fall@3.333ns period=6.667ns})
  Path Group:             (none)
  Path Type:              Setup (Max at Slow Process Corner)
  Data Path Delay:        0.642ns  (logic 0.076ns (11.838%)  route 0.566ns (88.162%))
  Logic Levels:           0  
  Clock Path Skew:        0.170ns (DCD - SCD + CPR)
    Destination Clock Delay (DCD):    4.997ns
    Source Clock Delay      (SCD):    4.828ns
    Clock Pessimism Removal (CPR):    0.000ns
  Clock Uncertainty:      0.056ns  ((TSJ^2 + DJ^2)^1/2) / 2 + PE
    Total System Jitter     (TSJ):    0.071ns
    Discrete Jitter          (DJ):    0.087ns
    Phase Error              (PE):    0.000ns
  Clock Net Delay (Source):      2.677ns (routing 1.259ns, distribution 1.418ns)
  Clock Net Delay (Destination): 2.397ns (routing 1.142ns, distribution 1.255ns)
  Timing Exception:       False Path

    Location             Delay type                Incr(ns)  Path(ns)    Netlist Resource(s)
  -------------------------------------------------------------------    -------------------
                         (clock mmcm_clkout6 rise edge)
                                                      0.000     0.000 r  
    E12                                               0.000     0.000 r  sys_clk_p (IN)
                         net (fo=0)                   0.000     0.000    i_bufds_sys_clk/I
    HPIOBDIFFINBUF_X1Y300
                         DIFFINBUF (Prop_DIFFINBUF_HPIOBDIFFINBUF_DIFF_IN_P_O)
                                                      0.675     0.675 r  i_bufds_sys_clk/DIFFINBUF_INST/O
                         net (fo=1, routed)           0.050     0.725    i_bufds_sys_clk/OUT
    E12                  IBUFCTRL (Prop_IBUFCTRL_HPIOB_M_I_O)
                                                      0.000     0.725 r  i_bufds_sys_clk/IBUFCTRL_INST/O
                         net (fo=1, routed)           0.335     1.060    sys_clk
    BUFGCE_X1Y289        BUFGCE (Prop_BUFCE_BUFGCE_I_O)
                                                      0.028     1.088 r  sys_clk_BUFGCE_inst/O
                         net (fo=19, routed)          0.901     1.989    i_dram_wrapper/i_dram/inst/u_ddr4_infrastructure/mmcm_clk_in
    MMCM_X1Y13           MMCME4_ADV (Prop_MMCM_CLKIN1_CLKOUT6)
                                                     -0.127     1.862 r  i_dram_wrapper/i_dram/inst/u_ddr4_infrastructure/gen_mmcme4.u_mmcme_adv_inst/CLKOUT6
                         net (fo=1, routed)           0.261     2.123    i_dram_wrapper/i_dram/inst/u_ddr4_infrastructure/mmcm_clkout6
    BUFGCE_X1Y326        BUFGCE (Prop_BUFCE_BUFGCE_I_O)
                                                      0.028     2.151 r  i_dram_wrapper/i_dram/inst/u_ddr4_infrastructure/u_bufg_riuClk/O
    X4Y10 (CLOCK_ROOT)   net (fo=1746, routed)        2.677     4.828    i_dram_wrapper/i_dram/inst/u_ddr4_infrastructure/c0_riu_clk
    SLICE_X141Y751       FDRE                                         r  i_dram_wrapper/i_dram/inst/u_ddr4_infrastructure/rst_mb_logic_r1_reg/C
  -------------------------------------------------------------------    -------------------
    SLICE_X141Y751       FDRE (Prop_EFF_SLICEM_C_Q)
                                                      0.076     4.904 r  i_dram_wrapper/i_dram/inst/u_ddr4_infrastructure/rst_mb_logic_r1_reg/Q
                         net (fo=5, routed)           0.566     5.470    i_dram_wrapper/i_dram/inst/u_ddr4_mem_intfc/u_ddr_cal_riu/mcs0/inst/rst_0/U0/EXT_LPF/ACTIVE_HIGH_EXT.ACT_HI_EXT/ext_reset_in
    SLICE_X137Y756       FDRE                                         r  i_dram_wrapper/i_dram/inst/u_ddr4_mem_intfc/u_ddr_cal_riu/mcs0/inst/rst_0/U0/EXT_LPF/ACTIVE_HIGH_EXT.ACT_HI_EXT/GENERATE_LEVEL_P_S_CDC.SINGLE_BIT.CROSS_PLEVEL_IN2SCNDRY_IN_cdc_to/D
  -------------------------------------------------------------------    -------------------

                         (clock mmcm_clkout6 rise edge)
                                                      0.000     0.000 r  
    E12                                               0.000     0.000 r  sys_clk_p (IN)
                         net (fo=0)                   0.000     0.000    i_bufds_sys_clk/I
    HPIOBDIFFINBUF_X1Y300
                         DIFFINBUF (Prop_DIFFINBUF_HPIOBDIFFINBUF_DIFF_IN_P_O)
                                                      0.564     0.564 r  i_bufds_sys_clk/DIFFINBUF_INST/O
                         net (fo=1, routed)           0.040     0.604    i_bufds_sys_clk/OUT
    E12                  IBUFCTRL (Prop_IBUFCTRL_HPIOB_M_I_O)
                                                      0.000     0.604 r  i_bufds_sys_clk/IBUFCTRL_INST/O
                         net (fo=1, routed)           0.297     0.901    sys_clk
    BUFGCE_X1Y289        BUFGCE (Prop_BUFCE_BUFGCE_I_O)
                                                      0.024     0.925 r  sys_clk_BUFGCE_inst/O
                         net (fo=19, routed)          0.795     1.720    i_dram_wrapper/i_dram/inst/u_ddr4_infrastructure/mmcm_clk_in
    MMCM_X1Y13           MMCME4_ADV (Prop_MMCM_CLKIN1_CLKOUT6)
                                                      0.630     2.350 r  i_dram_wrapper/i_dram/inst/u_ddr4_infrastructure/gen_mmcme4.u_mmcme_adv_inst/CLKOUT6
                         net (fo=1, routed)           0.226     2.576    i_dram_wrapper/i_dram/inst/u_ddr4_infrastructure/mmcm_clkout6
    BUFGCE_X1Y326        BUFGCE (Prop_BUFCE_BUFGCE_I_O)
                                                      0.024     2.600 r  i_dram_wrapper/i_dram/inst/u_ddr4_infrastructure/u_bufg_riuClk/O
    X4Y10 (CLOCK_ROOT)   net (fo=1746, routed)        2.397     4.997    i_dram_wrapper/i_dram/inst/u_ddr4_mem_intfc/u_ddr_cal_riu/mcs0/inst/rst_0/U0/EXT_LPF/ACTIVE_HIGH_EXT.ACT_HI_EXT/slowest_sync_clk
    SLICE_X137Y756       FDRE                                         r  i_dram_wrapper/i_dram/inst/u_ddr4_mem_intfc/u_ddr_cal_riu/mcs0/inst/rst_0/U0/EXT_LPF/ACTIVE_HIGH_EXT.ACT_HI_EXT/GENERATE_LEVEL_P_S_CDC.SINGLE_BIT.CROSS_PLEVEL_IN2SCNDRY_IN_cdc_to/C





Min Delay Paths
--------------------------------------------------------------------------------------
Slack:                    inf
  Source:                 i_dram_wrapper/i_dram/inst/u_ddr4_mem_intfc/u_ddr_cal_riu/mcs0/inst/rst_0/U0/FDRE_inst/C
                            (rising edge-triggered cell FDRE clocked by mmcm_clkout6  {rise@0.000ns fall@3.333ns period=6.667ns})
  Destination:            i_dram_wrapper/i_dram/inst/u_ddr4_mem_intfc/u_ddr_cal_riu/mcs0/inst/microblaze_I/U0/MicroBlaze_Core_I/Reset_DFF/Synchronize.use_sync_reset.sync_reg[1]/D
                            (rising edge-triggered cell FDRE clocked by mmcm_clkout6  {rise@0.000ns fall@3.333ns period=6.667ns})
  Path Group:             (none)
  Path Type:              Hold (Min at Fast Process Corner)
  Data Path Delay:        0.153ns  (logic 0.039ns (25.490%)  route 0.114ns (74.510%))
  Logic Levels:           0  
  Clock Path Skew:        -0.098ns (DCD - SCD - CPR)
    Destination Clock Delay (DCD):    2.836ns
    Source Clock Delay      (SCD):    2.933ns
    Clock Pessimism Removal (CPR):    -0.000ns
  Clock Uncertainty:      0.056ns  ((TSJ^2 + DJ^2)^1/2) / 2 + PE
    Total System Jitter     (TSJ):    0.071ns
    Discrete Jitter          (DJ):    0.087ns
    Phase Error              (PE):    0.000ns
  Clock Net Delay (Source):      1.480ns (routing 0.690ns, distribution 0.790ns)
  Clock Net Delay (Destination): 1.671ns (routing 0.775ns, distribution 0.896ns)
  Timing Exception:       False Path

    Location             Delay type                Incr(ns)  Path(ns)    Netlist Resource(s)
  -------------------------------------------------------------------    -------------------
                         (clock mmcm_clkout6 rise edge)
                                                      0.000     0.000 r  
    E12                                               0.000     0.000 r  sys_clk_p (IN)
                         net (fo=0)                   0.000     0.000    i_bufds_sys_clk/I
    HPIOBDIFFINBUF_X1Y300
                         DIFFINBUF (Prop_DIFFINBUF_HPIOBDIFFINBUF_DIFF_IN_P_O)
                                                      0.340     0.340 r  i_bufds_sys_clk/DIFFINBUF_INST/O
                         net (fo=1, routed)           0.040     0.380    i_bufds_sys_clk/OUT
    E12                  IBUFCTRL (Prop_IBUFCTRL_HPIOB_M_I_O)
                                                      0.000     0.380 r  i_bufds_sys_clk/IBUFCTRL_INST/O
                         net (fo=1, routed)           0.150     0.530    sys_clk
    BUFGCE_X1Y289        BUFGCE (Prop_BUFCE_BUFGCE_I_O)
                                                      0.017     0.547 r  sys_clk_BUFGCE_inst/O
                         net (fo=19, routed)          0.504     1.051    i_dram_wrapper/i_dram/inst/u_ddr4_infrastructure/mmcm_clk_in
    MMCM_X1Y13           MMCME4_ADV (Prop_MMCM_CLKIN1_CLKOUT6)
                                                      0.230     1.281 r  i_dram_wrapper/i_dram/inst/u_ddr4_infrastructure/gen_mmcme4.u_mmcme_adv_inst/CLKOUT6
                         net (fo=1, routed)           0.155     1.436    i_dram_wrapper/i_dram/inst/u_ddr4_infrastructure/mmcm_clkout6
    BUFGCE_X1Y326        BUFGCE (Prop_BUFCE_BUFGCE_I_O)
                                                      0.017     1.453 r  i_dram_wrapper/i_dram/inst/u_ddr4_infrastructure/u_bufg_riuClk/O
    X4Y10 (CLOCK_ROOT)   net (fo=1746, routed)        1.480     2.933    i_dram_wrapper/i_dram/inst/u_ddr4_mem_intfc/u_ddr_cal_riu/mcs0/inst/rst_0/U0/slowest_sync_clk
    SLICE_X135Y759       FDRE                                         r  i_dram_wrapper/i_dram/inst/u_ddr4_mem_intfc/u_ddr_cal_riu/mcs0/inst/rst_0/U0/FDRE_inst/C
  -------------------------------------------------------------------    -------------------
    SLICE_X135Y759       FDRE (Prop_EFF2_SLICEM_C_Q)
                                                      0.039     2.972 r  i_dram_wrapper/i_dram/inst/u_ddr4_mem_intfc/u_ddr_cal_riu/mcs0/inst/rst_0/U0/FDRE_inst/Q
                         net (fo=1, routed)           0.114     3.086    i_dram_wrapper/i_dram/inst/u_ddr4_mem_intfc/u_ddr_cal_riu/mcs0/inst/microblaze_I/U0/MicroBlaze_Core_I/Reset_DFF/Reset
    SLICE_X135Y759       FDRE                                         r  i_dram_wrapper/i_dram/inst/u_ddr4_mem_intfc/u_ddr_cal_riu/mcs0/inst/microblaze_I/U0/MicroBlaze_Core_I/Reset_DFF/Synchronize.use_sync_reset.sync_reg[1]/D
  -------------------------------------------------------------------    -------------------

                         (clock mmcm_clkout6 rise edge)
                                                      0.000     0.000 r  
    E12                                               0.000     0.000 r  sys_clk_p (IN)
                         net (fo=0)                   0.000     0.000    i_bufds_sys_clk/I
    HPIOBDIFFINBUF_X1Y300
                         DIFFINBUF (Prop_DIFFINBUF_HPIOBDIFFINBUF_DIFF_IN_P_O)
                                                      0.446     0.446 r  i_bufds_sys_clk/DIFFINBUF_INST/O
                         net (fo=1, routed)           0.050     0.496    i_bufds_sys_clk/OUT
    E12                  IBUFCTRL (Prop_IBUFCTRL_HPIOB_M_I_O)
                                                      0.000     0.496 r  i_bufds_sys_clk/IBUFCTRL_INST/O
                         net (fo=1, routed)           0.183     0.679    sys_clk
    BUFGCE_X1Y289        BUFGCE (Prop_BUFCE_BUFGCE_I_O)
                                                      0.019     0.698 r  sys_clk_BUFGCE_inst/O
                         net (fo=19, routed)          0.567     1.265    i_dram_wrapper/i_dram/inst/u_ddr4_infrastructure/mmcm_clk_in
    MMCM_X1Y13           MMCME4_ADV (Prop_MMCM_CLKIN1_CLKOUT6)
                                                     -0.295     0.970 r  i_dram_wrapper/i_dram/inst/u_ddr4_infrastructure/gen_mmcme4.u_mmcme_adv_inst/CLKOUT6
                         net (fo=1, routed)           0.176     1.146    i_dram_wrapper/i_dram/inst/u_ddr4_infrastructure/mmcm_clkout6
    BUFGCE_X1Y326        BUFGCE (Prop_BUFCE_BUFGCE_I_O)
                                                      0.019     1.165 r  i_dram_wrapper/i_dram/inst/u_ddr4_infrastructure/u_bufg_riuClk/O
    X4Y10 (CLOCK_ROOT)   net (fo=1746, routed)        1.671     2.836    i_dram_wrapper/i_dram/inst/u_ddr4_mem_intfc/u_ddr_cal_riu/mcs0/inst/microblaze_I/U0/MicroBlaze_Core_I/Reset_DFF/Clk
    SLICE_X135Y759       FDRE                                         r  i_dram_wrapper/i_dram/inst/u_ddr4_mem_intfc/u_ddr_cal_riu/mcs0/inst/microblaze_I/U0/MicroBlaze_Core_I/Reset_DFF/Synchronize.use_sync_reset.sync_reg[1]/C





--------------------------------------------------------------------------------------
Path Group:  (none)
From Clock:  sys_clk
  To Clock:  mmcm_clkout6

Max Delay             2 Endpoints
Min Delay             2 Endpoints
--------------------------------------------------------------------------------------


Max Delay Paths
--------------------------------------------------------------------------------------
Slack:                    inf
  Source:                 i_dram_wrapper/i_dram/inst/u_ddr4_infrastructure/rst_async_mb_reg/C
                            (rising edge-triggered cell FDRE clocked by sys_clk  {rise@0.000ns fall@2.000ns period=4.000ns})
  Destination:            i_dram_wrapper/i_dram/inst/u_ddr4_infrastructure/rst_mb_sync_r_reg[0]/D
                            (rising edge-triggered cell FDRE clocked by mmcm_clkout6  {rise@0.000ns fall@3.333ns period=6.667ns})
  Path Group:             (none)
  Path Type:              Setup (Max at Slow Process Corner)
  Data Path Delay:        0.517ns  (logic 0.080ns (15.474%)  route 0.437ns (84.526%))
  Logic Levels:           0  
  Clock Path Skew:        2.800ns (DCD - SCD + CPR)
    Destination Clock Delay (DCD):    4.989ns
    Source Clock Delay      (SCD):    2.190ns
    Clock Pessimism Removal (CPR):    0.000ns
  Clock Uncertainty:      0.129ns  ((TSJ^2 + DJ^2)^1/2) / 2 + PE
    Total System Jitter     (TSJ):    0.071ns
    Discrete Jitter          (DJ):    0.087ns
    Phase Error              (PE):    0.073ns
  Clock Net Delay (Source):      1.102ns (routing 0.171ns, distribution 0.931ns)
  Clock Net Delay (Destination): 2.389ns (routing 1.142ns, distribution 1.247ns)
  Timing Exception:       False Path

    Location             Delay type                Incr(ns)  Path(ns)    Netlist Resource(s)
  -------------------------------------------------------------------    -------------------
                         (clock sys_clk rise edge)    0.000     0.000 r  
    E12                                               0.000     0.000 r  sys_clk_p (IN)
                         net (fo=0)                   0.000     0.000    i_bufds_sys_clk/I
    HPIOBDIFFINBUF_X1Y300
                         DIFFINBUF (Prop_DIFFINBUF_HPIOBDIFFINBUF_DIFF_IN_P_O)
                                                      0.675     0.675 r  i_bufds_sys_clk/DIFFINBUF_INST/O
                         net (fo=1, routed)           0.050     0.725    i_bufds_sys_clk/OUT
    E12                  IBUFCTRL (Prop_IBUFCTRL_HPIOB_M_I_O)
                                                      0.000     0.725 r  i_bufds_sys_clk/IBUFCTRL_INST/O
                         net (fo=1, routed)           0.335     1.060    sys_clk
    BUFGCE_X1Y289        BUFGCE (Prop_BUFCE_BUFGCE_I_O)
                                                      0.028     1.088 r  sys_clk_BUFGCE_inst/O
    X4Y12 (CLOCK_ROOT)   net (fo=19, routed)          1.102     2.190    i_dram_wrapper/i_dram/inst/u_ddr4_infrastructure/sys_clk_in
    SLICE_X138Y752       FDRE                                         r  i_dram_wrapper/i_dram/inst/u_ddr4_infrastructure/rst_async_mb_reg/C
  -------------------------------------------------------------------    -------------------
    SLICE_X138Y752       FDRE (Prop_AFF2_SLICEM_C_Q)
                                                      0.080     2.270 r  i_dram_wrapper/i_dram/inst/u_ddr4_infrastructure/rst_async_mb_reg/Q
                         net (fo=1, routed)           0.437     2.707    i_dram_wrapper/i_dram/inst/u_ddr4_infrastructure/rst_async_mb
    SLICE_X138Y753       FDRE                                         r  i_dram_wrapper/i_dram/inst/u_ddr4_infrastructure/rst_mb_sync_r_reg[0]/D
  -------------------------------------------------------------------    -------------------

                         (clock mmcm_clkout6 rise edge)
                                                      0.000     0.000 r  
    E12                                               0.000     0.000 r  sys_clk_p (IN)
                         net (fo=0)                   0.000     0.000    i_bufds_sys_clk/I
    HPIOBDIFFINBUF_X1Y300
                         DIFFINBUF (Prop_DIFFINBUF_HPIOBDIFFINBUF_DIFF_IN_P_O)
                                                      0.564     0.564 r  i_bufds_sys_clk/DIFFINBUF_INST/O
                         net (fo=1, routed)           0.040     0.604    i_bufds_sys_clk/OUT
    E12                  IBUFCTRL (Prop_IBUFCTRL_HPIOB_M_I_O)
                                                      0.000     0.604 r  i_bufds_sys_clk/IBUFCTRL_INST/O
                         net (fo=1, routed)           0.297     0.901    sys_clk
    BUFGCE_X1Y289        BUFGCE (Prop_BUFCE_BUFGCE_I_O)
                                                      0.024     0.925 r  sys_clk_BUFGCE_inst/O
                         net (fo=19, routed)          0.795     1.720    i_dram_wrapper/i_dram/inst/u_ddr4_infrastructure/mmcm_clk_in
    MMCM_X1Y13           MMCME4_ADV (Prop_MMCM_CLKIN1_CLKOUT6)
                                                      0.630     2.350 r  i_dram_wrapper/i_dram/inst/u_ddr4_infrastructure/gen_mmcme4.u_mmcme_adv_inst/CLKOUT6
                         net (fo=1, routed)           0.226     2.576    i_dram_wrapper/i_dram/inst/u_ddr4_infrastructure/mmcm_clkout6
    BUFGCE_X1Y326        BUFGCE (Prop_BUFCE_BUFGCE_I_O)
                                                      0.024     2.600 r  i_dram_wrapper/i_dram/inst/u_ddr4_infrastructure/u_bufg_riuClk/O
    X4Y10 (CLOCK_ROOT)   net (fo=1746, routed)        2.389     4.989    i_dram_wrapper/i_dram/inst/u_ddr4_infrastructure/c0_riu_clk
    SLICE_X138Y753       FDRE                                         r  i_dram_wrapper/i_dram/inst/u_ddr4_infrastructure/rst_mb_sync_r_reg[0]/C





Min Delay Paths
--------------------------------------------------------------------------------------
Slack:                    inf
  Source:                 i_dram_wrapper/i_dram/inst/u_ddr4_infrastructure/rst_async_riu_div_reg/C
                            (rising edge-triggered cell FDRE clocked by sys_clk  {rise@0.000ns fall@2.000ns period=4.000ns})
  Destination:            i_dram_wrapper/i_dram/inst/u_ddr4_infrastructure/rst_riu_sync_r_reg[0]/D
                            (rising edge-triggered cell FDRE clocked by mmcm_clkout6  {rise@0.000ns fall@3.333ns period=6.667ns})
  Path Group:             (none)
  Path Type:              Hold (Min at Fast Process Corner)
  Data Path Delay:        0.151ns  (logic 0.040ns (26.490%)  route 0.111ns (73.510%))
  Logic Levels:           0  
  Clock Path Skew:        1.657ns (DCD - SCD - CPR)
    Destination Clock Delay (DCD):    2.818ns
    Source Clock Delay      (SCD):    1.160ns
    Clock Pessimism Removal (CPR):    -0.000ns
  Clock Uncertainty:      0.129ns  ((TSJ^2 + DJ^2)^1/2) / 2 + PE
    Total System Jitter     (TSJ):    0.071ns
    Discrete Jitter          (DJ):    0.087ns
    Phase Error              (PE):    0.073ns
  Clock Net Delay (Source):      0.613ns (routing 0.096ns, distribution 0.517ns)
  Clock Net Delay (Destination): 1.653ns (routing 0.775ns, distribution 0.878ns)
  Timing Exception:       False Path

    Location             Delay type                Incr(ns)  Path(ns)    Netlist Resource(s)
  -------------------------------------------------------------------    -------------------
                         (clock sys_clk rise edge)    0.000     0.000 r  
    E12                                               0.000     0.000 r  sys_clk_p (IN)
                         net (fo=0)                   0.000     0.000    i_bufds_sys_clk/I
    HPIOBDIFFINBUF_X1Y300
                         DIFFINBUF (Prop_DIFFINBUF_HPIOBDIFFINBUF_DIFF_IN_P_O)
                                                      0.340     0.340 r  i_bufds_sys_clk/DIFFINBUF_INST/O
                         net (fo=1, routed)           0.040     0.380    i_bufds_sys_clk/OUT
    E12                  IBUFCTRL (Prop_IBUFCTRL_HPIOB_M_I_O)
                                                      0.000     0.380 r  i_bufds_sys_clk/IBUFCTRL_INST/O
                         net (fo=1, routed)           0.150     0.530    sys_clk
    BUFGCE_X1Y289        BUFGCE (Prop_BUFCE_BUFGCE_I_O)
                                                      0.017     0.547 r  sys_clk_BUFGCE_inst/O
    X4Y12 (CLOCK_ROOT)   net (fo=19, routed)          0.613     1.160    i_dram_wrapper/i_dram/inst/u_ddr4_infrastructure/sys_clk_in
    SLICE_X139Y752       FDRE                                         r  i_dram_wrapper/i_dram/inst/u_ddr4_infrastructure/rst_async_riu_div_reg/C
  -------------------------------------------------------------------    -------------------
    SLICE_X139Y752       FDRE (Prop_AFF2_SLICEL_C_Q)
                                                      0.040     1.200 r  i_dram_wrapper/i_dram/inst/u_ddr4_infrastructure/rst_async_riu_div_reg/Q
                         net (fo=2, routed)           0.111     1.311    i_dram_wrapper/i_dram/inst/u_ddr4_infrastructure/rst_async_riu_div
    SLICE_X140Y750       FDRE                                         r  i_dram_wrapper/i_dram/inst/u_ddr4_infrastructure/rst_riu_sync_r_reg[0]/D
  -------------------------------------------------------------------    -------------------

                         (clock mmcm_clkout6 rise edge)
                                                      0.000     0.000 r  
    E12                                               0.000     0.000 r  sys_clk_p (IN)
                         net (fo=0)                   0.000     0.000    i_bufds_sys_clk/I
    HPIOBDIFFINBUF_X1Y300
                         DIFFINBUF (Prop_DIFFINBUF_HPIOBDIFFINBUF_DIFF_IN_P_O)
                                                      0.446     0.446 r  i_bufds_sys_clk/DIFFINBUF_INST/O
                         net (fo=1, routed)           0.050     0.496    i_bufds_sys_clk/OUT
    E12                  IBUFCTRL (Prop_IBUFCTRL_HPIOB_M_I_O)
                                                      0.000     0.496 r  i_bufds_sys_clk/IBUFCTRL_INST/O
                         net (fo=1, routed)           0.183     0.679    sys_clk
    BUFGCE_X1Y289        BUFGCE (Prop_BUFCE_BUFGCE_I_O)
                                                      0.019     0.698 r  sys_clk_BUFGCE_inst/O
                         net (fo=19, routed)          0.567     1.265    i_dram_wrapper/i_dram/inst/u_ddr4_infrastructure/mmcm_clk_in
    MMCM_X1Y13           MMCME4_ADV (Prop_MMCM_CLKIN1_CLKOUT6)
                                                     -0.295     0.970 r  i_dram_wrapper/i_dram/inst/u_ddr4_infrastructure/gen_mmcme4.u_mmcme_adv_inst/CLKOUT6
                         net (fo=1, routed)           0.176     1.146    i_dram_wrapper/i_dram/inst/u_ddr4_infrastructure/mmcm_clkout6
    BUFGCE_X1Y326        BUFGCE (Prop_BUFCE_BUFGCE_I_O)
                                                      0.019     1.165 r  i_dram_wrapper/i_dram/inst/u_ddr4_infrastructure/u_bufg_riuClk/O
    X4Y10 (CLOCK_ROOT)   net (fo=1746, routed)        1.653     2.818    i_dram_wrapper/i_dram/inst/u_ddr4_infrastructure/c0_riu_clk
    SLICE_X140Y750       FDRE                                         r  i_dram_wrapper/i_dram/inst/u_ddr4_infrastructure/rst_riu_sync_r_reg[0]/C





--------------------------------------------------------------------------------------
Path Group:  (none)
From Clock:  clk_50_clkwiz
  To Clock:  sys_clk

Max Delay             2 Endpoints
Min Delay             2 Endpoints
--------------------------------------------------------------------------------------


Max Delay Paths
--------------------------------------------------------------------------------------
Slack:                    inf
  Source:                 sys_rst_reg/C
                            (rising edge-triggered cell FDPE clocked by clk_50_clkwiz  {rise@0.000ns fall@10.000ns period=20.000ns})
  Destination:            i_dram_wrapper/i_dram/inst/u_ddr4_infrastructure/rst_input_async_reg[0]/PRE
                            (recovery check against rising-edge clock sys_clk  {rise@0.000ns fall@2.000ns period=4.000ns})
  Path Group:             (none)
  Path Type:              Recovery (Max at Slow Process Corner)
  Data Path Delay:        0.884ns  (logic 0.076ns (8.597%)  route 0.808ns (91.403%))
  Logic Levels:           0  
  Clock Path Skew:        -4.316ns (DCD - SCD + CPR)
    Destination Clock Delay (DCD):    1.888ns
    Source Clock Delay      (SCD):    6.205ns
    Clock Pessimism Removal (CPR):    0.000ns
  Clock Uncertainty:      0.238ns  ((TSJ^2 + DJ^2)^1/2) / 2 + PE
    Total System Jitter     (TSJ):    0.071ns
    Discrete Jitter          (DJ):    0.150ns
    Phase Error              (PE):    0.155ns
  Clock Net Delay (Source):      3.981ns (routing 1.870ns, distribution 2.111ns)
  Clock Net Delay (Destination): 0.963ns (routing 0.155ns, distribution 0.808ns)
  Timing Exception:       False Path

    Location             Delay type                Incr(ns)  Path(ns)    Netlist Resource(s)
  -------------------------------------------------------------------    -------------------
                         (clock clk_50_clkwiz rise edge)
                                                      0.000     0.000 r  
    E12                                               0.000     0.000 r  sys_clk_p (IN)
                         net (fo=0)                   0.000     0.000    i_bufds_sys_clk/I
    HPIOBDIFFINBUF_X1Y300
                         DIFFINBUF (Prop_DIFFINBUF_HPIOBDIFFINBUF_DIFF_IN_P_O)
                                                      0.675     0.675 r  i_bufds_sys_clk/DIFFINBUF_INST/O
                         net (fo=1, routed)           0.050     0.725    i_bufds_sys_clk/OUT
    E12                  IBUFCTRL (Prop_IBUFCTRL_HPIOB_M_I_O)
                                                      0.000     0.725 r  i_bufds_sys_clk/IBUFCTRL_INST/O
                         net (fo=1, routed)           0.335     1.060    sys_clk
    BUFGCE_X1Y289        BUFGCE (Prop_BUFCE_BUFGCE_I_O)
                                                      0.028     1.088 r  sys_clk_BUFGCE_inst/O
                         net (fo=19, routed)          0.991     2.079    i_clkwiz/inst/clk_in1
    MMCM_X1Y11           MMCME4_ADV (Prop_MMCM_CLKIN1_CLKOUT0)
                                                     -0.127     1.952 r  i_clkwiz/inst/mmcme4_adv_inst/CLKOUT0
                         net (fo=1, routed)           0.244     2.196    i_clkwiz/inst/clk_50_clkwiz
    BUFGCE_X1Y266        BUFGCE (Prop_BUFCE_BUFGCE_I_O)
                                                      0.028     2.224 r  i_clkwiz/inst/clkout1_buf/O
    X2Y7 (CLOCK_ROOT)    net (fo=198214, routed)      3.981     6.205    soc_clk
    SLICE_X142Y668       FDPE                                         r  sys_rst_reg/C
  -------------------------------------------------------------------    -------------------
    SLICE_X142Y668       FDPE (Prop_EFF_SLICEM_C_Q)
                                                      0.076     6.281 f  sys_rst_reg/Q
                         net (fo=6, routed)           0.808     7.089    i_dram_wrapper/i_dram/inst/u_ddr4_infrastructure/sys_rst
    SLICE_X136Y720       FDPE                                         f  i_dram_wrapper/i_dram/inst/u_ddr4_infrastructure/rst_input_async_reg[0]/PRE
  -------------------------------------------------------------------    -------------------

                         (clock sys_clk rise edge)    0.000     0.000 r  
    E12                                               0.000     0.000 r  sys_clk_p (IN)
                         net (fo=0)                   0.000     0.000    i_bufds_sys_clk/I
    HPIOBDIFFINBUF_X1Y300
                         DIFFINBUF (Prop_DIFFINBUF_HPIOBDIFFINBUF_DIFF_IN_P_O)
                                                      0.564     0.564 r  i_bufds_sys_clk/DIFFINBUF_INST/O
                         net (fo=1, routed)           0.040     0.604    i_bufds_sys_clk/OUT
    E12                  IBUFCTRL (Prop_IBUFCTRL_HPIOB_M_I_O)
                                                      0.000     0.604 r  i_bufds_sys_clk/IBUFCTRL_INST/O
                         net (fo=1, routed)           0.297     0.901    sys_clk
    BUFGCE_X1Y289        BUFGCE (Prop_BUFCE_BUFGCE_I_O)
                                                      0.024     0.925 r  sys_clk_BUFGCE_inst/O
    X4Y12 (CLOCK_ROOT)   net (fo=19, routed)          0.963     1.888    i_dram_wrapper/i_dram/inst/u_ddr4_infrastructure/sys_clk_in
    SLICE_X136Y720       FDPE                                         r  i_dram_wrapper/i_dram/inst/u_ddr4_infrastructure/rst_input_async_reg[0]/C





Min Delay Paths
--------------------------------------------------------------------------------------
Slack:                    inf
  Source:                 sys_rst_reg/C
                            (rising edge-triggered cell FDPE clocked by clk_50_clkwiz  {rise@0.000ns fall@10.000ns period=20.000ns})
  Destination:            i_dram_wrapper/i_dram/inst/u_ddr4_infrastructure/rst_input_async_reg[0]/PRE
                            (removal check against rising-edge clock sys_clk  {rise@0.000ns fall@2.000ns period=4.000ns})
  Path Group:             (none)
  Path Type:              Removal (Min at Fast Process Corner)
  Data Path Delay:        0.438ns  (logic 0.038ns (8.676%)  route 0.400ns (91.324%))
  Logic Levels:           0  
  Clock Path Skew:        -2.272ns (DCD - SCD - CPR)
    Destination Clock Delay (DCD):    1.404ns
    Source Clock Delay      (SCD):    3.675ns
    Clock Pessimism Removal (CPR):    -0.000ns
  Clock Uncertainty:      0.238ns  ((TSJ^2 + DJ^2)^1/2) / 2 + PE
    Total System Jitter     (TSJ):    0.071ns
    Discrete Jitter          (DJ):    0.150ns
    Phase Error              (PE):    0.155ns
  Clock Net Delay (Source):      2.184ns (routing 1.022ns, distribution 1.162ns)
  Clock Net Delay (Destination): 0.706ns (routing 0.108ns, distribution 0.598ns)
  Timing Exception:       False Path

    Location             Delay type                Incr(ns)  Path(ns)    Netlist Resource(s)
  -------------------------------------------------------------------    -------------------
                         (clock clk_50_clkwiz rise edge)
                                                      0.000     0.000 r  
    E12                                               0.000     0.000 r  sys_clk_p (IN)
                         net (fo=0)                   0.000     0.000    i_bufds_sys_clk/I
    HPIOBDIFFINBUF_X1Y300
                         DIFFINBUF (Prop_DIFFINBUF_HPIOBDIFFINBUF_DIFF_IN_P_O)
                                                      0.340     0.340 r  i_bufds_sys_clk/DIFFINBUF_INST/O
                         net (fo=1, routed)           0.040     0.380    i_bufds_sys_clk/OUT
    E12                  IBUFCTRL (Prop_IBUFCTRL_HPIOB_M_I_O)
                                                      0.000     0.380 r  i_bufds_sys_clk/IBUFCTRL_INST/O
                         net (fo=1, routed)           0.150     0.530    sys_clk
    BUFGCE_X1Y289        BUFGCE (Prop_BUFCE_BUFGCE_I_O)
                                                      0.017     0.547 r  sys_clk_BUFGCE_inst/O
                         net (fo=19, routed)          0.552     1.099    i_clkwiz/inst/clk_in1
    MMCM_X1Y11           MMCME4_ADV (Prop_MMCM_CLKIN1_CLKOUT0)
                                                      0.230     1.329 r  i_clkwiz/inst/mmcme4_adv_inst/CLKOUT0
                         net (fo=1, routed)           0.145     1.474    i_clkwiz/inst/clk_50_clkwiz
    BUFGCE_X1Y266        BUFGCE (Prop_BUFCE_BUFGCE_I_O)
                                                      0.017     1.491 r  i_clkwiz/inst/clkout1_buf/O
    X2Y7 (CLOCK_ROOT)    net (fo=198214, routed)      2.184     3.675    soc_clk
    SLICE_X142Y668       FDPE                                         r  sys_rst_reg/C
  -------------------------------------------------------------------    -------------------
    SLICE_X142Y668       FDPE (Prop_EFF_SLICEM_C_Q)
                                                      0.038     3.713 f  sys_rst_reg/Q
                         net (fo=6, routed)           0.400     4.113    i_dram_wrapper/i_dram/inst/u_ddr4_infrastructure/sys_rst
    SLICE_X136Y720       FDPE                                         f  i_dram_wrapper/i_dram/inst/u_ddr4_infrastructure/rst_input_async_reg[0]/PRE
  -------------------------------------------------------------------    -------------------

                         (clock sys_clk rise edge)    0.000     0.000 r  
    E12                                               0.000     0.000 r  sys_clk_p (IN)
                         net (fo=0)                   0.000     0.000    i_bufds_sys_clk/I
    HPIOBDIFFINBUF_X1Y300
                         DIFFINBUF (Prop_DIFFINBUF_HPIOBDIFFINBUF_DIFF_IN_P_O)
                                                      0.446     0.446 r  i_bufds_sys_clk/DIFFINBUF_INST/O
                         net (fo=1, routed)           0.050     0.496    i_bufds_sys_clk/OUT
    E12                  IBUFCTRL (Prop_IBUFCTRL_HPIOB_M_I_O)
                                                      0.000     0.496 r  i_bufds_sys_clk/IBUFCTRL_INST/O
                         net (fo=1, routed)           0.183     0.679    sys_clk
    BUFGCE_X1Y289        BUFGCE (Prop_BUFCE_BUFGCE_I_O)
                                                      0.019     0.698 r  sys_clk_BUFGCE_inst/O
    X4Y12 (CLOCK_ROOT)   net (fo=19, routed)          0.706     1.404    i_dram_wrapper/i_dram/inst/u_ddr4_infrastructure/sys_clk_in
    SLICE_X136Y720       FDPE                                         r  i_dram_wrapper/i_dram/inst/u_ddr4_infrastructure/rst_input_async_reg[0]/C





--------------------------------------------------------------------------------------
Path Group:  (none)
From Clock:  mmcm_clkout0
  To Clock:  

Max Delay             1 Endpoint
Min Delay             1 Endpoint
--------------------------------------------------------------------------------------


Max Delay Paths
--------------------------------------------------------------------------------------
Slack:                    inf
  Source:                 i_dram_wrapper/i_dram/inst/u_ddr4_mem_intfc/u_ddr_cal_top/cal_RESET_n_reg[0]/C
                            (rising edge-triggered cell FDRE clocked by mmcm_clkout0  {rise@0.000ns fall@1.667ns period=3.333ns})
  Destination:            c0_ddr4_reset_n
                            (output port)
  Path Group:             (none)
  Path Type:              Max at Slow Process Corner
  Data Path Delay:        2.215ns  (logic 0.863ns (38.972%)  route 1.352ns (61.028%))
  Logic Levels:           1  (OBUF=1)
  Clock Uncertainty:      0.118ns  ((TSJ^2 + DJ^2)^1/2) / 2 + PE
    Total System Jitter     (TSJ):    0.050ns
    Discrete Jitter          (DJ):    0.076ns
    Phase Error              (PE):    0.073ns
  Clock Net Delay (Source):      2.785ns (routing 1.274ns, distribution 1.511ns)

    Location             Delay type                Incr(ns)  Path(ns)    Netlist Resource(s)
  -------------------------------------------------------------------    -------------------
                         (clock mmcm_clkout0 rise edge)
                                                      0.000     0.000 r  
    E12                                               0.000     0.000 r  sys_clk_p (IN)
                         net (fo=0)                   0.000     0.000    i_bufds_sys_clk/I
    HPIOBDIFFINBUF_X1Y300
                         DIFFINBUF (Prop_DIFFINBUF_HPIOBDIFFINBUF_DIFF_IN_P_O)
                                                      0.675     0.675 r  i_bufds_sys_clk/DIFFINBUF_INST/O
                         net (fo=1, routed)           0.050     0.725    i_bufds_sys_clk/OUT
    E12                  IBUFCTRL (Prop_IBUFCTRL_HPIOB_M_I_O)
                                                      0.000     0.725 r  i_bufds_sys_clk/IBUFCTRL_INST/O
                         net (fo=1, routed)           0.335     1.060    sys_clk
    BUFGCE_X1Y289        BUFGCE (Prop_BUFCE_BUFGCE_I_O)
                                                      0.028     1.088 r  sys_clk_BUFGCE_inst/O
                         net (fo=19, routed)          0.901     1.989    i_dram_wrapper/i_dram/inst/u_ddr4_infrastructure/mmcm_clk_in
    MMCM_X1Y13           MMCME4_ADV (Prop_MMCM_CLKIN1_CLKOUT0)
                                                     -0.127     1.862 r  i_dram_wrapper/i_dram/inst/u_ddr4_infrastructure/gen_mmcme4.u_mmcme_adv_inst/CLKOUT0
                         net (fo=1, routed)           0.244     2.106    i_dram_wrapper/i_dram/inst/u_ddr4_infrastructure/mmcm_clkout0
    BUFGCE_X1Y332        BUFGCE (Prop_BUFCE_BUFGCE_I_O)
                                                      0.028     2.134 r  i_dram_wrapper/i_dram/inst/u_ddr4_infrastructure/u_bufg_divClk/O
    X4Y10 (CLOCK_ROOT)   net (fo=36296, routed)       2.785     4.919    i_dram_wrapper/i_dram/inst/u_ddr4_mem_intfc/u_ddr_cal_top/wosp_reg[2]_rep__7
    SLICE_X126Y784       FDRE                                         r  i_dram_wrapper/i_dram/inst/u_ddr4_mem_intfc/u_ddr_cal_top/cal_RESET_n_reg[0]/C
  -------------------------------------------------------------------    -------------------
    SLICE_X126Y784       FDRE (Prop_HFF2_SLICEL_C_Q)
                                                      0.080     4.999 r  i_dram_wrapper/i_dram/inst/u_ddr4_mem_intfc/u_ddr_cal_top/cal_RESET_n_reg[0]/Q
                         net (fo=1, routed)           1.352     6.351    i_dram_wrapper/i_dram/inst/u_ddr4_mem_intfc/u_mig_ddr4_phy/inst/cal_RESET_n[0]
    N20                  OBUF (Prop_OUTBUF_HPIOB_S_I_O)
                                                      0.783     7.134 r  i_dram_wrapper/i_dram/inst/u_ddr4_mem_intfc/u_mig_ddr4_phy/inst/OBUF_reset_n/O
                         net (fo=0)                   0.000     7.134    c0_ddr4_reset_n
    N20                                                               r  c0_ddr4_reset_n (OUT)
  -------------------------------------------------------------------    -------------------





Min Delay Paths
--------------------------------------------------------------------------------------
Slack:                    inf
  Source:                 i_dram_wrapper/i_dram/inst/u_ddr4_mem_intfc/u_ddr_cal_top/cal_RESET_n_reg[0]/C
                            (rising edge-triggered cell FDRE clocked by mmcm_clkout0  {rise@0.000ns fall@1.667ns period=3.333ns})
  Destination:            c0_ddr4_reset_n
                            (output port)
  Path Group:             (none)
  Path Type:              Min at Fast Process Corner
  Data Path Delay:        1.005ns  (logic 0.397ns (39.481%)  route 0.608ns (60.519%))
  Logic Levels:           1  (OBUF=1)
  Clock Uncertainty:      0.118ns  ((TSJ^2 + DJ^2)^1/2) / 2 + PE
    Total System Jitter     (TSJ):    0.050ns
    Discrete Jitter          (DJ):    0.076ns
    Phase Error              (PE):    0.073ns
  Clock Net Delay (Source):      1.527ns (routing 0.698ns, distribution 0.829ns)

    Location             Delay type                Incr(ns)  Path(ns)    Netlist Resource(s)
  -------------------------------------------------------------------    -------------------
                         (clock mmcm_clkout0 rise edge)
                                                      0.000     0.000 r  
    E12                                               0.000     0.000 r  sys_clk_p (IN)
                         net (fo=0)                   0.000     0.000    i_bufds_sys_clk/I
    HPIOBDIFFINBUF_X1Y300
                         DIFFINBUF (Prop_DIFFINBUF_HPIOBDIFFINBUF_DIFF_IN_P_O)
                                                      0.340     0.340 r  i_bufds_sys_clk/DIFFINBUF_INST/O
                         net (fo=1, routed)           0.040     0.380    i_bufds_sys_clk/OUT
    E12                  IBUFCTRL (Prop_IBUFCTRL_HPIOB_M_I_O)
                                                      0.000     0.380 r  i_bufds_sys_clk/IBUFCTRL_INST/O
                         net (fo=1, routed)           0.150     0.530    sys_clk
    BUFGCE_X1Y289        BUFGCE (Prop_BUFCE_BUFGCE_I_O)
                                                      0.017     0.547 r  sys_clk_BUFGCE_inst/O
                         net (fo=19, routed)          0.504     1.051    i_dram_wrapper/i_dram/inst/u_ddr4_infrastructure/mmcm_clk_in
    MMCM_X1Y13           MMCME4_ADV (Prop_MMCM_CLKIN1_CLKOUT0)
                                                      0.230     1.281 r  i_dram_wrapper/i_dram/inst/u_ddr4_infrastructure/gen_mmcme4.u_mmcme_adv_inst/CLKOUT0
                         net (fo=1, routed)           0.145     1.426    i_dram_wrapper/i_dram/inst/u_ddr4_infrastructure/mmcm_clkout0
    BUFGCE_X1Y332        BUFGCE (Prop_BUFCE_BUFGCE_I_O)
                                                      0.017     1.443 r  i_dram_wrapper/i_dram/inst/u_ddr4_infrastructure/u_bufg_divClk/O
    X4Y10 (CLOCK_ROOT)   net (fo=36296, routed)       1.527     2.970    i_dram_wrapper/i_dram/inst/u_ddr4_mem_intfc/u_ddr_cal_top/wosp_reg[2]_rep__7
    SLICE_X126Y784       FDRE                                         r  i_dram_wrapper/i_dram/inst/u_ddr4_mem_intfc/u_ddr_cal_top/cal_RESET_n_reg[0]/C
  -------------------------------------------------------------------    -------------------
    SLICE_X126Y784       FDRE (Prop_HFF2_SLICEL_C_Q)
                                                      0.039     3.009 r  i_dram_wrapper/i_dram/inst/u_ddr4_mem_intfc/u_ddr_cal_top/cal_RESET_n_reg[0]/Q
                         net (fo=1, routed)           0.608     3.617    i_dram_wrapper/i_dram/inst/u_ddr4_mem_intfc/u_mig_ddr4_phy/inst/cal_RESET_n[0]
    N20                  OBUF (Prop_OUTBUF_HPIOB_S_I_O)
                                                      0.358     3.975 r  i_dram_wrapper/i_dram/inst/u_ddr4_mem_intfc/u_mig_ddr4_phy/inst/OBUF_reset_n/O
                         net (fo=0)                   0.000     3.975    c0_ddr4_reset_n
    N20                                                               r  c0_ddr4_reset_n (OUT)
  -------------------------------------------------------------------    -------------------





--------------------------------------------------------------------------------------
Path Group:  (none)
From Clock:  
  To Clock:  clk_50_clkwiz

Max Delay            16 Endpoints
Min Delay            16 Endpoints
--------------------------------------------------------------------------------------


Max Delay Paths
--------------------------------------------------------------------------------------
Slack:                    inf
  Source:                 i_startupe3/DATA_IN[1]
                            (internal pin)
  Destination:            i_cheshire_soc/gen_spi_host.i_spi_host/u_spi_core/u_shift_reg/sr_q_reg[1]/D
                            (rising edge-triggered cell FDCE clocked by clk_50_clkwiz  {rise@0.000ns fall@10.000ns period=20.000ns})
  Path Group:             (none)
  Path Type:              Setup (Max at Slow Process Corner)
  Data Path Delay:        8.566ns  (logic 3.219ns (37.579%)  route 5.347ns (62.421%))
  Logic Levels:           3  (LUT5=1 LUT6=1 STARTUPE3=1)
  Clock Uncertainty:      0.234ns  ((TSJ^2 + DJ^2)^1/2) / 2 + PE
    Total System Jitter     (TSJ):    0.050ns
    Discrete Jitter          (DJ):    0.150ns
    Phase Error              (PE):    0.155ns
  Clock Net Delay (Destination): 3.233ns (routing 1.700ns, distribution 1.533ns)

    Location             Delay type                Incr(ns)  Path(ns)    Netlist Resource(s)
  -------------------------------------------------------------------    -------------------
    CONFIG_SITE_X0Y1     STARTUPE3                    0.000     0.000 r  i_startupe3/DATA_IN[1]
    CONFIG_SITE_X0Y1     STARTUPE3 (Prop_STARTUP_CONFIG_SITE_DATA_IN[1]_DI[1])
                                                      3.100     3.100 r  i_startupe3/DI[1]
                         net (fo=4, routed)           4.825     7.925    i_cheshire_soc/gen_spi_host.i_spi_host/u_spi_core/u_shift_reg/sd_i[1]
    SLR Crossing[1->2]   
    SLICE_X72Y716        LUT6 (Prop_F6LUT_SLICEM_I3_O)
                                                      0.051     7.976 f  i_cheshire_soc/gen_spi_host.i_spi_host/u_spi_core/u_shift_reg/rx_buf_q[1]_i_2/O
                         net (fo=2, routed)           0.261     8.237    i_cheshire_soc/gen_spi_host.i_spi_host/u_spi_core/u_shift_reg/rx_buf_q[1]_i_2_n_0
    SLICE_X72Y716        LUT5 (Prop_C5LUT_SLICEM_I0_O)
                                                      0.068     8.305 r  i_cheshire_soc/gen_spi_host.i_spi_host/u_spi_core/u_shift_reg/sr_q[1]_i_1/O
                         net (fo=1, routed)           0.261     8.566    i_cheshire_soc/gen_spi_host.i_spi_host/u_spi_core/u_shift_reg/sr_d[1]
    SLICE_X72Y716        FDCE                                         r  i_cheshire_soc/gen_spi_host.i_spi_host/u_spi_core/u_shift_reg/sr_q_reg[1]/D
  -------------------------------------------------------------------    -------------------

                         (clock clk_50_clkwiz rise edge)
                                                      0.000     0.000 r  
    E12                                               0.000     0.000 r  sys_clk_p (IN)
                         net (fo=0)                   0.000     0.000    i_bufds_sys_clk/I
    HPIOBDIFFINBUF_X1Y300
                         DIFFINBUF (Prop_DIFFINBUF_HPIOBDIFFINBUF_DIFF_IN_P_O)
                                                      0.564     0.564 r  i_bufds_sys_clk/DIFFINBUF_INST/O
                         net (fo=1, routed)           0.040     0.604    i_bufds_sys_clk/OUT
    E12                  IBUFCTRL (Prop_IBUFCTRL_HPIOB_M_I_O)
                                                      0.000     0.604 r  i_bufds_sys_clk/IBUFCTRL_INST/O
                         net (fo=1, routed)           0.297     0.901    sys_clk
    BUFGCE_X1Y289        BUFGCE (Prop_BUFCE_BUFGCE_I_O)
                                                      0.024     0.925 r  sys_clk_BUFGCE_inst/O
                         net (fo=19, routed)          0.876     1.801    i_clkwiz/inst/clk_in1
    MMCM_X1Y11           MMCME4_ADV (Prop_MMCM_CLKIN1_CLKOUT0)
                                                      0.630     2.431 r  i_clkwiz/inst/mmcme4_adv_inst/CLKOUT0
                         net (fo=1, routed)           0.214     2.645    i_clkwiz/inst/clk_50_clkwiz
    BUFGCE_X1Y266        BUFGCE (Prop_BUFCE_BUFGCE_I_O)
                                                      0.024     2.669 r  i_clkwiz/inst/clkout1_buf/O
    X2Y7 (CLOCK_ROOT)    net (fo=198214, routed)      3.233     5.902    i_cheshire_soc/gen_spi_host.i_spi_host/u_spi_core/u_shift_reg/clk_i
    SLICE_X72Y716        FDCE                                         r  i_cheshire_soc/gen_spi_host.i_spi_host/u_spi_core/u_shift_reg/sr_q_reg[1]/C





Min Delay Paths
--------------------------------------------------------------------------------------
Slack:                    inf
  Source:                 jtag_tdi_i
                            (input port)
  Destination:            i_cheshire_soc/i_dbg_dmi_jtag/fpga_tdi_sync_q_reg[0]/D
                            (rising edge-triggered cell FDCE clocked by clk_50_clkwiz  {rise@0.000ns fall@10.000ns period=20.000ns})
  Path Group:             (none)
  Path Type:              Hold (Min at Fast Process Corner)
  Data Path Delay:        1.413ns  (logic 0.198ns (14.005%)  route 1.215ns (85.995%))
  Logic Levels:           2  (IBUFCTRL=1 INBUF=1)
  Clock Path Skew:        3.503ns (DCD - SCD - CPR)
    Destination Clock Delay (DCD):    3.503ns
    Source Clock Delay      (SCD):    0.000ns
    Clock Pessimism Removal (CPR):    -0.000ns
  Clock Net Delay (Destination): 2.294ns (routing 1.135ns, distribution 1.159ns)

    Location             Delay type                Incr(ns)  Path(ns)    Netlist Resource(s)
  -------------------------------------------------------------------    -------------------
    M30                                               0.000     0.000 r  jtag_tdi_i (IN)
                         net (fo=0)                   0.000     0.000    jtag_tdi_i_IBUF_inst/I
    M30                  INBUF (Prop_INBUF_HPIOB_S_PAD_O)
                                                      0.198     0.198 r  jtag_tdi_i_IBUF_inst/INBUF_INST/O
                         net (fo=1, routed)           0.000     0.198    jtag_tdi_i_IBUF_inst/OUT
    M30                  IBUFCTRL (Prop_IBUFCTRL_HPIOB_S_I_O)
                                                      0.000     0.198 r  jtag_tdi_i_IBUF_inst/IBUFCTRL_INST/O
                         net (fo=1, routed)           1.215     1.413    i_cheshire_soc/i_dbg_dmi_jtag/td_i
    SLR Crossing[1->2]   
    SLICE_X30Y626        FDCE                                         r  i_cheshire_soc/i_dbg_dmi_jtag/fpga_tdi_sync_q_reg[0]/D
  -------------------------------------------------------------------    -------------------

                         (clock clk_50_clkwiz rise edge)
                                                      0.000     0.000 r  
    E12                                               0.000     0.000 r  sys_clk_p (IN)
                         net (fo=0)                   0.000     0.000    i_bufds_sys_clk/I
    HPIOBDIFFINBUF_X1Y300
                         DIFFINBUF (Prop_DIFFINBUF_HPIOBDIFFINBUF_DIFF_IN_P_O)
                                                      0.446     0.446 r  i_bufds_sys_clk/DIFFINBUF_INST/O
                         net (fo=1, routed)           0.050     0.496    i_bufds_sys_clk/OUT
    E12                  IBUFCTRL (Prop_IBUFCTRL_HPIOB_M_I_O)
                                                      0.000     0.496 r  i_bufds_sys_clk/IBUFCTRL_INST/O
                         net (fo=1, routed)           0.183     0.679    sys_clk
    BUFGCE_X1Y289        BUFGCE (Prop_BUFCE_BUFGCE_I_O)
                                                      0.019     0.698 r  sys_clk_BUFGCE_inst/O
                         net (fo=19, routed)          0.622     1.320    i_clkwiz/inst/clk_in1
    MMCM_X1Y11           MMCME4_ADV (Prop_MMCM_CLKIN1_CLKOUT0)
                                                     -0.295     1.025 r  i_clkwiz/inst/mmcme4_adv_inst/CLKOUT0
                         net (fo=1, routed)           0.165     1.190    i_clkwiz/inst/clk_50_clkwiz
    BUFGCE_X1Y266        BUFGCE (Prop_BUFCE_BUFGCE_I_O)
                                                      0.019     1.209 r  i_clkwiz/inst/clkout1_buf/O
    X2Y7 (CLOCK_ROOT)    net (fo=198214, routed)      2.294     3.503    i_cheshire_soc/i_dbg_dmi_jtag/clk_i
    SLICE_X30Y626        FDCE                                         r  i_cheshire_soc/i_dbg_dmi_jtag/fpga_tdi_sync_q_reg[0]/C





--------------------------------------------------------------------------------------
Path Group:  (none)
From Clock:  
  To Clock:  dbg_hub/inst/BSCANID.u_xsdbm_id/SWITCH_N_EXT_BSCAN.bscan_inst/SERIES7_BSCAN.bscan_inst/INTERNAL_TCK

Max Delay             4 Endpoints
Min Delay             4 Endpoints
--------------------------------------------------------------------------------------


Max Delay Paths
--------------------------------------------------------------------------------------
Slack:                    inf
  Source:                 dbg_hub/inst/BSCANID.u_xsdbm_id/SWITCH_N_EXT_BSCAN.bscan_inst/SERIES7_BSCAN.bscan_inst/INTERNAL_TDI
                            (internal pin)
  Destination:            dbg_hub/inst/BSCANID.u_xsdbm_id/SWITCH_N_EXT_BSCAN.bscan_switch/bscanid_reg[31]/D
                            (rising edge-triggered cell FDRE clocked by dbg_hub/inst/BSCANID.u_xsdbm_id/SWITCH_N_EXT_BSCAN.bscan_inst/SERIES7_BSCAN.bscan_inst/INTERNAL_TCK  {rise@0.000ns fall@25.000ns period=50.000ns})
  Path Group:             (none)
  Path Type:              Setup (Max at Fast Process Corner)
  Data Path Delay:        6.330ns  (logic 4.376ns (69.131%)  route 1.954ns (30.869%))  (includes 0.950ns inter-SLR compensation)
  Logic Levels:           2  (BSCANE2=1 LUT2=1)
  Clock Uncertainty:      0.025ns  ((TSJ^2 + TIJ^2)^1/2 + DJ) / 2 + PE
    Total System Jitter     (TSJ):    0.050ns
    Total Input Jitter      (TIJ):    0.000ns
    Discrete Jitter          (DJ):    0.000ns
    Phase Error              (PE):    0.000ns
  Inter-SLR Compensation: 0.950ns  (DPD * DF)
    Data Path Delay         (DPD):    6.330ns
    Derating Factor          (DF):    0.150
  Clock Net Delay (Destination): 0.999ns (routing 0.508ns, distribution 0.491ns)

    Location             Delay type                Incr(ns)  Path(ns)    Netlist Resource(s)
  -------------------------------------------------------------------    -------------------
    CONFIG_SITE_X0Y1     BSCANE2                      0.000     0.000 r  dbg_hub/inst/BSCANID.u_xsdbm_id/SWITCH_N_EXT_BSCAN.bscan_inst/SERIES7_BSCAN.bscan_inst/INTERNAL_TDI
    CONFIG_SITE_X0Y1     BSCANE2 (Prop_BSCAN1_CONFIG_SITE_INTERNAL_TDI_TDI)
                                                      4.300     4.300 r  dbg_hub/inst/BSCANID.u_xsdbm_id/SWITCH_N_EXT_BSCAN.bscan_inst/SERIES7_BSCAN.bscan_inst/TDI
                         net (fo=4, routed)           1.910     6.210    dbg_hub/inst/BSCANID.u_xsdbm_id/SWITCH_N_EXT_BSCAN.bscan_switch/s_bscan_tdi
    SLR Crossing[1->2]   
    SLICE_X140Y600       LUT2 (Prop_E6LUT_SLICEL_I1_O)
                                                      0.076     6.286 r  dbg_hub/inst/BSCANID.u_xsdbm_id/SWITCH_N_EXT_BSCAN.bscan_switch/bscanid[31]_i_2/O
                         net (fo=1, routed)           0.044     6.330    dbg_hub/inst/BSCANID.u_xsdbm_id/SWITCH_N_EXT_BSCAN.bscan_switch/bscanid[31]_i_2_n_0
    SLICE_X140Y600       FDRE                                         r  dbg_hub/inst/BSCANID.u_xsdbm_id/SWITCH_N_EXT_BSCAN.bscan_switch/bscanid_reg[31]/D
  -------------------------------------------------------------------    -------------------

                         (clock dbg_hub/inst/BSCANID.u_xsdbm_id/SWITCH_N_EXT_BSCAN.bscan_inst/SERIES7_BSCAN.bscan_inst/INTERNAL_TCK rise edge)
                                                      0.000     0.000 r  
    CONFIG_SITE_X0Y1     BSCANE2                      0.000     0.000 r  dbg_hub/inst/BSCANID.u_xsdbm_id/SWITCH_N_EXT_BSCAN.bscan_inst/SERIES7_BSCAN.bscan_inst/INTERNAL_TCK
    CONFIG_SITE_X0Y1     BSCANE2 (Prop_BSCAN1_CONFIG_SITE_INTERNAL_TCK_TCK)
                                                      0.465     0.465 r  dbg_hub/inst/BSCANID.u_xsdbm_id/SWITCH_N_EXT_BSCAN.bscan_inst/SERIES7_BSCAN.bscan_inst/TCK
                         net (fo=1, routed)           2.003     2.468    dbg_hub/inst/BSCANID.u_xsdbm_id/tck_bs
    SLR Crossing[1->2]   
    BUFGCE_X1Y288        BUFGCE (Prop_BUFCE_BUFGCE_I_O)
                                                      0.017     2.485 r  dbg_hub/inst/BSCANID.u_xsdbm_id/SWITCH_N_EXT_BSCAN.u_bufg_icon_tck/O
    X4Y10 (CLOCK_ROOT)   net (fo=494, routed)         0.999     3.484    dbg_hub/inst/BSCANID.u_xsdbm_id/SWITCH_N_EXT_BSCAN.bscan_switch/s_bscan_tck
    SLICE_X140Y600       FDRE                                         r  dbg_hub/inst/BSCANID.u_xsdbm_id/SWITCH_N_EXT_BSCAN.bscan_switch/bscanid_reg[31]/C





Min Delay Paths
--------------------------------------------------------------------------------------
Slack:                    inf
  Source:                 dbg_hub/inst/BSCANID.u_xsdbm_id/SWITCH_N_EXT_BSCAN.bscan_inst/SERIES7_BSCAN.bscan_inst/INTERNAL_TDI
                            (internal pin)
  Destination:            dbg_hub/inst/BSCANID.u_xsdbm_id/SWITCH_N_EXT_BSCAN.bscanid_reg[31]/D
                            (rising edge-triggered cell FDRE clocked by dbg_hub/inst/BSCANID.u_xsdbm_id/SWITCH_N_EXT_BSCAN.bscan_inst/SERIES7_BSCAN.bscan_inst/INTERNAL_TCK  {rise@0.000ns fall@25.000ns period=50.000ns})
  Path Group:             (none)
  Path Type:              Hold (Min at Fast Process Corner)
  Data Path Delay:        1.654ns  (logic 0.515ns (31.137%)  route 1.139ns (68.863%))
  Logic Levels:           2  (BSCANE2=1 LUT4=1)
  Clock Uncertainty:      0.025ns  ((TSJ^2 + TIJ^2)^1/2 + DJ) / 2 + PE
    Total System Jitter     (TSJ):    0.050ns
    Total Input Jitter      (TIJ):    0.000ns
    Discrete Jitter          (DJ):    0.000ns
    Phase Error              (PE):    0.000ns
  Clock Net Delay (Destination): 1.173ns (routing 0.569ns, distribution 0.604ns)

    Location             Delay type                Incr(ns)  Path(ns)    Netlist Resource(s)
  -------------------------------------------------------------------    -------------------
    CONFIG_SITE_X0Y1     BSCANE2                      0.000     0.000 r  dbg_hub/inst/BSCANID.u_xsdbm_id/SWITCH_N_EXT_BSCAN.bscan_inst/SERIES7_BSCAN.bscan_inst/INTERNAL_TDI
    CONFIG_SITE_X0Y1     BSCANE2 (Prop_BSCAN1_CONFIG_SITE_INTERNAL_TDI_TDI)
                                                      0.465     0.465 r  dbg_hub/inst/BSCANID.u_xsdbm_id/SWITCH_N_EXT_BSCAN.bscan_inst/SERIES7_BSCAN.bscan_inst/TDI
                         net (fo=4, routed)           1.118     1.583    dbg_hub/inst/BSCANID.u_xsdbm_id/TDI
    SLR Crossing[1->2]   
    SLICE_X144Y606       LUT4 (Prop_B6LUT_SLICEM_I3_O)
                                                      0.050     1.633 r  dbg_hub/inst/BSCANID.u_xsdbm_id/SWITCH_N_EXT_BSCAN.bscanid[31]_i_1/O
                         net (fo=1, routed)           0.021     1.654    dbg_hub/inst/BSCANID.u_xsdbm_id/p_2_in[31]
    SLICE_X144Y606       FDRE                                         r  dbg_hub/inst/BSCANID.u_xsdbm_id/SWITCH_N_EXT_BSCAN.bscanid_reg[31]/D
  -------------------------------------------------------------------    -------------------

                         (clock dbg_hub/inst/BSCANID.u_xsdbm_id/SWITCH_N_EXT_BSCAN.bscan_inst/SERIES7_BSCAN.bscan_inst/INTERNAL_TCK rise edge)
                                                      0.000     0.000 r  
    CONFIG_SITE_X0Y1     BSCANE2                      0.000     0.000 r  dbg_hub/inst/BSCANID.u_xsdbm_id/SWITCH_N_EXT_BSCAN.bscan_inst/SERIES7_BSCAN.bscan_inst/INTERNAL_TCK
    CONFIG_SITE_X0Y1     BSCANE2 (Prop_BSCAN1_CONFIG_SITE_INTERNAL_TCK_TCK)
                                                      4.300     4.300 r  dbg_hub/inst/BSCANID.u_xsdbm_id/SWITCH_N_EXT_BSCAN.bscan_inst/SERIES7_BSCAN.bscan_inst/TCK
                         net (fo=1, routed)           2.858     7.158    dbg_hub/inst/BSCANID.u_xsdbm_id/tck_bs
    SLR Crossing[1->2]   
    BUFGCE_X1Y288        BUFGCE (Prop_BUFCE_BUFGCE_I_O)
                                                      0.019     7.177 r  dbg_hub/inst/BSCANID.u_xsdbm_id/SWITCH_N_EXT_BSCAN.u_bufg_icon_tck/O
    X4Y10 (CLOCK_ROOT)   net (fo=494, routed)         1.173     8.350    dbg_hub/inst/BSCANID.u_xsdbm_id/itck_i
    SLICE_X144Y606       FDRE                                         r  dbg_hub/inst/BSCANID.u_xsdbm_id/SWITCH_N_EXT_BSCAN.bscanid_reg[31]/C





--------------------------------------------------------------------------------------
Path Group:  (none)
From Clock:  
  To Clock:  sys_clk

Max Delay             2 Endpoints
Min Delay             2 Endpoints
--------------------------------------------------------------------------------------


Max Delay Paths
--------------------------------------------------------------------------------------
Slack:                    inf
  Source:                 i_dram_wrapper/i_dram/inst/u_ddr4_mem_intfc/u_mig_ddr4_phy/inst/u_ddr4_phy_pll/plle_loop[2].gen_plle4.PLLE4_BASE_INST_OTHER/LOCKED
                            (internal pin)
  Destination:            i_dram_wrapper/i_dram/inst/u_ddr4_infrastructure/rst_async_riu_div_reg/D
                            (rising edge-triggered cell FDRE clocked by sys_clk  {rise@0.000ns fall@2.000ns period=4.000ns})
  Path Group:             (none)
  Path Type:              Setup (Max at Slow Process Corner)
  Data Path Delay:        1.927ns  (logic 0.219ns (11.365%)  route 1.708ns (88.635%))
  Logic Levels:           2  (LUT3=2)
  Clock Uncertainty:      0.025ns  ((TSJ^2 + TIJ^2)^1/2 + DJ) / 2 + PE
    Total System Jitter     (TSJ):    0.050ns
    Total Input Jitter      (TIJ):    0.000ns
    Discrete Jitter          (DJ):    0.000ns
    Phase Error              (PE):    0.000ns
  Clock Net Delay (Destination): 0.948ns (routing 0.155ns, distribution 0.793ns)

    Location             Delay type                Incr(ns)  Path(ns)    Netlist Resource(s)
  -------------------------------------------------------------------    -------------------
    PLL_X1Y28            PLLE4_ADV                    0.000     0.000 f  i_dram_wrapper/i_dram/inst/u_ddr4_mem_intfc/u_mig_ddr4_phy/inst/u_ddr4_phy_pll/plle_loop[2].gen_plle4.PLLE4_BASE_INST_OTHER/LOCKED
                         net (fo=1, routed)           0.935     0.935    i_dram_wrapper/i_dram/inst/u_ddr4_mem_intfc/u_mig_ddr4_phy/inst/u_ddr4_phy_pll/pll_lock_i[2]
    SLICE_X112Y758       LUT3 (Prop_C6LUT_SLICEL_I1_O)
                                                      0.123     1.058 f  i_dram_wrapper/i_dram/inst/u_ddr4_mem_intfc/u_mig_ddr4_phy/inst/u_ddr4_phy_pll/pll_lock__0/O
                         net (fo=1, routed)           0.532     1.590    i_dram_wrapper/i_dram/inst/u_ddr4_infrastructure/pll_lock
    SLICE_X136Y752       LUT3 (Prop_D5LUT_SLICEL_I2_O)
                                                      0.096     1.686 r  i_dram_wrapper/i_dram/inst/u_ddr4_infrastructure/rst_async_riu_div_i_1/O
                         net (fo=1, routed)           0.241     1.927    i_dram_wrapper/i_dram/inst/u_ddr4_infrastructure/rst_async_riu_div_reg0
    SLICE_X139Y752       FDRE                                         r  i_dram_wrapper/i_dram/inst/u_ddr4_infrastructure/rst_async_riu_div_reg/D
  -------------------------------------------------------------------    -------------------

                         (clock sys_clk rise edge)    0.000     0.000 r  
    E12                                               0.000     0.000 r  sys_clk_p (IN)
                         net (fo=0)                   0.000     0.000    i_bufds_sys_clk/I
    HPIOBDIFFINBUF_X1Y300
                         DIFFINBUF (Prop_DIFFINBUF_HPIOBDIFFINBUF_DIFF_IN_P_O)
                                                      0.564     0.564 r  i_bufds_sys_clk/DIFFINBUF_INST/O
                         net (fo=1, routed)           0.040     0.604    i_bufds_sys_clk/OUT
    E12                  IBUFCTRL (Prop_IBUFCTRL_HPIOB_M_I_O)
                                                      0.000     0.604 r  i_bufds_sys_clk/IBUFCTRL_INST/O
                         net (fo=1, routed)           0.297     0.901    sys_clk
    BUFGCE_X1Y289        BUFGCE (Prop_BUFCE_BUFGCE_I_O)
                                                      0.024     0.925 r  sys_clk_BUFGCE_inst/O
    X4Y12 (CLOCK_ROOT)   net (fo=19, routed)          0.948     1.873    i_dram_wrapper/i_dram/inst/u_ddr4_infrastructure/sys_clk_in
    SLICE_X139Y752       FDRE                                         r  i_dram_wrapper/i_dram/inst/u_ddr4_infrastructure/rst_async_riu_div_reg/C





Min Delay Paths
--------------------------------------------------------------------------------------
Slack:                    inf
  Source:                 i_dram_wrapper/i_dram/inst/u_ddr4_mem_intfc/u_mig_ddr4_phy/inst/u_ddr4_phy_pll/plle_loop[0].gen_plle4.PLLE4_BASE_INST_OTHER/LOCKED
                            (internal pin)
  Destination:            i_dram_wrapper/i_dram/inst/u_ddr4_infrastructure/rst_async_riu_div_reg/D
                            (rising edge-triggered cell FDRE clocked by sys_clk  {rise@0.000ns fall@2.000ns period=4.000ns})
  Path Group:             (none)
  Path Type:              Hold (Min at Fast Process Corner)
  Data Path Delay:        0.716ns  (logic 0.047ns (6.564%)  route 0.669ns (93.436%))
  Logic Levels:           2  (LUT3=2)
  Clock Uncertainty:      0.025ns  ((TSJ^2 + TIJ^2)^1/2 + DJ) / 2 + PE
    Total System Jitter     (TSJ):    0.050ns
    Total Input Jitter      (TIJ):    0.000ns
    Discrete Jitter          (DJ):    0.000ns
    Phase Error              (PE):    0.000ns
  Clock Net Delay (Destination): 0.698ns (routing 0.108ns, distribution 0.590ns)

    Location             Delay type                Incr(ns)  Path(ns)    Netlist Resource(s)
  -------------------------------------------------------------------    -------------------
    PLL_X1Y24            PLLE4_ADV                    0.000     0.000 f  i_dram_wrapper/i_dram/inst/u_ddr4_mem_intfc/u_mig_ddr4_phy/inst/u_ddr4_phy_pll/plle_loop[0].gen_plle4.PLLE4_BASE_INST_OTHER/LOCKED
                         net (fo=1, routed)           0.290     0.290    i_dram_wrapper/i_dram/inst/u_ddr4_mem_intfc/u_mig_ddr4_phy/inst/u_ddr4_phy_pll/pll_lock_i[0]
    SLICE_X112Y758       LUT3 (Prop_C6LUT_SLICEL_I0_O)
                                                      0.014     0.304 f  i_dram_wrapper/i_dram/inst/u_ddr4_mem_intfc/u_mig_ddr4_phy/inst/u_ddr4_phy_pll/pll_lock__0/O
                         net (fo=1, routed)           0.274     0.578    i_dram_wrapper/i_dram/inst/u_ddr4_infrastructure/pll_lock
    SLICE_X136Y752       LUT3 (Prop_D5LUT_SLICEL_I2_O)
                                                      0.033     0.611 r  i_dram_wrapper/i_dram/inst/u_ddr4_infrastructure/rst_async_riu_div_i_1/O
                         net (fo=1, routed)           0.105     0.716    i_dram_wrapper/i_dram/inst/u_ddr4_infrastructure/rst_async_riu_div_reg0
    SLICE_X139Y752       FDRE                                         r  i_dram_wrapper/i_dram/inst/u_ddr4_infrastructure/rst_async_riu_div_reg/D
  -------------------------------------------------------------------    -------------------

                         (clock sys_clk rise edge)    0.000     0.000 r  
    E12                                               0.000     0.000 r  sys_clk_p (IN)
                         net (fo=0)                   0.000     0.000    i_bufds_sys_clk/I
    HPIOBDIFFINBUF_X1Y300
                         DIFFINBUF (Prop_DIFFINBUF_HPIOBDIFFINBUF_DIFF_IN_P_O)
                                                      0.446     0.446 r  i_bufds_sys_clk/DIFFINBUF_INST/O
                         net (fo=1, routed)           0.050     0.496    i_bufds_sys_clk/OUT
    E12                  IBUFCTRL (Prop_IBUFCTRL_HPIOB_M_I_O)
                                                      0.000     0.496 r  i_bufds_sys_clk/IBUFCTRL_INST/O
                         net (fo=1, routed)           0.183     0.679    sys_clk
    BUFGCE_X1Y289        BUFGCE (Prop_BUFCE_BUFGCE_I_O)
                                                      0.019     0.698 r  sys_clk_BUFGCE_inst/O
    X4Y12 (CLOCK_ROOT)   net (fo=19, routed)          0.698     1.396    i_dram_wrapper/i_dram/inst/u_ddr4_infrastructure/sys_clk_in
    SLICE_X139Y752       FDRE                                         r  i_dram_wrapper/i_dram/inst/u_ddr4_infrastructure/rst_async_riu_div_reg/C





