Copyright 1986-2020 Xilinx, Inc. All Rights Reserved.
------------------------------------------------------------------------------------------------------------------------------------------------------------------
| Tool Version      : Vivado v.2020.1 (win64) Build 2902540 Wed May 27 19:54:49 MDT 2020
| Date              : Mon Sep 14 14:34:53 2026
| Host              : DESKTOP-9T3TD2K running 64-bit major release  (build 9200)
| Command           : report_timing_summary -report_unconstrained -file D:/project/ara/hardware/fpga/ara_dsa_vcu118/reports/synth_67f8334f3965/timing_summary.rpt
| Design            : ara_dsa_vcu118
| Device            : xcvu9p-flga2104
| Speed File        : -2L  PRODUCTION 1.27 02-28-2020
| Temperature Grade : E
------------------------------------------------------------------------------------------------------------------------------------------------------------------

Timing Summary Report

------------------------------------------------------------------------------------------------
| Timer Settings
| --------------
------------------------------------------------------------------------------------------------

  Enable Multi Corner Analysis               :  Yes
  Enable Pessimism Removal                   :  Yes
  Pessimism Removal Resolution               :  Nearest Common Node
  Enable Input Delay Default Clock           :  No
  Enable Preset / Clear Arcs                 :  No
  Disable Flight Delays                      :  No
  Ignore I/O Paths                           :  No
  Timing Early Launch at Borrowing Latches   :  No
  Borrow Time for Max Delay Exceptions       :  Yes
  Merge Timing Exceptions                    :  Yes

  Corner  Analyze    Analyze    
  Name    Max Paths  Min Paths  
  ------  ---------  ---------  
  Slow    Yes        Yes        
  Fast    Yes        Yes        



check_timing report

Table of Contents
-----------------
1. checking no_clock (533)
2. checking constant_clock (0)
3. checking pulse_width_clock (0)
4. checking unconstrained_internal_endpoints (607)
5. checking no_input_delay (1)
6. checking no_output_delay (1)
7. checking multiple_clock (0)
8. checking generated_clocks (0)
9. checking loops (2)
10. checking partial_input_delay (1)
11. checking partial_output_delay (0)
12. checking latch_loops (0)

1. checking no_clock (533)
--------------------------
 There are 265 register/latch pins with no clock driven by root clock pin: dbg_hub/sl_iport0_o[1] (HIGH)

 There are 268 register/latch pins with no clock driven by root clock pin: dbg_hub/sl_iport1_o[1] (HIGH)


2. checking constant_clock (0)
------------------------------
 There are 0 register/latch pins with constant_clock.


3. checking pulse_width_clock (0)
---------------------------------
 There are 0 register/latch pins which need pulse_width check


4. checking unconstrained_internal_endpoints (607)
--------------------------------------------------
 There are 607 pins that are not constrained for maximum delay. (HIGH)

 There are 0 pins that are not constrained for maximum delay due to constant clock.


5. checking no_input_delay (1)
------------------------------
 There are 0 input ports with no input delay specified.

 There is 1 input port with no input delay but user has a false path constraint. (MEDIUM)


6. checking no_output_delay (1)
-------------------------------
 There is 1 port with no output delay specified. (HIGH)

 There are 0 ports with no output delay but user has a false path constraint

 There are 0 ports with no output delay but with a timing clock defined on it or propagating through it


7. checking multiple_clock (0)
------------------------------
 There are 0 register/latch pins with multiple clocks.


8. checking generated_clocks (0)
--------------------------------
 There are 0 generated clocks that are not connected to a clock source.


9. checking loops (2)
---------------------
 There are 2 combinational loops in the design. (HIGH)


10. checking partial_input_delay (1)
------------------------------------
 There is 1 input port with partial input delay specified. (HIGH)


11. checking partial_output_delay (0)
-------------------------------------
 There are 0 ports with partial output delay specified.


12. checking latch_loops (0)
----------------------------
 There are 0 combinational latch loops in the design through latch input



------------------------------------------------------------------------------------------------
| Design Timing Summary
| ---------------------
------------------------------------------------------------------------------------------------

    WNS(ns)      TNS(ns)  TNS Failing Endpoints  TNS Total Endpoints      WHS(ns)      THS(ns)  THS Failing Endpoints  THS Total Endpoints     WPWS(ns)     TPWS(ns)  TPWS Failing Endpoints  TPWS Total Endpoints  
    -------      -------  ---------------------  -------------------      -------      -------  ---------------------  -------------------     --------     --------  ----------------------  --------------------  
     -0.743      -68.600                    210               681698       -0.264    -3743.876                 114367               680998       -0.029       -0.470                      16                238744  


Timing constraints are not met.


------------------------------------------------------------------------------------------------
| Clock Summary
| -------------
------------------------------------------------------------------------------------------------

Clock                 Waveform(ns)           Period(ns)      Frequency(MHz)
-----                 ------------           ----------      --------------
clk_jtag              {0.000 50.000}         100.000         10.000          
sys_clk               {0.000 2.000}          4.000           250.000         
  clk_50_clkwiz       {0.000 10.000}         20.000          50.000          
  mmcm_clkout0        {0.000 1.667}          3.333           300.000         
    pll_clk[0]        {0.000 0.208}          0.417           2400.000        
      pll_clk[0]_DIV  {0.000 1.667}          3.333           300.000         
    pll_clk[1]        {0.000 0.208}          0.417           2400.000        
      pll_clk[1]_DIV  {0.000 1.667}          3.333           300.000         
    pll_clk[2]        {0.000 0.208}          0.417           2400.000        
      pll_clk[2]_DIV  {0.000 1.667}          3.333           300.000         
  mmcm_clkout1        {0.000 5.000}          10.000          100.000         
  mmcm_clkout2        {0.000 1.667}          3.333           300.000         
  mmcm_clkout3        {0.000 1.667}          3.333           300.000         
  mmcm_clkout4        {0.000 1.667}          3.333           300.000         
  mmcm_clkout5        {0.000 6.667}          13.333          75.000          
  mmcm_clkout6        {0.000 3.333}          6.667           150.000         


------------------------------------------------------------------------------------------------
| Intra Clock Table
| -----------------
------------------------------------------------------------------------------------------------

Clock                     WNS(ns)      TNS(ns)  TNS Failing Endpoints  TNS Total Endpoints      WHS(ns)      THS(ns)  THS Failing Endpoints  THS Total Endpoints     WPWS(ns)     TPWS(ns)  TPWS Failing Endpoints  TPWS Total Endpoints  
-----                     -------      -------  ---------------------  -------------------      -------      -------  ---------------------  -------------------     --------     --------  ----------------------  --------------------  
clk_jtag                   20.063        0.000                      0                  471       -0.062      -13.301                    287                  471       49.725        0.000                       0                   304  
sys_clk                     2.989        0.000                      0                   23       -0.062       -0.830                     16                   23        1.550        0.000                       0                    21  
  clk_50_clkwiz            -0.743      -68.600                    210               399710       -0.067    -3622.806                 111707               399710        9.300        0.000                       0                199249  
  mmcm_clkout0              0.504        0.000                      0                74623        0.021        0.000                      0                74623        0.905        0.000                       0                 36637  
    pll_clk[0]                                                                                                                                                         -0.029       -0.117                       4                     9  
      pll_clk[0]_DIV                                                                                                                                                    0.467        0.000                       0                    45  
    pll_clk[1]                                                                                                                                                         -0.029       -0.235                       8                     9  
      pll_clk[1]_DIV                                                                                                                                                    0.467        0.000                       0                    40  
    pll_clk[2]                                                                                                                                                         -0.029       -0.117                       4                     5  
      pll_clk[2]_DIV                                                                                                                                                    0.467        0.000                       0                    20  
  mmcm_clkout1                                                                                                                                                          8.710        0.000                       0                     2  
  mmcm_clkout2                                                                                                                                                          2.043        0.000                       0                     2  
  mmcm_clkout3                                                                                                                                                          2.043        0.000                       0                     2  
  mmcm_clkout4                                                                                                                                                          2.043        0.000                       0                     2  
  mmcm_clkout5                                                                                                                                                         12.043        0.000                       0                     2  
  mmcm_clkout6              4.150        0.000                      0                 6748       -0.098     -106.521                   2355                 6308        0.561        0.000                       0                  2395  


------------------------------------------------------------------------------------------------
| Inter Clock Table
| -----------------
------------------------------------------------------------------------------------------------

From Clock        To Clock              WNS(ns)      TNS(ns)  TNS Failing Endpoints  TNS Total Endpoints      WHS(ns)      THS(ns)  THS Failing Endpoints  THS Total Endpoints  
----------        --------              -------      -------  ---------------------  -------------------      -------      -------  ---------------------  -------------------  
input port clock  clk_50_clkwiz          70.875        0.000                      0                    1                                                                        
mmcm_clkout0      clk_50_clkwiz           2.158        0.000                      0                  558       -0.264       -0.264                      1                    1  
                  mmcm_clkout0            2.749        0.000                      0                   28                                                                        
clk_50_clkwiz     mmcm_clkout0            2.479        0.000                      0                  707                                                                        
mmcm_clkout6      mmcm_clkout0            2.670        0.000                      0                  125                                                                        
mmcm_clkout0      pll_clk[0]_DIV          1.553        0.000                      0                  384        0.713        0.000                      0                  384  
mmcm_clkout0      pll_clk[1]_DIV          1.553        0.000                      0                  352        0.713        0.000                      0                  352  
mmcm_clkout0      pll_clk[2]_DIV          1.553        0.000                      0                  176        0.713        0.000                      0                  176  
mmcm_clkout0      mmcm_clkout6            2.734        0.000                      0                   36       -0.154       -0.154                      1                    1  


------------------------------------------------------------------------------------------------
| Other Path Groups Table
| -----------------------
------------------------------------------------------------------------------------------------

Path Group         From Clock         To Clock               WNS(ns)      TNS(ns)  TNS Failing Endpoints  TNS Total Endpoints      WHS(ns)      THS(ns)  THS Failing Endpoints  THS Total Endpoints  
----------         ----------         --------               -------      -------  ---------------------  -------------------      -------      -------  ---------------------  -------------------  
**async_default**  clk_50_clkwiz      clk_50_clkwiz           16.120        0.000                      0               180636        0.130        0.000                      0               180636  
**async_default**  mmcm_clkout0       mmcm_clkout0             0.077        0.000                      0                18314        1.599        0.000                      0                18314  
**default**        clk_50_clkwiz                              64.238        0.000                      0                    1                                                                        
**default**        mmcm_clkout0                               11.749        0.000                      0                   10                                                                        


------------------------------------------------------------------------------------------------
| User Ignored Path Table
| -----------------------
------------------------------------------------------------------------------------------------

Path Group     From Clock     To Clock     
----------     ----------     --------     
(none)                                       
(none)         clk_50_clkwiz                 
(none)         mmcm_clkout0                  
(none)                        clk_50_clkwiz  
(none)         clk_50_clkwiz  clk_50_clkwiz  
(none)         clk_jtag       clk_50_clkwiz  
(none)         mmcm_clkout0   clk_50_clkwiz  
(none)         clk_50_clkwiz  clk_jtag       
(none)                        mmcm_clkout0   
(none)         clk_50_clkwiz  mmcm_clkout0   
(none)         mmcm_clkout0   mmcm_clkout0   
(none)         mmcm_clkout6   mmcm_clkout0   
(none)         sys_clk        mmcm_clkout0   
(none)         mmcm_clkout0   mmcm_clkout6   
(none)         mmcm_clkout6   mmcm_clkout6   
(none)         sys_clk        mmcm_clkout6   
(none)                        sys_clk        
(none)         clk_50_clkwiz  sys_clk        


------------------------------------------------------------------------------------------------
| Unconstrained Path Table
| ------------------------
------------------------------------------------------------------------------------------------

Path Group     From Clock     To Clock     
----------     ----------     --------     
(none)                                       
(none)         mmcm_clkout0                  
(none)                        clk_50_clkwiz  
(none)                        sys_clk        


------------------------------------------------------------------------------------------------
| Timing Details
| --------------
------------------------------------------------------------------------------------------------


---------------------------------------------------------------------------------------------------
From Clock:  clk_jtag
  To Clock:  clk_jtag

Setup :            0  Failing Endpoints,  Worst Slack       20.063ns,  Total Violation        0.000ns
Hold  :          287  Failing Endpoints,  Worst Slack       -0.062ns,  Total Violation      -13.301ns
PW    :            0  Failing Endpoints,  Worst Slack       49.725ns,  Total Violation        0.000ns
---------------------------------------------------------------------------------------------------


Max Delay Paths
--------------------------------------------------------------------------------------
Slack (MET) :             20.063ns  (required time - arrival time)
  Source:                 i_cheshire_soc/i_dbg_dmi_jtag/i_dmi_jtag_tap/td_o_reg/C
                            (rising edge-triggered cell FDRE clocked by clk_jtag'  {rise@0.000ns fall@50.000ns period=100.000ns})
  Destination:            jtag_tdo_o
                            (output port clocked by clk_jtag  {rise@0.000ns fall@50.000ns period=100.000ns})
  Path Group:             clk_jtag
  Path Type:              Max at Slow Process Corner
  Requirement:            50.000ns  (clk_jtag rise@100.000ns - clk_jtag fall@50.000ns)
  Data Path Delay:        1.880ns  (logic 0.919ns (48.873%)  route 0.961ns (51.127%))
  Logic Levels:           1  (OBUF=1)
  Output Delay:           20.000ns
  Clock Path Skew:        -7.356ns (DCD - SCD + CPR)
    Destination Clock Delay (DCD):    0.000ns = ( 100.000 - 100.000 ) 
    Source Clock Delay      (SCD):    7.356ns = ( 57.356 - 50.000 ) 
    Clock Pessimism Removal (CPR):    0.000ns
  Clock Uncertainty:      0.701ns  ((TSJ^2 + TIJ^2)^1/2 + DJ) / 2 + PE + DCD
    Total System Jitter     (TSJ):    0.071ns
    Total Input Jitter      (TIJ):    1.000ns
    Discrete Jitter          (DJ):    0.000ns
    Phase Error              (PE):    0.000ns
    Duty Cycle Distortion   (DCD):    0.200ns

    Location             Delay type                Incr(ns)  Path(ns)    Netlist Resource(s)
  -------------------------------------------------------------------    -------------------
                         (clock clk_jtag fall edge)
                                                     50.000    50.000 f  
    P30                                               0.000    50.000 f  jtag_tck_i (IN)
                         net (fo=0)                   0.000    50.000    jtag_tck_i_IBUF_inst/I
    P30                  INBUF (Prop_INBUF_HPIOB_S_PAD_O)
                                                      0.634    50.634 f  jtag_tck_i_IBUF_inst/INBUF_INST/O
                         net (fo=1, routed)           0.000    50.634    jtag_tck_i_IBUF_inst/OUT
    P30                  IBUFCTRL (Prop_IBUFCTRL_HPIOB_S_I_O)
                                                      0.000    50.634 f  jtag_tck_i_IBUF_inst/IBUFCTRL_INST/O
                         net (fo=1, unplaced)         1.001    51.635    jtag_tck_i_IBUF
                         BUFGCE (Prop_BUFGCE_I_O)     0.028    51.663 f  jtag_tck_i_IBUF_BUFG_inst/O
                         net (fo=302, unplaced)       2.584    54.247    i_cheshire_soc/i_dbg_dmi_jtag/i_dmi_jtag_tap/i_tck_inv/clk_i
                         LUT1 (Prop_LUT1_I0_O)        0.038    54.285 r  i_cheshire_soc/i_dbg_dmi_jtag/i_dmi_jtag_tap/i_tck_inv/clk_o_INST_0/O
                         net (fo=1, unplaced)         0.395    54.680    i_cheshire_soc/i_dbg_dmi_jtag/i_dmi_jtag_tap/i_dft_tck_mux/clk0_i
                         BUFGCTRL (Prop_BUFGCTRL_I0_O)
                                                      0.092    54.772 r  i_cheshire_soc/i_dbg_dmi_jtag/i_dmi_jtag_tap/i_dft_tck_mux/i_BUFGMUX/O
                         net (fo=1, unplaced)         2.584    57.356    i_cheshire_soc/i_dbg_dmi_jtag/i_dmi_jtag_tap/tck_n
                         FDRE                                         r  i_cheshire_soc/i_dbg_dmi_jtag/i_dmi_jtag_tap/td_o_reg/C
  -------------------------------------------------------------------    -------------------
                         FDRE (Prop_FDRE_C_Q)         0.077    57.433 r  i_cheshire_soc/i_dbg_dmi_jtag/i_dmi_jtag_tap/td_o_reg/Q
                         net (fo=1, unplaced)         0.961    58.394    jtag_tdo_o_OBUF
    N30                  OBUF (Prop_OUTBUF_HPIOB_M_I_O)
                                                      0.842    59.236 r  jtag_tdo_o_OBUF_inst/O
                         net (fo=0)                   0.000    59.236    jtag_tdo_o
    N30                                                               r  jtag_tdo_o (OUT)
  -------------------------------------------------------------------    -------------------

                         (clock clk_jtag rise edge)
                                                    100.000   100.000 r  
                         clock pessimism              0.000   100.000    
                         clock uncertainty           -0.701    99.299    
                         output delay               -20.000    79.299    
  -------------------------------------------------------------------
                         required time                         79.299    
                         arrival time                         -59.236    
  -------------------------------------------------------------------
                         slack                                 20.063    





Min Delay Paths
--------------------------------------------------------------------------------------
Slack (VIOLATED) :        -0.062ns  (arrival time - required time)
  Source:                 i_cheshire_soc/i_dbg_dmi_jtag/dr_q_reg[12]/C
                            (rising edge-triggered cell FDRE clocked by clk_jtag  {rise@0.000ns fall@50.000ns period=100.000ns})
  Destination:            i_cheshire_soc/i_dbg_dmi_jtag/data_q_reg[10]/D
                            (rising edge-triggered cell FDRE clocked by clk_jtag  {rise@0.000ns fall@50.000ns period=100.000ns})
  Path Group:             clk_jtag
  Path Type:              Hold (Min at Fast Process Corner)
  Requirement:            0.000ns  (clk_jtag rise@0.000ns - clk_jtag rise@0.000ns)
  Data Path Delay:        0.129ns  (logic 0.061ns (47.287%)  route 0.068ns (52.713%))
  Logic Levels:           1  (LUT6=1)
  Clock Path Skew:        0.145ns (DCD - SCD - CPR)
    Destination Clock Delay (DCD):    2.286ns
    Source Clock Delay      (SCD):    1.736ns
    Clock Pessimism Removal (CPR):    0.405ns

    Location             Delay type                Incr(ns)  Path(ns)    Netlist Resource(s)
  -------------------------------------------------------------------    -------------------
                         (clock clk_jtag rise edge)
                                                      0.000     0.000 r  
    P30                                               0.000     0.000 r  jtag_tck_i (IN)
                         net (fo=0)                   0.000     0.000    jtag_tck_i_IBUF_inst/I
    P30                  INBUF (Prop_INBUF_HPIOB_S_PAD_O)
                                                      0.186     0.186 r  jtag_tck_i_IBUF_inst/INBUF_INST/O
                         net (fo=1, routed)           0.000     0.186    jtag_tck_i_IBUF_inst/OUT
    P30                  IBUFCTRL (Prop_IBUFCTRL_HPIOB_S_I_O)
                                                      0.000     0.186 r  jtag_tck_i_IBUF_inst/IBUFCTRL_INST/O
                         net (fo=1, unplaced)         0.419     0.605    jtag_tck_i_IBUF
                         BUFGCE (Prop_BUFGCE_I_O)     0.017     0.622 r  jtag_tck_i_IBUF_BUFG_inst/O
                         net (fo=302, unplaced)       1.114     1.736    i_cheshire_soc/i_dbg_dmi_jtag/tck_i
                         FDRE                                         r  i_cheshire_soc/i_dbg_dmi_jtag/dr_q_reg[12]/C
  -------------------------------------------------------------------    -------------------
                         FDRE (Prop_FDRE_C_Q)         0.038     1.774 r  i_cheshire_soc/i_dbg_dmi_jtag/dr_q_reg[12]/Q
                         net (fo=2, unplaced)         0.052     1.826    i_cheshire_soc/i_dbg_dmi_jtag/dr_q_reg_n_0_[12]
                         LUT6 (Prop_LUT6_I5_O)        0.023     1.849 r  i_cheshire_soc/i_dbg_dmi_jtag/data_q[10]_i_1/O
                         net (fo=1, unplaced)         0.016     1.865    i_cheshire_soc/i_dbg_dmi_jtag/data_d__0[10]
                         FDRE                                         r  i_cheshire_soc/i_dbg_dmi_jtag/data_q_reg[10]/D
  -------------------------------------------------------------------    -------------------

                         (clock clk_jtag rise edge)
                                                      0.000     0.000 r  
    P30                                               0.000     0.000 r  jtag_tck_i (IN)
                         net (fo=0)                   0.000     0.000    jtag_tck_i_IBUF_inst/I
    P30                  INBUF (Prop_INBUF_HPIOB_S_PAD_O)
                                                      0.395     0.395 r  jtag_tck_i_IBUF_inst/INBUF_INST/O
                         net (fo=1, routed)           0.000     0.395    jtag_tck_i_IBUF_inst/OUT
    P30                  IBUFCTRL (Prop_IBUFCTRL_HPIOB_S_I_O)
                                                      0.000     0.395 r  jtag_tck_i_IBUF_inst/IBUFCTRL_INST/O
                         net (fo=1, unplaced)         0.613     1.008    jtag_tck_i_IBUF
                         BUFGCE (Prop_BUFGCE_I_O)     0.019     1.027 r  jtag_tck_i_IBUF_BUFG_inst/O
                         net (fo=302, unplaced)       1.259     2.286    i_cheshire_soc/i_dbg_dmi_jtag/tck_i
                         FDRE                                         r  i_cheshire_soc/i_dbg_dmi_jtag/data_q_reg[10]/C
                         clock pessimism             -0.405     1.881    
                         FDRE (Hold_FDRE_C_D)         0.046     1.927    i_cheshire_soc/i_dbg_dmi_jtag/data_q_reg[10]
  -------------------------------------------------------------------
                         required time                         -1.927    
                         arrival time                           1.865    
  -------------------------------------------------------------------
                         slack                                 -0.062    





Pulse Width Checks
--------------------------------------------------------------------------------------
Clock Name:         clk_jtag
Waveform(ns):       { 0.000 50.000 }
Period(ns):         100.000
Sources:            { jtag_tck_i }

Check Type        Corner  Lib Pin      Reference Pin  Required(ns)  Actual(ns)  Slack(ns)  Location  Pin
Min Period        n/a     BUFGCTRL/I0  n/a            1.290         100.000     98.710               i_cheshire_soc/i_dbg_dmi_jtag/i_dmi_jtag_tap/i_dft_tck_mux/i_BUFGMUX/I0
Low Pulse Width   Slow    FDRE/C       n/a            0.275         50.000      49.725               i_cheshire_soc/i_dbg_dmi_jtag/i_dmi_jtag_tap/td_o_reg/C
High Pulse Width  Slow    FDRE/C       n/a            0.275         50.000      49.725               i_cheshire_soc/i_dbg_dmi_jtag/FSM_sequential_state_q_reg[0]/C



---------------------------------------------------------------------------------------------------
From Clock:  sys_clk
  To Clock:  sys_clk

Setup :            0  Failing Endpoints,  Worst Slack        2.989ns,  Total Violation        0.000ns
Hold  :           16  Failing Endpoints,  Worst Slack       -0.062ns,  Total Violation       -0.830ns
PW    :            0  Failing Endpoints,  Worst Slack        1.550ns,  Total Violation        0.000ns
---------------------------------------------------------------------------------------------------


Max Delay Paths
--------------------------------------------------------------------------------------
Slack (MET) :             2.989ns  (required time - arrival time)
  Source:                 i_dram_wrapper/i_dram/inst/u_ddr4_infrastructure/counter_input_rst_reg[0]/C
                            (rising edge-triggered cell FDRE clocked by sys_clk  {rise@0.000ns fall@2.000ns period=4.000ns})
  Destination:            i_dram_wrapper/i_dram/inst/u_ddr4_infrastructure/counter_input_rst_reg[0]/R
                            (rising edge-triggered cell FDRE clocked by sys_clk  {rise@0.000ns fall@2.000ns period=4.000ns})
  Path Group:             sys_clk
  Path Type:              Setup (Max at Slow Process Corner)
  Requirement:            4.000ns  (sys_clk rise@4.000ns - sys_clk rise@0.000ns)
  Data Path Delay:        0.757ns  (logic 0.205ns (27.081%)  route 0.552ns (72.919%))
  Logic Levels:           2  (LUT4=1 LUT5=1)
  Clock Path Skew:        -0.145ns (DCD - SCD + CPR)
    Destination Clock Delay (DCD):    3.314ns = ( 7.314 - 4.000 ) 
    Source Clock Delay      (SCD):    3.613ns
    Clock Pessimism Removal (CPR):    0.153ns
  Clock Uncertainty:      0.035ns  ((TSJ^2 + TIJ^2)^1/2 + DJ) / 2 + PE
    Total System Jitter     (TSJ):    0.071ns
    Total Input Jitter      (TIJ):    0.000ns
    Discrete Jitter          (DJ):    0.000ns
    Phase Error              (PE):    0.000ns

    Location             Delay type                Incr(ns)  Path(ns)    Netlist Resource(s)
  -------------------------------------------------------------------    -------------------
                         (clock sys_clk rise edge)    0.000     0.000 r  
    E12                                               0.000     0.000 r  sys_clk_p (IN)
                         net (fo=0)                   0.000     0.000    i_bufds_sys_clk/I
    HPIOBDIFFINBUF_X1Y300
                         DIFFINBUF (Prop_DIFFINBUF_HPIOBDIFFINBUF_DIFF_IN_P_O)
                                                      0.675     0.675 r  i_bufds_sys_clk/DIFFINBUF_INST/O
                         net (fo=1, estimated)        0.050     0.725    i_bufds_sys_clk/OUT
    E12                  IBUFCTRL (Prop_IBUFCTRL_HPIOB_M_I_O)
                                                      0.000     0.725 r  i_bufds_sys_clk/IBUFCTRL_INST/O
                         net (fo=3, unplaced)         0.276     1.001    i_dram_wrapper/i_dram/inst/u_ddr4_infrastructure/sys_clk_in
                         BUFGCE (Prop_BUFGCE_I_O)     0.028     1.029 r  i_dram_wrapper/i_dram/inst/u_ddr4_infrastructure/u_bufg_inst/O
                         net (fo=17, unplaced)        2.584     3.613    i_dram_wrapper/i_dram/inst/u_ddr4_infrastructure/sys_clk_in_bufg
                         FDRE                                         r  i_dram_wrapper/i_dram/inst/u_ddr4_infrastructure/counter_input_rst_reg[0]/C
  -------------------------------------------------------------------    -------------------
                         FDRE (Prop_FDRE_C_Q)         0.077     3.690 f  i_dram_wrapper/i_dram/inst/u_ddr4_infrastructure/counter_input_rst_reg[0]/Q
                         net (fo=6, unplaced)         0.123     3.813    i_dram_wrapper/i_dram/inst/u_ddr4_infrastructure/counter_input_rst[0]
                         LUT4 (Prop_LUT4_I1_O)        0.090     3.903 f  i_dram_wrapper/i_dram/inst/u_ddr4_infrastructure/counter_input_rst[6]_i_3/O
                         net (fo=6, unplaced)         0.219     4.122    i_dram_wrapper/i_dram/inst/u_ddr4_infrastructure/counter_input_rst[6]_i_3_n_0
                         LUT5 (Prop_LUT5_I1_O)        0.038     4.160 r  i_dram_wrapper/i_dram/inst/u_ddr4_infrastructure/counter_input_rst[6]_i_1/O
                         net (fo=4, unplaced)         0.210     4.370    i_dram_wrapper/i_dram/inst/u_ddr4_infrastructure/counter_input_rst[6]_i_1_n_0
                         FDRE                                         r  i_dram_wrapper/i_dram/inst/u_ddr4_infrastructure/counter_input_rst_reg[0]/R
  -------------------------------------------------------------------    -------------------

                         (clock sys_clk rise edge)    4.000     4.000 r  
    E12                                               0.000     4.000 r  sys_clk_p (IN)
                         net (fo=0)                   0.000     4.000    i_bufds_sys_clk/I
    HPIOBDIFFINBUF_X1Y300
                         DIFFINBUF (Prop_DIFFINBUF_HPIOBDIFFINBUF_DIFF_IN_P_O)
                                                      0.564     4.564 r  i_bufds_sys_clk/DIFFINBUF_INST/O
                         net (fo=1, estimated)        0.040     4.604    i_bufds_sys_clk/OUT
    E12                  IBUFCTRL (Prop_IBUFCTRL_HPIOB_M_I_O)
                                                      0.000     4.604 r  i_bufds_sys_clk/IBUFCTRL_INST/O
                         net (fo=3, unplaced)         0.247     4.851    i_dram_wrapper/i_dram/inst/u_ddr4_infrastructure/sys_clk_in
                         BUFGCE (Prop_BUFGCE_I_O)     0.024     4.875 r  i_dram_wrapper/i_dram/inst/u_ddr4_infrastructure/u_bufg_inst/O
                         net (fo=17, unplaced)        2.439     7.314    i_dram_wrapper/i_dram/inst/u_ddr4_infrastructure/sys_clk_in_bufg
                         FDRE                                         r  i_dram_wrapper/i_dram/inst/u_ddr4_infrastructure/counter_input_rst_reg[0]/C
                         clock pessimism              0.153     7.468    
                         clock uncertainty           -0.035     7.432    
                         FDRE (Setup_FDRE_C_R)       -0.074     7.358    i_dram_wrapper/i_dram/inst/u_ddr4_infrastructure/counter_input_rst_reg[0]
  -------------------------------------------------------------------
                         required time                          7.358    
                         arrival time                          -4.370    
  -------------------------------------------------------------------
                         slack                                  2.989    





Min Delay Paths
--------------------------------------------------------------------------------------
Slack (VIOLATED) :        -0.062ns  (arrival time - required time)
  Source:                 i_dram_wrapper/i_dram/inst/u_ddr4_infrastructure/input_rst_design_reg/C
                            (rising edge-triggered cell FDRE clocked by sys_clk  {rise@0.000ns fall@2.000ns period=4.000ns})
  Destination:            i_dram_wrapper/i_dram/inst/u_ddr4_infrastructure/rst_async_mb_reg/D
                            (rising edge-triggered cell FDRE clocked by sys_clk  {rise@0.000ns fall@2.000ns period=4.000ns})
  Path Group:             sys_clk
  Path Type:              Hold (Min at Fast Process Corner)
  Requirement:            0.000ns  (sys_clk rise@0.000ns - sys_clk rise@0.000ns)
  Data Path Delay:        0.129ns  (logic 0.061ns (47.287%)  route 0.068ns (52.713%))
  Logic Levels:           1  (LUT2=1)
  Clock Path Skew:        0.145ns (DCD - SCD - CPR)
    Destination Clock Delay (DCD):    1.921ns
    Source Clock Delay      (SCD):    1.627ns
    Clock Pessimism Removal (CPR):    0.148ns

    Location             Delay type                Incr(ns)  Path(ns)    Netlist Resource(s)
  -------------------------------------------------------------------    -------------------
                         (clock sys_clk rise edge)    0.000     0.000 r  
    E12                                               0.000     0.000 r  sys_clk_p (IN)
                         net (fo=0)                   0.000     0.000    i_bufds_sys_clk/I
    HPIOBDIFFINBUF_X1Y300
                         DIFFINBUF (Prop_DIFFINBUF_HPIOBDIFFINBUF_DIFF_IN_P_O)
                                                      0.340     0.340 r  i_bufds_sys_clk/DIFFINBUF_INST/O
                         net (fo=1, estimated)        0.040     0.380    i_bufds_sys_clk/OUT
    E12                  IBUFCTRL (Prop_IBUFCTRL_HPIOB_M_I_O)
                                                      0.000     0.380 r  i_bufds_sys_clk/IBUFCTRL_INST/O
                         net (fo=3, unplaced)         0.116     0.496    i_dram_wrapper/i_dram/inst/u_ddr4_infrastructure/sys_clk_in
                         BUFGCE (Prop_BUFGCE_I_O)     0.017     0.513 r  i_dram_wrapper/i_dram/inst/u_ddr4_infrastructure/u_bufg_inst/O
                         net (fo=17, unplaced)        1.114     1.627    i_dram_wrapper/i_dram/inst/u_ddr4_infrastructure/sys_clk_in_bufg
                         FDRE                                         r  i_dram_wrapper/i_dram/inst/u_ddr4_infrastructure/input_rst_design_reg/C
  -------------------------------------------------------------------    -------------------
                         FDRE (Prop_FDRE_C_Q)         0.038     1.665 r  i_dram_wrapper/i_dram/inst/u_ddr4_infrastructure/input_rst_design_reg/Q
                         net (fo=2, unplaced)         0.052     1.717    i_dram_wrapper/i_dram/inst/u_ddr4_infrastructure/input_rst_design
                         LUT2 (Prop_LUT2_I0_O)        0.023     1.740 r  i_dram_wrapper/i_dram/inst/u_ddr4_infrastructure/rst_async_mb_i_1/O
                         net (fo=1, unplaced)         0.016     1.756    i_dram_wrapper/i_dram/inst/u_ddr4_infrastructure/rst_async_mb_reg0
                         FDRE                                         r  i_dram_wrapper/i_dram/inst/u_ddr4_infrastructure/rst_async_mb_reg/D
  -------------------------------------------------------------------    -------------------

                         (clock sys_clk rise edge)    0.000     0.000 r  
    E12                                               0.000     0.000 r  sys_clk_p (IN)
                         net (fo=0)                   0.000     0.000    i_bufds_sys_clk/I
    HPIOBDIFFINBUF_X1Y300
                         DIFFINBUF (Prop_DIFFINBUF_HPIOBDIFFINBUF_DIFF_IN_P_O)
                                                      0.446     0.446 r  i_bufds_sys_clk/DIFFINBUF_INST/O
                         net (fo=1, estimated)        0.050     0.496    i_bufds_sys_clk/OUT
    E12                  IBUFCTRL (Prop_IBUFCTRL_HPIOB_M_I_O)
                                                      0.000     0.496 r  i_bufds_sys_clk/IBUFCTRL_INST/O
                         net (fo=3, unplaced)         0.147     0.643    i_dram_wrapper/i_dram/inst/u_ddr4_infrastructure/sys_clk_in
                         BUFGCE (Prop_BUFGCE_I_O)     0.019     0.662 r  i_dram_wrapper/i_dram/inst/u_ddr4_infrastructure/u_bufg_inst/O
                         net (fo=17, unplaced)        1.259     1.921    i_dram_wrapper/i_dram/inst/u_ddr4_infrastructure/sys_clk_in_bufg
                         FDRE                                         r  i_dram_wrapper/i_dram/inst/u_ddr4_infrastructure/rst_async_mb_reg/C
                         clock pessimism             -0.148     1.772    
                         FDRE (Hold_FDRE_C_D)         0.046     1.818    i_dram_wrapper/i_dram/inst/u_ddr4_infrastructure/rst_async_mb_reg
  -------------------------------------------------------------------
                         required time                         -1.818    
                         arrival time                           1.756    
  -------------------------------------------------------------------
                         slack                                 -0.062    





Pulse Width Checks
--------------------------------------------------------------------------------------
Clock Name:         sys_clk
Waveform(ns):       { 0.000 2.000 }
Period(ns):         4.000
Sources:            { sys_clk_p }

Check Type        Corner  Lib Pin            Reference Pin  Required(ns)  Actual(ns)  Slack(ns)  Location  Pin
Min Period        n/a     BUFGCE/I           n/a            1.290         4.000       2.710                i_dram_wrapper/i_dram/inst/u_ddr4_infrastructure/u_bufg_inst/I
Max Period        n/a     MMCME4_ADV/CLKIN1  n/a            100.000       4.000       96.000               i_clkwiz/inst/mmcme4_adv_inst/CLKIN1
Low Pulse Width   Slow    MMCME4_ADV/CLKIN1  n/a            0.450         2.000       1.550                i_clkwiz/inst/mmcme4_adv_inst/CLKIN1
High Pulse Width  Slow    MMCME4_ADV/CLKIN1  n/a            0.450         2.000       1.550                i_clkwiz/inst/mmcme4_adv_inst/CLKIN1



---------------------------------------------------------------------------------------------------
From Clock:  clk_50_clkwiz
  To Clock:  clk_50_clkwiz

Setup :          210  Failing Endpoints,  Worst Slack       -0.743ns,  Total Violation      -68.600ns
Hold  :       111707  Failing Endpoints,  Worst Slack       -0.067ns,  Total Violation    -3622.806ns
PW    :            0  Failing Endpoints,  Worst Slack        9.300ns,  Total Violation        0.000ns
---------------------------------------------------------------------------------------------------


Max Delay Paths
--------------------------------------------------------------------------------------
Slack (VIOLATED) :        -0.743ns  (required time - arrival time)
  Source:                 i_cheshire_soc/gen_cva6_cores[0].gen_ara.i_ara/i_dispatcher/overlap_elements_per_reg_q_reg[0]/C
                            (rising edge-triggered cell FDCE clocked by clk_50_clkwiz  {rise@0.000ns fall@10.000ns period=20.000ns})
  Destination:            i_cheshire_soc/gen_cva6_cores[0].gen_ara.i_ara/i_dispatcher/eew_q_reg[11][0]/CE
                            (rising edge-triggered cell FDCE clocked by clk_50_clkwiz  {rise@0.000ns fall@10.000ns period=20.000ns})
  Path Group:             clk_50_clkwiz
  Path Type:              Setup (Max at Slow Process Corner)
  Requirement:            20.000ns  (clk_50_clkwiz rise@20.000ns - clk_50_clkwiz rise@0.000ns)
  Data Path Delay:        20.454ns  (logic 5.095ns (24.910%)  route 15.359ns (75.090%))
  Logic Levels:           83  (CARRY8=22 LUT1=1 LUT2=6 LUT3=7 LUT4=6 LUT5=11 LUT6=30)
  Clock Path Skew:        -0.145ns (DCD - SCD + CPR)
    Destination Clock Delay (DCD):    4.185ns = ( 24.185 - 20.000 ) 
    Source Clock Delay      (SCD):    3.754ns
    Clock Pessimism Removal (CPR):    -0.577ns
  Clock Uncertainty:      0.083ns  ((TSJ^2 + DJ^2)^1/2) / 2 + PE
    Total System Jitter     (TSJ):    0.071ns
    Discrete Jitter          (DJ):    0.150ns
    Phase Error              (PE):    0.000ns

    Location             Delay type                Incr(ns)  Path(ns)    Netlist Resource(s)
  -------------------------------------------------------------------    -------------------
                         (clock clk_50_clkwiz rise edge)
                                                      0.000     0.000 r  
    E12                                               0.000     0.000 r  sys_clk_p (IN)
                         net (fo=0)                   0.000     0.000    i_bufds_sys_clk/I
    HPIOBDIFFINBUF_X1Y300
                         DIFFINBUF (Prop_DIFFINBUF_HPIOBDIFFINBUF_DIFF_IN_P_O)
                                                      0.675     0.675 r  i_bufds_sys_clk/DIFFINBUF_INST/O
                         net (fo=1, estimated)        0.050     0.725    i_bufds_sys_clk/OUT
    E12                  IBUFCTRL (Prop_IBUFCTRL_HPIOB_M_I_O)
                                                      0.000     0.725 r  i_bufds_sys_clk/IBUFCTRL_INST/O
                         net (fo=3, unplaced)         0.346     1.071    i_clkwiz/inst/clk_in1
                         MMCME4_ADV (Prop_MMCME4_ADV_CLKIN1_CLKOUT0)
                                                     -0.127     0.944 r  i_clkwiz/inst/mmcme4_adv_inst/CLKOUT0
                         net (fo=1, unplaced)         0.198     1.142    i_clkwiz/inst/clk_50_clkwiz
                         BUFGCE (Prop_BUFGCE_I_O)     0.028     1.170 r  i_clkwiz/inst/clkout1_buf/O
                         net (fo=199447, unplaced)    2.584     3.754    i_cheshire_soc/gen_cva6_cores[0].gen_ara.i_ara/i_dispatcher/clk_i
                         FDCE                                         r  i_cheshire_soc/gen_cva6_cores[0].gen_ara.i_ara/i_dispatcher/overlap_elements_per_reg_q_reg[0]/C
  -------------------------------------------------------------------    -------------------
                         FDCE (Prop_FDCE_C_Q)         0.077     3.831 r  i_cheshire_soc/gen_cva6_cores[0].gen_ara.i_ara/i_dispatcher/overlap_elements_per_reg_q_reg[0]/Q
                         net (fo=8, unplaced)         0.177     4.008    i_cheshire_soc/gen_cva6_cores[0].gen_ara.i_ara/i_dispatcher/overlap_elements_per_reg_q[0]
                         LUT2 (Prop_LUT2_I1_O)        0.038     4.046 r  i_cheshire_soc/gen_cva6_cores[0].gen_ara.i_ara/i_dispatcher/overlap_reg_first_element_q[7]_i_10/O
                         net (fo=1, unplaced)         0.020     4.066    i_cheshire_soc/gen_cva6_cores[0].gen_ara.i_ara/i_dispatcher/overlap_reg_first_element_q[7]_i_10_n_0
                         CARRY8 (Prop_CARRY8_S[0]_O[5])
                                                      0.240     4.306 f  i_cheshire_soc/gen_cva6_cores[0].gen_ara.i_ara/i_dispatcher/overlap_reg_first_element_q_reg[7]_i_2/O[5]
                         net (fo=5, unplaced)         0.189     4.495    i_cheshire_soc/gen_cva6_cores[0].gen_ara.i_ara/i_dispatcher/overlap_reg_first_element_q_reg[7]_i_2_n_10
                         LUT4 (Prop_LUT4_I0_O)        0.099     4.594 r  i_cheshire_soc/gen_cva6_cores[0].gen_ara.i_ara/i_dispatcher/i_segment_sequencer_i_742/O
                         net (fo=1, unplaced)         0.242     4.836    i_cheshire_soc/gen_cva6_cores[0].gen_ara.i_ara/i_dispatcher/i_segment_sequencer_i_742_n_0
                         CARRY8 (Prop_CARRY8_DI[2]_CO[5])
                                                      0.148     4.984 r  i_cheshire_soc/gen_cva6_cores[0].gen_ara.i_ara/i_dispatcher/i_segment_sequencer_i_596/CO[5]
                         net (fo=16, unplaced)        0.167     5.151    i_cheshire_soc/gen_cva6_cores[0].gen_ara.i_ara/i_dispatcher/preserved_elements1
                         LUT6 (Prop_LUT6_I4_O)        0.038     5.189 f  i_cheshire_soc/gen_cva6_cores[0].gen_ara.i_ara/i_dispatcher/overlap_reg_index_q[2]_i_11/O
                         net (fo=1, unplaced)         0.156     5.345    i_cheshire_soc/gen_cva6_cores[0].gen_ara.i_ara/i_dispatcher/overlap_reg_index_q[2]_i_11_n_0
                         LUT6 (Prop_LUT6_I2_O)        0.100     5.445 f  i_cheshire_soc/gen_cva6_cores[0].gen_ara.i_ara/i_dispatcher/overlap_reg_index_q[2]_i_4/O
                         net (fo=47, unplaced)        0.266     5.711    i_cheshire_soc/gen_cva6_cores[0].gen_ara.i_ara/i_dispatcher/overlap_reg_index_q[2]_i_4_n_0
                         LUT5 (Prop_LUT5_I0_O)        0.070     5.781 f  i_cheshire_soc/gen_cva6_cores[0].gen_ara.i_ara/i_dispatcher/i_segment_sequencer_i_786/O
                         net (fo=2, unplaced)         0.197     5.978    i_cheshire_soc/gen_cva6_cores[0].gen_ara.i_ara/i_dispatcher/i_segment_sequencer_i_786_n_0
                         LUT6 (Prop_LUT6_I0_O)        0.038     6.016 f  i_cheshire_soc/gen_cva6_cores[0].gen_ara.i_ara/i_dispatcher/i_segment_sequencer_i_641/O
                         net (fo=1, unplaced)         0.197     6.213    i_cheshire_soc/gen_cva6_cores[0].gen_ara.i_ara/i_dispatcher/i_segment_sequencer_i_641_n_0
                         LUT6 (Prop_LUT6_I5_O)        0.038     6.251 r  i_cheshire_soc/gen_cva6_cores[0].gen_ara.i_ara/i_dispatcher/i_segment_sequencer_i_465/O
                         net (fo=1, unplaced)         0.197     6.448    i_cheshire_soc/gen_cva6_cores[0].gen_ara.i_ara/i_dispatcher/i_segment_sequencer_i_465_n_0
                         LUT6 (Prop_LUT6_I0_O)        0.038     6.486 f  i_cheshire_soc/gen_cva6_cores[0].gen_ara.i_ara/i_dispatcher/i_segment_sequencer_i_300/O
                         net (fo=4, unplaced)         0.210     6.696    i_cheshire_soc/gen_cva6_cores[0].gen_ara.i_ara/i_dispatcher/i_segment_sequencer_i_300_n_0
                         LUT5 (Prop_LUT5_I2_O)        0.038     6.734 r  i_cheshire_soc/gen_cva6_cores[0].gen_ara.i_ara/i_dispatcher/i_segment_sequencer_i_639/O
                         net (fo=1, unplaced)         0.197     6.931    i_cheshire_soc/gen_cva6_cores[0].gen_ara.i_ara/i_dispatcher/i_segment_sequencer_i_639_n_0
                         LUT6 (Prop_LUT6_I1_O)        0.038     6.969 r  i_cheshire_soc/gen_cva6_cores[0].gen_ara.i_ara/i_dispatcher/i_segment_sequencer_i_461/O
                         net (fo=1, unplaced)         0.197     7.166    i_cheshire_soc/gen_cva6_cores[0].gen_ara.i_ara/i_dispatcher/i_segment_sequencer_i_461_n_0
                         LUT6 (Prop_LUT6_I0_O)        0.038     7.204 f  i_cheshire_soc/gen_cva6_cores[0].gen_ara.i_ara/i_dispatcher/i_segment_sequencer_i_299/O
                         net (fo=40, unplaced)        0.262     7.466    i_cheshire_soc/gen_cva6_cores[0].gen_ara.i_ara/i_dispatcher/i_segment_sequencer_i_299_n_0
                         LUT1 (Prop_LUT1_I0_O)        0.068     7.534 r  i_cheshire_soc/gen_cva6_cores[0].gen_ara.i_ara/i_dispatcher/reshuffle_vs2_limit_q[2]_i_255/O
                         net (fo=1, unplaced)         0.242     7.776    i_cheshire_soc/gen_cva6_cores[0].gen_ara.i_ara/i_dispatcher/reshuffle_vs2_limit_q[2]_i_255_n_0
                         CARRY8 (Prop_CARRY8_DI[2]_CO[7])
                                                      0.117     7.893 r  i_cheshire_soc/gen_cva6_cores[0].gen_ara.i_ara/i_dispatcher/reshuffle_vs2_limit_q_reg[2]_i_200/CO[7]
                         net (fo=1, unplaced)         0.005     7.898    i_cheshire_soc/gen_cva6_cores[0].gen_ara.i_ara/i_dispatcher/reshuffle_vs2_limit_q_reg[2]_i_200_n_0
                         CARRY8 (Prop_CARRY8_CI_CO[7])
                                                      0.022     7.920 r  i_cheshire_soc/gen_cva6_cores[0].gen_ara.i_ara/i_dispatcher/reshuffle_vs2_limit_q_reg[2]_i_196/CO[7]
                         net (fo=1, unplaced)         0.005     7.925    i_cheshire_soc/gen_cva6_cores[0].gen_ara.i_ara/i_dispatcher/reshuffle_vs2_limit_q_reg[2]_i_196_n_0
                         CARRY8 (Prop_CARRY8_CI_CO[7])
                                                      0.022     7.947 r  i_cheshire_soc/gen_cva6_cores[0].gen_ara.i_ara/i_dispatcher/reshuffle_vs2_limit_q_reg[2]_i_241/CO[7]
                         net (fo=1, unplaced)         0.005     7.952    i_cheshire_soc/gen_cva6_cores[0].gen_ara.i_ara/i_dispatcher/reshuffle_vs2_limit_q_reg[2]_i_241_n_0
                         CARRY8 (Prop_CARRY8_CI_CO[7])
                                                      0.022     7.974 r  i_cheshire_soc/gen_cva6_cores[0].gen_ara.i_ara/i_dispatcher/reshuffle_vs2_limit_q_reg[2]_i_388/CO[7]
                         net (fo=1, unplaced)         0.005     7.979    i_cheshire_soc/gen_cva6_cores[0].gen_ara.i_ara/i_dispatcher/reshuffle_vs2_limit_q_reg[2]_i_388_n_0
                         CARRY8 (Prop_CARRY8_CI_O[2])
                                                      0.067     8.046 f  i_cheshire_soc/gen_cva6_cores[0].gen_ara.i_ara/i_dispatcher/reshuffle_vs2_limit_q_reg[2]_i_322/O[2]
                         net (fo=5, unplaced)         0.219     8.265    i_cheshire_soc/gen_cva6_cores[0].gen_ara.i_ara/i_dispatcher/source_end3[34]
                         LUT3 (Prop_LUT3_I0_O)        0.088     8.353 r  i_cheshire_soc/gen_cva6_cores[0].gen_ara.i_ara/i_dispatcher/reshuffle_vs2_limit_q[2]_i_368/O
                         net (fo=1, unplaced)         0.032     8.385    i_cheshire_soc/gen_cva6_cores[0].gen_ara.i_ara/i_dispatcher/reshuffle_vs2_limit_q[2]_i_368_n_0
                         CARRY8 (Prop_CARRY8_S[3]_CO[7])
                                                      0.170     8.555 f  i_cheshire_soc/gen_cva6_cores[0].gen_ara.i_ara/i_dispatcher/reshuffle_vs2_limit_q_reg[2]_i_288/CO[7]
                         net (fo=1, unplaced)         0.005     8.560    i_cheshire_soc/gen_cva6_cores[0].gen_ara.i_ara/i_dispatcher/reshuffle_vs2_limit_q_reg[2]_i_288_n_0
                         CARRY8 (Prop_CARRY8_CI_CO[5])
                                                      0.077     8.637 f  i_cheshire_soc/gen_cva6_cores[0].gen_ara.i_ara/i_dispatcher/reshuffle_vs2_limit_q_reg[2]_i_232/CO[5]
                         net (fo=1, unplaced)         0.123     8.760    i_cheshire_soc/gen_cva6_cores[0].gen_ara.i_ara/i_dispatcher/source_end2
                         LUT3 (Prop_LUT3_I1_O)        0.038     8.798 r  i_cheshire_soc/gen_cva6_cores[0].gen_ara.i_ara/i_dispatcher/reshuffle_vs2_limit_q[2]_i_197/O
                         net (fo=83, unplaced)        0.278     9.076    i_cheshire_soc/gen_cva6_cores[0].gen_ara.i_ara/i_dispatcher/reshuffle_vs2_limit_q[2]_i_197_n_0
                         LUT3 (Prop_LUT3_I1_O)        0.070     9.146 r  i_cheshire_soc/gen_cva6_cores[0].gen_ara.i_ara/i_dispatcher/reshuffle_vs2_limit_q[2]_i_433/O
                         net (fo=1, unplaced)         0.197     9.343    i_cheshire_soc/gen_cva6_cores[0].gen_ara.i_ara/i_dispatcher/reshuffle_vs2_limit_q[2]_i_433_n_0
                         LUT6 (Prop_LUT6_I5_O)        0.038     9.381 r  i_cheshire_soc/gen_cva6_cores[0].gen_ara.i_ara/i_dispatcher/reshuffle_vs2_limit_q[2]_i_378/O
                         net (fo=1, unplaced)         0.221     9.602    i_cheshire_soc/gen_cva6_cores[0].gen_ara.i_ara/i_dispatcher/reshuffle_vs2_limit_q[2]_i_378_n_0
                         CARRY8 (Prop_CARRY8_DI[1]_CO[7])
                                                      0.127     9.729 r  i_cheshire_soc/gen_cva6_cores[0].gen_ara.i_ara/i_dispatcher/reshuffle_vs2_limit_q_reg[2]_i_303/CO[7]
                         net (fo=1, unplaced)         0.005     9.734    i_cheshire_soc/gen_cva6_cores[0].gen_ara.i_ara/i_dispatcher/reshuffle_vs2_limit_q_reg[2]_i_303_n_0
                         CARRY8 (Prop_CARRY8_CI_CO[7])
                                                      0.022     9.756 r  i_cheshire_soc/gen_cva6_cores[0].gen_ara.i_ara/i_dispatcher/reshuffle_vs2_limit_q_reg[2]_i_266/CO[7]
                         net (fo=1, unplaced)         0.005     9.761    i_cheshire_soc/gen_cva6_cores[0].gen_ara.i_ara/i_dispatcher/reshuffle_vs2_limit_q_reg[2]_i_266_n_0
                         CARRY8 (Prop_CARRY8_CI_CO[7])
                                                      0.022     9.783 r  i_cheshire_soc/gen_cva6_cores[0].gen_ara.i_ara/i_dispatcher/reshuffle_vs2_limit_q_reg[2]_i_207/CO[7]
                         net (fo=1, unplaced)         0.005     9.788    i_cheshire_soc/gen_cva6_cores[0].gen_ara.i_ara/i_dispatcher/reshuffle_vs2_limit_q_reg[2]_i_207_n_0
                         CARRY8 (Prop_CARRY8_CI_CO[7])
                                                      0.022     9.810 r  i_cheshire_soc/gen_cva6_cores[0].gen_ara.i_ara/i_dispatcher/reshuffle_vs2_limit_q_reg[2]_i_195/CO[7]
                         net (fo=11, unplaced)        0.280    10.090    i_cheshire_soc/gen_cva6_cores[0].gen_ara.i_ara/i_dispatcher/slidedown_source_end_return1
                         LUT4 (Prop_LUT4_I1_O)        0.038    10.128 f  i_cheshire_soc/gen_cva6_cores[0].gen_ara.i_ara/i_dispatcher/reshuffle_vs2_limit_q[2]_i_204/O
                         net (fo=5, unplaced)         0.215    10.343    i_cheshire_soc/gen_cva6_cores[0].gen_ara.i_ara/i_dispatcher/slidedown_source_end_return[0]
                         LUT5 (Prop_LUT5_I3_O)        0.038    10.381 r  i_cheshire_soc/gen_cva6_cores[0].gen_ara.i_ara/i_dispatcher/acc_resp_o[resp_valid]_INST_0_i_1174/O
                         net (fo=2, unplaced)         0.197    10.578    i_cheshire_soc/gen_cva6_cores[0].gen_ara.i_ara/i_dispatcher/acc_resp_o[resp_valid]_INST_0_i_1174_n_0
                         LUT6 (Prop_LUT6_I3_O)        0.038    10.616 r  i_cheshire_soc/gen_cva6_cores[0].gen_ara.i_ara/i_dispatcher/acc_resp_o[resp_valid]_INST_0_i_1176/O
                         net (fo=4, unplaced)         0.210    10.826    i_cheshire_soc/gen_cva6_cores[0].gen_ara.i_ara/i_dispatcher/acc_resp_o[resp_valid]_INST_0_i_1176_n_0
                         LUT6 (Prop_LUT6_I3_O)        0.038    10.864 r  i_cheshire_soc/gen_cva6_cores[0].gen_ara.i_ara/i_dispatcher/acc_resp_o[resp_valid]_INST_0_i_1157/O
                         net (fo=3, unplaced)         0.203    11.067    i_cheshire_soc/gen_cva6_cores[0].gen_ara.i_ara/i_dispatcher/acc_resp_o[resp_valid]_INST_0_i_1157_n_0
                         LUT6 (Prop_LUT6_I3_O)        0.038    11.105 r  i_cheshire_soc/gen_cva6_cores[0].gen_ara.i_ara/i_dispatcher/acc_resp_o[resp_valid]_INST_0_i_1155/O
                         net (fo=9, unplaced)         0.228    11.333    i_cheshire_soc/gen_cva6_cores[0].gen_ara.i_ara/i_dispatcher/acc_resp_o[resp_valid]_INST_0_i_1155_n_0
                         LUT6 (Prop_LUT6_I2_O)        0.038    11.371 r  i_cheshire_soc/gen_cva6_cores[0].gen_ara.i_ara/i_dispatcher/acc_resp_o[resp_valid]_INST_0_i_1081/O
                         net (fo=3, unplaced)         0.203    11.574    i_cheshire_soc/gen_cva6_cores[0].gen_ara.i_ara/i_dispatcher/acc_resp_o[resp_valid]_INST_0_i_1081_n_0
                         LUT6 (Prop_LUT6_I4_O)        0.038    11.612 r  i_cheshire_soc/gen_cva6_cores[0].gen_ara.i_ara/i_dispatcher/acc_resp_o[resp_valid]_INST_0_i_820/O
                         net (fo=5, unplaced)         0.215    11.827    i_cheshire_soc/gen_cva6_cores[0].gen_ara.i_ara/i_dispatcher/acc_resp_o[resp_valid]_INST_0_i_820_n_0
                         LUT5 (Prop_LUT5_I4_O)        0.038    11.865 r  i_cheshire_soc/gen_cva6_cores[0].gen_ara.i_ara/i_dispatcher/acc_resp_o[resp_valid]_INST_0_i_821/O
                         net (fo=5, unplaced)         0.215    12.080    i_cheshire_soc/gen_cva6_cores[0].gen_ara.i_ara/i_dispatcher/acc_resp_o[resp_valid]_INST_0_i_821_n_0
                         LUT5 (Prop_LUT5_I3_O)        0.072    12.152 f  i_cheshire_soc/gen_cva6_cores[0].gen_ara.i_ara/i_dispatcher/acc_resp_o[resp_valid]_INST_0_i_1162/O
                         net (fo=1, unplaced)         0.218    12.370    i_cheshire_soc/gen_cva6_cores[0].gen_ara.i_ara/i_dispatcher/acc_resp_o[resp_valid]_INST_0_i_1162_n_0
                         CARRY8 (Prop_CARRY8_DI[1]_CO[7])
                                                      0.127    12.497 f  i_cheshire_soc/gen_cva6_cores[0].gen_ara.i_ara/i_dispatcher/acc_resp_o[resp_valid]_INST_0_i_1082/CO[7]
                         net (fo=1, unplaced)         0.005    12.502    i_cheshire_soc/gen_cva6_cores[0].gen_ara.i_ara/i_dispatcher/acc_resp_o[resp_valid]_INST_0_i_1082_n_0
                         CARRY8 (Prop_CARRY8_CI_CO[7])
                                                      0.022    12.524 f  i_cheshire_soc/gen_cva6_cores[0].gen_ara.i_ara/i_dispatcher/acc_resp_o[resp_valid]_INST_0_i_819/CO[7]
                         net (fo=34, unplaced)        0.306    12.830    i_cheshire_soc/gen_cva6_cores[0].gen_ara.i_ara/i_dispatcher/acc_resp_o[resp_valid]_INST_0_i_819_n_0
                         LUT4 (Prop_LUT4_I0_O)        0.038    12.868 r  i_cheshire_soc/gen_cva6_cores[0].gen_ara.i_ara/i_dispatcher/acc_resp_o[resp_valid]_INST_0_i_816/O
                         net (fo=3, unplaced)         0.203    13.071    i_cheshire_soc/gen_cva6_cores[0].gen_ara.i_ara/i_dispatcher/acc_resp_o[resp_valid]_INST_0_i_816_n_0
                         LUT2 (Prop_LUT2_I1_O)        0.066    13.137 r  i_cheshire_soc/gen_cva6_cores[0].gen_ara.i_ara/i_dispatcher/acc_resp_o[resp_valid]_INST_0_i_463/O
                         net (fo=1, unplaced)         0.198    13.335    i_cheshire_soc/gen_cva6_cores[0].gen_ara.i_ara/i_dispatcher/acc_resp_o[resp_valid]_INST_0_i_463_n_0
                         CARRY8 (Prop_CARRY8_DI[7]_CO[7])
                                                      0.058    13.393 r  i_cheshire_soc/gen_cva6_cores[0].gen_ara.i_ara/i_dispatcher/acc_resp_o[resp_valid]_INST_0_i_262/CO[7]
                         net (fo=1, unplaced)         0.005    13.398    i_cheshire_soc/gen_cva6_cores[0].gen_ara.i_ara/i_dispatcher/acc_resp_o[resp_valid]_INST_0_i_262_n_0
                         CARRY8 (Prop_CARRY8_CI_CO[4])
                                                      0.092    13.490 r  i_cheshire_soc/gen_cva6_cores[0].gen_ara.i_ara/i_dispatcher/acc_resp_o[resp_valid]_INST_0_i_418/CO[4]
                         net (fo=4, unplaced)         0.237    13.727    i_cheshire_soc/gen_cva6_cores[0].gen_ara.i_ara/i_dispatcher/acc_resp_o[resp_valid]_INST_0_i_418_n_3
                         CARRY8 (Prop_CARRY8_CI_O[2])
                                                      0.131    13.858 f  i_cheshire_soc/gen_cva6_cores[0].gen_ara.i_ara/i_dispatcher/acc_resp_o[resp_valid]_INST_0_i_423/O[2]
                         net (fo=1, unplaced)         0.211    14.069    i_cheshire_soc/gen_cva6_cores[0].gen_ara.i_ara/i_dispatcher/active_register_count10[26]
                         LUT6 (Prop_LUT6_I1_O)        0.125    14.194 f  i_cheshire_soc/gen_cva6_cores[0].gen_ara.i_ara/i_dispatcher/acc_resp_o[resp_valid]_INST_0_i_235/O
                         net (fo=3, unplaced)         0.203    14.397    i_cheshire_soc/gen_cva6_cores[0].gen_ara.i_ara/i_dispatcher/acc_resp_o[resp_valid]_INST_0_i_235_n_0
                         LUT6 (Prop_LUT6_I1_O)        0.038    14.435 r  i_cheshire_soc/gen_cva6_cores[0].gen_ara.i_ara/i_dispatcher/acc_resp_o[resp_valid]_INST_0_i_250/O
                         net (fo=6, unplaced)         0.219    14.654    i_cheshire_soc/gen_cva6_cores[0].gen_ara.i_ara/i_dispatcher/acc_resp_o[resp_valid]_INST_0_i_250_n_0
                         LUT6 (Prop_LUT6_I2_O)        0.038    14.692 r  i_cheshire_soc/gen_cva6_cores[0].gen_ara.i_ara/i_dispatcher/acc_resp_o[resp_valid]_INST_0_i_171/O
                         net (fo=1, unplaced)         0.197    14.889    i_cheshire_soc/gen_cva6_cores[0].gen_ara.i_ara/i_dispatcher/acc_resp_o[resp_valid]_INST_0_i_171_n_0
                         LUT6 (Prop_LUT6_I4_O)        0.038    14.927 f  i_cheshire_soc/gen_cva6_cores[0].gen_ara.i_ara/i_dispatcher/acc_resp_o[resp_valid]_INST_0_i_102/O
                         net (fo=1, unplaced)         0.155    15.082    i_cheshire_soc/gen_cva6_cores[0].gen_ara.i_ara/i_dispatcher/acc_resp_o[resp_valid]_INST_0_i_102_n_0
                         LUT6 (Prop_LUT6_I3_O)        0.090    15.172 f  i_cheshire_soc/gen_cva6_cores[0].gen_ara.i_ara/i_dispatcher/acc_resp_o[resp_valid]_INST_0_i_47/O
                         net (fo=1, unplaced)         0.197    15.369    i_cheshire_soc/gen_cva6_cores[0].gen_ara.i_ara/i_dispatcher/reshuffle_req_d4599_in
                         LUT5 (Prop_LUT5_I3_O)        0.038    15.407 f  i_cheshire_soc/gen_cva6_cores[0].gen_ara.i_ara/i_dispatcher/acc_resp_o[resp_valid]_INST_0_i_32/O
                         net (fo=8, unplaced)         0.225    15.632    i_cheshire_soc/gen_cva6_cores[0].gen_ara.i_ara/i_dispatcher/acc_resp_o[resp_valid]_INST_0_i_32_n_0
                         LUT2 (Prop_LUT2_I0_O)        0.038    15.670 f  i_cheshire_soc/gen_cva6_cores[0].gen_ara.i_ara/i_dispatcher/overlap_vl_q[10]_i_12/O
                         net (fo=1, unplaced)         0.197    15.867    i_cheshire_soc/gen_cva6_cores[0].gen_ara.i_ara/i_dispatcher/overlap_vl_q[10]_i_12_n_0
                         LUT6 (Prop_LUT6_I5_O)        0.038    15.905 r  i_cheshire_soc/gen_cva6_cores[0].gen_ara.i_ara/i_dispatcher/overlap_vl_q[10]_i_3/O
                         net (fo=12, unplaced)        0.235    16.140    i_cheshire_soc/gen_cva6_cores[0].gen_ara.i_ara/i_dispatcher/overlap_vl_q[10]_i_3_n_0
                         LUT6 (Prop_LUT6_I5_O)        0.038    16.178 r  i_cheshire_soc/gen_cva6_cores[0].gen_ara.i_ara/i_dispatcher/eew_new_buffer_q[2]_i_11/O
                         net (fo=3, unplaced)         0.203    16.381    i_cheshire_soc/gen_cva6_cores[0].gen_ara.i_ara/i_dispatcher/eew_new_buffer_q[2]_i_11_n_0
                         LUT5 (Prop_LUT5_I0_O)        0.038    16.419 r  i_cheshire_soc/gen_cva6_cores[0].gen_ara.i_ara/i_dispatcher/eew_new_buffer_q[2]_i_7/O
                         net (fo=15, unplaced)        0.240    16.659    i_cheshire_soc/gen_cva6_cores[0].gen_ara.i_ara/i_dispatcher/eew_new_buffer_q[2]_i_7_n_0
                         LUT6 (Prop_LUT6_I5_O)        0.038    16.697 r  i_cheshire_soc/gen_cva6_cores[0].gen_ara.i_ara/i_dispatcher/acc_resp_o[resp_valid]_INST_0_i_18/O
                         net (fo=4, unplaced)         0.210    16.907    i_cheshire_soc/gen_cva6_cores[0].gen_ara.i_ara/i_dispatcher/acc_resp_o[resp_valid]_INST_0_i_18_n_0
                         LUT3 (Prop_LUT3_I0_O)        0.038    16.945 f  i_cheshire_soc/gen_cva6_cores[0].gen_ara.i_ara/i_dispatcher/acc_resp_o[resp_valid]_INST_0_i_7/O
                         net (fo=9, unplaced)         0.228    17.173    i_cheshire_soc/gen_cva6_cores[0].gen_ara.i_ara/i_dispatcher/acc_resp_o[resp_valid]_INST_0_i_7_n_0
                         LUT3 (Prop_LUT3_I1_O)        0.038    17.211 f  i_cheshire_soc/gen_cva6_cores[0].gen_ara.i_ara/i_dispatcher/i_segment_sequencer_i_328/O
                         net (fo=2, unplaced)         0.197    17.408    i_cheshire_soc/gen_cva6_cores[0].gen_ara.i_ara/i_dispatcher/i_segment_sequencer_i_328_n_0
                         LUT6 (Prop_LUT6_I3_O)        0.038    17.446 f  i_cheshire_soc/gen_cva6_cores[0].gen_ara.i_ara/i_dispatcher/i_segment_sequencer_i_172/O
                         net (fo=8, unplaced)         0.225    17.671    i_cheshire_soc/gen_cva6_cores[0].gen_ara.i_ara/i_dispatcher/i_segment_sequencer/ara_req_valid_i
                         LUT6 (Prop_LUT6_I3_O)        0.038    17.709 f  i_cheshire_soc/gen_cva6_cores[0].gen_ara.i_ara/i_dispatcher/i_segment_sequencer/ara_req_o[vl][10]_INST_0_i_2/O
                         net (fo=29, unplaced)        0.255    17.964    i_cheshire_soc/gen_cva6_cores[0].gen_ara.i_ara/i_dispatcher/i_segment_sequencer/ara_req_o[vl][10]_INST_0_i_2_n_0
                         LUT6 (Prop_LUT6_I2_O)        0.038    18.002 f  i_cheshire_soc/gen_cva6_cores[0].gen_ara.i_ara/i_dispatcher/i_segment_sequencer/ara_req_o[vl][2]_INST_0/O
                         net (fo=9, unplaced)         0.187    18.189    i_cheshire_soc/gen_cva6_cores[0].gen_ara.i_ara/i_dispatcher/ara_req_d[vl][2]
                         LUT4 (Prop_LUT4_I0_O)        0.100    18.289 r  i_cheshire_soc/gen_cva6_cores[0].gen_ara.i_ara/i_dispatcher/eew_q[0][2]_i_117/O
                         net (fo=4, unplaced)         0.168    18.457    i_cheshire_soc/gen_cva6_cores[0].gen_ara.i_ara/i_dispatcher/eew_q[0][2]_i_117_n_0
                         LUT5 (Prop_LUT5_I2_O)        0.090    18.547 r  i_cheshire_soc/gen_cva6_cores[0].gen_ara.i_ara/i_dispatcher/eew_q[0][2]_i_97/O
                         net (fo=13, unplaced)        0.236    18.783    i_cheshire_soc/gen_cva6_cores[0].gen_ara.i_ara/i_dispatcher/eew_q[0][2]_i_97_n_0
                         LUT3 (Prop_LUT3_I1_O)        0.038    18.821 r  i_cheshire_soc/gen_cva6_cores[0].gen_ara.i_ara/i_dispatcher/eew_q[0][2]_i_119/O
                         net (fo=4, unplaced)         0.210    19.031    i_cheshire_soc/gen_cva6_cores[0].gen_ara.i_ara/i_dispatcher/eew_q[0][2]_i_119_n_0
                         LUT5 (Prop_LUT5_I3_O)        0.038    19.069 r  i_cheshire_soc/gen_cva6_cores[0].gen_ara.i_ara/i_dispatcher/eew_q[0][2]_i_88/O
                         net (fo=3, unplaced)         0.203    19.272    i_cheshire_soc/gen_cva6_cores[0].gen_ara.i_ara/i_dispatcher/eew_q[0][2]_i_88_n_0
                         LUT6 (Prop_LUT6_I0_O)        0.038    19.310 r  i_cheshire_soc/gen_cva6_cores[0].gen_ara.i_ara/i_dispatcher/eew_q[0][2]_i_68/O
                         net (fo=4, unplaced)         0.210    19.520    i_cheshire_soc/gen_cva6_cores[0].gen_ara.i_ara/i_dispatcher/eew_q[0][2]_i_68_n_0
                         LUT3 (Prop_LUT3_I2_O)        0.038    19.558 r  i_cheshire_soc/gen_cva6_cores[0].gen_ara.i_ara/i_dispatcher/eew_q[0][2]_i_58/O
                         net (fo=5, unplaced)         0.215    19.773    i_cheshire_soc/gen_cva6_cores[0].gen_ara.i_ara/i_dispatcher/eew_q[0][2]_i_58_n_0
                         LUT2 (Prop_LUT2_I0_O)        0.068    19.841 f  i_cheshire_soc/gen_cva6_cores[0].gen_ara.i_ara/i_dispatcher/eew_q[0][2]_i_106/O
                         net (fo=1, unplaced)         0.242    20.083    i_cheshire_soc/gen_cva6_cores[0].gen_ara.i_ara/i_dispatcher/eew_q[0][2]_i_106_n_0
                         CARRY8 (Prop_CARRY8_DI[2]_CO[7])
                                                      0.117    20.200 f  i_cheshire_soc/gen_cva6_cores[0].gen_ara.i_ara/i_dispatcher/eew_q_reg[0][2]_i_70/CO[7]
                         net (fo=1, unplaced)         0.005    20.205    i_cheshire_soc/gen_cva6_cores[0].gen_ara.i_ara/i_dispatcher/eew_q_reg[0][2]_i_70_n_0
                         CARRY8 (Prop_CARRY8_CI_CO[7])
                                                      0.022    20.227 f  i_cheshire_soc/gen_cva6_cores[0].gen_ara.i_ara/i_dispatcher/eew_q_reg[0][2]_i_57/CO[7]
                         net (fo=33, unplaced)        0.305    20.532    i_cheshire_soc/gen_cva6_cores[0].gen_ara.i_ara/i_dispatcher/last_register1__0
                         LUT4 (Prop_LUT4_I3_O)        0.038    20.570 r  i_cheshire_soc/gen_cva6_cores[0].gen_ara.i_ara/i_dispatcher/eew_q[0][2]_i_66/O
                         net (fo=3, unplaced)         0.203    20.773    i_cheshire_soc/gen_cva6_cores[0].gen_ara.i_ara/i_dispatcher/eew_q[0][2]_i_66_n_0
                         LUT2 (Prop_LUT2_I0_O)        0.070    20.843 r  i_cheshire_soc/gen_cva6_cores[0].gen_ara.i_ara/i_dispatcher/eew_q[18][2]_i_24/O
                         net (fo=1, unplaced)         0.260    21.103    i_cheshire_soc/gen_cva6_cores[0].gen_ara.i_ara/i_dispatcher/eew_q[18][2]_i_24_n_0
                         CARRY8 (Prop_CARRY8_DI[0]_CO[4])
                                                      0.184    21.287 r  i_cheshire_soc/gen_cva6_cores[0].gen_ara.i_ara/i_dispatcher/eew_q_reg[18][2]_i_19/CO[4]
                         net (fo=2, unplaced)         0.221    21.508    i_cheshire_soc/gen_cva6_cores[0].gen_ara.i_ara/i_dispatcher/eew_q_reg[18][2]_i_19_n_3
                         CARRY8 (Prop_CARRY8_CI_O[4])
                                                      0.193    21.701 r  i_cheshire_soc/gen_cva6_cores[0].gen_ara.i_ara/i_dispatcher/eew_q_reg[18][2]_i_20/O[4]
                         net (fo=1, unplaced)         0.204    21.905    i_cheshire_soc/gen_cva6_cores[0].gen_ara.i_ara/i_dispatcher/active_register_count110[28]
                         LUT6 (Prop_LUT6_I3_O)        0.038    21.943 f  i_cheshire_soc/gen_cva6_cores[0].gen_ara.i_ara/i_dispatcher/eew_q[18][2]_i_18/O
                         net (fo=1, unplaced)         0.197    22.140    i_cheshire_soc/gen_cva6_cores[0].gen_ara.i_ara/i_dispatcher/eew_q[18][2]_i_18_n_0
                         LUT6 (Prop_LUT6_I5_O)        0.038    22.178 r  i_cheshire_soc/gen_cva6_cores[0].gen_ara.i_ara/i_dispatcher/eew_q[18][2]_i_11/O
                         net (fo=12, unplaced)        0.235    22.413    i_cheshire_soc/gen_cva6_cores[0].gen_ara.i_ara/i_dispatcher/eew_q[18][2]_i_11_n_0
                         LUT5 (Prop_LUT5_I0_O)        0.038    22.451 f  i_cheshire_soc/gen_cva6_cores[0].gen_ara.i_ara/i_dispatcher/eew_q[31][2]_i_10/O
                         net (fo=13, unplaced)        0.236    22.687    i_cheshire_soc/gen_cva6_cores[0].gen_ara.i_ara/i_dispatcher/eew_q[31][2]_i_10_n_0
                         LUT6 (Prop_LUT6_I5_O)        0.038    22.725 r  i_cheshire_soc/gen_cva6_cores[0].gen_ara.i_ara/i_dispatcher/eew_q[28][2]_i_7/O
                         net (fo=50, unplaced)        0.267    22.992    i_cheshire_soc/gen_cva6_cores[0].gen_ara.i_ara/i_dispatcher/eew_valid_d1406_out
                         LUT4 (Prop_LUT4_I3_O)        0.070    23.062 r  i_cheshire_soc/gen_cva6_cores[0].gen_ara.i_ara/i_dispatcher/eew_q[11][2]_i_7/O
                         net (fo=1, unplaced)         0.197    23.259    i_cheshire_soc/gen_cva6_cores[0].gen_ara.i_ara/i_dispatcher/eew_q[11][2]_i_7_n_0
                         LUT5 (Prop_LUT5_I4_O)        0.038    23.297 r  i_cheshire_soc/gen_cva6_cores[0].gen_ara.i_ara/i_dispatcher/eew_q[11][2]_i_6/O
                         net (fo=1, unplaced)         0.197    23.494    i_cheshire_soc/gen_cva6_cores[0].gen_ara.i_ara/i_dispatcher/eew_q[11][2]_i_6_n_0
                         LUT6 (Prop_LUT6_I5_O)        0.038    23.532 r  i_cheshire_soc/gen_cva6_cores[0].gen_ara.i_ara/i_dispatcher/eew_q[11][2]_i_4/O
                         net (fo=1, unplaced)         0.197    23.729    i_cheshire_soc/gen_cva6_cores[0].gen_ara.i_ara/i_dispatcher/eew_q[11][2]_i_4_n_0
                         LUT2 (Prop_LUT2_I1_O)        0.038    23.767 f  i_cheshire_soc/gen_cva6_cores[0].gen_ara.i_ara/i_dispatcher/eew_q[11][2]_i_3/O
                         net (fo=4, unplaced)         0.210    23.977    i_cheshire_soc/gen_cva6_cores[0].gen_ara.i_ara/i_dispatcher/eew_q[11][2]_i_3_n_0
                         LUT6 (Prop_LUT6_I5_O)        0.038    24.015 r  i_cheshire_soc/gen_cva6_cores[0].gen_ara.i_ara/i_dispatcher/eew_q[11][2]_i_1/O
                         net (fo=3, unplaced)         0.193    24.208    i_cheshire_soc/gen_cva6_cores[0].gen_ara.i_ara/i_dispatcher/eew_q[11][2]_i_1_n_0
                         FDCE                                         r  i_cheshire_soc/gen_cva6_cores[0].gen_ara.i_ara/i_dispatcher/eew_q_reg[11][0]/CE
  -------------------------------------------------------------------    -------------------

                         (clock clk_50_clkwiz rise edge)
                                                     20.000    20.000 r  
    E12                                               0.000    20.000 r  sys_clk_p (IN)
                         net (fo=0)                   0.000    20.000    i_bufds_sys_clk/I
    HPIOBDIFFINBUF_X1Y300
                         DIFFINBUF (Prop_DIFFINBUF_HPIOBDIFFINBUF_DIFF_IN_P_O)
                                                      0.564    20.564 r  i_bufds_sys_clk/DIFFINBUF_INST/O
                         net (fo=1, estimated)        0.040    20.604    i_bufds_sys_clk/OUT
    E12                  IBUFCTRL (Prop_IBUFCTRL_HPIOB_M_I_O)
                                                      0.000    20.604 r  i_bufds_sys_clk/IBUFCTRL_INST/O
                         net (fo=3, unplaced)         0.312    20.916    i_clkwiz/inst/clk_in1
                         MMCME4_ADV (Prop_MMCME4_ADV_CLKIN1_CLKOUT0)
                                                      0.630    21.546 r  i_clkwiz/inst/mmcme4_adv_inst/CLKOUT0
                         net (fo=1, unplaced)         0.176    21.722    i_clkwiz/inst/clk_50_clkwiz
                         BUFGCE (Prop_BUFGCE_I_O)     0.024    21.746 r  i_clkwiz/inst/clkout1_buf/O
                         net (fo=199447, unplaced)    2.439    24.185    i_cheshire_soc/gen_cva6_cores[0].gen_ara.i_ara/i_dispatcher/clk_i
                         FDCE                                         r  i_cheshire_soc/gen_cva6_cores[0].gen_ara.i_ara/i_dispatcher/eew_q_reg[11][0]/C
                         clock pessimism             -0.577    23.609    
                         clock uncertainty           -0.083    23.525    
                         FDCE (Setup_FDCE_C_CE)      -0.061    23.464    i_cheshire_soc/gen_cva6_cores[0].gen_ara.i_ara/i_dispatcher/eew_q_reg[11][0]
  -------------------------------------------------------------------
                         required time                         23.464    
                         arrival time                         -24.208    
  -------------------------------------------------------------------
                         slack                                 -0.743    





Min Delay Paths
--------------------------------------------------------------------------------------
Slack (VIOLATED) :        -0.067ns  (arrival time - required time)
  Source:                 i_cheshire_soc/gen_cva6_cores[0].gen_ara.i_ara/gen_lanes[0].i_lane/i_vfus/i_vmfpu/fpu_gen.i_fpnew_bulk/gen_operation_groups[1].i_opgroup_block/gen_merged_slice.i_multifmt_slice/gen_num_lanes[2].active_lane.lane_instance.gen_thmulti_c910_divsqrt.i_fpnew_divsqrt_th_64_c910/i_ct_vfdsu_top/x_ct_vfdsu_double/x_ct_vfdsu_srt/vfdsu_ex3_doub_expnt_rst_reg[7]/C
                            (rising edge-triggered cell FDCE clocked by clk_50_clkwiz  {rise@0.000ns fall@10.000ns period=20.000ns})
  Destination:            i_cheshire_soc/gen_cva6_cores[0].gen_ara.i_ara/gen_lanes[0].i_lane/i_vfus/i_vmfpu/fpu_gen.i_fpnew_bulk/gen_operation_groups[1].i_opgroup_block/gen_merged_slice.i_multifmt_slice/gen_num_lanes[2].active_lane.lane_instance.gen_thmulti_c910_divsqrt.i_fpnew_divsqrt_th_64_c910/i_ct_vfdsu_top/x_ct_vfdsu_double/x_ct_vfdsu_round/vfdsu_ex4_expnt_rst_reg[7]/D
                            (rising edge-triggered cell FDCE clocked by clk_50_clkwiz  {rise@0.000ns fall@10.000ns period=20.000ns})
  Path Group:             clk_50_clkwiz
  Path Type:              Hold (Min at Fast Process Corner)
  Requirement:            0.000ns  (clk_50_clkwiz rise@0.000ns - clk_50_clkwiz rise@0.000ns)
  Data Path Delay:        0.124ns  (logic 0.056ns (45.161%)  route 0.068ns (54.839%))
  Logic Levels:           1  (CARRY8=1)
  Clock Path Skew:        0.145ns (DCD - SCD - CPR)
    Destination Clock Delay (DCD):    1.807ns
    Source Clock Delay      (SCD):    2.035ns
    Clock Pessimism Removal (CPR):    -0.374ns

    Location             Delay type                Incr(ns)  Path(ns)    Netlist Resource(s)
  -------------------------------------------------------------------    -------------------
                         (clock clk_50_clkwiz rise edge)
                                                      0.000     0.000 r  
    E12                                               0.000     0.000 r  sys_clk_p (IN)
                         net (fo=0)                   0.000     0.000    i_bufds_sys_clk/I
    HPIOBDIFFINBUF_X1Y300
                         DIFFINBUF (Prop_DIFFINBUF_HPIOBDIFFINBUF_DIFF_IN_P_O)
                                                      0.340     0.340 r  i_bufds_sys_clk/DIFFINBUF_INST/O
                         net (fo=1, estimated)        0.040     0.380    i_bufds_sys_clk/OUT
    E12                  IBUFCTRL (Prop_IBUFCTRL_HPIOB_M_I_O)
                                                      0.000     0.380 r  i_bufds_sys_clk/IBUFCTRL_INST/O
                         net (fo=3, unplaced)         0.176     0.556    i_clkwiz/inst/clk_in1
                         MMCME4_ADV (Prop_MMCME4_ADV_CLKIN1_CLKOUT0)
                                                      0.230     0.786 r  i_clkwiz/inst/mmcme4_adv_inst/CLKOUT0
                         net (fo=1, unplaced)         0.118     0.904    i_clkwiz/inst/clk_50_clkwiz
                         BUFGCE (Prop_BUFGCE_I_O)     0.017     0.921 r  i_clkwiz/inst/clkout1_buf/O
                         net (fo=199447, unplaced)    1.114     2.035    i_cheshire_soc/gen_cva6_cores[0].gen_ara.i_ara/gen_lanes[0].i_lane/i_vfus/i_vmfpu/fpu_gen.i_fpnew_bulk/gen_operation_groups[1].i_opgroup_block/gen_merged_slice.i_multifmt_slice/gen_num_lanes[2].active_lane.lane_instance.gen_thmulti_c910_divsqrt.i_fpnew_divsqrt_th_64_c910/i_ct_vfdsu_top/x_ct_vfdsu_double/x_ct_vfdsu_srt/forever_cpuclk
                         FDCE                                         r  i_cheshire_soc/gen_cva6_cores[0].gen_ara.i_ara/gen_lanes[0].i_lane/i_vfus/i_vmfpu/fpu_gen.i_fpnew_bulk/gen_operation_groups[1].i_opgroup_block/gen_merged_slice.i_multifmt_slice/gen_num_lanes[2].active_lane.lane_instance.gen_thmulti_c910_divsqrt.i_fpnew_divsqrt_th_64_c910/i_ct_vfdsu_top/x_ct_vfdsu_double/x_ct_vfdsu_srt/vfdsu_ex3_doub_expnt_rst_reg[7]/C
  -------------------------------------------------------------------    -------------------
                         FDCE (Prop_FDCE_C_Q)         0.038     2.073 r  i_cheshire_soc/gen_cva6_cores[0].gen_ara.i_ara/gen_lanes[0].i_lane/i_vfus/i_vmfpu/fpu_gen.i_fpnew_bulk/gen_operation_groups[1].i_opgroup_block/gen_merged_slice.i_multifmt_slice/gen_num_lanes[2].active_lane.lane_instance.gen_thmulti_c910_divsqrt.i_fpnew_divsqrt_th_64_c910/i_ct_vfdsu_top/x_ct_vfdsu_double/x_ct_vfdsu_srt/vfdsu_ex3_doub_expnt_rst_reg[7]/Q
                         net (fo=4, unplaced)         0.061     2.134    i_cheshire_soc/gen_cva6_cores[0].gen_ara.i_ara/gen_lanes[0].i_lane/i_vfus/i_vmfpu/fpu_gen.i_fpnew_bulk/gen_operation_groups[1].i_opgroup_block/gen_merged_slice.i_multifmt_slice/gen_num_lanes[2].active_lane.lane_instance.gen_thmulti_c910_divsqrt.i_fpnew_divsqrt_th_64_c910/i_ct_vfdsu_top/x_ct_vfdsu_double/x_ct_vfdsu_round/vfdsu_ex3_half_expnt_rst[7]
                         CARRY8 (Prop_CARRY8_S[6]_O[6])
                                                      0.018     2.152 r  i_cheshire_soc/gen_cva6_cores[0].gen_ara.i_ara/gen_lanes[0].i_lane/i_vfus/i_vmfpu/fpu_gen.i_fpnew_bulk/gen_operation_groups[1].i_opgroup_block/gen_merged_slice.i_multifmt_slice/gen_num_lanes[2].active_lane.lane_instance.gen_thmulti_c910_divsqrt.i_fpnew_divsqrt_th_64_c910/i_ct_vfdsu_top/x_ct_vfdsu_double/x_ct_vfdsu_round/vfdsu_ex4_expnt_rst_reg[8]_i_1/O[6]
                         net (fo=1, unplaced)         0.007     2.159    i_cheshire_soc/gen_cva6_cores[0].gen_ara.i_ara/gen_lanes[0].i_lane/i_vfus/i_vmfpu/fpu_gen.i_fpnew_bulk/gen_operation_groups[1].i_opgroup_block/gen_merged_slice.i_multifmt_slice/gen_num_lanes[2].active_lane.lane_instance.gen_thmulti_c910_divsqrt.i_fpnew_divsqrt_th_64_c910/i_ct_vfdsu_top/x_ct_vfdsu_double/x_ct_vfdsu_round/ex3_expnt_adjust_result[7]
                         FDCE                                         r  i_cheshire_soc/gen_cva6_cores[0].gen_ara.i_ara/gen_lanes[0].i_lane/i_vfus/i_vmfpu/fpu_gen.i_fpnew_bulk/gen_operation_groups[1].i_opgroup_block/gen_merged_slice.i_multifmt_slice/gen_num_lanes[2].active_lane.lane_instance.gen_thmulti_c910_divsqrt.i_fpnew_divsqrt_th_64_c910/i_ct_vfdsu_top/x_ct_vfdsu_double/x_ct_vfdsu_round/vfdsu_ex4_expnt_rst_reg[7]/D
  -------------------------------------------------------------------    -------------------

                         (clock clk_50_clkwiz rise edge)
                                                      0.000     0.000 r  
    E12                                               0.000     0.000 r  sys_clk_p (IN)
                         net (fo=0)                   0.000     0.000    i_bufds_sys_clk/I
    HPIOBDIFFINBUF_X1Y300
                         DIFFINBUF (Prop_DIFFINBUF_HPIOBDIFFINBUF_DIFF_IN_P_O)
                                                      0.446     0.446 r  i_bufds_sys_clk/DIFFINBUF_INST/O
                         net (fo=1, estimated)        0.050     0.496    i_bufds_sys_clk/OUT
    E12                  IBUFCTRL (Prop_IBUFCTRL_HPIOB_M_I_O)
                                                      0.000     0.496 r  i_bufds_sys_clk/IBUFCTRL_INST/O
                         net (fo=3, unplaced)         0.196     0.692    i_clkwiz/inst/clk_in1
                         MMCME4_ADV (Prop_MMCME4_ADV_CLKIN1_CLKOUT0)
                                                     -0.295     0.397 r  i_clkwiz/inst/mmcme4_adv_inst/CLKOUT0
                         net (fo=1, unplaced)         0.132     0.529    i_clkwiz/inst/clk_50_clkwiz
                         BUFGCE (Prop_BUFGCE_I_O)     0.019     0.548 r  i_clkwiz/inst/clkout1_buf/O
                         net (fo=199447, unplaced)    1.259     1.807    i_cheshire_soc/gen_cva6_cores[0].gen_ara.i_ara/gen_lanes[0].i_lane/i_vfus/i_vmfpu/fpu_gen.i_fpnew_bulk/gen_operation_groups[1].i_opgroup_block/gen_merged_slice.i_multifmt_slice/gen_num_lanes[2].active_lane.lane_instance.gen_thmulti_c910_divsqrt.i_fpnew_divsqrt_th_64_c910/i_ct_vfdsu_top/x_ct_vfdsu_double/x_ct_vfdsu_round/forever_cpuclk
                         FDCE                                         r  i_cheshire_soc/gen_cva6_cores[0].gen_ara.i_ara/gen_lanes[0].i_lane/i_vfus/i_vmfpu/fpu_gen.i_fpnew_bulk/gen_operation_groups[1].i_opgroup_block/gen_merged_slice.i_multifmt_slice/gen_num_lanes[2].active_lane.lane_instance.gen_thmulti_c910_divsqrt.i_fpnew_divsqrt_th_64_c910/i_ct_vfdsu_top/x_ct_vfdsu_double/x_ct_vfdsu_round/vfdsu_ex4_expnt_rst_reg[7]/C
                         clock pessimism              0.374     2.180    
                         FDCE (Hold_FDCE_C_D)         0.046     2.226    i_cheshire_soc/gen_cva6_cores[0].gen_ara.i_ara/gen_lanes[0].i_lane/i_vfus/i_vmfpu/fpu_gen.i_fpnew_bulk/gen_operation_groups[1].i_opgroup_block/gen_merged_slice.i_multifmt_slice/gen_num_lanes[2].active_lane.lane_instance.gen_thmulti_c910_divsqrt.i_fpnew_divsqrt_th_64_c910/i_ct_vfdsu_top/x_ct_vfdsu_double/x_ct_vfdsu_round/vfdsu_ex4_expnt_rst_reg[7]
  -------------------------------------------------------------------
                         required time                         -2.226    
                         arrival time                           2.159    
  -------------------------------------------------------------------
                         slack                                 -0.067    





Pulse Width Checks
--------------------------------------------------------------------------------------
Clock Name:         clk_50_clkwiz
Waveform(ns):       { 0.000 10.000 }
Period(ns):         20.000
Sources:            { i_clkwiz/inst/mmcme4_adv_inst/CLKOUT0 }

Check Type        Corner  Lib Pin      Reference Pin  Required(ns)  Actual(ns)  Slack(ns)  Location  Pin
Min Period        n/a     URAM288/CLK  n/a            2.000         20.000      18.000               i_cheshire_soc/gen_llc.i_llc/i_axi_llc_top_raw/i_llc_ways/gen_data_ways[0].i_data_way/i_data_sram/gen_1_ports.i_xpm_memory_spram/xpm_memory_base_inst/gen_wr_a.gen_byte_narrow.for_mem_cols[1].mem_reg_uram_0/CLK
Low Pulse Width   Fast    URAM288/CLK  n/a            0.700         10.000      9.300                i_cheshire_soc/gen_llc.i_llc/i_axi_llc_top_raw/i_llc_ways/gen_data_ways[0].i_data_way/i_data_sram/gen_1_ports.i_xpm_memory_spram/xpm_memory_base_inst/gen_wr_a.gen_byte_narrow.for_mem_cols[1].mem_reg_uram_0/CLK
High Pulse Width  Slow    URAM288/CLK  n/a            0.700         10.000      9.300                i_cheshire_soc/gen_llc.i_llc/i_axi_llc_top_raw/i_llc_ways/gen_data_ways[0].i_data_way/i_data_sram/gen_1_ports.i_xpm_memory_spram/xpm_memory_base_inst/gen_wr_a.gen_byte_narrow.for_mem_cols[1].mem_reg_uram_0/CLK



---------------------------------------------------------------------------------------------------
From Clock:  mmcm_clkout0
  To Clock:  mmcm_clkout0

Setup :            0  Failing Endpoints,  Worst Slack        0.504ns,  Total Violation        0.000ns
Hold  :            0  Failing Endpoints,  Worst Slack        0.021ns,  Total Violation        0.000ns
PW    :            0  Failing Endpoints,  Worst Slack        0.905ns,  Total Violation        0.000ns
---------------------------------------------------------------------------------------------------


Max Delay Paths
--------------------------------------------------------------------------------------
Slack (MET) :             0.504ns  (required time - arrival time)
  Source:                 i_dram_wrapper/i_ui_rstgen/i_rstgen_bypass/synch_regs_q_reg[3]/C
                            (rising edge-triggered cell FDCE clocked by mmcm_clkout0  {rise@0.000ns fall@1.667ns period=3.333ns})
  Destination:            i_dram_wrapper/i_dram/inst/u_ddr_axi/areset_d1_reg/D
                            (rising edge-triggered cell FDRE clocked by mmcm_clkout0  {rise@0.000ns fall@1.667ns period=3.333ns})
  Path Group:             mmcm_clkout0
  Path Type:              Setup (Max at Slow Process Corner)
  Requirement:            3.333ns  (mmcm_clkout0 rise@3.333ns - mmcm_clkout0 rise@0.000ns)
  Data Path Delay:        3.248ns  (logic 0.222ns (6.835%)  route 3.026ns (93.165%))
  Logic Levels:           2  (BUFGCTRL=1 LUT2=1)
  Clock Path Skew:        0.446ns (DCD - SCD + CPR)
    Destination Clock Delay (DCD):    8.443ns = ( 11.776 - 3.333 ) 
    Source Clock Delay      (SCD):    8.155ns
    Clock Pessimism Removal (CPR):    0.158ns
  Clock Uncertainty:      0.052ns  ((TSJ^2 + DJ^2)^1/2) / 2 + PE
    Total System Jitter     (TSJ):    0.071ns
    Discrete Jitter          (DJ):    0.076ns
    Phase Error              (PE):    0.000ns

    Location             Delay type                Incr(ns)  Path(ns)    Netlist Resource(s)
  -------------------------------------------------------------------    -------------------
                         (clock mmcm_clkout0 rise edge)
                                                      0.000     0.000 r  
    E12                                               0.000     0.000 r  sys_clk_p (IN)
                         net (fo=0)                   0.000     0.000    i_bufds_sys_clk/I
    HPIOBDIFFINBUF_X1Y300
                         DIFFINBUF (Prop_DIFFINBUF_HPIOBDIFFINBUF_DIFF_IN_P_O)
                                                      0.675     0.675 r  i_bufds_sys_clk/DIFFINBUF_INST/O
                         net (fo=1, estimated)        0.050     0.725    i_bufds_sys_clk/OUT
    E12                  IBUFCTRL (Prop_IBUFCTRL_HPIOB_M_I_O)
                                                      0.000     0.725 r  i_bufds_sys_clk/IBUFCTRL_INST/O
                         net (fo=3, unplaced)         0.276     1.001    i_dram_wrapper/i_dram/inst/u_ddr4_mem_intfc/u_mig_ddr4_phy/inst/u_ddr4_phy_pll/sys_clk_i
                         BUFGCE (Prop_BUFGCE_I_O)     0.028     1.029 r  i_dram_wrapper/i_dram/inst/u_ddr4_mem_intfc/u_mig_ddr4_phy/inst/u_ddr4_phy_pll/gen_bufg_backbone.u__bufg_backbone/O
                         net (fo=1, unplaced)         2.584     3.613    i_dram_wrapper/i_dram/inst/u_ddr4_infrastructure/mmcm_clk_in
                         MMCME4_ADV (Prop_MMCME4_ADV_CLKIN1_CLKOUT0)
                                                     -0.127     3.486 r  i_dram_wrapper/i_dram/inst/u_ddr4_infrastructure/gen_mmcme4.u_mmcme_adv_inst/CLKOUT0
                         net (fo=1, unplaced)         0.198     3.684    i_dram_wrapper/i_dram/inst/u_ddr4_infrastructure/mmcm_clkout0
                         BUFGCE (Prop_BUFGCE_I_O)     0.028     3.712 r  i_dram_wrapper/i_dram/inst/u_ddr4_infrastructure/u_bufg_divClk/O
                         net (fo=36635, unplaced)     4.444     8.155    i_dram_wrapper/i_ui_rstgen/i_rstgen_bypass/clk_i
                         FDCE                                         r  i_dram_wrapper/i_ui_rstgen/i_rstgen_bypass/synch_regs_q_reg[3]/C
  -------------------------------------------------------------------    -------------------
                         FDCE (Prop_FDCE_C_Q)         0.077     8.232 f  i_dram_wrapper/i_ui_rstgen/i_rstgen_bypass/synch_regs_q_reg[3]/Q
                         net (fo=2, unplaced)         0.394     8.626    i_dram_wrapper/i_ui_rstgen/i_rstgen_bypass/i_tc_clk_mux2_rst_no/clk0_i
                         BUFGCTRL (Prop_BUFGCTRL_I0_O)
                                                      0.092     8.718 f  i_dram_wrapper/i_ui_rstgen/i_rstgen_bypass/i_tc_clk_mux2_rst_no/i_BUFGMUX/O
                         net (fo=39, unplaced)        2.584    11.302    i_dram_wrapper/i_dram/inst/u_ddr_axi/c0_ddr4_aresetn
                         LUT2 (Prop_LUT2_I0_O)        0.053    11.355 r  i_dram_wrapper/i_dram/inst/u_ddr_axi/areset_d1_i_1/O
                         net (fo=1, unplaced)         0.048    11.403    i_dram_wrapper/i_dram/inst/u_ddr_axi/areset_d1_i_1_n_0
                         FDRE                                         r  i_dram_wrapper/i_dram/inst/u_ddr_axi/areset_d1_reg/D
  -------------------------------------------------------------------    -------------------

                         (clock mmcm_clkout0 rise edge)
                                                      3.333     3.333 r  
    E12                                               0.000     3.333 r  sys_clk_p (IN)
                         net (fo=0)                   0.000     3.333    i_bufds_sys_clk/I
    HPIOBDIFFINBUF_X1Y300
                         DIFFINBUF (Prop_DIFFINBUF_HPIOBDIFFINBUF_DIFF_IN_P_O)
                                                      0.564     3.898 r  i_bufds_sys_clk/DIFFINBUF_INST/O
                         net (fo=1, estimated)        0.040     3.938    i_bufds_sys_clk/OUT
    E12                  IBUFCTRL (Prop_IBUFCTRL_HPIOB_M_I_O)
                                                      0.000     3.938 r  i_bufds_sys_clk/IBUFCTRL_INST/O
                         net (fo=3, unplaced)         0.247     4.185    i_dram_wrapper/i_dram/inst/u_ddr4_mem_intfc/u_mig_ddr4_phy/inst/u_ddr4_phy_pll/sys_clk_i
                         BUFGCE (Prop_BUFGCE_I_O)     0.024     4.209 r  i_dram_wrapper/i_dram/inst/u_ddr4_mem_intfc/u_mig_ddr4_phy/inst/u_ddr4_phy_pll/gen_bufg_backbone.u__bufg_backbone/O
                         net (fo=1, unplaced)         2.439     6.648    i_dram_wrapper/i_dram/inst/u_ddr4_infrastructure/mmcm_clk_in
                         MMCME4_ADV (Prop_MMCME4_ADV_CLKIN1_CLKOUT0)
                                                      0.630     7.278 r  i_dram_wrapper/i_dram/inst/u_ddr4_infrastructure/gen_mmcme4.u_mmcme_adv_inst/CLKOUT0
                         net (fo=1, unplaced)         0.176     7.454    i_dram_wrapper/i_dram/inst/u_ddr4_infrastructure/mmcm_clkout0
                         BUFGCE (Prop_BUFGCE_I_O)     0.024     7.478 r  i_dram_wrapper/i_dram/inst/u_ddr4_infrastructure/u_bufg_divClk/O
                         net (fo=36635, unplaced)     4.299    11.776    i_dram_wrapper/i_dram/inst/u_ddr_axi/wready_reg_rep__6
                         FDRE                                         r  i_dram_wrapper/i_dram/inst/u_ddr_axi/areset_d1_reg/C
                         clock pessimism              0.158    11.935    
                         clock uncertainty           -0.052    11.883    
                         FDRE (Setup_FDRE_C_D)        0.025    11.908    i_dram_wrapper/i_dram/inst/u_ddr_axi/areset_d1_reg
  -------------------------------------------------------------------
                         required time                         11.908    
                         arrival time                         -11.403    
  -------------------------------------------------------------------
                         slack                                  0.504    





Min Delay Paths
--------------------------------------------------------------------------------------
Slack (MET) :             0.021ns  (arrival time - required time)
  Source:                 i_dram_wrapper/i_dram/inst/u_ddr4_mem_intfc/u_ddr_cal_top/mcal_clb2phy_fifo_rden_reg[13]/C
                            (rising edge-triggered cell FDSE clocked by mmcm_clkout0  {rise@0.000ns fall@1.667ns period=3.333ns})
  Destination:            i_dram_wrapper/i_dram/inst/u_ddr4_mem_intfc/u_mig_ddr4_phy/inst/generate_block1.u_ddr_xiphy/byte_num[1].xiphy_byte_wrapper.u_xiphy_byte_wrapper/I_BITSLICE_LOWER[0].GEN_RXTX_BITSLICE_EN.u_xiphy_bitslice_lower/xiphy_rxtx_bitslice/FIFO_RD_EN
                            (rising edge-triggered cell RXTX_BITSLICE clocked by mmcm_clkout0  {rise@0.000ns fall@1.667ns period=3.333ns})
  Path Group:             mmcm_clkout0
  Path Type:              Hold (Min at Fast Process Corner)
  Requirement:            0.000ns  (mmcm_clkout0 rise@0.000ns - mmcm_clkout0 rise@0.000ns)
  Data Path Delay:        0.142ns  (logic 0.038ns (26.761%)  route 0.104ns (73.240%))
  Logic Levels:           0  
  Clock Path Skew:        0.072ns (DCD - SCD - CPR)
    Destination Clock Delay (DCD):    4.667ns
    Source Clock Delay      (SCD):    4.596ns
    Clock Pessimism Removal (CPR):    -0.002ns

    Location             Delay type                Incr(ns)  Path(ns)    Netlist Resource(s)
  -------------------------------------------------------------------    -------------------
                         (clock mmcm_clkout0 rise edge)
                                                      0.000     0.000 r  
    E12                                               0.000     0.000 r  sys_clk_p (IN)
                         net (fo=0)                   0.000     0.000    i_bufds_sys_clk/I
    HPIOBDIFFINBUF_X1Y300
                         DIFFINBUF (Prop_DIFFINBUF_HPIOBDIFFINBUF_DIFF_IN_P_O)
                                                      0.340     0.340 r  i_bufds_sys_clk/DIFFINBUF_INST/O
                         net (fo=1, estimated)        0.040     0.380    i_bufds_sys_clk/OUT
    E12                  IBUFCTRL (Prop_IBUFCTRL_HPIOB_M_I_O)
                                                      0.000     0.380 r  i_bufds_sys_clk/IBUFCTRL_INST/O
                         net (fo=3, unplaced)         0.116     0.496    i_dram_wrapper/i_dram/inst/u_ddr4_mem_intfc/u_mig_ddr4_phy/inst/u_ddr4_phy_pll/sys_clk_i
                         BUFGCE (Prop_BUFGCE_I_O)     0.017     0.513 r  i_dram_wrapper/i_dram/inst/u_ddr4_mem_intfc/u_mig_ddr4_phy/inst/u_ddr4_phy_pll/gen_bufg_backbone.u__bufg_backbone/O
                         net (fo=1, unplaced)         1.114     1.627    i_dram_wrapper/i_dram/inst/u_ddr4_infrastructure/mmcm_clk_in
                         MMCME4_ADV (Prop_MMCME4_ADV_CLKIN1_CLKOUT0)
                                                      0.230     1.857 r  i_dram_wrapper/i_dram/inst/u_ddr4_infrastructure/gen_mmcme4.u_mmcme_adv_inst/CLKOUT0
                         net (fo=1, unplaced)         0.118     1.975    i_dram_wrapper/i_dram/inst/u_ddr4_infrastructure/mmcm_clkout0
                         BUFGCE (Prop_BUFGCE_I_O)     0.017     1.992 r  i_dram_wrapper/i_dram/inst/u_ddr4_infrastructure/u_bufg_divClk/O
                         net (fo=36635, unplaced)     2.604     4.596    i_dram_wrapper/i_dram/inst/u_ddr4_mem_intfc/u_ddr_cal_top/wosp_reg[2]_rep__7
                         FDSE                                         r  i_dram_wrapper/i_dram/inst/u_ddr4_mem_intfc/u_ddr_cal_top/mcal_clb2phy_fifo_rden_reg[13]/C
  -------------------------------------------------------------------    -------------------
                         FDSE (Prop_FDSE_C_Q)         0.038     4.634 r  i_dram_wrapper/i_dram/inst/u_ddr4_mem_intfc/u_ddr_cal_top/mcal_clb2phy_fifo_rden_reg[13]/Q
                         net (fo=1, unplaced)         0.104     4.738    i_dram_wrapper/i_dram/inst/u_ddr4_mem_intfc/u_mig_ddr4_phy/inst/generate_block1.u_ddr_xiphy/byte_num[1].xiphy_byte_wrapper.u_xiphy_byte_wrapper/I_BITSLICE_LOWER[0].GEN_RXTX_BITSLICE_EN.u_xiphy_bitslice_lower/ch0_mcal_clb2phy_fifo_rden[0]
    BITSLICE_RX_TX_X1Y728
                         RXTX_BITSLICE                                r  i_dram_wrapper/i_dram/inst/u_ddr4_mem_intfc/u_mig_ddr4_phy/inst/generate_block1.u_ddr_xiphy/byte_num[1].xiphy_byte_wrapper.u_xiphy_byte_wrapper/I_BITSLICE_LOWER[0].GEN_RXTX_BITSLICE_EN.u_xiphy_bitslice_lower/xiphy_rxtx_bitslice/FIFO_RD_EN
  -------------------------------------------------------------------    -------------------

                         (clock mmcm_clkout0 rise edge)
                                                      0.000     0.000 r  
    E12                                               0.000     0.000 r  sys_clk_p (IN)
                         net (fo=0)                   0.000     0.000    i_bufds_sys_clk/I
    HPIOBDIFFINBUF_X1Y300
                         DIFFINBUF (Prop_DIFFINBUF_HPIOBDIFFINBUF_DIFF_IN_P_O)
                                                      0.446     0.446 r  i_bufds_sys_clk/DIFFINBUF_INST/O
                         net (fo=1, estimated)        0.050     0.496    i_bufds_sys_clk/OUT
    E12                  IBUFCTRL (Prop_IBUFCTRL_HPIOB_M_I_O)
                                                      0.000     0.496 r  i_bufds_sys_clk/IBUFCTRL_INST/O
                         net (fo=3, unplaced)         0.147     0.643    i_dram_wrapper/i_dram/inst/u_ddr4_mem_intfc/u_mig_ddr4_phy/inst/u_ddr4_phy_pll/sys_clk_i
                         BUFGCE (Prop_BUFGCE_I_O)     0.019     0.662 r  i_dram_wrapper/i_dram/inst/u_ddr4_mem_intfc/u_mig_ddr4_phy/inst/u_ddr4_phy_pll/gen_bufg_backbone.u__bufg_backbone/O
                         net (fo=1, unplaced)         1.259     1.921    i_dram_wrapper/i_dram/inst/u_ddr4_infrastructure/mmcm_clk_in
                         MMCME4_ADV (Prop_MMCME4_ADV_CLKIN1_CLKOUT0)
                                                     -0.295     1.626 r  i_dram_wrapper/i_dram/inst/u_ddr4_infrastructure/gen_mmcme4.u_mmcme_adv_inst/CLKOUT0
                         net (fo=1, unplaced)         0.132     1.758    i_dram_wrapper/i_dram/inst/u_ddr4_infrastructure/mmcm_clkout0
                         BUFGCE (Prop_BUFGCE_I_O)     0.019     1.777 r  i_dram_wrapper/i_dram/inst/u_ddr4_infrastructure/u_bufg_divClk/O
                         net (fo=36635, unplaced)     2.890     4.667    i_dram_wrapper/i_dram/inst/u_ddr4_mem_intfc/u_mig_ddr4_phy/inst/generate_block1.u_ddr_xiphy/byte_num[1].xiphy_byte_wrapper.u_xiphy_byte_wrapper/I_BITSLICE_LOWER[0].GEN_RXTX_BITSLICE_EN.u_xiphy_bitslice_lower/div_clk
    BITSLICE_RX_TX_X1Y728
                         RXTX_BITSLICE                                r  i_dram_wrapper/i_dram/inst/u_ddr4_mem_intfc/u_mig_ddr4_phy/inst/generate_block1.u_ddr_xiphy/byte_num[1].xiphy_byte_wrapper.u_xiphy_byte_wrapper/I_BITSLICE_LOWER[0].GEN_RXTX_BITSLICE_EN.u_xiphy_bitslice_lower/xiphy_rxtx_bitslice/FIFO_RD_CLK
                         clock pessimism              0.002     4.668    
    BITSLICE_RX_TX_X1Y728
                         RXTX_BITSLICE (Hold_RXTX_BITSLICE_BITSLICE_RX_TX_FIFO_RD_CLK_FIFO_RD_EN)
                                                      0.049     4.717    i_dram_wrapper/i_dram/inst/u_ddr4_mem_intfc/u_mig_ddr4_phy/inst/generate_block1.u_ddr_xiphy/byte_num[1].xiphy_byte_wrapper.u_xiphy_byte_wrapper/I_BITSLICE_LOWER[0].GEN_RXTX_BITSLICE_EN.u_xiphy_bitslice_lower/xiphy_rxtx_bitslice
  -------------------------------------------------------------------
                         required time                         -4.717    
                         arrival time                           4.738    
  -------------------------------------------------------------------
                         slack                                  0.021    





Pulse Width Checks
--------------------------------------------------------------------------------------
Clock Name:         mmcm_clkout0
Waveform(ns):       { 0.000 1.667 }
Period(ns):         3.333
Sources:            { i_dram_wrapper/i_dram/inst/u_ddr4_infrastructure/gen_mmcme4.u_mmcme_adv_inst/CLKOUT0 }

Check Type        Corner  Lib Pin                    Reference Pin  Required(ns)  Actual(ns)  Slack(ns)  Location               Pin
Min Period        n/a     RXTX_BITSLICE/FIFO_RD_CLK  n/a            1.694         3.333       1.639      BITSLICE_RX_TX_X1Y624  i_dram_wrapper/i_dram/inst/u_ddr4_mem_intfc/u_mig_ddr4_phy/inst/generate_block1.u_ddr_xiphy/byte_num[0].xiphy_byte_wrapper.u_xiphy_byte_wrapper/I_BITSLICE_LOWER[0].GEN_RXTX_BITSLICE_EN.u_xiphy_bitslice_lower/xiphy_rxtx_bitslice/FIFO_RD_CLK
Max Period        n/a     PLLE4_ADV/CLKIN            n/a            14.286        3.333       10.953                            i_dram_wrapper/i_dram/inst/u_ddr4_mem_intfc/u_mig_ddr4_phy/inst/u_ddr4_phy_pll/plle_loop[0].gen_plle4.PLLE4_BASE_INST_OTHER/CLKIN
Low Pulse Width   Fast    RXTX_BITSLICE/FIFO_RD_CLK  n/a            0.762         1.667       0.905      BITSLICE_RX_TX_X1Y638  i_dram_wrapper/i_dram/inst/u_ddr4_mem_intfc/u_mig_ddr4_phy/inst/generate_block1.u_ddr_xiphy/byte_num[0].xiphy_byte_wrapper.u_xiphy_byte_wrapper/I_BITSLICE_LOWER[1].GEN_RXTX_BITSLICE_EN.u_xiphy_bitslice_lower/xiphy_rxtx_bitslice/FIFO_RD_CLK
High Pulse Width  Slow    RXTX_BITSLICE/FIFO_RD_CLK  n/a            0.762         1.667       0.905      BITSLICE_RX_TX_X1Y624  i_dram_wrapper/i_dram/inst/u_ddr4_mem_intfc/u_mig_ddr4_phy/inst/generate_block1.u_ddr_xiphy/byte_num[0].xiphy_byte_wrapper.u_xiphy_byte_wrapper/I_BITSLICE_LOWER[0].GEN_RXTX_BITSLICE_EN.u_xiphy_bitslice_lower/xiphy_rxtx_bitslice/FIFO_RD_CLK



---------------------------------------------------------------------------------------------------
From Clock:  pll_clk[0]
  To Clock:  pll_clk[0]

Setup :           NA  Failing Endpoints,  Worst Slack           NA  ,  Total Violation           NA
Hold  :           NA  Failing Endpoints,  Worst Slack           NA  ,  Total Violation           NA
PW    :            4  Failing Endpoints,  Worst Slack       -0.029ns,  Total Violation       -0.117ns
---------------------------------------------------------------------------------------------------


Pulse Width Checks
--------------------------------------------------------------------------------------
Clock Name:         pll_clk[0]
Waveform(ns):       { 0.000 0.208 }
Period(ns):         0.417
Sources:            { i_dram_wrapper/i_dram/inst/u_ddr4_mem_intfc/u_mig_ddr4_phy/inst/u_ddr4_phy_pll/plle_loop[0].gen_plle4.PLLE4_BASE_INST_OTHER/CLKOUTPHY }

Check Type        Corner  Lib Pin                   Reference Pin             Required(ns)  Actual(ns)  Slack(ns)  Location  Pin
Min Period        n/a     BITSLICE_CONTROL/PLL_CLK  n/a                       0.375         0.417       0.042                i_dram_wrapper/i_dram/inst/u_ddr4_mem_intfc/u_mig_ddr4_phy/inst/generate_block1.u_ddr_xiphy/byte_num[0].xiphy_byte_wrapper.u_xiphy_byte_wrapper/I_CONTROL[0].GEN_I_CONTROL.u_xiphy_control/xiphy_control/PLL_CLK
Low Pulse Width   Fast    BITSLICE_CONTROL/PLL_CLK  n/a                       0.169         0.208       0.039                i_dram_wrapper/i_dram/inst/u_ddr4_mem_intfc/u_mig_ddr4_phy/inst/generate_block1.u_ddr_xiphy/byte_num[0].xiphy_byte_wrapper.u_xiphy_byte_wrapper/I_CONTROL[0].GEN_I_CONTROL.u_xiphy_control/xiphy_control/PLL_CLK
High Pulse Width  Slow    BITSLICE_CONTROL/PLL_CLK  n/a                       0.169         0.208       0.039                i_dram_wrapper/i_dram/inst/u_ddr4_mem_intfc/u_mig_ddr4_phy/inst/generate_block1.u_ddr_xiphy/byte_num[0].xiphy_byte_wrapper.u_xiphy_byte_wrapper/I_CONTROL[0].GEN_I_CONTROL.u_xiphy_control/xiphy_control/PLL_CLK
Max Skew          Slow    BITSLICE_CONTROL/PLL_CLK  BITSLICE_CONTROL/RIU_CLK  -0.300        -0.271      -0.029               i_dram_wrapper/i_dram/inst/u_ddr4_mem_intfc/u_mig_ddr4_phy/inst/generate_block1.u_ddr_xiphy/byte_num[0].xiphy_byte_wrapper.u_xiphy_byte_wrapper/I_CONTROL[0].GEN_I_CONTROL.u_xiphy_control/xiphy_control/PLL_CLK



---------------------------------------------------------------------------------------------------
From Clock:  pll_clk[0]_DIV
  To Clock:  pll_clk[0]_DIV

Setup :           NA  Failing Endpoints,  Worst Slack           NA  ,  Total Violation           NA
Hold  :           NA  Failing Endpoints,  Worst Slack           NA  ,  Total Violation           NA
PW    :            0  Failing Endpoints,  Worst Slack        0.467ns,  Total Violation        0.000ns
---------------------------------------------------------------------------------------------------


Pulse Width Checks
--------------------------------------------------------------------------------------
Clock Name:         pll_clk[0]_DIV
Waveform(ns):       { 0.000 1.667 }
Period(ns):         3.333
Sources:            { i_dram_wrapper/i_dram/inst/u_ddr4_mem_intfc/u_mig_ddr4_phy/inst/generate_block1.u_ddr_xiphy/byte_num[0].xiphy_byte_wrapper.u_xiphy_byte_wrapper/I_CONTROL[0].GEN_I_CONTROL.u_xiphy_control/xiphy_control/RX_DIV4_CLK_Q i_dram_wrapper/i_dram/inst/u_ddr4_mem_intfc/u_mig_ddr4_phy/inst/generate_block1.u_ddr_xiphy/byte_num[0].xiphy_byte_wrapper.u_xiphy_byte_wrapper/I_CONTROL[0].GEN_I_CONTROL.u_xiphy_control/xiphy_control/TX_DIV4_CLK_Q i_dram_wrapper/i_dram/inst/u_ddr4_mem_intfc/u_mig_ddr4_phy/inst/generate_block1.u_ddr_xiphy/byte_num[0].xiphy_byte_wrapper.u_xiphy_byte_wrapper/I_CONTROL[1].GEN_I_CONTROL.u_xiphy_control/xiphy_control/RX_DIV4_CLK_Q i_dram_wrapper/i_dram/inst/u_ddr4_mem_intfc/u_mig_ddr4_phy/inst/generate_block1.u_ddr_xiphy/byte_num[0].xiphy_byte_wrapper.u_xiphy_byte_wrapper/I_CONTROL[1].GEN_I_CONTROL.u_xiphy_control/xiphy_control/TX_DIV4_CLK_Q i_dram_wrapper/i_dram/inst/u_ddr4_mem_intfc/u_mig_ddr4_phy/inst/generate_block1.u_ddr_xiphy/byte_num[1].xiphy_byte_wrapper.u_xiphy_byte_wrapper/I_CONTROL[0].GEN_I_CONTROL.u_xiphy_control/xiphy_control/RX_DIV4_CLK_Q i_dram_wrapper/i_dram/inst/u_ddr4_mem_intfc/u_mig_ddr4_phy/inst/generate_block1.u_ddr_xiphy/byte_num[1].xiphy_byte_wrapper.u_xiphy_byte_wrapper/I_CONTROL[0].GEN_I_CONTROL.u_xiphy_control/xiphy_control/TX_DIV4_CLK_Q i_dram_wrapper/i_dram/inst/u_ddr4_mem_intfc/u_mig_ddr4_phy/inst/generate_block1.u_ddr_xiphy/byte_num[1].xiphy_byte_wrapper.u_xiphy_byte_wrapper/I_CONTROL[1].GEN_I_CONTROL.u_xiphy_control/xiphy_control/RX_DIV4_CLK_Q i_dram_wrapper/i_dram/inst/u_ddr4_mem_intfc/u_mig_ddr4_phy/inst/generate_block1.u_ddr_xiphy/byte_num[1].xiphy_byte_wrapper.u_xiphy_byte_wrapper/I_CONTROL[1].GEN_I_CONTROL.u_xiphy_control/xiphy_control/TX_DIV4_CLK_Q i_dram_wrapper/i_dram/inst/u_ddr4_mem_intfc/u_mig_ddr4_phy/inst/generate_block1.u_ddr_xiphy/byte_num[2].xiphy_byte_wrapper.u_xiphy_byte_wrapper/I_CONTROL[0].GEN_I_CONTROL.u_xiphy_control/xiphy_control/RX_DIV4_CLK_Q i_dram_wrapper/i_dram/inst/u_ddr4_mem_intfc/u_mig_ddr4_phy/inst/generate_block1.u_ddr_xiphy/byte_num[2].xiphy_byte_wrapper.u_xiphy_byte_wrapper/I_CONTROL[0].GEN_I_CONTROL.u_xiphy_control/xiphy_control/TX_DIV4_CLK_Q i_dram_wrapper/i_dram/inst/u_ddr4_mem_intfc/u_mig_ddr4_phy/inst/generate_block1.u_ddr_xiphy/byte_num[2].xiphy_byte_wrapper.u_xiphy_byte_wrapper/I_CONTROL[1].GEN_I_CONTROL.u_xiphy_control/xiphy_control/RX_DIV4_CLK_Q i_dram_wrapper/i_dram/inst/u_ddr4_mem_intfc/u_mig_ddr4_phy/inst/generate_block1.u_ddr_xiphy/byte_num[2].xiphy_byte_wrapper.u_xiphy_byte_wrapper/I_CONTROL[1].GEN_I_CONTROL.u_xiphy_control/xiphy_control/TX_DIV4_CLK_Q i_dram_wrapper/i_dram/inst/u_ddr4_mem_intfc/u_mig_ddr4_phy/inst/generate_block1.u_ddr_xiphy/byte_num[3].xiphy_byte_wrapper.u_xiphy_byte_wrapper/I_CONTROL[0].GEN_I_CONTROL.u_xiphy_control/xiphy_control/RX_DIV4_CLK_Q i_dram_wrapper/i_dram/inst/u_ddr4_mem_intfc/u_mig_ddr4_phy/inst/generate_block1.u_ddr_xiphy/byte_num[3].xiphy_byte_wrapper.u_xiphy_byte_wrapper/I_CONTROL[0].GEN_I_CONTROL.u_xiphy_control/xiphy_control/TX_DIV4_CLK_Q i_dram_wrapper/i_dram/inst/u_ddr4_mem_intfc/u_mig_ddr4_phy/inst/generate_block1.u_ddr_xiphy/byte_num[3].xiphy_byte_wrapper.u_xiphy_byte_wrapper/I_CONTROL[1].GEN_I_CONTROL.u_xiphy_control/xiphy_control/RX_DIV4_CLK_Q i_dram_wrapper/i_dram/inst/u_ddr4_mem_intfc/u_mig_ddr4_phy/inst/generate_block1.u_ddr_xiphy/byte_num[3].xiphy_byte_wrapper.u_xiphy_byte_wrapper/I_CONTROL[1].GEN_I_CONTROL.u_xiphy_control/xiphy_control/TX_DIV4_CLK_Q }

Check Type        Corner  Lib Pin                           Reference Pin  Required(ns)  Actual(ns)  Slack(ns)  Location               Pin
Min Period        n/a     RXTX_BITSLICE/TX_BIT_CTRL_IN[26]  n/a            2.667         3.333       0.666      BITSLICE_RX_TX_X1Y624  i_dram_wrapper/i_dram/inst/u_ddr4_mem_intfc/u_mig_ddr4_phy/inst/generate_block1.u_ddr_xiphy/byte_num[0].xiphy_byte_wrapper.u_xiphy_byte_wrapper/I_BITSLICE_LOWER[0].GEN_RXTX_BITSLICE_EN.u_xiphy_bitslice_lower/xiphy_rxtx_bitslice/TX_BIT_CTRL_IN[26]
Low Pulse Width   Slow    RXTX_BITSLICE/TX_BIT_CTRL_IN[26]  n/a            1.200         1.667       0.467      BITSLICE_RX_TX_X1Y624  i_dram_wrapper/i_dram/inst/u_ddr4_mem_intfc/u_mig_ddr4_phy/inst/generate_block1.u_ddr_xiphy/byte_num[0].xiphy_byte_wrapper.u_xiphy_byte_wrapper/I_BITSLICE_LOWER[0].GEN_RXTX_BITSLICE_EN.u_xiphy_bitslice_lower/xiphy_rxtx_bitslice/TX_BIT_CTRL_IN[26]
High Pulse Width  Slow    RXTX_BITSLICE/TX_BIT_CTRL_IN[26]  n/a            1.200         1.667       0.467      BITSLICE_RX_TX_X1Y638  i_dram_wrapper/i_dram/inst/u_ddr4_mem_intfc/u_mig_ddr4_phy/inst/generate_block1.u_ddr_xiphy/byte_num[0].xiphy_byte_wrapper.u_xiphy_byte_wrapper/I_BITSLICE_LOWER[1].GEN_RXTX_BITSLICE_EN.u_xiphy_bitslice_lower/xiphy_rxtx_bitslice/TX_BIT_CTRL_IN[26]



---------------------------------------------------------------------------------------------------
From Clock:  pll_clk[1]
  To Clock:  pll_clk[1]

Setup :           NA  Failing Endpoints,  Worst Slack           NA  ,  Total Violation           NA
Hold  :           NA  Failing Endpoints,  Worst Slack           NA  ,  Total Violation           NA
PW    :            8  Failing Endpoints,  Worst Slack       -0.029ns,  Total Violation       -0.235ns
---------------------------------------------------------------------------------------------------


Pulse Width Checks
--------------------------------------------------------------------------------------
Clock Name:         pll_clk[1]
Waveform(ns):       { 0.000 0.208 }
Period(ns):         0.417
Sources:            { i_dram_wrapper/i_dram/inst/u_ddr4_mem_intfc/u_mig_ddr4_phy/inst/u_ddr4_phy_pll/plle_loop[1].gen_plle4.PLLE4_BASE_INST_OTHER/CLKOUTPHY }

Check Type        Corner  Lib Pin                   Reference Pin             Required(ns)  Actual(ns)  Slack(ns)  Location  Pin
Min Period        n/a     BITSLICE_CONTROL/PLL_CLK  n/a                       0.375         0.417       0.042                i_dram_wrapper/i_dram/inst/u_ddr4_mem_intfc/u_mig_ddr4_phy/inst/generate_block1.u_ddr_xiphy/byte_num[4].xiphy_byte_wrapper.u_xiphy_byte_wrapper/I_CONTROL[0].GEN_I_CONTROL.u_xiphy_control/xiphy_control/PLL_CLK
Low Pulse Width   Fast    BITSLICE_CONTROL/PLL_CLK  n/a                       0.169         0.208       0.039                i_dram_wrapper/i_dram/inst/u_ddr4_mem_intfc/u_mig_ddr4_phy/inst/generate_block1.u_ddr_xiphy/byte_num[4].xiphy_byte_wrapper.u_xiphy_byte_wrapper/I_CONTROL[0].GEN_I_CONTROL.u_xiphy_control/xiphy_control/PLL_CLK
High Pulse Width  Slow    BITSLICE_CONTROL/PLL_CLK  n/a                       0.169         0.208       0.039                i_dram_wrapper/i_dram/inst/u_ddr4_mem_intfc/u_mig_ddr4_phy/inst/generate_block1.u_ddr_xiphy/byte_num[4].xiphy_byte_wrapper.u_xiphy_byte_wrapper/I_CONTROL[0].GEN_I_CONTROL.u_xiphy_control/xiphy_control/PLL_CLK
Max Skew          Slow    BITSLICE_CONTROL/PLL_CLK  BITSLICE_CONTROL/RIU_CLK  -0.300        -0.271      -0.029               i_dram_wrapper/i_dram/inst/u_ddr4_mem_intfc/u_mig_ddr4_phy/inst/generate_block1.u_ddr_xiphy/byte_num[4].xiphy_byte_wrapper.u_xiphy_byte_wrapper/I_CONTROL[0].GEN_I_CONTROL.u_xiphy_control/xiphy_control/PLL_CLK



---------------------------------------------------------------------------------------------------
From Clock:  pll_clk[1]_DIV
  To Clock:  pll_clk[1]_DIV

Setup :           NA  Failing Endpoints,  Worst Slack           NA  ,  Total Violation           NA
Hold  :           NA  Failing Endpoints,  Worst Slack           NA  ,  Total Violation           NA
PW    :            0  Failing Endpoints,  Worst Slack        0.467ns,  Total Violation        0.000ns
---------------------------------------------------------------------------------------------------


Pulse Width Checks
--------------------------------------------------------------------------------------
Clock Name:         pll_clk[1]_DIV
Waveform(ns):       { 0.000 1.667 }
Period(ns):         3.333
Sources:            { i_dram_wrapper/i_dram/inst/u_ddr4_mem_intfc/u_mig_ddr4_phy/inst/generate_block1.u_ddr_xiphy/byte_num[4].xiphy_byte_wrapper.u_xiphy_byte_wrapper/I_CONTROL[0].GEN_I_CONTROL.u_xiphy_control/xiphy_control/RX_DIV4_CLK_Q i_dram_wrapper/i_dram/inst/u_ddr4_mem_intfc/u_mig_ddr4_phy/inst/generate_block1.u_ddr_xiphy/byte_num[4].xiphy_byte_wrapper.u_xiphy_byte_wrapper/I_CONTROL[0].GEN_I_CONTROL.u_xiphy_control/xiphy_control/TX_DIV4_CLK_Q i_dram_wrapper/i_dram/inst/u_ddr4_mem_intfc/u_mig_ddr4_phy/inst/generate_block1.u_ddr_xiphy/byte_num[4].xiphy_byte_wrapper.u_xiphy_byte_wrapper/I_CONTROL[1].GEN_I_CONTROL.u_xiphy_control/xiphy_control/RX_DIV4_CLK_Q i_dram_wrapper/i_dram/inst/u_ddr4_mem_intfc/u_mig_ddr4_phy/inst/generate_block1.u_ddr_xiphy/byte_num[4].xiphy_byte_wrapper.u_xiphy_byte_wrapper/I_CONTROL[1].GEN_I_CONTROL.u_xiphy_control/xiphy_control/TX_DIV4_CLK_Q i_dram_wrapper/i_dram/inst/u_ddr4_mem_intfc/u_mig_ddr4_phy/inst/generate_block1.u_ddr_xiphy/byte_num[5].xiphy_byte_wrapper.u_xiphy_byte_wrapper/I_CONTROL[0].GEN_I_CONTROL.u_xiphy_control/xiphy_control/RX_DIV4_CLK_Q i_dram_wrapper/i_dram/inst/u_ddr4_mem_intfc/u_mig_ddr4_phy/inst/generate_block1.u_ddr_xiphy/byte_num[5].xiphy_byte_wrapper.u_xiphy_byte_wrapper/I_CONTROL[0].GEN_I_CONTROL.u_xiphy_control/xiphy_control/TX_DIV4_CLK_Q i_dram_wrapper/i_dram/inst/u_ddr4_mem_intfc/u_mig_ddr4_phy/inst/generate_block1.u_ddr_xiphy/byte_num[5].xiphy_byte_wrapper.u_xiphy_byte_wrapper/I_CONTROL[1].GEN_I_CONTROL.u_xiphy_control/xiphy_control/RX_DIV4_CLK_Q i_dram_wrapper/i_dram/inst/u_ddr4_mem_intfc/u_mig_ddr4_phy/inst/generate_block1.u_ddr_xiphy/byte_num[5].xiphy_byte_wrapper.u_xiphy_byte_wrapper/I_CONTROL[1].GEN_I_CONTROL.u_xiphy_control/xiphy_control/TX_DIV4_CLK_Q i_dram_wrapper/i_dram/inst/u_ddr4_mem_intfc/u_mig_ddr4_phy/inst/generate_block1.u_ddr_xiphy/byte_num[6].xiphy_byte_wrapper.u_xiphy_byte_wrapper/I_CONTROL[0].GEN_I_CONTROL.u_xiphy_control/xiphy_control/RX_DIV4_CLK_Q i_dram_wrapper/i_dram/inst/u_ddr4_mem_intfc/u_mig_ddr4_phy/inst/generate_block1.u_ddr_xiphy/byte_num[6].xiphy_byte_wrapper.u_xiphy_byte_wrapper/I_CONTROL[0].GEN_I_CONTROL.u_xiphy_control/xiphy_control/TX_DIV4_CLK_Q i_dram_wrapper/i_dram/inst/u_ddr4_mem_intfc/u_mig_ddr4_phy/inst/generate_block1.u_ddr_xiphy/byte_num[6].xiphy_byte_wrapper.u_xiphy_byte_wrapper/I_CONTROL[1].GEN_I_CONTROL.u_xiphy_control/xiphy_control/RX_DIV4_CLK_Q i_dram_wrapper/i_dram/inst/u_ddr4_mem_intfc/u_mig_ddr4_phy/inst/generate_block1.u_ddr_xiphy/byte_num[6].xiphy_byte_wrapper.u_xiphy_byte_wrapper/I_CONTROL[1].GEN_I_CONTROL.u_xiphy_control/xiphy_control/TX_DIV4_CLK_Q i_dram_wrapper/i_dram/inst/u_ddr4_mem_intfc/u_mig_ddr4_phy/inst/generate_block1.u_ddr_xiphy/byte_num[7].xiphy_byte_wrapper.u_xiphy_byte_wrapper/I_CONTROL[0].GEN_I_CONTROL.u_xiphy_control/xiphy_control/RX_DIV4_CLK_Q i_dram_wrapper/i_dram/inst/u_ddr4_mem_intfc/u_mig_ddr4_phy/inst/generate_block1.u_ddr_xiphy/byte_num[7].xiphy_byte_wrapper.u_xiphy_byte_wrapper/I_CONTROL[0].GEN_I_CONTROL.u_xiphy_control/xiphy_control/TX_DIV4_CLK_Q i_dram_wrapper/i_dram/inst/u_ddr4_mem_intfc/u_mig_ddr4_phy/inst/generate_block1.u_ddr_xiphy/byte_num[7].xiphy_byte_wrapper.u_xiphy_byte_wrapper/I_CONTROL[1].GEN_I_CONTROL.u_xiphy_control/xiphy_control/RX_DIV4_CLK_Q i_dram_wrapper/i_dram/inst/u_ddr4_mem_intfc/u_mig_ddr4_phy/inst/generate_block1.u_ddr_xiphy/byte_num[7].xiphy_byte_wrapper.u_xiphy_byte_wrapper/I_CONTROL[1].GEN_I_CONTROL.u_xiphy_control/xiphy_control/TX_DIV4_CLK_Q }

Check Type        Corner  Lib Pin                           Reference Pin  Required(ns)  Actual(ns)  Slack(ns)  Location               Pin
Min Period        n/a     RXTX_BITSLICE/TX_BIT_CTRL_IN[26]  n/a            2.667         3.333       0.666      BITSLICE_RX_TX_X1Y741  i_dram_wrapper/i_dram/inst/u_ddr4_mem_intfc/u_mig_ddr4_phy/inst/generate_block1.u_ddr_xiphy/byte_num[4].xiphy_byte_wrapper.u_xiphy_byte_wrapper/I_BITSLICE_LOWER[0].GEN_RXTX_BITSLICE_EN.u_xiphy_bitslice_lower/xiphy_rxtx_bitslice/TX_BIT_CTRL_IN[26]
Low Pulse Width   Slow    RXTX_BITSLICE/TX_BIT_CTRL_IN[26]  n/a            1.200         1.667       0.467      BITSLICE_RX_TX_X1Y741  i_dram_wrapper/i_dram/inst/u_ddr4_mem_intfc/u_mig_ddr4_phy/inst/generate_block1.u_ddr_xiphy/byte_num[4].xiphy_byte_wrapper.u_xiphy_byte_wrapper/I_BITSLICE_LOWER[0].GEN_RXTX_BITSLICE_EN.u_xiphy_bitslice_lower/xiphy_rxtx_bitslice/TX_BIT_CTRL_IN[26]
High Pulse Width  Slow    RXTX_BITSLICE/TX_BIT_CTRL_IN[26]  n/a            1.200         1.667       0.467      BITSLICE_RX_TX_X1Y743  i_dram_wrapper/i_dram/inst/u_ddr4_mem_intfc/u_mig_ddr4_phy/inst/generate_block1.u_ddr_xiphy/byte_num[4].xiphy_byte_wrapper.u_xiphy_byte_wrapper/I_BITSLICE_LOWER[2].GEN_RXTX_BITSLICE_EN.u_xiphy_bitslice_lower/xiphy_rxtx_bitslice/TX_BIT_CTRL_IN[26]



---------------------------------------------------------------------------------------------------
From Clock:  pll_clk[2]
  To Clock:  pll_clk[2]

Setup :           NA  Failing Endpoints,  Worst Slack           NA  ,  Total Violation           NA
Hold  :           NA  Failing Endpoints,  Worst Slack           NA  ,  Total Violation           NA
PW    :            4  Failing Endpoints,  Worst Slack       -0.029ns,  Total Violation       -0.117ns
---------------------------------------------------------------------------------------------------


Pulse Width Checks
--------------------------------------------------------------------------------------
Clock Name:         pll_clk[2]
Waveform(ns):       { 0.000 0.208 }
Period(ns):         0.417
Sources:            { i_dram_wrapper/i_dram/inst/u_ddr4_mem_intfc/u_mig_ddr4_phy/inst/u_ddr4_phy_pll/plle_loop[2].gen_plle4.PLLE4_BASE_INST_OTHER/CLKOUTPHY }

Check Type        Corner  Lib Pin                   Reference Pin             Required(ns)  Actual(ns)  Slack(ns)  Location  Pin
Min Period        n/a     BITSLICE_CONTROL/PLL_CLK  n/a                       0.375         0.417       0.042                i_dram_wrapper/i_dram/inst/u_ddr4_mem_intfc/u_mig_ddr4_phy/inst/generate_block1.u_ddr_xiphy/byte_num[8].xiphy_byte_wrapper.u_xiphy_byte_wrapper/I_CONTROL[0].GEN_I_CONTROL.u_xiphy_control/xiphy_control/PLL_CLK
Low Pulse Width   Fast    BITSLICE_CONTROL/PLL_CLK  n/a                       0.169         0.208       0.039                i_dram_wrapper/i_dram/inst/u_ddr4_mem_intfc/u_mig_ddr4_phy/inst/generate_block1.u_ddr_xiphy/byte_num[8].xiphy_byte_wrapper.u_xiphy_byte_wrapper/I_CONTROL[0].GEN_I_CONTROL.u_xiphy_control/xiphy_control/PLL_CLK
High Pulse Width  Slow    BITSLICE_CONTROL/PLL_CLK  n/a                       0.169         0.208       0.039                i_dram_wrapper/i_dram/inst/u_ddr4_mem_intfc/u_mig_ddr4_phy/inst/generate_block1.u_ddr_xiphy/byte_num[8].xiphy_byte_wrapper.u_xiphy_byte_wrapper/I_CONTROL[0].GEN_I_CONTROL.u_xiphy_control/xiphy_control/PLL_CLK
Max Skew          Slow    BITSLICE_CONTROL/PLL_CLK  BITSLICE_CONTROL/RIU_CLK  -0.300        -0.271      -0.029               i_dram_wrapper/i_dram/inst/u_ddr4_mem_intfc/u_mig_ddr4_phy/inst/generate_block1.u_ddr_xiphy/byte_num[8].xiphy_byte_wrapper.u_xiphy_byte_wrapper/I_CONTROL[0].GEN_I_CONTROL.u_xiphy_control/xiphy_control/PLL_CLK



---------------------------------------------------------------------------------------------------
From Clock:  pll_clk[2]_DIV
  To Clock:  pll_clk[2]_DIV

Setup :           NA  Failing Endpoints,  Worst Slack           NA  ,  Total Violation           NA
Hold  :           NA  Failing Endpoints,  Worst Slack           NA  ,  Total Violation           NA
PW    :            0  Failing Endpoints,  Worst Slack        0.467ns,  Total Violation        0.000ns
---------------------------------------------------------------------------------------------------


Pulse Width Checks
--------------------------------------------------------------------------------------
Clock Name:         pll_clk[2]_DIV
Waveform(ns):       { 0.000 1.667 }
Period(ns):         3.333
Sources:            { i_dram_wrapper/i_dram/inst/u_ddr4_mem_intfc/u_mig_ddr4_phy/inst/generate_block1.u_ddr_xiphy/byte_num[8].xiphy_byte_wrapper.u_xiphy_byte_wrapper/I_CONTROL[0].GEN_I_CONTROL.u_xiphy_control/xiphy_control/RX_DIV4_CLK_Q i_dram_wrapper/i_dram/inst/u_ddr4_mem_intfc/u_mig_ddr4_phy/inst/generate_block1.u_ddr_xiphy/byte_num[8].xiphy_byte_wrapper.u_xiphy_byte_wrapper/I_CONTROL[0].GEN_I_CONTROL.u_xiphy_control/xiphy_control/TX_DIV4_CLK_Q i_dram_wrapper/i_dram/inst/u_ddr4_mem_intfc/u_mig_ddr4_phy/inst/generate_block1.u_ddr_xiphy/byte_num[8].xiphy_byte_wrapper.u_xiphy_byte_wrapper/I_CONTROL[1].GEN_I_CONTROL.u_xiphy_control/xiphy_control/RX_DIV4_CLK_Q i_dram_wrapper/i_dram/inst/u_ddr4_mem_intfc/u_mig_ddr4_phy/inst/generate_block1.u_ddr_xiphy/byte_num[8].xiphy_byte_wrapper.u_xiphy_byte_wrapper/I_CONTROL[1].GEN_I_CONTROL.u_xiphy_control/xiphy_control/TX_DIV4_CLK_Q i_dram_wrapper/i_dram/inst/u_ddr4_mem_intfc/u_mig_ddr4_phy/inst/generate_block1.u_ddr_xiphy/byte_num[9].xiphy_byte_wrapper.u_xiphy_byte_wrapper/I_CONTROL[0].GEN_I_CONTROL.u_xiphy_control/xiphy_control/RX_DIV4_CLK_Q i_dram_wrapper/i_dram/inst/u_ddr4_mem_intfc/u_mig_ddr4_phy/inst/generate_block1.u_ddr_xiphy/byte_num[9].xiphy_byte_wrapper.u_xiphy_byte_wrapper/I_CONTROL[0].GEN_I_CONTROL.u_xiphy_control/xiphy_control/TX_DIV4_CLK_Q i_dram_wrapper/i_dram/inst/u_ddr4_mem_intfc/u_mig_ddr4_phy/inst/generate_block1.u_ddr_xiphy/byte_num[9].xiphy_byte_wrapper.u_xiphy_byte_wrapper/I_CONTROL[1].GEN_I_CONTROL.u_xiphy_control/xiphy_control/RX_DIV4_CLK_Q i_dram_wrapper/i_dram/inst/u_ddr4_mem_intfc/u_mig_ddr4_phy/inst/generate_block1.u_ddr_xiphy/byte_num[9].xiphy_byte_wrapper.u_xiphy_byte_wrapper/I_CONTROL[1].GEN_I_CONTROL.u_xiphy_control/xiphy_control/TX_DIV4_CLK_Q }

Check Type        Corner  Lib Pin                           Reference Pin  Required(ns)  Actual(ns)  Slack(ns)  Location               Pin
Min Period        n/a     RXTX_BITSLICE/TX_BIT_CTRL_IN[26]  n/a            2.667         3.333       0.666      BITSLICE_RX_TX_X1Y689  i_dram_wrapper/i_dram/inst/u_ddr4_mem_intfc/u_mig_ddr4_phy/inst/generate_block1.u_ddr_xiphy/byte_num[8].xiphy_byte_wrapper.u_xiphy_byte_wrapper/I_BITSLICE_LOWER[0].GEN_RXTX_BITSLICE_EN.u_xiphy_bitslice_lower/xiphy_rxtx_bitslice/TX_BIT_CTRL_IN[26]
Low Pulse Width   Slow    RXTX_BITSLICE/TX_BIT_CTRL_IN[26]  n/a            1.200         1.667       0.467      BITSLICE_RX_TX_X1Y689  i_dram_wrapper/i_dram/inst/u_ddr4_mem_intfc/u_mig_ddr4_phy/inst/generate_block1.u_ddr_xiphy/byte_num[8].xiphy_byte_wrapper.u_xiphy_byte_wrapper/I_BITSLICE_LOWER[0].GEN_RXTX_BITSLICE_EN.u_xiphy_bitslice_lower/xiphy_rxtx_bitslice/TX_BIT_CTRL_IN[26]
High Pulse Width  Slow    RXTX_BITSLICE/TX_BIT_CTRL_IN[26]  n/a            1.200         1.667       0.467      BITSLICE_RX_TX_X1Y691  i_dram_wrapper/i_dram/inst/u_ddr4_mem_intfc/u_mig_ddr4_phy/inst/generate_block1.u_ddr_xiphy/byte_num[8].xiphy_byte_wrapper.u_xiphy_byte_wrapper/I_BITSLICE_LOWER[2].GEN_RXTX_BITSLICE_EN.u_xiphy_bitslice_lower/xiphy_rxtx_bitslice/TX_BIT_CTRL_IN[26]



---------------------------------------------------------------------------------------------------
From Clock:  mmcm_clkout1
  To Clock:  mmcm_clkout1

Setup :           NA  Failing Endpoints,  Worst Slack           NA  ,  Total Violation           NA
Hold  :           NA  Failing Endpoints,  Worst Slack           NA  ,  Total Violation           NA
PW    :            0  Failing Endpoints,  Worst Slack        8.710ns,  Total Violation        0.000ns
---------------------------------------------------------------------------------------------------


Pulse Width Checks
--------------------------------------------------------------------------------------
Clock Name:         mmcm_clkout1
Waveform(ns):       { 0.000 5.000 }
Period(ns):         10.000
Sources:            { i_dram_wrapper/i_dram/inst/u_ddr4_infrastructure/gen_mmcme4.u_mmcme_adv_inst/CLKOUT1 }

Check Type  Corner  Lib Pin   Reference Pin  Required(ns)  Actual(ns)  Slack(ns)  Location  Pin
Min Period  n/a     BUFGCE/I  n/a            1.290         10.000      8.710                i_dram_wrapper/i_dram/inst/u_ddr4_infrastructure/u_bufg_addn_ui_clk_1/I



---------------------------------------------------------------------------------------------------
From Clock:  mmcm_clkout2
  To Clock:  mmcm_clkout2

Setup :           NA  Failing Endpoints,  Worst Slack           NA  ,  Total Violation           NA
Hold  :           NA  Failing Endpoints,  Worst Slack           NA  ,  Total Violation           NA
PW    :            0  Failing Endpoints,  Worst Slack        2.043ns,  Total Violation        0.000ns
---------------------------------------------------------------------------------------------------


Pulse Width Checks
--------------------------------------------------------------------------------------
Clock Name:         mmcm_clkout2
Waveform(ns):       { 0.000 1.667 }
Period(ns):         3.333
Sources:            { i_dram_wrapper/i_dram/inst/u_ddr4_infrastructure/gen_mmcme4.u_mmcme_adv_inst/CLKOUT2 }

Check Type  Corner  Lib Pin   Reference Pin  Required(ns)  Actual(ns)  Slack(ns)  Location  Pin
Min Period  n/a     BUFGCE/I  n/a            1.290         3.333       2.043                i_dram_wrapper/i_dram/inst/u_ddr4_infrastructure/u_bufg_addn_ui_clk_2/I



---------------------------------------------------------------------------------------------------
From Clock:  mmcm_clkout3
  To Clock:  mmcm_clkout3

Setup :           NA  Failing Endpoints,  Worst Slack           NA  ,  Total Violation           NA
Hold  :           NA  Failing Endpoints,  Worst Slack           NA  ,  Total Violation           NA
PW    :            0  Failing Endpoints,  Worst Slack        2.043ns,  Total Violation        0.000ns
---------------------------------------------------------------------------------------------------


Pulse Width Checks
--------------------------------------------------------------------------------------
Clock Name:         mmcm_clkout3
Waveform(ns):       { 0.000 1.667 }
Period(ns):         3.333
Sources:            { i_dram_wrapper/i_dram/inst/u_ddr4_infrastructure/gen_mmcme4.u_mmcme_adv_inst/CLKOUT3 }

Check Type  Corner  Lib Pin   Reference Pin  Required(ns)  Actual(ns)  Slack(ns)  Location  Pin
Min Period  n/a     BUFGCE/I  n/a            1.290         3.333       2.043                i_dram_wrapper/i_dram/inst/u_ddr4_infrastructure/u_bufg_addn_ui_clk_3/I



---------------------------------------------------------------------------------------------------
From Clock:  mmcm_clkout4
  To Clock:  mmcm_clkout4

Setup :           NA  Failing Endpoints,  Worst Slack           NA  ,  Total Violation           NA
Hold  :           NA  Failing Endpoints,  Worst Slack           NA  ,  Total Violation           NA
PW    :            0  Failing Endpoints,  Worst Slack        2.043ns,  Total Violation        0.000ns
---------------------------------------------------------------------------------------------------


Pulse Width Checks
--------------------------------------------------------------------------------------
Clock Name:         mmcm_clkout4
Waveform(ns):       { 0.000 1.667 }
Period(ns):         3.333
Sources:            { i_dram_wrapper/i_dram/inst/u_ddr4_infrastructure/gen_mmcme4.u_mmcme_adv_inst/CLKOUT4 }

Check Type  Corner  Lib Pin   Reference Pin  Required(ns)  Actual(ns)  Slack(ns)  Location  Pin
Min Period  n/a     BUFGCE/I  n/a            1.290         3.333       2.043                i_dram_wrapper/i_dram/inst/u_ddr4_infrastructure/u_bufg_addn_ui_clk_4/I



---------------------------------------------------------------------------------------------------
From Clock:  mmcm_clkout5
  To Clock:  mmcm_clkout5

Setup :           NA  Failing Endpoints,  Worst Slack           NA  ,  Total Violation           NA
Hold  :           NA  Failing Endpoints,  Worst Slack           NA  ,  Total Violation           NA
PW    :            0  Failing Endpoints,  Worst Slack       12.043ns,  Total Violation        0.000ns
---------------------------------------------------------------------------------------------------


Pulse Width Checks
--------------------------------------------------------------------------------------
Clock Name:         mmcm_clkout5
Waveform(ns):       { 0.000 6.667 }
Period(ns):         13.333
Sources:            { i_dram_wrapper/i_dram/inst/u_ddr4_infrastructure/gen_mmcme4.u_mmcme_adv_inst/CLKOUT5 }

Check Type  Corner  Lib Pin   Reference Pin  Required(ns)  Actual(ns)  Slack(ns)  Location  Pin
Min Period  n/a     BUFGCE/I  n/a            1.290         13.333      12.043               i_dram_wrapper/i_dram/inst/u_ddr4_infrastructure/u_bufg_dbg_clk/I



---------------------------------------------------------------------------------------------------
From Clock:  mmcm_clkout6
  To Clock:  mmcm_clkout6

Setup :            0  Failing Endpoints,  Worst Slack        4.150ns,  Total Violation        0.000ns
Hold  :         2355  Failing Endpoints,  Worst Slack       -0.098ns,  Total Violation     -106.521ns
PW    :            0  Failing Endpoints,  Worst Slack        0.561ns,  Total Violation        0.000ns
---------------------------------------------------------------------------------------------------


Max Delay Paths
--------------------------------------------------------------------------------------
Slack (MET) :             4.150ns  (required time - arrival time)
  Source:                 i_dram_wrapper/i_dram/inst/u_ddr4_mem_intfc/u_ddr_cal_riu/io_address_riuclk_reg[22]/C
                            (rising edge-triggered cell FDRE clocked by mmcm_clkout6  {rise@0.000ns fall@3.333ns period=6.667ns})
  Destination:            i_dram_wrapper/i_dram/inst/u_ddr4_mem_intfc/u_ddr_cal_riu/io_ready_ub_reg/D
                            (rising edge-triggered cell FDRE clocked by mmcm_clkout6  {rise@0.000ns fall@3.333ns period=6.667ns})
  Path Group:             mmcm_clkout6
  Path Type:              Setup (Max at Slow Process Corner)
  Requirement:            6.667ns  (mmcm_clkout6 rise@6.667ns - mmcm_clkout6 rise@0.000ns)
  Data Path Delay:        2.340ns  (logic 0.481ns (20.556%)  route 1.859ns (79.444%))
  Logic Levels:           9  (LUT1=1 LUT4=1 LUT5=1 LUT6=6)
  Clock Path Skew:        -0.145ns (DCD - SCD + CPR)
    Destination Clock Delay (DCD):    6.595ns = ( 13.262 - 6.667 ) 
    Source Clock Delay      (SCD):    6.313ns
    Clock Pessimism Removal (CPR):    -0.428ns
  Clock Uncertainty:      0.056ns  ((TSJ^2 + DJ^2)^1/2) / 2 + PE
    Total System Jitter     (TSJ):    0.071ns
    Discrete Jitter          (DJ):    0.087ns
    Phase Error              (PE):    0.000ns

    Location             Delay type                Incr(ns)  Path(ns)    Netlist Resource(s)
  -------------------------------------------------------------------    -------------------
                         (clock mmcm_clkout6 rise edge)
                                                      0.000     0.000 r  
    E12                                               0.000     0.000 r  sys_clk_p (IN)
                         net (fo=0)                   0.000     0.000    i_bufds_sys_clk/I
    HPIOBDIFFINBUF_X1Y300
                         DIFFINBUF (Prop_DIFFINBUF_HPIOBDIFFINBUF_DIFF_IN_P_O)
                                                      0.675     0.675 r  i_bufds_sys_clk/DIFFINBUF_INST/O
                         net (fo=1, estimated)        0.050     0.725    i_bufds_sys_clk/OUT
    E12                  IBUFCTRL (Prop_IBUFCTRL_HPIOB_M_I_O)
                                                      0.000     0.725 r  i_bufds_sys_clk/IBUFCTRL_INST/O
                         net (fo=3, unplaced)         0.276     1.001    i_dram_wrapper/i_dram/inst/u_ddr4_mem_intfc/u_mig_ddr4_phy/inst/u_ddr4_phy_pll/sys_clk_i
                         BUFGCE (Prop_BUFGCE_I_O)     0.028     1.029 r  i_dram_wrapper/i_dram/inst/u_ddr4_mem_intfc/u_mig_ddr4_phy/inst/u_ddr4_phy_pll/gen_bufg_backbone.u__bufg_backbone/O
                         net (fo=1, unplaced)         2.584     3.613    i_dram_wrapper/i_dram/inst/u_ddr4_infrastructure/mmcm_clk_in
                         MMCME4_ADV (Prop_MMCME4_ADV_CLKIN1_CLKOUT6)
                                                     -0.127     3.486 r  i_dram_wrapper/i_dram/inst/u_ddr4_infrastructure/gen_mmcme4.u_mmcme_adv_inst/CLKOUT6
                         net (fo=1, unplaced)         0.215     3.701    i_dram_wrapper/i_dram/inst/u_ddr4_infrastructure/mmcm_clkout6
                         BUFGCE (Prop_BUFGCE_I_O)     0.028     3.729 r  i_dram_wrapper/i_dram/inst/u_ddr4_infrastructure/u_bufg_riuClk/O
                         net (fo=2409, unplaced)      2.584     6.313    i_dram_wrapper/i_dram/inst/u_ddr4_mem_intfc/u_ddr_cal_riu/CLK
                         FDRE                                         r  i_dram_wrapper/i_dram/inst/u_ddr4_mem_intfc/u_ddr_cal_riu/io_address_riuclk_reg[22]/C
  -------------------------------------------------------------------    -------------------
                         FDRE (Prop_FDRE_C_Q)         0.077     6.390 r  i_dram_wrapper/i_dram/inst/u_ddr4_mem_intfc/u_ddr_cal_riu/io_address_riuclk_reg[22]/Q
                         net (fo=42, unplaced)        0.168     6.558    i_dram_wrapper/i_dram/inst/u_ddr4_mem_intfc/u_mig_ddr4_phy/inst/io_address_riuclk[22]
                         LUT4 (Prop_LUT4_I0_O)        0.100     6.658 r  i_dram_wrapper/i_dram/inst/u_ddr4_mem_intfc/u_mig_ddr4_phy/inst/riu_nibble_8[0]_INST_0_i_6/O
                         net (fo=2, unplaced)         0.197     6.855    i_dram_wrapper/i_dram/inst/u_ddr4_mem_intfc/u_mig_ddr4_phy/inst/riu_nibble_8[0]_INST_0_i_6_n_0
                         LUT5 (Prop_LUT5_I1_O)        0.038     6.893 r  i_dram_wrapper/i_dram/inst/u_ddr4_mem_intfc/u_mig_ddr4_phy/inst/riu_nibble_8[0]_INST_0_i_1/O
                         net (fo=33, unplaced)        0.258     7.151    i_dram_wrapper/i_dram/inst/u_ddr4_mem_intfc/u_mig_ddr4_phy/inst/io_address_riuclk_reg[18]
                         LUT6 (Prop_LUT6_I1_O)        0.038     7.189 r  i_dram_wrapper/i_dram/inst/u_ddr4_mem_intfc/u_mig_ddr4_phy/inst/riu_addr_cal[4]_INST_0_i_22/O
                         net (fo=1, unplaced)         0.197     7.386    i_dram_wrapper/i_dram/inst/u_ddr4_mem_intfc/u_mig_ddr4_phy/inst/riu_addr_cal[4]_INST_0_i_22_n_0
                         LUT6 (Prop_LUT6_I0_O)        0.038     7.424 r  i_dram_wrapper/i_dram/inst/u_ddr4_mem_intfc/u_mig_ddr4_phy/inst/riu_addr_cal[4]_INST_0_i_7/O
                         net (fo=1, unplaced)         0.197     7.621    i_dram_wrapper/i_dram/inst/u_ddr4_mem_intfc/u_mig_ddr4_phy/inst/riu_addr_cal[4]_INST_0_i_7_n_0
                         LUT6 (Prop_LUT6_I5_O)        0.038     7.659 f  i_dram_wrapper/i_dram/inst/u_ddr4_mem_intfc/u_mig_ddr4_phy/inst/riu_addr_cal[4]_INST_0_i_1/O
                         net (fo=2, unplaced)         0.197     7.856    i_dram_wrapper/i_dram/inst/u_ddr4_mem_intfc/u_mig_ddr4_phy/inst/riu_addr_cal[4]_INST_0_i_1_n_0
                         LUT1 (Prop_LUT1_I0_O)        0.038     7.894 r  i_dram_wrapper/i_dram/inst/u_ddr4_mem_intfc/u_mig_ddr4_phy/inst/riu_addr_cal[4]_INST_0/O
                         net (fo=3, unplaced)         0.203     8.097    i_dram_wrapper/i_dram/inst/u_ddr4_mem_intfc/u_ddr_cal_riu/riu_addr_cal[4]
                         LUT6 (Prop_LUT6_I0_O)        0.038     8.135 r  i_dram_wrapper/i_dram/inst/u_ddr4_mem_intfc/u_ddr_cal_riu/sample_gts_flag_i_2/O
                         net (fo=2, unplaced)         0.197     8.332    i_dram_wrapper/i_dram/inst/u_ddr4_mem_intfc/u_ddr_cal_riu/sample_gts_flag_i_2_n_0
                         LUT6 (Prop_LUT6_I5_O)        0.038     8.370 r  i_dram_wrapper/i_dram/inst/u_ddr4_mem_intfc/u_ddr_cal_riu/io_ready_ub_i_2/O
                         net (fo=1, unplaced)         0.197     8.567    i_dram_wrapper/i_dram/inst/u_ddr4_mem_intfc/u_ddr_cal_riu/io_ready_ub_i_2_n_0
                         LUT6 (Prop_LUT6_I0_O)        0.038     8.605 r  i_dram_wrapper/i_dram/inst/u_ddr4_mem_intfc/u_ddr_cal_riu/io_ready_ub_i_1/O
                         net (fo=1, unplaced)         0.048     8.653    i_dram_wrapper/i_dram/inst/u_ddr4_mem_intfc/u_ddr_cal_riu/io_ready_ub_i_1_n_0
                         FDRE                                         r  i_dram_wrapper/i_dram/inst/u_ddr4_mem_intfc/u_ddr_cal_riu/io_ready_ub_reg/D
  -------------------------------------------------------------------    -------------------

                         (clock mmcm_clkout6 rise edge)
                                                      6.667     6.667 r  
    E12                                               0.000     6.667 r  sys_clk_p (IN)
                         net (fo=0)                   0.000     6.667    i_bufds_sys_clk/I
    HPIOBDIFFINBUF_X1Y300
                         DIFFINBUF (Prop_DIFFINBUF_HPIOBDIFFINBUF_DIFF_IN_P_O)
                                                      0.564     7.231 r  i_bufds_sys_clk/DIFFINBUF_INST/O
                         net (fo=1, estimated)        0.040     7.271    i_bufds_sys_clk/OUT
    E12                  IBUFCTRL (Prop_IBUFCTRL_HPIOB_M_I_O)
                                                      0.000     7.271 r  i_bufds_sys_clk/IBUFCTRL_INST/O
                         net (fo=3, unplaced)         0.247     7.518    i_dram_wrapper/i_dram/inst/u_ddr4_mem_intfc/u_mig_ddr4_phy/inst/u_ddr4_phy_pll/sys_clk_i
                         BUFGCE (Prop_BUFGCE_I_O)     0.024     7.542 r  i_dram_wrapper/i_dram/inst/u_ddr4_mem_intfc/u_mig_ddr4_phy/inst/u_ddr4_phy_pll/gen_bufg_backbone.u__bufg_backbone/O
                         net (fo=1, unplaced)         2.439     9.981    i_dram_wrapper/i_dram/inst/u_ddr4_infrastructure/mmcm_clk_in
                         MMCME4_ADV (Prop_MMCME4_ADV_CLKIN1_CLKOUT6)
                                                      0.630    10.611 r  i_dram_wrapper/i_dram/inst/u_ddr4_infrastructure/gen_mmcme4.u_mmcme_adv_inst/CLKOUT6
                         net (fo=1, unplaced)         0.188    10.799    i_dram_wrapper/i_dram/inst/u_ddr4_infrastructure/mmcm_clkout6
                         BUFGCE (Prop_BUFGCE_I_O)     0.024    10.823 r  i_dram_wrapper/i_dram/inst/u_ddr4_infrastructure/u_bufg_riuClk/O
                         net (fo=2409, unplaced)      2.439    13.262    i_dram_wrapper/i_dram/inst/u_ddr4_mem_intfc/u_ddr_cal_riu/CLK
                         FDRE                                         r  i_dram_wrapper/i_dram/inst/u_ddr4_mem_intfc/u_ddr_cal_riu/io_ready_ub_reg/C
                         clock pessimism             -0.428    12.834    
                         clock uncertainty           -0.056    12.778    
                         FDRE (Setup_FDRE_C_D)        0.025    12.803    i_dram_wrapper/i_dram/inst/u_ddr4_mem_intfc/u_ddr_cal_riu/io_ready_ub_reg
  -------------------------------------------------------------------
                         required time                         12.803    
                         arrival time                          -8.653    
  -------------------------------------------------------------------
                         slack                                  4.150    





Min Delay Paths
--------------------------------------------------------------------------------------
Slack (VIOLATED) :        -0.098ns  (arrival time - required time)
  Source:                 i_dram_wrapper/i_dram/inst/u_ddr4_mem_intfc/u_ddr_cal_riu/mcs0/inst/microblaze_I/U0/MicroBlaze_Core_I/Performance.Core/Data_Flow_I/Using_Div_Unit.Div_unit_I1/R_reg[32]/C
                            (rising edge-triggered cell FDRE clocked by mmcm_clkout6  {rise@0.000ns fall@3.333ns period=6.667ns})
  Destination:            i_dram_wrapper/i_dram/inst/u_ddr4_mem_intfc/u_ddr_cal_riu/mcs0/inst/microblaze_I/U0/MicroBlaze_Core_I/Performance.Core/Data_Flow_I/Using_Div_Unit.Div_unit_I1/R_reg[31]/D
                            (rising edge-triggered cell FDRE clocked by mmcm_clkout6  {rise@0.000ns fall@3.333ns period=6.667ns})
  Path Group:             mmcm_clkout6
  Path Type:              Hold (Min at Fast Process Corner)
  Requirement:            0.000ns  (mmcm_clkout6 rise@0.000ns - mmcm_clkout6 rise@0.000ns)
  Data Path Delay:        0.093ns  (logic 0.086ns (92.473%)  route 0.007ns (7.527%))
  Logic Levels:           1  (CARRY8=1)
  Clock Path Skew:        0.145ns (DCD - SCD - CPR)
    Destination Clock Delay (DCD):    3.047ns
    Source Clock Delay      (SCD):    3.116ns
    Clock Pessimism Removal (CPR):    -0.215ns

    Location             Delay type                Incr(ns)  Path(ns)    Netlist Resource(s)
  -------------------------------------------------------------------    -------------------
                         (clock mmcm_clkout6 rise edge)
                                                      0.000     0.000 r  
    E12                                               0.000     0.000 r  sys_clk_p (IN)
                         net (fo=0)                   0.000     0.000    i_bufds_sys_clk/I
    HPIOBDIFFINBUF_X1Y300
                         DIFFINBUF (Prop_DIFFINBUF_HPIOBDIFFINBUF_DIFF_IN_P_O)
                                                      0.340     0.340 r  i_bufds_sys_clk/DIFFINBUF_INST/O
                         net (fo=1, estimated)        0.040     0.380    i_bufds_sys_clk/OUT
    E12                  IBUFCTRL (Prop_IBUFCTRL_HPIOB_M_I_O)
                                                      0.000     0.380 r  i_bufds_sys_clk/IBUFCTRL_INST/O
                         net (fo=3, unplaced)         0.116     0.496    i_dram_wrapper/i_dram/inst/u_ddr4_mem_intfc/u_mig_ddr4_phy/inst/u_ddr4_phy_pll/sys_clk_i
                         BUFGCE (Prop_BUFGCE_I_O)     0.017     0.513 r  i_dram_wrapper/i_dram/inst/u_ddr4_mem_intfc/u_mig_ddr4_phy/inst/u_ddr4_phy_pll/gen_bufg_backbone.u__bufg_backbone/O
                         net (fo=1, unplaced)         1.114     1.627    i_dram_wrapper/i_dram/inst/u_ddr4_infrastructure/mmcm_clk_in
                         MMCME4_ADV (Prop_MMCME4_ADV_CLKIN1_CLKOUT6)
                                                      0.230     1.857 r  i_dram_wrapper/i_dram/inst/u_ddr4_infrastructure/gen_mmcme4.u_mmcme_adv_inst/CLKOUT6
                         net (fo=1, unplaced)         0.128     1.985    i_dram_wrapper/i_dram/inst/u_ddr4_infrastructure/mmcm_clkout6
                         BUFGCE (Prop_BUFGCE_I_O)     0.017     2.002 r  i_dram_wrapper/i_dram/inst/u_ddr4_infrastructure/u_bufg_riuClk/O
                         net (fo=2409, unplaced)      1.114     3.116    i_dram_wrapper/i_dram/inst/u_ddr4_mem_intfc/u_ddr_cal_riu/mcs0/inst/microblaze_I/U0/MicroBlaze_Core_I/Performance.Core/Data_Flow_I/Using_Div_Unit.Div_unit_I1/Clk
                         FDRE                                         r  i_dram_wrapper/i_dram/inst/u_ddr4_mem_intfc/u_ddr_cal_riu/mcs0/inst/microblaze_I/U0/MicroBlaze_Core_I/Performance.Core/Data_Flow_I/Using_Div_Unit.Div_unit_I1/R_reg[32]/C
  -------------------------------------------------------------------    -------------------
                         FDRE (Prop_FDRE_C_Q)         0.039     3.155 r  i_dram_wrapper/i_dram/inst/u_ddr4_mem_intfc/u_ddr_cal_riu/mcs0/inst/microblaze_I/U0/MicroBlaze_Core_I/Performance.Core/Data_Flow_I/Using_Div_Unit.Div_unit_I1/R_reg[32]/Q
                         net (fo=1, unplaced)         0.000     3.155    i_dram_wrapper/i_dram/inst/u_ddr4_mem_intfc/u_ddr_cal_riu/mcs0/inst/microblaze_I/U0/MicroBlaze_Core_I/Performance.Core/Data_Flow_I/Using_Div_Unit.Div_unit_I1/R[32]
                         CARRY8 (Prop_CARRY8_CI_O[0])
                                                      0.047     3.202 r  i_dram_wrapper/i_dram/inst/u_ddr4_mem_intfc/u_ddr_cal_riu/mcs0/inst/microblaze_I/U0/MicroBlaze_Core_I/Performance.Core/Data_Flow_I/Using_Div_Unit.Div_unit_I1/R1_carry/O[0]
                         net (fo=1, unplaced)         0.007     3.209    i_dram_wrapper/i_dram/inst/u_ddr4_mem_intfc/u_ddr_cal_riu/mcs0/inst/microblaze_I/U0/MicroBlaze_Core_I/Performance.Core/Data_Flow_I/Using_Div_Unit.Div_unit_I1/p_2_in[1]
                         FDRE                                         r  i_dram_wrapper/i_dram/inst/u_ddr4_mem_intfc/u_ddr_cal_riu/mcs0/inst/microblaze_I/U0/MicroBlaze_Core_I/Performance.Core/Data_Flow_I/Using_Div_Unit.Div_unit_I1/R_reg[31]/D
  -------------------------------------------------------------------    -------------------

                         (clock mmcm_clkout6 rise edge)
                                                      0.000     0.000 r  
    E12                                               0.000     0.000 r  sys_clk_p (IN)
                         net (fo=0)                   0.000     0.000    i_bufds_sys_clk/I
    HPIOBDIFFINBUF_X1Y300
                         DIFFINBUF (Prop_DIFFINBUF_HPIOBDIFFINBUF_DIFF_IN_P_O)
                                                      0.446     0.446 r  i_bufds_sys_clk/DIFFINBUF_INST/O
                         net (fo=1, estimated)        0.050     0.496    i_bufds_sys_clk/OUT
    E12                  IBUFCTRL (Prop_IBUFCTRL_HPIOB_M_I_O)
                                                      0.000     0.496 r  i_bufds_sys_clk/IBUFCTRL_INST/O
                         net (fo=3, unplaced)         0.147     0.643    i_dram_wrapper/i_dram/inst/u_ddr4_mem_intfc/u_mig_ddr4_phy/inst/u_ddr4_phy_pll/sys_clk_i
                         BUFGCE (Prop_BUFGCE_I_O)     0.019     0.662 r  i_dram_wrapper/i_dram/inst/u_ddr4_mem_intfc/u_mig_ddr4_phy/inst/u_ddr4_phy_pll/gen_bufg_backbone.u__bufg_backbone/O
                         net (fo=1, unplaced)         1.259     1.921    i_dram_wrapper/i_dram/inst/u_ddr4_infrastructure/mmcm_clk_in
                         MMCME4_ADV (Prop_MMCME4_ADV_CLKIN1_CLKOUT6)
                                                     -0.295     1.626 r  i_dram_wrapper/i_dram/inst/u_ddr4_infrastructure/gen_mmcme4.u_mmcme_adv_inst/CLKOUT6
                         net (fo=1, unplaced)         0.143     1.769    i_dram_wrapper/i_dram/inst/u_ddr4_infrastructure/mmcm_clkout6
                         BUFGCE (Prop_BUFGCE_I_O)     0.019     1.788 r  i_dram_wrapper/i_dram/inst/u_ddr4_infrastructure/u_bufg_riuClk/O
                         net (fo=2409, unplaced)      1.259     3.047    i_dram_wrapper/i_dram/inst/u_ddr4_mem_intfc/u_ddr_cal_riu/mcs0/inst/microblaze_I/U0/MicroBlaze_Core_I/Performance.Core/Data_Flow_I/Using_Div_Unit.Div_unit_I1/Clk
                         FDRE                                         r  i_dram_wrapper/i_dram/inst/u_ddr4_mem_intfc/u_ddr_cal_riu/mcs0/inst/microblaze_I/U0/MicroBlaze_Core_I/Performance.Core/Data_Flow_I/Using_Div_Unit.Div_unit_I1/R_reg[31]/C
                         clock pessimism              0.215     3.261    
                         FDRE (Hold_FDRE_C_D)         0.046     3.307    i_dram_wrapper/i_dram/inst/u_ddr4_mem_intfc/u_ddr_cal_riu/mcs0/inst/microblaze_I/U0/MicroBlaze_Core_I/Performance.Core/Data_Flow_I/Using_Div_Unit.Div_unit_I1/R_reg[31]
  -------------------------------------------------------------------
                         required time                         -3.307    
                         arrival time                           3.209    
  -------------------------------------------------------------------
                         slack                                 -0.098    





Pulse Width Checks
--------------------------------------------------------------------------------------
Clock Name:         mmcm_clkout6
Waveform(ns):       { 0.000 3.333 }
Period(ns):         6.667
Sources:            { i_dram_wrapper/i_dram/inst/u_ddr4_infrastructure/gen_mmcme4.u_mmcme_adv_inst/CLKOUT6 }

Check Type        Corner  Lib Pin                   Reference Pin             Required(ns)  Actual(ns)  Slack(ns)  Location  Pin
Min Period        n/a     BITSLICE_CONTROL/RIU_CLK  n/a                       3.846         6.667       2.821                i_dram_wrapper/i_dram/inst/u_ddr4_mem_intfc/u_mig_ddr4_phy/inst/generate_block1.u_ddr_xiphy/byte_num[0].xiphy_byte_wrapper.u_xiphy_byte_wrapper/I_CONTROL[0].GEN_I_CONTROL.u_xiphy_control/xiphy_control/RIU_CLK
Low Pulse Width   Slow    BITSLICE_CONTROL/RIU_CLK  n/a                       1.731         3.333       1.602                i_dram_wrapper/i_dram/inst/u_ddr4_mem_intfc/u_mig_ddr4_phy/inst/generate_block1.u_ddr_xiphy/byte_num[0].xiphy_byte_wrapper.u_xiphy_byte_wrapper/I_CONTROL[0].GEN_I_CONTROL.u_xiphy_control/xiphy_control/RIU_CLK
High Pulse Width  Fast    BITSLICE_CONTROL/RIU_CLK  n/a                       1.731         3.333       1.602                i_dram_wrapper/i_dram/inst/u_ddr4_mem_intfc/u_mig_ddr4_phy/inst/generate_block1.u_ddr_xiphy/byte_num[0].xiphy_byte_wrapper.u_xiphy_byte_wrapper/I_CONTROL[0].GEN_I_CONTROL.u_xiphy_control/xiphy_control/RIU_CLK
Max Skew          Slow    BITSLICE_CONTROL/RIU_CLK  BITSLICE_CONTROL/PLL_CLK  1.985         1.424       0.561                i_dram_wrapper/i_dram/inst/u_ddr4_mem_intfc/u_mig_ddr4_phy/inst/generate_block1.u_ddr_xiphy/byte_num[0].xiphy_byte_wrapper.u_xiphy_byte_wrapper/I_CONTROL[0].GEN_I_CONTROL.u_xiphy_control/xiphy_control/RIU_CLK



---------------------------------------------------------------------------------------------------
From Clock:  input port clock
  To Clock:  clk_50_clkwiz

Setup :            0  Failing Endpoints,  Worst Slack       70.875ns,  Total Violation        0.000ns
Hold  :           NA  Failing Endpoints,  Worst Slack           NA  ,  Total Violation           NA
---------------------------------------------------------------------------------------------------


Max Delay Paths
--------------------------------------------------------------------------------------
Slack (MET) :             70.875ns  (required time - arrival time)
  Source:                 uart_rx_i
                            (input port)
  Destination:            i_cheshire_soc/gen_uart.i_uart/i_apb_uart/UART_IS_SIN/iD_reg[0]/D
                            (rising edge-triggered cell FDCE clocked by clk_50_clkwiz  {rise@0.000ns fall@10.000ns period=20.000ns})
  Path Group:             clk_50_clkwiz
  Path Type:              Setup (Max at Fast Process Corner)
  Requirement:            70.000ns  (MaxDelay Path 70.000ns)
  Data Path Delay:        0.950ns  (logic 0.383ns (40.291%)  route 0.567ns (59.709%))
  Logic Levels:           2  (IBUFCTRL=1 INBUF=1)
  Clock Path Skew:        2.035ns (DCD - SCD + CPR)
    Destination Clock Delay (DCD):    2.035ns
    Source Clock Delay      (SCD):    0.000ns
    Clock Pessimism Removal (CPR):    0.000ns
  Clock Uncertainty:      0.234ns  ((TSJ^2 + DJ^2)^1/2) / 2 + PE
    Total System Jitter     (TSJ):    0.050ns
    Discrete Jitter          (DJ):    0.150ns
    Phase Error              (PE):    0.155ns
  Timing Exception:       MaxDelay Path 70.000ns

    Location             Delay type                Incr(ns)  Path(ns)    Netlist Resource(s)
  -------------------------------------------------------------------    -------------------
    AW25                                              0.000     0.000 r  uart_rx_i (IN)
                         net (fo=0)                   0.000     0.000    uart_rx_i_IBUF_inst/I
    AW25                 INBUF (Prop_INBUF_HPIOB_M_PAD_O)
                                                      0.383     0.383 r  uart_rx_i_IBUF_inst/INBUF_INST/O
                         net (fo=1, routed)           0.000     0.383    uart_rx_i_IBUF_inst/OUT
    AW25                 IBUFCTRL (Prop_IBUFCTRL_HPIOB_M_I_O)
                                                      0.000     0.383 r  uart_rx_i_IBUF_inst/IBUFCTRL_INST/O
                         net (fo=1, unplaced)         0.567     0.950    i_cheshire_soc/gen_uart.i_uart/i_apb_uart/UART_IS_SIN/D
                         FDCE                                         r  i_cheshire_soc/gen_uart.i_uart/i_apb_uart/UART_IS_SIN/iD_reg[0]/D
  -------------------------------------------------------------------    -------------------

                         max delay                   70.000    70.000    
    E12                                               0.000    70.000 r  sys_clk_p (IN)
                         net (fo=0)                   0.000    70.000    i_bufds_sys_clk/I
    HPIOBDIFFINBUF_X1Y300
                         DIFFINBUF (Prop_DIFFINBUF_HPIOBDIFFINBUF_DIFF_IN_P_O)
                                                      0.340    70.340 r  i_bufds_sys_clk/DIFFINBUF_INST/O
                         net (fo=1, estimated)        0.040    70.380    i_bufds_sys_clk/OUT
    E12                  IBUFCTRL (Prop_IBUFCTRL_HPIOB_M_I_O)
                                                      0.000    70.380 r  i_bufds_sys_clk/IBUFCTRL_INST/O
                         net (fo=3, unplaced)         0.176    70.556    i_clkwiz/inst/clk_in1
                         MMCME4_ADV (Prop_MMCME4_ADV_CLKIN1_CLKOUT0)
                                                      0.230    70.786 r  i_clkwiz/inst/mmcme4_adv_inst/CLKOUT0
                         net (fo=1, unplaced)         0.118    70.904    i_clkwiz/inst/clk_50_clkwiz
                         BUFGCE (Prop_BUFGCE_I_O)     0.017    70.921 r  i_clkwiz/inst/clkout1_buf/O
                         net (fo=199447, unplaced)    1.114    72.035    i_cheshire_soc/gen_uart.i_uart/i_apb_uart/UART_IS_SIN/CLK
                         FDCE                                         r  i_cheshire_soc/gen_uart.i_uart/i_apb_uart/UART_IS_SIN/iD_reg[0]/C
                         clock pessimism              0.000    72.035    
                         clock uncertainty           -0.234    71.801    
                         FDCE (Setup_FDCE_C_D)        0.023    71.824    i_cheshire_soc/gen_uart.i_uart/i_apb_uart/UART_IS_SIN/iD_reg[0]
  -------------------------------------------------------------------
                         required time                         71.824    
                         arrival time                          -0.950    
  -------------------------------------------------------------------
                         slack                                 70.875    





---------------------------------------------------------------------------------------------------
From Clock:  mmcm_clkout0
  To Clock:  clk_50_clkwiz

Setup :            0  Failing Endpoints,  Worst Slack        2.158ns,  Total Violation        0.000ns
Hold  :            1  Failing Endpoint ,  Worst Slack       -0.264ns,  Total Violation       -0.264ns
---------------------------------------------------------------------------------------------------


Max Delay Paths
--------------------------------------------------------------------------------------
Slack (MET) :             2.158ns  (required time - arrival time)
  Source:                 i_dram_wrapper/gen_cdc.i_axi_cdc_mig/i_axi_cdc_dst/i_cdc_fifo_gray_src_b/data_q_reg[27][id][0]/C
                            (rising edge-triggered cell FDCE clocked by mmcm_clkout0  {rise@0.000ns fall@1.667ns period=3.333ns})
  Destination:            i_dram_wrapper/gen_cdc.i_axi_cdc_mig/i_axi_cdc_src/i_cdc_fifo_gray_dst_b/i_spill_register/spill_register_flushable_i/gen_spill_reg.a_data_q_reg[id][0]/D
                            (rising edge-triggered cell FDCE clocked by clk_50_clkwiz  {rise@0.000ns fall@10.000ns period=20.000ns})
  Path Group:             clk_50_clkwiz
  Path Type:              Setup (Max at Slow Process Corner)
  Requirement:            3.333ns  (clk_50_clkwiz rise@20.000ns - mmcm_clkout0 rise@16.667ns)
  Data Path Delay:        0.739ns  (logic 0.393ns (53.180%)  route 0.346ns (46.820%))
  Logic Levels:           3  (LUT6=2 MUXF7=1)
  Clock Path Skew:        -0.172ns (DCD - SCD + CPR)
    Destination Clock Delay (DCD):    4.185ns = ( 24.185 - 20.000 ) 
    Source Clock Delay      (SCD):    8.155ns = ( 24.822 - 16.667 ) 
    Clock Pessimism Removal (CPR):    3.798ns
  Clock Uncertainty:      0.290ns  ((TSJ^2 + DJ^2)^1/2) / 2 + PE
    Total System Jitter     (TSJ):    0.071ns
    Discrete Jitter          (DJ):    0.227ns
    Phase Error              (PE):    0.171ns

    Location             Delay type                Incr(ns)  Path(ns)    Netlist Resource(s)
  -------------------------------------------------------------------    -------------------
                         (clock mmcm_clkout0 rise edge)
                                                     16.667    16.667 r  
    E12                                               0.000    16.667 r  sys_clk_p (IN)
                         net (fo=0)                   0.000    16.667    i_bufds_sys_clk/I
    HPIOBDIFFINBUF_X1Y300
                         DIFFINBUF (Prop_DIFFINBUF_HPIOBDIFFINBUF_DIFF_IN_P_O)
                                                      0.675    17.341 r  i_bufds_sys_clk/DIFFINBUF_INST/O
                         net (fo=1, estimated)        0.050    17.391    i_bufds_sys_clk/OUT
    E12                  IBUFCTRL (Prop_IBUFCTRL_HPIOB_M_I_O)
                                                      0.000    17.391 r  i_bufds_sys_clk/IBUFCTRL_INST/O
                         net (fo=3, unplaced)         0.276    17.667    i_dram_wrapper/i_dram/inst/u_ddr4_mem_intfc/u_mig_ddr4_phy/inst/u_ddr4_phy_pll/sys_clk_i
                         BUFGCE (Prop_BUFGCE_I_O)     0.028    17.695 r  i_dram_wrapper/i_dram/inst/u_ddr4_mem_intfc/u_mig_ddr4_phy/inst/u_ddr4_phy_pll/gen_bufg_backbone.u__bufg_backbone/O
                         net (fo=1, unplaced)         2.584    20.279    i_dram_wrapper/i_dram/inst/u_ddr4_infrastructure/mmcm_clk_in
                         MMCME4_ADV (Prop_MMCME4_ADV_CLKIN1_CLKOUT0)
                                                     -0.127    20.152 r  i_dram_wrapper/i_dram/inst/u_ddr4_infrastructure/gen_mmcme4.u_mmcme_adv_inst/CLKOUT0
                         net (fo=1, unplaced)         0.198    20.350    i_dram_wrapper/i_dram/inst/u_ddr4_infrastructure/mmcm_clkout0
                         BUFGCE (Prop_BUFGCE_I_O)     0.028    20.378 r  i_dram_wrapper/i_dram/inst/u_ddr4_infrastructure/u_bufg_divClk/O
                         net (fo=36635, unplaced)     4.444    24.822    i_dram_wrapper/gen_cdc.i_axi_cdc_mig/i_axi_cdc_dst/i_cdc_fifo_gray_src_b/src_clk_i
                         FDCE                                         r  i_dram_wrapper/gen_cdc.i_axi_cdc_mig/i_axi_cdc_dst/i_cdc_fifo_gray_src_b/data_q_reg[27][id][0]/C
  -------------------------------------------------------------------    -------------------
                         FDCE (Prop_FDCE_C_Q)         0.077    24.899 r  i_dram_wrapper/gen_cdc.i_axi_cdc_mig/i_axi_cdc_dst/i_cdc_fifo_gray_src_b/data_q_reg[27][id][0]/Q
                         net (fo=1, unplaced)         0.118    25.017    i_dram_wrapper/gen_cdc.i_axi_cdc_mig/i_axi_cdc_src/i_cdc_fifo_gray_dst_b/async_data_i[27][id][0]
                         LUT6 (Prop_LUT6_I0_O)        0.149    25.166 r  i_dram_wrapper/gen_cdc.i_axi_cdc_mig/i_axi_cdc_src/i_cdc_fifo_gray_dst_b/i_spill_register_i_71/O
                         net (fo=1, unplaced)         0.024    25.190    i_dram_wrapper/gen_cdc.i_axi_cdc_mig/i_axi_cdc_src/i_cdc_fifo_gray_dst_b/i_spill_register_i_71_n_0
                         MUXF7 (Prop_MUXF7_I0_O)      0.067    25.257 r  i_dram_wrapper/gen_cdc.i_axi_cdc_mig/i_axi_cdc_src/i_cdc_fifo_gray_dst_b/i_spill_register_i_27/O
                         net (fo=1, unplaced)         0.156    25.413    i_dram_wrapper/gen_cdc.i_axi_cdc_mig/i_axi_cdc_src/i_cdc_fifo_gray_dst_b/i_spill_register_i_27_n_0
                         LUT6 (Prop_LUT6_I0_O)        0.100    25.513 r  i_dram_wrapper/gen_cdc.i_axi_cdc_mig/i_axi_cdc_src/i_cdc_fifo_gray_dst_b/i_spill_register_i_6/O
                         net (fo=1, unplaced)         0.048    25.561    i_dram_wrapper/gen_cdc.i_axi_cdc_mig/i_axi_cdc_src/i_cdc_fifo_gray_dst_b/i_spill_register/spill_register_flushable_i/data_i[id][0]
                         FDCE                                         r  i_dram_wrapper/gen_cdc.i_axi_cdc_mig/i_axi_cdc_src/i_cdc_fifo_gray_dst_b/i_spill_register/spill_register_flushable_i/gen_spill_reg.a_data_q_reg[id][0]/D
  -------------------------------------------------------------------    -------------------

                         (clock clk_50_clkwiz rise edge)
                                                     20.000    20.000 r  
    E12                                               0.000    20.000 r  sys_clk_p (IN)
                         net (fo=0)                   0.000    20.000    i_bufds_sys_clk/I
    HPIOBDIFFINBUF_X1Y300
                         DIFFINBUF (Prop_DIFFINBUF_HPIOBDIFFINBUF_DIFF_IN_P_O)
                                                      0.564    20.564 r  i_bufds_sys_clk/DIFFINBUF_INST/O
                         net (fo=1, estimated)        0.040    20.604    i_bufds_sys_clk/OUT
    E12                  IBUFCTRL (Prop_IBUFCTRL_HPIOB_M_I_O)
                                                      0.000    20.604 r  i_bufds_sys_clk/IBUFCTRL_INST/O
                         net (fo=3, unplaced)         0.312    20.916    i_clkwiz/inst/clk_in1
                         MMCME4_ADV (Prop_MMCME4_ADV_CLKIN1_CLKOUT0)
                                                      0.630    21.546 r  i_clkwiz/inst/mmcme4_adv_inst/CLKOUT0
                         net (fo=1, unplaced)         0.176    21.722    i_clkwiz/inst/clk_50_clkwiz
                         BUFGCE (Prop_BUFGCE_I_O)     0.024    21.746 r  i_clkwiz/inst/clkout1_buf/O
                         net (fo=199447, unplaced)    2.439    24.185    i_dram_wrapper/gen_cdc.i_axi_cdc_mig/i_axi_cdc_src/i_cdc_fifo_gray_dst_b/i_spill_register/spill_register_flushable_i/clk_i
                         FDCE                                         r  i_dram_wrapper/gen_cdc.i_axi_cdc_mig/i_axi_cdc_src/i_cdc_fifo_gray_dst_b/i_spill_register/spill_register_flushable_i/gen_spill_reg.a_data_q_reg[id][0]/C
                         clock pessimism              3.798    27.984    
                         clock uncertainty           -0.290    27.694    
                         FDCE (Setup_FDCE_C_D)        0.025    27.719    i_dram_wrapper/gen_cdc.i_axi_cdc_mig/i_axi_cdc_src/i_cdc_fifo_gray_dst_b/i_spill_register/spill_register_flushable_i/gen_spill_reg.a_data_q_reg[id][0]
  -------------------------------------------------------------------
                         required time                         27.719    
                         arrival time                         -25.561    
  -------------------------------------------------------------------
                         slack                                  2.158    





Min Delay Paths
--------------------------------------------------------------------------------------
Slack (VIOLATED) :        -0.264ns  (arrival time - required time)
  Source:                 i_dram_wrapper/i_dram/inst/div_clk_rst_r1_reg/C
                            (rising edge-triggered cell FDRE clocked by mmcm_clkout0  {rise@0.000ns fall@1.667ns period=3.333ns})
  Destination:            i_vio/inst/PROBE_IN_INST/probe_in_reg_reg[2]/D
                            (rising edge-triggered cell FDRE clocked by clk_50_clkwiz  {rise@0.000ns fall@10.000ns period=20.000ns})
  Path Group:             clk_50_clkwiz
  Path Type:              Hold (Min at Fast Process Corner)
  Requirement:            0.000ns  (clk_50_clkwiz rise@0.000ns - mmcm_clkout0 rise@0.000ns)
  Data Path Delay:        0.144ns  (logic 0.073ns (50.694%)  route 0.071ns (49.306%))
  Logic Levels:           1  (LUT3=1)
  Clock Path Skew:        0.072ns (DCD - SCD - CPR)
    Destination Clock Delay (DCD):    1.807ns
    Source Clock Delay      (SCD):    4.596ns
    Clock Pessimism Removal (CPR):    -2.862ns
  Clock Uncertainty:      0.290ns  ((TSJ^2 + DJ^2)^1/2) / 2 + PE
    Total System Jitter     (TSJ):    0.071ns
    Discrete Jitter          (DJ):    0.227ns
    Phase Error              (PE):    0.171ns

    Location             Delay type                Incr(ns)  Path(ns)    Netlist Resource(s)
  -------------------------------------------------------------------    -------------------
                         (clock mmcm_clkout0 rise edge)
                                                      0.000     0.000 r  
    E12                                               0.000     0.000 r  sys_clk_p (IN)
                         net (fo=0)                   0.000     0.000    i_bufds_sys_clk/I
    HPIOBDIFFINBUF_X1Y300
                         DIFFINBUF (Prop_DIFFINBUF_HPIOBDIFFINBUF_DIFF_IN_P_O)
                                                      0.340     0.340 r  i_bufds_sys_clk/DIFFINBUF_INST/O
                         net (fo=1, estimated)        0.040     0.380    i_bufds_sys_clk/OUT
    E12                  IBUFCTRL (Prop_IBUFCTRL_HPIOB_M_I_O)
                                                      0.000     0.380 r  i_bufds_sys_clk/IBUFCTRL_INST/O
                         net (fo=3, unplaced)         0.116     0.496    i_dram_wrapper/i_dram/inst/u_ddr4_mem_intfc/u_mig_ddr4_phy/inst/u_ddr4_phy_pll/sys_clk_i
                         BUFGCE (Prop_BUFGCE_I_O)     0.017     0.513 r  i_dram_wrapper/i_dram/inst/u_ddr4_mem_intfc/u_mig_ddr4_phy/inst/u_ddr4_phy_pll/gen_bufg_backbone.u__bufg_backbone/O
                         net (fo=1, unplaced)         1.114     1.627    i_dram_wrapper/i_dram/inst/u_ddr4_infrastructure/mmcm_clk_in
                         MMCME4_ADV (Prop_MMCME4_ADV_CLKIN1_CLKOUT0)
                                                      0.230     1.857 r  i_dram_wrapper/i_dram/inst/u_ddr4_infrastructure/gen_mmcme4.u_mmcme_adv_inst/CLKOUT0
                         net (fo=1, unplaced)         0.118     1.975    i_dram_wrapper/i_dram/inst/u_ddr4_infrastructure/mmcm_clkout0
                         BUFGCE (Prop_BUFGCE_I_O)     0.017     1.992 r  i_dram_wrapper/i_dram/inst/u_ddr4_infrastructure/u_bufg_divClk/O
                         net (fo=36635, unplaced)     2.604     4.596    i_dram_wrapper/i_dram/inst/c0_ddr4_ui_clk
                         FDRE                                         r  i_dram_wrapper/i_dram/inst/div_clk_rst_r1_reg/C
  -------------------------------------------------------------------    -------------------
                         FDRE (Prop_FDRE_C_Q)         0.038     4.634 f  i_dram_wrapper/i_dram/inst/div_clk_rst_r1_reg/Q
                         net (fo=1, unplaced)         0.055     4.689    i_dram_wrapper/dram_rst_o
                         LUT3 (Prop_LUT3_I0_O)        0.035     4.724 r  i_dram_wrapper/fabric_ready_o_INST_0/O
                         net (fo=7, unplaced)         0.016     4.740    i_vio/inst/PROBE_IN_INST/probe_in0[2]
                         FDRE                                         r  i_vio/inst/PROBE_IN_INST/probe_in_reg_reg[2]/D
  -------------------------------------------------------------------    -------------------

                         (clock clk_50_clkwiz rise edge)
                                                      0.000     0.000 r  
    E12                                               0.000     0.000 r  sys_clk_p (IN)
                         net (fo=0)                   0.000     0.000    i_bufds_sys_clk/I
    HPIOBDIFFINBUF_X1Y300
                         DIFFINBUF (Prop_DIFFINBUF_HPIOBDIFFINBUF_DIFF_IN_P_O)
                                                      0.446     0.446 r  i_bufds_sys_clk/DIFFINBUF_INST/O
                         net (fo=1, estimated)        0.050     0.496    i_bufds_sys_clk/OUT
    E12                  IBUFCTRL (Prop_IBUFCTRL_HPIOB_M_I_O)
                                                      0.000     0.496 r  i_bufds_sys_clk/IBUFCTRL_INST/O
                         net (fo=3, unplaced)         0.196     0.692    i_clkwiz/inst/clk_in1
                         MMCME4_ADV (Prop_MMCME4_ADV_CLKIN1_CLKOUT0)
                                                     -0.295     0.397 r  i_clkwiz/inst/mmcme4_adv_inst/CLKOUT0
                         net (fo=1, unplaced)         0.132     0.529    i_clkwiz/inst/clk_50_clkwiz
                         BUFGCE (Prop_BUFGCE_I_O)     0.019     0.548 r  i_clkwiz/inst/clkout1_buf/O
                         net (fo=199447, unplaced)    1.259     1.807    i_vio/inst/PROBE_IN_INST/clk
                         FDRE                                         r  i_vio/inst/PROBE_IN_INST/probe_in_reg_reg[2]/C
                         clock pessimism              2.862     4.668    
                         clock uncertainty            0.290     4.958    
                         FDRE (Hold_FDRE_C_D)         0.046     5.004    i_vio/inst/PROBE_IN_INST/probe_in_reg_reg[2]
  -------------------------------------------------------------------
                         required time                         -5.004    
                         arrival time                           4.740    
  -------------------------------------------------------------------
                         slack                                 -0.264    





---------------------------------------------------------------------------------------------------
From Clock:  
  To Clock:  mmcm_clkout0

Setup :            0  Failing Endpoints,  Worst Slack        2.749ns,  Total Violation        0.000ns
Hold  :           NA  Failing Endpoints,  Worst Slack           NA  ,  Total Violation           NA
---------------------------------------------------------------------------------------------------


Max Delay Paths
--------------------------------------------------------------------------------------
Slack (MET) :             2.749ns  (required time - arrival time)
  Source:                 i_dram_wrapper/i_dram/inst/u_ddr4_mem_intfc/u_ddr_cal_top/u_ddr_cal/u_xsdb_arbiter/slave_addr_r_reg[0]/C
                            (rising edge-triggered cell FDRE)
  Destination:            i_dram_wrapper/i_dram/inst/u_ddr4_mem_intfc/u_ddr_cal_top/u_ddr_cal/u_xsdb_arbiter/u_slave_addr_sync/SYNC[0].sync_reg_reg[0]/D
                            (rising edge-triggered cell FDRE clocked by mmcm_clkout0  {rise@0.000ns fall@1.667ns period=3.333ns})
  Path Group:             mmcm_clkout0
  Path Type:              Setup (Max at Slow Process Corner)
  Requirement:            3.000ns  (MaxDelay Path 3.000ns)
  Data Path Delay:        0.276ns  (logic 0.077ns (27.899%)  route 0.199ns (72.101%))
  Logic Levels:           1  (FDRE=1)
  Timing Exception:       MaxDelay Path 3.000ns -datapath_only

    Location             Delay type                Incr(ns)  Path(ns)    Netlist Resource(s)
  -------------------------------------------------------------------    -------------------
                         FDRE                         0.000     0.000 r  i_dram_wrapper/i_dram/inst/u_ddr4_mem_intfc/u_ddr_cal_top/u_ddr_cal/u_xsdb_arbiter/slave_addr_r_reg[0]/C
                         FDRE (Prop_FDRE_C_Q)         0.077     0.077 r  i_dram_wrapper/i_dram/inst/u_ddr4_mem_intfc/u_ddr_cal_top/u_ddr_cal/u_xsdb_arbiter/slave_addr_r_reg[0]/Q
                         net (fo=1, unplaced)         0.199     0.276    i_dram_wrapper/i_dram/inst/u_ddr4_mem_intfc/u_ddr_cal_top/u_ddr_cal/u_xsdb_arbiter/u_slave_addr_sync/out[0]
                         FDRE                                         r  i_dram_wrapper/i_dram/inst/u_ddr4_mem_intfc/u_ddr_cal_top/u_ddr_cal/u_xsdb_arbiter/u_slave_addr_sync/SYNC[0].sync_reg_reg[0]/D
  -------------------------------------------------------------------    -------------------

                         max delay                    3.000     3.000    
                         FDRE (Setup_FDRE_C_D)        0.025     3.025    i_dram_wrapper/i_dram/inst/u_ddr4_mem_intfc/u_ddr_cal_top/u_ddr_cal/u_xsdb_arbiter/u_slave_addr_sync/SYNC[0].sync_reg_reg[0]
  -------------------------------------------------------------------
                         required time                          3.025    
                         arrival time                          -0.276    
  -------------------------------------------------------------------
                         slack                                  2.749    





---------------------------------------------------------------------------------------------------
From Clock:  clk_50_clkwiz
  To Clock:  mmcm_clkout0

Setup :            0  Failing Endpoints,  Worst Slack        2.479ns,  Total Violation        0.000ns
Hold  :           NA  Failing Endpoints,  Worst Slack           NA  ,  Total Violation           NA
---------------------------------------------------------------------------------------------------


Max Delay Paths
--------------------------------------------------------------------------------------
Slack (MET) :             2.479ns  (required time - arrival time)
  Source:                 i_dram_wrapper/gen_cdc.i_axi_cdc_mig/i_axi_cdc_src/i_cdc_fifo_gray_src_ar/data_q_reg[27][addr][0]/C
                            (rising edge-triggered cell FDCE clocked by clk_50_clkwiz  {rise@0.000ns fall@10.000ns period=20.000ns})
  Destination:            i_dram_wrapper/gen_cdc.i_axi_cdc_mig/i_axi_cdc_dst/i_cdc_fifo_gray_dst_ar/i_spill_register/spill_register_flushable_i/gen_spill_reg.a_data_q_reg[addr][0]/D
                            (rising edge-triggered cell FDCE clocked by mmcm_clkout0  {rise@0.000ns fall@1.667ns period=3.333ns})
  Path Group:             mmcm_clkout0
  Path Type:              Setup (Max at Fast Process Corner)
  Requirement:            3.333ns  (mmcm_clkout0 rise@3.333ns - clk_50_clkwiz rise@0.000ns)
  Data Path Delay:        0.515ns  (logic 0.256ns (49.709%)  route 0.259ns (50.291%))
  Logic Levels:           3  (LUT6=2 MUXF7=1)
  Clock Path Skew:        -0.072ns (DCD - SCD + CPR)
    Destination Clock Delay (DCD):    4.596ns = ( 7.929 - 3.333 ) 
    Source Clock Delay      (SCD):    1.807ns
    Clock Pessimism Removal (CPR):    -2.862ns
  Clock Uncertainty:      0.290ns  ((TSJ^2 + DJ^2)^1/2) / 2 + PE
    Total System Jitter     (TSJ):    0.071ns
    Discrete Jitter          (DJ):    0.227ns
    Phase Error              (PE):    0.171ns

    Location             Delay type                Incr(ns)  Path(ns)    Netlist Resource(s)
  -------------------------------------------------------------------    -------------------
                         (clock clk_50_clkwiz rise edge)
                                                      0.000     0.000 r  
    E12                                               0.000     0.000 r  sys_clk_p (IN)
                         net (fo=0)                   0.000     0.000    i_bufds_sys_clk/I
    HPIOBDIFFINBUF_X1Y300
                         DIFFINBUF (Prop_DIFFINBUF_HPIOBDIFFINBUF_DIFF_IN_P_O)
                                                      0.446     0.446 r  i_bufds_sys_clk/DIFFINBUF_INST/O
                         net (fo=1, estimated)        0.050     0.496    i_bufds_sys_clk/OUT
    E12                  IBUFCTRL (Prop_IBUFCTRL_HPIOB_M_I_O)
                                                      0.000     0.496 r  i_bufds_sys_clk/IBUFCTRL_INST/O
                         net (fo=3, unplaced)         0.196     0.692    i_clkwiz/inst/clk_in1
                         MMCME4_ADV (Prop_MMCME4_ADV_CLKIN1_CLKOUT0)
                                                     -0.295     0.397 r  i_clkwiz/inst/mmcme4_adv_inst/CLKOUT0
                         net (fo=1, unplaced)         0.132     0.529    i_clkwiz/inst/clk_50_clkwiz
                         BUFGCE (Prop_BUFGCE_I_O)     0.019     0.548 r  i_clkwiz/inst/clkout1_buf/O
                         net (fo=199447, unplaced)    1.259     1.807    i_dram_wrapper/gen_cdc.i_axi_cdc_mig/i_axi_cdc_src/i_cdc_fifo_gray_src_ar/src_clk_i
                         FDCE                                         r  i_dram_wrapper/gen_cdc.i_axi_cdc_mig/i_axi_cdc_src/i_cdc_fifo_gray_src_ar/data_q_reg[27][addr][0]/C
  -------------------------------------------------------------------    -------------------
                         FDCE (Prop_FDCE_C_Q)         0.050     1.857 r  i_dram_wrapper/gen_cdc.i_axi_cdc_mig/i_axi_cdc_src/i_cdc_fifo_gray_src_ar/data_q_reg[27][addr][0]/Q
                         net (fo=1, unplaced)         0.081     1.938    i_dram_wrapper/gen_cdc.i_axi_cdc_mig/i_axi_cdc_dst/i_cdc_fifo_gray_dst_ar/async_data_i[27][addr][0]
                         LUT6 (Prop_LUT6_I0_O)        0.094     2.032 r  i_dram_wrapper/gen_cdc.i_axi_cdc_mig/i_axi_cdc_dst/i_cdc_fifo_gray_dst_ar/i_spill_register_i_534/O
                         net (fo=1, unplaced)         0.030     2.062    i_dram_wrapper/gen_cdc.i_axi_cdc_mig/i_axi_cdc_dst/i_cdc_fifo_gray_dst_ar/i_spill_register_i_534_n_0
                         MUXF7 (Prop_MUXF7_I0_O)      0.051     2.113 r  i_dram_wrapper/gen_cdc.i_axi_cdc_mig/i_axi_cdc_dst/i_cdc_fifo_gray_dst_ar/i_spill_register_i_194/O
                         net (fo=1, unplaced)         0.102     2.215    i_dram_wrapper/gen_cdc.i_axi_cdc_mig/i_axi_cdc_dst/i_cdc_fifo_gray_dst_ar/i_spill_register_i_194_n_0
                         LUT6 (Prop_LUT6_I0_O)        0.061     2.276 r  i_dram_wrapper/gen_cdc.i_axi_cdc_mig/i_axi_cdc_dst/i_cdc_fifo_gray_dst_ar/i_spill_register_i_37/O
                         net (fo=1, unplaced)         0.046     2.322    i_dram_wrapper/gen_cdc.i_axi_cdc_mig/i_axi_cdc_dst/i_cdc_fifo_gray_dst_ar/i_spill_register/spill_register_flushable_i/data_i[addr][0]
                         FDCE                                         r  i_dram_wrapper/gen_cdc.i_axi_cdc_mig/i_axi_cdc_dst/i_cdc_fifo_gray_dst_ar/i_spill_register/spill_register_flushable_i/gen_spill_reg.a_data_q_reg[addr][0]/D
  -------------------------------------------------------------------    -------------------

                         (clock mmcm_clkout0 rise edge)
                                                      3.333     3.333 r  
    E12                                               0.000     3.333 r  sys_clk_p (IN)
                         net (fo=0)                   0.000     3.333    i_bufds_sys_clk/I
    HPIOBDIFFINBUF_X1Y300
                         DIFFINBUF (Prop_DIFFINBUF_HPIOBDIFFINBUF_DIFF_IN_P_O)
                                                      0.340     3.674 r  i_bufds_sys_clk/DIFFINBUF_INST/O
                         net (fo=1, estimated)        0.040     3.714    i_bufds_sys_clk/OUT
    E12                  IBUFCTRL (Prop_IBUFCTRL_HPIOB_M_I_O)
                                                      0.000     3.714 r  i_bufds_sys_clk/IBUFCTRL_INST/O
                         net (fo=3, unplaced)         0.116     3.830    i_dram_wrapper/i_dram/inst/u_ddr4_mem_intfc/u_mig_ddr4_phy/inst/u_ddr4_phy_pll/sys_clk_i
                         BUFGCE (Prop_BUFGCE_I_O)     0.017     3.847 r  i_dram_wrapper/i_dram/inst/u_ddr4_mem_intfc/u_mig_ddr4_phy/inst/u_ddr4_phy_pll/gen_bufg_backbone.u__bufg_backbone/O
                         net (fo=1, unplaced)         1.114     4.961    i_dram_wrapper/i_dram/inst/u_ddr4_infrastructure/mmcm_clk_in
                         MMCME4_ADV (Prop_MMCME4_ADV_CLKIN1_CLKOUT0)
                                                      0.230     5.191 r  i_dram_wrapper/i_dram/inst/u_ddr4_infrastructure/gen_mmcme4.u_mmcme_adv_inst/CLKOUT0
                         net (fo=1, unplaced)         0.118     5.309    i_dram_wrapper/i_dram/inst/u_ddr4_infrastructure/mmcm_clkout0
                         BUFGCE (Prop_BUFGCE_I_O)     0.017     5.326 r  i_dram_wrapper/i_dram/inst/u_ddr4_infrastructure/u_bufg_divClk/O
                         net (fo=36635, unplaced)     2.604     7.929    i_dram_wrapper/gen_cdc.i_axi_cdc_mig/i_axi_cdc_dst/i_cdc_fifo_gray_dst_ar/i_spill_register/spill_register_flushable_i/clk_i
                         FDCE                                         r  i_dram_wrapper/gen_cdc.i_axi_cdc_mig/i_axi_cdc_dst/i_cdc_fifo_gray_dst_ar/i_spill_register/spill_register_flushable_i/gen_spill_reg.a_data_q_reg[addr][0]/C
                         clock pessimism             -2.862     5.068    
                         clock uncertainty           -0.290     4.778    
                         FDCE (Setup_FDCE_C_D)        0.023     4.801    i_dram_wrapper/gen_cdc.i_axi_cdc_mig/i_axi_cdc_dst/i_cdc_fifo_gray_dst_ar/i_spill_register/spill_register_flushable_i/gen_spill_reg.a_data_q_reg[addr][0]
  -------------------------------------------------------------------
                         required time                          4.801    
                         arrival time                          -2.322    
  -------------------------------------------------------------------
                         slack                                  2.479    





---------------------------------------------------------------------------------------------------
From Clock:  mmcm_clkout6
  To Clock:  mmcm_clkout0

Setup :            0  Failing Endpoints,  Worst Slack        2.670ns,  Total Violation        0.000ns
Hold  :           NA  Failing Endpoints,  Worst Slack           NA  ,  Total Violation           NA
---------------------------------------------------------------------------------------------------


Max Delay Paths
--------------------------------------------------------------------------------------
Slack (MET) :             2.670ns  (required time - arrival time)
  Source:                 i_dram_wrapper/i_dram/inst/u_ddr4_mem_intfc/u_ddr_cal_riu/io_address_riuclk_reg[14]/C
                            (rising edge-triggered cell FDRE clocked by mmcm_clkout6  {rise@0.000ns fall@3.333ns period=6.667ns})
  Destination:            i_dram_wrapper/i_dram/inst/u_ddr4_mem_intfc/u_io_addr_sync/SYNC[14].sync_reg_reg[0]/D
                            (rising edge-triggered cell FDRE clocked by mmcm_clkout0  {rise@0.000ns fall@1.667ns period=3.333ns})
  Path Group:             mmcm_clkout0
  Path Type:              Setup (Max at Slow Process Corner)
  Requirement:            3.000ns  (MaxDelay Path 3.000ns)
  Data Path Delay:        0.355ns  (logic 0.077ns (21.690%)  route 0.278ns (78.310%))
  Logic Levels:           0  
  Timing Exception:       MaxDelay Path 3.000ns -datapath_only

    Location             Delay type                Incr(ns)  Path(ns)    Netlist Resource(s)
  -------------------------------------------------------------------    -------------------
                                                      0.000     0.000 r  i_dram_wrapper/i_dram/inst/u_ddr4_mem_intfc/u_ddr_cal_riu/io_address_riuclk_reg[14]/C
                         FDRE (Prop_FDRE_C_Q)         0.077     0.077 r  i_dram_wrapper/i_dram/inst/u_ddr4_mem_intfc/u_ddr_cal_riu/io_address_riuclk_reg[14]/Q
                         net (fo=75, unplaced)        0.278     0.355    i_dram_wrapper/i_dram/inst/u_ddr4_mem_intfc/u_io_addr_sync/SYNC[31].sync_reg_reg[0]_0[14]
                         FDRE                                         r  i_dram_wrapper/i_dram/inst/u_ddr4_mem_intfc/u_io_addr_sync/SYNC[14].sync_reg_reg[0]/D
  -------------------------------------------------------------------    -------------------

                         max delay                    3.000     3.000    
                         FDRE (Setup_FDRE_C_D)        0.025     3.025    i_dram_wrapper/i_dram/inst/u_ddr4_mem_intfc/u_io_addr_sync/SYNC[14].sync_reg_reg[0]
  -------------------------------------------------------------------
                         required time                          3.025    
                         arrival time                          -0.355    
  -------------------------------------------------------------------
                         slack                                  2.670    





---------------------------------------------------------------------------------------------------
From Clock:  mmcm_clkout0
  To Clock:  pll_clk[0]_DIV

Setup :            0  Failing Endpoints,  Worst Slack        1.553ns,  Total Violation        0.000ns
Hold  :            0  Failing Endpoints,  Worst Slack        0.713ns,  Total Violation        0.000ns
---------------------------------------------------------------------------------------------------


Max Delay Paths
--------------------------------------------------------------------------------------
Slack (MET) :             1.553ns  (required time - arrival time)
  Source:                 i_dram_wrapper/i_dram/inst/u_ddr4_mem_intfc/u_ddr_cal_top/u_ddr_mc_pi/u_ddr_mc_write/oe_low_reg[0]/C
                            (rising edge-triggered cell FDRE clocked by mmcm_clkout0  {rise@0.000ns fall@1.667ns period=3.333ns})
  Destination:            i_dram_wrapper/i_dram/inst/u_ddr4_mem_intfc/u_mig_ddr4_phy/inst/generate_block1.u_ddr_xiphy/byte_num[0].xiphy_byte_wrapper.u_xiphy_byte_wrapper/I_CONTROL[0].GEN_I_CONTROL.u_xiphy_control/xiphy_control/TBYTE_IN[0]
                            (rising edge-triggered cell BITSLICE_CONTROL clocked by pll_clk[0]_DIV  {rise@0.000ns fall@1.667ns period=3.333ns})
  Path Group:             pll_clk[0]_DIV
  Path Type:              Setup (Max at Slow Process Corner)
  Requirement:            3.333ns  (pll_clk[0]_DIV rise@3.333ns - mmcm_clkout0 rise@0.000ns)
  Data Path Delay:        0.463ns  (logic 0.077ns (16.631%)  route 0.386ns (83.369%))
  Logic Levels:           0  
  Clock Path Skew:        -1.005ns (DCD - SCD + CPR)
    Destination Clock Delay (DCD):    8.013ns = ( 11.346 - 3.333 ) 
    Source Clock Delay      (SCD):    8.155ns
    Clock Pessimism Removal (CPR):    -0.862ns
  Clock Uncertainty:      0.154ns  ((TSJ^2 + DJ^2)^1/2) / 2 + PE
    Total System Jitter     (TSJ):    0.071ns
    Discrete Jitter          (DJ):    0.064ns
    Phase Error              (PE):    0.106ns

    Location             Delay type                Incr(ns)  Path(ns)    Netlist Resource(s)
  -------------------------------------------------------------------    -------------------
                         (clock mmcm_clkout0 rise edge)
                                                      0.000     0.000 r  
    E12                                               0.000     0.000 r  sys_clk_p (IN)
                         net (fo=0)                   0.000     0.000    i_bufds_sys_clk/I
    HPIOBDIFFINBUF_X1Y300
                         DIFFINBUF (Prop_DIFFINBUF_HPIOBDIFFINBUF_DIFF_IN_P_O)
                                                      0.675     0.675 r  i_bufds_sys_clk/DIFFINBUF_INST/O
                         net (fo=1, estimated)        0.050     0.725    i_bufds_sys_clk/OUT
    E12                  IBUFCTRL (Prop_IBUFCTRL_HPIOB_M_I_O)
                                                      0.000     0.725 r  i_bufds_sys_clk/IBUFCTRL_INST/O
                         net (fo=3, unplaced)         0.276     1.001    i_dram_wrapper/i_dram/inst/u_ddr4_mem_intfc/u_mig_ddr4_phy/inst/u_ddr4_phy_pll/sys_clk_i
                         BUFGCE (Prop_BUFGCE_I_O)     0.028     1.029 r  i_dram_wrapper/i_dram/inst/u_ddr4_mem_intfc/u_mig_ddr4_phy/inst/u_ddr4_phy_pll/gen_bufg_backbone.u__bufg_backbone/O
                         net (fo=1, unplaced)         2.584     3.613    i_dram_wrapper/i_dram/inst/u_ddr4_infrastructure/mmcm_clk_in
                         MMCME4_ADV (Prop_MMCME4_ADV_CLKIN1_CLKOUT0)
                                                     -0.127     3.486 r  i_dram_wrapper/i_dram/inst/u_ddr4_infrastructure/gen_mmcme4.u_mmcme_adv_inst/CLKOUT0
                         net (fo=1, unplaced)         0.198     3.684    i_dram_wrapper/i_dram/inst/u_ddr4_infrastructure/mmcm_clkout0
                         BUFGCE (Prop_BUFGCE_I_O)     0.028     3.712 r  i_dram_wrapper/i_dram/inst/u_ddr4_infrastructure/u_bufg_divClk/O
                         net (fo=36635, unplaced)     4.444     8.155    i_dram_wrapper/i_dram/inst/u_ddr4_mem_intfc/u_ddr_cal_top/u_ddr_mc_pi/u_ddr_mc_write/wosp_reg[2]_rep__7_0
                         FDRE                                         r  i_dram_wrapper/i_dram/inst/u_ddr4_mem_intfc/u_ddr_cal_top/u_ddr_mc_pi/u_ddr_mc_write/oe_low_reg[0]/C
  -------------------------------------------------------------------    -------------------
                         FDRE (Prop_FDRE_C_Q)         0.077     8.232 r  i_dram_wrapper/i_dram/inst/u_ddr4_mem_intfc/u_ddr_cal_top/u_ddr_mc_pi/u_ddr_mc_write/oe_low_reg[0]/Q
                         net (fo=8, unplaced)         0.386     8.618    i_dram_wrapper/i_dram/inst/u_ddr4_mem_intfc/u_mig_ddr4_phy/inst/generate_block1.u_ddr_xiphy/byte_num[0].xiphy_byte_wrapper.u_xiphy_byte_wrapper/I_CONTROL[0].GEN_I_CONTROL.u_xiphy_control/ch0_mcal_clb2phy_t_b_low[0]
                         BITSLICE_CONTROL                             r  i_dram_wrapper/i_dram/inst/u_ddr4_mem_intfc/u_mig_ddr4_phy/inst/generate_block1.u_ddr_xiphy/byte_num[0].xiphy_byte_wrapper.u_xiphy_byte_wrapper/I_CONTROL[0].GEN_I_CONTROL.u_xiphy_control/xiphy_control/TBYTE_IN[0]
  -------------------------------------------------------------------    -------------------

                         (clock pll_clk[0]_DIV rise edge)
                                                      3.333     3.333 f  
    E12                                               0.000     3.333 f  sys_clk_p (IN)
                         net (fo=0)                   0.000     3.333    i_bufds_sys_clk/I
    HPIOBDIFFINBUF_X1Y300
                         DIFFINBUF (Prop_DIFFINBUF_HPIOBDIFFINBUF_DIFF_IN_P_O)
                                                      0.564     3.898 f  i_bufds_sys_clk/DIFFINBUF_INST/O
                         net (fo=1, estimated)        0.040     3.938    i_bufds_sys_clk/OUT
    E12                  IBUFCTRL (Prop_IBUFCTRL_HPIOB_M_I_O)
                                                      0.000     3.938 f  i_bufds_sys_clk/IBUFCTRL_INST/O
                         net (fo=3, unplaced)         0.247     4.185    i_dram_wrapper/i_dram/inst/u_ddr4_mem_intfc/u_mig_ddr4_phy/inst/u_ddr4_phy_pll/sys_clk_i
                         BUFGCE (Prop_BUFGCE_I_O)     0.024     4.209 f  i_dram_wrapper/i_dram/inst/u_ddr4_mem_intfc/u_mig_ddr4_phy/inst/u_ddr4_phy_pll/gen_bufg_backbone.u__bufg_backbone/O
                         net (fo=1, unplaced)         2.439     6.648    i_dram_wrapper/i_dram/inst/u_ddr4_infrastructure/mmcm_clk_in
                         MMCME4_ADV (Prop_MMCME4_ADV_CLKIN1_CLKOUT0)
                                                      0.630     7.278 f  i_dram_wrapper/i_dram/inst/u_ddr4_infrastructure/gen_mmcme4.u_mmcme_adv_inst/CLKOUT0
                         net (fo=1, unplaced)         0.176     7.454    i_dram_wrapper/i_dram/inst/u_ddr4_infrastructure/mmcm_clkout0
                         BUFGCE (Prop_BUFGCE_I_O)     0.024     7.478 f  i_dram_wrapper/i_dram/inst/u_ddr4_infrastructure/u_bufg_divClk/O
                         net (fo=36635, unplaced)     4.299    11.776    i_dram_wrapper/i_dram/inst/u_ddr4_mem_intfc/u_mig_ddr4_phy/inst/u_ddr4_phy_pll/div_clk
                         PLLE4_ADV (Prop_PLLE4_ADV_CLKIN_CLKOUTPHY)
                                                     -0.713    11.063 f  i_dram_wrapper/i_dram/inst/u_ddr4_mem_intfc/u_mig_ddr4_phy/inst/u_ddr4_phy_pll/plle_loop[0].gen_plle4.PLLE4_BASE_INST_OTHER/CLKOUTPHY
                         net (fo=8, unplaced)         0.102    11.165    i_dram_wrapper/i_dram/inst/u_ddr4_mem_intfc/u_mig_ddr4_phy/inst/generate_block1.u_ddr_xiphy/byte_num[0].xiphy_byte_wrapper.u_xiphy_byte_wrapper/I_CONTROL[0].GEN_I_CONTROL.u_xiphy_control/pll_clk[0]
                         BITSLICE_CONTROL (Prop_BITSLICE_CONTROL_PLL_CLK_TX_DIV2_CLK_Q)
                                                      0.106    11.271 r  i_dram_wrapper/i_dram/inst/u_ddr4_mem_intfc/u_mig_ddr4_phy/inst/generate_block1.u_ddr_xiphy/byte_num[0].xiphy_byte_wrapper.u_xiphy_byte_wrapper/I_CONTROL[0].GEN_I_CONTROL.u_xiphy_control/xiphy_control/TX_DIV2_CLK_Q
                         BITSLICE_CONTROL (Prop_BITSLICE_CONTROL_TX_DIV2_CLK_Q_TX_DIV4_CLK_Q)
                                                      0.075    11.346 r  i_dram_wrapper/i_dram/inst/u_ddr4_mem_intfc/u_mig_ddr4_phy/inst/generate_block1.u_ddr_xiphy/byte_num[0].xiphy_byte_wrapper.u_xiphy_byte_wrapper/I_CONTROL[0].GEN_I_CONTROL.u_xiphy_control/xiphy_control/TX_DIV4_CLK_Q
                         clock pessimism             -0.862    10.484    
                         clock uncertainty           -0.154    10.329    
                         BITSLICE_CONTROL (Setup_BITSLICE_CONTROL_TX_DIV4_CLK_Q_TBYTE_IN[0])
                                                     -0.158    10.171    i_dram_wrapper/i_dram/inst/u_ddr4_mem_intfc/u_mig_ddr4_phy/inst/generate_block1.u_ddr_xiphy/byte_num[0].xiphy_byte_wrapper.u_xiphy_byte_wrapper/I_CONTROL[0].GEN_I_CONTROL.u_xiphy_control/xiphy_control
  -------------------------------------------------------------------
                         required time                         10.171    
                         arrival time                          -8.618    
  -------------------------------------------------------------------
                         slack                                  1.553    





Min Delay Paths
--------------------------------------------------------------------------------------
Slack (MET) :             0.713ns  (arrival time - required time)
  Source:                 i_dram_wrapper/i_dram/inst/u_ddr4_mem_intfc/u_ddr_cal_top/u_ddr_mc_pi/rdEn[0].u_ddr_mc_rd_en_low/rdEn_reg[0]/C
                            (rising edge-triggered cell FDRE clocked by mmcm_clkout0  {rise@0.000ns fall@1.667ns period=3.333ns})
  Destination:            i_dram_wrapper/i_dram/inst/u_ddr4_mem_intfc/u_mig_ddr4_phy/inst/generate_block1.u_ddr_xiphy/byte_num[0].xiphy_byte_wrapper.u_xiphy_byte_wrapper/I_CONTROL[0].GEN_I_CONTROL.u_xiphy_control/xiphy_control/PHY_RDEN[0]
                            (rising edge-triggered cell BITSLICE_CONTROL clocked by pll_clk[0]_DIV  {rise@0.000ns fall@1.667ns period=3.333ns})
  Path Group:             pll_clk[0]_DIV
  Path Type:              Hold (Min at Fast Process Corner)
  Requirement:            0.000ns  (pll_clk[0]_DIV rise@0.000ns - mmcm_clkout0 rise@0.000ns)
  Data Path Delay:        0.183ns  (logic 0.038ns (20.765%)  route 0.145ns (79.235%))
  Logic Levels:           0  
  Clock Path Skew:        -0.761ns (DCD - SCD - CPR)
    Destination Clock Delay (DCD):    3.689ns
    Source Clock Delay      (SCD):    4.596ns
    Clock Pessimism Removal (CPR):    -0.146ns
  Clock Uncertainty:      0.154ns  ((TSJ^2 + DJ^2)^1/2) / 2 + PE
    Total System Jitter     (TSJ):    0.071ns
    Discrete Jitter          (DJ):    0.064ns
    Phase Error              (PE):    0.106ns

    Location             Delay type                Incr(ns)  Path(ns)    Netlist Resource(s)
  -------------------------------------------------------------------    -------------------
                         (clock mmcm_clkout0 rise edge)
                                                      0.000     0.000 r  
    E12                                               0.000     0.000 r  sys_clk_p (IN)
                         net (fo=0)                   0.000     0.000    i_bufds_sys_clk/I
    HPIOBDIFFINBUF_X1Y300
                         DIFFINBUF (Prop_DIFFINBUF_HPIOBDIFFINBUF_DIFF_IN_P_O)
                                                      0.340     0.340 r  i_bufds_sys_clk/DIFFINBUF_INST/O
                         net (fo=1, estimated)        0.040     0.380    i_bufds_sys_clk/OUT
    E12                  IBUFCTRL (Prop_IBUFCTRL_HPIOB_M_I_O)
                                                      0.000     0.380 r  i_bufds_sys_clk/IBUFCTRL_INST/O
                         net (fo=3, unplaced)         0.116     0.496    i_dram_wrapper/i_dram/inst/u_ddr4_mem_intfc/u_mig_ddr4_phy/inst/u_ddr4_phy_pll/sys_clk_i
                         BUFGCE (Prop_BUFGCE_I_O)     0.017     0.513 r  i_dram_wrapper/i_dram/inst/u_ddr4_mem_intfc/u_mig_ddr4_phy/inst/u_ddr4_phy_pll/gen_bufg_backbone.u__bufg_backbone/O
                         net (fo=1, unplaced)         1.114     1.627    i_dram_wrapper/i_dram/inst/u_ddr4_infrastructure/mmcm_clk_in
                         MMCME4_ADV (Prop_MMCME4_ADV_CLKIN1_CLKOUT0)
                                                      0.230     1.857 r  i_dram_wrapper/i_dram/inst/u_ddr4_infrastructure/gen_mmcme4.u_mmcme_adv_inst/CLKOUT0
                         net (fo=1, unplaced)         0.118     1.975    i_dram_wrapper/i_dram/inst/u_ddr4_infrastructure/mmcm_clkout0
                         BUFGCE (Prop_BUFGCE_I_O)     0.017     1.992 r  i_dram_wrapper/i_dram/inst/u_ddr4_infrastructure/u_bufg_divClk/O
                         net (fo=36635, unplaced)     2.604     4.596    i_dram_wrapper/i_dram/inst/u_ddr4_mem_intfc/u_ddr_cal_top/u_ddr_mc_pi/rdEn[0].u_ddr_mc_rd_en_low/rsMask_reg[7][12]_0
                         FDRE                                         r  i_dram_wrapper/i_dram/inst/u_ddr4_mem_intfc/u_ddr_cal_top/u_ddr_mc_pi/rdEn[0].u_ddr_mc_rd_en_low/rdEn_reg[0]/C
  -------------------------------------------------------------------    -------------------
                         FDRE (Prop_FDRE_C_Q)         0.038     4.634 r  i_dram_wrapper/i_dram/inst/u_ddr4_mem_intfc/u_ddr_cal_top/u_ddr_mc_pi/rdEn[0].u_ddr_mc_rd_en_low/rdEn_reg[0]/Q
                         net (fo=1, unplaced)         0.145     4.779    i_dram_wrapper/i_dram/inst/u_ddr4_mem_intfc/u_mig_ddr4_phy/inst/generate_block1.u_ddr_xiphy/byte_num[0].xiphy_byte_wrapper.u_xiphy_byte_wrapper/I_CONTROL[0].GEN_I_CONTROL.u_xiphy_control/ch0_mcal_clb2phy_rden_low[0]
                         BITSLICE_CONTROL                             r  i_dram_wrapper/i_dram/inst/u_ddr4_mem_intfc/u_mig_ddr4_phy/inst/generate_block1.u_ddr_xiphy/byte_num[0].xiphy_byte_wrapper.u_xiphy_byte_wrapper/I_CONTROL[0].GEN_I_CONTROL.u_xiphy_control/xiphy_control/PHY_RDEN[0]
  -------------------------------------------------------------------    -------------------

                         (clock pll_clk[0]_DIV rise edge)
                                                      0.000     0.000 f  
    E12                                               0.000     0.000 f  sys_clk_p (IN)
                         net (fo=0)                   0.000     0.000    i_bufds_sys_clk/I
    HPIOBDIFFINBUF_X1Y300
                         DIFFINBUF (Prop_DIFFINBUF_HPIOBDIFFINBUF_DIFF_IN_P_O)
                                                      0.446     0.446 f  i_bufds_sys_clk/DIFFINBUF_INST/O
                         net (fo=1, estimated)        0.050     0.496    i_bufds_sys_clk/OUT
    E12                  IBUFCTRL (Prop_IBUFCTRL_HPIOB_M_I_O)
                                                      0.000     0.496 f  i_bufds_sys_clk/IBUFCTRL_INST/O
                         net (fo=3, unplaced)         0.147     0.643    i_dram_wrapper/i_dram/inst/u_ddr4_mem_intfc/u_mig_ddr4_phy/inst/u_ddr4_phy_pll/sys_clk_i
                         BUFGCE (Prop_BUFGCE_I_O)     0.019     0.662 f  i_dram_wrapper/i_dram/inst/u_ddr4_mem_intfc/u_mig_ddr4_phy/inst/u_ddr4_phy_pll/gen_bufg_backbone.u__bufg_backbone/O
                         net (fo=1, unplaced)         1.259     1.921    i_dram_wrapper/i_dram/inst/u_ddr4_infrastructure/mmcm_clk_in
                         MMCME4_ADV (Prop_MMCME4_ADV_CLKIN1_CLKOUT0)
                                                     -0.295     1.626 f  i_dram_wrapper/i_dram/inst/u_ddr4_infrastructure/gen_mmcme4.u_mmcme_adv_inst/CLKOUT0
                         net (fo=1, unplaced)         0.132     1.758    i_dram_wrapper/i_dram/inst/u_ddr4_infrastructure/mmcm_clkout0
                         BUFGCE (Prop_BUFGCE_I_O)     0.019     1.777 f  i_dram_wrapper/i_dram/inst/u_ddr4_infrastructure/u_bufg_divClk/O
                         net (fo=36635, unplaced)     2.749     4.525    i_dram_wrapper/i_dram/inst/u_ddr4_mem_intfc/u_mig_ddr4_phy/inst/u_ddr4_phy_pll/div_clk
                         PLLE4_ADV (Prop_PLLE4_ADV_CLKIN_CLKOUTPHY)
                                                     -1.166     3.359 f  i_dram_wrapper/i_dram/inst/u_ddr4_mem_intfc/u_mig_ddr4_phy/inst/u_ddr4_phy_pll/plle_loop[0].gen_plle4.PLLE4_BASE_INST_OTHER/CLKOUTPHY
                         net (fo=8, unplaced)         0.115     3.474    i_dram_wrapper/i_dram/inst/u_ddr4_mem_intfc/u_mig_ddr4_phy/inst/generate_block1.u_ddr_xiphy/byte_num[0].xiphy_byte_wrapper.u_xiphy_byte_wrapper/I_CONTROL[0].GEN_I_CONTROL.u_xiphy_control/pll_clk[0]
                         BITSLICE_CONTROL (Prop_BITSLICE_CONTROL_PLL_CLK_RX_DIV2_CLK_Q)
                                                      0.124     3.598 r  i_dram_wrapper/i_dram/inst/u_ddr4_mem_intfc/u_mig_ddr4_phy/inst/generate_block1.u_ddr_xiphy/byte_num[0].xiphy_byte_wrapper.u_xiphy_byte_wrapper/I_CONTROL[0].GEN_I_CONTROL.u_xiphy_control/xiphy_control/RX_DIV2_CLK_Q
                         BITSLICE_CONTROL (Prop_BITSLICE_CONTROL_RX_DIV2_CLK_Q_RX_DIV4_CLK_Q)
                                                      0.091     3.689 r  i_dram_wrapper/i_dram/inst/u_ddr4_mem_intfc/u_mig_ddr4_phy/inst/generate_block1.u_ddr_xiphy/byte_num[0].xiphy_byte_wrapper.u_xiphy_byte_wrapper/I_CONTROL[0].GEN_I_CONTROL.u_xiphy_control/xiphy_control/RX_DIV4_CLK_Q
                         clock pessimism              0.146     3.835    
                         clock uncertainty            0.154     3.989    
                         BITSLICE_CONTROL (Hold_BITSLICE_CONTROL_RX_DIV4_CLK_Q_PHY_RDEN[0])
                                                      0.077     4.066    i_dram_wrapper/i_dram/inst/u_ddr4_mem_intfc/u_mig_ddr4_phy/inst/generate_block1.u_ddr_xiphy/byte_num[0].xiphy_byte_wrapper.u_xiphy_byte_wrapper/I_CONTROL[0].GEN_I_CONTROL.u_xiphy_control/xiphy_control
  -------------------------------------------------------------------
                         required time                         -4.066    
                         arrival time                           4.779    
  -------------------------------------------------------------------
                         slack                                  0.713    





---------------------------------------------------------------------------------------------------
From Clock:  mmcm_clkout0
  To Clock:  pll_clk[1]_DIV

Setup :            0  Failing Endpoints,  Worst Slack        1.553ns,  Total Violation        0.000ns
Hold  :            0  Failing Endpoints,  Worst Slack        0.713ns,  Total Violation        0.000ns
---------------------------------------------------------------------------------------------------


Max Delay Paths
--------------------------------------------------------------------------------------
Slack (MET) :             1.553ns  (required time - arrival time)
  Source:                 i_dram_wrapper/i_dram/inst/u_ddr4_mem_intfc/u_ddr_cal_top/u_ddr_mc_pi/u_ddr_mc_write/oe_low_reg[0]/C
                            (rising edge-triggered cell FDRE clocked by mmcm_clkout0  {rise@0.000ns fall@1.667ns period=3.333ns})
  Destination:            i_dram_wrapper/i_dram/inst/u_ddr4_mem_intfc/u_mig_ddr4_phy/inst/generate_block1.u_ddr_xiphy/byte_num[4].xiphy_byte_wrapper.u_xiphy_byte_wrapper/I_CONTROL[0].GEN_I_CONTROL.u_xiphy_control/xiphy_control/TBYTE_IN[0]
                            (rising edge-triggered cell BITSLICE_CONTROL clocked by pll_clk[1]_DIV  {rise@0.000ns fall@1.667ns period=3.333ns})
  Path Group:             pll_clk[1]_DIV
  Path Type:              Setup (Max at Slow Process Corner)
  Requirement:            3.333ns  (pll_clk[1]_DIV rise@3.333ns - mmcm_clkout0 rise@0.000ns)
  Data Path Delay:        0.463ns  (logic 0.077ns (16.631%)  route 0.386ns (83.369%))
  Logic Levels:           0  
  Clock Path Skew:        -1.005ns (DCD - SCD + CPR)
    Destination Clock Delay (DCD):    8.013ns = ( 11.346 - 3.333 ) 
    Source Clock Delay      (SCD):    8.155ns
    Clock Pessimism Removal (CPR):    -0.862ns
  Clock Uncertainty:      0.154ns  ((TSJ^2 + DJ^2)^1/2) / 2 + PE
    Total System Jitter     (TSJ):    0.071ns
    Discrete Jitter          (DJ):    0.064ns
    Phase Error              (PE):    0.106ns

    Location             Delay type                Incr(ns)  Path(ns)    Netlist Resource(s)
  -------------------------------------------------------------------    -------------------
                         (clock mmcm_clkout0 rise edge)
                                                      0.000     0.000 r  
    E12                                               0.000     0.000 r  sys_clk_p (IN)
                         net (fo=0)                   0.000     0.000    i_bufds_sys_clk/I
    HPIOBDIFFINBUF_X1Y300
                         DIFFINBUF (Prop_DIFFINBUF_HPIOBDIFFINBUF_DIFF_IN_P_O)
                                                      0.675     0.675 r  i_bufds_sys_clk/DIFFINBUF_INST/O
                         net (fo=1, estimated)        0.050     0.725    i_bufds_sys_clk/OUT
    E12                  IBUFCTRL (Prop_IBUFCTRL_HPIOB_M_I_O)
                                                      0.000     0.725 r  i_bufds_sys_clk/IBUFCTRL_INST/O
                         net (fo=3, unplaced)         0.276     1.001    i_dram_wrapper/i_dram/inst/u_ddr4_mem_intfc/u_mig_ddr4_phy/inst/u_ddr4_phy_pll/sys_clk_i
                         BUFGCE (Prop_BUFGCE_I_O)     0.028     1.029 r  i_dram_wrapper/i_dram/inst/u_ddr4_mem_intfc/u_mig_ddr4_phy/inst/u_ddr4_phy_pll/gen_bufg_backbone.u__bufg_backbone/O
                         net (fo=1, unplaced)         2.584     3.613    i_dram_wrapper/i_dram/inst/u_ddr4_infrastructure/mmcm_clk_in
                         MMCME4_ADV (Prop_MMCME4_ADV_CLKIN1_CLKOUT0)
                                                     -0.127     3.486 r  i_dram_wrapper/i_dram/inst/u_ddr4_infrastructure/gen_mmcme4.u_mmcme_adv_inst/CLKOUT0
                         net (fo=1, unplaced)         0.198     3.684    i_dram_wrapper/i_dram/inst/u_ddr4_infrastructure/mmcm_clkout0
                         BUFGCE (Prop_BUFGCE_I_O)     0.028     3.712 r  i_dram_wrapper/i_dram/inst/u_ddr4_infrastructure/u_bufg_divClk/O
                         net (fo=36635, unplaced)     4.444     8.155    i_dram_wrapper/i_dram/inst/u_ddr4_mem_intfc/u_ddr_cal_top/u_ddr_mc_pi/u_ddr_mc_write/wosp_reg[2]_rep__7_0
                         FDRE                                         r  i_dram_wrapper/i_dram/inst/u_ddr4_mem_intfc/u_ddr_cal_top/u_ddr_mc_pi/u_ddr_mc_write/oe_low_reg[0]/C
  -------------------------------------------------------------------    -------------------
                         FDRE (Prop_FDRE_C_Q)         0.077     8.232 r  i_dram_wrapper/i_dram/inst/u_ddr4_mem_intfc/u_ddr_cal_top/u_ddr_mc_pi/u_ddr_mc_write/oe_low_reg[0]/Q
                         net (fo=8, unplaced)         0.386     8.618    i_dram_wrapper/i_dram/inst/u_ddr4_mem_intfc/u_mig_ddr4_phy/inst/generate_block1.u_ddr_xiphy/byte_num[4].xiphy_byte_wrapper.u_xiphy_byte_wrapper/I_CONTROL[0].GEN_I_CONTROL.u_xiphy_control/ch0_mcal_clb2phy_t_b_low[0]
                         BITSLICE_CONTROL                             r  i_dram_wrapper/i_dram/inst/u_ddr4_mem_intfc/u_mig_ddr4_phy/inst/generate_block1.u_ddr_xiphy/byte_num[4].xiphy_byte_wrapper.u_xiphy_byte_wrapper/I_CONTROL[0].GEN_I_CONTROL.u_xiphy_control/xiphy_control/TBYTE_IN[0]
  -------------------------------------------------------------------    -------------------

                         (clock pll_clk[1]_DIV rise edge)
                                                      3.333     3.333 f  
    E12                                               0.000     3.333 f  sys_clk_p (IN)
                         net (fo=0)                   0.000     3.333    i_bufds_sys_clk/I
    HPIOBDIFFINBUF_X1Y300
                         DIFFINBUF (Prop_DIFFINBUF_HPIOBDIFFINBUF_DIFF_IN_P_O)
                                                      0.564     3.898 f  i_bufds_sys_clk/DIFFINBUF_INST/O
                         net (fo=1, estimated)        0.040     3.938    i_bufds_sys_clk/OUT
    E12                  IBUFCTRL (Prop_IBUFCTRL_HPIOB_M_I_O)
                                                      0.000     3.938 f  i_bufds_sys_clk/IBUFCTRL_INST/O
                         net (fo=3, unplaced)         0.247     4.185    i_dram_wrapper/i_dram/inst/u_ddr4_mem_intfc/u_mig_ddr4_phy/inst/u_ddr4_phy_pll/sys_clk_i
                         BUFGCE (Prop_BUFGCE_I_O)     0.024     4.209 f  i_dram_wrapper/i_dram/inst/u_ddr4_mem_intfc/u_mig_ddr4_phy/inst/u_ddr4_phy_pll/gen_bufg_backbone.u__bufg_backbone/O
                         net (fo=1, unplaced)         2.439     6.648    i_dram_wrapper/i_dram/inst/u_ddr4_infrastructure/mmcm_clk_in
                         MMCME4_ADV (Prop_MMCME4_ADV_CLKIN1_CLKOUT0)
                                                      0.630     7.278 f  i_dram_wrapper/i_dram/inst/u_ddr4_infrastructure/gen_mmcme4.u_mmcme_adv_inst/CLKOUT0
                         net (fo=1, unplaced)         0.176     7.454    i_dram_wrapper/i_dram/inst/u_ddr4_infrastructure/mmcm_clkout0
                         BUFGCE (Prop_BUFGCE_I_O)     0.024     7.478 f  i_dram_wrapper/i_dram/inst/u_ddr4_infrastructure/u_bufg_divClk/O
                         net (fo=36635, unplaced)     4.299    11.776    i_dram_wrapper/i_dram/inst/u_ddr4_mem_intfc/u_mig_ddr4_phy/inst/u_ddr4_phy_pll/div_clk
                         PLLE4_ADV (Prop_PLLE4_ADV_CLKIN_CLKOUTPHY)
                                                     -0.713    11.063 f  i_dram_wrapper/i_dram/inst/u_ddr4_mem_intfc/u_mig_ddr4_phy/inst/u_ddr4_phy_pll/plle_loop[1].gen_plle4.PLLE4_BASE_INST_OTHER/CLKOUTPHY
                         net (fo=8, unplaced)         0.102    11.165    i_dram_wrapper/i_dram/inst/u_ddr4_mem_intfc/u_mig_ddr4_phy/inst/generate_block1.u_ddr_xiphy/byte_num[4].xiphy_byte_wrapper.u_xiphy_byte_wrapper/I_CONTROL[0].GEN_I_CONTROL.u_xiphy_control/pll_clk[0]
                         BITSLICE_CONTROL (Prop_BITSLICE_CONTROL_PLL_CLK_TX_DIV2_CLK_Q)
                                                      0.106    11.271 r  i_dram_wrapper/i_dram/inst/u_ddr4_mem_intfc/u_mig_ddr4_phy/inst/generate_block1.u_ddr_xiphy/byte_num[4].xiphy_byte_wrapper.u_xiphy_byte_wrapper/I_CONTROL[0].GEN_I_CONTROL.u_xiphy_control/xiphy_control/TX_DIV2_CLK_Q
                         BITSLICE_CONTROL (Prop_BITSLICE_CONTROL_TX_DIV2_CLK_Q_TX_DIV4_CLK_Q)
                                                      0.075    11.346 r  i_dram_wrapper/i_dram/inst/u_ddr4_mem_intfc/u_mig_ddr4_phy/inst/generate_block1.u_ddr_xiphy/byte_num[4].xiphy_byte_wrapper.u_xiphy_byte_wrapper/I_CONTROL[0].GEN_I_CONTROL.u_xiphy_control/xiphy_control/TX_DIV4_CLK_Q
                         clock pessimism             -0.862    10.484    
                         clock uncertainty           -0.154    10.329    
                         BITSLICE_CONTROL (Setup_BITSLICE_CONTROL_TX_DIV4_CLK_Q_TBYTE_IN[0])
                                                     -0.158    10.171    i_dram_wrapper/i_dram/inst/u_ddr4_mem_intfc/u_mig_ddr4_phy/inst/generate_block1.u_ddr_xiphy/byte_num[4].xiphy_byte_wrapper.u_xiphy_byte_wrapper/I_CONTROL[0].GEN_I_CONTROL.u_xiphy_control/xiphy_control
  -------------------------------------------------------------------
                         required time                         10.171    
                         arrival time                          -8.618    
  -------------------------------------------------------------------
                         slack                                  1.553    





Min Delay Paths
--------------------------------------------------------------------------------------
Slack (MET) :             0.713ns  (arrival time - required time)
  Source:                 i_dram_wrapper/i_dram/inst/u_ddr4_mem_intfc/u_ddr_cal_top/u_ddr_mc_pi/rdEn[2].u_ddr_mc_rd_en_low/rdEn_reg[0]/C
                            (rising edge-triggered cell FDRE clocked by mmcm_clkout0  {rise@0.000ns fall@1.667ns period=3.333ns})
  Destination:            i_dram_wrapper/i_dram/inst/u_ddr4_mem_intfc/u_mig_ddr4_phy/inst/generate_block1.u_ddr_xiphy/byte_num[4].xiphy_byte_wrapper.u_xiphy_byte_wrapper/I_CONTROL[0].GEN_I_CONTROL.u_xiphy_control/xiphy_control/PHY_RDEN[0]
                            (rising edge-triggered cell BITSLICE_CONTROL clocked by pll_clk[1]_DIV  {rise@0.000ns fall@1.667ns period=3.333ns})
  Path Group:             pll_clk[1]_DIV
  Path Type:              Hold (Min at Fast Process Corner)
  Requirement:            0.000ns  (pll_clk[1]_DIV rise@0.000ns - mmcm_clkout0 rise@0.000ns)
  Data Path Delay:        0.183ns  (logic 0.038ns (20.765%)  route 0.145ns (79.235%))
  Logic Levels:           0  
  Clock Path Skew:        -0.761ns (DCD - SCD - CPR)
    Destination Clock Delay (DCD):    3.689ns
    Source Clock Delay      (SCD):    4.596ns
    Clock Pessimism Removal (CPR):    -0.146ns
  Clock Uncertainty:      0.154ns  ((TSJ^2 + DJ^2)^1/2) / 2 + PE
    Total System Jitter     (TSJ):    0.071ns
    Discrete Jitter          (DJ):    0.064ns
    Phase Error              (PE):    0.106ns

    Location             Delay type                Incr(ns)  Path(ns)    Netlist Resource(s)
  -------------------------------------------------------------------    -------------------
                         (clock mmcm_clkout0 rise edge)
                                                      0.000     0.000 r  
    E12                                               0.000     0.000 r  sys_clk_p (IN)
                         net (fo=0)                   0.000     0.000    i_bufds_sys_clk/I
    HPIOBDIFFINBUF_X1Y300
                         DIFFINBUF (Prop_DIFFINBUF_HPIOBDIFFINBUF_DIFF_IN_P_O)
                                                      0.340     0.340 r  i_bufds_sys_clk/DIFFINBUF_INST/O
                         net (fo=1, estimated)        0.040     0.380    i_bufds_sys_clk/OUT
    E12                  IBUFCTRL (Prop_IBUFCTRL_HPIOB_M_I_O)
                                                      0.000     0.380 r  i_bufds_sys_clk/IBUFCTRL_INST/O
                         net (fo=3, unplaced)         0.116     0.496    i_dram_wrapper/i_dram/inst/u_ddr4_mem_intfc/u_mig_ddr4_phy/inst/u_ddr4_phy_pll/sys_clk_i
                         BUFGCE (Prop_BUFGCE_I_O)     0.017     0.513 r  i_dram_wrapper/i_dram/inst/u_ddr4_mem_intfc/u_mig_ddr4_phy/inst/u_ddr4_phy_pll/gen_bufg_backbone.u__bufg_backbone/O
                         net (fo=1, unplaced)         1.114     1.627    i_dram_wrapper/i_dram/inst/u_ddr4_infrastructure/mmcm_clk_in
                         MMCME4_ADV (Prop_MMCME4_ADV_CLKIN1_CLKOUT0)
                                                      0.230     1.857 r  i_dram_wrapper/i_dram/inst/u_ddr4_infrastructure/gen_mmcme4.u_mmcme_adv_inst/CLKOUT0
                         net (fo=1, unplaced)         0.118     1.975    i_dram_wrapper/i_dram/inst/u_ddr4_infrastructure/mmcm_clkout0
                         BUFGCE (Prop_BUFGCE_I_O)     0.017     1.992 r  i_dram_wrapper/i_dram/inst/u_ddr4_infrastructure/u_bufg_divClk/O
                         net (fo=36635, unplaced)     2.604     4.596    i_dram_wrapper/i_dram/inst/u_ddr4_mem_intfc/u_ddr_cal_top/u_ddr_mc_pi/rdEn[2].u_ddr_mc_rd_en_low/rsMask_reg[7][12]_0
                         FDRE                                         r  i_dram_wrapper/i_dram/inst/u_ddr4_mem_intfc/u_ddr_cal_top/u_ddr_mc_pi/rdEn[2].u_ddr_mc_rd_en_low/rdEn_reg[0]/C
  -------------------------------------------------------------------    -------------------
                         FDRE (Prop_FDRE_C_Q)         0.038     4.634 r  i_dram_wrapper/i_dram/inst/u_ddr4_mem_intfc/u_ddr_cal_top/u_ddr_mc_pi/rdEn[2].u_ddr_mc_rd_en_low/rdEn_reg[0]/Q
                         net (fo=1, unplaced)         0.145     4.779    i_dram_wrapper/i_dram/inst/u_ddr4_mem_intfc/u_mig_ddr4_phy/inst/generate_block1.u_ddr_xiphy/byte_num[4].xiphy_byte_wrapper.u_xiphy_byte_wrapper/I_CONTROL[0].GEN_I_CONTROL.u_xiphy_control/ch0_mcal_clb2phy_rden_low[0]
                         BITSLICE_CONTROL                             r  i_dram_wrapper/i_dram/inst/u_ddr4_mem_intfc/u_mig_ddr4_phy/inst/generate_block1.u_ddr_xiphy/byte_num[4].xiphy_byte_wrapper.u_xiphy_byte_wrapper/I_CONTROL[0].GEN_I_CONTROL.u_xiphy_control/xiphy_control/PHY_RDEN[0]
  -------------------------------------------------------------------    -------------------

                         (clock pll_clk[1]_DIV rise edge)
                                                      0.000     0.000 r  
    E12                                               0.000     0.000 r  sys_clk_p (IN)
                         net (fo=0)                   0.000     0.000    i_bufds_sys_clk/I
    HPIOBDIFFINBUF_X1Y300
                         DIFFINBUF (Prop_DIFFINBUF_HPIOBDIFFINBUF_DIFF_IN_P_O)
                                                      0.446     0.446 r  i_bufds_sys_clk/DIFFINBUF_INST/O
                         net (fo=1, estimated)        0.050     0.496    i_bufds_sys_clk/OUT
    E12                  IBUFCTRL (Prop_IBUFCTRL_HPIOB_M_I_O)
                                                      0.000     0.496 r  i_bufds_sys_clk/IBUFCTRL_INST/O
                         net (fo=3, unplaced)         0.147     0.643    i_dram_wrapper/i_dram/inst/u_ddr4_mem_intfc/u_mig_ddr4_phy/inst/u_ddr4_phy_pll/sys_clk_i
                         BUFGCE (Prop_BUFGCE_I_O)     0.019     0.662 r  i_dram_wrapper/i_dram/inst/u_ddr4_mem_intfc/u_mig_ddr4_phy/inst/u_ddr4_phy_pll/gen_bufg_backbone.u__bufg_backbone/O
                         net (fo=1, unplaced)         1.259     1.921    i_dram_wrapper/i_dram/inst/u_ddr4_infrastructure/mmcm_clk_in
                         MMCME4_ADV (Prop_MMCME4_ADV_CLKIN1_CLKOUT0)
                                                     -0.295     1.626 r  i_dram_wrapper/i_dram/inst/u_ddr4_infrastructure/gen_mmcme4.u_mmcme_adv_inst/CLKOUT0
                         net (fo=1, unplaced)         0.132     1.758    i_dram_wrapper/i_dram/inst/u_ddr4_infrastructure/mmcm_clkout0
                         BUFGCE (Prop_BUFGCE_I_O)     0.019     1.777 r  i_dram_wrapper/i_dram/inst/u_ddr4_infrastructure/u_bufg_divClk/O
                         net (fo=36635, unplaced)     2.749     4.525    i_dram_wrapper/i_dram/inst/u_ddr4_mem_intfc/u_mig_ddr4_phy/inst/u_ddr4_phy_pll/div_clk
                         PLLE4_ADV (Prop_PLLE4_ADV_CLKIN_CLKOUTPHY)
                                                     -1.166     3.359 r  i_dram_wrapper/i_dram/inst/u_ddr4_mem_intfc/u_mig_ddr4_phy/inst/u_ddr4_phy_pll/plle_loop[1].gen_plle4.PLLE4_BASE_INST_OTHER/CLKOUTPHY
                         net (fo=8, unplaced)         0.115     3.474    i_dram_wrapper/i_dram/inst/u_ddr4_mem_intfc/u_mig_ddr4_phy/inst/generate_block1.u_ddr_xiphy/byte_num[4].xiphy_byte_wrapper.u_xiphy_byte_wrapper/I_CONTROL[0].GEN_I_CONTROL.u_xiphy_control/pll_clk[0]
                         BITSLICE_CONTROL (Prop_BITSLICE_CONTROL_PLL_CLK_RX_DIV2_CLK_Q)
                                                      0.124     3.598 r  i_dram_wrapper/i_dram/inst/u_ddr4_mem_intfc/u_mig_ddr4_phy/inst/generate_block1.u_ddr_xiphy/byte_num[4].xiphy_byte_wrapper.u_xiphy_byte_wrapper/I_CONTROL[0].GEN_I_CONTROL.u_xiphy_control/xiphy_control/RX_DIV2_CLK_Q
                         BITSLICE_CONTROL (Prop_BITSLICE_CONTROL_RX_DIV2_CLK_Q_RX_DIV4_CLK_Q)
                                                      0.091     3.689 r  i_dram_wrapper/i_dram/inst/u_ddr4_mem_intfc/u_mig_ddr4_phy/inst/generate_block1.u_ddr_xiphy/byte_num[4].xiphy_byte_wrapper.u_xiphy_byte_wrapper/I_CONTROL[0].GEN_I_CONTROL.u_xiphy_control/xiphy_control/RX_DIV4_CLK_Q
                         clock pessimism              0.146     3.835    
                         clock uncertainty            0.154     3.989    
                         BITSLICE_CONTROL (Hold_BITSLICE_CONTROL_RX_DIV4_CLK_Q_PHY_RDEN[0])
                                                      0.077     4.066    i_dram_wrapper/i_dram/inst/u_ddr4_mem_intfc/u_mig_ddr4_phy/inst/generate_block1.u_ddr_xiphy/byte_num[4].xiphy_byte_wrapper.u_xiphy_byte_wrapper/I_CONTROL[0].GEN_I_CONTROL.u_xiphy_control/xiphy_control
  -------------------------------------------------------------------
                         required time                         -4.066    
                         arrival time                           4.779    
  -------------------------------------------------------------------
                         slack                                  0.713    





---------------------------------------------------------------------------------------------------
From Clock:  mmcm_clkout0
  To Clock:  pll_clk[2]_DIV

Setup :            0  Failing Endpoints,  Worst Slack        1.553ns,  Total Violation        0.000ns
Hold  :            0  Failing Endpoints,  Worst Slack        0.713ns,  Total Violation        0.000ns
---------------------------------------------------------------------------------------------------


Max Delay Paths
--------------------------------------------------------------------------------------
Slack (MET) :             1.553ns  (required time - arrival time)
  Source:                 i_dram_wrapper/i_dram/inst/u_ddr4_mem_intfc/u_ddr_cal_top/u_ddr_mc_pi/u_ddr_mc_write/oe_low_reg[0]/C
                            (rising edge-triggered cell FDRE clocked by mmcm_clkout0  {rise@0.000ns fall@1.667ns period=3.333ns})
  Destination:            i_dram_wrapper/i_dram/inst/u_ddr4_mem_intfc/u_mig_ddr4_phy/inst/generate_block1.u_ddr_xiphy/byte_num[8].xiphy_byte_wrapper.u_xiphy_byte_wrapper/I_CONTROL[0].GEN_I_CONTROL.u_xiphy_control/xiphy_control/TBYTE_IN[0]
                            (rising edge-triggered cell BITSLICE_CONTROL clocked by pll_clk[2]_DIV  {rise@0.000ns fall@1.667ns period=3.333ns})
  Path Group:             pll_clk[2]_DIV
  Path Type:              Setup (Max at Slow Process Corner)
  Requirement:            3.333ns  (pll_clk[2]_DIV rise@3.333ns - mmcm_clkout0 rise@0.000ns)
  Data Path Delay:        0.463ns  (logic 0.077ns (16.631%)  route 0.386ns (83.369%))
  Logic Levels:           0  
  Clock Path Skew:        -1.005ns (DCD - SCD + CPR)
    Destination Clock Delay (DCD):    8.013ns = ( 11.346 - 3.333 ) 
    Source Clock Delay      (SCD):    8.155ns
    Clock Pessimism Removal (CPR):    -0.862ns
  Clock Uncertainty:      0.154ns  ((TSJ^2 + DJ^2)^1/2) / 2 + PE
    Total System Jitter     (TSJ):    0.071ns
    Discrete Jitter          (DJ):    0.064ns
    Phase Error              (PE):    0.106ns

    Location             Delay type                Incr(ns)  Path(ns)    Netlist Resource(s)
  -------------------------------------------------------------------    -------------------
                         (clock mmcm_clkout0 rise edge)
                                                      0.000     0.000 r  
    E12                                               0.000     0.000 r  sys_clk_p (IN)
                         net (fo=0)                   0.000     0.000    i_bufds_sys_clk/I
    HPIOBDIFFINBUF_X1Y300
                         DIFFINBUF (Prop_DIFFINBUF_HPIOBDIFFINBUF_DIFF_IN_P_O)
                                                      0.675     0.675 r  i_bufds_sys_clk/DIFFINBUF_INST/O
                         net (fo=1, estimated)        0.050     0.725    i_bufds_sys_clk/OUT
    E12                  IBUFCTRL (Prop_IBUFCTRL_HPIOB_M_I_O)
                                                      0.000     0.725 r  i_bufds_sys_clk/IBUFCTRL_INST/O
                         net (fo=3, unplaced)         0.276     1.001    i_dram_wrapper/i_dram/inst/u_ddr4_mem_intfc/u_mig_ddr4_phy/inst/u_ddr4_phy_pll/sys_clk_i
                         BUFGCE (Prop_BUFGCE_I_O)     0.028     1.029 r  i_dram_wrapper/i_dram/inst/u_ddr4_mem_intfc/u_mig_ddr4_phy/inst/u_ddr4_phy_pll/gen_bufg_backbone.u__bufg_backbone/O
                         net (fo=1, unplaced)         2.584     3.613    i_dram_wrapper/i_dram/inst/u_ddr4_infrastructure/mmcm_clk_in
                         MMCME4_ADV (Prop_MMCME4_ADV_CLKIN1_CLKOUT0)
                                                     -0.127     3.486 r  i_dram_wrapper/i_dram/inst/u_ddr4_infrastructure/gen_mmcme4.u_mmcme_adv_inst/CLKOUT0
                         net (fo=1, unplaced)         0.198     3.684    i_dram_wrapper/i_dram/inst/u_ddr4_infrastructure/mmcm_clkout0
                         BUFGCE (Prop_BUFGCE_I_O)     0.028     3.712 r  i_dram_wrapper/i_dram/inst/u_ddr4_infrastructure/u_bufg_divClk/O
                         net (fo=36635, unplaced)     4.444     8.155    i_dram_wrapper/i_dram/inst/u_ddr4_mem_intfc/u_ddr_cal_top/u_ddr_mc_pi/u_ddr_mc_write/wosp_reg[2]_rep__7_0
                         FDRE                                         r  i_dram_wrapper/i_dram/inst/u_ddr4_mem_intfc/u_ddr_cal_top/u_ddr_mc_pi/u_ddr_mc_write/oe_low_reg[0]/C
  -------------------------------------------------------------------    -------------------
                         FDRE (Prop_FDRE_C_Q)         0.077     8.232 r  i_dram_wrapper/i_dram/inst/u_ddr4_mem_intfc/u_ddr_cal_top/u_ddr_mc_pi/u_ddr_mc_write/oe_low_reg[0]/Q
                         net (fo=8, unplaced)         0.386     8.618    i_dram_wrapper/i_dram/inst/u_ddr4_mem_intfc/u_mig_ddr4_phy/inst/generate_block1.u_ddr_xiphy/byte_num[8].xiphy_byte_wrapper.u_xiphy_byte_wrapper/I_CONTROL[0].GEN_I_CONTROL.u_xiphy_control/ch0_mcal_clb2phy_t_b_low[0]
                         BITSLICE_CONTROL                             r  i_dram_wrapper/i_dram/inst/u_ddr4_mem_intfc/u_mig_ddr4_phy/inst/generate_block1.u_ddr_xiphy/byte_num[8].xiphy_byte_wrapper.u_xiphy_byte_wrapper/I_CONTROL[0].GEN_I_CONTROL.u_xiphy_control/xiphy_control/TBYTE_IN[0]
  -------------------------------------------------------------------    -------------------

                         (clock pll_clk[2]_DIV rise edge)
                                                      3.333     3.333 r  
    E12                                               0.000     3.333 r  sys_clk_p (IN)
                         net (fo=0)                   0.000     3.333    i_bufds_sys_clk/I
    HPIOBDIFFINBUF_X1Y300
                         DIFFINBUF (Prop_DIFFINBUF_HPIOBDIFFINBUF_DIFF_IN_P_O)
                                                      0.564     3.898 r  i_bufds_sys_clk/DIFFINBUF_INST/O
                         net (fo=1, estimated)        0.040     3.938    i_bufds_sys_clk/OUT
    E12                  IBUFCTRL (Prop_IBUFCTRL_HPIOB_M_I_O)
                                                      0.000     3.938 r  i_bufds_sys_clk/IBUFCTRL_INST/O
                         net (fo=3, unplaced)         0.247     4.185    i_dram_wrapper/i_dram/inst/u_ddr4_mem_intfc/u_mig_ddr4_phy/inst/u_ddr4_phy_pll/sys_clk_i
                         BUFGCE (Prop_BUFGCE_I_O)     0.024     4.209 r  i_dram_wrapper/i_dram/inst/u_ddr4_mem_intfc/u_mig_ddr4_phy/inst/u_ddr4_phy_pll/gen_bufg_backbone.u__bufg_backbone/O
                         net (fo=1, unplaced)         2.439     6.648    i_dram_wrapper/i_dram/inst/u_ddr4_infrastructure/mmcm_clk_in
                         MMCME4_ADV (Prop_MMCME4_ADV_CLKIN1_CLKOUT0)
                                                      0.630     7.278 r  i_dram_wrapper/i_dram/inst/u_ddr4_infrastructure/gen_mmcme4.u_mmcme_adv_inst/CLKOUT0
                         net (fo=1, unplaced)         0.176     7.454    i_dram_wrapper/i_dram/inst/u_ddr4_infrastructure/mmcm_clkout0
                         BUFGCE (Prop_BUFGCE_I_O)     0.024     7.478 r  i_dram_wrapper/i_dram/inst/u_ddr4_infrastructure/u_bufg_divClk/O
                         net (fo=36635, unplaced)     4.299    11.776    i_dram_wrapper/i_dram/inst/u_ddr4_mem_intfc/u_mig_ddr4_phy/inst/u_ddr4_phy_pll/div_clk
                         PLLE4_ADV (Prop_PLLE4_ADV_CLKIN_CLKOUTPHY)
                                                     -0.713    11.063 r  i_dram_wrapper/i_dram/inst/u_ddr4_mem_intfc/u_mig_ddr4_phy/inst/u_ddr4_phy_pll/plle_loop[2].gen_plle4.PLLE4_BASE_INST_OTHER/CLKOUTPHY
                         net (fo=4, unplaced)         0.102    11.165    i_dram_wrapper/i_dram/inst/u_ddr4_mem_intfc/u_mig_ddr4_phy/inst/generate_block1.u_ddr_xiphy/byte_num[8].xiphy_byte_wrapper.u_xiphy_byte_wrapper/I_CONTROL[0].GEN_I_CONTROL.u_xiphy_control/pll_clk[0]
                         BITSLICE_CONTROL (Prop_BITSLICE_CONTROL_PLL_CLK_TX_DIV2_CLK_Q)
                                                      0.106    11.271 r  i_dram_wrapper/i_dram/inst/u_ddr4_mem_intfc/u_mig_ddr4_phy/inst/generate_block1.u_ddr_xiphy/byte_num[8].xiphy_byte_wrapper.u_xiphy_byte_wrapper/I_CONTROL[0].GEN_I_CONTROL.u_xiphy_control/xiphy_control/TX_DIV2_CLK_Q
                         BITSLICE_CONTROL (Prop_BITSLICE_CONTROL_TX_DIV2_CLK_Q_TX_DIV4_CLK_Q)
                                                      0.075    11.346 r  i_dram_wrapper/i_dram/inst/u_ddr4_mem_intfc/u_mig_ddr4_phy/inst/generate_block1.u_ddr_xiphy/byte_num[8].xiphy_byte_wrapper.u_xiphy_byte_wrapper/I_CONTROL[0].GEN_I_CONTROL.u_xiphy_control/xiphy_control/TX_DIV4_CLK_Q
                         clock pessimism             -0.862    10.484    
                         clock uncertainty           -0.154    10.329    
                         BITSLICE_CONTROL (Setup_BITSLICE_CONTROL_TX_DIV4_CLK_Q_TBYTE_IN[0])
                                                     -0.158    10.171    i_dram_wrapper/i_dram/inst/u_ddr4_mem_intfc/u_mig_ddr4_phy/inst/generate_block1.u_ddr_xiphy/byte_num[8].xiphy_byte_wrapper.u_xiphy_byte_wrapper/I_CONTROL[0].GEN_I_CONTROL.u_xiphy_control/xiphy_control
  -------------------------------------------------------------------
                         required time                         10.171    
                         arrival time                          -8.618    
  -------------------------------------------------------------------
                         slack                                  1.553    





Min Delay Paths
--------------------------------------------------------------------------------------
Slack (MET) :             0.713ns  (arrival time - required time)
  Source:                 i_dram_wrapper/i_dram/inst/u_ddr4_mem_intfc/u_ddr_cal_top/u_ddr_mc_pi/rdEn[6].u_ddr_mc_rd_en_low/rdEn_reg[0]/C
                            (rising edge-triggered cell FDRE clocked by mmcm_clkout0  {rise@0.000ns fall@1.667ns period=3.333ns})
  Destination:            i_dram_wrapper/i_dram/inst/u_ddr4_mem_intfc/u_mig_ddr4_phy/inst/generate_block1.u_ddr_xiphy/byte_num[8].xiphy_byte_wrapper.u_xiphy_byte_wrapper/I_CONTROL[0].GEN_I_CONTROL.u_xiphy_control/xiphy_control/PHY_RDEN[0]
                            (rising edge-triggered cell BITSLICE_CONTROL clocked by pll_clk[2]_DIV  {rise@0.000ns fall@1.667ns period=3.333ns})
  Path Group:             pll_clk[2]_DIV
  Path Type:              Hold (Min at Fast Process Corner)
  Requirement:            0.000ns  (pll_clk[2]_DIV rise@0.000ns - mmcm_clkout0 rise@0.000ns)
  Data Path Delay:        0.183ns  (logic 0.038ns (20.765%)  route 0.145ns (79.235%))
  Logic Levels:           0  
  Clock Path Skew:        -0.761ns (DCD - SCD - CPR)
    Destination Clock Delay (DCD):    3.689ns
    Source Clock Delay      (SCD):    4.596ns
    Clock Pessimism Removal (CPR):    -0.146ns
  Clock Uncertainty:      0.154ns  ((TSJ^2 + DJ^2)^1/2) / 2 + PE
    Total System Jitter     (TSJ):    0.071ns
    Discrete Jitter          (DJ):    0.064ns
    Phase Error              (PE):    0.106ns

    Location             Delay type                Incr(ns)  Path(ns)    Netlist Resource(s)
  -------------------------------------------------------------------    -------------------
                         (clock mmcm_clkout0 rise edge)
                                                      0.000     0.000 r  
    E12                                               0.000     0.000 r  sys_clk_p (IN)
                         net (fo=0)                   0.000     0.000    i_bufds_sys_clk/I
    HPIOBDIFFINBUF_X1Y300
                         DIFFINBUF (Prop_DIFFINBUF_HPIOBDIFFINBUF_DIFF_IN_P_O)
                                                      0.340     0.340 r  i_bufds_sys_clk/DIFFINBUF_INST/O
                         net (fo=1, estimated)        0.040     0.380    i_bufds_sys_clk/OUT
    E12                  IBUFCTRL (Prop_IBUFCTRL_HPIOB_M_I_O)
                                                      0.000     0.380 r  i_bufds_sys_clk/IBUFCTRL_INST/O
                         net (fo=3, unplaced)         0.116     0.496    i_dram_wrapper/i_dram/inst/u_ddr4_mem_intfc/u_mig_ddr4_phy/inst/u_ddr4_phy_pll/sys_clk_i
                         BUFGCE (Prop_BUFGCE_I_O)     0.017     0.513 r  i_dram_wrapper/i_dram/inst/u_ddr4_mem_intfc/u_mig_ddr4_phy/inst/u_ddr4_phy_pll/gen_bufg_backbone.u__bufg_backbone/O
                         net (fo=1, unplaced)         1.114     1.627    i_dram_wrapper/i_dram/inst/u_ddr4_infrastructure/mmcm_clk_in
                         MMCME4_ADV (Prop_MMCME4_ADV_CLKIN1_CLKOUT0)
                                                      0.230     1.857 r  i_dram_wrapper/i_dram/inst/u_ddr4_infrastructure/gen_mmcme4.u_mmcme_adv_inst/CLKOUT0
                         net (fo=1, unplaced)         0.118     1.975    i_dram_wrapper/i_dram/inst/u_ddr4_infrastructure/mmcm_clkout0
                         BUFGCE (Prop_BUFGCE_I_O)     0.017     1.992 r  i_dram_wrapper/i_dram/inst/u_ddr4_infrastructure/u_bufg_divClk/O
                         net (fo=36635, unplaced)     2.604     4.596    i_dram_wrapper/i_dram/inst/u_ddr4_mem_intfc/u_ddr_cal_top/u_ddr_mc_pi/rdEn[6].u_ddr_mc_rd_en_low/rsMask_reg[7][9]_0
                         FDRE                                         r  i_dram_wrapper/i_dram/inst/u_ddr4_mem_intfc/u_ddr_cal_top/u_ddr_mc_pi/rdEn[6].u_ddr_mc_rd_en_low/rdEn_reg[0]/C
  -------------------------------------------------------------------    -------------------
                         FDRE (Prop_FDRE_C_Q)         0.038     4.634 r  i_dram_wrapper/i_dram/inst/u_ddr4_mem_intfc/u_ddr_cal_top/u_ddr_mc_pi/rdEn[6].u_ddr_mc_rd_en_low/rdEn_reg[0]/Q
                         net (fo=1, unplaced)         0.145     4.779    i_dram_wrapper/i_dram/inst/u_ddr4_mem_intfc/u_mig_ddr4_phy/inst/generate_block1.u_ddr_xiphy/byte_num[8].xiphy_byte_wrapper.u_xiphy_byte_wrapper/I_CONTROL[0].GEN_I_CONTROL.u_xiphy_control/ch0_mcal_clb2phy_rden_low[0]
                         BITSLICE_CONTROL                             r  i_dram_wrapper/i_dram/inst/u_ddr4_mem_intfc/u_mig_ddr4_phy/inst/generate_block1.u_ddr_xiphy/byte_num[8].xiphy_byte_wrapper.u_xiphy_byte_wrapper/I_CONTROL[0].GEN_I_CONTROL.u_xiphy_control/xiphy_control/PHY_RDEN[0]
  -------------------------------------------------------------------    -------------------

                         (clock pll_clk[2]_DIV rise edge)
                                                      0.000     0.000 r  
    E12                                               0.000     0.000 r  sys_clk_p (IN)
                         net (fo=0)                   0.000     0.000    i_bufds_sys_clk/I
    HPIOBDIFFINBUF_X1Y300
                         DIFFINBUF (Prop_DIFFINBUF_HPIOBDIFFINBUF_DIFF_IN_P_O)
                                                      0.446     0.446 r  i_bufds_sys_clk/DIFFINBUF_INST/O
                         net (fo=1, estimated)        0.050     0.496    i_bufds_sys_clk/OUT
    E12                  IBUFCTRL (Prop_IBUFCTRL_HPIOB_M_I_O)
                                                      0.000     0.496 r  i_bufds_sys_clk/IBUFCTRL_INST/O
                         net (fo=3, unplaced)         0.147     0.643    i_dram_wrapper/i_dram/inst/u_ddr4_mem_intfc/u_mig_ddr4_phy/inst/u_ddr4_phy_pll/sys_clk_i
                         BUFGCE (Prop_BUFGCE_I_O)     0.019     0.662 r  i_dram_wrapper/i_dram/inst/u_ddr4_mem_intfc/u_mig_ddr4_phy/inst/u_ddr4_phy_pll/gen_bufg_backbone.u__bufg_backbone/O
                         net (fo=1, unplaced)         1.259     1.921    i_dram_wrapper/i_dram/inst/u_ddr4_infrastructure/mmcm_clk_in
                         MMCME4_ADV (Prop_MMCME4_ADV_CLKIN1_CLKOUT0)
                                                     -0.295     1.626 r  i_dram_wrapper/i_dram/inst/u_ddr4_infrastructure/gen_mmcme4.u_mmcme_adv_inst/CLKOUT0
                         net (fo=1, unplaced)         0.132     1.758    i_dram_wrapper/i_dram/inst/u_ddr4_infrastructure/mmcm_clkout0
                         BUFGCE (Prop_BUFGCE_I_O)     0.019     1.777 r  i_dram_wrapper/i_dram/inst/u_ddr4_infrastructure/u_bufg_divClk/O
                         net (fo=36635, unplaced)     2.749     4.525    i_dram_wrapper/i_dram/inst/u_ddr4_mem_intfc/u_mig_ddr4_phy/inst/u_ddr4_phy_pll/div_clk
                         PLLE4_ADV (Prop_PLLE4_ADV_CLKIN_CLKOUTPHY)
                                                     -1.166     3.359 r  i_dram_wrapper/i_dram/inst/u_ddr4_mem_intfc/u_mig_ddr4_phy/inst/u_ddr4_phy_pll/plle_loop[2].gen_plle4.PLLE4_BASE_INST_OTHER/CLKOUTPHY
                         net (fo=4, unplaced)         0.115     3.474    i_dram_wrapper/i_dram/inst/u_ddr4_mem_intfc/u_mig_ddr4_phy/inst/generate_block1.u_ddr_xiphy/byte_num[8].xiphy_byte_wrapper.u_xiphy_byte_wrapper/I_CONTROL[0].GEN_I_CONTROL.u_xiphy_control/pll_clk[0]
                         BITSLICE_CONTROL (Prop_BITSLICE_CONTROL_PLL_CLK_RX_DIV2_CLK_Q)
                                                      0.124     3.598 r  i_dram_wrapper/i_dram/inst/u_ddr4_mem_intfc/u_mig_ddr4_phy/inst/generate_block1.u_ddr_xiphy/byte_num[8].xiphy_byte_wrapper.u_xiphy_byte_wrapper/I_CONTROL[0].GEN_I_CONTROL.u_xiphy_control/xiphy_control/RX_DIV2_CLK_Q
                         BITSLICE_CONTROL (Prop_BITSLICE_CONTROL_RX_DIV2_CLK_Q_RX_DIV4_CLK_Q)
                                                      0.091     3.689 r  i_dram_wrapper/i_dram/inst/u_ddr4_mem_intfc/u_mig_ddr4_phy/inst/generate_block1.u_ddr_xiphy/byte_num[8].xiphy_byte_wrapper.u_xiphy_byte_wrapper/I_CONTROL[0].GEN_I_CONTROL.u_xiphy_control/xiphy_control/RX_DIV4_CLK_Q
                         clock pessimism              0.146     3.835    
                         clock uncertainty            0.154     3.989    
                         BITSLICE_CONTROL (Hold_BITSLICE_CONTROL_RX_DIV4_CLK_Q_PHY_RDEN[0])
                                                      0.077     4.066    i_dram_wrapper/i_dram/inst/u_ddr4_mem_intfc/u_mig_ddr4_phy/inst/generate_block1.u_ddr_xiphy/byte_num[8].xiphy_byte_wrapper.u_xiphy_byte_wrapper/I_CONTROL[0].GEN_I_CONTROL.u_xiphy_control/xiphy_control
  -------------------------------------------------------------------
                         required time                         -4.066    
                         arrival time                           4.779    
  -------------------------------------------------------------------
                         slack                                  0.713    





---------------------------------------------------------------------------------------------------
From Clock:  mmcm_clkout0
  To Clock:  mmcm_clkout6

Setup :            0  Failing Endpoints,  Worst Slack        2.734ns,  Total Violation        0.000ns
Hold  :            1  Failing Endpoint ,  Worst Slack       -0.154ns,  Total Violation       -0.154ns
---------------------------------------------------------------------------------------------------


Max Delay Paths
--------------------------------------------------------------------------------------
Slack (MET) :             2.734ns  (required time - arrival time)
  Source:                 i_dram_wrapper/i_dram/inst/u_ddr4_mem_intfc/u_ddr_cal_top/sample_gts_reg/C
                            (rising edge-triggered cell FDRE clocked by mmcm_clkout0  {rise@0.000ns fall@1.667ns period=3.333ns})
  Destination:            i_dram_wrapper/i_dram/inst/u_ddr4_mem_intfc/u_ddr_cal_riu/sample_gts_riu_reg/D
                            (rising edge-triggered cell FDRE clocked by mmcm_clkout6  {rise@0.000ns fall@3.333ns period=6.667ns})
  Path Group:             mmcm_clkout6
  Path Type:              Setup (Max at Slow Process Corner)
  Requirement:            3.333ns  (mmcm_clkout6 rise@6.667ns - mmcm_clkout0 rise@3.333ns)
  Data Path Delay:        0.276ns  (logic 0.077ns (27.899%)  route 0.199ns (72.102%))
  Logic Levels:           0  
  Clock Path Skew:        -0.172ns (DCD - SCD + CPR)
    Destination Clock Delay (DCD):    6.595ns = ( 13.262 - 6.667 ) 
    Source Clock Delay      (SCD):    8.155ns = ( 11.489 - 3.333 ) 
    Clock Pessimism Removal (CPR):    1.388ns
  Clock Uncertainty:      0.176ns  ((TSJ^2 + DJ^2)^1/2) / 2 + PE
    Total System Jitter     (TSJ):    0.071ns
    Discrete Jitter          (DJ):    0.087ns
    Phase Error              (PE):    0.120ns

    Location             Delay type                Incr(ns)  Path(ns)    Netlist Resource(s)
  -------------------------------------------------------------------    -------------------
                         (clock mmcm_clkout0 rise edge)
                                                      3.333     3.333 r  
    E12                                               0.000     3.333 r  sys_clk_p (IN)
                         net (fo=0)                   0.000     3.333    i_bufds_sys_clk/I
    HPIOBDIFFINBUF_X1Y300
                         DIFFINBUF (Prop_DIFFINBUF_HPIOBDIFFINBUF_DIFF_IN_P_O)
                                                      0.675     4.008 r  i_bufds_sys_clk/DIFFINBUF_INST/O
                         net (fo=1, estimated)        0.050     4.058    i_bufds_sys_clk/OUT
    E12                  IBUFCTRL (Prop_IBUFCTRL_HPIOB_M_I_O)
                                                      0.000     4.058 r  i_bufds_sys_clk/IBUFCTRL_INST/O
                         net (fo=3, unplaced)         0.276     4.334    i_dram_wrapper/i_dram/inst/u_ddr4_mem_intfc/u_mig_ddr4_phy/inst/u_ddr4_phy_pll/sys_clk_i
                         BUFGCE (Prop_BUFGCE_I_O)     0.028     4.362 r  i_dram_wrapper/i_dram/inst/u_ddr4_mem_intfc/u_mig_ddr4_phy/inst/u_ddr4_phy_pll/gen_bufg_backbone.u__bufg_backbone/O
                         net (fo=1, unplaced)         2.584     6.946    i_dram_wrapper/i_dram/inst/u_ddr4_infrastructure/mmcm_clk_in
                         MMCME4_ADV (Prop_MMCME4_ADV_CLKIN1_CLKOUT0)
                                                     -0.127     6.819 r  i_dram_wrapper/i_dram/inst/u_ddr4_infrastructure/gen_mmcme4.u_mmcme_adv_inst/CLKOUT0
                         net (fo=1, unplaced)         0.198     7.017    i_dram_wrapper/i_dram/inst/u_ddr4_infrastructure/mmcm_clkout0
                         BUFGCE (Prop_BUFGCE_I_O)     0.028     7.045 r  i_dram_wrapper/i_dram/inst/u_ddr4_infrastructure/u_bufg_divClk/O
                         net (fo=36635, unplaced)     4.444    11.489    i_dram_wrapper/i_dram/inst/u_ddr4_mem_intfc/u_ddr_cal_top/wosp_reg[2]_rep__7
                         FDRE                                         r  i_dram_wrapper/i_dram/inst/u_ddr4_mem_intfc/u_ddr_cal_top/sample_gts_reg/C
  -------------------------------------------------------------------    -------------------
                         FDRE (Prop_FDRE_C_Q)         0.077    11.566 r  i_dram_wrapper/i_dram/inst/u_ddr4_mem_intfc/u_ddr_cal_top/sample_gts_reg/Q
                         net (fo=1, unplaced)         0.199    11.765    i_dram_wrapper/i_dram/inst/u_ddr4_mem_intfc/u_ddr_cal_riu/sample_gts
                         FDRE                                         r  i_dram_wrapper/i_dram/inst/u_ddr4_mem_intfc/u_ddr_cal_riu/sample_gts_riu_reg/D
  -------------------------------------------------------------------    -------------------

                         (clock mmcm_clkout6 rise edge)
                                                      6.667     6.667 r  
    E12                                               0.000     6.667 r  sys_clk_p (IN)
                         net (fo=0)                   0.000     6.667    i_bufds_sys_clk/I
    HPIOBDIFFINBUF_X1Y300
                         DIFFINBUF (Prop_DIFFINBUF_HPIOBDIFFINBUF_DIFF_IN_P_O)
                                                      0.564     7.231 r  i_bufds_sys_clk/DIFFINBUF_INST/O
                         net (fo=1, estimated)        0.040     7.271    i_bufds_sys_clk/OUT
    E12                  IBUFCTRL (Prop_IBUFCTRL_HPIOB_M_I_O)
                                                      0.000     7.271 r  i_bufds_sys_clk/IBUFCTRL_INST/O
                         net (fo=3, unplaced)         0.247     7.518    i_dram_wrapper/i_dram/inst/u_ddr4_mem_intfc/u_mig_ddr4_phy/inst/u_ddr4_phy_pll/sys_clk_i
                         BUFGCE (Prop_BUFGCE_I_O)     0.024     7.542 r  i_dram_wrapper/i_dram/inst/u_ddr4_mem_intfc/u_mig_ddr4_phy/inst/u_ddr4_phy_pll/gen_bufg_backbone.u__bufg_backbone/O
                         net (fo=1, unplaced)         2.439     9.981    i_dram_wrapper/i_dram/inst/u_ddr4_infrastructure/mmcm_clk_in
                         MMCME4_ADV (Prop_MMCME4_ADV_CLKIN1_CLKOUT6)
                                                      0.630    10.611 r  i_dram_wrapper/i_dram/inst/u_ddr4_infrastructure/gen_mmcme4.u_mmcme_adv_inst/CLKOUT6
                         net (fo=1, unplaced)         0.188    10.799    i_dram_wrapper/i_dram/inst/u_ddr4_infrastructure/mmcm_clkout6
                         BUFGCE (Prop_BUFGCE_I_O)     0.024    10.823 r  i_dram_wrapper/i_dram/inst/u_ddr4_infrastructure/u_bufg_riuClk/O
                         net (fo=2409, unplaced)      2.439    13.262    i_dram_wrapper/i_dram/inst/u_ddr4_mem_intfc/u_ddr_cal_riu/CLK
                         FDRE                                         r  i_dram_wrapper/i_dram/inst/u_ddr4_mem_intfc/u_ddr_cal_riu/sample_gts_riu_reg/C
                         clock pessimism              1.388    14.650    
                         clock uncertainty           -0.176    14.474    
                         FDRE (Setup_FDRE_C_D)        0.025    14.499    i_dram_wrapper/i_dram/inst/u_ddr4_mem_intfc/u_ddr_cal_riu/sample_gts_riu_reg
  -------------------------------------------------------------------
                         required time                         14.499    
                         arrival time                         -11.765    
  -------------------------------------------------------------------
                         slack                                  2.734    





Min Delay Paths
--------------------------------------------------------------------------------------
Slack (VIOLATED) :        -0.154ns  (arrival time - required time)
  Source:                 i_dram_wrapper/i_dram/inst/u_ddr4_mem_intfc/u_ddr_cal_top/sample_gts_reg/C
                            (rising edge-triggered cell FDRE clocked by mmcm_clkout0  {rise@0.000ns fall@1.667ns period=3.333ns})
  Destination:            i_dram_wrapper/i_dram/inst/u_ddr4_mem_intfc/u_ddr_cal_riu/sample_gts_riu_reg/D
                            (rising edge-triggered cell FDRE clocked by mmcm_clkout6  {rise@0.000ns fall@3.333ns period=6.667ns})
  Path Group:             mmcm_clkout6
  Path Type:              Hold (Min at Fast Process Corner)
  Requirement:            0.000ns  (mmcm_clkout6 rise@0.000ns - mmcm_clkout0 rise@0.000ns)
  Data Path Delay:        0.141ns  (logic 0.038ns (26.950%)  route 0.103ns (73.050%))
  Logic Levels:           0  
  Clock Path Skew:        0.072ns (DCD - SCD - CPR)
    Destination Clock Delay (DCD):    3.047ns
    Source Clock Delay      (SCD):    4.596ns
    Clock Pessimism Removal (CPR):    -1.622ns
  Clock Uncertainty:      0.176ns  ((TSJ^2 + DJ^2)^1/2) / 2 + PE
    Total System Jitter     (TSJ):    0.071ns
    Discrete Jitter          (DJ):    0.087ns
    Phase Error              (PE):    0.120ns

    Location             Delay type                Incr(ns)  Path(ns)    Netlist Resource(s)
  -------------------------------------------------------------------    -------------------
                         (clock mmcm_clkout0 rise edge)
                                                      0.000     0.000 r  
    E12                                               0.000     0.000 r  sys_clk_p (IN)
                         net (fo=0)                   0.000     0.000    i_bufds_sys_clk/I
    HPIOBDIFFINBUF_X1Y300
                         DIFFINBUF (Prop_DIFFINBUF_HPIOBDIFFINBUF_DIFF_IN_P_O)
                                                      0.340     0.340 r  i_bufds_sys_clk/DIFFINBUF_INST/O
                         net (fo=1, estimated)        0.040     0.380    i_bufds_sys_clk/OUT
    E12                  IBUFCTRL (Prop_IBUFCTRL_HPIOB_M_I_O)
                                                      0.000     0.380 r  i_bufds_sys_clk/IBUFCTRL_INST/O
                         net (fo=3, unplaced)         0.116     0.496    i_dram_wrapper/i_dram/inst/u_ddr4_mem_intfc/u_mig_ddr4_phy/inst/u_ddr4_phy_pll/sys_clk_i
                         BUFGCE (Prop_BUFGCE_I_O)     0.017     0.513 r  i_dram_wrapper/i_dram/inst/u_ddr4_mem_intfc/u_mig_ddr4_phy/inst/u_ddr4_phy_pll/gen_bufg_backbone.u__bufg_backbone/O
                         net (fo=1, unplaced)         1.114     1.627    i_dram_wrapper/i_dram/inst/u_ddr4_infrastructure/mmcm_clk_in
                         MMCME4_ADV (Prop_MMCME4_ADV_CLKIN1_CLKOUT0)
                                                      0.230     1.857 r  i_dram_wrapper/i_dram/inst/u_ddr4_infrastructure/gen_mmcme4.u_mmcme_adv_inst/CLKOUT0
                         net (fo=1, unplaced)         0.118     1.975    i_dram_wrapper/i_dram/inst/u_ddr4_infrastructure/mmcm_clkout0
                         BUFGCE (Prop_BUFGCE_I_O)     0.017     1.992 r  i_dram_wrapper/i_dram/inst/u_ddr4_infrastructure/u_bufg_divClk/O
                         net (fo=36635, unplaced)     2.604     4.596    i_dram_wrapper/i_dram/inst/u_ddr4_mem_intfc/u_ddr_cal_top/wosp_reg[2]_rep__7
                         FDRE                                         r  i_dram_wrapper/i_dram/inst/u_ddr4_mem_intfc/u_ddr_cal_top/sample_gts_reg/C
  -------------------------------------------------------------------    -------------------
                         FDRE (Prop_FDRE_C_Q)         0.038     4.634 r  i_dram_wrapper/i_dram/inst/u_ddr4_mem_intfc/u_ddr_cal_top/sample_gts_reg/Q
                         net (fo=1, unplaced)         0.103     4.737    i_dram_wrapper/i_dram/inst/u_ddr4_mem_intfc/u_ddr_cal_riu/sample_gts
                         FDRE                                         r  i_dram_wrapper/i_dram/inst/u_ddr4_mem_intfc/u_ddr_cal_riu/sample_gts_riu_reg/D
  -------------------------------------------------------------------    -------------------

                         (clock mmcm_clkout6 rise edge)
                                                      0.000     0.000 r  
    E12                                               0.000     0.000 r  sys_clk_p (IN)
                         net (fo=0)                   0.000     0.000    i_bufds_sys_clk/I
    HPIOBDIFFINBUF_X1Y300
                         DIFFINBUF (Prop_DIFFINBUF_HPIOBDIFFINBUF_DIFF_IN_P_O)
                                                      0.446     0.446 r  i_bufds_sys_clk/DIFFINBUF_INST/O
                         net (fo=1, estimated)        0.050     0.496    i_bufds_sys_clk/OUT
    E12                  IBUFCTRL (Prop_IBUFCTRL_HPIOB_M_I_O)
                                                      0.000     0.496 r  i_bufds_sys_clk/IBUFCTRL_INST/O
                         net (fo=3, unplaced)         0.147     0.643    i_dram_wrapper/i_dram/inst/u_ddr4_mem_intfc/u_mig_ddr4_phy/inst/u_ddr4_phy_pll/sys_clk_i
                         BUFGCE (Prop_BUFGCE_I_O)     0.019     0.662 r  i_dram_wrapper/i_dram/inst/u_ddr4_mem_intfc/u_mig_ddr4_phy/inst/u_ddr4_phy_pll/gen_bufg_backbone.u__bufg_backbone/O
                         net (fo=1, unplaced)         1.259     1.921    i_dram_wrapper/i_dram/inst/u_ddr4_infrastructure/mmcm_clk_in
                         MMCME4_ADV (Prop_MMCME4_ADV_CLKIN1_CLKOUT6)
                                                     -0.295     1.626 r  i_dram_wrapper/i_dram/inst/u_ddr4_infrastructure/gen_mmcme4.u_mmcme_adv_inst/CLKOUT6
                         net (fo=1, unplaced)         0.143     1.769    i_dram_wrapper/i_dram/inst/u_ddr4_infrastructure/mmcm_clkout6
                         BUFGCE (Prop_BUFGCE_I_O)     0.019     1.788 r  i_dram_wrapper/i_dram/inst/u_ddr4_infrastructure/u_bufg_riuClk/O
                         net (fo=2409, unplaced)      1.259     3.047    i_dram_wrapper/i_dram/inst/u_ddr4_mem_intfc/u_ddr_cal_riu/CLK
                         FDRE                                         r  i_dram_wrapper/i_dram/inst/u_ddr4_mem_intfc/u_ddr_cal_riu/sample_gts_riu_reg/C
                         clock pessimism              1.622     4.668    
                         clock uncertainty            0.176     4.844    
                         FDRE (Hold_FDRE_C_D)         0.046     4.890    i_dram_wrapper/i_dram/inst/u_ddr4_mem_intfc/u_ddr_cal_riu/sample_gts_riu_reg
  -------------------------------------------------------------------
                         required time                         -4.890    
                         arrival time                           4.737    
  -------------------------------------------------------------------
                         slack                                 -0.154    





---------------------------------------------------------------------------------------------------
Path Group:  **async_default**
From Clock:  clk_50_clkwiz
  To Clock:  clk_50_clkwiz

Setup :            0  Failing Endpoints,  Worst Slack       16.120ns,  Total Violation        0.000ns
Hold  :            0  Failing Endpoints,  Worst Slack        0.130ns,  Total Violation        0.000ns
---------------------------------------------------------------------------------------------------


Max Delay Paths
--------------------------------------------------------------------------------------
Slack (MET) :             16.120ns  (required time - arrival time)
  Source:                 i_rstgen/i_rstgen_bypass/synch_regs_q_reg[3]/C
                            (rising edge-triggered cell FDCE clocked by clk_50_clkwiz  {rise@0.000ns fall@10.000ns period=20.000ns})
  Destination:            i_dram_wrapper/gen_cdc.i_axi_cdc_mig/i_axi_cdc_src/i_cdc_fifo_gray_src_w/data_q_reg[0][data][0]/CLR
                            (recovery check against rising-edge clock clk_50_clkwiz  {rise@0.000ns fall@10.000ns period=20.000ns})
  Path Group:             **async_default**
  Path Type:              Recovery (Max at Slow Process Corner)
  Requirement:            20.000ns  (clk_50_clkwiz rise@20.000ns - clk_50_clkwiz rise@0.000ns)
  Data Path Delay:        3.586ns  (logic 0.207ns (5.772%)  route 3.379ns (94.228%))
  Logic Levels:           2  (BUFGCTRL=1 LUT1=1)
  Clock Path Skew:        -0.145ns (DCD - SCD + CPR)
    Destination Clock Delay (DCD):    4.185ns = ( 24.185 - 20.000 ) 
    Source Clock Delay      (SCD):    3.754ns
    Clock Pessimism Removal (CPR):    -0.577ns
  Clock Uncertainty:      0.083ns  ((TSJ^2 + DJ^2)^1/2) / 2 + PE
    Total System Jitter     (TSJ):    0.071ns
    Discrete Jitter          (DJ):    0.150ns
    Phase Error              (PE):    0.000ns

    Location             Delay type                Incr(ns)  Path(ns)    Netlist Resource(s)
  -------------------------------------------------------------------    -------------------
                         (clock clk_50_clkwiz rise edge)
                                                      0.000     0.000 r  
    E12                                               0.000     0.000 r  sys_clk_p (IN)
                         net (fo=0)                   0.000     0.000    i_bufds_sys_clk/I
    HPIOBDIFFINBUF_X1Y300
                         DIFFINBUF (Prop_DIFFINBUF_HPIOBDIFFINBUF_DIFF_IN_P_O)
                                                      0.675     0.675 r  i_bufds_sys_clk/DIFFINBUF_INST/O
                         net (fo=1, estimated)        0.050     0.725    i_bufds_sys_clk/OUT
    E12                  IBUFCTRL (Prop_IBUFCTRL_HPIOB_M_I_O)
                                                      0.000     0.725 r  i_bufds_sys_clk/IBUFCTRL_INST/O
                         net (fo=3, unplaced)         0.346     1.071    i_clkwiz/inst/clk_in1
                         MMCME4_ADV (Prop_MMCME4_ADV_CLKIN1_CLKOUT0)
                                                     -0.127     0.944 r  i_clkwiz/inst/mmcme4_adv_inst/CLKOUT0
                         net (fo=1, unplaced)         0.198     1.142    i_clkwiz/inst/clk_50_clkwiz
                         BUFGCE (Prop_BUFGCE_I_O)     0.028     1.170 r  i_clkwiz/inst/clkout1_buf/O
                         net (fo=199447, unplaced)    2.584     3.754    i_rstgen/i_rstgen_bypass/clk_i
                         FDCE                                         r  i_rstgen/i_rstgen_bypass/synch_regs_q_reg[3]/C
  -------------------------------------------------------------------    -------------------
                         FDCE (Prop_FDCE_C_Q)         0.077     3.831 r  i_rstgen/i_rstgen_bypass/synch_regs_q_reg[3]/Q
                         net (fo=2, unplaced)         0.394     4.225    i_rstgen/i_rstgen_bypass/i_tc_clk_mux2_rst_no/clk0_i
                         BUFGCTRL (Prop_BUFGCTRL_I0_O)
                                                      0.092     4.317 r  i_rstgen/i_rstgen_bypass/i_tc_clk_mux2_rst_no/i_BUFGMUX/O
                         net (fo=1624, unplaced)      2.584     6.901    i_dram_wrapper/gen_cdc.i_axi_cdc_mig/i_axi_cdc_src/i_cdc_fifo_gray_src_w/src_rst_ni
                         LUT1 (Prop_LUT1_I0_O)        0.038     6.939 f  i_dram_wrapper/gen_cdc.i_axi_cdc_mig/i_axi_cdc_src/i_cdc_fifo_gray_src_w/data_q[31][data][511]_i_2/O
                         net (fo=18470, unplaced)     0.401     7.340    i_dram_wrapper/gen_cdc.i_axi_cdc_mig/i_axi_cdc_src/i_cdc_fifo_gray_src_w/data_q[31][data][511]_i_2_n_0
                         FDCE                                         f  i_dram_wrapper/gen_cdc.i_axi_cdc_mig/i_axi_cdc_src/i_cdc_fifo_gray_src_w/data_q_reg[0][data][0]/CLR
  -------------------------------------------------------------------    -------------------

                         (clock clk_50_clkwiz rise edge)
                                                     20.000    20.000 r  
    E12                                               0.000    20.000 r  sys_clk_p (IN)
                         net (fo=0)                   0.000    20.000    i_bufds_sys_clk/I
    HPIOBDIFFINBUF_X1Y300
                         DIFFINBUF (Prop_DIFFINBUF_HPIOBDIFFINBUF_DIFF_IN_P_O)
                                                      0.564    20.564 r  i_bufds_sys_clk/DIFFINBUF_INST/O
                         net (fo=1, estimated)        0.040    20.604    i_bufds_sys_clk/OUT
    E12                  IBUFCTRL (Prop_IBUFCTRL_HPIOB_M_I_O)
                                                      0.000    20.604 r  i_bufds_sys_clk/IBUFCTRL_INST/O
                         net (fo=3, unplaced)         0.312    20.916    i_clkwiz/inst/clk_in1
                         MMCME4_ADV (Prop_MMCME4_ADV_CLKIN1_CLKOUT0)
                                                      0.630    21.546 r  i_clkwiz/inst/mmcme4_adv_inst/CLKOUT0
                         net (fo=1, unplaced)         0.176    21.722    i_clkwiz/inst/clk_50_clkwiz
                         BUFGCE (Prop_BUFGCE_I_O)     0.024    21.746 r  i_clkwiz/inst/clkout1_buf/O
                         net (fo=199447, unplaced)    2.439    24.185    i_dram_wrapper/gen_cdc.i_axi_cdc_mig/i_axi_cdc_src/i_cdc_fifo_gray_src_w/src_clk_i
                         FDCE                                         r  i_dram_wrapper/gen_cdc.i_axi_cdc_mig/i_axi_cdc_src/i_cdc_fifo_gray_src_w/data_q_reg[0][data][0]/C
                         clock pessimism             -0.577    23.609    
                         clock uncertainty           -0.083    23.525    
                         FDCE (Recov_FDCE_C_CLR)     -0.066    23.459    i_dram_wrapper/gen_cdc.i_axi_cdc_mig/i_axi_cdc_src/i_cdc_fifo_gray_src_w/data_q_reg[0][data][0]
  -------------------------------------------------------------------
                         required time                         23.459    
                         arrival time                          -7.340    
  -------------------------------------------------------------------
                         slack                                 16.120    





Min Delay Paths
--------------------------------------------------------------------------------------
Slack (MET) :             0.130ns  (arrival time - required time)
  Source:                 i_cheshire_soc/gen_cva6_cores[0].i_core_cva6/rst_uarch_n_reg/C
                            (rising edge-triggered cell FDCE clocked by clk_50_clkwiz  {rise@0.000ns fall@10.000ns period=20.000ns})
  Destination:            i_cheshire_soc/gen_cva6_cores[0].i_core_cva6/ex_stage_i/fpu_gen.fpu_i/fpu_gen.i_fpnew_bulk/gen_operation_groups[0].i_opgroup_block/i_arbiter/gen_arbiter.rr_q_reg[0]/CLR
                            (removal check against rising-edge clock clk_50_clkwiz  {rise@0.000ns fall@10.000ns period=20.000ns})
  Path Group:             **async_default**
  Path Type:              Removal (Min at Fast Process Corner)
  Requirement:            0.000ns  (clk_50_clkwiz rise@0.000ns - clk_50_clkwiz rise@0.000ns)
  Data Path Delay:        0.255ns  (logic 0.052ns (20.392%)  route 0.203ns (79.608%))
  Logic Levels:           1  (LUT1=1)
  Clock Path Skew:        0.145ns (DCD - SCD - CPR)
    Destination Clock Delay (DCD):    1.807ns
    Source Clock Delay      (SCD):    2.035ns
    Clock Pessimism Removal (CPR):    -0.374ns

    Location             Delay type                Incr(ns)  Path(ns)    Netlist Resource(s)
  -------------------------------------------------------------------    -------------------
                         (clock clk_50_clkwiz rise edge)
                                                      0.000     0.000 r  
    E12                                               0.000     0.000 r  sys_clk_p (IN)
                         net (fo=0)                   0.000     0.000    i_bufds_sys_clk/I
    HPIOBDIFFINBUF_X1Y300
                         DIFFINBUF (Prop_DIFFINBUF_HPIOBDIFFINBUF_DIFF_IN_P_O)
                                                      0.340     0.340 r  i_bufds_sys_clk/DIFFINBUF_INST/O
                         net (fo=1, estimated)        0.040     0.380    i_bufds_sys_clk/OUT
    E12                  IBUFCTRL (Prop_IBUFCTRL_HPIOB_M_I_O)
                                                      0.000     0.380 r  i_bufds_sys_clk/IBUFCTRL_INST/O
                         net (fo=3, unplaced)         0.176     0.556    i_clkwiz/inst/clk_in1
                         MMCME4_ADV (Prop_MMCME4_ADV_CLKIN1_CLKOUT0)
                                                      0.230     0.786 r  i_clkwiz/inst/mmcme4_adv_inst/CLKOUT0
                         net (fo=1, unplaced)         0.118     0.904    i_clkwiz/inst/clk_50_clkwiz
                         BUFGCE (Prop_BUFGCE_I_O)     0.017     0.921 r  i_clkwiz/inst/clkout1_buf/O
                         net (fo=199447, unplaced)    1.114     2.035    i_cheshire_soc/gen_cva6_cores[0].i_core_cva6/clk_i
                         FDCE                                         r  i_cheshire_soc/gen_cva6_cores[0].i_core_cva6/rst_uarch_n_reg/C
  -------------------------------------------------------------------    -------------------
                         FDCE (Prop_FDCE_C_Q)         0.038     2.073 r  i_cheshire_soc/gen_cva6_cores[0].i_core_cva6/rst_uarch_n_reg/Q
                         net (fo=87, unplaced)        0.116     2.189    i_cheshire_soc/gen_cva6_cores[0].i_core_cva6/ex_stage_i/fpu_gen.fpu_i/fpu_gen.i_fpnew_bulk/gen_operation_groups[0].i_opgroup_block/i_arbiter/rst_ni
                         LUT1 (Prop_LUT1_I0_O)        0.014     2.203 f  i_cheshire_soc/gen_cva6_cores[0].i_core_cva6/ex_stage_i/fpu_gen.fpu_i/fpu_gen.i_fpnew_bulk/gen_operation_groups[0].i_opgroup_block/i_arbiter/gen_arbiter.rr_q[1]_i_3/O
                         net (fo=2, unplaced)         0.087     2.290    i_cheshire_soc/gen_cva6_cores[0].i_core_cva6/ex_stage_i/fpu_gen.fpu_i/fpu_gen.i_fpnew_bulk/gen_operation_groups[0].i_opgroup_block/i_arbiter/gen_arbiter.rr_q[1]_i_3_n_0
                         FDCE                                         f  i_cheshire_soc/gen_cva6_cores[0].i_core_cva6/ex_stage_i/fpu_gen.fpu_i/fpu_gen.i_fpnew_bulk/gen_operation_groups[0].i_opgroup_block/i_arbiter/gen_arbiter.rr_q_reg[0]/CLR
  -------------------------------------------------------------------    -------------------

                         (clock clk_50_clkwiz rise edge)
                                                      0.000     0.000 r  
    E12                                               0.000     0.000 r  sys_clk_p (IN)
                         net (fo=0)                   0.000     0.000    i_bufds_sys_clk/I
    HPIOBDIFFINBUF_X1Y300
                         DIFFINBUF (Prop_DIFFINBUF_HPIOBDIFFINBUF_DIFF_IN_P_O)
                                                      0.446     0.446 r  i_bufds_sys_clk/DIFFINBUF_INST/O
                         net (fo=1, estimated)        0.050     0.496    i_bufds_sys_clk/OUT
    E12                  IBUFCTRL (Prop_IBUFCTRL_HPIOB_M_I_O)
                                                      0.000     0.496 r  i_bufds_sys_clk/IBUFCTRL_INST/O
                         net (fo=3, unplaced)         0.196     0.692    i_clkwiz/inst/clk_in1
                         MMCME4_ADV (Prop_MMCME4_ADV_CLKIN1_CLKOUT0)
                                                     -0.295     0.397 r  i_clkwiz/inst/mmcme4_adv_inst/CLKOUT0
                         net (fo=1, unplaced)         0.132     0.529    i_clkwiz/inst/clk_50_clkwiz
                         BUFGCE (Prop_BUFGCE_I_O)     0.019     0.548 r  i_clkwiz/inst/clkout1_buf/O
                         net (fo=199447, unplaced)    1.259     1.807    i_cheshire_soc/gen_cva6_cores[0].i_core_cva6/ex_stage_i/fpu_gen.fpu_i/fpu_gen.i_fpnew_bulk/gen_operation_groups[0].i_opgroup_block/i_arbiter/clk_i
                         FDCE                                         r  i_cheshire_soc/gen_cva6_cores[0].i_core_cva6/ex_stage_i/fpu_gen.fpu_i/fpu_gen.i_fpnew_bulk/gen_operation_groups[0].i_opgroup_block/i_arbiter/gen_arbiter.rr_q_reg[0]/C
                         clock pessimism              0.374     2.180    
                         FDCE (Remov_FDCE_C_CLR)     -0.020     2.160    i_cheshire_soc/gen_cva6_cores[0].i_core_cva6/ex_stage_i/fpu_gen.fpu_i/fpu_gen.i_fpnew_bulk/gen_operation_groups[0].i_opgroup_block/i_arbiter/gen_arbiter.rr_q_reg[0]
  -------------------------------------------------------------------
                         required time                         -2.160    
                         arrival time                           2.290    
  -------------------------------------------------------------------
                         slack                                  0.130    





---------------------------------------------------------------------------------------------------
Path Group:  **async_default**
From Clock:  mmcm_clkout0
  To Clock:  mmcm_clkout0

Setup :            0  Failing Endpoints,  Worst Slack        0.077ns,  Total Violation        0.000ns
Hold  :            0  Failing Endpoints,  Worst Slack        1.599ns,  Total Violation        0.000ns
---------------------------------------------------------------------------------------------------


Max Delay Paths
--------------------------------------------------------------------------------------
Slack (MET) :             0.077ns  (required time - arrival time)
  Source:                 i_dram_wrapper/i_ui_rstgen/i_rstgen_bypass/synch_regs_q_reg[3]/C
                            (rising edge-triggered cell FDCE clocked by mmcm_clkout0  {rise@0.000ns fall@1.667ns period=3.333ns})
  Destination:            i_dram_wrapper/gen_cdc.i_axi_cdc_mig/i_axi_cdc_dst/i_cdc_fifo_gray_src_r/data_q_reg[0][data][0]/CLR
                            (recovery check against rising-edge clock mmcm_clkout0  {rise@0.000ns fall@1.667ns period=3.333ns})
  Path Group:             **async_default**
  Path Type:              Recovery (Max at Slow Process Corner)
  Requirement:            3.333ns  (mmcm_clkout0 rise@3.333ns - mmcm_clkout0 rise@0.000ns)
  Data Path Delay:        3.584ns  (logic 0.207ns (5.776%)  route 3.377ns (94.224%))
  Logic Levels:           2  (BUFGCTRL=1 LUT1=1)
  Clock Path Skew:        0.446ns (DCD - SCD + CPR)
    Destination Clock Delay (DCD):    8.443ns = ( 11.776 - 3.333 ) 
    Source Clock Delay      (SCD):    8.155ns
    Clock Pessimism Removal (CPR):    0.158ns
  Clock Uncertainty:      0.052ns  ((TSJ^2 + DJ^2)^1/2) / 2 + PE
    Total System Jitter     (TSJ):    0.071ns
    Discrete Jitter          (DJ):    0.076ns
    Phase Error              (PE):    0.000ns

    Location             Delay type                Incr(ns)  Path(ns)    Netlist Resource(s)
  -------------------------------------------------------------------    -------------------
                         (clock mmcm_clkout0 rise edge)
                                                      0.000     0.000 r  
    E12                                               0.000     0.000 r  sys_clk_p (IN)
                         net (fo=0)                   0.000     0.000    i_bufds_sys_clk/I
    HPIOBDIFFINBUF_X1Y300
                         DIFFINBUF (Prop_DIFFINBUF_HPIOBDIFFINBUF_DIFF_IN_P_O)
                                                      0.675     0.675 r  i_bufds_sys_clk/DIFFINBUF_INST/O
                         net (fo=1, estimated)        0.050     0.725    i_bufds_sys_clk/OUT
    E12                  IBUFCTRL (Prop_IBUFCTRL_HPIOB_M_I_O)
                                                      0.000     0.725 r  i_bufds_sys_clk/IBUFCTRL_INST/O
                         net (fo=3, unplaced)         0.276     1.001    i_dram_wrapper/i_dram/inst/u_ddr4_mem_intfc/u_mig_ddr4_phy/inst/u_ddr4_phy_pll/sys_clk_i
                         BUFGCE (Prop_BUFGCE_I_O)     0.028     1.029 r  i_dram_wrapper/i_dram/inst/u_ddr4_mem_intfc/u_mig_ddr4_phy/inst/u_ddr4_phy_pll/gen_bufg_backbone.u__bufg_backbone/O
                         net (fo=1, unplaced)         2.584     3.613    i_dram_wrapper/i_dram/inst/u_ddr4_infrastructure/mmcm_clk_in
                         MMCME4_ADV (Prop_MMCME4_ADV_CLKIN1_CLKOUT0)
                                                     -0.127     3.486 r  i_dram_wrapper/i_dram/inst/u_ddr4_infrastructure/gen_mmcme4.u_mmcme_adv_inst/CLKOUT0
                         net (fo=1, unplaced)         0.198     3.684    i_dram_wrapper/i_dram/inst/u_ddr4_infrastructure/mmcm_clkout0
                         BUFGCE (Prop_BUFGCE_I_O)     0.028     3.712 r  i_dram_wrapper/i_dram/inst/u_ddr4_infrastructure/u_bufg_divClk/O
                         net (fo=36635, unplaced)     4.444     8.155    i_dram_wrapper/i_ui_rstgen/i_rstgen_bypass/clk_i
                         FDCE                                         r  i_dram_wrapper/i_ui_rstgen/i_rstgen_bypass/synch_regs_q_reg[3]/C
  -------------------------------------------------------------------    -------------------
                         FDCE (Prop_FDCE_C_Q)         0.077     8.232 r  i_dram_wrapper/i_ui_rstgen/i_rstgen_bypass/synch_regs_q_reg[3]/Q
                         net (fo=2, unplaced)         0.394     8.626    i_dram_wrapper/i_ui_rstgen/i_rstgen_bypass/i_tc_clk_mux2_rst_no/clk0_i
                         BUFGCTRL (Prop_BUFGCTRL_I0_O)
                                                      0.092     8.718 r  i_dram_wrapper/i_ui_rstgen/i_rstgen_bypass/i_tc_clk_mux2_rst_no/i_BUFGMUX/O
                         net (fo=39, unplaced)        2.584    11.302    i_dram_wrapper/gen_cdc.i_axi_cdc_mig/i_axi_cdc_dst/i_cdc_fifo_gray_src_r/src_rst_ni
                         LUT1 (Prop_LUT1_I0_O)        0.038    11.340 f  i_dram_wrapper/gen_cdc.i_axi_cdc_mig/i_axi_cdc_dst/i_cdc_fifo_gray_src_r/data_q[31][id][4]_i_2/O
                         net (fo=16646, unplaced)     0.399    11.739    i_dram_wrapper/gen_cdc.i_axi_cdc_mig/i_axi_cdc_dst/i_cdc_fifo_gray_src_r/data_q[31][id][4]_i_2_n_0
                         FDCE                                         f  i_dram_wrapper/gen_cdc.i_axi_cdc_mig/i_axi_cdc_dst/i_cdc_fifo_gray_src_r/data_q_reg[0][data][0]/CLR
  -------------------------------------------------------------------    -------------------

                         (clock mmcm_clkout0 rise edge)
                                                      3.333     3.333 r  
    E12                                               0.000     3.333 r  sys_clk_p (IN)
                         net (fo=0)                   0.000     3.333    i_bufds_sys_clk/I
    HPIOBDIFFINBUF_X1Y300
                         DIFFINBUF (Prop_DIFFINBUF_HPIOBDIFFINBUF_DIFF_IN_P_O)
                                                      0.564     3.898 r  i_bufds_sys_clk/DIFFINBUF_INST/O
                         net (fo=1, estimated)        0.040     3.938    i_bufds_sys_clk/OUT
    E12                  IBUFCTRL (Prop_IBUFCTRL_HPIOB_M_I_O)
                                                      0.000     3.938 r  i_bufds_sys_clk/IBUFCTRL_INST/O
                         net (fo=3, unplaced)         0.247     4.185    i_dram_wrapper/i_dram/inst/u_ddr4_mem_intfc/u_mig_ddr4_phy/inst/u_ddr4_phy_pll/sys_clk_i
                         BUFGCE (Prop_BUFGCE_I_O)     0.024     4.209 r  i_dram_wrapper/i_dram/inst/u_ddr4_mem_intfc/u_mig_ddr4_phy/inst/u_ddr4_phy_pll/gen_bufg_backbone.u__bufg_backbone/O
                         net (fo=1, unplaced)         2.439     6.648    i_dram_wrapper/i_dram/inst/u_ddr4_infrastructure/mmcm_clk_in
                         MMCME4_ADV (Prop_MMCME4_ADV_CLKIN1_CLKOUT0)
                                                      0.630     7.278 r  i_dram_wrapper/i_dram/inst/u_ddr4_infrastructure/gen_mmcme4.u_mmcme_adv_inst/CLKOUT0
                         net (fo=1, unplaced)         0.176     7.454    i_dram_wrapper/i_dram/inst/u_ddr4_infrastructure/mmcm_clkout0
                         BUFGCE (Prop_BUFGCE_I_O)     0.024     7.478 r  i_dram_wrapper/i_dram/inst/u_ddr4_infrastructure/u_bufg_divClk/O
                         net (fo=36635, unplaced)     4.299    11.776    i_dram_wrapper/gen_cdc.i_axi_cdc_mig/i_axi_cdc_dst/i_cdc_fifo_gray_src_r/src_clk_i
                         FDCE                                         r  i_dram_wrapper/gen_cdc.i_axi_cdc_mig/i_axi_cdc_dst/i_cdc_fifo_gray_src_r/data_q_reg[0][data][0]/C
                         clock pessimism              0.158    11.935    
                         clock uncertainty           -0.052    11.883    
                         FDCE (Recov_FDCE_C_CLR)     -0.066    11.817    i_dram_wrapper/gen_cdc.i_axi_cdc_mig/i_axi_cdc_dst/i_cdc_fifo_gray_src_r/data_q_reg[0][data][0]
  -------------------------------------------------------------------
                         required time                         11.817    
                         arrival time                         -11.739    
  -------------------------------------------------------------------
                         slack                                  0.077    





Min Delay Paths
--------------------------------------------------------------------------------------
Slack (MET) :             1.599ns  (arrival time - required time)
  Source:                 i_dram_wrapper/i_ui_rstgen/i_rstgen_bypass/synch_regs_q_reg[3]/C
                            (rising edge-triggered cell FDCE clocked by mmcm_clkout0  {rise@0.000ns fall@1.667ns period=3.333ns})
  Destination:            i_dram_wrapper/gen_cdc.i_axi_cdc_mig/i_axi_cdc_dst/i_cdc_fifo_gray_dst_ar/gen_sync[0].i_sync/reg_q_reg[0]/CLR
                            (removal check against rising-edge clock mmcm_clkout0  {rise@0.000ns fall@1.667ns period=3.333ns})
  Path Group:             **async_default**
  Path Type:              Removal (Min at Fast Process Corner)
  Requirement:            0.000ns  (mmcm_clkout0 rise@0.000ns - mmcm_clkout0 rise@0.000ns)
  Data Path Delay:        1.510ns  (logic 0.104ns (6.887%)  route 1.406ns (93.113%))
  Logic Levels:           2  (BUFGCTRL=1 LUT1=1)
  Clock Path Skew:        -0.069ns (DCD - SCD - CPR)
    Destination Clock Delay (DCD):    4.525ns
    Source Clock Delay      (SCD):    4.596ns
    Clock Pessimism Removal (CPR):    -0.002ns

    Location             Delay type                Incr(ns)  Path(ns)    Netlist Resource(s)
  -------------------------------------------------------------------    -------------------
                         (clock mmcm_clkout0 rise edge)
                                                      0.000     0.000 r  
    E12                                               0.000     0.000 r  sys_clk_p (IN)
                         net (fo=0)                   0.000     0.000    i_bufds_sys_clk/I
    HPIOBDIFFINBUF_X1Y300
                         DIFFINBUF (Prop_DIFFINBUF_HPIOBDIFFINBUF_DIFF_IN_P_O)
                                                      0.340     0.340 r  i_bufds_sys_clk/DIFFINBUF_INST/O
                         net (fo=1, estimated)        0.040     0.380    i_bufds_sys_clk/OUT
    E12                  IBUFCTRL (Prop_IBUFCTRL_HPIOB_M_I_O)
                                                      0.000     0.380 r  i_bufds_sys_clk/IBUFCTRL_INST/O
                         net (fo=3, unplaced)         0.116     0.496    i_dram_wrapper/i_dram/inst/u_ddr4_mem_intfc/u_mig_ddr4_phy/inst/u_ddr4_phy_pll/sys_clk_i
                         BUFGCE (Prop_BUFGCE_I_O)     0.017     0.513 r  i_dram_wrapper/i_dram/inst/u_ddr4_mem_intfc/u_mig_ddr4_phy/inst/u_ddr4_phy_pll/gen_bufg_backbone.u__bufg_backbone/O
                         net (fo=1, unplaced)         1.114     1.627    i_dram_wrapper/i_dram/inst/u_ddr4_infrastructure/mmcm_clk_in
                         MMCME4_ADV (Prop_MMCME4_ADV_CLKIN1_CLKOUT0)
                                                      0.230     1.857 r  i_dram_wrapper/i_dram/inst/u_ddr4_infrastructure/gen_mmcme4.u_mmcme_adv_inst/CLKOUT0
                         net (fo=1, unplaced)         0.118     1.975    i_dram_wrapper/i_dram/inst/u_ddr4_infrastructure/mmcm_clkout0
                         BUFGCE (Prop_BUFGCE_I_O)     0.017     1.992 r  i_dram_wrapper/i_dram/inst/u_ddr4_infrastructure/u_bufg_divClk/O
                         net (fo=36635, unplaced)     2.604     4.596    i_dram_wrapper/i_ui_rstgen/i_rstgen_bypass/clk_i
                         FDCE                                         r  i_dram_wrapper/i_ui_rstgen/i_rstgen_bypass/synch_regs_q_reg[3]/C
  -------------------------------------------------------------------    -------------------
                         FDCE (Prop_FDCE_C_Q)         0.038     4.634 r  i_dram_wrapper/i_ui_rstgen/i_rstgen_bypass/synch_regs_q_reg[3]/Q
                         net (fo=2, unplaced)         0.205     4.839    i_dram_wrapper/i_ui_rstgen/i_rstgen_bypass/i_tc_clk_mux2_rst_no/clk0_i
                         BUFGCTRL (Prop_BUFGCTRL_I0_O)
                                                      0.052     4.891 r  i_dram_wrapper/i_ui_rstgen/i_rstgen_bypass/i_tc_clk_mux2_rst_no/i_BUFGMUX/O
                         net (fo=39, unplaced)        1.114     6.005    i_dram_wrapper/gen_cdc.i_axi_cdc_mig/i_axi_cdc_dst/i_cdc_fifo_gray_dst_ar/gen_sync[0].i_sync/rst_ni
                         LUT1 (Prop_LUT1_I0_O)        0.014     6.019 f  i_dram_wrapper/gen_cdc.i_axi_cdc_mig/i_axi_cdc_dst/i_cdc_fifo_gray_dst_ar/gen_sync[0].i_sync/reg_q[1]_i_1/O
                         net (fo=2, unplaced)         0.087     6.106    i_dram_wrapper/gen_cdc.i_axi_cdc_mig/i_axi_cdc_dst/i_cdc_fifo_gray_dst_ar/gen_sync[0].i_sync/reg_q[1]_i_1_n_0
                         FDCE                                         f  i_dram_wrapper/gen_cdc.i_axi_cdc_mig/i_axi_cdc_dst/i_cdc_fifo_gray_dst_ar/gen_sync[0].i_sync/reg_q_reg[0]/CLR
  -------------------------------------------------------------------    -------------------

                         (clock mmcm_clkout0 rise edge)
                                                      0.000     0.000 r  
    E12                                               0.000     0.000 r  sys_clk_p (IN)
                         net (fo=0)                   0.000     0.000    i_bufds_sys_clk/I
    HPIOBDIFFINBUF_X1Y300
                         DIFFINBUF (Prop_DIFFINBUF_HPIOBDIFFINBUF_DIFF_IN_P_O)
                                                      0.446     0.446 r  i_bufds_sys_clk/DIFFINBUF_INST/O
                         net (fo=1, estimated)        0.050     0.496    i_bufds_sys_clk/OUT
    E12                  IBUFCTRL (Prop_IBUFCTRL_HPIOB_M_I_O)
                                                      0.000     0.496 r  i_bufds_sys_clk/IBUFCTRL_INST/O
                         net (fo=3, unplaced)         0.147     0.643    i_dram_wrapper/i_dram/inst/u_ddr4_mem_intfc/u_mig_ddr4_phy/inst/u_ddr4_phy_pll/sys_clk_i
                         BUFGCE (Prop_BUFGCE_I_O)     0.019     0.662 r  i_dram_wrapper/i_dram/inst/u_ddr4_mem_intfc/u_mig_ddr4_phy/inst/u_ddr4_phy_pll/gen_bufg_backbone.u__bufg_backbone/O
                         net (fo=1, unplaced)         1.259     1.921    i_dram_wrapper/i_dram/inst/u_ddr4_infrastructure/mmcm_clk_in
                         MMCME4_ADV (Prop_MMCME4_ADV_CLKIN1_CLKOUT0)
                                                     -0.295     1.626 r  i_dram_wrapper/i_dram/inst/u_ddr4_infrastructure/gen_mmcme4.u_mmcme_adv_inst/CLKOUT0
                         net (fo=1, unplaced)         0.132     1.758    i_dram_wrapper/i_dram/inst/u_ddr4_infrastructure/mmcm_clkout0
                         BUFGCE (Prop_BUFGCE_I_O)     0.019     1.777 r  i_dram_wrapper/i_dram/inst/u_ddr4_infrastructure/u_bufg_divClk/O
                         net (fo=36635, unplaced)     2.749     4.525    i_dram_wrapper/gen_cdc.i_axi_cdc_mig/i_axi_cdc_dst/i_cdc_fifo_gray_dst_ar/gen_sync[0].i_sync/clk_i
                         FDCE                                         r  i_dram_wrapper/gen_cdc.i_axi_cdc_mig/i_axi_cdc_dst/i_cdc_fifo_gray_dst_ar/gen_sync[0].i_sync/reg_q_reg[0]/C
                         clock pessimism              0.002     4.527    
                         FDCE (Remov_FDCE_C_CLR)     -0.020     4.507    i_dram_wrapper/gen_cdc.i_axi_cdc_mig/i_axi_cdc_dst/i_cdc_fifo_gray_dst_ar/gen_sync[0].i_sync/reg_q_reg[0]
  -------------------------------------------------------------------
                         required time                         -4.507    
                         arrival time                           6.106    
  -------------------------------------------------------------------
                         slack                                  1.599    





---------------------------------------------------------------------------------------------------
Path Group:  **default**
From Clock:  clk_50_clkwiz
  To Clock:  

Setup :            0  Failing Endpoints,  Worst Slack       64.238ns,  Total Violation        0.000ns
Hold  :           NA  Failing Endpoints,  Worst Slack           NA  ,  Total Violation           NA
---------------------------------------------------------------------------------------------------


Max Delay Paths
--------------------------------------------------------------------------------------
Slack (MET) :             64.238ns  (required time - arrival time)
  Source:                 i_cheshire_soc/gen_uart.i_uart/i_apb_uart/SOUT_reg/C
                            (rising edge-triggered cell FDPE clocked by clk_50_clkwiz  {rise@0.000ns fall@10.000ns period=20.000ns})
  Destination:            uart_tx_o
  Path Group:             **default**
  Path Type:              Max at Slow Process Corner
  Requirement:            70.000ns  (MaxDelay Path 70.000ns)
  Data Path Delay:        2.008ns  (logic 1.009ns (50.249%)  route 0.999ns (49.751%))
  Logic Levels:           1  (OBUF=1)
  Output Delay:           0.000ns
  Clock Path Skew:        -3.754ns (DCD - SCD + CPR)
    Destination Clock Delay (DCD):    0.000ns
    Source Clock Delay      (SCD):    3.754ns
    Clock Pessimism Removal (CPR):    0.000ns
  Timing Exception:       MaxDelay Path 70.000ns

    Location             Delay type                Incr(ns)  Path(ns)    Netlist Resource(s)
  -------------------------------------------------------------------    -------------------
                         (clock clk_50_clkwiz rise edge)
                                                      0.000     0.000 r  
    E12                                               0.000     0.000 r  sys_clk_p (IN)
                         net (fo=0)                   0.000     0.000    i_bufds_sys_clk/I
    HPIOBDIFFINBUF_X1Y300
                         DIFFINBUF (Prop_DIFFINBUF_HPIOBDIFFINBUF_DIFF_IN_P_O)
                                                      0.675     0.675 r  i_bufds_sys_clk/DIFFINBUF_INST/O
                         net (fo=1, estimated)        0.050     0.725    i_bufds_sys_clk/OUT
    E12                  IBUFCTRL (Prop_IBUFCTRL_HPIOB_M_I_O)
                                                      0.000     0.725 r  i_bufds_sys_clk/IBUFCTRL_INST/O
                         net (fo=3, unplaced)         0.346     1.071    i_clkwiz/inst/clk_in1
                         MMCME4_ADV (Prop_MMCME4_ADV_CLKIN1_CLKOUT0)
                                                     -0.127     0.944 r  i_clkwiz/inst/mmcme4_adv_inst/CLKOUT0
                         net (fo=1, unplaced)         0.198     1.142    i_clkwiz/inst/clk_50_clkwiz
                         BUFGCE (Prop_BUFGCE_I_O)     0.028     1.170 r  i_clkwiz/inst/clkout1_buf/O
                         net (fo=199447, unplaced)    2.584     3.754    i_cheshire_soc/gen_uart.i_uart/i_apb_uart/CLK
                         FDPE                                         r  i_cheshire_soc/gen_uart.i_uart/i_apb_uart/SOUT_reg/C
  -------------------------------------------------------------------    -------------------
                         FDPE (Prop_FDPE_C_Q)         0.077     3.831 r  i_cheshire_soc/gen_uart.i_uart/i_apb_uart/SOUT_reg/Q
                         net (fo=1, unplaced)         0.999     4.830    uart_tx_o_OBUF
    SLR Crossing[2->1]   
    BB21                 OBUF (Prop_OUTBUF_HPIOB_S_I_O)
                                                      0.932     5.762 r  uart_tx_o_OBUF_inst/O
                         net (fo=0)                   0.000     5.762    uart_tx_o
    BB21                                                              r  uart_tx_o (OUT)
  -------------------------------------------------------------------    -------------------

                         max delay                   70.000    70.000    
                         clock pessimism              0.000    70.000    
                         output delay                -0.000    70.000    
  -------------------------------------------------------------------
                         required time                         70.000    
                         arrival time                          -5.762    
  -------------------------------------------------------------------
                         slack                                 64.238    





---------------------------------------------------------------------------------------------------
Path Group:  **default**
From Clock:  mmcm_clkout0
  To Clock:  

Setup :            0  Failing Endpoints,  Worst Slack       11.749ns,  Total Violation        0.000ns
Hold  :           NA  Failing Endpoints,  Worst Slack           NA  ,  Total Violation           NA
---------------------------------------------------------------------------------------------------


Max Delay Paths
--------------------------------------------------------------------------------------
Slack (MET) :             11.749ns  (required time - arrival time)
  Source:                 i_dram_wrapper/i_dram/inst/u_ddr4_mem_intfc/u_ddr_cal_top/u_ddr_cal/u_xsdb_arbiter/slave_do_fclk_reg[0]/C
                            (rising edge-triggered cell FDRE clocked by mmcm_clkout0  {rise@0.000ns fall@1.667ns period=3.333ns})
  Destination:            i_dram_wrapper/i_dram/inst/u_ddr4_mem_intfc/u_ddr_cal_top/u_ddr_cal/u_xsdb_arbiter/u_slave_do_sync/SYNC[0].sync_reg_reg[0]/D
  Path Group:             **default**
  Path Type:              Setup (Max at Slow Process Corner)
  Requirement:            12.000ns  (MaxDelay Path 12.000ns)
  Data Path Delay:        0.276ns  (logic 0.077ns (27.899%)  route 0.199ns (72.101%))
  Logic Levels:           0  
  Timing Exception:       MaxDelay Path 12.000ns -datapath_only

    Location             Delay type                Incr(ns)  Path(ns)    Netlist Resource(s)
  -------------------------------------------------------------------    -------------------
                                                      0.000     0.000 r  i_dram_wrapper/i_dram/inst/u_ddr4_mem_intfc/u_ddr_cal_top/u_ddr_cal/u_xsdb_arbiter/slave_do_fclk_reg[0]/C
                         FDRE (Prop_FDRE_C_Q)         0.077     0.077 r  i_dram_wrapper/i_dram/inst/u_ddr4_mem_intfc/u_ddr_cal_top/u_ddr_cal/u_xsdb_arbiter/slave_do_fclk_reg[0]/Q
                         net (fo=1, unplaced)         0.199     0.276    i_dram_wrapper/i_dram/inst/u_ddr4_mem_intfc/u_ddr_cal_top/u_ddr_cal/u_xsdb_arbiter/u_slave_do_sync/out[0]
                         FDRE                                         r  i_dram_wrapper/i_dram/inst/u_ddr4_mem_intfc/u_ddr_cal_top/u_ddr_cal/u_xsdb_arbiter/u_slave_do_sync/SYNC[0].sync_reg_reg[0]/D
  -------------------------------------------------------------------    -------------------

                         max delay                   12.000    12.000    
                         FDRE (Setup_fdre_C_D)        0.025    12.025    i_dram_wrapper/i_dram/inst/u_ddr4_mem_intfc/u_ddr_cal_top/u_ddr_cal/u_xsdb_arbiter/u_slave_do_sync/SYNC[0].sync_reg_reg[0]
  -------------------------------------------------------------------
                         required time                         12.025    
                         arrival time                          -0.276    
  -------------------------------------------------------------------
                         slack                                 11.749    





--------------------------------------------------------------------------------------
Path Group:  (none)
From Clock:  
  To Clock:  

Max Delay             6 Endpoints
Min Delay             6 Endpoints
--------------------------------------------------------------------------------------


Max Delay Paths
--------------------------------------------------------------------------------------
Slack:                    inf
  Source:                 i_vio/inst/DECODER_INST/clear_int_reg/C
                            (rising edge-triggered cell FDRE)
  Destination:            i_vio/inst/PROBE_OUT_ALL_INST/G_PROBE_OUT[0].PROBE_OUT0_INST/data_int_reg[0]/R
  Path Group:             (none)
  Path Type:              Max at Slow Process Corner
  Data Path Delay:        0.466ns  (logic 0.077ns (16.524%)  route 0.389ns (83.476%))
  Logic Levels:           1  (FDRE=1)
  Timing Exception:       False Path

    Location             Delay type                Incr(ns)  Path(ns)    Netlist Resource(s)
  -------------------------------------------------------------------    -------------------
                         FDRE                         0.000     0.000 r  i_vio/inst/DECODER_INST/clear_int_reg/C
                         FDRE (Prop_FDRE_C_Q)         0.077     0.077 r  i_vio/inst/DECODER_INST/clear_int_reg/Q
                         net (fo=25, unplaced)        0.389     0.466    i_vio/inst/PROBE_OUT_ALL_INST/G_PROBE_OUT[0].PROBE_OUT0_INST/SR[0]
                         FDRE                                         r  i_vio/inst/PROBE_OUT_ALL_INST/G_PROBE_OUT[0].PROBE_OUT0_INST/data_int_reg[0]/R
  -------------------------------------------------------------------    -------------------





Min Delay Paths
--------------------------------------------------------------------------------------
Slack:                    inf
  Source:                 i_vio/inst/PROBE_OUT_ALL_INST/G_PROBE_OUT[1].PROBE_OUT0_INST/data_int_reg[0]/C
                            (rising edge-triggered cell FDRE)
  Destination:            i_vio/inst/PROBE_OUT_ALL_INST/Probe_out_reg_int_reg[0]/D
  Path Group:             (none)
  Path Type:              Min at Fast Process Corner
  Data Path Delay:        0.143ns  (logic 0.052ns (36.364%)  route 0.091ns (63.636%))
  Logic Levels:           2  (FDRE=1 LUT5=1)
  Timing Exception:       False Path

    Location             Delay type                Incr(ns)  Path(ns)    Netlist Resource(s)
  -------------------------------------------------------------------    -------------------
                         FDRE                         0.000     0.000 r  i_vio/inst/PROBE_OUT_ALL_INST/G_PROBE_OUT[1].PROBE_OUT0_INST/data_int_reg[0]/C
                         FDRE (Prop_FDRE_C_Q)         0.038     0.038 r  i_vio/inst/PROBE_OUT_ALL_INST/G_PROBE_OUT[1].PROBE_OUT0_INST/data_int_reg[0]/Q
                         net (fo=2, unplaced)         0.075     0.113    i_vio/inst/PROBE_OUT_ALL_INST/G_PROBE_OUT[1].PROBE_OUT0_INST_n_3
                         LUT5 (Prop_LUT5_I4_O)        0.014     0.127 r  i_vio/inst/PROBE_OUT_ALL_INST/Probe_out_reg_int[0]_i_1/O
                         net (fo=1, unplaced)         0.016     0.143    i_vio/inst/PROBE_OUT_ALL_INST/Probe_out_reg_int[0]_i_1_n_0
                         FDRE                                         r  i_vio/inst/PROBE_OUT_ALL_INST/Probe_out_reg_int_reg[0]/D
  -------------------------------------------------------------------    -------------------





--------------------------------------------------------------------------------------
Path Group:  (none)
From Clock:  clk_50_clkwiz
  To Clock:  

Max Delay             4 Endpoints
Min Delay             5 Endpoints
--------------------------------------------------------------------------------------


Max Delay Paths
--------------------------------------------------------------------------------------
Slack:                    inf
  Source:                 i_vio/inst/PROBE_IN_INST/probe_in_reg_reg[0]/C
                            (rising edge-triggered cell FDRE clocked by clk_50_clkwiz  {rise@0.000ns fall@10.000ns period=20.000ns})
  Destination:            i_vio/inst/PROBE_IN_INST/data_int_sync1_reg[0]/D
  Path Group:             (none)
  Path Type:              Max at Slow Process Corner
  Data Path Delay:        0.276ns  (logic 0.077ns (27.899%)  route 0.199ns (72.101%))
  Logic Levels:           0  
  Clock Uncertainty:      0.234ns  ((TSJ^2 + DJ^2)^1/2) / 2 + PE
    Total System Jitter     (TSJ):    0.050ns
    Discrete Jitter          (DJ):    0.150ns
    Phase Error              (PE):    0.155ns
  Timing Exception:       False Path

    Location             Delay type                Incr(ns)  Path(ns)    Netlist Resource(s)
  -------------------------------------------------------------------    -------------------
                         (clock clk_50_clkwiz rise edge)
                                                      0.000     0.000 r  
    E12                                               0.000     0.000 r  sys_clk_p (IN)
                         net (fo=0)                   0.000     0.000    i_bufds_sys_clk/I
    HPIOBDIFFINBUF_X1Y300
                         DIFFINBUF (Prop_DIFFINBUF_HPIOBDIFFINBUF_DIFF_IN_P_O)
                                                      0.675     0.675 r  i_bufds_sys_clk/DIFFINBUF_INST/O
                         net (fo=1, estimated)        0.050     0.725    i_bufds_sys_clk/OUT
    E12                  IBUFCTRL (Prop_IBUFCTRL_HPIOB_M_I_O)
                                                      0.000     0.725 r  i_bufds_sys_clk/IBUFCTRL_INST/O
                         net (fo=3, unplaced)         0.346     1.071    i_clkwiz/inst/clk_in1
                         MMCME4_ADV (Prop_MMCME4_ADV_CLKIN1_CLKOUT0)
                                                     -0.127     0.944 r  i_clkwiz/inst/mmcme4_adv_inst/CLKOUT0
                         net (fo=1, unplaced)         0.198     1.142    i_clkwiz/inst/clk_50_clkwiz
                         BUFGCE (Prop_BUFGCE_I_O)     0.028     1.170 r  i_clkwiz/inst/clkout1_buf/O
                         net (fo=199447, unplaced)    2.584     3.754    i_vio/inst/PROBE_IN_INST/clk
                         FDRE                                         r  i_vio/inst/PROBE_IN_INST/probe_in_reg_reg[0]/C
  -------------------------------------------------------------------    -------------------
                         FDRE (Prop_FDRE_C_Q)         0.077     3.831 r  i_vio/inst/PROBE_IN_INST/probe_in_reg_reg[0]/Q
                         net (fo=1, unplaced)         0.199     4.030    i_vio/inst/PROBE_IN_INST/probe_in_reg[0]
                         FDRE                                         r  i_vio/inst/PROBE_IN_INST/data_int_sync1_reg[0]/D
  -------------------------------------------------------------------    -------------------





Min Delay Paths
--------------------------------------------------------------------------------------
Slack:                    inf
  Source:                 i_vio/inst/PROBE_IN_INST/probe_in_reg_reg[0]/C
                            (rising edge-triggered cell FDRE clocked by clk_50_clkwiz  {rise@0.000ns fall@10.000ns period=20.000ns})
  Destination:            i_vio/inst/PROBE_IN_INST/data_int_sync1_reg[0]/D
  Path Group:             (none)
  Path Type:              Min at Fast Process Corner
  Data Path Delay:        0.141ns  (logic 0.038ns (26.950%)  route 0.103ns (73.050%))
  Logic Levels:           0  
  Clock Uncertainty:      0.234ns  ((TSJ^2 + DJ^2)^1/2) / 2 + PE
    Total System Jitter     (TSJ):    0.050ns
    Discrete Jitter          (DJ):    0.150ns
    Phase Error              (PE):    0.155ns
  Timing Exception:       False Path

    Location             Delay type                Incr(ns)  Path(ns)    Netlist Resource(s)
  -------------------------------------------------------------------    -------------------
                         (clock clk_50_clkwiz rise edge)
                                                      0.000     0.000 r  
    E12                                               0.000     0.000 r  sys_clk_p (IN)
                         net (fo=0)                   0.000     0.000    i_bufds_sys_clk/I
    HPIOBDIFFINBUF_X1Y300
                         DIFFINBUF (Prop_DIFFINBUF_HPIOBDIFFINBUF_DIFF_IN_P_O)
                                                      0.340     0.340 r  i_bufds_sys_clk/DIFFINBUF_INST/O
                         net (fo=1, estimated)        0.040     0.380    i_bufds_sys_clk/OUT
    E12                  IBUFCTRL (Prop_IBUFCTRL_HPIOB_M_I_O)
                                                      0.000     0.380 r  i_bufds_sys_clk/IBUFCTRL_INST/O
                         net (fo=3, unplaced)         0.176     0.556    i_clkwiz/inst/clk_in1
                         MMCME4_ADV (Prop_MMCME4_ADV_CLKIN1_CLKOUT0)
                                                      0.230     0.786 r  i_clkwiz/inst/mmcme4_adv_inst/CLKOUT0
                         net (fo=1, unplaced)         0.118     0.904    i_clkwiz/inst/clk_50_clkwiz
                         BUFGCE (Prop_BUFGCE_I_O)     0.017     0.921 r  i_clkwiz/inst/clkout1_buf/O
                         net (fo=199447, unplaced)    1.114     2.035    i_vio/inst/PROBE_IN_INST/clk
                         FDRE                                         r  i_vio/inst/PROBE_IN_INST/probe_in_reg_reg[0]/C
  -------------------------------------------------------------------    -------------------
                         FDRE (Prop_FDRE_C_Q)         0.038     2.073 r  i_vio/inst/PROBE_IN_INST/probe_in_reg_reg[0]/Q
                         net (fo=1, unplaced)         0.103     2.176    i_vio/inst/PROBE_IN_INST/probe_in_reg[0]
                         FDRE                                         r  i_vio/inst/PROBE_IN_INST/data_int_sync1_reg[0]/D
  -------------------------------------------------------------------    -------------------





--------------------------------------------------------------------------------------
Path Group:  (none)
From Clock:  mmcm_clkout0
  To Clock:  

Max Delay             0 Endpoints
Min Delay            10 Endpoints
--------------------------------------------------------------------------------------


Min Delay Paths
--------------------------------------------------------------------------------------
Slack:                    inf
  Source:                 i_dram_wrapper/i_dram/inst/u_ddr4_mem_intfc/u_ddr_cal_top/u_ddr_cal/u_xsdb_arbiter/slave_do_fclk_reg[0]/C
                            (rising edge-triggered cell FDRE clocked by mmcm_clkout0  {rise@0.000ns fall@1.667ns period=3.333ns})
  Destination:            i_dram_wrapper/i_dram/inst/u_ddr4_mem_intfc/u_ddr_cal_top/u_ddr_cal/u_xsdb_arbiter/u_slave_do_sync/SYNC[0].sync_reg_reg[0]/D
  Path Group:             (none)
  Path Type:              Min at Fast Process Corner
  Data Path Delay:        0.141ns  (logic 0.038ns (26.950%)  route 0.103ns (73.050%))
  Logic Levels:           0  
  Clock Uncertainty:      0.118ns  ((TSJ^2 + DJ^2)^1/2) / 2 + PE
    Total System Jitter     (TSJ):    0.050ns
    Discrete Jitter          (DJ):    0.076ns
    Phase Error              (PE):    0.073ns
  Timing Exception:       False Path

    Location             Delay type                Incr(ns)  Path(ns)    Netlist Resource(s)
  -------------------------------------------------------------------    -------------------
                         (clock mmcm_clkout0 rise edge)
                                                      0.000     0.000 r  
    E12                                               0.000     0.000 r  sys_clk_p (IN)
                         net (fo=0)                   0.000     0.000    i_bufds_sys_clk/I
    HPIOBDIFFINBUF_X1Y300
                         DIFFINBUF (Prop_DIFFINBUF_HPIOBDIFFINBUF_DIFF_IN_P_O)
                                                      0.340     0.340 r  i_bufds_sys_clk/DIFFINBUF_INST/O
                         net (fo=1, estimated)        0.040     0.380    i_bufds_sys_clk/OUT
    E12                  IBUFCTRL (Prop_IBUFCTRL_HPIOB_M_I_O)
                                                      0.000     0.380 r  i_bufds_sys_clk/IBUFCTRL_INST/O
                         net (fo=3, unplaced)         0.116     0.496    i_dram_wrapper/i_dram/inst/u_ddr4_mem_intfc/u_mig_ddr4_phy/inst/u_ddr4_phy_pll/sys_clk_i
                         BUFGCE (Prop_BUFGCE_I_O)     0.017     0.513 r  i_dram_wrapper/i_dram/inst/u_ddr4_mem_intfc/u_mig_ddr4_phy/inst/u_ddr4_phy_pll/gen_bufg_backbone.u__bufg_backbone/O
                         net (fo=1, unplaced)         1.114     1.627    i_dram_wrapper/i_dram/inst/u_ddr4_infrastructure/mmcm_clk_in
                         MMCME4_ADV (Prop_MMCME4_ADV_CLKIN1_CLKOUT0)
                                                      0.230     1.857 r  i_dram_wrapper/i_dram/inst/u_ddr4_infrastructure/gen_mmcme4.u_mmcme_adv_inst/CLKOUT0
                         net (fo=1, unplaced)         0.118     1.975    i_dram_wrapper/i_dram/inst/u_ddr4_infrastructure/mmcm_clkout0
                         BUFGCE (Prop_BUFGCE_I_O)     0.017     1.992 r  i_dram_wrapper/i_dram/inst/u_ddr4_infrastructure/u_bufg_divClk/O
                         net (fo=36635, unplaced)     2.604     4.596    i_dram_wrapper/i_dram/inst/u_ddr4_mem_intfc/u_ddr_cal_top/u_ddr_cal/u_xsdb_arbiter/SYNC[0].sync_reg_reg[0]
                         FDRE                                         r  i_dram_wrapper/i_dram/inst/u_ddr4_mem_intfc/u_ddr_cal_top/u_ddr_cal/u_xsdb_arbiter/slave_do_fclk_reg[0]/C
  -------------------------------------------------------------------    -------------------
                         FDRE (Prop_FDRE_C_Q)         0.038     4.634 r  i_dram_wrapper/i_dram/inst/u_ddr4_mem_intfc/u_ddr_cal_top/u_ddr_cal/u_xsdb_arbiter/slave_do_fclk_reg[0]/Q
                         net (fo=1, unplaced)         0.103     4.737    i_dram_wrapper/i_dram/inst/u_ddr4_mem_intfc/u_ddr_cal_top/u_ddr_cal/u_xsdb_arbiter/u_slave_do_sync/out[0]
                         FDRE                                         r  i_dram_wrapper/i_dram/inst/u_ddr4_mem_intfc/u_ddr_cal_top/u_ddr_cal/u_xsdb_arbiter/u_slave_do_sync/SYNC[0].sync_reg_reg[0]/D
  -------------------------------------------------------------------    -------------------





--------------------------------------------------------------------------------------
Path Group:  (none)
From Clock:  
  To Clock:  clk_50_clkwiz

Max Delay            19 Endpoints
Min Delay            20 Endpoints
--------------------------------------------------------------------------------------


Max Delay Paths
--------------------------------------------------------------------------------------
Slack:                    inf
  Source:                 sys_reset
                            (input port)
  Destination:            i_rstgen/i_rstgen_bypass/synch_regs_q_reg[0]/CLR
                            (recovery check against rising-edge clock clk_50_clkwiz  {rise@0.000ns fall@10.000ns period=20.000ns})
  Path Group:             (none)
  Path Type:              Recovery (Max at Slow Process Corner)
  Data Path Delay:        5.083ns  (logic 0.838ns (16.486%)  route 4.245ns (83.514%))
  Logic Levels:           6  (BUFGCTRL=1 IBUFCTRL=1 INBUF=1 LUT1=1 LUT3=2)
  Clock Path Skew:        4.185ns (DCD - SCD + CPR)
    Destination Clock Delay (DCD):    4.185ns
    Source Clock Delay      (SCD):    0.000ns
    Clock Pessimism Removal (CPR):    0.000ns
  Timing Exception:       False Path

    Location             Delay type                Incr(ns)  Path(ns)    Netlist Resource(s)
  -------------------------------------------------------------------    -------------------
    L19                                               0.000     0.000 f  sys_reset (IN)
                         net (fo=0)                   0.000     0.000    sys_reset_IBUF_inst/I
    L19                  INBUF (Prop_INBUF_HPIOB_SNGL_PAD_O)
                                                      0.580     0.580 f  sys_reset_IBUF_inst/INBUF_INST/O
                         net (fo=1, routed)           0.000     0.580    sys_reset_IBUF_inst/OUT
    L19                  IBUFCTRL (Prop_IBUFCTRL_HPIOB_SNGL_I_O)
                                                      0.000     0.580 f  sys_reset_IBUF_inst/IBUFCTRL_INST/O
                         net (fo=1, unplaced)         0.821     1.401    sys_reset_IBUF
                         LUT3 (Prop_LUT3_I0_O)        0.090     1.491 f  i_dram_wrapper_i_1/O
                         net (fo=4, unplaced)         0.210     1.701    i_dram_wrapper/sys_rst_i
                         LUT3 (Prop_LUT3_I2_O)        0.038     1.739 r  i_dram_wrapper/fabric_ready_o_INST_0/O
                         net (fo=7, unplaced)         0.420     2.159    i_rstgen/i_rstgen_bypass/i_tc_clk_mux2_rst_n/clk0_i
                         BUFGCTRL (Prop_BUFGCTRL_I0_O)
                                                      0.092     2.251 r  i_rstgen/i_rstgen_bypass/i_tc_clk_mux2_rst_n/i_BUFGMUX/O
                         net (fo=1, unplaced)         2.584     4.835    i_rstgen/i_rstgen_bypass/rst_n
                         LUT1 (Prop_LUT1_I0_O)        0.038     4.873 f  i_rstgen/i_rstgen_bypass/synch_regs_q[3]_i_1/O
                         net (fo=4, unplaced)         0.210     5.083    i_rstgen/i_rstgen_bypass/synch_regs_q[3]_i_1_n_0
                         FDCE                                         f  i_rstgen/i_rstgen_bypass/synch_regs_q_reg[0]/CLR
  -------------------------------------------------------------------    -------------------

                         (clock clk_50_clkwiz rise edge)
                                                      0.000     0.000 r  
    E12                                               0.000     0.000 r  sys_clk_p (IN)
                         net (fo=0)                   0.000     0.000    i_bufds_sys_clk/I
    HPIOBDIFFINBUF_X1Y300
                         DIFFINBUF (Prop_DIFFINBUF_HPIOBDIFFINBUF_DIFF_IN_P_O)
                                                      0.564     0.564 r  i_bufds_sys_clk/DIFFINBUF_INST/O
                         net (fo=1, estimated)        0.040     0.604    i_bufds_sys_clk/OUT
    E12                  IBUFCTRL (Prop_IBUFCTRL_HPIOB_M_I_O)
                                                      0.000     0.604 r  i_bufds_sys_clk/IBUFCTRL_INST/O
                         net (fo=3, unplaced)         0.312     0.916    i_clkwiz/inst/clk_in1
                         MMCME4_ADV (Prop_MMCME4_ADV_CLKIN1_CLKOUT0)
                                                      0.630     1.546 r  i_clkwiz/inst/mmcme4_adv_inst/CLKOUT0
                         net (fo=1, unplaced)         0.176     1.722    i_clkwiz/inst/clk_50_clkwiz
                         BUFGCE (Prop_BUFGCE_I_O)     0.024     1.746 r  i_clkwiz/inst/clkout1_buf/O
                         net (fo=199447, unplaced)    2.439     4.185    i_rstgen/i_rstgen_bypass/clk_i
                         FDCE                                         r  i_rstgen/i_rstgen_bypass/synch_regs_q_reg[0]/C





Min Delay Paths
--------------------------------------------------------------------------------------
Slack:                    inf
  Source:                 i_vio/inst/DECODER_INST/committ_int_reg/C
                            (rising edge-triggered cell FDRE)
  Destination:            i_vio/inst/PROBE_OUT_ALL_INST/Committ_1_reg/D
                            (rising edge-triggered cell FDRE clocked by clk_50_clkwiz  {rise@0.000ns fall@10.000ns period=20.000ns})
  Path Group:             (none)
  Path Type:              Hold (Min at Fast Process Corner)
  Data Path Delay:        0.141ns  (logic 0.038ns (26.950%)  route 0.103ns (73.050%))
  Logic Levels:           1  (FDRE=1)
  Clock Uncertainty:      0.234ns  ((TSJ^2 + DJ^2)^1/2) / 2 + PE
    Total System Jitter     (TSJ):    0.050ns
    Discrete Jitter          (DJ):    0.150ns
    Phase Error              (PE):    0.155ns
  Timing Exception:       False Path

    Location             Delay type                Incr(ns)  Path(ns)    Netlist Resource(s)
  -------------------------------------------------------------------    -------------------
                         FDRE                         0.000     0.000 r  i_vio/inst/DECODER_INST/committ_int_reg/C
                         FDRE (Prop_FDRE_C_Q)         0.038     0.038 r  i_vio/inst/DECODER_INST/committ_int_reg/Q
                         net (fo=2, unplaced)         0.103     0.141    i_vio/inst/PROBE_OUT_ALL_INST/in0
                         FDRE                                         r  i_vio/inst/PROBE_OUT_ALL_INST/Committ_1_reg/D
  -------------------------------------------------------------------    -------------------

                         (clock clk_50_clkwiz rise edge)
                                                      0.000     0.000 r  
    E12                                               0.000     0.000 r  sys_clk_p (IN)
                         net (fo=0)                   0.000     0.000    i_bufds_sys_clk/I
    HPIOBDIFFINBUF_X1Y300
                         DIFFINBUF (Prop_DIFFINBUF_HPIOBDIFFINBUF_DIFF_IN_P_O)
                                                      0.446     0.446 r  i_bufds_sys_clk/DIFFINBUF_INST/O
                         net (fo=1, estimated)        0.050     0.496    i_bufds_sys_clk/OUT
    E12                  IBUFCTRL (Prop_IBUFCTRL_HPIOB_M_I_O)
                                                      0.000     0.496 r  i_bufds_sys_clk/IBUFCTRL_INST/O
                         net (fo=3, unplaced)         0.196     0.692    i_clkwiz/inst/clk_in1
                         MMCME4_ADV (Prop_MMCME4_ADV_CLKIN1_CLKOUT0)
                                                     -0.295     0.397 r  i_clkwiz/inst/mmcme4_adv_inst/CLKOUT0
                         net (fo=1, unplaced)         0.132     0.529    i_clkwiz/inst/clk_50_clkwiz
                         BUFGCE (Prop_BUFGCE_I_O)     0.019     0.548 r  i_clkwiz/inst/clkout1_buf/O
                         net (fo=199447, unplaced)    1.259     1.807    i_vio/inst/PROBE_OUT_ALL_INST/clk
                         FDRE                                         r  i_vio/inst/PROBE_OUT_ALL_INST/Committ_1_reg/C





--------------------------------------------------------------------------------------
Path Group:  (none)
From Clock:  clk_50_clkwiz
  To Clock:  clk_50_clkwiz

Max Delay             4 Endpoints
Min Delay             4 Endpoints
--------------------------------------------------------------------------------------


Max Delay Paths
--------------------------------------------------------------------------------------
Slack:                    inf
  Source:                 i_vio/inst/PROBE_OUT_ALL_INST/G_PROBE_OUT[0].PROBE_OUT0_INST/Probe_out_reg[0]/C
                            (rising edge-triggered cell FDRE clocked by clk_50_clkwiz  {rise@0.000ns fall@10.000ns period=20.000ns})
  Destination:            i_rstgen/i_rstgen_bypass/synch_regs_q_reg[0]/CLR
                            (recovery check against rising-edge clock clk_50_clkwiz  {rise@0.000ns fall@10.000ns period=20.000ns})
  Path Group:             (none)
  Path Type:              Recovery (Max at Slow Process Corner)
  Data Path Delay:        3.856ns  (logic 0.283ns (7.339%)  route 3.573ns (92.661%))
  Logic Levels:           4  (BUFGCTRL=1 LUT1=1 LUT3=2)
  Clock Path Skew:        0.432ns (DCD - SCD + CPR)
    Destination Clock Delay (DCD):    4.185ns
    Source Clock Delay      (SCD):    3.754ns
    Clock Pessimism Removal (CPR):    0.000ns
  Clock Uncertainty:      0.083ns  ((TSJ^2 + DJ^2)^1/2) / 2 + PE
    Total System Jitter     (TSJ):    0.071ns
    Discrete Jitter          (DJ):    0.150ns
    Phase Error              (PE):    0.000ns
  Timing Exception:       False Path

    Location             Delay type                Incr(ns)  Path(ns)    Netlist Resource(s)
  -------------------------------------------------------------------    -------------------
                         (clock clk_50_clkwiz rise edge)
                                                      0.000     0.000 r  
    E12                                               0.000     0.000 r  sys_clk_p (IN)
                         net (fo=0)                   0.000     0.000    i_bufds_sys_clk/I
    HPIOBDIFFINBUF_X1Y300
                         DIFFINBUF (Prop_DIFFINBUF_HPIOBDIFFINBUF_DIFF_IN_P_O)
                                                      0.675     0.675 r  i_bufds_sys_clk/DIFFINBUF_INST/O
                         net (fo=1, estimated)        0.050     0.725    i_bufds_sys_clk/OUT
    E12                  IBUFCTRL (Prop_IBUFCTRL_HPIOB_M_I_O)
                                                      0.000     0.725 r  i_bufds_sys_clk/IBUFCTRL_INST/O
                         net (fo=3, unplaced)         0.346     1.071    i_clkwiz/inst/clk_in1
                         MMCME4_ADV (Prop_MMCME4_ADV_CLKIN1_CLKOUT0)
                                                     -0.127     0.944 r  i_clkwiz/inst/mmcme4_adv_inst/CLKOUT0
                         net (fo=1, unplaced)         0.198     1.142    i_clkwiz/inst/clk_50_clkwiz
                         BUFGCE (Prop_BUFGCE_I_O)     0.028     1.170 r  i_clkwiz/inst/clkout1_buf/O
                         net (fo=199447, unplaced)    2.584     3.754    i_vio/inst/PROBE_OUT_ALL_INST/G_PROBE_OUT[0].PROBE_OUT0_INST/clk
                         FDRE                                         r  i_vio/inst/PROBE_OUT_ALL_INST/G_PROBE_OUT[0].PROBE_OUT0_INST/Probe_out_reg[0]/C
  -------------------------------------------------------------------    -------------------
                         FDRE (Prop_FDRE_C_Q)         0.077     3.831 f  i_vio/inst/PROBE_OUT_ALL_INST/G_PROBE_OUT[0].PROBE_OUT0_INST/Probe_out_reg[0]/Q
                         net (fo=1, unplaced)         0.149     3.980    vio_reset
                         LUT3 (Prop_LUT3_I2_O)        0.038     4.018 f  i_dram_wrapper_i_1/O
                         net (fo=4, unplaced)         0.210     4.228    i_dram_wrapper/sys_rst_i
                         LUT3 (Prop_LUT3_I2_O)        0.038     4.266 r  i_dram_wrapper/fabric_ready_o_INST_0/O
                         net (fo=7, unplaced)         0.420     4.686    i_rstgen/i_rstgen_bypass/i_tc_clk_mux2_rst_n/clk0_i
                         BUFGCTRL (Prop_BUFGCTRL_I0_O)
                                                      0.092     4.778 r  i_rstgen/i_rstgen_bypass/i_tc_clk_mux2_rst_n/i_BUFGMUX/O
                         net (fo=1, unplaced)         2.584     7.362    i_rstgen/i_rstgen_bypass/rst_n
                         LUT1 (Prop_LUT1_I0_O)        0.038     7.400 f  i_rstgen/i_rstgen_bypass/synch_regs_q[3]_i_1/O
                         net (fo=4, unplaced)         0.210     7.610    i_rstgen/i_rstgen_bypass/synch_regs_q[3]_i_1_n_0
                         FDCE                                         f  i_rstgen/i_rstgen_bypass/synch_regs_q_reg[0]/CLR
  -------------------------------------------------------------------    -------------------

                         (clock clk_50_clkwiz rise edge)
                                                      0.000     0.000 r  
    E12                                               0.000     0.000 r  sys_clk_p (IN)
                         net (fo=0)                   0.000     0.000    i_bufds_sys_clk/I
    HPIOBDIFFINBUF_X1Y300
                         DIFFINBUF (Prop_DIFFINBUF_HPIOBDIFFINBUF_DIFF_IN_P_O)
                                                      0.564     0.564 r  i_bufds_sys_clk/DIFFINBUF_INST/O
                         net (fo=1, estimated)        0.040     0.604    i_bufds_sys_clk/OUT
    E12                  IBUFCTRL (Prop_IBUFCTRL_HPIOB_M_I_O)
                                                      0.000     0.604 r  i_bufds_sys_clk/IBUFCTRL_INST/O
                         net (fo=3, unplaced)         0.312     0.916    i_clkwiz/inst/clk_in1
                         MMCME4_ADV (Prop_MMCME4_ADV_CLKIN1_CLKOUT0)
                                                      0.630     1.546 r  i_clkwiz/inst/mmcme4_adv_inst/CLKOUT0
                         net (fo=1, unplaced)         0.176     1.722    i_clkwiz/inst/clk_50_clkwiz
                         BUFGCE (Prop_BUFGCE_I_O)     0.024     1.746 r  i_clkwiz/inst/clkout1_buf/O
                         net (fo=199447, unplaced)    2.439     4.185    i_rstgen/i_rstgen_bypass/clk_i
                         FDCE                                         r  i_rstgen/i_rstgen_bypass/synch_regs_q_reg[0]/C





Min Delay Paths
--------------------------------------------------------------------------------------
Slack:                    inf
  Source:                 i_vio/inst/PROBE_OUT_ALL_INST/G_PROBE_OUT[0].PROBE_OUT0_INST/Probe_out_reg[0]/C
                            (rising edge-triggered cell FDRE clocked by clk_50_clkwiz  {rise@0.000ns fall@10.000ns period=20.000ns})
  Destination:            i_rstgen/i_rstgen_bypass/synch_regs_q_reg[0]/CLR
                            (removal check against rising-edge clock clk_50_clkwiz  {rise@0.000ns fall@10.000ns period=20.000ns})
  Path Group:             (none)
  Path Type:              Removal (Min at Fast Process Corner)
  Data Path Delay:        1.735ns  (logic 0.132ns (7.608%)  route 1.603ns (92.392%))
  Logic Levels:           4  (BUFGCTRL=1 LUT1=1 LUT3=2)
  Clock Path Skew:        -0.229ns (DCD - SCD - CPR)
    Destination Clock Delay (DCD):    1.807ns
    Source Clock Delay      (SCD):    2.035ns
    Clock Pessimism Removal (CPR):    -0.000ns
  Clock Uncertainty:      0.083ns  ((TSJ^2 + DJ^2)^1/2) / 2 + PE
    Total System Jitter     (TSJ):    0.071ns
    Discrete Jitter          (DJ):    0.150ns
    Phase Error              (PE):    0.000ns
  Timing Exception:       False Path

    Location             Delay type                Incr(ns)  Path(ns)    Netlist Resource(s)
  -------------------------------------------------------------------    -------------------
                         (clock clk_50_clkwiz rise edge)
                                                      0.000     0.000 r  
    E12                                               0.000     0.000 r  sys_clk_p (IN)
                         net (fo=0)                   0.000     0.000    i_bufds_sys_clk/I
    HPIOBDIFFINBUF_X1Y300
                         DIFFINBUF (Prop_DIFFINBUF_HPIOBDIFFINBUF_DIFF_IN_P_O)
                                                      0.340     0.340 r  i_bufds_sys_clk/DIFFINBUF_INST/O
                         net (fo=1, estimated)        0.040     0.380    i_bufds_sys_clk/OUT
    E12                  IBUFCTRL (Prop_IBUFCTRL_HPIOB_M_I_O)
                                                      0.000     0.380 r  i_bufds_sys_clk/IBUFCTRL_INST/O
                         net (fo=3, unplaced)         0.176     0.556    i_clkwiz/inst/clk_in1
                         MMCME4_ADV (Prop_MMCME4_ADV_CLKIN1_CLKOUT0)
                                                      0.230     0.786 r  i_clkwiz/inst/mmcme4_adv_inst/CLKOUT0
                         net (fo=1, unplaced)         0.118     0.904    i_clkwiz/inst/clk_50_clkwiz
                         BUFGCE (Prop_BUFGCE_I_O)     0.017     0.921 r  i_clkwiz/inst/clkout1_buf/O
                         net (fo=199447, unplaced)    1.114     2.035    i_vio/inst/PROBE_OUT_ALL_INST/G_PROBE_OUT[0].PROBE_OUT0_INST/clk
                         FDRE                                         r  i_vio/inst/PROBE_OUT_ALL_INST/G_PROBE_OUT[0].PROBE_OUT0_INST/Probe_out_reg[0]/C
  -------------------------------------------------------------------    -------------------
                         FDRE (Prop_FDRE_C_Q)         0.038     2.073 f  i_vio/inst/PROBE_OUT_ALL_INST/G_PROBE_OUT[0].PROBE_OUT0_INST/Probe_out_reg[0]/Q
                         net (fo=1, unplaced)         0.075     2.148    vio_reset
                         LUT3 (Prop_LUT3_I2_O)        0.014     2.162 f  i_dram_wrapper_i_1/O
                         net (fo=4, unplaced)         0.105     2.267    i_dram_wrapper/sys_rst_i
                         LUT3 (Prop_LUT3_I2_O)        0.014     2.281 r  i_dram_wrapper/fabric_ready_o_INST_0/O
                         net (fo=7, unplaced)         0.216     2.497    i_rstgen/i_rstgen_bypass/i_tc_clk_mux2_rst_n/clk0_i
                         BUFGCTRL (Prop_BUFGCTRL_I0_O)
                                                      0.052     2.549 r  i_rstgen/i_rstgen_bypass/i_tc_clk_mux2_rst_n/i_BUFGMUX/O
                         net (fo=1, unplaced)         1.114     3.663    i_rstgen/i_rstgen_bypass/rst_n
                         LUT1 (Prop_LUT1_I0_O)        0.014     3.677 f  i_rstgen/i_rstgen_bypass/synch_regs_q[3]_i_1/O
                         net (fo=4, unplaced)         0.093     3.770    i_rstgen/i_rstgen_bypass/synch_regs_q[3]_i_1_n_0
                         FDCE                                         f  i_rstgen/i_rstgen_bypass/synch_regs_q_reg[0]/CLR
  -------------------------------------------------------------------    -------------------

                         (clock clk_50_clkwiz rise edge)
                                                      0.000     0.000 r  
    E12                                               0.000     0.000 r  sys_clk_p (IN)
                         net (fo=0)                   0.000     0.000    i_bufds_sys_clk/I
    HPIOBDIFFINBUF_X1Y300
                         DIFFINBUF (Prop_DIFFINBUF_HPIOBDIFFINBUF_DIFF_IN_P_O)
                                                      0.446     0.446 r  i_bufds_sys_clk/DIFFINBUF_INST/O
                         net (fo=1, estimated)        0.050     0.496    i_bufds_sys_clk/OUT
    E12                  IBUFCTRL (Prop_IBUFCTRL_HPIOB_M_I_O)
                                                      0.000     0.496 r  i_bufds_sys_clk/IBUFCTRL_INST/O
                         net (fo=3, unplaced)         0.196     0.692    i_clkwiz/inst/clk_in1
                         MMCME4_ADV (Prop_MMCME4_ADV_CLKIN1_CLKOUT0)
                                                     -0.295     0.397 r  i_clkwiz/inst/mmcme4_adv_inst/CLKOUT0
                         net (fo=1, unplaced)         0.132     0.529    i_clkwiz/inst/clk_50_clkwiz
                         BUFGCE (Prop_BUFGCE_I_O)     0.019     0.548 r  i_clkwiz/inst/clkout1_buf/O
                         net (fo=199447, unplaced)    1.259     1.807    i_rstgen/i_rstgen_bypass/clk_i
                         FDCE                                         r  i_rstgen/i_rstgen_bypass/synch_regs_q_reg[0]/C





--------------------------------------------------------------------------------------
Path Group:  (none)
From Clock:  clk_jtag
  To Clock:  clk_50_clkwiz

Max Delay           787 Endpoints
Min Delay           787 Endpoints
--------------------------------------------------------------------------------------


Max Delay Paths
--------------------------------------------------------------------------------------
Slack:                    inf
  Source:                 i_cheshire_soc/i_dbg_dmi_jtag/i_dmi_cdc/i_cdc_req/i_cdc_reset_ctrlr/i_cdc_reset_ctrlr_half_a/i_state_transition_cdc_src/data_src_q_reg[0]/C
                            (rising edge-triggered cell FDRE clocked by clk_jtag  {rise@0.000ns fall@50.000ns period=100.000ns})
  Destination:            i_cheshire_soc/i_dbg_dm_top/i_dm_sba/state_q_reg[0]/CE
                            (rising edge-triggered cell FDCE clocked by clk_50_clkwiz  {rise@0.000ns fall@10.000ns period=20.000ns})
  Path Group:             (none)
  Path Type:              Setup (Max at Slow Process Corner)
  Data Path Delay:        2.312ns  (logic 0.493ns (21.324%)  route 1.819ns (78.676%))
  Logic Levels:           8  (LUT2=1 LUT4=3 LUT5=1 LUT6=3)
  Clock Path Skew:        -0.062ns (DCD - SCD + CPR)
    Destination Clock Delay (DCD):    4.185ns
    Source Clock Delay      (SCD):    4.247ns
    Clock Pessimism Removal (CPR):    0.000ns
  Clock Uncertainty:      0.662ns  ((TSJ^2 + TIJ^2 + DJ^2)^1/2) / 2 + PE
    Total System Jitter     (TSJ):    0.071ns
    Total Input Jitter      (TIJ):    1.000ns
    Discrete Jitter          (DJ):    0.150ns
    Phase Error              (PE):    0.155ns
  Timing Exception:       Asynchronous Clock Groups

    Location             Delay type                Incr(ns)  Path(ns)    Netlist Resource(s)
  -------------------------------------------------------------------    -------------------
                         (clock clk_jtag rise edge)
                                                      0.000     0.000 r  
    P30                                               0.000     0.000 r  jtag_tck_i (IN)
                         net (fo=0)                   0.000     0.000    jtag_tck_i_IBUF_inst/I
    P30                  INBUF (Prop_INBUF_HPIOB_S_PAD_O)
                                                      0.634     0.634 r  jtag_tck_i_IBUF_inst/INBUF_INST/O
                         net (fo=1, routed)           0.000     0.634    jtag_tck_i_IBUF_inst/OUT
    P30                  IBUFCTRL (Prop_IBUFCTRL_HPIOB_S_I_O)
                                                      0.000     0.634 r  jtag_tck_i_IBUF_inst/IBUFCTRL_INST/O
                         net (fo=1, unplaced)         1.001     1.635    jtag_tck_i_IBUF
                         BUFGCE (Prop_BUFGCE_I_O)     0.028     1.663 r  jtag_tck_i_IBUF_BUFG_inst/O
                         net (fo=302, unplaced)       2.584     4.247    i_cheshire_soc/i_dbg_dmi_jtag/i_dmi_cdc/i_cdc_req/i_cdc_reset_ctrlr/i_cdc_reset_ctrlr_half_a/i_state_transition_cdc_src/clk_i
                         FDRE                                         r  i_cheshire_soc/i_dbg_dmi_jtag/i_dmi_cdc/i_cdc_req/i_cdc_reset_ctrlr/i_cdc_reset_ctrlr_half_a/i_state_transition_cdc_src/data_src_q_reg[0]/C
  -------------------------------------------------------------------    -------------------
                         FDRE (Prop_FDRE_C_Q)         0.077     4.324 f  i_cheshire_soc/i_dbg_dmi_jtag/i_dmi_cdc/i_cdc_req/i_cdc_reset_ctrlr/i_cdc_reset_ctrlr_half_a/i_state_transition_cdc_src/data_src_q_reg[0]/Q
                         net (fo=5, unplaced)         0.136     4.460    i_cheshire_soc/i_dbg_dmi_jtag/i_dmi_cdc/i_cdc_req/i_cdc_reset_ctrlr/i_cdc_reset_ctrlr_half_b/async_next_phase_i[0]
                         LUT6 (Prop_LUT6_I0_O)        0.150     4.610 f  i_cheshire_soc/i_dbg_dmi_jtag/i_dmi_cdc/i_cdc_req/i_cdc_reset_ctrlr/i_cdc_reset_ctrlr_half_b/isolate_o_INST_0/O
                         net (fo=5, unplaced)         0.215     4.825    i_cheshire_soc/i_dbg_dmi_jtag/i_dmi_cdc/i_cdc_req/dst_clear_pending_o
                         LUT2 (Prop_LUT2_I1_O)        0.038     4.863 r  i_cheshire_soc/i_dbg_dmi_jtag/i_dmi_cdc/i_cdc_req/dst_valid_o_INST_0/O
                         net (fo=8, unplaced)         0.225     5.088    i_cheshire_soc/i_dbg_dm_top/i_dm_csrs/dmi_req_valid_i
                         LUT4 (Prop_LUT4_I1_O)        0.038     5.126 r  i_cheshire_soc/i_dbg_dm_top/i_dm_csrs/cmd_valid_q_i_2/O
                         net (fo=8, unplaced)         0.225     5.351    i_cheshire_soc/i_dbg_dm_top/i_dm_csrs/cmd_valid_q_i_2_n_0
                         LUT5 (Prop_LUT5_I0_O)        0.038     5.389 r  i_cheshire_soc/i_dbg_dm_top/i_dm_csrs/sbaddress_write_valid_o_INST_0_i_1/O
                         net (fo=9, unplaced)         0.228     5.617    i_cheshire_soc/i_dbg_dm_top/i_dm_csrs/sbaddress_write_valid_o_INST_0_i_1_n_0
                         LUT6 (Prop_LUT6_I0_O)        0.038     5.655 r  i_cheshire_soc/i_dbg_dm_top/i_dm_csrs/sbdata_write_valid_o_INST_0_i_1/O
                         net (fo=2, unplaced)         0.197     5.852    i_cheshire_soc/i_dbg_dm_top/i_dm_csrs/sbdata_write_valid_o_INST_0_i_1_n_0
                         LUT4 (Prop_LUT4_I0_O)        0.038     5.890 r  i_cheshire_soc/i_dbg_dm_top/i_dm_csrs/sbdata_write_valid_o_INST_0/O
                         net (fo=3, unplaced)         0.203     6.093    i_cheshire_soc/i_dbg_dm_top/i_dm_sba/sbdata_write_valid_i
                         LUT6 (Prop_LUT6_I4_O)        0.038     6.131 r  i_cheshire_soc/i_dbg_dm_top/i_dm_sba/state_q[2]_i_4/O
                         net (fo=1, unplaced)         0.197     6.328    i_cheshire_soc/i_dbg_dm_top/i_dm_sba/state_q[2]_i_4_n_0
                         LUT4 (Prop_LUT4_I0_O)        0.038     6.366 r  i_cheshire_soc/i_dbg_dm_top/i_dm_sba/state_q[2]_i_1/O
                         net (fo=3, unplaced)         0.193     6.559    i_cheshire_soc/i_dbg_dm_top/i_dm_sba/state_q[2]_i_1_n_0
                         FDCE                                         r  i_cheshire_soc/i_dbg_dm_top/i_dm_sba/state_q_reg[0]/CE
  -------------------------------------------------------------------    -------------------

                         (clock clk_50_clkwiz rise edge)
                                                      0.000     0.000 r  
    E12                                               0.000     0.000 r  sys_clk_p (IN)
                         net (fo=0)                   0.000     0.000    i_bufds_sys_clk/I
    HPIOBDIFFINBUF_X1Y300
                         DIFFINBUF (Prop_DIFFINBUF_HPIOBDIFFINBUF_DIFF_IN_P_O)
                                                      0.564     0.564 r  i_bufds_sys_clk/DIFFINBUF_INST/O
                         net (fo=1, estimated)        0.040     0.604    i_bufds_sys_clk/OUT
    E12                  IBUFCTRL (Prop_IBUFCTRL_HPIOB_M_I_O)
                                                      0.000     0.604 r  i_bufds_sys_clk/IBUFCTRL_INST/O
                         net (fo=3, unplaced)         0.312     0.916    i_clkwiz/inst/clk_in1
                         MMCME4_ADV (Prop_MMCME4_ADV_CLKIN1_CLKOUT0)
                                                      0.630     1.546 r  i_clkwiz/inst/mmcme4_adv_inst/CLKOUT0
                         net (fo=1, unplaced)         0.176     1.722    i_clkwiz/inst/clk_50_clkwiz
                         BUFGCE (Prop_BUFGCE_I_O)     0.024     1.746 r  i_clkwiz/inst/clkout1_buf/O
                         net (fo=199447, unplaced)    2.439     4.185    i_cheshire_soc/i_dbg_dm_top/i_dm_sba/clk_i
                         FDCE                                         r  i_cheshire_soc/i_dbg_dm_top/i_dm_sba/state_q_reg[0]/C





Min Delay Paths
--------------------------------------------------------------------------------------
Slack:                    inf
  Source:                 i_cheshire_soc/i_dbg_dmi_jtag/i_dmi_cdc/i_cdc_req/i_cdc_reset_ctrlr/i_cdc_reset_ctrlr_half_a/i_state_transition_cdc_src/data_src_q_reg[1]/C
                            (rising edge-triggered cell FDRE clocked by clk_jtag  {rise@0.000ns fall@50.000ns period=100.000ns})
  Destination:            i_cheshire_soc/i_dbg_dmi_jtag/i_dmi_cdc/core_clear_pending_q_reg/D
                            (rising edge-triggered cell FDCE clocked by clk_50_clkwiz  {rise@0.000ns fall@10.000ns period=20.000ns})
  Path Group:             (none)
  Path Type:              Hold (Min at Fast Process Corner)
  Data Path Delay:        0.137ns  (logic 0.061ns (44.525%)  route 0.076ns (55.474%))
  Logic Levels:           1  (LUT6=1)
  Clock Path Skew:        0.071ns (DCD - SCD - CPR)
    Destination Clock Delay (DCD):    1.807ns
    Source Clock Delay      (SCD):    1.736ns
    Clock Pessimism Removal (CPR):    -0.000ns
  Clock Uncertainty:      0.662ns  ((TSJ^2 + TIJ^2 + DJ^2)^1/2) / 2 + PE
    Total System Jitter     (TSJ):    0.071ns
    Total Input Jitter      (TIJ):    1.000ns
    Discrete Jitter          (DJ):    0.150ns
    Phase Error              (PE):    0.155ns
  Timing Exception:       Asynchronous Clock Groups

    Location             Delay type                Incr(ns)  Path(ns)    Netlist Resource(s)
  -------------------------------------------------------------------    -------------------
                         (clock clk_jtag rise edge)
                                                      0.000     0.000 r  
    P30                                               0.000     0.000 r  jtag_tck_i (IN)
                         net (fo=0)                   0.000     0.000    jtag_tck_i_IBUF_inst/I
    P30                  INBUF (Prop_INBUF_HPIOB_S_PAD_O)
                                                      0.186     0.186 r  jtag_tck_i_IBUF_inst/INBUF_INST/O
                         net (fo=1, routed)           0.000     0.186    jtag_tck_i_IBUF_inst/OUT
    P30                  IBUFCTRL (Prop_IBUFCTRL_HPIOB_S_I_O)
                                                      0.000     0.186 r  jtag_tck_i_IBUF_inst/IBUFCTRL_INST/O
                         net (fo=1, unplaced)         0.419     0.605    jtag_tck_i_IBUF
                         BUFGCE (Prop_BUFGCE_I_O)     0.017     0.622 r  jtag_tck_i_IBUF_BUFG_inst/O
                         net (fo=302, unplaced)       1.114     1.736    i_cheshire_soc/i_dbg_dmi_jtag/i_dmi_cdc/i_cdc_req/i_cdc_reset_ctrlr/i_cdc_reset_ctrlr_half_a/i_state_transition_cdc_src/clk_i
                         FDRE                                         r  i_cheshire_soc/i_dbg_dmi_jtag/i_dmi_cdc/i_cdc_req/i_cdc_reset_ctrlr/i_cdc_reset_ctrlr_half_a/i_state_transition_cdc_src/data_src_q_reg[1]/C
  -------------------------------------------------------------------    -------------------
                         FDRE (Prop_FDRE_C_Q)         0.038     1.774 r  i_cheshire_soc/i_dbg_dmi_jtag/i_dmi_cdc/i_cdc_req/i_cdc_reset_ctrlr/i_cdc_reset_ctrlr_half_a/i_state_transition_cdc_src/data_src_q_reg[1]/Q
                         net (fo=5, unplaced)         0.060     1.834    i_cheshire_soc/i_dbg_dmi_jtag/i_dmi_cdc/i_cdc_req/i_cdc_reset_ctrlr/i_cdc_reset_ctrlr_half_b/async_next_phase_i[1]
                         LUT6 (Prop_LUT6_I5_O)        0.023     1.857 r  i_cheshire_soc/i_dbg_dmi_jtag/i_dmi_cdc/i_cdc_req/i_cdc_reset_ctrlr/i_cdc_reset_ctrlr_half_b/isolate_o_INST_0/O
                         net (fo=5, unplaced)         0.016     1.873    i_cheshire_soc/i_dbg_dmi_jtag/i_dmi_cdc/core_clear_pending
                         FDCE                                         r  i_cheshire_soc/i_dbg_dmi_jtag/i_dmi_cdc/core_clear_pending_q_reg/D
  -------------------------------------------------------------------    -------------------

                         (clock clk_50_clkwiz rise edge)
                                                      0.000     0.000 r  
    E12                                               0.000     0.000 r  sys_clk_p (IN)
                         net (fo=0)                   0.000     0.000    i_bufds_sys_clk/I
    HPIOBDIFFINBUF_X1Y300
                         DIFFINBUF (Prop_DIFFINBUF_HPIOBDIFFINBUF_DIFF_IN_P_O)
                                                      0.446     0.446 r  i_bufds_sys_clk/DIFFINBUF_INST/O
                         net (fo=1, estimated)        0.050     0.496    i_bufds_sys_clk/OUT
    E12                  IBUFCTRL (Prop_IBUFCTRL_HPIOB_M_I_O)
                                                      0.000     0.496 r  i_bufds_sys_clk/IBUFCTRL_INST/O
                         net (fo=3, unplaced)         0.196     0.692    i_clkwiz/inst/clk_in1
                         MMCME4_ADV (Prop_MMCME4_ADV_CLKIN1_CLKOUT0)
                                                     -0.295     0.397 r  i_clkwiz/inst/mmcme4_adv_inst/CLKOUT0
                         net (fo=1, unplaced)         0.132     0.529    i_clkwiz/inst/clk_50_clkwiz
                         BUFGCE (Prop_BUFGCE_I_O)     0.019     0.548 r  i_clkwiz/inst/clkout1_buf/O
                         net (fo=199447, unplaced)    1.259     1.807    i_cheshire_soc/i_dbg_dmi_jtag/i_dmi_cdc/clk_i
                         FDCE                                         r  i_cheshire_soc/i_dbg_dmi_jtag/i_dmi_cdc/core_clear_pending_q_reg/C





--------------------------------------------------------------------------------------
Path Group:  (none)
From Clock:  mmcm_clkout0
  To Clock:  clk_50_clkwiz

Max Delay             4 Endpoints
Min Delay           561 Endpoints
--------------------------------------------------------------------------------------


Max Delay Paths
--------------------------------------------------------------------------------------
Slack:                    inf
  Source:                 i_dram_wrapper/i_dram/inst/u_ddr4_mem_intfc/u_ddr_cal_top/calDone_gated_reg/C
                            (rising edge-triggered cell FDRE clocked by mmcm_clkout0  {rise@0.000ns fall@1.667ns period=3.333ns})
  Destination:            i_rstgen/i_rstgen_bypass/synch_regs_q_reg[0]/CLR
                            (recovery check against rising-edge clock clk_50_clkwiz  {rise@0.000ns fall@10.000ns period=20.000ns})
  Path Group:             (none)
  Path Type:              Recovery (Max at Slow Process Corner)
  Data Path Delay:        3.654ns  (logic 0.260ns (7.115%)  route 3.394ns (92.885%))
  Logic Levels:           3  (BUFGCTRL=1 LUT1=1 LUT3=1)
  Clock Path Skew:        -3.970ns (DCD - SCD + CPR)
    Destination Clock Delay (DCD):    4.185ns
    Source Clock Delay      (SCD):    8.155ns
    Clock Pessimism Removal (CPR):    0.000ns
  Clock Uncertainty:      0.290ns  ((TSJ^2 + DJ^2)^1/2) / 2 + PE
    Total System Jitter     (TSJ):    0.071ns
    Discrete Jitter          (DJ):    0.227ns
    Phase Error              (PE):    0.171ns
  Timing Exception:       False Path

    Location             Delay type                Incr(ns)  Path(ns)    Netlist Resource(s)
  -------------------------------------------------------------------    -------------------
                         (clock mmcm_clkout0 rise edge)
                                                      0.000     0.000 r  
    E12                                               0.000     0.000 r  sys_clk_p (IN)
                         net (fo=0)                   0.000     0.000    i_bufds_sys_clk/I
    HPIOBDIFFINBUF_X1Y300
                         DIFFINBUF (Prop_DIFFINBUF_HPIOBDIFFINBUF_DIFF_IN_P_O)
                                                      0.675     0.675 r  i_bufds_sys_clk/DIFFINBUF_INST/O
                         net (fo=1, estimated)        0.050     0.725    i_bufds_sys_clk/OUT
    E12                  IBUFCTRL (Prop_IBUFCTRL_HPIOB_M_I_O)
                                                      0.000     0.725 r  i_bufds_sys_clk/IBUFCTRL_INST/O
                         net (fo=3, unplaced)         0.276     1.001    i_dram_wrapper/i_dram/inst/u_ddr4_mem_intfc/u_mig_ddr4_phy/inst/u_ddr4_phy_pll/sys_clk_i
                         BUFGCE (Prop_BUFGCE_I_O)     0.028     1.029 r  i_dram_wrapper/i_dram/inst/u_ddr4_mem_intfc/u_mig_ddr4_phy/inst/u_ddr4_phy_pll/gen_bufg_backbone.u__bufg_backbone/O
                         net (fo=1, unplaced)         2.584     3.613    i_dram_wrapper/i_dram/inst/u_ddr4_infrastructure/mmcm_clk_in
                         MMCME4_ADV (Prop_MMCME4_ADV_CLKIN1_CLKOUT0)
                                                     -0.127     3.486 r  i_dram_wrapper/i_dram/inst/u_ddr4_infrastructure/gen_mmcme4.u_mmcme_adv_inst/CLKOUT0
                         net (fo=1, unplaced)         0.198     3.684    i_dram_wrapper/i_dram/inst/u_ddr4_infrastructure/mmcm_clkout0
                         BUFGCE (Prop_BUFGCE_I_O)     0.028     3.712 r  i_dram_wrapper/i_dram/inst/u_ddr4_infrastructure/u_bufg_divClk/O
                         net (fo=36635, unplaced)     4.444     8.155    i_dram_wrapper/i_dram/inst/u_ddr4_mem_intfc/u_ddr_cal_top/wosp_reg[2]_rep__7
                         FDRE                                         r  i_dram_wrapper/i_dram/inst/u_ddr4_mem_intfc/u_ddr_cal_top/calDone_gated_reg/C
  -------------------------------------------------------------------    -------------------
                         FDRE (Prop_FDRE_C_Q)         0.077     8.232 r  i_dram_wrapper/i_dram/inst/u_ddr4_mem_intfc/u_ddr_cal_top/calDone_gated_reg/Q
                         net (fo=76, unplaced)        0.180     8.412    i_dram_wrapper/calib_complete
                         LUT3 (Prop_LUT3_I1_O)        0.053     8.465 r  i_dram_wrapper/fabric_ready_o_INST_0/O
                         net (fo=7, unplaced)         0.420     8.885    i_rstgen/i_rstgen_bypass/i_tc_clk_mux2_rst_n/clk0_i
                         BUFGCTRL (Prop_BUFGCTRL_I0_O)
                                                      0.092     8.977 r  i_rstgen/i_rstgen_bypass/i_tc_clk_mux2_rst_n/i_BUFGMUX/O
                         net (fo=1, unplaced)         2.584    11.561    i_rstgen/i_rstgen_bypass/rst_n
                         LUT1 (Prop_LUT1_I0_O)        0.038    11.599 f  i_rstgen/i_rstgen_bypass/synch_regs_q[3]_i_1/O
                         net (fo=4, unplaced)         0.210    11.809    i_rstgen/i_rstgen_bypass/synch_regs_q[3]_i_1_n_0
                         FDCE                                         f  i_rstgen/i_rstgen_bypass/synch_regs_q_reg[0]/CLR
  -------------------------------------------------------------------    -------------------

                         (clock clk_50_clkwiz rise edge)
                                                      0.000     0.000 r  
    E12                                               0.000     0.000 r  sys_clk_p (IN)
                         net (fo=0)                   0.000     0.000    i_bufds_sys_clk/I
    HPIOBDIFFINBUF_X1Y300
                         DIFFINBUF (Prop_DIFFINBUF_HPIOBDIFFINBUF_DIFF_IN_P_O)
                                                      0.564     0.564 r  i_bufds_sys_clk/DIFFINBUF_INST/O
                         net (fo=1, estimated)        0.040     0.604    i_bufds_sys_clk/OUT
    E12                  IBUFCTRL (Prop_IBUFCTRL_HPIOB_M_I_O)
                                                      0.000     0.604 r  i_bufds_sys_clk/IBUFCTRL_INST/O
                         net (fo=3, unplaced)         0.312     0.916    i_clkwiz/inst/clk_in1
                         MMCME4_ADV (Prop_MMCME4_ADV_CLKIN1_CLKOUT0)
                                                      0.630     1.546 r  i_clkwiz/inst/mmcme4_adv_inst/CLKOUT0
                         net (fo=1, unplaced)         0.176     1.722    i_clkwiz/inst/clk_50_clkwiz
                         BUFGCE (Prop_BUFGCE_I_O)     0.024     1.746 r  i_clkwiz/inst/clkout1_buf/O
                         net (fo=199447, unplaced)    2.439     4.185    i_rstgen/i_rstgen_bypass/clk_i
                         FDCE                                         r  i_rstgen/i_rstgen_bypass/synch_regs_q_reg[0]/C





Min Delay Paths
--------------------------------------------------------------------------------------
Slack:                    inf
  Source:                 i_dram_wrapper/gen_cdc.i_axi_cdc_mig/i_axi_cdc_dst/i_cdc_fifo_gray_src_b/wptr_q_reg[0]/C
                            (rising edge-triggered cell FDCE clocked by mmcm_clkout0  {rise@0.000ns fall@1.667ns period=3.333ns})
  Destination:            i_dram_wrapper/gen_cdc.i_axi_cdc_mig/i_axi_cdc_src/i_cdc_fifo_gray_dst_b/gen_sync[0].i_sync/reg_q_reg[0]/D
                            (rising edge-triggered cell FDCE clocked by clk_50_clkwiz  {rise@0.000ns fall@10.000ns period=20.000ns})
  Path Group:             (none)
  Path Type:              Hold (Min at Fast Process Corner)
  Data Path Delay:        0.141ns  (logic 0.038ns (26.950%)  route 0.103ns (73.050%))
  Logic Levels:           0  
  Clock Path Skew:        -2.789ns (DCD - SCD - CPR)
    Destination Clock Delay (DCD):    1.807ns
    Source Clock Delay      (SCD):    4.596ns
    Clock Pessimism Removal (CPR):    -0.000ns
  Clock Uncertainty:      0.290ns  ((TSJ^2 + DJ^2)^1/2) / 2 + PE
    Total System Jitter     (TSJ):    0.071ns
    Discrete Jitter          (DJ):    0.227ns
    Phase Error              (PE):    0.171ns
  Timing Exception:       False Path

    Location             Delay type                Incr(ns)  Path(ns)    Netlist Resource(s)
  -------------------------------------------------------------------    -------------------
                         (clock mmcm_clkout0 rise edge)
                                                      0.000     0.000 r  
    E12                                               0.000     0.000 r  sys_clk_p (IN)
                         net (fo=0)                   0.000     0.000    i_bufds_sys_clk/I
    HPIOBDIFFINBUF_X1Y300
                         DIFFINBUF (Prop_DIFFINBUF_HPIOBDIFFINBUF_DIFF_IN_P_O)
                                                      0.340     0.340 r  i_bufds_sys_clk/DIFFINBUF_INST/O
                         net (fo=1, estimated)        0.040     0.380    i_bufds_sys_clk/OUT
    E12                  IBUFCTRL (Prop_IBUFCTRL_HPIOB_M_I_O)
                                                      0.000     0.380 r  i_bufds_sys_clk/IBUFCTRL_INST/O
                         net (fo=3, unplaced)         0.116     0.496    i_dram_wrapper/i_dram/inst/u_ddr4_mem_intfc/u_mig_ddr4_phy/inst/u_ddr4_phy_pll/sys_clk_i
                         BUFGCE (Prop_BUFGCE_I_O)     0.017     0.513 r  i_dram_wrapper/i_dram/inst/u_ddr4_mem_intfc/u_mig_ddr4_phy/inst/u_ddr4_phy_pll/gen_bufg_backbone.u__bufg_backbone/O
                         net (fo=1, unplaced)         1.114     1.627    i_dram_wrapper/i_dram/inst/u_ddr4_infrastructure/mmcm_clk_in
                         MMCME4_ADV (Prop_MMCME4_ADV_CLKIN1_CLKOUT0)
                                                      0.230     1.857 r  i_dram_wrapper/i_dram/inst/u_ddr4_infrastructure/gen_mmcme4.u_mmcme_adv_inst/CLKOUT0
                         net (fo=1, unplaced)         0.118     1.975    i_dram_wrapper/i_dram/inst/u_ddr4_infrastructure/mmcm_clkout0
                         BUFGCE (Prop_BUFGCE_I_O)     0.017     1.992 r  i_dram_wrapper/i_dram/inst/u_ddr4_infrastructure/u_bufg_divClk/O
                         net (fo=36635, unplaced)     2.604     4.596    i_dram_wrapper/gen_cdc.i_axi_cdc_mig/i_axi_cdc_dst/i_cdc_fifo_gray_src_b/src_clk_i
                         FDCE                                         r  i_dram_wrapper/gen_cdc.i_axi_cdc_mig/i_axi_cdc_dst/i_cdc_fifo_gray_src_b/wptr_q_reg[0]/C
  -------------------------------------------------------------------    -------------------
                         FDCE (Prop_FDCE_C_Q)         0.038     4.634 r  i_dram_wrapper/gen_cdc.i_axi_cdc_mig/i_axi_cdc_dst/i_cdc_fifo_gray_src_b/wptr_q_reg[0]/Q
                         net (fo=2, unplaced)         0.103     4.737    i_dram_wrapper/gen_cdc.i_axi_cdc_mig/i_axi_cdc_src/i_cdc_fifo_gray_dst_b/gen_sync[0].i_sync/serial_i
                         FDCE                                         r  i_dram_wrapper/gen_cdc.i_axi_cdc_mig/i_axi_cdc_src/i_cdc_fifo_gray_dst_b/gen_sync[0].i_sync/reg_q_reg[0]/D
  -------------------------------------------------------------------    -------------------

                         (clock clk_50_clkwiz rise edge)
                                                      0.000     0.000 r  
    E12                                               0.000     0.000 r  sys_clk_p (IN)
                         net (fo=0)                   0.000     0.000    i_bufds_sys_clk/I
    HPIOBDIFFINBUF_X1Y300
                         DIFFINBUF (Prop_DIFFINBUF_HPIOBDIFFINBUF_DIFF_IN_P_O)
                                                      0.446     0.446 r  i_bufds_sys_clk/DIFFINBUF_INST/O
                         net (fo=1, estimated)        0.050     0.496    i_bufds_sys_clk/OUT
    E12                  IBUFCTRL (Prop_IBUFCTRL_HPIOB_M_I_O)
                                                      0.000     0.496 r  i_bufds_sys_clk/IBUFCTRL_INST/O
                         net (fo=3, unplaced)         0.196     0.692    i_clkwiz/inst/clk_in1
                         MMCME4_ADV (Prop_MMCME4_ADV_CLKIN1_CLKOUT0)
                                                     -0.295     0.397 r  i_clkwiz/inst/mmcme4_adv_inst/CLKOUT0
                         net (fo=1, unplaced)         0.132     0.529    i_clkwiz/inst/clk_50_clkwiz
                         BUFGCE (Prop_BUFGCE_I_O)     0.019     0.548 r  i_clkwiz/inst/clkout1_buf/O
                         net (fo=199447, unplaced)    1.259     1.807    i_dram_wrapper/gen_cdc.i_axi_cdc_mig/i_axi_cdc_src/i_cdc_fifo_gray_dst_b/gen_sync[0].i_sync/clk_i
                         FDCE                                         r  i_dram_wrapper/gen_cdc.i_axi_cdc_mig/i_axi_cdc_src/i_cdc_fifo_gray_dst_b/gen_sync[0].i_sync/reg_q_reg[0]/C





--------------------------------------------------------------------------------------
Path Group:  (none)
From Clock:  clk_50_clkwiz
  To Clock:  clk_jtag

Max Delay           187 Endpoints
Min Delay           187 Endpoints
--------------------------------------------------------------------------------------


Max Delay Paths
--------------------------------------------------------------------------------------
Slack:                    inf
  Source:                 i_cheshire_soc/i_dbg_dmi_jtag/i_dmi_cdc/i_cdc_resp/i_cdc_reset_ctrlr/i_cdc_reset_ctrlr_half_a/i_state_transition_cdc_src/data_src_q_reg[0]/C
                            (rising edge-triggered cell FDPE clocked by clk_50_clkwiz  {rise@0.000ns fall@10.000ns period=20.000ns})
  Destination:            i_cheshire_soc/i_dbg_dmi_jtag/dr_q_reg[0]/CE
                            (rising edge-triggered cell FDRE clocked by clk_jtag  {rise@0.000ns fall@50.000ns period=100.000ns})
  Path Group:             (none)
  Path Type:              Setup (Max at Slow Process Corner)
  Data Path Delay:        1.338ns  (logic 0.341ns (25.486%)  route 0.997ns (74.514%))
  Logic Levels:           4  (LUT2=1 LUT6=3)
  Clock Path Skew:        -0.260ns (DCD - SCD + CPR)
    Destination Clock Delay (DCD):    3.494ns
    Source Clock Delay      (SCD):    3.754ns
    Clock Pessimism Removal (CPR):    0.000ns
  Clock Uncertainty:      0.662ns  ((TSJ^2 + TIJ^2 + DJ^2)^1/2) / 2 + PE
    Total System Jitter     (TSJ):    0.071ns
    Total Input Jitter      (TIJ):    1.000ns
    Discrete Jitter          (DJ):    0.150ns
    Phase Error              (PE):    0.155ns
  Timing Exception:       Asynchronous Clock Groups

    Location             Delay type                Incr(ns)  Path(ns)    Netlist Resource(s)
  -------------------------------------------------------------------    -------------------
                         (clock clk_50_clkwiz rise edge)
                                                      0.000     0.000 r  
    E12                                               0.000     0.000 r  sys_clk_p (IN)
                         net (fo=0)                   0.000     0.000    i_bufds_sys_clk/I
    HPIOBDIFFINBUF_X1Y300
                         DIFFINBUF (Prop_DIFFINBUF_HPIOBDIFFINBUF_DIFF_IN_P_O)
                                                      0.675     0.675 r  i_bufds_sys_clk/DIFFINBUF_INST/O
                         net (fo=1, estimated)        0.050     0.725    i_bufds_sys_clk/OUT
    E12                  IBUFCTRL (Prop_IBUFCTRL_HPIOB_M_I_O)
                                                      0.000     0.725 r  i_bufds_sys_clk/IBUFCTRL_INST/O
                         net (fo=3, unplaced)         0.346     1.071    i_clkwiz/inst/clk_in1
                         MMCME4_ADV (Prop_MMCME4_ADV_CLKIN1_CLKOUT0)
                                                     -0.127     0.944 r  i_clkwiz/inst/mmcme4_adv_inst/CLKOUT0
                         net (fo=1, unplaced)         0.198     1.142    i_clkwiz/inst/clk_50_clkwiz
                         BUFGCE (Prop_BUFGCE_I_O)     0.028     1.170 r  i_clkwiz/inst/clkout1_buf/O
                         net (fo=199447, unplaced)    2.584     3.754    i_cheshire_soc/i_dbg_dmi_jtag/i_dmi_cdc/i_cdc_resp/i_cdc_reset_ctrlr/i_cdc_reset_ctrlr_half_a/i_state_transition_cdc_src/clk_i
                         FDPE                                         r  i_cheshire_soc/i_dbg_dmi_jtag/i_dmi_cdc/i_cdc_resp/i_cdc_reset_ctrlr/i_cdc_reset_ctrlr_half_a/i_state_transition_cdc_src/data_src_q_reg[0]/C
  -------------------------------------------------------------------    -------------------
                         FDPE (Prop_FDPE_C_Q)         0.077     3.831 f  i_cheshire_soc/i_dbg_dmi_jtag/i_dmi_cdc/i_cdc_resp/i_cdc_reset_ctrlr/i_cdc_reset_ctrlr_half_a/i_state_transition_cdc_src/data_src_q_reg[0]/Q
                         net (fo=5, unplaced)         0.136     3.967    i_cheshire_soc/i_dbg_dmi_jtag/i_dmi_cdc/i_cdc_resp/i_cdc_reset_ctrlr/i_cdc_reset_ctrlr_half_b/async_next_phase_i[0]
                         LUT6 (Prop_LUT6_I0_O)        0.150     4.117 f  i_cheshire_soc/i_dbg_dmi_jtag/i_dmi_cdc/i_cdc_resp/i_cdc_reset_ctrlr/i_cdc_reset_ctrlr_half_b/isolate_o_INST_0/O
                         net (fo=3, unplaced)         0.203     4.320    i_cheshire_soc/i_dbg_dmi_jtag/i_dmi_cdc/i_cdc_resp/i_cdc_reset_ctrlr_n_3
                         LUT2 (Prop_LUT2_I1_O)        0.038     4.358 r  i_cheshire_soc/i_dbg_dmi_jtag/i_dmi_cdc/i_cdc_resp/dst_valid_o_INST_0/O
                         net (fo=3, unplaced)         0.203     4.561    i_cheshire_soc/i_dbg_dmi_jtag/dmi_resp_valid
                         LUT6 (Prop_LUT6_I2_O)        0.038     4.599 f  i_cheshire_soc/i_dbg_dmi_jtag/dr_q[40]_i_4/O
                         net (fo=3, unplaced)         0.203     4.802    i_cheshire_soc/i_dbg_dmi_jtag/dr_q[40]_i_4_n_0
                         LUT6 (Prop_LUT6_I1_O)        0.038     4.840 r  i_cheshire_soc/i_dbg_dmi_jtag/dr_q[40]_i_1/O
                         net (fo=41, unplaced)        0.252     5.092    i_cheshire_soc/i_dbg_dmi_jtag/dr_q[40]_i_1_n_0
                         FDRE                                         r  i_cheshire_soc/i_dbg_dmi_jtag/dr_q_reg[0]/CE
  -------------------------------------------------------------------    -------------------

                         (clock clk_jtag rise edge)
                                                      0.000     0.000 r  
    P30                                               0.000     0.000 r  jtag_tck_i (IN)
                         net (fo=0)                   0.000     0.000    jtag_tck_i_IBUF_inst/I
    P30                  INBUF (Prop_INBUF_HPIOB_S_PAD_O)
                                                      0.331     0.331 r  jtag_tck_i_IBUF_inst/INBUF_INST/O
                         net (fo=1, routed)           0.000     0.331    jtag_tck_i_IBUF_inst/OUT
    P30                  IBUFCTRL (Prop_IBUFCTRL_HPIOB_S_I_O)
                                                      0.000     0.331 r  jtag_tck_i_IBUF_inst/IBUFCTRL_INST/O
                         net (fo=1, unplaced)         0.700     1.031    jtag_tck_i_IBUF
                         BUFGCE (Prop_BUFGCE_I_O)     0.024     1.055 r  jtag_tck_i_IBUF_BUFG_inst/O
                         net (fo=302, unplaced)       2.439     3.494    i_cheshire_soc/i_dbg_dmi_jtag/tck_i
                         FDRE                                         r  i_cheshire_soc/i_dbg_dmi_jtag/dr_q_reg[0]/C





Min Delay Paths
--------------------------------------------------------------------------------------
Slack:                    inf
  Source:                 i_cheshire_soc/i_dbg_dmi_jtag/i_dmi_cdc/i_cdc_req/i_cdc_reset_ctrlr/i_cdc_reset_ctrlr_half_b/i_state_transition_cdc_src/data_src_q_reg[1]/C
                            (rising edge-triggered cell FDCE clocked by clk_50_clkwiz  {rise@0.000ns fall@10.000ns period=20.000ns})
  Destination:            i_cheshire_soc/i_dbg_dmi_jtag/i_dmi_cdc/i_cdc_req/s_src_isolate_ack_q_reg/D
                            (rising edge-triggered cell FDRE clocked by clk_jtag  {rise@0.000ns fall@50.000ns period=100.000ns})
  Path Group:             (none)
  Path Type:              Hold (Min at Fast Process Corner)
  Data Path Delay:        0.137ns  (logic 0.061ns (44.525%)  route 0.076ns (55.474%))
  Logic Levels:           1  (LUT6=1)
  Clock Path Skew:        0.251ns (DCD - SCD - CPR)
    Destination Clock Delay (DCD):    2.286ns
    Source Clock Delay      (SCD):    2.035ns
    Clock Pessimism Removal (CPR):    -0.000ns
  Clock Uncertainty:      0.662ns  ((TSJ^2 + TIJ^2 + DJ^2)^1/2) / 2 + PE
    Total System Jitter     (TSJ):    0.071ns
    Total Input Jitter      (TIJ):    1.000ns
    Discrete Jitter          (DJ):    0.150ns
    Phase Error              (PE):    0.155ns
  Timing Exception:       Asynchronous Clock Groups

    Location             Delay type                Incr(ns)  Path(ns)    Netlist Resource(s)
  -------------------------------------------------------------------    -------------------
                         (clock clk_50_clkwiz rise edge)
                                                      0.000     0.000 r  
    E12                                               0.000     0.000 r  sys_clk_p (IN)
                         net (fo=0)                   0.000     0.000    i_bufds_sys_clk/I
    HPIOBDIFFINBUF_X1Y300
                         DIFFINBUF (Prop_DIFFINBUF_HPIOBDIFFINBUF_DIFF_IN_P_O)
                                                      0.340     0.340 r  i_bufds_sys_clk/DIFFINBUF_INST/O
                         net (fo=1, estimated)        0.040     0.380    i_bufds_sys_clk/OUT
    E12                  IBUFCTRL (Prop_IBUFCTRL_HPIOB_M_I_O)
                                                      0.000     0.380 r  i_bufds_sys_clk/IBUFCTRL_INST/O
                         net (fo=3, unplaced)         0.176     0.556    i_clkwiz/inst/clk_in1
                         MMCME4_ADV (Prop_MMCME4_ADV_CLKIN1_CLKOUT0)
                                                      0.230     0.786 r  i_clkwiz/inst/mmcme4_adv_inst/CLKOUT0
                         net (fo=1, unplaced)         0.118     0.904    i_clkwiz/inst/clk_50_clkwiz
                         BUFGCE (Prop_BUFGCE_I_O)     0.017     0.921 r  i_clkwiz/inst/clkout1_buf/O
                         net (fo=199447, unplaced)    1.114     2.035    i_cheshire_soc/i_dbg_dmi_jtag/i_dmi_cdc/i_cdc_req/i_cdc_reset_ctrlr/i_cdc_reset_ctrlr_half_b/i_state_transition_cdc_src/clk_i
                         FDCE                                         r  i_cheshire_soc/i_dbg_dmi_jtag/i_dmi_cdc/i_cdc_req/i_cdc_reset_ctrlr/i_cdc_reset_ctrlr_half_b/i_state_transition_cdc_src/data_src_q_reg[1]/C
  -------------------------------------------------------------------    -------------------
                         FDCE (Prop_FDCE_C_Q)         0.038     2.073 r  i_cheshire_soc/i_dbg_dmi_jtag/i_dmi_cdc/i_cdc_req/i_cdc_reset_ctrlr/i_cdc_reset_ctrlr_half_b/i_state_transition_cdc_src/data_src_q_reg[1]/Q
                         net (fo=5, unplaced)         0.060     2.133    i_cheshire_soc/i_dbg_dmi_jtag/i_dmi_cdc/i_cdc_req/i_cdc_reset_ctrlr/i_cdc_reset_ctrlr_half_a/async_next_phase_i[1]
                         LUT6 (Prop_LUT6_I5_O)        0.023     2.156 r  i_cheshire_soc/i_dbg_dmi_jtag/i_dmi_cdc/i_cdc_req/i_cdc_reset_ctrlr/i_cdc_reset_ctrlr_half_a/isolate_o_INST_0/O
                         net (fo=3, unplaced)         0.016     2.172    i_cheshire_soc/i_dbg_dmi_jtag/i_dmi_cdc/i_cdc_req/i_cdc_reset_ctrlr_n_1
                         FDRE                                         r  i_cheshire_soc/i_dbg_dmi_jtag/i_dmi_cdc/i_cdc_req/s_src_isolate_ack_q_reg/D
  -------------------------------------------------------------------    -------------------

                         (clock clk_jtag rise edge)
                                                      0.000     0.000 r  
    P30                                               0.000     0.000 r  jtag_tck_i (IN)
                         net (fo=0)                   0.000     0.000    jtag_tck_i_IBUF_inst/I
    P30                  INBUF (Prop_INBUF_HPIOB_S_PAD_O)
                                                      0.395     0.395 r  jtag_tck_i_IBUF_inst/INBUF_INST/O
                         net (fo=1, routed)           0.000     0.395    jtag_tck_i_IBUF_inst/OUT
    P30                  IBUFCTRL (Prop_IBUFCTRL_HPIOB_S_I_O)
                                                      0.000     0.395 r  jtag_tck_i_IBUF_inst/IBUFCTRL_INST/O
                         net (fo=1, unplaced)         0.613     1.008    jtag_tck_i_IBUF
                         BUFGCE (Prop_BUFGCE_I_O)     0.019     1.027 r  jtag_tck_i_IBUF_BUFG_inst/O
                         net (fo=302, unplaced)       1.259     2.286    i_cheshire_soc/i_dbg_dmi_jtag/i_dmi_cdc/i_cdc_req/src_clk_i
                         FDRE                                         r  i_cheshire_soc/i_dbg_dmi_jtag/i_dmi_cdc/i_cdc_req/s_src_isolate_ack_q_reg/C





--------------------------------------------------------------------------------------
Path Group:  (none)
From Clock:  
  To Clock:  mmcm_clkout0

Max Delay             4 Endpoints
Min Delay            32 Endpoints
--------------------------------------------------------------------------------------


Max Delay Paths
--------------------------------------------------------------------------------------
Slack:                    inf
  Source:                 sys_reset
                            (input port)
  Destination:            i_dram_wrapper/i_ui_rstgen/i_rstgen_bypass/synch_regs_q_reg[0]/CLR
                            (recovery check against rising-edge clock mmcm_clkout0  {rise@0.000ns fall@1.667ns period=3.333ns})
  Path Group:             (none)
  Path Type:              Recovery (Max at Slow Process Corner)
  Data Path Delay:        5.083ns  (logic 0.838ns (16.486%)  route 4.245ns (83.514%))
  Logic Levels:           6  (BUFGCTRL=1 IBUFCTRL=1 INBUF=1 LUT1=1 LUT3=2)
  Clock Path Skew:        8.443ns (DCD - SCD + CPR)
    Destination Clock Delay (DCD):    8.443ns
    Source Clock Delay      (SCD):    0.000ns
    Clock Pessimism Removal (CPR):    0.000ns
  Timing Exception:       False Path

    Location             Delay type                Incr(ns)  Path(ns)    Netlist Resource(s)
  -------------------------------------------------------------------    -------------------
    L19                                               0.000     0.000 f  sys_reset (IN)
                         net (fo=0)                   0.000     0.000    sys_reset_IBUF_inst/I
    L19                  INBUF (Prop_INBUF_HPIOB_SNGL_PAD_O)
                                                      0.580     0.580 f  sys_reset_IBUF_inst/INBUF_INST/O
                         net (fo=1, routed)           0.000     0.580    sys_reset_IBUF_inst/OUT
    L19                  IBUFCTRL (Prop_IBUFCTRL_HPIOB_SNGL_I_O)
                                                      0.000     0.580 f  sys_reset_IBUF_inst/IBUFCTRL_INST/O
                         net (fo=1, unplaced)         0.821     1.401    sys_reset_IBUF
                         LUT3 (Prop_LUT3_I0_O)        0.090     1.491 f  i_dram_wrapper_i_1/O
                         net (fo=4, unplaced)         0.210     1.701    i_dram_wrapper/sys_rst_i
                         LUT3 (Prop_LUT3_I2_O)        0.038     1.739 r  i_dram_wrapper/fabric_ready_o_INST_0/O
                         net (fo=7, unplaced)         0.420     2.159    i_dram_wrapper/i_ui_rstgen/i_rstgen_bypass/i_tc_clk_mux2_rst_n/clk0_i
                         BUFGCTRL (Prop_BUFGCTRL_I0_O)
                                                      0.092     2.251 r  i_dram_wrapper/i_ui_rstgen/i_rstgen_bypass/i_tc_clk_mux2_rst_n/i_BUFGMUX/O
                         net (fo=1, unplaced)         2.584     4.835    i_dram_wrapper/i_ui_rstgen/i_rstgen_bypass/rst_n
                         LUT1 (Prop_LUT1_I0_O)        0.038     4.873 f  i_dram_wrapper/i_ui_rstgen/i_rstgen_bypass/synch_regs_q[3]_i_1/O
                         net (fo=4, unplaced)         0.210     5.083    i_dram_wrapper/i_ui_rstgen/i_rstgen_bypass/synch_regs_q[3]_i_1_n_0
                         FDCE                                         f  i_dram_wrapper/i_ui_rstgen/i_rstgen_bypass/synch_regs_q_reg[0]/CLR
  -------------------------------------------------------------------    -------------------

                         (clock mmcm_clkout0 rise edge)
                                                      0.000     0.000 r  
    E12                                               0.000     0.000 r  sys_clk_p (IN)
                         net (fo=0)                   0.000     0.000    i_bufds_sys_clk/I
    HPIOBDIFFINBUF_X1Y300
                         DIFFINBUF (Prop_DIFFINBUF_HPIOBDIFFINBUF_DIFF_IN_P_O)
                                                      0.564     0.564 r  i_bufds_sys_clk/DIFFINBUF_INST/O
                         net (fo=1, estimated)        0.040     0.604    i_bufds_sys_clk/OUT
    E12                  IBUFCTRL (Prop_IBUFCTRL_HPIOB_M_I_O)
                                                      0.000     0.604 r  i_bufds_sys_clk/IBUFCTRL_INST/O
                         net (fo=3, unplaced)         0.247     0.851    i_dram_wrapper/i_dram/inst/u_ddr4_mem_intfc/u_mig_ddr4_phy/inst/u_ddr4_phy_pll/sys_clk_i
                         BUFGCE (Prop_BUFGCE_I_O)     0.024     0.875 r  i_dram_wrapper/i_dram/inst/u_ddr4_mem_intfc/u_mig_ddr4_phy/inst/u_ddr4_phy_pll/gen_bufg_backbone.u__bufg_backbone/O
                         net (fo=1, unplaced)         2.439     3.314    i_dram_wrapper/i_dram/inst/u_ddr4_infrastructure/mmcm_clk_in
                         MMCME4_ADV (Prop_MMCME4_ADV_CLKIN1_CLKOUT0)
                                                      0.630     3.944 r  i_dram_wrapper/i_dram/inst/u_ddr4_infrastructure/gen_mmcme4.u_mmcme_adv_inst/CLKOUT0
                         net (fo=1, unplaced)         0.176     4.120    i_dram_wrapper/i_dram/inst/u_ddr4_infrastructure/mmcm_clkout0
                         BUFGCE (Prop_BUFGCE_I_O)     0.024     4.144 r  i_dram_wrapper/i_dram/inst/u_ddr4_infrastructure/u_bufg_divClk/O
                         net (fo=36635, unplaced)     4.299     8.443    i_dram_wrapper/i_ui_rstgen/i_rstgen_bypass/clk_i
                         FDCE                                         r  i_dram_wrapper/i_ui_rstgen/i_rstgen_bypass/synch_regs_q_reg[0]/C





Min Delay Paths
--------------------------------------------------------------------------------------
Slack:                    inf
  Source:                 i_dram_wrapper/i_dram/inst/u_ddr4_mem_intfc/u_ddr_cal_top/u_ddr_cal/u_xsdb_arbiter/slave_addr_r_reg[0]/C
                            (rising edge-triggered cell FDRE)
  Destination:            i_dram_wrapper/i_dram/inst/u_ddr4_mem_intfc/u_ddr_cal_top/u_ddr_cal/u_xsdb_arbiter/u_slave_addr_sync/SYNC[0].sync_reg_reg[0]/D
                            (rising edge-triggered cell FDRE clocked by mmcm_clkout0  {rise@0.000ns fall@1.667ns period=3.333ns})
  Path Group:             (none)
  Path Type:              Hold (Min at Fast Process Corner)
  Data Path Delay:        0.141ns  (logic 0.038ns (26.950%)  route 0.103ns (73.050%))
  Logic Levels:           1  (FDRE=1)
  Clock Uncertainty:      0.118ns  ((TSJ^2 + DJ^2)^1/2) / 2 + PE
    Total System Jitter     (TSJ):    0.050ns
    Discrete Jitter          (DJ):    0.076ns
    Phase Error              (PE):    0.073ns
  Timing Exception:       False Path

    Location             Delay type                Incr(ns)  Path(ns)    Netlist Resource(s)
  -------------------------------------------------------------------    -------------------
                         FDRE                         0.000     0.000 r  i_dram_wrapper/i_dram/inst/u_ddr4_mem_intfc/u_ddr_cal_top/u_ddr_cal/u_xsdb_arbiter/slave_addr_r_reg[0]/C
                         FDRE (Prop_FDRE_C_Q)         0.038     0.038 r  i_dram_wrapper/i_dram/inst/u_ddr4_mem_intfc/u_ddr_cal_top/u_ddr_cal/u_xsdb_arbiter/slave_addr_r_reg[0]/Q
                         net (fo=1, unplaced)         0.103     0.141    i_dram_wrapper/i_dram/inst/u_ddr4_mem_intfc/u_ddr_cal_top/u_ddr_cal/u_xsdb_arbiter/u_slave_addr_sync/out[0]
                         FDRE                                         r  i_dram_wrapper/i_dram/inst/u_ddr4_mem_intfc/u_ddr_cal_top/u_ddr_cal/u_xsdb_arbiter/u_slave_addr_sync/SYNC[0].sync_reg_reg[0]/D
  -------------------------------------------------------------------    -------------------

                         (clock mmcm_clkout0 rise edge)
                                                      0.000     0.000 r  
    E12                                               0.000     0.000 r  sys_clk_p (IN)
                         net (fo=0)                   0.000     0.000    i_bufds_sys_clk/I
    HPIOBDIFFINBUF_X1Y300
                         DIFFINBUF (Prop_DIFFINBUF_HPIOBDIFFINBUF_DIFF_IN_P_O)
                                                      0.446     0.446 r  i_bufds_sys_clk/DIFFINBUF_INST/O
                         net (fo=1, estimated)        0.050     0.496    i_bufds_sys_clk/OUT
    E12                  IBUFCTRL (Prop_IBUFCTRL_HPIOB_M_I_O)
                                                      0.000     0.496 r  i_bufds_sys_clk/IBUFCTRL_INST/O
                         net (fo=3, unplaced)         0.147     0.643    i_dram_wrapper/i_dram/inst/u_ddr4_mem_intfc/u_mig_ddr4_phy/inst/u_ddr4_phy_pll/sys_clk_i
                         BUFGCE (Prop_BUFGCE_I_O)     0.019     0.662 r  i_dram_wrapper/i_dram/inst/u_ddr4_mem_intfc/u_mig_ddr4_phy/inst/u_ddr4_phy_pll/gen_bufg_backbone.u__bufg_backbone/O
                         net (fo=1, unplaced)         1.259     1.921    i_dram_wrapper/i_dram/inst/u_ddr4_infrastructure/mmcm_clk_in
                         MMCME4_ADV (Prop_MMCME4_ADV_CLKIN1_CLKOUT0)
                                                     -0.295     1.626 r  i_dram_wrapper/i_dram/inst/u_ddr4_infrastructure/gen_mmcme4.u_mmcme_adv_inst/CLKOUT0
                         net (fo=1, unplaced)         0.132     1.758    i_dram_wrapper/i_dram/inst/u_ddr4_infrastructure/mmcm_clkout0
                         BUFGCE (Prop_BUFGCE_I_O)     0.019     1.777 r  i_dram_wrapper/i_dram/inst/u_ddr4_infrastructure/u_bufg_divClk/O
                         net (fo=36635, unplaced)     2.749     4.525    i_dram_wrapper/i_dram/inst/u_ddr4_mem_intfc/u_ddr_cal_top/u_ddr_cal/u_xsdb_arbiter/u_slave_addr_sync/SYNC[14].sync_reg_reg[1]_0
                         FDRE                                         r  i_dram_wrapper/i_dram/inst/u_ddr4_mem_intfc/u_ddr_cal_top/u_ddr_cal/u_xsdb_arbiter/u_slave_addr_sync/SYNC[0].sync_reg_reg[0]/C





--------------------------------------------------------------------------------------
Path Group:  (none)
From Clock:  clk_50_clkwiz
  To Clock:  mmcm_clkout0

Max Delay             4 Endpoints
Min Delay           711 Endpoints
--------------------------------------------------------------------------------------


Max Delay Paths
--------------------------------------------------------------------------------------
Slack:                    inf
  Source:                 i_vio/inst/PROBE_OUT_ALL_INST/G_PROBE_OUT[0].PROBE_OUT0_INST/Probe_out_reg[0]/C
                            (rising edge-triggered cell FDRE clocked by clk_50_clkwiz  {rise@0.000ns fall@10.000ns period=20.000ns})
  Destination:            i_dram_wrapper/i_ui_rstgen/i_rstgen_bypass/synch_regs_q_reg[0]/CLR
                            (recovery check against rising-edge clock mmcm_clkout0  {rise@0.000ns fall@1.667ns period=3.333ns})
  Path Group:             (none)
  Path Type:              Recovery (Max at Slow Process Corner)
  Data Path Delay:        3.856ns  (logic 0.283ns (7.339%)  route 3.573ns (92.661%))
  Logic Levels:           4  (BUFGCTRL=1 LUT1=1 LUT3=2)
  Clock Path Skew:        4.689ns (DCD - SCD + CPR)
    Destination Clock Delay (DCD):    8.443ns
    Source Clock Delay      (SCD):    3.754ns
    Clock Pessimism Removal (CPR):    0.000ns
  Clock Uncertainty:      0.290ns  ((TSJ^2 + DJ^2)^1/2) / 2 + PE
    Total System Jitter     (TSJ):    0.071ns
    Discrete Jitter          (DJ):    0.227ns
    Phase Error              (PE):    0.171ns
  Timing Exception:       False Path

    Location             Delay type                Incr(ns)  Path(ns)    Netlist Resource(s)
  -------------------------------------------------------------------    -------------------
                         (clock clk_50_clkwiz rise edge)
                                                      0.000     0.000 r  
    E12                                               0.000     0.000 r  sys_clk_p (IN)
                         net (fo=0)                   0.000     0.000    i_bufds_sys_clk/I
    HPIOBDIFFINBUF_X1Y300
                         DIFFINBUF (Prop_DIFFINBUF_HPIOBDIFFINBUF_DIFF_IN_P_O)
                                                      0.675     0.675 r  i_bufds_sys_clk/DIFFINBUF_INST/O
                         net (fo=1, estimated)        0.050     0.725    i_bufds_sys_clk/OUT
    E12                  IBUFCTRL (Prop_IBUFCTRL_HPIOB_M_I_O)
                                                      0.000     0.725 r  i_bufds_sys_clk/IBUFCTRL_INST/O
                         net (fo=3, unplaced)         0.346     1.071    i_clkwiz/inst/clk_in1
                         MMCME4_ADV (Prop_MMCME4_ADV_CLKIN1_CLKOUT0)
                                                     -0.127     0.944 r  i_clkwiz/inst/mmcme4_adv_inst/CLKOUT0
                         net (fo=1, unplaced)         0.198     1.142    i_clkwiz/inst/clk_50_clkwiz
                         BUFGCE (Prop_BUFGCE_I_O)     0.028     1.170 r  i_clkwiz/inst/clkout1_buf/O
                         net (fo=199447, unplaced)    2.584     3.754    i_vio/inst/PROBE_OUT_ALL_INST/G_PROBE_OUT[0].PROBE_OUT0_INST/clk
                         FDRE                                         r  i_vio/inst/PROBE_OUT_ALL_INST/G_PROBE_OUT[0].PROBE_OUT0_INST/Probe_out_reg[0]/C
  -------------------------------------------------------------------    -------------------
                         FDRE (Prop_FDRE_C_Q)         0.077     3.831 f  i_vio/inst/PROBE_OUT_ALL_INST/G_PROBE_OUT[0].PROBE_OUT0_INST/Probe_out_reg[0]/Q
                         net (fo=1, unplaced)         0.149     3.980    vio_reset
                         LUT3 (Prop_LUT3_I2_O)        0.038     4.018 f  i_dram_wrapper_i_1/O
                         net (fo=4, unplaced)         0.210     4.228    i_dram_wrapper/sys_rst_i
                         LUT3 (Prop_LUT3_I2_O)        0.038     4.266 r  i_dram_wrapper/fabric_ready_o_INST_0/O
                         net (fo=7, unplaced)         0.420     4.686    i_dram_wrapper/i_ui_rstgen/i_rstgen_bypass/i_tc_clk_mux2_rst_n/clk0_i
                         BUFGCTRL (Prop_BUFGCTRL_I0_O)
                                                      0.092     4.778 r  i_dram_wrapper/i_ui_rstgen/i_rstgen_bypass/i_tc_clk_mux2_rst_n/i_BUFGMUX/O
                         net (fo=1, unplaced)         2.584     7.362    i_dram_wrapper/i_ui_rstgen/i_rstgen_bypass/rst_n
                         LUT1 (Prop_LUT1_I0_O)        0.038     7.400 f  i_dram_wrapper/i_ui_rstgen/i_rstgen_bypass/synch_regs_q[3]_i_1/O
                         net (fo=4, unplaced)         0.210     7.610    i_dram_wrapper/i_ui_rstgen/i_rstgen_bypass/synch_regs_q[3]_i_1_n_0
                         FDCE                                         f  i_dram_wrapper/i_ui_rstgen/i_rstgen_bypass/synch_regs_q_reg[0]/CLR
  -------------------------------------------------------------------    -------------------

                         (clock mmcm_clkout0 rise edge)
                                                      0.000     0.000 r  
    E12                                               0.000     0.000 r  sys_clk_p (IN)
                         net (fo=0)                   0.000     0.000    i_bufds_sys_clk/I
    HPIOBDIFFINBUF_X1Y300
                         DIFFINBUF (Prop_DIFFINBUF_HPIOBDIFFINBUF_DIFF_IN_P_O)
                                                      0.564     0.564 r  i_bufds_sys_clk/DIFFINBUF_INST/O
                         net (fo=1, estimated)        0.040     0.604    i_bufds_sys_clk/OUT
    E12                  IBUFCTRL (Prop_IBUFCTRL_HPIOB_M_I_O)
                                                      0.000     0.604 r  i_bufds_sys_clk/IBUFCTRL_INST/O
                         net (fo=3, unplaced)         0.247     0.851    i_dram_wrapper/i_dram/inst/u_ddr4_mem_intfc/u_mig_ddr4_phy/inst/u_ddr4_phy_pll/sys_clk_i
                         BUFGCE (Prop_BUFGCE_I_O)     0.024     0.875 r  i_dram_wrapper/i_dram/inst/u_ddr4_mem_intfc/u_mig_ddr4_phy/inst/u_ddr4_phy_pll/gen_bufg_backbone.u__bufg_backbone/O
                         net (fo=1, unplaced)         2.439     3.314    i_dram_wrapper/i_dram/inst/u_ddr4_infrastructure/mmcm_clk_in
                         MMCME4_ADV (Prop_MMCME4_ADV_CLKIN1_CLKOUT0)
                                                      0.630     3.944 r  i_dram_wrapper/i_dram/inst/u_ddr4_infrastructure/gen_mmcme4.u_mmcme_adv_inst/CLKOUT0
                         net (fo=1, unplaced)         0.176     4.120    i_dram_wrapper/i_dram/inst/u_ddr4_infrastructure/mmcm_clkout0
                         BUFGCE (Prop_BUFGCE_I_O)     0.024     4.144 r  i_dram_wrapper/i_dram/inst/u_ddr4_infrastructure/u_bufg_divClk/O
                         net (fo=36635, unplaced)     4.299     8.443    i_dram_wrapper/i_ui_rstgen/i_rstgen_bypass/clk_i
                         FDCE                                         r  i_dram_wrapper/i_ui_rstgen/i_rstgen_bypass/synch_regs_q_reg[0]/C





Min Delay Paths
--------------------------------------------------------------------------------------
Slack:                    inf
  Source:                 i_dram_wrapper/gen_cdc.i_axi_cdc_mig/i_axi_cdc_src/i_cdc_fifo_gray_src_ar/wptr_q_reg[0]/C
                            (rising edge-triggered cell FDCE clocked by clk_50_clkwiz  {rise@0.000ns fall@10.000ns period=20.000ns})
  Destination:            i_dram_wrapper/gen_cdc.i_axi_cdc_mig/i_axi_cdc_dst/i_cdc_fifo_gray_dst_ar/gen_sync[0].i_sync/reg_q_reg[0]/D
                            (rising edge-triggered cell FDCE clocked by mmcm_clkout0  {rise@0.000ns fall@1.667ns period=3.333ns})
  Path Group:             (none)
  Path Type:              Hold (Min at Fast Process Corner)
  Data Path Delay:        0.141ns  (logic 0.038ns (26.950%)  route 0.103ns (73.050%))
  Logic Levels:           0  
  Clock Path Skew:        2.490ns (DCD - SCD - CPR)
    Destination Clock Delay (DCD):    4.525ns
    Source Clock Delay      (SCD):    2.035ns
    Clock Pessimism Removal (CPR):    -0.000ns
  Clock Uncertainty:      0.290ns  ((TSJ^2 + DJ^2)^1/2) / 2 + PE
    Total System Jitter     (TSJ):    0.071ns
    Discrete Jitter          (DJ):    0.227ns
    Phase Error              (PE):    0.171ns
  Timing Exception:       False Path

    Location             Delay type                Incr(ns)  Path(ns)    Netlist Resource(s)
  -------------------------------------------------------------------    -------------------
                         (clock clk_50_clkwiz rise edge)
                                                      0.000     0.000 r  
    E12                                               0.000     0.000 r  sys_clk_p (IN)
                         net (fo=0)                   0.000     0.000    i_bufds_sys_clk/I
    HPIOBDIFFINBUF_X1Y300
                         DIFFINBUF (Prop_DIFFINBUF_HPIOBDIFFINBUF_DIFF_IN_P_O)
                                                      0.340     0.340 r  i_bufds_sys_clk/DIFFINBUF_INST/O
                         net (fo=1, estimated)        0.040     0.380    i_bufds_sys_clk/OUT
    E12                  IBUFCTRL (Prop_IBUFCTRL_HPIOB_M_I_O)
                                                      0.000     0.380 r  i_bufds_sys_clk/IBUFCTRL_INST/O
                         net (fo=3, unplaced)         0.176     0.556    i_clkwiz/inst/clk_in1
                         MMCME4_ADV (Prop_MMCME4_ADV_CLKIN1_CLKOUT0)
                                                      0.230     0.786 r  i_clkwiz/inst/mmcme4_adv_inst/CLKOUT0
                         net (fo=1, unplaced)         0.118     0.904    i_clkwiz/inst/clk_50_clkwiz
                         BUFGCE (Prop_BUFGCE_I_O)     0.017     0.921 r  i_clkwiz/inst/clkout1_buf/O
                         net (fo=199447, unplaced)    1.114     2.035    i_dram_wrapper/gen_cdc.i_axi_cdc_mig/i_axi_cdc_src/i_cdc_fifo_gray_src_ar/src_clk_i
                         FDCE                                         r  i_dram_wrapper/gen_cdc.i_axi_cdc_mig/i_axi_cdc_src/i_cdc_fifo_gray_src_ar/wptr_q_reg[0]/C
  -------------------------------------------------------------------    -------------------
                         FDCE (Prop_FDCE_C_Q)         0.038     2.073 r  i_dram_wrapper/gen_cdc.i_axi_cdc_mig/i_axi_cdc_src/i_cdc_fifo_gray_src_ar/wptr_q_reg[0]/Q
                         net (fo=2, unplaced)         0.103     2.176    i_dram_wrapper/gen_cdc.i_axi_cdc_mig/i_axi_cdc_dst/i_cdc_fifo_gray_dst_ar/gen_sync[0].i_sync/serial_i
                         FDCE                                         r  i_dram_wrapper/gen_cdc.i_axi_cdc_mig/i_axi_cdc_dst/i_cdc_fifo_gray_dst_ar/gen_sync[0].i_sync/reg_q_reg[0]/D
  -------------------------------------------------------------------    -------------------

                         (clock mmcm_clkout0 rise edge)
                                                      0.000     0.000 r  
    E12                                               0.000     0.000 r  sys_clk_p (IN)
                         net (fo=0)                   0.000     0.000    i_bufds_sys_clk/I
    HPIOBDIFFINBUF_X1Y300
                         DIFFINBUF (Prop_DIFFINBUF_HPIOBDIFFINBUF_DIFF_IN_P_O)
                                                      0.446     0.446 r  i_bufds_sys_clk/DIFFINBUF_INST/O
                         net (fo=1, estimated)        0.050     0.496    i_bufds_sys_clk/OUT
    E12                  IBUFCTRL (Prop_IBUFCTRL_HPIOB_M_I_O)
                                                      0.000     0.496 r  i_bufds_sys_clk/IBUFCTRL_INST/O
                         net (fo=3, unplaced)         0.147     0.643    i_dram_wrapper/i_dram/inst/u_ddr4_mem_intfc/u_mig_ddr4_phy/inst/u_ddr4_phy_pll/sys_clk_i
                         BUFGCE (Prop_BUFGCE_I_O)     0.019     0.662 r  i_dram_wrapper/i_dram/inst/u_ddr4_mem_intfc/u_mig_ddr4_phy/inst/u_ddr4_phy_pll/gen_bufg_backbone.u__bufg_backbone/O
                         net (fo=1, unplaced)         1.259     1.921    i_dram_wrapper/i_dram/inst/u_ddr4_infrastructure/mmcm_clk_in
                         MMCME4_ADV (Prop_MMCME4_ADV_CLKIN1_CLKOUT0)
                                                     -0.295     1.626 r  i_dram_wrapper/i_dram/inst/u_ddr4_infrastructure/gen_mmcme4.u_mmcme_adv_inst/CLKOUT0
                         net (fo=1, unplaced)         0.132     1.758    i_dram_wrapper/i_dram/inst/u_ddr4_infrastructure/mmcm_clkout0
                         BUFGCE (Prop_BUFGCE_I_O)     0.019     1.777 r  i_dram_wrapper/i_dram/inst/u_ddr4_infrastructure/u_bufg_divClk/O
                         net (fo=36635, unplaced)     2.749     4.525    i_dram_wrapper/gen_cdc.i_axi_cdc_mig/i_axi_cdc_dst/i_cdc_fifo_gray_dst_ar/gen_sync[0].i_sync/clk_i
                         FDCE                                         r  i_dram_wrapper/gen_cdc.i_axi_cdc_mig/i_axi_cdc_dst/i_cdc_fifo_gray_dst_ar/gen_sync[0].i_sync/reg_q_reg[0]/C





--------------------------------------------------------------------------------------
Path Group:  (none)
From Clock:  mmcm_clkout0
  To Clock:  mmcm_clkout0

Max Delay             4 Endpoints
Min Delay             4 Endpoints
--------------------------------------------------------------------------------------


Max Delay Paths
--------------------------------------------------------------------------------------
Slack:                    inf
  Source:                 i_dram_wrapper/i_dram/inst/u_ddr4_mem_intfc/u_ddr_cal_top/calDone_gated_reg/C
                            (rising edge-triggered cell FDRE clocked by mmcm_clkout0  {rise@0.000ns fall@1.667ns period=3.333ns})
  Destination:            i_dram_wrapper/i_ui_rstgen/i_rstgen_bypass/synch_regs_q_reg[0]/CLR
                            (recovery check against rising-edge clock mmcm_clkout0  {rise@0.000ns fall@1.667ns period=3.333ns})
  Path Group:             (none)
  Path Type:              Recovery (Max at Slow Process Corner)
  Data Path Delay:        3.654ns  (logic 0.260ns (7.115%)  route 3.394ns (92.885%))
  Logic Levels:           3  (BUFGCTRL=1 LUT1=1 LUT3=1)
  Clock Path Skew:        0.288ns (DCD - SCD + CPR)
    Destination Clock Delay (DCD):    8.443ns
    Source Clock Delay      (SCD):    8.155ns
    Clock Pessimism Removal (CPR):    0.000ns
  Clock Uncertainty:      0.052ns  ((TSJ^2 + DJ^2)^1/2) / 2 + PE
    Total System Jitter     (TSJ):    0.071ns
    Discrete Jitter          (DJ):    0.076ns
    Phase Error              (PE):    0.000ns
  Timing Exception:       False Path

    Location             Delay type                Incr(ns)  Path(ns)    Netlist Resource(s)
  -------------------------------------------------------------------    -------------------
                         (clock mmcm_clkout0 rise edge)
                                                      0.000     0.000 r  
    E12                                               0.000     0.000 r  sys_clk_p (IN)
                         net (fo=0)                   0.000     0.000    i_bufds_sys_clk/I
    HPIOBDIFFINBUF_X1Y300
                         DIFFINBUF (Prop_DIFFINBUF_HPIOBDIFFINBUF_DIFF_IN_P_O)
                                                      0.675     0.675 r  i_bufds_sys_clk/DIFFINBUF_INST/O
                         net (fo=1, estimated)        0.050     0.725    i_bufds_sys_clk/OUT
    E12                  IBUFCTRL (Prop_IBUFCTRL_HPIOB_M_I_O)
                                                      0.000     0.725 r  i_bufds_sys_clk/IBUFCTRL_INST/O
                         net (fo=3, unplaced)         0.276     1.001    i_dram_wrapper/i_dram/inst/u_ddr4_mem_intfc/u_mig_ddr4_phy/inst/u_ddr4_phy_pll/sys_clk_i
                         BUFGCE (Prop_BUFGCE_I_O)     0.028     1.029 r  i_dram_wrapper/i_dram/inst/u_ddr4_mem_intfc/u_mig_ddr4_phy/inst/u_ddr4_phy_pll/gen_bufg_backbone.u__bufg_backbone/O
                         net (fo=1, unplaced)         2.584     3.613    i_dram_wrapper/i_dram/inst/u_ddr4_infrastructure/mmcm_clk_in
                         MMCME4_ADV (Prop_MMCME4_ADV_CLKIN1_CLKOUT0)
                                                     -0.127     3.486 r  i_dram_wrapper/i_dram/inst/u_ddr4_infrastructure/gen_mmcme4.u_mmcme_adv_inst/CLKOUT0
                         net (fo=1, unplaced)         0.198     3.684    i_dram_wrapper/i_dram/inst/u_ddr4_infrastructure/mmcm_clkout0
                         BUFGCE (Prop_BUFGCE_I_O)     0.028     3.712 r  i_dram_wrapper/i_dram/inst/u_ddr4_infrastructure/u_bufg_divClk/O
                         net (fo=36635, unplaced)     4.444     8.155    i_dram_wrapper/i_dram/inst/u_ddr4_mem_intfc/u_ddr_cal_top/wosp_reg[2]_rep__7
                         FDRE                                         r  i_dram_wrapper/i_dram/inst/u_ddr4_mem_intfc/u_ddr_cal_top/calDone_gated_reg/C
  -------------------------------------------------------------------    -------------------
                         FDRE (Prop_FDRE_C_Q)         0.077     8.232 r  i_dram_wrapper/i_dram/inst/u_ddr4_mem_intfc/u_ddr_cal_top/calDone_gated_reg/Q
                         net (fo=76, unplaced)        0.180     8.412    i_dram_wrapper/calib_complete
                         LUT3 (Prop_LUT3_I1_O)        0.053     8.465 r  i_dram_wrapper/fabric_ready_o_INST_0/O
                         net (fo=7, unplaced)         0.420     8.885    i_dram_wrapper/i_ui_rstgen/i_rstgen_bypass/i_tc_clk_mux2_rst_n/clk0_i
                         BUFGCTRL (Prop_BUFGCTRL_I0_O)
                                                      0.092     8.977 r  i_dram_wrapper/i_ui_rstgen/i_rstgen_bypass/i_tc_clk_mux2_rst_n/i_BUFGMUX/O
                         net (fo=1, unplaced)         2.584    11.561    i_dram_wrapper/i_ui_rstgen/i_rstgen_bypass/rst_n
                         LUT1 (Prop_LUT1_I0_O)        0.038    11.599 f  i_dram_wrapper/i_ui_rstgen/i_rstgen_bypass/synch_regs_q[3]_i_1/O
                         net (fo=4, unplaced)         0.210    11.809    i_dram_wrapper/i_ui_rstgen/i_rstgen_bypass/synch_regs_q[3]_i_1_n_0
                         FDCE                                         f  i_dram_wrapper/i_ui_rstgen/i_rstgen_bypass/synch_regs_q_reg[0]/CLR
  -------------------------------------------------------------------    -------------------

                         (clock mmcm_clkout0 rise edge)
                                                      0.000     0.000 r  
    E12                                               0.000     0.000 r  sys_clk_p (IN)
                         net (fo=0)                   0.000     0.000    i_bufds_sys_clk/I
    HPIOBDIFFINBUF_X1Y300
                         DIFFINBUF (Prop_DIFFINBUF_HPIOBDIFFINBUF_DIFF_IN_P_O)
                                                      0.564     0.564 r  i_bufds_sys_clk/DIFFINBUF_INST/O
                         net (fo=1, estimated)        0.040     0.604    i_bufds_sys_clk/OUT
    E12                  IBUFCTRL (Prop_IBUFCTRL_HPIOB_M_I_O)
                                                      0.000     0.604 r  i_bufds_sys_clk/IBUFCTRL_INST/O
                         net (fo=3, unplaced)         0.247     0.851    i_dram_wrapper/i_dram/inst/u_ddr4_mem_intfc/u_mig_ddr4_phy/inst/u_ddr4_phy_pll/sys_clk_i
                         BUFGCE (Prop_BUFGCE_I_O)     0.024     0.875 r  i_dram_wrapper/i_dram/inst/u_ddr4_mem_intfc/u_mig_ddr4_phy/inst/u_ddr4_phy_pll/gen_bufg_backbone.u__bufg_backbone/O
                         net (fo=1, unplaced)         2.439     3.314    i_dram_wrapper/i_dram/inst/u_ddr4_infrastructure/mmcm_clk_in
                         MMCME4_ADV (Prop_MMCME4_ADV_CLKIN1_CLKOUT0)
                                                      0.630     3.944 r  i_dram_wrapper/i_dram/inst/u_ddr4_infrastructure/gen_mmcme4.u_mmcme_adv_inst/CLKOUT0
                         net (fo=1, unplaced)         0.176     4.120    i_dram_wrapper/i_dram/inst/u_ddr4_infrastructure/mmcm_clkout0
                         BUFGCE (Prop_BUFGCE_I_O)     0.024     4.144 r  i_dram_wrapper/i_dram/inst/u_ddr4_infrastructure/u_bufg_divClk/O
                         net (fo=36635, unplaced)     4.299     8.443    i_dram_wrapper/i_ui_rstgen/i_rstgen_bypass/clk_i
                         FDCE                                         r  i_dram_wrapper/i_ui_rstgen/i_rstgen_bypass/synch_regs_q_reg[0]/C





Min Delay Paths
--------------------------------------------------------------------------------------
Slack:                    inf
  Source:                 i_dram_wrapper/i_dram/inst/div_clk_rst_r1_reg/C
                            (rising edge-triggered cell FDRE clocked by mmcm_clkout0  {rise@0.000ns fall@1.667ns period=3.333ns})
  Destination:            i_dram_wrapper/i_ui_rstgen/i_rstgen_bypass/synch_regs_q_reg[0]/CLR
                            (removal check against rising-edge clock mmcm_clkout0  {rise@0.000ns fall@1.667ns period=3.333ns})
  Path Group:             (none)
  Path Type:              Removal (Min at Fast Process Corner)
  Data Path Delay:        1.617ns  (logic 0.139ns (8.596%)  route 1.478ns (91.404%))
  Logic Levels:           3  (BUFGCTRL=1 LUT1=1 LUT3=1)
  Clock Path Skew:        -0.071ns (DCD - SCD - CPR)
    Destination Clock Delay (DCD):    4.525ns
    Source Clock Delay      (SCD):    4.596ns
    Clock Pessimism Removal (CPR):    -0.000ns
  Clock Uncertainty:      0.052ns  ((TSJ^2 + DJ^2)^1/2) / 2 + PE
    Total System Jitter     (TSJ):    0.071ns
    Discrete Jitter          (DJ):    0.076ns
    Phase Error              (PE):    0.000ns
  Timing Exception:       False Path

    Location             Delay type                Incr(ns)  Path(ns)    Netlist Resource(s)
  -------------------------------------------------------------------    -------------------
                         (clock mmcm_clkout0 rise edge)
                                                      0.000     0.000 r  
    E12                                               0.000     0.000 r  sys_clk_p (IN)
                         net (fo=0)                   0.000     0.000    i_bufds_sys_clk/I
    HPIOBDIFFINBUF_X1Y300
                         DIFFINBUF (Prop_DIFFINBUF_HPIOBDIFFINBUF_DIFF_IN_P_O)
                                                      0.340     0.340 r  i_bufds_sys_clk/DIFFINBUF_INST/O
                         net (fo=1, estimated)        0.040     0.380    i_bufds_sys_clk/OUT
    E12                  IBUFCTRL (Prop_IBUFCTRL_HPIOB_M_I_O)
                                                      0.000     0.380 r  i_bufds_sys_clk/IBUFCTRL_INST/O
                         net (fo=3, unplaced)         0.116     0.496    i_dram_wrapper/i_dram/inst/u_ddr4_mem_intfc/u_mig_ddr4_phy/inst/u_ddr4_phy_pll/sys_clk_i
                         BUFGCE (Prop_BUFGCE_I_O)     0.017     0.513 r  i_dram_wrapper/i_dram/inst/u_ddr4_mem_intfc/u_mig_ddr4_phy/inst/u_ddr4_phy_pll/gen_bufg_backbone.u__bufg_backbone/O
                         net (fo=1, unplaced)         1.114     1.627    i_dram_wrapper/i_dram/inst/u_ddr4_infrastructure/mmcm_clk_in
                         MMCME4_ADV (Prop_MMCME4_ADV_CLKIN1_CLKOUT0)
                                                      0.230     1.857 r  i_dram_wrapper/i_dram/inst/u_ddr4_infrastructure/gen_mmcme4.u_mmcme_adv_inst/CLKOUT0
                         net (fo=1, unplaced)         0.118     1.975    i_dram_wrapper/i_dram/inst/u_ddr4_infrastructure/mmcm_clkout0
                         BUFGCE (Prop_BUFGCE_I_O)     0.017     1.992 r  i_dram_wrapper/i_dram/inst/u_ddr4_infrastructure/u_bufg_divClk/O
                         net (fo=36635, unplaced)     2.604     4.596    i_dram_wrapper/i_dram/inst/c0_ddr4_ui_clk
                         FDRE                                         r  i_dram_wrapper/i_dram/inst/div_clk_rst_r1_reg/C
  -------------------------------------------------------------------    -------------------
                         FDRE (Prop_FDRE_C_Q)         0.038     4.634 f  i_dram_wrapper/i_dram/inst/div_clk_rst_r1_reg/Q
                         net (fo=1, unplaced)         0.055     4.689    i_dram_wrapper/dram_rst_o
                         LUT3 (Prop_LUT3_I0_O)        0.035     4.724 r  i_dram_wrapper/fabric_ready_o_INST_0/O
                         net (fo=7, unplaced)         0.216     4.940    i_dram_wrapper/i_ui_rstgen/i_rstgen_bypass/i_tc_clk_mux2_rst_n/clk0_i
                         BUFGCTRL (Prop_BUFGCTRL_I0_O)
                                                      0.052     4.992 r  i_dram_wrapper/i_ui_rstgen/i_rstgen_bypass/i_tc_clk_mux2_rst_n/i_BUFGMUX/O
                         net (fo=1, unplaced)         1.114     6.106    i_dram_wrapper/i_ui_rstgen/i_rstgen_bypass/rst_n
                         LUT1 (Prop_LUT1_I0_O)        0.014     6.120 f  i_dram_wrapper/i_ui_rstgen/i_rstgen_bypass/synch_regs_q[3]_i_1/O
                         net (fo=4, unplaced)         0.093     6.213    i_dram_wrapper/i_ui_rstgen/i_rstgen_bypass/synch_regs_q[3]_i_1_n_0
                         FDCE                                         f  i_dram_wrapper/i_ui_rstgen/i_rstgen_bypass/synch_regs_q_reg[0]/CLR
  -------------------------------------------------------------------    -------------------

                         (clock mmcm_clkout0 rise edge)
                                                      0.000     0.000 r  
    E12                                               0.000     0.000 r  sys_clk_p (IN)
                         net (fo=0)                   0.000     0.000    i_bufds_sys_clk/I
    HPIOBDIFFINBUF_X1Y300
                         DIFFINBUF (Prop_DIFFINBUF_HPIOBDIFFINBUF_DIFF_IN_P_O)
                                                      0.446     0.446 r  i_bufds_sys_clk/DIFFINBUF_INST/O
                         net (fo=1, estimated)        0.050     0.496    i_bufds_sys_clk/OUT
    E12                  IBUFCTRL (Prop_IBUFCTRL_HPIOB_M_I_O)
                                                      0.000     0.496 r  i_bufds_sys_clk/IBUFCTRL_INST/O
                         net (fo=3, unplaced)         0.147     0.643    i_dram_wrapper/i_dram/inst/u_ddr4_mem_intfc/u_mig_ddr4_phy/inst/u_ddr4_phy_pll/sys_clk_i
                         BUFGCE (Prop_BUFGCE_I_O)     0.019     0.662 r  i_dram_wrapper/i_dram/inst/u_ddr4_mem_intfc/u_mig_ddr4_phy/inst/u_ddr4_phy_pll/gen_bufg_backbone.u__bufg_backbone/O
                         net (fo=1, unplaced)         1.259     1.921    i_dram_wrapper/i_dram/inst/u_ddr4_infrastructure/mmcm_clk_in
                         MMCME4_ADV (Prop_MMCME4_ADV_CLKIN1_CLKOUT0)
                                                     -0.295     1.626 r  i_dram_wrapper/i_dram/inst/u_ddr4_infrastructure/gen_mmcme4.u_mmcme_adv_inst/CLKOUT0
                         net (fo=1, unplaced)         0.132     1.758    i_dram_wrapper/i_dram/inst/u_ddr4_infrastructure/mmcm_clkout0
                         BUFGCE (Prop_BUFGCE_I_O)     0.019     1.777 r  i_dram_wrapper/i_dram/inst/u_ddr4_infrastructure/u_bufg_divClk/O
                         net (fo=36635, unplaced)     2.749     4.525    i_dram_wrapper/i_ui_rstgen/i_rstgen_bypass/clk_i
                         FDCE                                         r  i_dram_wrapper/i_ui_rstgen/i_rstgen_bypass/synch_regs_q_reg[0]/C





--------------------------------------------------------------------------------------
Path Group:  (none)
From Clock:  mmcm_clkout6
  To Clock:  mmcm_clkout0

Max Delay             0 Endpoints
Min Delay           125 Endpoints
--------------------------------------------------------------------------------------


Min Delay Paths
--------------------------------------------------------------------------------------
Slack:                    inf
  Source:                 i_dram_wrapper/i_dram/inst/u_ddr4_mem_intfc/u_ddr_cal_riu/io_addr_strobe_lvl_riuclk_reg/C
                            (rising edge-triggered cell FDRE clocked by mmcm_clkout6  {rise@0.000ns fall@3.333ns period=6.667ns})
  Destination:            i_dram_wrapper/i_dram/inst/u_ddr4_mem_intfc/u_io_addr_strobe_lvl_sync/SYNC[0].sync_reg_reg[0]/D
                            (rising edge-triggered cell FDRE clocked by mmcm_clkout0  {rise@0.000ns fall@1.667ns period=3.333ns})
  Path Group:             (none)
  Path Type:              Hold (Min at Fast Process Corner)
  Data Path Delay:        0.141ns  (logic 0.038ns (26.950%)  route 0.103ns (73.050%))
  Logic Levels:           0  
  Clock Path Skew:        1.409ns (DCD - SCD - CPR)
    Destination Clock Delay (DCD):    4.525ns
    Source Clock Delay      (SCD):    3.116ns
    Clock Pessimism Removal (CPR):    -0.000ns
  Clock Uncertainty:      0.176ns  ((TSJ^2 + DJ^2)^1/2) / 2 + PE
    Total System Jitter     (TSJ):    0.071ns
    Discrete Jitter          (DJ):    0.087ns
    Phase Error              (PE):    0.120ns
  Timing Exception:       False Path

    Location             Delay type                Incr(ns)  Path(ns)    Netlist Resource(s)
  -------------------------------------------------------------------    -------------------
                         (clock mmcm_clkout6 rise edge)
                                                      0.000     0.000 r  
    E12                                               0.000     0.000 r  sys_clk_p (IN)
                         net (fo=0)                   0.000     0.000    i_bufds_sys_clk/I
    HPIOBDIFFINBUF_X1Y300
                         DIFFINBUF (Prop_DIFFINBUF_HPIOBDIFFINBUF_DIFF_IN_P_O)
                                                      0.340     0.340 r  i_bufds_sys_clk/DIFFINBUF_INST/O
                         net (fo=1, estimated)        0.040     0.380    i_bufds_sys_clk/OUT
    E12                  IBUFCTRL (Prop_IBUFCTRL_HPIOB_M_I_O)
                                                      0.000     0.380 r  i_bufds_sys_clk/IBUFCTRL_INST/O
                         net (fo=3, unplaced)         0.116     0.496    i_dram_wrapper/i_dram/inst/u_ddr4_mem_intfc/u_mig_ddr4_phy/inst/u_ddr4_phy_pll/sys_clk_i
                         BUFGCE (Prop_BUFGCE_I_O)     0.017     0.513 r  i_dram_wrapper/i_dram/inst/u_ddr4_mem_intfc/u_mig_ddr4_phy/inst/u_ddr4_phy_pll/gen_bufg_backbone.u__bufg_backbone/O
                         net (fo=1, unplaced)         1.114     1.627    i_dram_wrapper/i_dram/inst/u_ddr4_infrastructure/mmcm_clk_in
                         MMCME4_ADV (Prop_MMCME4_ADV_CLKIN1_CLKOUT6)
                                                      0.230     1.857 r  i_dram_wrapper/i_dram/inst/u_ddr4_infrastructure/gen_mmcme4.u_mmcme_adv_inst/CLKOUT6
                         net (fo=1, unplaced)         0.128     1.985    i_dram_wrapper/i_dram/inst/u_ddr4_infrastructure/mmcm_clkout6
                         BUFGCE (Prop_BUFGCE_I_O)     0.017     2.002 r  i_dram_wrapper/i_dram/inst/u_ddr4_infrastructure/u_bufg_riuClk/O
                         net (fo=2409, unplaced)      1.114     3.116    i_dram_wrapper/i_dram/inst/u_ddr4_mem_intfc/u_ddr_cal_riu/CLK
                         FDRE                                         r  i_dram_wrapper/i_dram/inst/u_ddr4_mem_intfc/u_ddr_cal_riu/io_addr_strobe_lvl_riuclk_reg/C
  -------------------------------------------------------------------    -------------------
                         FDRE (Prop_FDRE_C_Q)         0.038     3.154 r  i_dram_wrapper/i_dram/inst/u_ddr4_mem_intfc/u_ddr_cal_riu/io_addr_strobe_lvl_riuclk_reg/Q
                         net (fo=2, unplaced)         0.103     3.257    i_dram_wrapper/i_dram/inst/u_ddr4_mem_intfc/u_io_addr_strobe_lvl_sync/D[0]
                         FDRE                                         r  i_dram_wrapper/i_dram/inst/u_ddr4_mem_intfc/u_io_addr_strobe_lvl_sync/SYNC[0].sync_reg_reg[0]/D
  -------------------------------------------------------------------    -------------------

                         (clock mmcm_clkout0 rise edge)
                                                      0.000     0.000 r  
    E12                                               0.000     0.000 r  sys_clk_p (IN)
                         net (fo=0)                   0.000     0.000    i_bufds_sys_clk/I
    HPIOBDIFFINBUF_X1Y300
                         DIFFINBUF (Prop_DIFFINBUF_HPIOBDIFFINBUF_DIFF_IN_P_O)
                                                      0.446     0.446 r  i_bufds_sys_clk/DIFFINBUF_INST/O
                         net (fo=1, estimated)        0.050     0.496    i_bufds_sys_clk/OUT
    E12                  IBUFCTRL (Prop_IBUFCTRL_HPIOB_M_I_O)
                                                      0.000     0.496 r  i_bufds_sys_clk/IBUFCTRL_INST/O
                         net (fo=3, unplaced)         0.147     0.643    i_dram_wrapper/i_dram/inst/u_ddr4_mem_intfc/u_mig_ddr4_phy/inst/u_ddr4_phy_pll/sys_clk_i
                         BUFGCE (Prop_BUFGCE_I_O)     0.019     0.662 r  i_dram_wrapper/i_dram/inst/u_ddr4_mem_intfc/u_mig_ddr4_phy/inst/u_ddr4_phy_pll/gen_bufg_backbone.u__bufg_backbone/O
                         net (fo=1, unplaced)         1.259     1.921    i_dram_wrapper/i_dram/inst/u_ddr4_infrastructure/mmcm_clk_in
                         MMCME4_ADV (Prop_MMCME4_ADV_CLKIN1_CLKOUT0)
                                                     -0.295     1.626 r  i_dram_wrapper/i_dram/inst/u_ddr4_infrastructure/gen_mmcme4.u_mmcme_adv_inst/CLKOUT0
                         net (fo=1, unplaced)         0.132     1.758    i_dram_wrapper/i_dram/inst/u_ddr4_infrastructure/mmcm_clkout0
                         BUFGCE (Prop_BUFGCE_I_O)     0.019     1.777 r  i_dram_wrapper/i_dram/inst/u_ddr4_infrastructure/u_bufg_divClk/O
                         net (fo=36635, unplaced)     2.749     4.525    i_dram_wrapper/i_dram/inst/u_ddr4_mem_intfc/u_io_addr_strobe_lvl_sync/SYNC[0].sync_reg_reg[0]_0
                         FDRE                                         r  i_dram_wrapper/i_dram/inst/u_ddr4_mem_intfc/u_io_addr_strobe_lvl_sync/SYNC[0].sync_reg_reg[0]/C





--------------------------------------------------------------------------------------
Path Group:  (none)
From Clock:  sys_clk
  To Clock:  mmcm_clkout0

Max Delay             1 Endpoint
Min Delay             1 Endpoint
--------------------------------------------------------------------------------------


Max Delay Paths
--------------------------------------------------------------------------------------
Slack:                    inf
  Source:                 i_dram_wrapper/i_dram/inst/u_ddr4_infrastructure/rst_async_riu_div_reg/C
                            (rising edge-triggered cell FDRE clocked by sys_clk  {rise@0.000ns fall@2.000ns period=4.000ns})
  Destination:            i_dram_wrapper/i_dram/inst/u_ddr4_infrastructure/rst_div_sync_r_reg[0]/D
                            (rising edge-triggered cell FDRE clocked by mmcm_clkout0  {rise@0.000ns fall@1.667ns period=3.333ns})
  Path Group:             (none)
  Path Type:              Setup (Max at Slow Process Corner)
  Data Path Delay:        0.272ns  (logic 0.077ns (28.309%)  route 0.195ns (71.691%))
  Logic Levels:           0  
  Clock Path Skew:        4.830ns (DCD - SCD + CPR)
    Destination Clock Delay (DCD):    8.443ns
    Source Clock Delay      (SCD):    3.613ns
    Clock Pessimism Removal (CPR):    0.000ns
  Clock Uncertainty:      0.125ns  ((TSJ^2 + DJ^2)^1/2) / 2 + PE
    Total System Jitter     (TSJ):    0.071ns
    Discrete Jitter          (DJ):    0.076ns
    Phase Error              (PE):    0.073ns
  Timing Exception:       False Path

    Location             Delay type                Incr(ns)  Path(ns)    Netlist Resource(s)
  -------------------------------------------------------------------    -------------------
                         (clock sys_clk rise edge)    0.000     0.000 r  
    E12                                               0.000     0.000 r  sys_clk_p (IN)
                         net (fo=0)                   0.000     0.000    i_bufds_sys_clk/I
    HPIOBDIFFINBUF_X1Y300
                         DIFFINBUF (Prop_DIFFINBUF_HPIOBDIFFINBUF_DIFF_IN_P_O)
                                                      0.675     0.675 r  i_bufds_sys_clk/DIFFINBUF_INST/O
                         net (fo=1, estimated)        0.050     0.725    i_bufds_sys_clk/OUT
    E12                  IBUFCTRL (Prop_IBUFCTRL_HPIOB_M_I_O)
                                                      0.000     0.725 r  i_bufds_sys_clk/IBUFCTRL_INST/O
                         net (fo=3, unplaced)         0.276     1.001    i_dram_wrapper/i_dram/inst/u_ddr4_infrastructure/sys_clk_in
                         BUFGCE (Prop_BUFGCE_I_O)     0.028     1.029 r  i_dram_wrapper/i_dram/inst/u_ddr4_infrastructure/u_bufg_inst/O
                         net (fo=17, unplaced)        2.584     3.613    i_dram_wrapper/i_dram/inst/u_ddr4_infrastructure/sys_clk_in_bufg
                         FDRE                                         r  i_dram_wrapper/i_dram/inst/u_ddr4_infrastructure/rst_async_riu_div_reg/C
  -------------------------------------------------------------------    -------------------
                         FDRE (Prop_FDRE_C_Q)         0.077     3.690 r  i_dram_wrapper/i_dram/inst/u_ddr4_infrastructure/rst_async_riu_div_reg/Q
                         net (fo=2, unplaced)         0.195     3.885    i_dram_wrapper/i_dram/inst/u_ddr4_infrastructure/rst_async_riu_div
                         FDRE                                         r  i_dram_wrapper/i_dram/inst/u_ddr4_infrastructure/rst_div_sync_r_reg[0]/D
  -------------------------------------------------------------------    -------------------

                         (clock mmcm_clkout0 rise edge)
                                                      0.000     0.000 r  
    E12                                               0.000     0.000 r  sys_clk_p (IN)
                         net (fo=0)                   0.000     0.000    i_bufds_sys_clk/I
    HPIOBDIFFINBUF_X1Y300
                         DIFFINBUF (Prop_DIFFINBUF_HPIOBDIFFINBUF_DIFF_IN_P_O)
                                                      0.564     0.564 r  i_bufds_sys_clk/DIFFINBUF_INST/O
                         net (fo=1, estimated)        0.040     0.604    i_bufds_sys_clk/OUT
    E12                  IBUFCTRL (Prop_IBUFCTRL_HPIOB_M_I_O)
                                                      0.000     0.604 r  i_bufds_sys_clk/IBUFCTRL_INST/O
                         net (fo=3, unplaced)         0.247     0.851    i_dram_wrapper/i_dram/inst/u_ddr4_mem_intfc/u_mig_ddr4_phy/inst/u_ddr4_phy_pll/sys_clk_i
                         BUFGCE (Prop_BUFGCE_I_O)     0.024     0.875 r  i_dram_wrapper/i_dram/inst/u_ddr4_mem_intfc/u_mig_ddr4_phy/inst/u_ddr4_phy_pll/gen_bufg_backbone.u__bufg_backbone/O
                         net (fo=1, unplaced)         2.439     3.314    i_dram_wrapper/i_dram/inst/u_ddr4_infrastructure/mmcm_clk_in
                         MMCME4_ADV (Prop_MMCME4_ADV_CLKIN1_CLKOUT0)
                                                      0.630     3.944 r  i_dram_wrapper/i_dram/inst/u_ddr4_infrastructure/gen_mmcme4.u_mmcme_adv_inst/CLKOUT0
                         net (fo=1, unplaced)         0.176     4.120    i_dram_wrapper/i_dram/inst/u_ddr4_infrastructure/mmcm_clkout0
                         BUFGCE (Prop_BUFGCE_I_O)     0.024     4.144 r  i_dram_wrapper/i_dram/inst/u_ddr4_infrastructure/u_bufg_divClk/O
                         net (fo=36635, unplaced)     4.299     8.443    i_dram_wrapper/i_dram/inst/u_ddr4_infrastructure/input_rst_mmcm_reg_0
                         FDRE                                         r  i_dram_wrapper/i_dram/inst/u_ddr4_infrastructure/rst_div_sync_r_reg[0]/C





Min Delay Paths
--------------------------------------------------------------------------------------
Slack:                    inf
  Source:                 i_dram_wrapper/i_dram/inst/u_ddr4_infrastructure/rst_async_riu_div_reg/C
                            (rising edge-triggered cell FDRE clocked by sys_clk  {rise@0.000ns fall@2.000ns period=4.000ns})
  Destination:            i_dram_wrapper/i_dram/inst/u_ddr4_infrastructure/rst_div_sync_r_reg[0]/D
                            (rising edge-triggered cell FDRE clocked by mmcm_clkout0  {rise@0.000ns fall@1.667ns period=3.333ns})
  Path Group:             (none)
  Path Type:              Hold (Min at Fast Process Corner)
  Data Path Delay:        0.134ns  (logic 0.038ns (28.358%)  route 0.096ns (71.642%))
  Logic Levels:           0  
  Clock Path Skew:        2.898ns (DCD - SCD - CPR)
    Destination Clock Delay (DCD):    4.525ns
    Source Clock Delay      (SCD):    1.627ns
    Clock Pessimism Removal (CPR):    -0.000ns
  Clock Uncertainty:      0.125ns  ((TSJ^2 + DJ^2)^1/2) / 2 + PE
    Total System Jitter     (TSJ):    0.071ns
    Discrete Jitter          (DJ):    0.076ns
    Phase Error              (PE):    0.073ns
  Timing Exception:       False Path

    Location             Delay type                Incr(ns)  Path(ns)    Netlist Resource(s)
  -------------------------------------------------------------------    -------------------
                         (clock sys_clk rise edge)    0.000     0.000 r  
    E12                                               0.000     0.000 r  sys_clk_p (IN)
                         net (fo=0)                   0.000     0.000    i_bufds_sys_clk/I
    HPIOBDIFFINBUF_X1Y300
                         DIFFINBUF (Prop_DIFFINBUF_HPIOBDIFFINBUF_DIFF_IN_P_O)
                                                      0.340     0.340 r  i_bufds_sys_clk/DIFFINBUF_INST/O
                         net (fo=1, estimated)        0.040     0.380    i_bufds_sys_clk/OUT
    E12                  IBUFCTRL (Prop_IBUFCTRL_HPIOB_M_I_O)
                                                      0.000     0.380 r  i_bufds_sys_clk/IBUFCTRL_INST/O
                         net (fo=3, unplaced)         0.116     0.496    i_dram_wrapper/i_dram/inst/u_ddr4_infrastructure/sys_clk_in
                         BUFGCE (Prop_BUFGCE_I_O)     0.017     0.513 r  i_dram_wrapper/i_dram/inst/u_ddr4_infrastructure/u_bufg_inst/O
                         net (fo=17, unplaced)        1.114     1.627    i_dram_wrapper/i_dram/inst/u_ddr4_infrastructure/sys_clk_in_bufg
                         FDRE                                         r  i_dram_wrapper/i_dram/inst/u_ddr4_infrastructure/rst_async_riu_div_reg/C
  -------------------------------------------------------------------    -------------------
                         FDRE (Prop_FDRE_C_Q)         0.038     1.665 r  i_dram_wrapper/i_dram/inst/u_ddr4_infrastructure/rst_async_riu_div_reg/Q
                         net (fo=2, unplaced)         0.096     1.761    i_dram_wrapper/i_dram/inst/u_ddr4_infrastructure/rst_async_riu_div
                         FDRE                                         r  i_dram_wrapper/i_dram/inst/u_ddr4_infrastructure/rst_div_sync_r_reg[0]/D
  -------------------------------------------------------------------    -------------------

                         (clock mmcm_clkout0 rise edge)
                                                      0.000     0.000 r  
    E12                                               0.000     0.000 r  sys_clk_p (IN)
                         net (fo=0)                   0.000     0.000    i_bufds_sys_clk/I
    HPIOBDIFFINBUF_X1Y300
                         DIFFINBUF (Prop_DIFFINBUF_HPIOBDIFFINBUF_DIFF_IN_P_O)
                                                      0.446     0.446 r  i_bufds_sys_clk/DIFFINBUF_INST/O
                         net (fo=1, estimated)        0.050     0.496    i_bufds_sys_clk/OUT
    E12                  IBUFCTRL (Prop_IBUFCTRL_HPIOB_M_I_O)
                                                      0.000     0.496 r  i_bufds_sys_clk/IBUFCTRL_INST/O
                         net (fo=3, unplaced)         0.147     0.643    i_dram_wrapper/i_dram/inst/u_ddr4_mem_intfc/u_mig_ddr4_phy/inst/u_ddr4_phy_pll/sys_clk_i
                         BUFGCE (Prop_BUFGCE_I_O)     0.019     0.662 r  i_dram_wrapper/i_dram/inst/u_ddr4_mem_intfc/u_mig_ddr4_phy/inst/u_ddr4_phy_pll/gen_bufg_backbone.u__bufg_backbone/O
                         net (fo=1, unplaced)         1.259     1.921    i_dram_wrapper/i_dram/inst/u_ddr4_infrastructure/mmcm_clk_in
                         MMCME4_ADV (Prop_MMCME4_ADV_CLKIN1_CLKOUT0)
                                                     -0.295     1.626 r  i_dram_wrapper/i_dram/inst/u_ddr4_infrastructure/gen_mmcme4.u_mmcme_adv_inst/CLKOUT0
                         net (fo=1, unplaced)         0.132     1.758    i_dram_wrapper/i_dram/inst/u_ddr4_infrastructure/mmcm_clkout0
                         BUFGCE (Prop_BUFGCE_I_O)     0.019     1.777 r  i_dram_wrapper/i_dram/inst/u_ddr4_infrastructure/u_bufg_divClk/O
                         net (fo=36635, unplaced)     2.749     4.525    i_dram_wrapper/i_dram/inst/u_ddr4_infrastructure/input_rst_mmcm_reg_0
                         FDRE                                         r  i_dram_wrapper/i_dram/inst/u_ddr4_infrastructure/rst_div_sync_r_reg[0]/C





--------------------------------------------------------------------------------------
Path Group:  (none)
From Clock:  mmcm_clkout0
  To Clock:  mmcm_clkout6

Max Delay             0 Endpoints
Min Delay            35 Endpoints
--------------------------------------------------------------------------------------


Min Delay Paths
--------------------------------------------------------------------------------------
Slack:                    inf
  Source:                 i_dram_wrapper/i_dram/inst/u_ddr4_mem_intfc/en_vtc_in_reg/C
                            (rising edge-triggered cell FDRE clocked by mmcm_clkout0  {rise@0.000ns fall@1.667ns period=3.333ns})
  Destination:            i_dram_wrapper/i_dram/inst/u_ddr4_mem_intfc/u_en_vtc_sync/SYNC[0].sync_reg_reg[0]/D
                            (rising edge-triggered cell FDRE clocked by mmcm_clkout6  {rise@0.000ns fall@3.333ns period=6.667ns})
  Path Group:             (none)
  Path Type:              Hold (Min at Fast Process Corner)
  Data Path Delay:        0.141ns  (logic 0.038ns (26.950%)  route 0.103ns (73.050%))
  Logic Levels:           0  
  Clock Path Skew:        -1.549ns (DCD - SCD - CPR)
    Destination Clock Delay (DCD):    3.047ns
    Source Clock Delay      (SCD):    4.596ns
    Clock Pessimism Removal (CPR):    -0.000ns
  Clock Uncertainty:      0.176ns  ((TSJ^2 + DJ^2)^1/2) / 2 + PE
    Total System Jitter     (TSJ):    0.071ns
    Discrete Jitter          (DJ):    0.087ns
    Phase Error              (PE):    0.120ns
  Timing Exception:       False Path

    Location             Delay type                Incr(ns)  Path(ns)    Netlist Resource(s)
  -------------------------------------------------------------------    -------------------
                         (clock mmcm_clkout0 rise edge)
                                                      0.000     0.000 r  
    E12                                               0.000     0.000 r  sys_clk_p (IN)
                         net (fo=0)                   0.000     0.000    i_bufds_sys_clk/I
    HPIOBDIFFINBUF_X1Y300
                         DIFFINBUF (Prop_DIFFINBUF_HPIOBDIFFINBUF_DIFF_IN_P_O)
                                                      0.340     0.340 r  i_bufds_sys_clk/DIFFINBUF_INST/O
                         net (fo=1, estimated)        0.040     0.380    i_bufds_sys_clk/OUT
    E12                  IBUFCTRL (Prop_IBUFCTRL_HPIOB_M_I_O)
                                                      0.000     0.380 r  i_bufds_sys_clk/IBUFCTRL_INST/O
                         net (fo=3, unplaced)         0.116     0.496    i_dram_wrapper/i_dram/inst/u_ddr4_mem_intfc/u_mig_ddr4_phy/inst/u_ddr4_phy_pll/sys_clk_i
                         BUFGCE (Prop_BUFGCE_I_O)     0.017     0.513 r  i_dram_wrapper/i_dram/inst/u_ddr4_mem_intfc/u_mig_ddr4_phy/inst/u_ddr4_phy_pll/gen_bufg_backbone.u__bufg_backbone/O
                         net (fo=1, unplaced)         1.114     1.627    i_dram_wrapper/i_dram/inst/u_ddr4_infrastructure/mmcm_clk_in
                         MMCME4_ADV (Prop_MMCME4_ADV_CLKIN1_CLKOUT0)
                                                      0.230     1.857 r  i_dram_wrapper/i_dram/inst/u_ddr4_infrastructure/gen_mmcme4.u_mmcme_adv_inst/CLKOUT0
                         net (fo=1, unplaced)         0.118     1.975    i_dram_wrapper/i_dram/inst/u_ddr4_infrastructure/mmcm_clkout0
                         BUFGCE (Prop_BUFGCE_I_O)     0.017     1.992 r  i_dram_wrapper/i_dram/inst/u_ddr4_infrastructure/u_bufg_divClk/O
                         net (fo=36635, unplaced)     2.604     4.596    i_dram_wrapper/i_dram/inst/u_ddr4_mem_intfc/SYNC[18].sync_reg_reg[1]
                         FDRE                                         r  i_dram_wrapper/i_dram/inst/u_ddr4_mem_intfc/en_vtc_in_reg/C
  -------------------------------------------------------------------    -------------------
                         FDRE (Prop_FDRE_C_Q)         0.038     4.634 r  i_dram_wrapper/i_dram/inst/u_ddr4_mem_intfc/en_vtc_in_reg/Q
                         net (fo=1, unplaced)         0.103     4.737    i_dram_wrapper/i_dram/inst/u_ddr4_mem_intfc/u_en_vtc_sync/D[0]
                         FDRE                                         r  i_dram_wrapper/i_dram/inst/u_ddr4_mem_intfc/u_en_vtc_sync/SYNC[0].sync_reg_reg[0]/D
  -------------------------------------------------------------------    -------------------

                         (clock mmcm_clkout6 rise edge)
                                                      0.000     0.000 r  
    E12                                               0.000     0.000 r  sys_clk_p (IN)
                         net (fo=0)                   0.000     0.000    i_bufds_sys_clk/I
    HPIOBDIFFINBUF_X1Y300
                         DIFFINBUF (Prop_DIFFINBUF_HPIOBDIFFINBUF_DIFF_IN_P_O)
                                                      0.446     0.446 r  i_bufds_sys_clk/DIFFINBUF_INST/O
                         net (fo=1, estimated)        0.050     0.496    i_bufds_sys_clk/OUT
    E12                  IBUFCTRL (Prop_IBUFCTRL_HPIOB_M_I_O)
                                                      0.000     0.496 r  i_bufds_sys_clk/IBUFCTRL_INST/O
                         net (fo=3, unplaced)         0.147     0.643    i_dram_wrapper/i_dram/inst/u_ddr4_mem_intfc/u_mig_ddr4_phy/inst/u_ddr4_phy_pll/sys_clk_i
                         BUFGCE (Prop_BUFGCE_I_O)     0.019     0.662 r  i_dram_wrapper/i_dram/inst/u_ddr4_mem_intfc/u_mig_ddr4_phy/inst/u_ddr4_phy_pll/gen_bufg_backbone.u__bufg_backbone/O
                         net (fo=1, unplaced)         1.259     1.921    i_dram_wrapper/i_dram/inst/u_ddr4_infrastructure/mmcm_clk_in
                         MMCME4_ADV (Prop_MMCME4_ADV_CLKIN1_CLKOUT6)
                                                     -0.295     1.626 r  i_dram_wrapper/i_dram/inst/u_ddr4_infrastructure/gen_mmcme4.u_mmcme_adv_inst/CLKOUT6
                         net (fo=1, unplaced)         0.143     1.769    i_dram_wrapper/i_dram/inst/u_ddr4_infrastructure/mmcm_clkout6
                         BUFGCE (Prop_BUFGCE_I_O)     0.019     1.788 r  i_dram_wrapper/i_dram/inst/u_ddr4_infrastructure/u_bufg_riuClk/O
                         net (fo=2409, unplaced)      1.259     3.047    i_dram_wrapper/i_dram/inst/u_ddr4_mem_intfc/u_en_vtc_sync/CLK
                         FDRE                                         r  i_dram_wrapper/i_dram/inst/u_ddr4_mem_intfc/u_en_vtc_sync/SYNC[0].sync_reg_reg[0]/C





--------------------------------------------------------------------------------------
Path Group:  (none)
From Clock:  mmcm_clkout6
  To Clock:  mmcm_clkout6

Max Delay           292 Endpoints
Min Delay           732 Endpoints
--------------------------------------------------------------------------------------


Max Delay Paths
--------------------------------------------------------------------------------------
Slack:                    inf
  Source:                 i_dram_wrapper/i_dram/inst/u_ddr4_mem_intfc/u_ddr_cal_riu/mcs0/inst/rst_0/U0/FDRE_inst/C
                            (rising edge-triggered cell FDRE clocked by mmcm_clkout6  {rise@0.000ns fall@3.333ns period=6.667ns})
  Destination:            i_dram_wrapper/i_dram/inst/u_ddr4_mem_intfc/u_ddr_cal_riu/mcs0/inst/microblaze_I/U0/LOCKSTEP_Out_reg[10]/R
                            (rising edge-triggered cell FDRE clocked by mmcm_clkout6  {rise@0.000ns fall@3.333ns period=6.667ns})
  Path Group:             (none)
  Path Type:              Setup (Max at Slow Process Corner)
  Data Path Delay:        0.522ns  (logic 0.077ns (14.751%)  route 0.445ns (85.249%))
  Logic Levels:           0  
  Clock Path Skew:        0.283ns (DCD - SCD + CPR)
    Destination Clock Delay (DCD):    6.595ns
    Source Clock Delay      (SCD):    6.313ns
    Clock Pessimism Removal (CPR):    0.000ns
  Clock Uncertainty:      0.056ns  ((TSJ^2 + DJ^2)^1/2) / 2 + PE
    Total System Jitter     (TSJ):    0.071ns
    Discrete Jitter          (DJ):    0.087ns
    Phase Error              (PE):    0.000ns
  Timing Exception:       False Path

    Location             Delay type                Incr(ns)  Path(ns)    Netlist Resource(s)
  -------------------------------------------------------------------    -------------------
                         (clock mmcm_clkout6 rise edge)
                                                      0.000     0.000 r  
    E12                                               0.000     0.000 r  sys_clk_p (IN)
                         net (fo=0)                   0.000     0.000    i_bufds_sys_clk/I
    HPIOBDIFFINBUF_X1Y300
                         DIFFINBUF (Prop_DIFFINBUF_HPIOBDIFFINBUF_DIFF_IN_P_O)
                                                      0.675     0.675 r  i_bufds_sys_clk/DIFFINBUF_INST/O
                         net (fo=1, estimated)        0.050     0.725    i_bufds_sys_clk/OUT
    E12                  IBUFCTRL (Prop_IBUFCTRL_HPIOB_M_I_O)
                                                      0.000     0.725 r  i_bufds_sys_clk/IBUFCTRL_INST/O
                         net (fo=3, unplaced)         0.276     1.001    i_dram_wrapper/i_dram/inst/u_ddr4_mem_intfc/u_mig_ddr4_phy/inst/u_ddr4_phy_pll/sys_clk_i
                         BUFGCE (Prop_BUFGCE_I_O)     0.028     1.029 r  i_dram_wrapper/i_dram/inst/u_ddr4_mem_intfc/u_mig_ddr4_phy/inst/u_ddr4_phy_pll/gen_bufg_backbone.u__bufg_backbone/O
                         net (fo=1, unplaced)         2.584     3.613    i_dram_wrapper/i_dram/inst/u_ddr4_infrastructure/mmcm_clk_in
                         MMCME4_ADV (Prop_MMCME4_ADV_CLKIN1_CLKOUT6)
                                                     -0.127     3.486 r  i_dram_wrapper/i_dram/inst/u_ddr4_infrastructure/gen_mmcme4.u_mmcme_adv_inst/CLKOUT6
                         net (fo=1, unplaced)         0.215     3.701    i_dram_wrapper/i_dram/inst/u_ddr4_infrastructure/mmcm_clkout6
                         BUFGCE (Prop_BUFGCE_I_O)     0.028     3.729 r  i_dram_wrapper/i_dram/inst/u_ddr4_infrastructure/u_bufg_riuClk/O
                         net (fo=2409, unplaced)      2.584     6.313    i_dram_wrapper/i_dram/inst/u_ddr4_mem_intfc/u_ddr_cal_riu/mcs0/inst/rst_0/U0/slowest_sync_clk
                         FDRE                                         r  i_dram_wrapper/i_dram/inst/u_ddr4_mem_intfc/u_ddr_cal_riu/mcs0/inst/rst_0/U0/FDRE_inst/C
  -------------------------------------------------------------------    -------------------
                         FDRE (Prop_FDRE_C_Q)         0.077     6.390 r  i_dram_wrapper/i_dram/inst/u_ddr4_mem_intfc/u_ddr_cal_riu/mcs0/inst/rst_0/U0/FDRE_inst/Q
                         net (fo=289, unplaced)       0.445     6.835    i_dram_wrapper/i_dram/inst/u_ddr4_mem_intfc/u_ddr_cal_riu/mcs0/inst/microblaze_I/U0/Reset
                         FDRE                                         r  i_dram_wrapper/i_dram/inst/u_ddr4_mem_intfc/u_ddr_cal_riu/mcs0/inst/microblaze_I/U0/LOCKSTEP_Out_reg[10]/R
  -------------------------------------------------------------------    -------------------

                         (clock mmcm_clkout6 rise edge)
                                                      0.000     0.000 r  
    E12                                               0.000     0.000 r  sys_clk_p (IN)
                         net (fo=0)                   0.000     0.000    i_bufds_sys_clk/I
    HPIOBDIFFINBUF_X1Y300
                         DIFFINBUF (Prop_DIFFINBUF_HPIOBDIFFINBUF_DIFF_IN_P_O)
                                                      0.564     0.564 r  i_bufds_sys_clk/DIFFINBUF_INST/O
                         net (fo=1, estimated)        0.040     0.604    i_bufds_sys_clk/OUT
    E12                  IBUFCTRL (Prop_IBUFCTRL_HPIOB_M_I_O)
                                                      0.000     0.604 r  i_bufds_sys_clk/IBUFCTRL_INST/O
                         net (fo=3, unplaced)         0.247     0.851    i_dram_wrapper/i_dram/inst/u_ddr4_mem_intfc/u_mig_ddr4_phy/inst/u_ddr4_phy_pll/sys_clk_i
                         BUFGCE (Prop_BUFGCE_I_O)     0.024     0.875 r  i_dram_wrapper/i_dram/inst/u_ddr4_mem_intfc/u_mig_ddr4_phy/inst/u_ddr4_phy_pll/gen_bufg_backbone.u__bufg_backbone/O
                         net (fo=1, unplaced)         2.439     3.314    i_dram_wrapper/i_dram/inst/u_ddr4_infrastructure/mmcm_clk_in
                         MMCME4_ADV (Prop_MMCME4_ADV_CLKIN1_CLKOUT6)
                                                      0.630     3.944 r  i_dram_wrapper/i_dram/inst/u_ddr4_infrastructure/gen_mmcme4.u_mmcme_adv_inst/CLKOUT6
                         net (fo=1, unplaced)         0.188     4.132    i_dram_wrapper/i_dram/inst/u_ddr4_infrastructure/mmcm_clkout6
                         BUFGCE (Prop_BUFGCE_I_O)     0.024     4.156 r  i_dram_wrapper/i_dram/inst/u_ddr4_infrastructure/u_bufg_riuClk/O
                         net (fo=2409, unplaced)      2.439     6.595    i_dram_wrapper/i_dram/inst/u_ddr4_mem_intfc/u_ddr_cal_riu/mcs0/inst/microblaze_I/U0/Clk
                         FDRE                                         r  i_dram_wrapper/i_dram/inst/u_ddr4_mem_intfc/u_ddr_cal_riu/mcs0/inst/microblaze_I/U0/LOCKSTEP_Out_reg[10]/C





Min Delay Paths
--------------------------------------------------------------------------------------
Slack:                    inf
  Source:                 i_dram_wrapper/i_dram/inst/u_ddr4_infrastructure/rst_mb_logic_r1_reg/C
                            (rising edge-triggered cell FDRE clocked by mmcm_clkout6  {rise@0.000ns fall@3.333ns period=6.667ns})
  Destination:            i_dram_wrapper/i_dram/inst/u_ddr4_mem_intfc/u_ddr_cal_riu/mcs0/inst/rst_0/U0/EXT_LPF/ACTIVE_HIGH_EXT.ACT_HI_EXT/GENERATE_LEVEL_P_S_CDC.SINGLE_BIT.CROSS_PLEVEL_IN2SCNDRY_IN_cdc_to/D
                            (rising edge-triggered cell FDRE clocked by mmcm_clkout6  {rise@0.000ns fall@3.333ns period=6.667ns})
  Path Group:             (none)
  Path Type:              Hold (Min at Fast Process Corner)
  Data Path Delay:        0.137ns  (logic 0.061ns (44.525%)  route 0.076ns (55.474%))
  Logic Levels:           1  (LUT2=1)
  Clock Path Skew:        -0.070ns (DCD - SCD - CPR)
    Destination Clock Delay (DCD):    3.047ns
    Source Clock Delay      (SCD):    3.116ns
    Clock Pessimism Removal (CPR):    -0.000ns
  Clock Uncertainty:      0.056ns  ((TSJ^2 + DJ^2)^1/2) / 2 + PE
    Total System Jitter     (TSJ):    0.071ns
    Discrete Jitter          (DJ):    0.087ns
    Phase Error              (PE):    0.000ns
  Timing Exception:       False Path

    Location             Delay type                Incr(ns)  Path(ns)    Netlist Resource(s)
  -------------------------------------------------------------------    -------------------
                         (clock mmcm_clkout6 rise edge)
                                                      0.000     0.000 r  
    E12                                               0.000     0.000 r  sys_clk_p (IN)
                         net (fo=0)                   0.000     0.000    i_bufds_sys_clk/I
    HPIOBDIFFINBUF_X1Y300
                         DIFFINBUF (Prop_DIFFINBUF_HPIOBDIFFINBUF_DIFF_IN_P_O)
                                                      0.340     0.340 r  i_bufds_sys_clk/DIFFINBUF_INST/O
                         net (fo=1, estimated)        0.040     0.380    i_bufds_sys_clk/OUT
    E12                  IBUFCTRL (Prop_IBUFCTRL_HPIOB_M_I_O)
                                                      0.000     0.380 r  i_bufds_sys_clk/IBUFCTRL_INST/O
                         net (fo=3, unplaced)         0.116     0.496    i_dram_wrapper/i_dram/inst/u_ddr4_mem_intfc/u_mig_ddr4_phy/inst/u_ddr4_phy_pll/sys_clk_i
                         BUFGCE (Prop_BUFGCE_I_O)     0.017     0.513 r  i_dram_wrapper/i_dram/inst/u_ddr4_mem_intfc/u_mig_ddr4_phy/inst/u_ddr4_phy_pll/gen_bufg_backbone.u__bufg_backbone/O
                         net (fo=1, unplaced)         1.114     1.627    i_dram_wrapper/i_dram/inst/u_ddr4_infrastructure/mmcm_clk_in
                         MMCME4_ADV (Prop_MMCME4_ADV_CLKIN1_CLKOUT6)
                                                      0.230     1.857 r  i_dram_wrapper/i_dram/inst/u_ddr4_infrastructure/gen_mmcme4.u_mmcme_adv_inst/CLKOUT6
                         net (fo=1, unplaced)         0.128     1.985    i_dram_wrapper/i_dram/inst/u_ddr4_infrastructure/mmcm_clkout6
                         BUFGCE (Prop_BUFGCE_I_O)     0.017     2.002 r  i_dram_wrapper/i_dram/inst/u_ddr4_infrastructure/u_bufg_riuClk/O
                         net (fo=2409, unplaced)      1.114     3.116    i_dram_wrapper/i_dram/inst/u_ddr4_infrastructure/c0_riu_clk
                         FDRE                                         r  i_dram_wrapper/i_dram/inst/u_ddr4_infrastructure/rst_mb_logic_r1_reg/C
  -------------------------------------------------------------------    -------------------
                         FDRE (Prop_FDRE_C_Q)         0.038     3.154 r  i_dram_wrapper/i_dram/inst/u_ddr4_infrastructure/rst_mb_logic_r1_reg/Q
                         net (fo=5, unplaced)         0.060     3.214    i_dram_wrapper/i_dram/inst/u_ddr4_mem_intfc/u_ddr_cal_riu/mcs0/inst/rst_0/U0/EXT_LPF/ACTIVE_HIGH_EXT.ACT_HI_EXT/ext_reset_in
                         LUT2 (Prop_LUT2_I0_O)        0.023     3.237 r  i_dram_wrapper/i_dram/inst/u_ddr4_mem_intfc/u_ddr_cal_riu/mcs0/inst/rst_0/U0/EXT_LPF/ACTIVE_HIGH_EXT.ACT_HI_EXT/GENERATE_LEVEL_P_S_CDC.SINGLE_BIT.CROSS_PLEVEL_IN2SCNDRY_IN_cdc_to_i_1/O
                         net (fo=1, unplaced)         0.016     3.253    i_dram_wrapper/i_dram/inst/u_ddr4_mem_intfc/u_ddr_cal_riu/mcs0/inst/rst_0/U0/EXT_LPF/ACTIVE_HIGH_EXT.ACT_HI_EXT/exr_d1
                         FDRE                                         r  i_dram_wrapper/i_dram/inst/u_ddr4_mem_intfc/u_ddr_cal_riu/mcs0/inst/rst_0/U0/EXT_LPF/ACTIVE_HIGH_EXT.ACT_HI_EXT/GENERATE_LEVEL_P_S_CDC.SINGLE_BIT.CROSS_PLEVEL_IN2SCNDRY_IN_cdc_to/D
  -------------------------------------------------------------------    -------------------

                         (clock mmcm_clkout6 rise edge)
                                                      0.000     0.000 r  
    E12                                               0.000     0.000 r  sys_clk_p (IN)
                         net (fo=0)                   0.000     0.000    i_bufds_sys_clk/I
    HPIOBDIFFINBUF_X1Y300
                         DIFFINBUF (Prop_DIFFINBUF_HPIOBDIFFINBUF_DIFF_IN_P_O)
                                                      0.446     0.446 r  i_bufds_sys_clk/DIFFINBUF_INST/O
                         net (fo=1, estimated)        0.050     0.496    i_bufds_sys_clk/OUT
    E12                  IBUFCTRL (Prop_IBUFCTRL_HPIOB_M_I_O)
                                                      0.000     0.496 r  i_bufds_sys_clk/IBUFCTRL_INST/O
                         net (fo=3, unplaced)         0.147     0.643    i_dram_wrapper/i_dram/inst/u_ddr4_mem_intfc/u_mig_ddr4_phy/inst/u_ddr4_phy_pll/sys_clk_i
                         BUFGCE (Prop_BUFGCE_I_O)     0.019     0.662 r  i_dram_wrapper/i_dram/inst/u_ddr4_mem_intfc/u_mig_ddr4_phy/inst/u_ddr4_phy_pll/gen_bufg_backbone.u__bufg_backbone/O
                         net (fo=1, unplaced)         1.259     1.921    i_dram_wrapper/i_dram/inst/u_ddr4_infrastructure/mmcm_clk_in
                         MMCME4_ADV (Prop_MMCME4_ADV_CLKIN1_CLKOUT6)
                                                     -0.295     1.626 r  i_dram_wrapper/i_dram/inst/u_ddr4_infrastructure/gen_mmcme4.u_mmcme_adv_inst/CLKOUT6
                         net (fo=1, unplaced)         0.143     1.769    i_dram_wrapper/i_dram/inst/u_ddr4_infrastructure/mmcm_clkout6
                         BUFGCE (Prop_BUFGCE_I_O)     0.019     1.788 r  i_dram_wrapper/i_dram/inst/u_ddr4_infrastructure/u_bufg_riuClk/O
                         net (fo=2409, unplaced)      1.259     3.047    i_dram_wrapper/i_dram/inst/u_ddr4_mem_intfc/u_ddr_cal_riu/mcs0/inst/rst_0/U0/EXT_LPF/ACTIVE_HIGH_EXT.ACT_HI_EXT/slowest_sync_clk
                         FDRE                                         r  i_dram_wrapper/i_dram/inst/u_ddr4_mem_intfc/u_ddr_cal_riu/mcs0/inst/rst_0/U0/EXT_LPF/ACTIVE_HIGH_EXT.ACT_HI_EXT/GENERATE_LEVEL_P_S_CDC.SINGLE_BIT.CROSS_PLEVEL_IN2SCNDRY_IN_cdc_to/C





--------------------------------------------------------------------------------------
Path Group:  (none)
From Clock:  sys_clk
  To Clock:  mmcm_clkout6

Max Delay             2 Endpoints
Min Delay             2 Endpoints
--------------------------------------------------------------------------------------


Max Delay Paths
--------------------------------------------------------------------------------------
Slack:                    inf
  Source:                 i_dram_wrapper/i_dram/inst/u_ddr4_infrastructure/rst_async_riu_div_reg/C
                            (rising edge-triggered cell FDRE clocked by sys_clk  {rise@0.000ns fall@2.000ns period=4.000ns})
  Destination:            i_dram_wrapper/i_dram/inst/u_ddr4_infrastructure/rst_riu_sync_r_reg[0]/D
                            (rising edge-triggered cell FDRE clocked by mmcm_clkout6  {rise@0.000ns fall@3.333ns period=6.667ns})
  Path Group:             (none)
  Path Type:              Setup (Max at Slow Process Corner)
  Data Path Delay:        0.276ns  (logic 0.077ns (27.899%)  route 0.199ns (72.101%))
  Logic Levels:           0  
  Clock Path Skew:        2.983ns (DCD - SCD + CPR)
    Destination Clock Delay (DCD):    6.595ns
    Source Clock Delay      (SCD):    3.613ns
    Clock Pessimism Removal (CPR):    0.000ns
  Clock Uncertainty:      0.129ns  ((TSJ^2 + DJ^2)^1/2) / 2 + PE
    Total System Jitter     (TSJ):    0.071ns
    Discrete Jitter          (DJ):    0.087ns
    Phase Error              (PE):    0.073ns
  Timing Exception:       False Path

    Location             Delay type                Incr(ns)  Path(ns)    Netlist Resource(s)
  -------------------------------------------------------------------    -------------------
                         (clock sys_clk rise edge)    0.000     0.000 r  
    E12                                               0.000     0.000 r  sys_clk_p (IN)
                         net (fo=0)                   0.000     0.000    i_bufds_sys_clk/I
    HPIOBDIFFINBUF_X1Y300
                         DIFFINBUF (Prop_DIFFINBUF_HPIOBDIFFINBUF_DIFF_IN_P_O)
                                                      0.675     0.675 r  i_bufds_sys_clk/DIFFINBUF_INST/O
                         net (fo=1, estimated)        0.050     0.725    i_bufds_sys_clk/OUT
    E12                  IBUFCTRL (Prop_IBUFCTRL_HPIOB_M_I_O)
                                                      0.000     0.725 r  i_bufds_sys_clk/IBUFCTRL_INST/O
                         net (fo=3, unplaced)         0.276     1.001    i_dram_wrapper/i_dram/inst/u_ddr4_infrastructure/sys_clk_in
                         BUFGCE (Prop_BUFGCE_I_O)     0.028     1.029 r  i_dram_wrapper/i_dram/inst/u_ddr4_infrastructure/u_bufg_inst/O
                         net (fo=17, unplaced)        2.584     3.613    i_dram_wrapper/i_dram/inst/u_ddr4_infrastructure/sys_clk_in_bufg
                         FDRE                                         r  i_dram_wrapper/i_dram/inst/u_ddr4_infrastructure/rst_async_riu_div_reg/C
  -------------------------------------------------------------------    -------------------
                         FDRE (Prop_FDRE_C_Q)         0.077     3.690 r  i_dram_wrapper/i_dram/inst/u_ddr4_infrastructure/rst_async_riu_div_reg/Q
                         net (fo=2, unplaced)         0.199     3.889    i_dram_wrapper/i_dram/inst/u_ddr4_infrastructure/rst_async_riu_div
                         FDRE                                         r  i_dram_wrapper/i_dram/inst/u_ddr4_infrastructure/rst_riu_sync_r_reg[0]/D
  -------------------------------------------------------------------    -------------------

                         (clock mmcm_clkout6 rise edge)
                                                      0.000     0.000 r  
    E12                                               0.000     0.000 r  sys_clk_p (IN)
                         net (fo=0)                   0.000     0.000    i_bufds_sys_clk/I
    HPIOBDIFFINBUF_X1Y300
                         DIFFINBUF (Prop_DIFFINBUF_HPIOBDIFFINBUF_DIFF_IN_P_O)
                                                      0.564     0.564 r  i_bufds_sys_clk/DIFFINBUF_INST/O
                         net (fo=1, estimated)        0.040     0.604    i_bufds_sys_clk/OUT
    E12                  IBUFCTRL (Prop_IBUFCTRL_HPIOB_M_I_O)
                                                      0.000     0.604 r  i_bufds_sys_clk/IBUFCTRL_INST/O
                         net (fo=3, unplaced)         0.247     0.851    i_dram_wrapper/i_dram/inst/u_ddr4_mem_intfc/u_mig_ddr4_phy/inst/u_ddr4_phy_pll/sys_clk_i
                         BUFGCE (Prop_BUFGCE_I_O)     0.024     0.875 r  i_dram_wrapper/i_dram/inst/u_ddr4_mem_intfc/u_mig_ddr4_phy/inst/u_ddr4_phy_pll/gen_bufg_backbone.u__bufg_backbone/O
                         net (fo=1, unplaced)         2.439     3.314    i_dram_wrapper/i_dram/inst/u_ddr4_infrastructure/mmcm_clk_in
                         MMCME4_ADV (Prop_MMCME4_ADV_CLKIN1_CLKOUT6)
                                                      0.630     3.944 r  i_dram_wrapper/i_dram/inst/u_ddr4_infrastructure/gen_mmcme4.u_mmcme_adv_inst/CLKOUT6
                         net (fo=1, unplaced)         0.188     4.132    i_dram_wrapper/i_dram/inst/u_ddr4_infrastructure/mmcm_clkout6
                         BUFGCE (Prop_BUFGCE_I_O)     0.024     4.156 r  i_dram_wrapper/i_dram/inst/u_ddr4_infrastructure/u_bufg_riuClk/O
                         net (fo=2409, unplaced)      2.439     6.595    i_dram_wrapper/i_dram/inst/u_ddr4_infrastructure/c0_riu_clk
                         FDRE                                         r  i_dram_wrapper/i_dram/inst/u_ddr4_infrastructure/rst_riu_sync_r_reg[0]/C





Min Delay Paths
--------------------------------------------------------------------------------------
Slack:                    inf
  Source:                 i_dram_wrapper/i_dram/inst/u_ddr4_infrastructure/rst_async_mb_reg/C
                            (rising edge-triggered cell FDRE clocked by sys_clk  {rise@0.000ns fall@2.000ns period=4.000ns})
  Destination:            i_dram_wrapper/i_dram/inst/u_ddr4_infrastructure/rst_mb_sync_r_reg[0]/D
                            (rising edge-triggered cell FDRE clocked by mmcm_clkout6  {rise@0.000ns fall@3.333ns period=6.667ns})
  Path Group:             (none)
  Path Type:              Hold (Min at Fast Process Corner)
  Data Path Delay:        0.134ns  (logic 0.038ns (28.358%)  route 0.096ns (71.642%))
  Logic Levels:           0  
  Clock Path Skew:        1.419ns (DCD - SCD - CPR)
    Destination Clock Delay (DCD):    3.047ns
    Source Clock Delay      (SCD):    1.627ns
    Clock Pessimism Removal (CPR):    -0.000ns
  Clock Uncertainty:      0.129ns  ((TSJ^2 + DJ^2)^1/2) / 2 + PE
    Total System Jitter     (TSJ):    0.071ns
    Discrete Jitter          (DJ):    0.087ns
    Phase Error              (PE):    0.073ns
  Timing Exception:       False Path

    Location             Delay type                Incr(ns)  Path(ns)    Netlist Resource(s)
  -------------------------------------------------------------------    -------------------
                         (clock sys_clk rise edge)    0.000     0.000 r  
    E12                                               0.000     0.000 r  sys_clk_p (IN)
                         net (fo=0)                   0.000     0.000    i_bufds_sys_clk/I
    HPIOBDIFFINBUF_X1Y300
                         DIFFINBUF (Prop_DIFFINBUF_HPIOBDIFFINBUF_DIFF_IN_P_O)
                                                      0.340     0.340 r  i_bufds_sys_clk/DIFFINBUF_INST/O
                         net (fo=1, estimated)        0.040     0.380    i_bufds_sys_clk/OUT
    E12                  IBUFCTRL (Prop_IBUFCTRL_HPIOB_M_I_O)
                                                      0.000     0.380 r  i_bufds_sys_clk/IBUFCTRL_INST/O
                         net (fo=3, unplaced)         0.116     0.496    i_dram_wrapper/i_dram/inst/u_ddr4_infrastructure/sys_clk_in
                         BUFGCE (Prop_BUFGCE_I_O)     0.017     0.513 r  i_dram_wrapper/i_dram/inst/u_ddr4_infrastructure/u_bufg_inst/O
                         net (fo=17, unplaced)        1.114     1.627    i_dram_wrapper/i_dram/inst/u_ddr4_infrastructure/sys_clk_in_bufg
                         FDRE                                         r  i_dram_wrapper/i_dram/inst/u_ddr4_infrastructure/rst_async_mb_reg/C
  -------------------------------------------------------------------    -------------------
                         FDRE (Prop_FDRE_C_Q)         0.038     1.665 r  i_dram_wrapper/i_dram/inst/u_ddr4_infrastructure/rst_async_mb_reg/Q
                         net (fo=1, unplaced)         0.096     1.761    i_dram_wrapper/i_dram/inst/u_ddr4_infrastructure/rst_async_mb
                         FDRE                                         r  i_dram_wrapper/i_dram/inst/u_ddr4_infrastructure/rst_mb_sync_r_reg[0]/D
  -------------------------------------------------------------------    -------------------

                         (clock mmcm_clkout6 rise edge)
                                                      0.000     0.000 r  
    E12                                               0.000     0.000 r  sys_clk_p (IN)
                         net (fo=0)                   0.000     0.000    i_bufds_sys_clk/I
    HPIOBDIFFINBUF_X1Y300
                         DIFFINBUF (Prop_DIFFINBUF_HPIOBDIFFINBUF_DIFF_IN_P_O)
                                                      0.446     0.446 r  i_bufds_sys_clk/DIFFINBUF_INST/O
                         net (fo=1, estimated)        0.050     0.496    i_bufds_sys_clk/OUT
    E12                  IBUFCTRL (Prop_IBUFCTRL_HPIOB_M_I_O)
                                                      0.000     0.496 r  i_bufds_sys_clk/IBUFCTRL_INST/O
                         net (fo=3, unplaced)         0.147     0.643    i_dram_wrapper/i_dram/inst/u_ddr4_mem_intfc/u_mig_ddr4_phy/inst/u_ddr4_phy_pll/sys_clk_i
                         BUFGCE (Prop_BUFGCE_I_O)     0.019     0.662 r  i_dram_wrapper/i_dram/inst/u_ddr4_mem_intfc/u_mig_ddr4_phy/inst/u_ddr4_phy_pll/gen_bufg_backbone.u__bufg_backbone/O
                         net (fo=1, unplaced)         1.259     1.921    i_dram_wrapper/i_dram/inst/u_ddr4_infrastructure/mmcm_clk_in
                         MMCME4_ADV (Prop_MMCME4_ADV_CLKIN1_CLKOUT6)
                                                     -0.295     1.626 r  i_dram_wrapper/i_dram/inst/u_ddr4_infrastructure/gen_mmcme4.u_mmcme_adv_inst/CLKOUT6
                         net (fo=1, unplaced)         0.143     1.769    i_dram_wrapper/i_dram/inst/u_ddr4_infrastructure/mmcm_clkout6
                         BUFGCE (Prop_BUFGCE_I_O)     0.019     1.788 r  i_dram_wrapper/i_dram/inst/u_ddr4_infrastructure/u_bufg_riuClk/O
                         net (fo=2409, unplaced)      1.259     3.047    i_dram_wrapper/i_dram/inst/u_ddr4_infrastructure/c0_riu_clk
                         FDRE                                         r  i_dram_wrapper/i_dram/inst/u_ddr4_infrastructure/rst_mb_sync_r_reg[0]/C





--------------------------------------------------------------------------------------
Path Group:  (none)
From Clock:  
  To Clock:  sys_clk

Max Delay             2 Endpoints
Min Delay             2 Endpoints
--------------------------------------------------------------------------------------


Max Delay Paths
--------------------------------------------------------------------------------------
Slack:                    inf
  Source:                 sys_reset
                            (input port)
  Destination:            i_dram_wrapper/i_dram/inst/u_ddr4_infrastructure/rst_input_async_reg[0]/PRE
                            (recovery check against rising-edge clock sys_clk  {rise@0.000ns fall@2.000ns period=4.000ns})
  Path Group:             (none)
  Path Type:              Recovery (Max at Slow Process Corner)
  Data Path Delay:        1.701ns  (logic 0.670ns (39.388%)  route 1.031ns (60.612%))
  Logic Levels:           3  (IBUFCTRL=1 INBUF=1 LUT3=1)
  Clock Path Skew:        3.314ns (DCD - SCD + CPR)
    Destination Clock Delay (DCD):    3.314ns
    Source Clock Delay      (SCD):    0.000ns
    Clock Pessimism Removal (CPR):    0.000ns
  Timing Exception:       False Path

    Location             Delay type                Incr(ns)  Path(ns)    Netlist Resource(s)
  -------------------------------------------------------------------    -------------------
    L19                                               0.000     0.000 f  sys_reset (IN)
                         net (fo=0)                   0.000     0.000    sys_reset_IBUF_inst/I
    L19                  INBUF (Prop_INBUF_HPIOB_SNGL_PAD_O)
                                                      0.580     0.580 f  sys_reset_IBUF_inst/INBUF_INST/O
                         net (fo=1, routed)           0.000     0.580    sys_reset_IBUF_inst/OUT
    L19                  IBUFCTRL (Prop_IBUFCTRL_HPIOB_SNGL_I_O)
                                                      0.000     0.580 f  sys_reset_IBUF_inst/IBUFCTRL_INST/O
                         net (fo=1, unplaced)         0.821     1.401    sys_reset_IBUF
                         LUT3 (Prop_LUT3_I0_O)        0.090     1.491 f  i_dram_wrapper_i_1/O
                         net (fo=4, unplaced)         0.210     1.701    i_dram_wrapper/i_dram/inst/u_ddr4_infrastructure/sys_rst
                         FDPE                                         f  i_dram_wrapper/i_dram/inst/u_ddr4_infrastructure/rst_input_async_reg[0]/PRE
  -------------------------------------------------------------------    -------------------

                         (clock sys_clk rise edge)    0.000     0.000 r  
    E12                                               0.000     0.000 r  sys_clk_p (IN)
                         net (fo=0)                   0.000     0.000    i_bufds_sys_clk/I
    HPIOBDIFFINBUF_X1Y300
                         DIFFINBUF (Prop_DIFFINBUF_HPIOBDIFFINBUF_DIFF_IN_P_O)
                                                      0.564     0.564 r  i_bufds_sys_clk/DIFFINBUF_INST/O
                         net (fo=1, estimated)        0.040     0.604    i_bufds_sys_clk/OUT
    E12                  IBUFCTRL (Prop_IBUFCTRL_HPIOB_M_I_O)
                                                      0.000     0.604 r  i_bufds_sys_clk/IBUFCTRL_INST/O
                         net (fo=3, unplaced)         0.247     0.851    i_dram_wrapper/i_dram/inst/u_ddr4_infrastructure/sys_clk_in
                         BUFGCE (Prop_BUFGCE_I_O)     0.024     0.875 r  i_dram_wrapper/i_dram/inst/u_ddr4_infrastructure/u_bufg_inst/O
                         net (fo=17, unplaced)        2.439     3.314    i_dram_wrapper/i_dram/inst/u_ddr4_infrastructure/sys_clk_in_bufg
                         FDPE                                         r  i_dram_wrapper/i_dram/inst/u_ddr4_infrastructure/rst_input_async_reg[0]/C





Min Delay Paths
--------------------------------------------------------------------------------------
Slack:                    inf
  Source:                 sys_reset
                            (input port)
  Destination:            i_dram_wrapper/i_dram/inst/u_ddr4_infrastructure/rst_input_async_reg[0]/PRE
                            (removal check against rising-edge clock sys_clk  {rise@0.000ns fall@2.000ns period=4.000ns})
  Path Group:             (none)
  Path Type:              Removal (Min at Fast Process Corner)
  Data Path Delay:        0.570ns  (logic 0.167ns (29.336%)  route 0.403ns (70.664%))
  Logic Levels:           3  (IBUFCTRL=1 INBUF=1 LUT3=1)
  Clock Path Skew:        1.921ns (DCD - SCD - CPR)
    Destination Clock Delay (DCD):    1.921ns
    Source Clock Delay      (SCD):    0.000ns
    Clock Pessimism Removal (CPR):    -0.000ns
  Timing Exception:       False Path

    Location             Delay type                Incr(ns)  Path(ns)    Netlist Resource(s)
  -------------------------------------------------------------------    -------------------
    L19                                               0.000     0.000 f  sys_reset (IN)
                         net (fo=0)                   0.000     0.000    sys_reset_IBUF_inst/I
    L19                  INBUF (Prop_INBUF_HPIOB_SNGL_PAD_O)
                                                      0.132     0.132 f  sys_reset_IBUF_inst/INBUF_INST/O
                         net (fo=1, routed)           0.000     0.132    sys_reset_IBUF_inst/OUT
    L19                  IBUFCTRL (Prop_IBUFCTRL_HPIOB_SNGL_I_O)
                                                      0.000     0.132 f  sys_reset_IBUF_inst/IBUFCTRL_INST/O
                         net (fo=1, unplaced)         0.310     0.442    sys_reset_IBUF
                         LUT3 (Prop_LUT3_I0_O)        0.035     0.477 f  i_dram_wrapper_i_1/O
                         net (fo=4, unplaced)         0.093     0.570    i_dram_wrapper/i_dram/inst/u_ddr4_infrastructure/sys_rst
                         FDPE                                         f  i_dram_wrapper/i_dram/inst/u_ddr4_infrastructure/rst_input_async_reg[0]/PRE
  -------------------------------------------------------------------    -------------------

                         (clock sys_clk rise edge)    0.000     0.000 r  
    E12                                               0.000     0.000 r  sys_clk_p (IN)
                         net (fo=0)                   0.000     0.000    i_bufds_sys_clk/I
    HPIOBDIFFINBUF_X1Y300
                         DIFFINBUF (Prop_DIFFINBUF_HPIOBDIFFINBUF_DIFF_IN_P_O)
                                                      0.446     0.446 r  i_bufds_sys_clk/DIFFINBUF_INST/O
                         net (fo=1, estimated)        0.050     0.496    i_bufds_sys_clk/OUT
    E12                  IBUFCTRL (Prop_IBUFCTRL_HPIOB_M_I_O)
                                                      0.000     0.496 r  i_bufds_sys_clk/IBUFCTRL_INST/O
                         net (fo=3, unplaced)         0.147     0.643    i_dram_wrapper/i_dram/inst/u_ddr4_infrastructure/sys_clk_in
                         BUFGCE (Prop_BUFGCE_I_O)     0.019     0.662 r  i_dram_wrapper/i_dram/inst/u_ddr4_infrastructure/u_bufg_inst/O
                         net (fo=17, unplaced)        1.259     1.921    i_dram_wrapper/i_dram/inst/u_ddr4_infrastructure/sys_clk_in_bufg
                         FDPE                                         r  i_dram_wrapper/i_dram/inst/u_ddr4_infrastructure/rst_input_async_reg[0]/C





--------------------------------------------------------------------------------------
Path Group:  (none)
From Clock:  clk_50_clkwiz
  To Clock:  sys_clk

Max Delay             2 Endpoints
Min Delay             2 Endpoints
--------------------------------------------------------------------------------------


Max Delay Paths
--------------------------------------------------------------------------------------
Slack:                    inf
  Source:                 i_vio/inst/PROBE_OUT_ALL_INST/G_PROBE_OUT[0].PROBE_OUT0_INST/Probe_out_reg[0]/C
                            (rising edge-triggered cell FDRE clocked by clk_50_clkwiz  {rise@0.000ns fall@10.000ns period=20.000ns})
  Destination:            i_dram_wrapper/i_dram/inst/u_ddr4_infrastructure/rst_input_async_reg[0]/PRE
                            (recovery check against rising-edge clock sys_clk  {rise@0.000ns fall@2.000ns period=4.000ns})
  Path Group:             (none)
  Path Type:              Recovery (Max at Slow Process Corner)
  Data Path Delay:        0.474ns  (logic 0.115ns (24.262%)  route 0.359ns (75.738%))
  Logic Levels:           1  (LUT3=1)
  Clock Path Skew:        -0.439ns (DCD - SCD + CPR)
    Destination Clock Delay (DCD):    3.314ns
    Source Clock Delay      (SCD):    3.754ns
    Clock Pessimism Removal (CPR):    0.000ns
  Clock Uncertainty:      0.238ns  ((TSJ^2 + DJ^2)^1/2) / 2 + PE
    Total System Jitter     (TSJ):    0.071ns
    Discrete Jitter          (DJ):    0.150ns
    Phase Error              (PE):    0.155ns
  Timing Exception:       False Path

    Location             Delay type                Incr(ns)  Path(ns)    Netlist Resource(s)
  -------------------------------------------------------------------    -------------------
                         (clock clk_50_clkwiz rise edge)
                                                      0.000     0.000 r  
    E12                                               0.000     0.000 r  sys_clk_p (IN)
                         net (fo=0)                   0.000     0.000    i_bufds_sys_clk/I
    HPIOBDIFFINBUF_X1Y300
                         DIFFINBUF (Prop_DIFFINBUF_HPIOBDIFFINBUF_DIFF_IN_P_O)
                                                      0.675     0.675 r  i_bufds_sys_clk/DIFFINBUF_INST/O
                         net (fo=1, estimated)        0.050     0.725    i_bufds_sys_clk/OUT
    E12                  IBUFCTRL (Prop_IBUFCTRL_HPIOB_M_I_O)
                                                      0.000     0.725 r  i_bufds_sys_clk/IBUFCTRL_INST/O
                         net (fo=3, unplaced)         0.346     1.071    i_clkwiz/inst/clk_in1
                         MMCME4_ADV (Prop_MMCME4_ADV_CLKIN1_CLKOUT0)
                                                     -0.127     0.944 r  i_clkwiz/inst/mmcme4_adv_inst/CLKOUT0
                         net (fo=1, unplaced)         0.198     1.142    i_clkwiz/inst/clk_50_clkwiz
                         BUFGCE (Prop_BUFGCE_I_O)     0.028     1.170 r  i_clkwiz/inst/clkout1_buf/O
                         net (fo=199447, unplaced)    2.584     3.754    i_vio/inst/PROBE_OUT_ALL_INST/G_PROBE_OUT[0].PROBE_OUT0_INST/clk
                         FDRE                                         r  i_vio/inst/PROBE_OUT_ALL_INST/G_PROBE_OUT[0].PROBE_OUT0_INST/Probe_out_reg[0]/C
  -------------------------------------------------------------------    -------------------
                         FDRE (Prop_FDRE_C_Q)         0.077     3.831 f  i_vio/inst/PROBE_OUT_ALL_INST/G_PROBE_OUT[0].PROBE_OUT0_INST/Probe_out_reg[0]/Q
                         net (fo=1, unplaced)         0.149     3.980    vio_reset
                         LUT3 (Prop_LUT3_I2_O)        0.038     4.018 f  i_dram_wrapper_i_1/O
                         net (fo=4, unplaced)         0.210     4.228    i_dram_wrapper/i_dram/inst/u_ddr4_infrastructure/sys_rst
                         FDPE                                         f  i_dram_wrapper/i_dram/inst/u_ddr4_infrastructure/rst_input_async_reg[0]/PRE
  -------------------------------------------------------------------    -------------------

                         (clock sys_clk rise edge)    0.000     0.000 r  
    E12                                               0.000     0.000 r  sys_clk_p (IN)
                         net (fo=0)                   0.000     0.000    i_bufds_sys_clk/I
    HPIOBDIFFINBUF_X1Y300
                         DIFFINBUF (Prop_DIFFINBUF_HPIOBDIFFINBUF_DIFF_IN_P_O)
                                                      0.564     0.564 r  i_bufds_sys_clk/DIFFINBUF_INST/O
                         net (fo=1, estimated)        0.040     0.604    i_bufds_sys_clk/OUT
    E12                  IBUFCTRL (Prop_IBUFCTRL_HPIOB_M_I_O)
                                                      0.000     0.604 r  i_bufds_sys_clk/IBUFCTRL_INST/O
                         net (fo=3, unplaced)         0.247     0.851    i_dram_wrapper/i_dram/inst/u_ddr4_infrastructure/sys_clk_in
                         BUFGCE (Prop_BUFGCE_I_O)     0.024     0.875 r  i_dram_wrapper/i_dram/inst/u_ddr4_infrastructure/u_bufg_inst/O
                         net (fo=17, unplaced)        2.439     3.314    i_dram_wrapper/i_dram/inst/u_ddr4_infrastructure/sys_clk_in_bufg
                         FDPE                                         r  i_dram_wrapper/i_dram/inst/u_ddr4_infrastructure/rst_input_async_reg[0]/C





Min Delay Paths
--------------------------------------------------------------------------------------
Slack:                    inf
  Source:                 i_vio/inst/PROBE_OUT_ALL_INST/G_PROBE_OUT[0].PROBE_OUT0_INST/Probe_out_reg[0]/C
                            (rising edge-triggered cell FDRE clocked by clk_50_clkwiz  {rise@0.000ns fall@10.000ns period=20.000ns})
  Destination:            i_dram_wrapper/i_dram/inst/u_ddr4_infrastructure/rst_input_async_reg[0]/PRE
                            (removal check against rising-edge clock sys_clk  {rise@0.000ns fall@2.000ns period=4.000ns})
  Path Group:             (none)
  Path Type:              Removal (Min at Fast Process Corner)
  Data Path Delay:        0.220ns  (logic 0.052ns (23.636%)  route 0.168ns (76.364%))
  Logic Levels:           1  (LUT3=1)
  Clock Path Skew:        -0.115ns (DCD - SCD - CPR)
    Destination Clock Delay (DCD):    1.921ns
    Source Clock Delay      (SCD):    2.035ns
    Clock Pessimism Removal (CPR):    -0.000ns
  Clock Uncertainty:      0.238ns  ((TSJ^2 + DJ^2)^1/2) / 2 + PE
    Total System Jitter     (TSJ):    0.071ns
    Discrete Jitter          (DJ):    0.150ns
    Phase Error              (PE):    0.155ns
  Timing Exception:       False Path

    Location             Delay type                Incr(ns)  Path(ns)    Netlist Resource(s)
  -------------------------------------------------------------------    -------------------
                         (clock clk_50_clkwiz rise edge)
                                                      0.000     0.000 r  
    E12                                               0.000     0.000 r  sys_clk_p (IN)
                         net (fo=0)                   0.000     0.000    i_bufds_sys_clk/I
    HPIOBDIFFINBUF_X1Y300
                         DIFFINBUF (Prop_DIFFINBUF_HPIOBDIFFINBUF_DIFF_IN_P_O)
                                                      0.340     0.340 r  i_bufds_sys_clk/DIFFINBUF_INST/O
                         net (fo=1, estimated)        0.040     0.380    i_bufds_sys_clk/OUT
    E12                  IBUFCTRL (Prop_IBUFCTRL_HPIOB_M_I_O)
                                                      0.000     0.380 r  i_bufds_sys_clk/IBUFCTRL_INST/O
                         net (fo=3, unplaced)         0.176     0.556    i_clkwiz/inst/clk_in1
                         MMCME4_ADV (Prop_MMCME4_ADV_CLKIN1_CLKOUT0)
                                                      0.230     0.786 r  i_clkwiz/inst/mmcme4_adv_inst/CLKOUT0
                         net (fo=1, unplaced)         0.118     0.904    i_clkwiz/inst/clk_50_clkwiz
                         BUFGCE (Prop_BUFGCE_I_O)     0.017     0.921 r  i_clkwiz/inst/clkout1_buf/O
                         net (fo=199447, unplaced)    1.114     2.035    i_vio/inst/PROBE_OUT_ALL_INST/G_PROBE_OUT[0].PROBE_OUT0_INST/clk
                         FDRE                                         r  i_vio/inst/PROBE_OUT_ALL_INST/G_PROBE_OUT[0].PROBE_OUT0_INST/Probe_out_reg[0]/C
  -------------------------------------------------------------------    -------------------
                         FDRE (Prop_FDRE_C_Q)         0.038     2.073 f  i_vio/inst/PROBE_OUT_ALL_INST/G_PROBE_OUT[0].PROBE_OUT0_INST/Probe_out_reg[0]/Q
                         net (fo=1, unplaced)         0.075     2.148    vio_reset
                         LUT3 (Prop_LUT3_I2_O)        0.014     2.162 f  i_dram_wrapper_i_1/O
                         net (fo=4, unplaced)         0.093     2.255    i_dram_wrapper/i_dram/inst/u_ddr4_infrastructure/sys_rst
                         FDPE                                         f  i_dram_wrapper/i_dram/inst/u_ddr4_infrastructure/rst_input_async_reg[0]/PRE
  -------------------------------------------------------------------    -------------------

                         (clock sys_clk rise edge)    0.000     0.000 r  
    E12                                               0.000     0.000 r  sys_clk_p (IN)
                         net (fo=0)                   0.000     0.000    i_bufds_sys_clk/I
    HPIOBDIFFINBUF_X1Y300
                         DIFFINBUF (Prop_DIFFINBUF_HPIOBDIFFINBUF_DIFF_IN_P_O)
                                                      0.446     0.446 r  i_bufds_sys_clk/DIFFINBUF_INST/O
                         net (fo=1, estimated)        0.050     0.496    i_bufds_sys_clk/OUT
    E12                  IBUFCTRL (Prop_IBUFCTRL_HPIOB_M_I_O)
                                                      0.000     0.496 r  i_bufds_sys_clk/IBUFCTRL_INST/O
                         net (fo=3, unplaced)         0.147     0.643    i_dram_wrapper/i_dram/inst/u_ddr4_infrastructure/sys_clk_in
                         BUFGCE (Prop_BUFGCE_I_O)     0.019     0.662 r  i_dram_wrapper/i_dram/inst/u_ddr4_infrastructure/u_bufg_inst/O
                         net (fo=17, unplaced)        1.259     1.921    i_dram_wrapper/i_dram/inst/u_ddr4_infrastructure/sys_clk_in_bufg
                         FDPE                                         r  i_dram_wrapper/i_dram/inst/u_ddr4_infrastructure/rst_input_async_reg[0]/C





--------------------------------------------------------------------------------------
Path Group:  (none)
From Clock:  
  To Clock:  

Max Delay           615 Endpoints
Min Delay           615 Endpoints
--------------------------------------------------------------------------------------


Max Delay Paths
--------------------------------------------------------------------------------------
Slack:                    inf
  Source:                 dbg_hub/sl_iport1_o[15]
                            (internal pin)
  Destination:            i_vio/inst/DECODER_INST/rd_en_reg[6]/R
  Path Group:             (none)
  Path Type:              Max at Slow Process Corner
  Data Path Delay:        1.088ns  (logic 0.264ns (24.265%)  route 0.824ns (75.735%))
  Logic Levels:           4  (LUT4=1 LUT5=1 LUT6=2)

    Location             Delay type                Incr(ns)  Path(ns)    Netlist Resource(s)
  -------------------------------------------------------------------    -------------------
                         dbg_hub_CV                   0.000     0.000 r  dbg_hub/sl_iport1_o[15]
                         net (fo=2, unplaced)         0.000     0.000    i_vio/inst/U_XSDB_SLAVE/sl_iport_i[15]
                         LUT6 (Prop_LUT6_I0_O)        0.150     0.150 r  i_vio/inst/U_XSDB_SLAVE/s_den_o_INST_0_i_1/O
                         net (fo=3, unplaced)         0.203     0.353    i_vio/inst/U_XSDB_SLAVE/s_den_o_INST_0_i_1_n_0
                         LUT5 (Prop_LUT5_I0_O)        0.038     0.391 f  i_vio/inst/U_XSDB_SLAVE/s_den_o_INST_0/O
                         net (fo=3, unplaced)         0.203     0.594    i_vio/inst/PROBE_OUT_ALL_INST/s_den_o
                         LUT6 (Prop_LUT6_I2_O)        0.038     0.632 f  i_vio/inst/PROBE_OUT_ALL_INST/Read_int_i_5/O
                         net (fo=3, unplaced)         0.203     0.835    i_vio/inst/DECODER_INST/rd_en_reg[6]_3
                         LUT4 (Prop_LUT4_I3_O)        0.038     0.873 r  i_vio/inst/DECODER_INST/wr_en[4]_i_1/O
                         net (fo=5, unplaced)         0.215     1.088    i_vio/inst/DECODER_INST/Read_int_i_5
                         FDRE                                         r  i_vio/inst/DECODER_INST/rd_en_reg[6]/R
  -------------------------------------------------------------------    -------------------





Min Delay Paths
--------------------------------------------------------------------------------------
Slack:                    inf
  Source:                 dbg_hub/sl_iport0_o[4]
                            (internal pin)
  Destination:            i_dram_wrapper/i_dram/inst/u_ddr4_mem_intfc/u_ddr_cal_top/u_ddr_cal/U_XSDB_SLAVE/G_1PIPE_IFACE.s_daddr_r_reg[0]/D
  Path Group:             (none)
  Path Type:              Min at Slow Process Corner
  Data Path Delay:        0.000ns  (logic 0.000ns (0.000%)  route 0.000ns (0.000%))
  Logic Levels:           0  

    Location             Delay type                Incr(ns)  Path(ns)    Netlist Resource(s)
  -------------------------------------------------------------------    -------------------
                         dbg_hub_CV                   0.000     0.000 r  dbg_hub/sl_iport0_o[4]
                         net (fo=43, unplaced)        0.000     0.000    i_dram_wrapper/i_dram/inst/u_ddr4_mem_intfc/u_ddr_cal_top/u_ddr_cal/U_XSDB_SLAVE/sl_iport_i[4]
                         FDRE                                         r  i_dram_wrapper/i_dram/inst/u_ddr4_mem_intfc/u_ddr_cal_top/u_ddr_cal/U_XSDB_SLAVE/G_1PIPE_IFACE.s_daddr_r_reg[0]/D
  -------------------------------------------------------------------    -------------------





--------------------------------------------------------------------------------------
Path Group:  (none)
From Clock:  mmcm_clkout0
  To Clock:  

Max Delay             1 Endpoint
Min Delay             1 Endpoint
--------------------------------------------------------------------------------------


Max Delay Paths
--------------------------------------------------------------------------------------
Slack:                    inf
  Source:                 i_dram_wrapper/i_dram/inst/u_ddr4_mem_intfc/u_ddr_cal_top/cal_RESET_n_reg[0]/C
                            (rising edge-triggered cell FDRE clocked by mmcm_clkout0  {rise@0.000ns fall@1.667ns period=3.333ns})
  Destination:            c0_ddr4_reset_n
                            (output port)
  Path Group:             (none)
  Path Type:              Max at Slow Process Corner
  Data Path Delay:        1.859ns  (logic 0.860ns (46.273%)  route 0.999ns (53.727%))
  Logic Levels:           1  (OBUF=1)
  Clock Uncertainty:      0.118ns  ((TSJ^2 + DJ^2)^1/2) / 2 + PE
    Total System Jitter     (TSJ):    0.050ns
    Discrete Jitter          (DJ):    0.076ns
    Phase Error              (PE):    0.073ns

    Location             Delay type                Incr(ns)  Path(ns)    Netlist Resource(s)
  -------------------------------------------------------------------    -------------------
                         (clock mmcm_clkout0 rise edge)
                                                      0.000     0.000 r  
    E12                                               0.000     0.000 r  sys_clk_p (IN)
                         net (fo=0)                   0.000     0.000    i_bufds_sys_clk/I
    HPIOBDIFFINBUF_X1Y300
                         DIFFINBUF (Prop_DIFFINBUF_HPIOBDIFFINBUF_DIFF_IN_P_O)
                                                      0.675     0.675 r  i_bufds_sys_clk/DIFFINBUF_INST/O
                         net (fo=1, estimated)        0.050     0.725    i_bufds_sys_clk/OUT
    E12                  IBUFCTRL (Prop_IBUFCTRL_HPIOB_M_I_O)
                                                      0.000     0.725 r  i_bufds_sys_clk/IBUFCTRL_INST/O
                         net (fo=3, unplaced)         0.276     1.001    i_dram_wrapper/i_dram/inst/u_ddr4_mem_intfc/u_mig_ddr4_phy/inst/u_ddr4_phy_pll/sys_clk_i
                         BUFGCE (Prop_BUFGCE_I_O)     0.028     1.029 r  i_dram_wrapper/i_dram/inst/u_ddr4_mem_intfc/u_mig_ddr4_phy/inst/u_ddr4_phy_pll/gen_bufg_backbone.u__bufg_backbone/O
                         net (fo=1, unplaced)         2.584     3.613    i_dram_wrapper/i_dram/inst/u_ddr4_infrastructure/mmcm_clk_in
                         MMCME4_ADV (Prop_MMCME4_ADV_CLKIN1_CLKOUT0)
                                                     -0.127     3.486 r  i_dram_wrapper/i_dram/inst/u_ddr4_infrastructure/gen_mmcme4.u_mmcme_adv_inst/CLKOUT0
                         net (fo=1, unplaced)         0.198     3.684    i_dram_wrapper/i_dram/inst/u_ddr4_infrastructure/mmcm_clkout0
                         BUFGCE (Prop_BUFGCE_I_O)     0.028     3.712 r  i_dram_wrapper/i_dram/inst/u_ddr4_infrastructure/u_bufg_divClk/O
                         net (fo=36635, unplaced)     4.444     8.155    i_dram_wrapper/i_dram/inst/u_ddr4_mem_intfc/u_ddr_cal_top/wosp_reg[2]_rep__7
                         FDRE                                         r  i_dram_wrapper/i_dram/inst/u_ddr4_mem_intfc/u_ddr_cal_top/cal_RESET_n_reg[0]/C
  -------------------------------------------------------------------    -------------------
                         FDRE (Prop_FDRE_C_Q)         0.077     8.232 r  i_dram_wrapper/i_dram/inst/u_ddr4_mem_intfc/u_ddr_cal_top/cal_RESET_n_reg[0]/Q
                         net (fo=1, unplaced)         0.999     9.231    i_dram_wrapper/i_dram/inst/u_ddr4_mem_intfc/u_mig_ddr4_phy/inst/cal_RESET_n[0]
    N20                  OBUF (Prop_OUTBUF_HPIOB_S_I_O)
                                                      0.783    10.015 r  i_dram_wrapper/i_dram/inst/u_ddr4_mem_intfc/u_mig_ddr4_phy/inst/OBUF_reset_n/O
                         net (fo=0)                   0.000    10.015    c0_ddr4_reset_n
    N20                                                               r  c0_ddr4_reset_n (OUT)
  -------------------------------------------------------------------    -------------------





Min Delay Paths
--------------------------------------------------------------------------------------
Slack:                    inf
  Source:                 i_dram_wrapper/i_dram/inst/u_ddr4_mem_intfc/u_ddr_cal_top/cal_RESET_n_reg[0]/C
                            (rising edge-triggered cell FDRE clocked by mmcm_clkout0  {rise@0.000ns fall@1.667ns period=3.333ns})
  Destination:            c0_ddr4_reset_n
                            (output port)
  Path Group:             (none)
  Path Type:              Min at Fast Process Corner
  Data Path Delay:        0.820ns  (logic 0.396ns (48.270%)  route 0.424ns (51.730%))
  Logic Levels:           1  (OBUF=1)
  Clock Uncertainty:      0.118ns  ((TSJ^2 + DJ^2)^1/2) / 2 + PE
    Total System Jitter     (TSJ):    0.050ns
    Discrete Jitter          (DJ):    0.076ns
    Phase Error              (PE):    0.073ns

    Location             Delay type                Incr(ns)  Path(ns)    Netlist Resource(s)
  -------------------------------------------------------------------    -------------------
                         (clock mmcm_clkout0 rise edge)
                                                      0.000     0.000 r  
    E12                                               0.000     0.000 r  sys_clk_p (IN)
                         net (fo=0)                   0.000     0.000    i_bufds_sys_clk/I
    HPIOBDIFFINBUF_X1Y300
                         DIFFINBUF (Prop_DIFFINBUF_HPIOBDIFFINBUF_DIFF_IN_P_O)
                                                      0.340     0.340 r  i_bufds_sys_clk/DIFFINBUF_INST/O
                         net (fo=1, estimated)        0.040     0.380    i_bufds_sys_clk/OUT
    E12                  IBUFCTRL (Prop_IBUFCTRL_HPIOB_M_I_O)
                                                      0.000     0.380 r  i_bufds_sys_clk/IBUFCTRL_INST/O
                         net (fo=3, unplaced)         0.116     0.496    i_dram_wrapper/i_dram/inst/u_ddr4_mem_intfc/u_mig_ddr4_phy/inst/u_ddr4_phy_pll/sys_clk_i
                         BUFGCE (Prop_BUFGCE_I_O)     0.017     0.513 r  i_dram_wrapper/i_dram/inst/u_ddr4_mem_intfc/u_mig_ddr4_phy/inst/u_ddr4_phy_pll/gen_bufg_backbone.u__bufg_backbone/O
                         net (fo=1, unplaced)         1.114     1.627    i_dram_wrapper/i_dram/inst/u_ddr4_infrastructure/mmcm_clk_in
                         MMCME4_ADV (Prop_MMCME4_ADV_CLKIN1_CLKOUT0)
                                                      0.230     1.857 r  i_dram_wrapper/i_dram/inst/u_ddr4_infrastructure/gen_mmcme4.u_mmcme_adv_inst/CLKOUT0
                         net (fo=1, unplaced)         0.118     1.975    i_dram_wrapper/i_dram/inst/u_ddr4_infrastructure/mmcm_clkout0
                         BUFGCE (Prop_BUFGCE_I_O)     0.017     1.992 r  i_dram_wrapper/i_dram/inst/u_ddr4_infrastructure/u_bufg_divClk/O
                         net (fo=36635, unplaced)     2.604     4.596    i_dram_wrapper/i_dram/inst/u_ddr4_mem_intfc/u_ddr_cal_top/wosp_reg[2]_rep__7
                         FDRE                                         r  i_dram_wrapper/i_dram/inst/u_ddr4_mem_intfc/u_ddr_cal_top/cal_RESET_n_reg[0]/C
  -------------------------------------------------------------------    -------------------
                         FDRE (Prop_FDRE_C_Q)         0.038     4.634 r  i_dram_wrapper/i_dram/inst/u_ddr4_mem_intfc/u_ddr_cal_top/cal_RESET_n_reg[0]/Q
                         net (fo=1, unplaced)         0.424     5.058    i_dram_wrapper/i_dram/inst/u_ddr4_mem_intfc/u_mig_ddr4_phy/inst/cal_RESET_n[0]
    N20                  OBUF (Prop_OUTBUF_HPIOB_S_I_O)
                                                      0.358     5.416 r  i_dram_wrapper/i_dram/inst/u_ddr4_mem_intfc/u_mig_ddr4_phy/inst/OBUF_reset_n/O
                         net (fo=0)                   0.000     5.416    c0_ddr4_reset_n
    N20                                                               r  c0_ddr4_reset_n (OUT)
  -------------------------------------------------------------------    -------------------





--------------------------------------------------------------------------------------
Path Group:  (none)
From Clock:  
  To Clock:  clk_50_clkwiz

Max Delay            29 Endpoints
Min Delay            29 Endpoints
--------------------------------------------------------------------------------------


Max Delay Paths
--------------------------------------------------------------------------------------
Slack:                    inf
  Source:                 i_startupe3/DATA_IN[1]
                            (internal pin)
  Destination:            i_cheshire_soc/gen_spi_host.i_spi_host/u_spi_core/u_shift_reg/sr_q_reg[1]/D
                            (rising edge-triggered cell FDCE clocked by clk_50_clkwiz  {rise@0.000ns fall@10.000ns period=20.000ns})
  Path Group:             (none)
  Path Type:              Setup (Max at Slow Process Corner)
  Data Path Delay:        3.816ns  (logic 3.325ns (87.133%)  route 0.491ns (12.867%))
  Logic Levels:           3  (LUT5=1 LUT6=1 STARTUPE3=1)
  Clock Uncertainty:      0.234ns  ((TSJ^2 + DJ^2)^1/2) / 2 + PE
    Total System Jitter     (TSJ):    0.050ns
    Discrete Jitter          (DJ):    0.150ns
    Phase Error              (PE):    0.155ns

    Location             Delay type                Incr(ns)  Path(ns)    Netlist Resource(s)
  -------------------------------------------------------------------    -------------------
                         STARTUPE3                    0.000     0.000 r  i_startupe3/DATA_IN[1]
                         STARTUPE3 (Prop_STARTUPE3_DATA_IN[1]_DI[1])
                                                      3.100     3.100 r  i_startupe3/DI[1]
                         net (fo=4, unplaced)         0.291     3.391    i_cheshire_soc/gen_spi_host.i_spi_host/u_spi_core/u_shift_reg/sd_i[1]
                         LUT6 (Prop_LUT6_I3_O)        0.125     3.516 f  i_cheshire_soc/gen_spi_host.i_spi_host/u_spi_core/u_shift_reg/rx_buf_q[1]_i_2/O
                         net (fo=2, unplaced)         0.152     3.668    i_cheshire_soc/gen_spi_host.i_spi_host/u_spi_core/u_shift_reg/rx_buf_q[1]_i_2_n_0
                         LUT5 (Prop_LUT5_I0_O)        0.100     3.768 r  i_cheshire_soc/gen_spi_host.i_spi_host/u_spi_core/u_shift_reg/sr_q[1]_i_1/O
                         net (fo=1, unplaced)         0.048     3.816    i_cheshire_soc/gen_spi_host.i_spi_host/u_spi_core/u_shift_reg/sr_d[1]
                         FDCE                                         r  i_cheshire_soc/gen_spi_host.i_spi_host/u_spi_core/u_shift_reg/sr_q_reg[1]/D
  -------------------------------------------------------------------    -------------------

                         (clock clk_50_clkwiz rise edge)
                                                      0.000     0.000 r  
    E12                                               0.000     0.000 r  sys_clk_p (IN)
                         net (fo=0)                   0.000     0.000    i_bufds_sys_clk/I
    HPIOBDIFFINBUF_X1Y300
                         DIFFINBUF (Prop_DIFFINBUF_HPIOBDIFFINBUF_DIFF_IN_P_O)
                                                      0.564     0.564 r  i_bufds_sys_clk/DIFFINBUF_INST/O
                         net (fo=1, estimated)        0.040     0.604    i_bufds_sys_clk/OUT
    E12                  IBUFCTRL (Prop_IBUFCTRL_HPIOB_M_I_O)
                                                      0.000     0.604 r  i_bufds_sys_clk/IBUFCTRL_INST/O
                         net (fo=3, unplaced)         0.312     0.916    i_clkwiz/inst/clk_in1
                         MMCME4_ADV (Prop_MMCME4_ADV_CLKIN1_CLKOUT0)
                                                      0.630     1.546 r  i_clkwiz/inst/mmcme4_adv_inst/CLKOUT0
                         net (fo=1, unplaced)         0.176     1.722    i_clkwiz/inst/clk_50_clkwiz
                         BUFGCE (Prop_BUFGCE_I_O)     0.024     1.746 r  i_clkwiz/inst/clkout1_buf/O
                         net (fo=199447, unplaced)    2.439     4.185    i_cheshire_soc/gen_spi_host.i_spi_host/u_spi_core/u_shift_reg/clk_i
                         FDCE                                         r  i_cheshire_soc/gen_spi_host.i_spi_host/u_spi_core/u_shift_reg/sr_q_reg[1]/C





Min Delay Paths
--------------------------------------------------------------------------------------
Slack:                    inf
  Source:                 i_cheshire_soc/gen_cva6_cores[0].gen_ara.i_ara/gen_lanes[0].i_lane/i_vfus/i_vmfpu/fpu_gen.i_fpnew_bulk/gen_operation_groups[1].i_opgroup_block/gen_merged_slice.i_multifmt_slice/gen_num_lanes[1].active_lane.lane_instance.gen_thmulti_c910_divsqrt.i_fpnew_divsqrt_th_64_c910/i_ct_vfdsu_top/x_ct_vfdsu_double/x_ct_vfdsu_srt/x_ct_vfdsu_srt_radix16_with_sqrt/srt_remainder_reg[7]_i_25/O[0]
                            (internal pin)
  Destination:            i_cheshire_soc/gen_cva6_cores[0].gen_ara.i_ara/gen_lanes[0].i_lane/i_vfus/i_vmfpu/fpu_gen.i_fpnew_bulk/gen_operation_groups[1].i_opgroup_block/gen_merged_slice.i_multifmt_slice/gen_num_lanes[1].active_lane.lane_instance.gen_thmulti_c910_divsqrt.i_fpnew_divsqrt_th_64_c910/i_ct_vfdsu_top/x_ct_vfdsu_double/x_ct_vfdsu_srt/x_ct_vfdsu_srt_radix16_with_sqrt/srt_remainder_reg[0]/D
                            (rising edge-triggered cell FDCE clocked by clk_50_clkwiz  {rise@0.000ns fall@10.000ns period=20.000ns})
  Path Group:             (none)
  Path Type:              Hold (Min at Fast Process Corner)
  Data Path Delay:        0.236ns  (logic 0.070ns (29.661%)  route 0.166ns (70.339%))
  Logic Levels:           2  (LUT6=2)
  Clock Uncertainty:      0.234ns  ((TSJ^2 + DJ^2)^1/2) / 2 + PE
    Total System Jitter     (TSJ):    0.050ns
    Discrete Jitter          (DJ):    0.150ns
    Phase Error              (PE):    0.155ns

    Location             Delay type                Incr(ns)  Path(ns)    Netlist Resource(s)
  -------------------------------------------------------------------    -------------------
                         CARRY8                       0.000     0.000 r  i_cheshire_soc/gen_cva6_cores[0].gen_ara.i_ara/gen_lanes[0].i_lane/i_vfus/i_vmfpu/fpu_gen.i_fpnew_bulk/gen_operation_groups[1].i_opgroup_block/gen_merged_slice.i_multifmt_slice/gen_num_lanes[1].active_lane.lane_instance.gen_thmulti_c910_divsqrt.i_fpnew_divsqrt_th_64_c910/i_ct_vfdsu_top/x_ct_vfdsu_double/x_ct_vfdsu_srt/x_ct_vfdsu_srt_radix16_with_sqrt/srt_remainder_reg[7]_i_25/O[0]
                         net (fo=1, unplaced)         0.075     0.075    i_cheshire_soc/gen_cva6_cores[0].gen_ara.i_ara/gen_lanes[0].i_lane/i_vfus/i_vmfpu/fpu_gen.i_fpnew_bulk/gen_operation_groups[1].i_opgroup_block/gen_merged_slice.i_multifmt_slice/gen_num_lanes[1].active_lane.lane_instance.gen_thmulti_c910_divsqrt.i_fpnew_divsqrt_th_64_c910/i_ct_vfdsu_top/x_ct_vfdsu_double/x_ct_vfdsu_srt/x_ct_vfdsu_srt_radix16_with_sqrt/data6[0]
                         LUT6 (Prop_LUT6_I4_O)        0.035     0.110 r  i_cheshire_soc/gen_cva6_cores[0].gen_ara.i_ara/gen_lanes[0].i_lane/i_vfus/i_vmfpu/fpu_gen.i_fpnew_bulk/gen_operation_groups[1].i_opgroup_block/gen_merged_slice.i_multifmt_slice/gen_num_lanes[1].active_lane.lane_instance.gen_thmulti_c910_divsqrt.i_fpnew_divsqrt_th_64_c910/i_ct_vfdsu_top/x_ct_vfdsu_double/x_ct_vfdsu_srt/x_ct_vfdsu_srt_radix16_with_sqrt/srt_remainder[0]_i_3/O
                         net (fo=1, unplaced)         0.075     0.185    i_cheshire_soc/gen_cva6_cores[0].gen_ara.i_ara/gen_lanes[0].i_lane/i_vfus/i_vmfpu/fpu_gen.i_fpnew_bulk/gen_operation_groups[1].i_opgroup_block/gen_merged_slice.i_multifmt_slice/gen_num_lanes[1].active_lane.lane_instance.gen_thmulti_c910_divsqrt.i_fpnew_divsqrt_th_64_c910/i_ct_vfdsu_top/x_ct_vfdsu_double/x_ct_vfdsu_srt/x_ct_vfdsu_srt_radix16_with_sqrt/srt_remainder[0]_i_3_n_0
                         LUT6 (Prop_LUT6_I3_O)        0.035     0.220 r  i_cheshire_soc/gen_cva6_cores[0].gen_ara.i_ara/gen_lanes[0].i_lane/i_vfus/i_vmfpu/fpu_gen.i_fpnew_bulk/gen_operation_groups[1].i_opgroup_block/gen_merged_slice.i_multifmt_slice/gen_num_lanes[1].active_lane.lane_instance.gen_thmulti_c910_divsqrt.i_fpnew_divsqrt_th_64_c910/i_ct_vfdsu_top/x_ct_vfdsu_double/x_ct_vfdsu_srt/x_ct_vfdsu_srt_radix16_with_sqrt/srt_remainder[0]_i_1/O
                         net (fo=1, unplaced)         0.016     0.236    i_cheshire_soc/gen_cva6_cores[0].gen_ara.i_ara/gen_lanes[0].i_lane/i_vfus/i_vmfpu/fpu_gen.i_fpnew_bulk/gen_operation_groups[1].i_opgroup_block/gen_merged_slice.i_multifmt_slice/gen_num_lanes[1].active_lane.lane_instance.gen_thmulti_c910_divsqrt.i_fpnew_divsqrt_th_64_c910/i_ct_vfdsu_top/x_ct_vfdsu_double/x_ct_vfdsu_srt/x_ct_vfdsu_srt_radix16_with_sqrt/srt_remainder[0]_i_1_n_0
                         FDCE                                         r  i_cheshire_soc/gen_cva6_cores[0].gen_ara.i_ara/gen_lanes[0].i_lane/i_vfus/i_vmfpu/fpu_gen.i_fpnew_bulk/gen_operation_groups[1].i_opgroup_block/gen_merged_slice.i_multifmt_slice/gen_num_lanes[1].active_lane.lane_instance.gen_thmulti_c910_divsqrt.i_fpnew_divsqrt_th_64_c910/i_ct_vfdsu_top/x_ct_vfdsu_double/x_ct_vfdsu_srt/x_ct_vfdsu_srt_radix16_with_sqrt/srt_remainder_reg[0]/D
  -------------------------------------------------------------------    -------------------

                         (clock clk_50_clkwiz rise edge)
                                                      0.000     0.000 r  
    E12                                               0.000     0.000 r  sys_clk_p (IN)
                         net (fo=0)                   0.000     0.000    i_bufds_sys_clk/I
    HPIOBDIFFINBUF_X1Y300
                         DIFFINBUF (Prop_DIFFINBUF_HPIOBDIFFINBUF_DIFF_IN_P_O)
                                                      0.446     0.446 r  i_bufds_sys_clk/DIFFINBUF_INST/O
                         net (fo=1, estimated)        0.050     0.496    i_bufds_sys_clk/OUT
    E12                  IBUFCTRL (Prop_IBUFCTRL_HPIOB_M_I_O)
                                                      0.000     0.496 r  i_bufds_sys_clk/IBUFCTRL_INST/O
                         net (fo=3, unplaced)         0.196     0.692    i_clkwiz/inst/clk_in1
                         MMCME4_ADV (Prop_MMCME4_ADV_CLKIN1_CLKOUT0)
                                                     -0.295     0.397 r  i_clkwiz/inst/mmcme4_adv_inst/CLKOUT0
                         net (fo=1, unplaced)         0.132     0.529    i_clkwiz/inst/clk_50_clkwiz
                         BUFGCE (Prop_BUFGCE_I_O)     0.019     0.548 r  i_clkwiz/inst/clkout1_buf/O
                         net (fo=199447, unplaced)    1.259     1.807    i_cheshire_soc/gen_cva6_cores[0].gen_ara.i_ara/gen_lanes[0].i_lane/i_vfus/i_vmfpu/fpu_gen.i_fpnew_bulk/gen_operation_groups[1].i_opgroup_block/gen_merged_slice.i_multifmt_slice/gen_num_lanes[1].active_lane.lane_instance.gen_thmulti_c910_divsqrt.i_fpnew_divsqrt_th_64_c910/i_ct_vfdsu_top/x_ct_vfdsu_double/x_ct_vfdsu_srt/x_ct_vfdsu_srt_radix16_with_sqrt/forever_cpuclk
                         FDCE                                         r  i_cheshire_soc/gen_cva6_cores[0].gen_ara.i_ara/gen_lanes[0].i_lane/i_vfus/i_vmfpu/fpu_gen.i_fpnew_bulk/gen_operation_groups[1].i_opgroup_block/gen_merged_slice.i_multifmt_slice/gen_num_lanes[1].active_lane.lane_instance.gen_thmulti_c910_divsqrt.i_fpnew_divsqrt_th_64_c910/i_ct_vfdsu_top/x_ct_vfdsu_double/x_ct_vfdsu_srt/x_ct_vfdsu_srt_radix16_with_sqrt/srt_remainder_reg[0]/C





--------------------------------------------------------------------------------------
Path Group:  (none)
From Clock:  
  To Clock:  sys_clk

Max Delay             2 Endpoints
Min Delay             2 Endpoints
--------------------------------------------------------------------------------------


Max Delay Paths
--------------------------------------------------------------------------------------
Slack:                    inf
  Source:                 i_dram_wrapper/i_dram/inst/u_ddr4_mem_intfc/u_mig_ddr4_phy/inst/u_ddr4_phy_pll/plle_loop[2].gen_plle4.PLLE4_BASE_INST_OTHER/LOCKED
                            (internal pin)
  Destination:            i_dram_wrapper/i_dram/inst/u_ddr4_infrastructure/rst_async_riu_div_reg/D
                            (rising edge-triggered cell FDRE clocked by sys_clk  {rise@0.000ns fall@2.000ns period=4.000ns})
  Path Group:             (none)
  Path Type:              Setup (Max at Slow Process Corner)
  Data Path Delay:        0.526ns  (logic 0.091ns (17.300%)  route 0.435ns (82.700%))
  Logic Levels:           2  (LUT3=2)
  Clock Uncertainty:      0.025ns  ((TSJ^2 + TIJ^2)^1/2 + DJ) / 2 + PE
    Total System Jitter     (TSJ):    0.050ns
    Total Input Jitter      (TIJ):    0.000ns
    Discrete Jitter          (DJ):    0.000ns
    Phase Error              (PE):    0.000ns

    Location             Delay type                Incr(ns)  Path(ns)    Netlist Resource(s)
  -------------------------------------------------------------------    -------------------
                         PLLE4_ADV                    0.000     0.000 f  i_dram_wrapper/i_dram/inst/u_ddr4_mem_intfc/u_mig_ddr4_phy/inst/u_ddr4_phy_pll/plle_loop[2].gen_plle4.PLLE4_BASE_INST_OTHER/LOCKED
                         net (fo=1, unplaced)         0.190     0.190    i_dram_wrapper/i_dram/inst/u_ddr4_mem_intfc/u_mig_ddr4_phy/inst/u_ddr4_phy_pll/pll_lock_i[2]
                         LUT3 (Prop_LUT3_I1_O)        0.053     0.243 f  i_dram_wrapper/i_dram/inst/u_ddr4_mem_intfc/u_mig_ddr4_phy/inst/u_ddr4_phy_pll/pll_lock__0/O
                         net (fo=1, unplaced)         0.197     0.440    i_dram_wrapper/i_dram/inst/u_ddr4_infrastructure/pll_lock
                         LUT3 (Prop_LUT3_I2_O)        0.038     0.478 r  i_dram_wrapper/i_dram/inst/u_ddr4_infrastructure/rst_async_riu_div_i_1/O
                         net (fo=1, unplaced)         0.048     0.526    i_dram_wrapper/i_dram/inst/u_ddr4_infrastructure/rst_async_riu_div_reg0
                         FDRE                                         r  i_dram_wrapper/i_dram/inst/u_ddr4_infrastructure/rst_async_riu_div_reg/D
  -------------------------------------------------------------------    -------------------

                         (clock sys_clk rise edge)    0.000     0.000 r  
    E12                                               0.000     0.000 r  sys_clk_p (IN)
                         net (fo=0)                   0.000     0.000    i_bufds_sys_clk/I
    HPIOBDIFFINBUF_X1Y300
                         DIFFINBUF (Prop_DIFFINBUF_HPIOBDIFFINBUF_DIFF_IN_P_O)
                                                      0.564     0.564 r  i_bufds_sys_clk/DIFFINBUF_INST/O
                         net (fo=1, estimated)        0.040     0.604    i_bufds_sys_clk/OUT
    E12                  IBUFCTRL (Prop_IBUFCTRL_HPIOB_M_I_O)
                                                      0.000     0.604 r  i_bufds_sys_clk/IBUFCTRL_INST/O
                         net (fo=3, unplaced)         0.247     0.851    i_dram_wrapper/i_dram/inst/u_ddr4_infrastructure/sys_clk_in
                         BUFGCE (Prop_BUFGCE_I_O)     0.024     0.875 r  i_dram_wrapper/i_dram/inst/u_ddr4_infrastructure/u_bufg_inst/O
                         net (fo=17, unplaced)        2.439     3.314    i_dram_wrapper/i_dram/inst/u_ddr4_infrastructure/sys_clk_in_bufg
                         FDRE                                         r  i_dram_wrapper/i_dram/inst/u_ddr4_infrastructure/rst_async_riu_div_reg/C





Min Delay Paths
--------------------------------------------------------------------------------------
Slack:                    inf
  Source:                 i_dram_wrapper/i_dram/inst/u_ddr4_infrastructure/gen_mmcme4.u_mmcme_adv_inst/LOCKED
                            (internal pin)
  Destination:            i_dram_wrapper/i_dram/inst/u_ddr4_infrastructure/rst_async_mb_reg/D
                            (rising edge-triggered cell FDRE clocked by sys_clk  {rise@0.000ns fall@2.000ns period=4.000ns})
  Path Group:             (none)
  Path Type:              Hold (Min at Fast Process Corner)
  Data Path Delay:        0.102ns  (logic 0.014ns (13.725%)  route 0.088ns (86.275%))
  Logic Levels:           1  (LUT2=1)
  Clock Uncertainty:      0.025ns  ((TSJ^2 + TIJ^2)^1/2 + DJ) / 2 + PE
    Total System Jitter     (TSJ):    0.050ns
    Total Input Jitter      (TIJ):    0.000ns
    Discrete Jitter          (DJ):    0.000ns
    Phase Error              (PE):    0.000ns

    Location             Delay type                Incr(ns)  Path(ns)    Netlist Resource(s)
  -------------------------------------------------------------------    -------------------
                         MMCME4_ADV                   0.000     0.000 f  i_dram_wrapper/i_dram/inst/u_ddr4_infrastructure/gen_mmcme4.u_mmcme_adv_inst/LOCKED
                         net (fo=3, unplaced)         0.072     0.072    i_dram_wrapper/i_dram/inst/u_ddr4_infrastructure/mmcm_lock
                         LUT2 (Prop_LUT2_I1_O)        0.014     0.086 r  i_dram_wrapper/i_dram/inst/u_ddr4_infrastructure/rst_async_mb_i_1/O
                         net (fo=1, unplaced)         0.016     0.102    i_dram_wrapper/i_dram/inst/u_ddr4_infrastructure/rst_async_mb_reg0
                         FDRE                                         r  i_dram_wrapper/i_dram/inst/u_ddr4_infrastructure/rst_async_mb_reg/D
  -------------------------------------------------------------------    -------------------

                         (clock sys_clk rise edge)    0.000     0.000 r  
    E12                                               0.000     0.000 r  sys_clk_p (IN)
                         net (fo=0)                   0.000     0.000    i_bufds_sys_clk/I
    HPIOBDIFFINBUF_X1Y300
                         DIFFINBUF (Prop_DIFFINBUF_HPIOBDIFFINBUF_DIFF_IN_P_O)
                                                      0.446     0.446 r  i_bufds_sys_clk/DIFFINBUF_INST/O
                         net (fo=1, estimated)        0.050     0.496    i_bufds_sys_clk/OUT
    E12                  IBUFCTRL (Prop_IBUFCTRL_HPIOB_M_I_O)
                                                      0.000     0.496 r  i_bufds_sys_clk/IBUFCTRL_INST/O
                         net (fo=3, unplaced)         0.147     0.643    i_dram_wrapper/i_dram/inst/u_ddr4_infrastructure/sys_clk_in
                         BUFGCE (Prop_BUFGCE_I_O)     0.019     0.662 r  i_dram_wrapper/i_dram/inst/u_ddr4_infrastructure/u_bufg_inst/O
                         net (fo=17, unplaced)        1.259     1.921    i_dram_wrapper/i_dram/inst/u_ddr4_infrastructure/sys_clk_in_bufg
                         FDRE                                         r  i_dram_wrapper/i_dram/inst/u_ddr4_infrastructure/rst_async_mb_reg/C





