Copyright 1986-2020 Xilinx, Inc. All Rights Reserved.
-----------------------------------------------------------------------------------------------------------------------------------------------------------------
| Tool Version      : Vivado v.2020.1 (win64) Build 2902540 Wed May 27 19:54:49 MDT 2020
| Date              : Fri Sep 18 04:19:43 2026
| Host              : DESKTOP-9T3TD2K running 64-bit major release  (build 9200)
| Command           : report_timing_summary -report_unconstrained -file D:/project/ara/hardware/fpga/ara_dsa_vcu118/reports/impl_24238553d176/timing_summary.rpt
| Design            : ara_dsa_vcu118
| Device            : xcvu9p-flga2104
| Speed File        : -2L  PRODUCTION 1.27 02-28-2020
| Temperature Grade : E
-----------------------------------------------------------------------------------------------------------------------------------------------------------------

Timing Summary Report

------------------------------------------------------------------------------------------------
| Timer Settings
| --------------
------------------------------------------------------------------------------------------------

  Enable Multi Corner Analysis               :  Yes
  Enable Pessimism Removal                   :  Yes
  Pessimism Removal Resolution               :  Nearest Common Node
  Enable Input Delay Default Clock           :  No
  Enable Preset / Clear Arcs                 :  No
  Disable Flight Delays                      :  No
  Ignore I/O Paths                           :  No
  Timing Early Launch at Borrowing Latches   :  No
  Borrow Time for Max Delay Exceptions       :  Yes
  Merge Timing Exceptions                    :  Yes

  Corner  Analyze    Analyze    
  Name    Max Paths  Min Paths  
  ------  ---------  ---------  
  Slow    Yes        Yes        
  Fast    Yes        Yes        



check_timing report

Table of Contents
-----------------
1. checking no_clock (0)
2. checking constant_clock (0)
3. checking pulse_width_clock (0)
4. checking unconstrained_internal_endpoints (0)
5. checking no_input_delay (1)
6. checking no_output_delay (0)
7. checking multiple_clock (0)
8. checking generated_clocks (0)
9. checking loops (0)
10. checking partial_input_delay (4)
11. checking partial_output_delay (0)
12. checking latch_loops (0)

1. checking no_clock (0)
------------------------
 There are 0 register/latch pins with no clock.


2. checking constant_clock (0)
------------------------------
 There are 0 register/latch pins with constant_clock.


3. checking pulse_width_clock (0)
---------------------------------
 There are 0 register/latch pins which need pulse_width check


4. checking unconstrained_internal_endpoints (0)
------------------------------------------------
 There are 0 pins that are not constrained for maximum delay.

 There are 0 pins that are not constrained for maximum delay due to constant clock.


5. checking no_input_delay (1)
------------------------------
 There are 0 input ports with no input delay specified.

 There is 1 input port with no input delay but user has a false path constraint. (MEDIUM)


6. checking no_output_delay (0)
-------------------------------
 There are 0 ports with no output delay specified.

 There are 0 ports with no output delay but user has a false path constraint

 There are 0 ports with no output delay but with a timing clock defined on it or propagating through it


7. checking multiple_clock (0)
------------------------------
 There are 0 register/latch pins with multiple clocks.


8. checking generated_clocks (0)
--------------------------------
 There are 0 generated clocks that are not connected to a clock source.


9. checking loops (0)
---------------------
 There are 0 combinational loops in the design.


10. checking partial_input_delay (4)
------------------------------------
 There are 4 input ports with partial input delay specified. (HIGH)


11. checking partial_output_delay (0)
-------------------------------------
 There are 0 ports with partial output delay specified.


12. checking latch_loops (0)
----------------------------
 There are 0 combinational latch loops in the design through latch input



------------------------------------------------------------------------------------------------
| Design Timing Summary
| ---------------------
------------------------------------------------------------------------------------------------

    WNS(ns)      TNS(ns)  TNS Failing Endpoints  TNS Total Endpoints      WHS(ns)      THS(ns)  THS Failing Endpoints  THS Total Endpoints     WPWS(ns)     TPWS(ns)  TPWS Failing Endpoints  TPWS Total Endpoints  
    -------      -------  ---------------------  -------------------      -------      -------  ---------------------  -------------------     --------     --------  ----------------------  --------------------  
      0.085        0.000                      0               675692        0.010        0.000                      0               674923        0.039        0.000                       0                237380  


All user specified timing constraints are met.


------------------------------------------------------------------------------------------------
| Clock Summary
| -------------
------------------------------------------------------------------------------------------------

Clock                                                                                                Waveform(ns)           Period(ns)      Frequency(MHz)
-----                                                                                                ------------           ----------      --------------
ara_async_pad                                                                                        {0.000 500.000}        1000.000        1.000           
dbg_hub/inst/BSCANID.u_xsdbm_id/SWITCH_N_EXT_BSCAN.bscan_inst/SERIES7_BSCAN.bscan_inst/INTERNAL_TCK  {0.000 25.000}         50.000          20.000          
sys_clk                                                                                              {0.000 2.000}          4.000           250.000         
  clk_50_clkwiz                                                                                      {0.000 10.000}         20.000          50.000          
  mmcm_clkout0                                                                                       {0.000 1.667}          3.333           300.000         
    pll_clk[0]                                                                                       {0.000 0.208}          0.417           2400.000        
      pll_clk[0]_DIV                                                                                 {0.000 1.667}          3.333           300.000         
    pll_clk[1]                                                                                       {0.000 0.208}          0.417           2400.000        
      pll_clk[1]_DIV                                                                                 {0.000 1.667}          3.333           300.000         
    pll_clk[2]                                                                                       {0.000 0.208}          0.417           2400.000        
      pll_clk[2]_DIV                                                                                 {0.000 1.667}          3.333           300.000         
  mmcm_clkout6                                                                                       {0.000 3.333}          6.667           150.000         


------------------------------------------------------------------------------------------------
| Intra Clock Table
| -----------------
------------------------------------------------------------------------------------------------

Clock                                                                                                    WNS(ns)      TNS(ns)  TNS Failing Endpoints  TNS Total Endpoints      WHS(ns)      THS(ns)  THS Failing Endpoints  THS Total Endpoints     WPWS(ns)     TPWS(ns)  TPWS Failing Endpoints  TPWS Total Endpoints  
-----                                                                                                    -------      -------  ---------------------  -------------------      -------      -------  ---------------------  -------------------     --------     --------  ----------------------  --------------------  
dbg_hub/inst/BSCANID.u_xsdbm_id/SWITCH_N_EXT_BSCAN.bscan_inst/SERIES7_BSCAN.bscan_inst/INTERNAL_TCK        8.963        0.000                      0                 1055        0.019        0.000                      0                 1055       24.468        0.000                       0                   495  
sys_clk                                                                                                    2.870        0.000                      0                   23        0.046        0.000                      0                   23        1.550        0.000                       0                    20  
  clk_50_clkwiz                                                                                            1.426        0.000                      0               397687        0.010        0.000                      0               397687        9.300        0.000                       0                198108  
  mmcm_clkout0                                                                                             0.102        0.000                      0                75265        0.012        0.000                      0                75265        0.905        0.000                       0                 36895  
    pll_clk[0]                                                                                                                                                                                                                                         0.039        0.000                       0                     9  
      pll_clk[0]_DIV                                                                                                                                                                                                                                   0.467        0.000                       0                    35  
    pll_clk[1]                                                                                                                                                                                                                                         0.039        0.000                       0                     7  
      pll_clk[1]_DIV                                                                                                                                                                                                                                   0.467        0.000                       0                    30  
    pll_clk[2]                                                                                                                                                                                                                                         0.039        0.000                       0                     9  
      pll_clk[2]_DIV                                                                                                                                                                                                                                   0.467        0.000                       0                    40  
  mmcm_clkout6                                                                                             1.737        0.000                      0                 5645        0.017        0.000                      0                 5161        1.099        0.000                       0                  1732  


------------------------------------------------------------------------------------------------
| Inter Clock Table
| -----------------
------------------------------------------------------------------------------------------------

From Clock                                                                                           To Clock                                                                                                 WNS(ns)      TNS(ns)  TNS Failing Endpoints  TNS Total Endpoints      WHS(ns)      THS(ns)  THS Failing Endpoints  THS Total Endpoints  
----------                                                                                           --------                                                                                                 -------      -------  ---------------------  -------------------      -------      -------  ---------------------  -------------------  
clk_50_clkwiz                                                                                        dbg_hub/inst/BSCANID.u_xsdbm_id/SWITCH_N_EXT_BSCAN.bscan_inst/SERIES7_BSCAN.bscan_inst/INTERNAL_TCK       19.652        0.000                      0                    8                                                                        
ara_async_pad                                                                                        clk_50_clkwiz                                                                                             15.419        0.000                      0                    4                                                                        
dbg_hub/inst/BSCANID.u_xsdbm_id/SWITCH_N_EXT_BSCAN.bscan_inst/SERIES7_BSCAN.bscan_inst/INTERNAL_TCK  clk_50_clkwiz                                                                                             49.330        0.000                      0                    8                                                                        
mmcm_clkout0                                                                                         clk_50_clkwiz                                                                                              0.761        0.000                      0                  563                                                                        
clk_50_clkwiz                                                                                        mmcm_clkout0                                                                                               0.604        0.000                      0                  712                                                                        
mmcm_clkout6                                                                                         mmcm_clkout0                                                                                               2.195        0.000                      0                  129                                                                        
mmcm_clkout0                                                                                         pll_clk[0]_DIV                                                                                             0.509        0.000                      0                  304        0.711        0.000                      0                  304  
mmcm_clkout0                                                                                         pll_clk[1]_DIV                                                                                             0.647        0.000                      0                  264        0.742        0.000                      0                  264  
mmcm_clkout0                                                                                         pll_clk[2]_DIV                                                                                             0.459        0.000                      0                  352        0.719        0.000                      0                  352  
mmcm_clkout0                                                                                         mmcm_clkout6                                                                                               1.760        0.000                      0                   36        0.155        0.000                      0                    1  


------------------------------------------------------------------------------------------------
| Other Path Groups Table
| -----------------------
------------------------------------------------------------------------------------------------

Path Group                                                                                           From Clock                                                                                           To Clock                                                                                                 WNS(ns)      TNS(ns)  TNS Failing Endpoints  TNS Total Endpoints      WHS(ns)      THS(ns)  THS Failing Endpoints  THS Total Endpoints  
----------                                                                                           ----------                                                                                           --------                                                                                                 -------      -------  ---------------------  -------------------      -------      -------  ---------------------  -------------------  
**async_default**                                                                                    clk_50_clkwiz                                                                                        clk_50_clkwiz                                                                                             11.013        0.000                      0               175962        0.112        0.000                      0               175962  
**async_default**                                                                                    dbg_hub/inst/BSCANID.u_xsdbm_id/SWITCH_N_EXT_BSCAN.bscan_inst/SERIES7_BSCAN.bscan_inst/INTERNAL_TCK  dbg_hub/inst/BSCANID.u_xsdbm_id/SWITCH_N_EXT_BSCAN.bscan_inst/SERIES7_BSCAN.bscan_inst/INTERNAL_TCK       46.511        0.000                      0                  100        0.106        0.000                      0                  100  
**async_default**                                                                                    mmcm_clkout0                                                                                         mmcm_clkout0                                                                                               0.085        0.000                      0                18749        0.190        0.000                      0                18749  
**default**                                                                                          clk_50_clkwiz                                                                                                                                                                                                  15.105        0.000                      0                    2                                                                        
**default**                                                                                          mmcm_clkout0                                                                                                                                                                                                    0.835        0.000                      0                    1                                                                        


------------------------------------------------------------------------------------------------
| User Ignored Path Table
| -----------------------
------------------------------------------------------------------------------------------------

Path Group                                                                                           From Clock                                                                                           To Clock                                                                                           
----------                                                                                           ----------                                                                                           --------                                                                                           
(none)                                                                                               clk_50_clkwiz                                                                                                                                                                                             
(none)                                                                                               mmcm_clkout0                                                                                                                                                                                              
(none)                                                                                                                                                                                                    clk_50_clkwiz                                                                                        
(none)                                                                                               ara_async_pad                                                                                        clk_50_clkwiz                                                                                        
(none)                                                                                               clk_50_clkwiz                                                                                        clk_50_clkwiz                                                                                        
(none)                                                                                               dbg_hub/inst/BSCANID.u_xsdbm_id/SWITCH_N_EXT_BSCAN.bscan_inst/SERIES7_BSCAN.bscan_inst/INTERNAL_TCK  clk_50_clkwiz                                                                                        
(none)                                                                                               mmcm_clkout0                                                                                         clk_50_clkwiz                                                                                        
(none)                                                                                               clk_50_clkwiz                                                                                        dbg_hub/inst/BSCANID.u_xsdbm_id/SWITCH_N_EXT_BSCAN.bscan_inst/SERIES7_BSCAN.bscan_inst/INTERNAL_TCK  
(none)                                                                                               clk_50_clkwiz                                                                                        mmcm_clkout0                                                                                         
(none)                                                                                               mmcm_clkout0                                                                                         mmcm_clkout0                                                                                         
(none)                                                                                               mmcm_clkout6                                                                                         mmcm_clkout0                                                                                         
(none)                                                                                               sys_clk                                                                                              mmcm_clkout0                                                                                         
(none)                                                                                               mmcm_clkout0                                                                                         mmcm_clkout6                                                                                         
(none)                                                                                               mmcm_clkout6                                                                                         mmcm_clkout6                                                                                         
(none)                                                                                               sys_clk                                                                                              mmcm_clkout6                                                                                         
(none)                                                                                               clk_50_clkwiz                                                                                        sys_clk                                                                                              


------------------------------------------------------------------------------------------------
| Unconstrained Path Table
| ------------------------
------------------------------------------------------------------------------------------------

Path Group                                                                                           From Clock                                                                                           To Clock                                                                                           
----------                                                                                           ----------                                                                                           --------                                                                                           
(none)                                                                                                                                                                                                    clk_50_clkwiz                                                                                        
(none)                                                                                                                                                                                                    dbg_hub/inst/BSCANID.u_xsdbm_id/SWITCH_N_EXT_BSCAN.bscan_inst/SERIES7_BSCAN.bscan_inst/INTERNAL_TCK  
(none)                                                                                                                                                                                                    sys_clk                                                                                              


------------------------------------------------------------------------------------------------
| Timing Details
| --------------
------------------------------------------------------------------------------------------------


---------------------------------------------------------------------------------------------------
From Clock:  dbg_hub/inst/BSCANID.u_xsdbm_id/SWITCH_N_EXT_BSCAN.bscan_inst/SERIES7_BSCAN.bscan_inst/INTERNAL_TCK
  To Clock:  dbg_hub/inst/BSCANID.u_xsdbm_id/SWITCH_N_EXT_BSCAN.bscan_inst/SERIES7_BSCAN.bscan_inst/INTERNAL_TCK

Setup :            0  Failing Endpoints,  Worst Slack        8.963ns,  Total Violation        0.000ns
Hold  :            0  Failing Endpoints,  Worst Slack        0.019ns,  Total Violation        0.000ns
PW    :            0  Failing Endpoints,  Worst Slack       24.468ns,  Total Violation        0.000ns
---------------------------------------------------------------------------------------------------


Max Delay Paths
--------------------------------------------------------------------------------------
Slack (MET) :             8.963ns  (required time - arrival time)
  Source:                 dbg_hub/inst/BSCANID.u_xsdbm_id/CORE_XSDB.U_ICON/iTDO_reg/C
                            (rising edge-triggered cell FDRE clocked by dbg_hub/inst/BSCANID.u_xsdbm_id/SWITCH_N_EXT_BSCAN.bscan_inst/SERIES7_BSCAN.bscan_inst/INTERNAL_TCK  {rise@0.000ns fall@25.000ns period=50.000ns})
  Destination:            dbg_hub/inst/BSCANID.u_xsdbm_id/SWITCH_N_EXT_BSCAN.bscan_inst/SERIES7_BSCAN.bscan_inst/TDO
                            (falling edge-triggered cell BSCANE2 clocked by dbg_hub/inst/BSCANID.u_xsdbm_id/SWITCH_N_EXT_BSCAN.bscan_inst/SERIES7_BSCAN.bscan_inst/INTERNAL_TCK  {rise@0.000ns fall@25.000ns period=50.000ns})
  Path Group:             dbg_hub/inst/BSCANID.u_xsdbm_id/SWITCH_N_EXT_BSCAN.bscan_inst/SERIES7_BSCAN.bscan_inst/INTERNAL_TCK
  Path Type:              Setup (Max at Slow Process Corner)
  Requirement:            25.000ns  (dbg_hub/inst/BSCANID.u_xsdbm_id/SWITCH_N_EXT_BSCAN.bscan_inst/SERIES7_BSCAN.bscan_inst/INTERNAL_TCK fall@25.000ns - dbg_hub/inst/BSCANID.u_xsdbm_id/SWITCH_N_EXT_BSCAN.bscan_inst/SERIES7_BSCAN.bscan_inst/INTERNAL_TCK rise@0.000ns)
  Data Path Delay:        5.077ns  (logic 0.202ns (3.979%)  route 4.875ns (96.021%))
  Logic Levels:           2  (LUT3=1 LUT6=1)
  Clock Path Skew:        -10.725ns (DCD - SCD + CPR)
    Destination Clock Delay (DCD):    0.000ns = ( 25.000 - 25.000 ) 
    Source Clock Delay      (SCD):    10.725ns
    Clock Pessimism Removal (CPR):    0.000ns
  Clock Uncertainty:      0.235ns  ((TSJ^2 + TIJ^2)^1/2 + DJ) / 2 + PE + DCD
    Total System Jitter     (TSJ):    0.071ns
    Total Input Jitter      (TIJ):    0.000ns
    Discrete Jitter          (DJ):    0.000ns
    Phase Error              (PE):    0.000ns
    Duty Cycle Distortion   (DCD):    0.200ns
  Clock Net Delay (Source):      2.223ns (routing 0.916ns, distribution 1.307ns)

    Location             Delay type                Incr(ns)  Path(ns)    Netlist Resource(s)
  -------------------------------------------------------------------    -------------------
                         (clock dbg_hub/inst/BSCANID.u_xsdbm_id/SWITCH_N_EXT_BSCAN.bscan_inst/SERIES7_BSCAN.bscan_inst/INTERNAL_TCK rise edge)
                                                      0.000     0.000 r  
    CONFIG_SITE_X0Y1     BSCANE2                      0.000     0.000 r  dbg_hub/inst/BSCANID.u_xsdbm_id/SWITCH_N_EXT_BSCAN.bscan_inst/SERIES7_BSCAN.bscan_inst/INTERNAL_TCK
    CONFIG_SITE_X0Y1     BSCANE2 (Prop_BSCAN1_CONFIG_SITE_INTERNAL_TCK_TCK)
                                                      4.300     4.300 r  dbg_hub/inst/BSCANID.u_xsdbm_id/SWITCH_N_EXT_BSCAN.bscan_inst/SERIES7_BSCAN.bscan_inst/TCK
                         net (fo=1, routed)           4.174     8.474    dbg_hub/inst/BSCANID.u_xsdbm_id/tck_bs
    SLR Crossing[1->2]   
    BUFGCE_X1Y288        BUFGCE (Prop_BUFCE_BUFGCE_I_O)
                                                      0.028     8.502 r  dbg_hub/inst/BSCANID.u_xsdbm_id/SWITCH_N_EXT_BSCAN.u_bufg_icon_tck/O
    X4Y10 (CLOCK_ROOT)   net (fo=494, routed)         2.223    10.725    dbg_hub/inst/BSCANID.u_xsdbm_id/CORE_XSDB.U_ICON/m_bscan_tck[0]
    SLICE_X137Y766       FDRE                                         r  dbg_hub/inst/BSCANID.u_xsdbm_id/CORE_XSDB.U_ICON/iTDO_reg/C
  -------------------------------------------------------------------    -------------------
    SLICE_X137Y766       FDRE (Prop_CFF2_SLICEM_C_Q)
                                                      0.077    10.802 r  dbg_hub/inst/BSCANID.u_xsdbm_id/CORE_XSDB.U_ICON/iTDO_reg/Q
                         net (fo=1, routed)           1.560    12.362    dbg_hub/inst/BSCANID.u_xsdbm_id/TDO
    SLICE_X145Y603       LUT3 (Prop_H6LUT_SLICEL_I2_O)
                                                      0.090    12.452 r  dbg_hub/inst/BSCANID.u_xsdbm_id/SWITCH_N_EXT_BSCAN.bscan_switch_i_1/O
                         net (fo=2, routed)           1.657    14.109    dbg_hub/inst/BSCANID.u_xsdbm_id/SWITCH_N_EXT_BSCAN.bscan_switch/m_bscan_tdo[0]
    SLR Crossing[2->1]   
    SLICE_X160Y541       LUT6 (Prop_G6LUT_SLICEL_I5_O)
                                                      0.035    14.144 r  dbg_hub/inst/BSCANID.u_xsdbm_id/SWITCH_N_EXT_BSCAN.bscan_switch/s_bscan_tdo_INST_0/O
                         net (fo=1, routed)           1.658    15.802    dbg_hub/inst/BSCANID.u_xsdbm_id/SWITCH_N_EXT_BSCAN.bscan_inst/s_bscan_tdo
    CONFIG_SITE_X0Y1     BSCANE2                                      r  dbg_hub/inst/BSCANID.u_xsdbm_id/SWITCH_N_EXT_BSCAN.bscan_inst/SERIES7_BSCAN.bscan_inst/TDO
  -------------------------------------------------------------------    -------------------

                         (clock dbg_hub/inst/BSCANID.u_xsdbm_id/SWITCH_N_EXT_BSCAN.bscan_inst/SERIES7_BSCAN.bscan_inst/INTERNAL_TCK fall edge)
                                                     25.000    25.000 f  
    CONFIG_SITE_X0Y1     BSCANE2                      0.000    25.000 f  dbg_hub/inst/BSCANID.u_xsdbm_id/SWITCH_N_EXT_BSCAN.bscan_inst/SERIES7_BSCAN.bscan_inst/INTERNAL_TCK
                         clock pessimism              0.000    25.000    
                         clock uncertainty           -0.235    24.765    
    CONFIG_SITE_X0Y1     BSCANE2 (Setup_BSCAN1_CONFIG_SITE_INTERNAL_TCK_TDO)
                                                      0.000    24.765    dbg_hub/inst/BSCANID.u_xsdbm_id/SWITCH_N_EXT_BSCAN.bscan_inst/SERIES7_BSCAN.bscan_inst
  -------------------------------------------------------------------
                         required time                         24.765    
                         arrival time                         -15.802    
  -------------------------------------------------------------------
                         slack                                  8.963    





Min Delay Paths
--------------------------------------------------------------------------------------
Slack (MET) :             0.019ns  (arrival time - required time)
  Source:                 dbg_hub/inst/BSCANID.u_xsdbm_id/CORE_XSDB.UUT_MASTER/U_ICON_INTERFACE/U_CMD6_RD/U_RD_FIFO/SUBCORE_FIFO.xsdbm_v3_0_0_rdfifo_inst/inst_fifo_gen/gconvfifo.rf/grf.rf/gntv_or_sync_fifo.mem/gdm.dm_gen.dm/gpr1.dout_i_reg[1]/C
                            (rising edge-triggered cell FDRE clocked by dbg_hub/inst/BSCANID.u_xsdbm_id/SWITCH_N_EXT_BSCAN.bscan_inst/SERIES7_BSCAN.bscan_inst/INTERNAL_TCK  {rise@0.000ns fall@25.000ns period=50.000ns})
  Destination:            dbg_hub/inst/BSCANID.u_xsdbm_id/CORE_XSDB.UUT_MASTER/U_ICON_INTERFACE/U_CMD6_RD/U_RD_FIFO/SUBCORE_FIFO.xsdbm_v3_0_0_rdfifo_inst/inst_fifo_gen/gconvfifo.rf/grf.rf/gntv_or_sync_fifo.mem/goreg_dm.dout_i_reg[1]/D
                            (rising edge-triggered cell FDRE clocked by dbg_hub/inst/BSCANID.u_xsdbm_id/SWITCH_N_EXT_BSCAN.bscan_inst/SERIES7_BSCAN.bscan_inst/INTERNAL_TCK  {rise@0.000ns fall@25.000ns period=50.000ns})
  Path Group:             dbg_hub/inst/BSCANID.u_xsdbm_id/SWITCH_N_EXT_BSCAN.bscan_inst/SERIES7_BSCAN.bscan_inst/INTERNAL_TCK
  Path Type:              Hold (Min at Fast Process Corner)
  Requirement:            0.000ns  (dbg_hub/inst/BSCANID.u_xsdbm_id/SWITCH_N_EXT_BSCAN.bscan_inst/SERIES7_BSCAN.bscan_inst/INTERNAL_TCK rise@0.000ns - dbg_hub/inst/BSCANID.u_xsdbm_id/SWITCH_N_EXT_BSCAN.bscan_inst/SERIES7_BSCAN.bscan_inst/INTERNAL_TCK rise@0.000ns)
  Data Path Delay:        0.072ns  (logic 0.039ns (54.167%)  route 0.033ns (45.834%))
  Logic Levels:           0  
  Clock Path Skew:        0.006ns (DCD - SCD - CPR)
    Destination Clock Delay (DCD):    8.563ns
    Source Clock Delay      (SCD):    3.710ns
    Clock Pessimism Removal (CPR):    4.847ns
  Clock Net Delay (Source):      1.225ns (routing 0.508ns, distribution 0.717ns)
  Clock Net Delay (Destination): 1.386ns (routing 0.569ns, distribution 0.817ns)

    Location             Delay type                Incr(ns)  Path(ns)    Netlist Resource(s)
  -------------------------------------------------------------------    -------------------
                         (clock dbg_hub/inst/BSCANID.u_xsdbm_id/SWITCH_N_EXT_BSCAN.bscan_inst/SERIES7_BSCAN.bscan_inst/INTERNAL_TCK rise edge)
                                                      0.000     0.000 r  
    CONFIG_SITE_X0Y1     BSCANE2                      0.000     0.000 r  dbg_hub/inst/BSCANID.u_xsdbm_id/SWITCH_N_EXT_BSCAN.bscan_inst/SERIES7_BSCAN.bscan_inst/INTERNAL_TCK
    CONFIG_SITE_X0Y1     BSCANE2 (Prop_BSCAN1_CONFIG_SITE_INTERNAL_TCK_TCK)
                                                      0.465     0.465 r  dbg_hub/inst/BSCANID.u_xsdbm_id/SWITCH_N_EXT_BSCAN.bscan_inst/SERIES7_BSCAN.bscan_inst/TCK
                         net (fo=1, routed)           2.003     2.468    dbg_hub/inst/BSCANID.u_xsdbm_id/tck_bs
    SLR Crossing[1->2]   
    BUFGCE_X1Y288        BUFGCE (Prop_BUFCE_BUFGCE_I_O)
                                                      0.017     2.485 r  dbg_hub/inst/BSCANID.u_xsdbm_id/SWITCH_N_EXT_BSCAN.u_bufg_icon_tck/O
    X4Y10 (CLOCK_ROOT)   net (fo=494, routed)         1.225     3.710    dbg_hub/inst/BSCANID.u_xsdbm_id/CORE_XSDB.UUT_MASTER/U_ICON_INTERFACE/U_CMD6_RD/U_RD_FIFO/SUBCORE_FIFO.xsdbm_v3_0_0_rdfifo_inst/inst_fifo_gen/gconvfifo.rf/grf.rf/gntv_or_sync_fifo.mem/gdm.dm_gen.dm/rd_clk
    SLICE_X118Y789       FDRE                                         r  dbg_hub/inst/BSCANID.u_xsdbm_id/CORE_XSDB.UUT_MASTER/U_ICON_INTERFACE/U_CMD6_RD/U_RD_FIFO/SUBCORE_FIFO.xsdbm_v3_0_0_rdfifo_inst/inst_fifo_gen/gconvfifo.rf/grf.rf/gntv_or_sync_fifo.mem/gdm.dm_gen.dm/gpr1.dout_i_reg[1]/C
  -------------------------------------------------------------------    -------------------
    SLICE_X118Y789       FDRE (Prop_HFF_SLICEL_C_Q)
                                                      0.039     3.749 r  dbg_hub/inst/BSCANID.u_xsdbm_id/CORE_XSDB.UUT_MASTER/U_ICON_INTERFACE/U_CMD6_RD/U_RD_FIFO/SUBCORE_FIFO.xsdbm_v3_0_0_rdfifo_inst/inst_fifo_gen/gconvfifo.rf/grf.rf/gntv_or_sync_fifo.mem/gdm.dm_gen.dm/gpr1.dout_i_reg[1]/Q
                         net (fo=1, routed)           0.033     3.782    dbg_hub/inst/BSCANID.u_xsdbm_id/CORE_XSDB.UUT_MASTER/U_ICON_INTERFACE/U_CMD6_RD/U_RD_FIFO/SUBCORE_FIFO.xsdbm_v3_0_0_rdfifo_inst/inst_fifo_gen/gconvfifo.rf/grf.rf/gntv_or_sync_fifo.mem/dout_i[1]
    SLICE_X118Y789       FDRE                                         r  dbg_hub/inst/BSCANID.u_xsdbm_id/CORE_XSDB.UUT_MASTER/U_ICON_INTERFACE/U_CMD6_RD/U_RD_FIFO/SUBCORE_FIFO.xsdbm_v3_0_0_rdfifo_inst/inst_fifo_gen/gconvfifo.rf/grf.rf/gntv_or_sync_fifo.mem/goreg_dm.dout_i_reg[1]/D
  -------------------------------------------------------------------    -------------------

                         (clock dbg_hub/inst/BSCANID.u_xsdbm_id/SWITCH_N_EXT_BSCAN.bscan_inst/SERIES7_BSCAN.bscan_inst/INTERNAL_TCK rise edge)
                                                      0.000     0.000 r  
    CONFIG_SITE_X0Y1     BSCANE2                      0.000     0.000 r  dbg_hub/inst/BSCANID.u_xsdbm_id/SWITCH_N_EXT_BSCAN.bscan_inst/SERIES7_BSCAN.bscan_inst/INTERNAL_TCK
    CONFIG_SITE_X0Y1     BSCANE2 (Prop_BSCAN1_CONFIG_SITE_INTERNAL_TCK_TCK)
                                                      4.300     4.300 r  dbg_hub/inst/BSCANID.u_xsdbm_id/SWITCH_N_EXT_BSCAN.bscan_inst/SERIES7_BSCAN.bscan_inst/TCK
                         net (fo=1, routed)           2.858     7.158    dbg_hub/inst/BSCANID.u_xsdbm_id/tck_bs
    SLR Crossing[1->2]   
    BUFGCE_X1Y288        BUFGCE (Prop_BUFCE_BUFGCE_I_O)
                                                      0.019     7.177 r  dbg_hub/inst/BSCANID.u_xsdbm_id/SWITCH_N_EXT_BSCAN.u_bufg_icon_tck/O
    X4Y10 (CLOCK_ROOT)   net (fo=494, routed)         1.386     8.563    dbg_hub/inst/BSCANID.u_xsdbm_id/CORE_XSDB.UUT_MASTER/U_ICON_INTERFACE/U_CMD6_RD/U_RD_FIFO/SUBCORE_FIFO.xsdbm_v3_0_0_rdfifo_inst/inst_fifo_gen/gconvfifo.rf/grf.rf/gntv_or_sync_fifo.mem/rd_clk
    SLICE_X118Y789       FDRE                                         r  dbg_hub/inst/BSCANID.u_xsdbm_id/CORE_XSDB.UUT_MASTER/U_ICON_INTERFACE/U_CMD6_RD/U_RD_FIFO/SUBCORE_FIFO.xsdbm_v3_0_0_rdfifo_inst/inst_fifo_gen/gconvfifo.rf/grf.rf/gntv_or_sync_fifo.mem/goreg_dm.dout_i_reg[1]/C
                         clock pessimism             -4.847     3.716    
    SLICE_X118Y789       FDRE (Hold_HFF2_SLICEL_C_D)
                                                      0.047     3.763    dbg_hub/inst/BSCANID.u_xsdbm_id/CORE_XSDB.UUT_MASTER/U_ICON_INTERFACE/U_CMD6_RD/U_RD_FIFO/SUBCORE_FIFO.xsdbm_v3_0_0_rdfifo_inst/inst_fifo_gen/gconvfifo.rf/grf.rf/gntv_or_sync_fifo.mem/goreg_dm.dout_i_reg[1]
  -------------------------------------------------------------------
                         required time                         -3.763    
                         arrival time                           3.782    
  -------------------------------------------------------------------
                         slack                                  0.019    





Pulse Width Checks
--------------------------------------------------------------------------------------
Clock Name:         dbg_hub/inst/BSCANID.u_xsdbm_id/SWITCH_N_EXT_BSCAN.bscan_inst/SERIES7_BSCAN.bscan_inst/INTERNAL_TCK
Waveform(ns):       { 0.000 25.000 }
Period(ns):         50.000
Sources:            { dbg_hub/inst/BSCANID.u_xsdbm_id/SWITCH_N_EXT_BSCAN.bscan_inst/SERIES7_BSCAN.bscan_inst/INTERNAL_TCK }

Check Type        Corner  Lib Pin     Reference Pin  Required(ns)  Actual(ns)  Slack(ns)  Location        Pin
Min Period        n/a     BUFGCE/I    n/a            1.290         50.000      48.710     BUFGCE_X1Y288   dbg_hub/inst/BSCANID.u_xsdbm_id/SWITCH_N_EXT_BSCAN.u_bufg_icon_tck/I
Low Pulse Width   Slow    RAMD32/CLK  n/a            0.532         25.000      24.468     SLICE_X131Y807  dbg_hub/inst/BSCANID.u_xsdbm_id/CORE_XSDB.UUT_MASTER/U_ICON_INTERFACE/U_CMD6_WR/U_WR_FIFO/SUBCORE_FIFO.xsdbm_v3_0_0_wrfifo_inst/inst_fifo_gen/gconvfifo.rf/grf.rf/gntv_or_sync_fifo.mem/gdm.dm_gen.dm/RAM_reg_0_15_14_15/RAMA/CLK
High Pulse Width  Fast    RAMD32/CLK  n/a            0.532         25.000      24.468     SLICE_X131Y808  dbg_hub/inst/BSCANID.u_xsdbm_id/CORE_XSDB.UUT_MASTER/U_ICON_INTERFACE/U_CMD6_WR/U_WR_FIFO/SUBCORE_FIFO.xsdbm_v3_0_0_wrfifo_inst/inst_fifo_gen/gconvfifo.rf/grf.rf/gntv_or_sync_fifo.mem/gdm.dm_gen.dm/RAM_reg_0_15_0_13/RAMA/CLK



---------------------------------------------------------------------------------------------------
From Clock:  sys_clk
  To Clock:  sys_clk

Setup :            0  Failing Endpoints,  Worst Slack        2.870ns,  Total Violation        0.000ns
Hold  :            0  Failing Endpoints,  Worst Slack        0.046ns,  Total Violation        0.000ns
PW    :            0  Failing Endpoints,  Worst Slack        1.550ns,  Total Violation        0.000ns
---------------------------------------------------------------------------------------------------


Max Delay Paths
--------------------------------------------------------------------------------------
Slack (MET) :             2.870ns  (required time - arrival time)
  Source:                 i_dram_wrapper/i_dram/inst/u_ddr4_infrastructure/counter_input_rst_reg[5]/C
                            (rising edge-triggered cell FDSE clocked by sys_clk  {rise@0.000ns fall@2.000ns period=4.000ns})
  Destination:            i_dram_wrapper/i_dram/inst/u_ddr4_infrastructure/input_rst_mmcm_reg/D
                            (rising edge-triggered cell FDRE clocked by sys_clk  {rise@0.000ns fall@2.000ns period=4.000ns})
  Path Group:             sys_clk
  Path Type:              Setup (Max at Slow Process Corner)
  Requirement:            4.000ns  (sys_clk rise@4.000ns - sys_clk rise@0.000ns)
  Data Path Delay:        1.100ns  (logic 0.355ns (32.273%)  route 0.745ns (67.727%))
  Logic Levels:           2  (LUT3=1 LUT5=1)
  Clock Path Skew:        -0.019ns (DCD - SCD + CPR)
    Destination Clock Delay (DCD):    1.914ns = ( 5.914 - 4.000 ) 
    Source Clock Delay      (SCD):    2.223ns
    Clock Pessimism Removal (CPR):    0.289ns
  Clock Uncertainty:      0.035ns  ((TSJ^2 + TIJ^2)^1/2 + DJ) / 2 + PE
    Total System Jitter     (TSJ):    0.071ns
    Total Input Jitter      (TIJ):    0.000ns
    Discrete Jitter          (DJ):    0.000ns
    Phase Error              (PE):    0.000ns
  Clock Net Delay (Source):      1.135ns (routing 0.171ns, distribution 0.964ns)
  Clock Net Delay (Destination): 0.989ns (routing 0.155ns, distribution 0.834ns)

    Location             Delay type                Incr(ns)  Path(ns)    Netlist Resource(s)
  -------------------------------------------------------------------    -------------------
                         (clock sys_clk rise edge)    0.000     0.000 r  
    E12                                               0.000     0.000 r  sys_clk_p (IN)
                         net (fo=0)                   0.000     0.000    i_bufds_sys_clk/I
    HPIOBDIFFINBUF_X1Y300
                         DIFFINBUF (Prop_DIFFINBUF_HPIOBDIFFINBUF_DIFF_IN_P_O)
                                                      0.675     0.675 r  i_bufds_sys_clk/DIFFINBUF_INST/O
                         net (fo=1, routed)           0.050     0.725    i_bufds_sys_clk/OUT
    E12                  IBUFCTRL (Prop_IBUFCTRL_HPIOB_M_I_O)
                                                      0.000     0.725 r  i_bufds_sys_clk/IBUFCTRL_INST/O
                         net (fo=1, routed)           0.335     1.060    sys_clk
    BUFGCE_X1Y289        BUFGCE (Prop_BUFCE_BUFGCE_I_O)
                                                      0.028     1.088 r  sys_clk_BUFGCE_inst/O
    X4Y12 (CLOCK_ROOT)   net (fo=19, routed)          1.135     2.223    i_dram_wrapper/i_dram/inst/u_ddr4_infrastructure/sys_clk_in
    SLICE_X139Y807       FDSE                                         r  i_dram_wrapper/i_dram/inst/u_ddr4_infrastructure/counter_input_rst_reg[5]/C
  -------------------------------------------------------------------    -------------------
    SLICE_X139Y807       FDSE (Prop_DFF2_SLICEL_C_Q)
                                                      0.081     2.304 f  i_dram_wrapper/i_dram/inst/u_ddr4_infrastructure/counter_input_rst_reg[5]/Q
                         net (fo=7, routed)           0.330     2.634    i_dram_wrapper/i_dram/inst/u_ddr4_infrastructure/counter_input_rst[5]
    SLICE_X139Y806       LUT3 (Prop_C5LUT_SLICEL_I0_O)
                                                      0.158     2.792 f  i_dram_wrapper/i_dram/inst/u_ddr4_infrastructure/input_rst_mmcm_i_2/O
                         net (fo=1, routed)           0.164     2.956    i_dram_wrapper/i_dram/inst/u_ddr4_infrastructure/input_rst_mmcm_i_2_n_0
    SLICE_X139Y806       LUT5 (Prop_B5LUT_SLICEL_I3_O)
                                                      0.116     3.072 r  i_dram_wrapper/i_dram/inst/u_ddr4_infrastructure/input_rst_mmcm_i_1/O
                         net (fo=1, routed)           0.251     3.323    i_dram_wrapper/i_dram/inst/u_ddr4_infrastructure/input_rst_mmcm_i_1_n_0
    SLICE_X139Y807       FDRE                                         r  i_dram_wrapper/i_dram/inst/u_ddr4_infrastructure/input_rst_mmcm_reg/D
  -------------------------------------------------------------------    -------------------

                         (clock sys_clk rise edge)    4.000     4.000 r  
    E12                                               0.000     4.000 r  sys_clk_p (IN)
                         net (fo=0)                   0.000     4.000    i_bufds_sys_clk/I
    HPIOBDIFFINBUF_X1Y300
                         DIFFINBUF (Prop_DIFFINBUF_HPIOBDIFFINBUF_DIFF_IN_P_O)
                                                      0.564     4.564 r  i_bufds_sys_clk/DIFFINBUF_INST/O
                         net (fo=1, routed)           0.040     4.604    i_bufds_sys_clk/OUT
    E12                  IBUFCTRL (Prop_IBUFCTRL_HPIOB_M_I_O)
                                                      0.000     4.604 r  i_bufds_sys_clk/IBUFCTRL_INST/O
                         net (fo=1, routed)           0.297     4.901    sys_clk
    BUFGCE_X1Y289        BUFGCE (Prop_BUFCE_BUFGCE_I_O)
                                                      0.024     4.925 r  sys_clk_BUFGCE_inst/O
    X4Y12 (CLOCK_ROOT)   net (fo=19, routed)          0.989     5.914    i_dram_wrapper/i_dram/inst/u_ddr4_infrastructure/sys_clk_in
    SLICE_X139Y807       FDRE                                         r  i_dram_wrapper/i_dram/inst/u_ddr4_infrastructure/input_rst_mmcm_reg/C
                         clock pessimism              0.289     6.203    
                         clock uncertainty           -0.035     6.168    
    SLICE_X139Y807       FDRE (Setup_EFF_SLICEL_C_D)
                                                      0.025     6.193    i_dram_wrapper/i_dram/inst/u_ddr4_infrastructure/input_rst_mmcm_reg
  -------------------------------------------------------------------
                         required time                          6.193    
                         arrival time                          -3.323    
  -------------------------------------------------------------------
                         slack                                  2.870    





Min Delay Paths
--------------------------------------------------------------------------------------
Slack (MET) :             0.046ns  (arrival time - required time)
  Source:                 i_dram_wrapper/i_dram/inst/u_ddr4_infrastructure/counter_input_rst_reg[1]/C
                            (rising edge-triggered cell FDSE clocked by sys_clk  {rise@0.000ns fall@2.000ns period=4.000ns})
  Destination:            i_dram_wrapper/i_dram/inst/u_ddr4_infrastructure/counter_input_rst_reg[1]/D
                            (rising edge-triggered cell FDSE clocked by sys_clk  {rise@0.000ns fall@2.000ns period=4.000ns})
  Path Group:             sys_clk
  Path Type:              Hold (Min at Fast Process Corner)
  Requirement:            0.000ns  (sys_clk rise@0.000ns - sys_clk rise@0.000ns)
  Data Path Delay:        0.098ns  (logic 0.053ns (54.082%)  route 0.045ns (45.918%))
  Logic Levels:           1  (LUT6=1)
  Clock Path Skew:        0.006ns (DCD - SCD - CPR)
    Destination Clock Delay (DCD):    1.421ns
    Source Clock Delay      (SCD):    1.182ns
    Clock Pessimism Removal (CPR):    0.232ns
  Clock Net Delay (Source):      0.635ns (routing 0.096ns, distribution 0.539ns)
  Clock Net Delay (Destination): 0.723ns (routing 0.108ns, distribution 0.615ns)

    Location             Delay type                Incr(ns)  Path(ns)    Netlist Resource(s)
  -------------------------------------------------------------------    -------------------
                         (clock sys_clk rise edge)    0.000     0.000 r  
    E12                                               0.000     0.000 r  sys_clk_p (IN)
                         net (fo=0)                   0.000     0.000    i_bufds_sys_clk/I
    HPIOBDIFFINBUF_X1Y300
                         DIFFINBUF (Prop_DIFFINBUF_HPIOBDIFFINBUF_DIFF_IN_P_O)
                                                      0.340     0.340 r  i_bufds_sys_clk/DIFFINBUF_INST/O
                         net (fo=1, routed)           0.040     0.380    i_bufds_sys_clk/OUT
    E12                  IBUFCTRL (Prop_IBUFCTRL_HPIOB_M_I_O)
                                                      0.000     0.380 r  i_bufds_sys_clk/IBUFCTRL_INST/O
                         net (fo=1, routed)           0.150     0.530    sys_clk
    BUFGCE_X1Y289        BUFGCE (Prop_BUFCE_BUFGCE_I_O)
                                                      0.017     0.547 r  sys_clk_BUFGCE_inst/O
    X4Y12 (CLOCK_ROOT)   net (fo=19, routed)          0.635     1.182    i_dram_wrapper/i_dram/inst/u_ddr4_infrastructure/sys_clk_in
    SLICE_X139Y807       FDSE                                         r  i_dram_wrapper/i_dram/inst/u_ddr4_infrastructure/counter_input_rst_reg[1]/C
  -------------------------------------------------------------------    -------------------
    SLICE_X139Y807       FDSE (Prop_CFF_SLICEL_C_Q)
                                                      0.039     1.221 r  i_dram_wrapper/i_dram/inst/u_ddr4_infrastructure/counter_input_rst_reg[1]/Q
                         net (fo=5, routed)           0.028     1.249    i_dram_wrapper/i_dram/inst/u_ddr4_infrastructure/counter_input_rst[1]
    SLICE_X139Y807       LUT6 (Prop_C6LUT_SLICEL_I1_O)
                                                      0.014     1.263 r  i_dram_wrapper/i_dram/inst/u_ddr4_infrastructure/counter_input_rst[1]_i_1/O
                         net (fo=1, routed)           0.017     1.280    i_dram_wrapper/i_dram/inst/u_ddr4_infrastructure/counter_input_rst[1]_i_1_n_0
    SLICE_X139Y807       FDSE                                         r  i_dram_wrapper/i_dram/inst/u_ddr4_infrastructure/counter_input_rst_reg[1]/D
  -------------------------------------------------------------------    -------------------

                         (clock sys_clk rise edge)    0.000     0.000 r  
    E12                                               0.000     0.000 r  sys_clk_p (IN)
                         net (fo=0)                   0.000     0.000    i_bufds_sys_clk/I
    HPIOBDIFFINBUF_X1Y300
                         DIFFINBUF (Prop_DIFFINBUF_HPIOBDIFFINBUF_DIFF_IN_P_O)
                                                      0.446     0.446 r  i_bufds_sys_clk/DIFFINBUF_INST/O
                         net (fo=1, routed)           0.050     0.496    i_bufds_sys_clk/OUT
    E12                  IBUFCTRL (Prop_IBUFCTRL_HPIOB_M_I_O)
                                                      0.000     0.496 r  i_bufds_sys_clk/IBUFCTRL_INST/O
                         net (fo=1, routed)           0.183     0.679    sys_clk
    BUFGCE_X1Y289        BUFGCE (Prop_BUFCE_BUFGCE_I_O)
                                                      0.019     0.698 r  sys_clk_BUFGCE_inst/O
    X4Y12 (CLOCK_ROOT)   net (fo=19, routed)          0.723     1.421    i_dram_wrapper/i_dram/inst/u_ddr4_infrastructure/sys_clk_in
    SLICE_X139Y807       FDSE                                         r  i_dram_wrapper/i_dram/inst/u_ddr4_infrastructure/counter_input_rst_reg[1]/C
                         clock pessimism             -0.232     1.188    
    SLICE_X139Y807       FDSE (Hold_CFF_SLICEL_C_D)
                                                      0.046     1.234    i_dram_wrapper/i_dram/inst/u_ddr4_infrastructure/counter_input_rst_reg[1]
  -------------------------------------------------------------------
                         required time                         -1.234    
                         arrival time                           1.280    
  -------------------------------------------------------------------
                         slack                                  0.046    





Pulse Width Checks
--------------------------------------------------------------------------------------
Clock Name:         sys_clk
Waveform(ns):       { 0.000 2.000 }
Period(ns):         4.000
Sources:            { sys_clk_p }

Check Type        Corner  Lib Pin            Reference Pin  Required(ns)  Actual(ns)  Slack(ns)  Location       Pin
Min Period        n/a     BUFGCE/I           n/a            1.290         4.000       2.710      BUFGCE_X1Y289  sys_clk_BUFGCE_inst/I
Max Period        n/a     MMCME4_ADV/CLKIN1  n/a            100.000       4.000       96.000     MMCM_X1Y13     i_dram_wrapper/i_dram/inst/u_ddr4_infrastructure/gen_mmcme4.u_mmcme_adv_inst/CLKIN1
Low Pulse Width   Slow    MMCME4_ADV/CLKIN1  n/a            0.450         2.000       1.550      MMCM_X1Y13     i_dram_wrapper/i_dram/inst/u_ddr4_infrastructure/gen_mmcme4.u_mmcme_adv_inst/CLKIN1
High Pulse Width  Slow    MMCME4_ADV/CLKIN1  n/a            0.450         2.000       1.550      MMCM_X1Y11     i_clkwiz/inst/mmcme4_adv_inst/CLKIN1



---------------------------------------------------------------------------------------------------
From Clock:  clk_50_clkwiz
  To Clock:  clk_50_clkwiz

Setup :            0  Failing Endpoints,  Worst Slack        1.426ns,  Total Violation        0.000ns
Hold  :            0  Failing Endpoints,  Worst Slack        0.010ns,  Total Violation        0.000ns
PW    :            0  Failing Endpoints,  Worst Slack        9.300ns,  Total Violation        0.000ns
---------------------------------------------------------------------------------------------------


Max Delay Paths
--------------------------------------------------------------------------------------
Slack (MET) :             1.426ns  (required time - arrival time)
  Source:                 i_cheshire_soc/gen_llc_atomics.i_llc_atomics/i_axi_riscv_atomics_wrap/i_atomics/i_lrsc/i_b_inj_fifo/read_pointer_q_reg[0]/C
                            (rising edge-triggered cell FDCE clocked by clk_50_clkwiz  {rise@0.000ns fall@10.000ns period=20.000ns})
  Destination:            i_cheshire_soc/gen_llc_atomics.i_llc_atomics/i_axi_riscv_atomics_wrap/i_atomics/i_lrsc/i_write_in_flight_queue/gen_data_ffs[0].linked_data_q_reg[0][next][0]/D
                            (rising edge-triggered cell FDCE clocked by clk_50_clkwiz  {rise@0.000ns fall@10.000ns period=20.000ns})
  Path Group:             clk_50_clkwiz
  Path Type:              Setup (Max at Slow Process Corner)
  Requirement:            20.000ns  (clk_50_clkwiz rise@20.000ns - clk_50_clkwiz rise@0.000ns)
  Data Path Delay:        18.484ns  (logic 4.517ns (24.437%)  route 13.967ns (75.563%))
  Logic Levels:           47  (CARRY8=4 LUT2=5 LUT3=6 LUT4=5 LUT5=7 LUT6=16 MUXF7=2 MUXF8=2)
  Clock Path Skew:        -0.032ns (DCD - SCD + CPR)
    Destination Clock Delay (DCD):    5.907ns = ( 25.907 - 20.000 ) 
    Source Clock Delay      (SCD):    5.771ns
    Clock Pessimism Removal (CPR):    -0.168ns
  Clock Uncertainty:      0.083ns  ((TSJ^2 + DJ^2)^1/2) / 2 + PE
    Total System Jitter     (TSJ):    0.071ns
    Discrete Jitter          (DJ):    0.150ns
    Phase Error              (PE):    0.000ns
  Clock Net Delay (Source):      3.547ns (routing 1.870ns, distribution 1.677ns)
  Clock Net Delay (Destination): 3.238ns (routing 1.700ns, distribution 1.538ns)

    Location             Delay type                Incr(ns)  Path(ns)    Netlist Resource(s)
  -------------------------------------------------------------------    -------------------
                         (clock clk_50_clkwiz rise edge)
                                                      0.000     0.000 r  
    E12                                               0.000     0.000 r  sys_clk_p (IN)
                         net (fo=0)                   0.000     0.000    i_bufds_sys_clk/I
    HPIOBDIFFINBUF_X1Y300
                         DIFFINBUF (Prop_DIFFINBUF_HPIOBDIFFINBUF_DIFF_IN_P_O)
                                                      0.675     0.675 r  i_bufds_sys_clk/DIFFINBUF_INST/O
                         net (fo=1, routed)           0.050     0.725    i_bufds_sys_clk/OUT
    E12                  IBUFCTRL (Prop_IBUFCTRL_HPIOB_M_I_O)
                                                      0.000     0.725 r  i_bufds_sys_clk/IBUFCTRL_INST/O
                         net (fo=1, routed)           0.335     1.060    sys_clk
    BUFGCE_X1Y289        BUFGCE (Prop_BUFCE_BUFGCE_I_O)
                                                      0.028     1.088 r  sys_clk_BUFGCE_inst/O
                         net (fo=19, routed)          0.991     2.079    i_clkwiz/inst/clk_in1
    MMCM_X1Y11           MMCME4_ADV (Prop_MMCM_CLKIN1_CLKOUT0)
                                                     -0.127     1.952 r  i_clkwiz/inst/mmcme4_adv_inst/CLKOUT0
                         net (fo=1, routed)           0.244     2.196    i_clkwiz/inst/clk_50_clkwiz
    BUFGCE_X1Y266        BUFGCE (Prop_BUFCE_BUFGCE_I_O)
                                                      0.028     2.224 r  i_clkwiz/inst/clkout1_buf/O
    X2Y7 (CLOCK_ROOT)    net (fo=198306, routed)      3.547     5.771    i_cheshire_soc/gen_llc_atomics.i_llc_atomics/i_axi_riscv_atomics_wrap/i_atomics/i_lrsc/i_b_inj_fifo/clk_i
    SLICE_X57Y693        FDCE                                         r  i_cheshire_soc/gen_llc_atomics.i_llc_atomics/i_axi_riscv_atomics_wrap/i_atomics/i_lrsc/i_b_inj_fifo/read_pointer_q_reg[0]/C
  -------------------------------------------------------------------    -------------------
    SLICE_X57Y693        FDCE (Prop_DFF_SLICEL_C_Q)
                                                      0.079     5.850 r  i_cheshire_soc/gen_llc_atomics.i_llc_atomics/i_axi_riscv_atomics_wrap/i_atomics/i_lrsc/i_b_inj_fifo/read_pointer_q_reg[0]/Q
                         net (fo=20, routed)          0.273     6.123    i_cheshire_soc/gen_llc_atomics.i_llc_atomics/i_axi_riscv_atomics_wrap/i_atomics/i_lrsc/i_b_inj_fifo/read_pointer_q_reg[0]
    SLICE_X56Y691        LUT6 (Prop_D6LUT_SLICEM_I4_O)
                                                      0.145     6.268 r  i_cheshire_soc/gen_llc_atomics.i_llc_atomics/i_axi_riscv_atomics_wrap/i_atomics/i_lrsc/i_b_inj_fifo/data_o[id][0]_INST_0_i_3/O
                         net (fo=1, routed)           0.025     6.293    i_cheshire_soc/gen_llc_atomics.i_llc_atomics/i_axi_riscv_atomics_wrap/i_atomics/i_lrsc/i_b_inj_fifo/data_o[id][0]_INST_0_i_3_n_0
    SLICE_X56Y691        MUXF7 (Prop_F7MUX_CD_SLICEM_I0_O)
                                                      0.062     6.355 r  i_cheshire_soc/gen_llc_atomics.i_llc_atomics/i_axi_riscv_atomics_wrap/i_atomics/i_lrsc/i_b_inj_fifo/data_o[id][0]_INST_0_i_1/O
                         net (fo=1, routed)           0.000     6.355    i_cheshire_soc/gen_llc_atomics.i_llc_atomics/i_axi_riscv_atomics_wrap/i_atomics/i_lrsc/i_b_inj_fifo/data_o[id][0]_INST_0_i_1_n_0
    SLICE_X56Y691        MUXF8 (Prop_F8MUX_BOT_SLICEM_I0_O)
                                                      0.030     6.385 r  i_cheshire_soc/gen_llc_atomics.i_llc_atomics/i_axi_riscv_atomics_wrap/i_atomics/i_lrsc/i_b_inj_fifo/data_o[id][0]_INST_0/O
                         net (fo=2, routed)           0.597     6.982    i_cheshire_soc/gen_llc_atomics.i_llc_atomics/i_axi_riscv_atomics_wrap/i_atomics/i_lrsc/b_inj_oup[id][0]
    SLICE_X70Y704        LUT5 (Prop_D6LUT_SLICEM_I0_O)
                                                      0.099     7.081 r  i_cheshire_soc/gen_llc_atomics.i_llc_atomics/i_axi_riscv_atomics_wrap/i_atomics/i_lrsc/i_b_status_queue_i_10/O
                         net (fo=17, routed)          0.467     7.548    i_cheshire_soc/gen_llc_atomics.i_llc_atomics/i_axi_riscv_atomics_wrap/i_atomics/i_lrsc/i_b_status_queue/oup_id_i[0]
    SLICE_X82Y688        LUT4 (Prop_B5LUT_SLICEL_I3_O)
                                                      0.116     7.664 f  i_cheshire_soc/gen_llc_atomics.i_llc_atomics/i_axi_riscv_atomics_wrap/i_atomics/i_lrsc/i_b_status_queue/i_id_ohb_out_i_25/O
                         net (fo=1, routed)           0.232     7.896    i_cheshire_soc/gen_llc_atomics.i_llc_atomics/i_axi_riscv_atomics_wrap/i_atomics/i_lrsc/i_b_status_queue/i_id_ohb_out_i_25_n_0
    SLICE_X82Y688        LUT6 (Prop_F6LUT_SLICEL_I5_O)
                                                      0.049     7.945 r  i_cheshire_soc/gen_llc_atomics.i_llc_atomics/i_axi_riscv_atomics_wrap/i_atomics/i_lrsc/i_b_status_queue/i_id_ohb_out_i_6/O
                         net (fo=6, routed)           0.268     8.213    i_cheshire_soc/gen_llc_atomics.i_llc_atomics/i_axi_riscv_atomics_wrap/i_atomics/i_lrsc/i_b_status_queue/i_id_ohb_out/onehot[10]
    SLICE_X82Y696        LUT4 (Prop_G6LUT_SLICEL_I1_O)
                                                      0.149     8.362 r  i_cheshire_soc/gen_llc_atomics.i_llc_atomics/i_axi_riscv_atomics_wrap/i_atomics/i_lrsc/i_b_status_queue/i_id_ohb_out/bin[1]_INST_0_i_1/O
                         net (fo=1, routed)           0.091     8.453    i_cheshire_soc/gen_llc_atomics.i_llc_atomics/i_axi_riscv_atomics_wrap/i_atomics/i_lrsc/i_b_status_queue/i_id_ohb_out/bin[1]_INST_0_i_1_n_0
    SLICE_X82Y696        LUT5 (Prop_H6LUT_SLICEL_I4_O)
                                                      0.090     8.543 r  i_cheshire_soc/gen_llc_atomics.i_llc_atomics/i_axi_riscv_atomics_wrap/i_atomics/i_lrsc/i_b_status_queue/i_id_ohb_out/bin[1]_INST_0/O
                         net (fo=169, routed)         0.573     9.116    i_cheshire_soc/gen_llc_atomics.i_llc_atomics/i_axi_riscv_atomics_wrap/i_atomics/i_lrsc/i_b_status_queue/match_out_idx[1]
    SLICE_X80Y676        LUT6 (Prop_D6LUT_SLICEM_I2_O)
                                                      0.037     9.153 r  i_cheshire_soc/gen_llc_atomics.i_llc_atomics/i_axi_riscv_atomics_wrap/i_atomics/i_lrsc/i_b_status_queue/oup_data_o[1]_INST_0_i_14/O
                         net (fo=1, routed)           0.025     9.178    i_cheshire_soc/gen_llc_atomics.i_llc_atomics/i_axi_riscv_atomics_wrap/i_atomics/i_lrsc/i_b_status_queue/oup_data_o[1]_INST_0_i_14_n_0
    SLICE_X80Y676        MUXF7 (Prop_F7MUX_CD_SLICEM_I0_O)
                                                      0.062     9.240 r  i_cheshire_soc/gen_llc_atomics.i_llc_atomics/i_axi_riscv_atomics_wrap/i_atomics/i_lrsc/i_b_status_queue/oup_data_o[1]_INST_0_i_8/O
                         net (fo=1, routed)           0.000     9.240    i_cheshire_soc/gen_llc_atomics.i_llc_atomics/i_axi_riscv_atomics_wrap/i_atomics/i_lrsc/i_b_status_queue/oup_data_o[1]_INST_0_i_8_n_0
    SLICE_X80Y676        MUXF8 (Prop_F8MUX_BOT_SLICEM_I0_O)
                                                      0.030     9.270 r  i_cheshire_soc/gen_llc_atomics.i_llc_atomics/i_axi_riscv_atomics_wrap/i_atomics/i_lrsc/i_b_status_queue/oup_data_o[1]_INST_0_i_2/O
                         net (fo=36, routed)          0.656     9.926    i_cheshire_soc/gen_llc_atomics.i_llc_atomics/i_axi_riscv_atomics_wrap/i_atomics/i_lrsc/i_b_status_queue/oup_data_o[1]_INST_0_i_2_n_0
    SLICE_X83Y663        LUT2 (Prop_B5LUT_SLICEL_I0_O)
                                                      0.165    10.091 r  i_cheshire_soc/gen_llc_atomics.i_llc_atomics/i_axi_riscv_atomics_wrap/i_atomics/i_lrsc/i_b_status_queue/oup_data_o[0]_INST_0_i_8/O
                         net (fo=8, routed)           0.200    10.291    i_cheshire_soc/gen_llc_atomics.i_llc_atomics/i_axi_riscv_atomics_wrap/i_atomics/i_lrsc/i_b_status_queue/oup_data_o[0]_INST_0_i_8_n_0
    SLICE_X83Y658        LUT3 (Prop_A6LUT_SLICEL_I2_O)
                                                      0.124    10.415 f  i_cheshire_soc/gen_llc_atomics.i_llc_atomics/i_axi_riscv_atomics_wrap/i_atomics/i_lrsc/i_b_status_queue/gen_data_ffs[5].linked_data_q[5][free]_i_3/O
                         net (fo=7, routed)           0.151    10.566    i_cheshire_soc/gen_llc_atomics.i_llc_atomics/i_axi_riscv_atomics_wrap/i_atomics/i_lrsc/i_b_status_queue/gen_data_ffs[5].linked_data_q[5][free]_i_3_n_0
    SLICE_X83Y661        LUT4 (Prop_E6LUT_SLICEL_I2_O)
                                                      0.090    10.656 f  i_cheshire_soc/gen_llc_atomics.i_llc_atomics/i_axi_riscv_atomics_wrap/i_atomics/i_lrsc/i_b_status_queue/oup_data_o[0]_INST_0_i_4/O
                         net (fo=1, routed)           0.057    10.713    i_cheshire_soc/gen_llc_atomics.i_llc_atomics/i_axi_riscv_atomics_wrap/i_atomics/i_lrsc/i_b_status_queue/oup_data_o[0]_INST_0_i_4_n_0
    SLICE_X83Y661        LUT6 (Prop_F6LUT_SLICEL_I0_O)
                                                      0.148    10.861 r  i_cheshire_soc/gen_llc_atomics.i_llc_atomics/i_axi_riscv_atomics_wrap/i_atomics/i_lrsc/i_b_status_queue/oup_data_o[0]_INST_0_i_3/O
                         net (fo=1, routed)           0.081    10.942    i_cheshire_soc/gen_llc_atomics.i_llc_atomics/i_axi_riscv_atomics_wrap/i_atomics/i_lrsc/i_b_status_queue/oup_data_o[0]_INST_0_i_3_n_0
    SLICE_X83Y662        LUT6 (Prop_F6LUT_SLICEL_I5_O)
                                                      0.049    10.991 f  i_cheshire_soc/gen_llc_atomics.i_llc_atomics/i_axi_riscv_atomics_wrap/i_atomics/i_lrsc/i_b_status_queue/oup_data_o[0]_INST_0/O
                         net (fo=8, routed)           0.635    11.626    i_cheshire_soc/gen_llc_atomics.i_llc_atomics/i_axi_riscv_atomics_wrap/i_atomics/i_lrsc/b_status_oup_cmd[0]
    SLICE_X76Y703        LUT6 (Prop_H6LUT_SLICEM_I0_O)
                                                      0.090    11.716 r  i_cheshire_soc/gen_llc_atomics.i_llc_atomics/i_axi_riscv_atomics_wrap/i_atomics/i_lrsc/i_b_status_queue_i_11/O
                         net (fo=37, routed)          0.441    12.157    i_cheshire_soc/gen_llc_atomics.i_llc_atomics/i_axi_riscv_atomics_wrap/i_atomics/i_lrsc/i_b_status_queue/oup_pop_i
    SLICE_X79Y683        LUT3 (Prop_C6LUT_SLICEL_I0_O)
                                                      0.088    12.245 r  i_cheshire_soc/gen_llc_atomics.i_llc_atomics/i_axi_riscv_atomics_wrap/i_atomics/i_lrsc/i_b_status_queue/inp_gnt_o_INST_0/O
                         net (fo=1, routed)           0.624    12.869    i_cheshire_soc/gen_llc_atomics.i_llc_atomics/i_axi_riscv_atomics_wrap/i_atomics/i_lrsc/b_status_inp_gnt
    SLICE_X60Y706        LUT6 (Prop_G6LUT_SLICEM_I3_O)
                                                      0.123    12.992 r  i_cheshire_soc/gen_llc_atomics.i_llc_atomics/i_axi_riscv_atomics_wrap/i_atomics/i_lrsc/slv_aw_ready_o_INST_0_i_4/O
                         net (fo=3, routed)           0.251    13.243    i_cheshire_soc/gen_llc_atomics.i_llc_atomics/i_axi_riscv_atomics_wrap/i_atomics/i_lrsc/slv_aw_ready_o_INST_0_i_4_n_0
    SLICE_X59Y710        LUT3 (Prop_D5LUT_SLICEM_I0_O)
                                                      0.066    13.309 f  i_cheshire_soc/gen_llc_atomics.i_llc_atomics/i_axi_riscv_atomics_wrap/i_atomics/i_lrsc/i_wifq_exists_arb_i_93/O
                         net (fo=123, routed)         0.635    13.944    i_cheshire_soc/gen_llc_atomics.i_llc_atomics/i_axi_riscv_atomics_wrap/i_atomics/i_lrsc/i_wifq_exists_arb_i_93_n_0
    SLICE_X65Y709        LUT2 (Prop_D5LUT_SLICEL_I1_O)
                                                      0.096    14.040 r  i_cheshire_soc/gen_llc_atomics.i_llc_atomics/i_axi_riscv_atomics_wrap/i_atomics/i_lrsc/i_wifq_exists_arb_i_86/O
                         net (fo=1, routed)           0.302    14.342    i_cheshire_soc/gen_llc_atomics.i_llc_atomics/i_axi_riscv_atomics_wrap/i_atomics/i_lrsc/i_wifq_exists_arb/i_arb/gen_rr_arb.i_arbiter/data_i[0][data][addr][4]
    SLICE_X64Y710        LUT5 (Prop_C6LUT_SLICEM_I1_O)
                                                      0.088    14.430 r  i_cheshire_soc/gen_llc_atomics.i_llc_atomics/i_axi_riscv_atomics_wrap/i_atomics/i_lrsc/i_wifq_exists_arb/i_arb/gen_rr_arb.i_arbiter/data_o[data][addr][4]_INST_0/O
                         net (fo=16, routed)          0.636    15.066    i_cheshire_soc/gen_llc_atomics.i_llc_atomics/i_axi_riscv_atomics_wrap/i_atomics/i_lrsc/i_write_in_flight_queue/exists_data_i[0][addr][4]
    SLICE_X72Y720        LUT6 (Prop_F6LUT_SLICEM_I5_O)
                                                      0.088    15.154 r  i_cheshire_soc/gen_llc_atomics.i_llc_atomics/i_axi_riscv_atomics_wrap/i_atomics/i_lrsc/i_write_in_flight_queue/exists_o[0]_INST_0_i_433/O
                         net (fo=1, routed)           0.108    15.262    i_cheshire_soc/gen_llc_atomics.i_llc_atomics/i_axi_riscv_atomics_wrap/i_atomics/i_lrsc/i_write_in_flight_queue/exists_o[0]_INST_0_i_433_n_0
    SLICE_X71Y720        LUT2 (Prop_B6LUT_SLICEL_I0_O)
                                                      0.148    15.410 r  i_cheshire_soc/gen_llc_atomics.i_llc_atomics/i_axi_riscv_atomics_wrap/i_atomics/i_lrsc/i_write_in_flight_queue/exists_o[0]_INST_0_i_247/O
                         net (fo=1, routed)           0.009    15.419    i_cheshire_soc/gen_llc_atomics.i_llc_atomics/i_axi_riscv_atomics_wrap/i_atomics/i_lrsc/i_write_in_flight_queue/exists_o[0]_INST_0_i_247_n_0
    SLICE_X71Y720        CARRY8 (Prop_CARRY8_SLICEL_S[1]_CO[7])
                                                      0.186    15.605 f  i_cheshire_soc/gen_llc_atomics.i_llc_atomics/i_axi_riscv_atomics_wrap/i_atomics/i_lrsc/i_write_in_flight_queue/exists_o[0]_INST_0_i_77/CO[7]
                         net (fo=1, routed)           0.026    15.631    i_cheshire_soc/gen_llc_atomics.i_llc_atomics/i_axi_riscv_atomics_wrap/i_atomics/i_lrsc/i_write_in_flight_queue/exists_o[0]_INST_0_i_77_n_0
    SLICE_X71Y721        CARRY8 (Prop_CARRY8_SLICEL_CI_CO[7])
                                                      0.022    15.653 f  i_cheshire_soc/gen_llc_atomics.i_llc_atomics/i_axi_riscv_atomics_wrap/i_atomics/i_lrsc/i_write_in_flight_queue/exists_o[0]_INST_0_i_14/CO[7]
                         net (fo=1, routed)           0.325    15.978    i_cheshire_soc/gen_llc_atomics.i_llc_atomics/i_axi_riscv_atomics_wrap/i_atomics/i_lrsc/i_write_in_flight_queue/exists_match[0]18_out
    SLICE_X72Y714        LUT5 (Prop_C6LUT_SLICEM_I0_O)
                                                      0.145    16.123 f  i_cheshire_soc/gen_llc_atomics.i_llc_atomics/i_axi_riscv_atomics_wrap/i_atomics/i_lrsc/i_write_in_flight_queue/exists_o[0]_INST_0_i_4/O
                         net (fo=1, routed)           0.138    16.261    i_cheshire_soc/gen_llc_atomics.i_llc_atomics/i_axi_riscv_atomics_wrap/i_atomics/i_lrsc/i_write_in_flight_queue/exists_o[0]_INST_0_i_4_n_0
    SLICE_X71Y712        LUT5 (Prop_D6LUT_SLICEL_I4_O)
                                                      0.089    16.350 f  i_cheshire_soc/gen_llc_atomics.i_llc_atomics/i_axi_riscv_atomics_wrap/i_atomics/i_lrsc/i_write_in_flight_queue/exists_o[0]_INST_0/O
                         net (fo=28, routed)          0.336    16.686    i_cheshire_soc/gen_llc_atomics.i_llc_atomics/i_axi_riscv_atomics_wrap/i_atomics/i_lrsc/wifq_exists
    SLICE_X60Y708        LUT3 (Prop_A5LUT_SLICEM_I1_O)
                                                      0.139    16.825 r  i_cheshire_soc/gen_llc_atomics.i_llc_atomics/i_axi_riscv_atomics_wrap/i_atomics/i_lrsc/slv_aw_ready_o_INST_0_i_1/O
                         net (fo=40, routed)          0.234    17.059    i_cheshire_soc/gen_llc_atomics.i_llc_atomics/i_axi_riscv_atomics_wrap/i_atomics/i_lrsc/slv_aw_ready_o_INST_0_i_1_n_0
    SLICE_X59Y708        LUT6 (Prop_G6LUT_SLICEM_I3_O)
                                                      0.100    17.159 r  i_cheshire_soc/gen_llc_atomics.i_llc_atomics/i_axi_riscv_atomics_wrap/i_atomics/i_lrsc/i_art_i_41/O
                         net (fo=2, routed)           0.405    17.564    i_cheshire_soc/gen_llc_atomics.i_llc_atomics/i_axi_riscv_atomics_wrap/i_atomics/i_lrsc/i_art/check_clr_addr_i[4]
    SLICE_X57Y709        LUT6 (Prop_B6LUT_SLICEL_I1_O)
                                                      0.051    17.615 r  i_cheshire_soc/gen_llc_atomics.i_llc_atomics/i_axi_riscv_atomics_wrap/i_atomics/i_lrsc/i_art/check_res_o_INST_0_i_31/O
                         net (fo=1, routed)           0.132    17.747    i_cheshire_soc/gen_llc_atomics.i_llc_atomics/i_axi_riscv_atomics_wrap/i_atomics/i_lrsc/i_art/check_res_o_INST_0_i_31_n_0
    SLICE_X56Y710        LUT5 (Prop_B6LUT_SLICEM_I4_O)
                                                      0.100    17.847 r  i_cheshire_soc/gen_llc_atomics.i_llc_atomics/i_axi_riscv_atomics_wrap/i_atomics/i_lrsc/i_art/check_res_o_INST_0_i_16/O
                         net (fo=1, routed)           0.016    17.863    i_cheshire_soc/gen_llc_atomics.i_llc_atomics/i_axi_riscv_atomics_wrap/i_atomics/i_lrsc/i_art/check_res_o_INST_0_i_16_n_0
    SLICE_X56Y710        CARRY8 (Prop_CARRY8_SLICEM_S[1]_CO[7])
                                                      0.190    18.053 r  i_cheshire_soc/gen_llc_atomics.i_llc_atomics/i_axi_riscv_atomics_wrap/i_atomics/i_lrsc/i_art/check_res_o_INST_0_i_2/CO[7]
                         net (fo=1, routed)           0.026    18.079    i_cheshire_soc/gen_llc_atomics.i_llc_atomics/i_axi_riscv_atomics_wrap/i_atomics/i_lrsc/i_art/check_res_o_INST_0_i_2_n_0
    SLICE_X56Y711        CARRY8 (Prop_CARRY8_SLICEM_CI_CO[6])
                                                      0.092    18.171 r  i_cheshire_soc/gen_llc_atomics.i_llc_atomics/i_axi_riscv_atomics_wrap/i_atomics/i_lrsc/i_art/check_res_o_INST_0_i_1/CO[6]
                         net (fo=2, routed)           0.321    18.492    i_cheshire_soc/gen_llc_atomics.i_llc_atomics/i_axi_riscv_atomics_wrap/i_atomics/i_lrsc/i_art/check_res_o0
    SLICE_X58Y708        LUT2 (Prop_B6LUT_SLICEL_I1_O)
                                                      0.090    18.582 r  i_cheshire_soc/gen_llc_atomics.i_llc_atomics/i_axi_riscv_atomics_wrap/i_atomics/i_lrsc/i_art/check_res_o_INST_0/O
                         net (fo=5, routed)           0.171    18.753    i_cheshire_soc/gen_llc_atomics.i_llc_atomics/i_axi_riscv_atomics_wrap/i_atomics/i_lrsc/art_check_res
    SLICE_X59Y704        LUT2 (Prop_E5LUT_SLICEM_I1_O)
                                                      0.139    18.892 f  i_cheshire_soc/gen_llc_atomics.i_llc_atomics/i_axi_riscv_atomics_wrap/i_atomics/i_lrsc/slv_aw_ready_o_INST_0_i_3/O
                         net (fo=2, routed)           0.162    19.054    i_cheshire_soc/gen_llc_atomics.i_llc_atomics/i_axi_riscv_atomics_wrap/i_atomics/i_lrsc/slv_aw_ready_o_INST_0_i_3_n_0
    SLICE_X59Y704        LUT6 (Prop_G6LUT_SLICEM_I2_O)
                                                      0.037    19.091 r  i_cheshire_soc/gen_llc_atomics.i_llc_atomics/i_axi_riscv_atomics_wrap/i_atomics/i_lrsc/i_write_in_flight_queue_i_1/O
                         net (fo=21, routed)          0.558    19.649    i_cheshire_soc/gen_llc_atomics.i_llc_atomics/i_axi_riscv_atomics_wrap/i_atomics/i_lrsc/i_write_in_flight_queue/inp_req_i
    SLICE_X77Y705        LUT3 (Prop_A6LUT_SLICEL_I2_O)
                                                      0.090    19.739 f  i_cheshire_soc/gen_llc_atomics.i_llc_atomics/i_axi_riscv_atomics_wrap/i_atomics/i_lrsc/i_write_in_flight_queue/i_id_ohb_in_i_16/O
                         net (fo=103, routed)         0.853    20.592    i_cheshire_soc/gen_llc_atomics.i_llc_atomics/i_axi_riscv_atomics_wrap/i_atomics/i_lrsc/i_write_in_flight_queue/i_id_ohb_in_i_16_n_0
    SLICE_X88Y695        LUT6 (Prop_F6LUT_SLICEM_I5_O)
                                                      0.051    20.643 f  i_cheshire_soc/gen_llc_atomics.i_llc_atomics/i_axi_riscv_atomics_wrap/i_atomics/i_lrsc/i_write_in_flight_queue/i_id_ohb_in_i_21/O
                         net (fo=1, routed)           0.218    20.861    i_cheshire_soc/gen_llc_atomics.i_llc_atomics/i_axi_riscv_atomics_wrap/i_atomics/i_lrsc/i_write_in_flight_queue/i_id_ohb_in_i_21_n_0
    SLICE_X85Y695        LUT6 (Prop_B6LUT_SLICEL_I5_O)
                                                      0.148    21.009 r  i_cheshire_soc/gen_llc_atomics.i_llc_atomics/i_axi_riscv_atomics_wrap/i_atomics/i_lrsc/i_write_in_flight_queue/i_id_ohb_in_i_5/O
                         net (fo=4, routed)           0.136    21.145    i_cheshire_soc/gen_llc_atomics.i_llc_atomics/i_axi_riscv_atomics_wrap/i_atomics/i_lrsc/i_write_in_flight_queue/i_id_ohb_in/onehot[11]
    SLICE_X84Y696        LUT4 (Prop_E6LUT_SLICEM_I0_O)
                                                      0.037    21.182 r  i_cheshire_soc/gen_llc_atomics.i_llc_atomics/i_axi_riscv_atomics_wrap/i_atomics/i_lrsc/i_write_in_flight_queue/i_id_ohb_in/bin[1]_INST_0_i_1/O
                         net (fo=1, routed)           0.144    21.326    i_cheshire_soc/gen_llc_atomics.i_llc_atomics/i_axi_riscv_atomics_wrap/i_atomics/i_lrsc/i_write_in_flight_queue/i_id_ohb_in/bin[1]_INST_0_i_1_n_0
    SLICE_X84Y699        LUT5 (Prop_E6LUT_SLICEM_I4_O)
                                                      0.124    21.450 r  i_cheshire_soc/gen_llc_atomics.i_llc_atomics/i_axi_riscv_atomics_wrap/i_atomics/i_lrsc/i_write_in_flight_queue/i_id_ohb_in/bin[1]_INST_0/O
                         net (fo=34, routed)          0.580    22.030    i_cheshire_soc/gen_llc_atomics.i_llc_atomics/i_axi_riscv_atomics_wrap/i_atomics/i_lrsc/i_write_in_flight_queue/match_in_idx[1]
    SLICE_X91Y694        LUT6 (Prop_G6LUT_SLICEL_I2_O)
                                                      0.097    22.127 f  i_cheshire_soc/gen_llc_atomics.i_llc_atomics/i_axi_riscv_atomics_wrap/i_atomics/i_lrsc/i_write_in_flight_queue/gen_data_ffs[15].linked_data_q[15][next][3]_i_23/O
                         net (fo=1, routed)           0.300    22.427    i_cheshire_soc/gen_llc_atomics.i_llc_atomics/i_axi_riscv_atomics_wrap/i_atomics/i_lrsc/i_write_in_flight_queue/gen_data_ffs[15].linked_data_q[15][next][3]_i_23_n_0
    SLICE_X90Y702        LUT6 (Prop_D6LUT_SLICEM_I0_O)
                                                      0.051    22.478 r  i_cheshire_soc/gen_llc_atomics.i_llc_atomics/i_axi_riscv_atomics_wrap/i_atomics/i_lrsc/i_write_in_flight_queue/gen_data_ffs[15].linked_data_q[15][next][3]_i_10/O
                         net (fo=16, routed)          0.499    22.977    i_cheshire_soc/gen_llc_atomics.i_llc_atomics/i_axi_riscv_atomics_wrap/i_atomics/i_lrsc/i_write_in_flight_queue/gen_data_ffs[15].linked_data_q[15][next][3]_i_10_n_0
    SLICE_X80Y705        LUT4 (Prop_D6LUT_SLICEM_I3_O)
                                                      0.051    23.028 r  i_cheshire_soc/gen_llc_atomics.i_llc_atomics/i_axi_riscv_atomics_wrap/i_atomics/i_lrsc/i_write_in_flight_queue/gen_data_ffs[0].linked_data_q[0][next][3]_i_3/O
                         net (fo=5, routed)           0.545    23.573    i_cheshire_soc/gen_llc_atomics.i_llc_atomics/i_axi_riscv_atomics_wrap/i_atomics/i_lrsc/i_write_in_flight_queue/gen_data_ffs[0].linked_data_q[0][next][3]_i_3_n_0
    SLICE_X86Y695        LUT3 (Prop_D6LUT_SLICEL_I1_O)
                                                      0.089    23.662 f  i_cheshire_soc/gen_llc_atomics.i_llc_atomics/i_axi_riscv_atomics_wrap/i_atomics/i_lrsc/i_write_in_flight_queue/gen_data_ffs[0].linked_data_q[0][next][0]_i_2/O
                         net (fo=1, routed)           0.455    24.117    i_cheshire_soc/gen_llc_atomics.i_llc_atomics/i_axi_riscv_atomics_wrap/i_atomics/i_lrsc/i_write_in_flight_queue/gen_data_ffs[0].linked_data_q[0][next][0]_i_2_n_0
    SLICE_X77Y704        LUT6 (Prop_C6LUT_SLICEL_I1_O)
                                                      0.088    24.205 r  i_cheshire_soc/gen_llc_atomics.i_llc_atomics/i_axi_riscv_atomics_wrap/i_atomics/i_lrsc/i_write_in_flight_queue/gen_data_ffs[0].linked_data_q[0][next][0]_i_1/O
                         net (fo=1, routed)           0.050    24.255    i_cheshire_soc/gen_llc_atomics.i_llc_atomics/i_axi_riscv_atomics_wrap/i_atomics/i_lrsc/i_write_in_flight_queue/linked_data_d[0][next][0]
    SLICE_X77Y704        FDCE                                         r  i_cheshire_soc/gen_llc_atomics.i_llc_atomics/i_axi_riscv_atomics_wrap/i_atomics/i_lrsc/i_write_in_flight_queue/gen_data_ffs[0].linked_data_q_reg[0][next][0]/D
  -------------------------------------------------------------------    -------------------

                         (clock clk_50_clkwiz rise edge)
                                                     20.000    20.000 r  
    E12                                               0.000    20.000 r  sys_clk_p (IN)
                         net (fo=0)                   0.000    20.000    i_bufds_sys_clk/I
    HPIOBDIFFINBUF_X1Y300
                         DIFFINBUF (Prop_DIFFINBUF_HPIOBDIFFINBUF_DIFF_IN_P_O)
                                                      0.564    20.564 r  i_bufds_sys_clk/DIFFINBUF_INST/O
                         net (fo=1, routed)           0.040    20.604    i_bufds_sys_clk/OUT
    E12                  IBUFCTRL (Prop_IBUFCTRL_HPIOB_M_I_O)
                                                      0.000    20.604 r  i_bufds_sys_clk/IBUFCTRL_INST/O
                         net (fo=1, routed)           0.297    20.901    sys_clk
    BUFGCE_X1Y289        BUFGCE (Prop_BUFCE_BUFGCE_I_O)
                                                      0.024    20.925 r  sys_clk_BUFGCE_inst/O
                         net (fo=19, routed)          0.876    21.801    i_clkwiz/inst/clk_in1
    MMCM_X1Y11           MMCME4_ADV (Prop_MMCM_CLKIN1_CLKOUT0)
                                                      0.630    22.431 r  i_clkwiz/inst/mmcme4_adv_inst/CLKOUT0
                         net (fo=1, routed)           0.214    22.645    i_clkwiz/inst/clk_50_clkwiz
    BUFGCE_X1Y266        BUFGCE (Prop_BUFCE_BUFGCE_I_O)
                                                      0.024    22.669 r  i_clkwiz/inst/clkout1_buf/O
    X2Y7 (CLOCK_ROOT)    net (fo=198306, routed)      3.238    25.907    i_cheshire_soc/gen_llc_atomics.i_llc_atomics/i_axi_riscv_atomics_wrap/i_atomics/i_lrsc/i_write_in_flight_queue/clk_i
    SLICE_X77Y704        FDCE                                         r  i_cheshire_soc/gen_llc_atomics.i_llc_atomics/i_axi_riscv_atomics_wrap/i_atomics/i_lrsc/i_write_in_flight_queue/gen_data_ffs[0].linked_data_q_reg[0][next][0]/C
                         clock pessimism             -0.168    25.739    
                         clock uncertainty           -0.083    25.656    
    SLICE_X77Y704        FDCE (Setup_CFF_SLICEL_C_D)
                                                      0.025    25.681    i_cheshire_soc/gen_llc_atomics.i_llc_atomics/i_axi_riscv_atomics_wrap/i_atomics/i_lrsc/i_write_in_flight_queue/gen_data_ffs[0].linked_data_q_reg[0][next][0]
  -------------------------------------------------------------------
                         required time                         25.681    
                         arrival time                         -24.255    
  -------------------------------------------------------------------
                         slack                                  1.426    





Min Delay Paths
--------------------------------------------------------------------------------------
Slack (MET) :             0.010ns  (arrival time - required time)
  Source:                 i_cheshire_soc/gen_cva6_cores[0].gen_ara.i_ara/gen_lanes[0].i_lane/i_vfus/i_valu/i_mask_operand_register/spill_register_flushable_i/gen_spill_reg.a_data_q_reg[34]/C
                            (rising edge-triggered cell FDCE clocked by clk_50_clkwiz  {rise@0.000ns fall@10.000ns period=20.000ns})
  Destination:            i_cheshire_soc/gen_cva6_cores[0].gen_ara.i_ara/gen_lanes[0].i_lane/i_vfus/i_valu/i_mask_operand_register/spill_register_flushable_i/gen_spill_reg.b_data_q_reg[34]/D
                            (rising edge-triggered cell FDCE clocked by clk_50_clkwiz  {rise@0.000ns fall@10.000ns period=20.000ns})
  Path Group:             clk_50_clkwiz
  Path Type:              Hold (Min at Slow Process Corner)
  Requirement:            0.000ns  (clk_50_clkwiz rise@0.000ns - clk_50_clkwiz rise@0.000ns)
  Data Path Delay:        0.293ns  (logic 0.058ns (19.795%)  route 0.235ns (80.205%))
  Logic Levels:           0  
  Clock Path Skew:        0.221ns (DCD - SCD - CPR)
    Destination Clock Delay (DCD):    6.015ns
    Source Clock Delay      (SCD):    6.065ns
    Clock Pessimism Removal (CPR):    -0.272ns
  Clock Net Delay (Source):      3.396ns (routing 1.700ns, distribution 1.696ns)
  Clock Net Delay (Destination): 3.791ns (routing 1.870ns, distribution 1.921ns)

    Location             Delay type                Incr(ns)  Path(ns)    Netlist Resource(s)
  -------------------------------------------------------------------    -------------------
                         (clock clk_50_clkwiz rise edge)
                                                      0.000     0.000 r  
    E12                                               0.000     0.000 r  sys_clk_p (IN)
                         net (fo=0)                   0.000     0.000    i_bufds_sys_clk/I
    HPIOBDIFFINBUF_X1Y300
                         DIFFINBUF (Prop_DIFFINBUF_HPIOBDIFFINBUF_DIFF_IN_P_O)
                                                      0.564     0.564 r  i_bufds_sys_clk/DIFFINBUF_INST/O
                         net (fo=1, routed)           0.040     0.604    i_bufds_sys_clk/OUT
    E12                  IBUFCTRL (Prop_IBUFCTRL_HPIOB_M_I_O)
                                                      0.000     0.604 r  i_bufds_sys_clk/IBUFCTRL_INST/O
                         net (fo=1, routed)           0.297     0.901    sys_clk
    BUFGCE_X1Y289        BUFGCE (Prop_BUFCE_BUFGCE_I_O)
                                                      0.024     0.925 r  sys_clk_BUFGCE_inst/O
                         net (fo=19, routed)          0.876     1.801    i_clkwiz/inst/clk_in1
    MMCM_X1Y11           MMCME4_ADV (Prop_MMCM_CLKIN1_CLKOUT0)
                                                      0.630     2.431 r  i_clkwiz/inst/mmcme4_adv_inst/CLKOUT0
                         net (fo=1, routed)           0.214     2.645    i_clkwiz/inst/clk_50_clkwiz
    BUFGCE_X1Y266        BUFGCE (Prop_BUFCE_BUFGCE_I_O)
                                                      0.024     2.669 r  i_clkwiz/inst/clkout1_buf/O
    X2Y7 (CLOCK_ROOT)    net (fo=198306, routed)      3.396     6.065    i_cheshire_soc/gen_cva6_cores[0].gen_ara.i_ara/gen_lanes[0].i_lane/i_vfus/i_valu/i_mask_operand_register/spill_register_flushable_i/clk_i
    SLR Crossing[2->1]   
    SLICE_X127Y437       FDCE                                         r  i_cheshire_soc/gen_cva6_cores[0].gen_ara.i_ara/gen_lanes[0].i_lane/i_vfus/i_valu/i_mask_operand_register/spill_register_flushable_i/gen_spill_reg.a_data_q_reg[34]/C
  -------------------------------------------------------------------    -------------------
    SLICE_X127Y437       FDCE (Prop_EFF_SLICEM_C_Q)
                                                      0.058     6.123 r  i_cheshire_soc/gen_cva6_cores[0].gen_ara.i_ara/gen_lanes[0].i_lane/i_vfus/i_valu/i_mask_operand_register/spill_register_flushable_i/gen_spill_reg.a_data_q_reg[34]/Q
                         net (fo=2, routed)           0.235     6.358    i_cheshire_soc/gen_cva6_cores[0].gen_ara.i_ara/gen_lanes[0].i_lane/i_vfus/i_valu/i_mask_operand_register/spill_register_flushable_i/gen_spill_reg.a_data_q[34]
    SLICE_X127Y409       FDCE                                         r  i_cheshire_soc/gen_cva6_cores[0].gen_ara.i_ara/gen_lanes[0].i_lane/i_vfus/i_valu/i_mask_operand_register/spill_register_flushable_i/gen_spill_reg.b_data_q_reg[34]/D
  -------------------------------------------------------------------    -------------------

                         (clock clk_50_clkwiz rise edge)
                                                      0.000     0.000 r  
    E12                                               0.000     0.000 r  sys_clk_p (IN)
                         net (fo=0)                   0.000     0.000    i_bufds_sys_clk/I
    HPIOBDIFFINBUF_X1Y300
                         DIFFINBUF (Prop_DIFFINBUF_HPIOBDIFFINBUF_DIFF_IN_P_O)
                                                      0.675     0.675 r  i_bufds_sys_clk/DIFFINBUF_INST/O
                         net (fo=1, routed)           0.050     0.725    i_bufds_sys_clk/OUT
    E12                  IBUFCTRL (Prop_IBUFCTRL_HPIOB_M_I_O)
                                                      0.000     0.725 r  i_bufds_sys_clk/IBUFCTRL_INST/O
                         net (fo=1, routed)           0.335     1.060    sys_clk
    BUFGCE_X1Y289        BUFGCE (Prop_BUFCE_BUFGCE_I_O)
                                                      0.028     1.088 r  sys_clk_BUFGCE_inst/O
                         net (fo=19, routed)          0.991     2.079    i_clkwiz/inst/clk_in1
    MMCM_X1Y11           MMCME4_ADV (Prop_MMCM_CLKIN1_CLKOUT0)
                                                     -0.127     1.952 r  i_clkwiz/inst/mmcme4_adv_inst/CLKOUT0
                         net (fo=1, routed)           0.244     2.196    i_clkwiz/inst/clk_50_clkwiz
    BUFGCE_X1Y266        BUFGCE (Prop_BUFCE_BUFGCE_I_O)
                                                      0.028     2.224 r  i_clkwiz/inst/clkout1_buf/O
    X2Y7 (CLOCK_ROOT)    net (fo=198306, routed)      3.791     6.015    i_cheshire_soc/gen_cva6_cores[0].gen_ara.i_ara/gen_lanes[0].i_lane/i_vfus/i_valu/i_mask_operand_register/spill_register_flushable_i/clk_i
    SLR Crossing[2->1]   
    SLICE_X127Y409       FDCE                                         r  i_cheshire_soc/gen_cva6_cores[0].gen_ara.i_ara/gen_lanes[0].i_lane/i_vfus/i_valu/i_mask_operand_register/spill_register_flushable_i/gen_spill_reg.b_data_q_reg[34]/C
                         clock pessimism              0.272     6.286    
    SLICE_X127Y409       FDCE (Hold_FFF2_SLICEM_C_D)
                                                      0.062     6.348    i_cheshire_soc/gen_cva6_cores[0].gen_ara.i_ara/gen_lanes[0].i_lane/i_vfus/i_valu/i_mask_operand_register/spill_register_flushable_i/gen_spill_reg.b_data_q_reg[34]
  -------------------------------------------------------------------
                         required time                         -6.348    
                         arrival time                           6.358    
  -------------------------------------------------------------------
                         slack                                  0.010    





Pulse Width Checks
--------------------------------------------------------------------------------------
Clock Name:         clk_50_clkwiz
Waveform(ns):       { 0.000 10.000 }
Period(ns):         20.000
Sources:            { i_clkwiz/inst/mmcme4_adv_inst/CLKOUT0 }

Check Type        Corner  Lib Pin      Reference Pin  Required(ns)  Actual(ns)  Slack(ns)  Location        Pin
Min Period        n/a     URAM288/CLK  n/a            2.000         20.000      18.000     URAM288_X0Y220  i_cheshire_soc/gen_llc.i_llc/i_axi_llc_top_raw/i_llc_ways/gen_data_ways[0].i_data_way/i_data_sram/gen_1_ports.i_xpm_memory_spram/xpm_memory_base_inst/gen_wr_a.gen_byte_narrow.for_mem_cols[1].mem_reg_uram_0/CLK
Low Pulse Width   Fast    URAM288/CLK  n/a            0.700         10.000      9.300      URAM288_X0Y224  i_cheshire_soc/gen_llc.i_llc/i_axi_llc_top_raw/i_llc_ways/gen_data_ways[1].i_data_way/i_data_sram/gen_1_ports.i_xpm_memory_spram/xpm_memory_base_inst/gen_wr_a.gen_byte_narrow.for_mem_cols[1].mem_reg_uram_0/CLK
High Pulse Width  Slow    URAM288/CLK  n/a            0.700         10.000      9.300      URAM288_X0Y220  i_cheshire_soc/gen_llc.i_llc/i_axi_llc_top_raw/i_llc_ways/gen_data_ways[0].i_data_way/i_data_sram/gen_1_ports.i_xpm_memory_spram/xpm_memory_base_inst/gen_wr_a.gen_byte_narrow.for_mem_cols[1].mem_reg_uram_0/CLK



---------------------------------------------------------------------------------------------------
From Clock:  mmcm_clkout0
  To Clock:  mmcm_clkout0

Setup :            0  Failing Endpoints,  Worst Slack        0.102ns,  Total Violation        0.000ns
Hold  :            0  Failing Endpoints,  Worst Slack        0.012ns,  Total Violation        0.000ns
PW    :            0  Failing Endpoints,  Worst Slack        0.905ns,  Total Violation        0.000ns
---------------------------------------------------------------------------------------------------


Max Delay Paths
--------------------------------------------------------------------------------------
Slack (MET) :             0.102ns  (required time - arrival time)
  Source:                 i_dram_wrapper/gen_cdc.i_axi_cdc_mig/i_axi_cdc_dst/i_cdc_fifo_gray_dst_w/i_spill_register/spill_register_flushable_i/gen_spill_reg.a_data_q_reg[data][143]/C
                            (rising edge-triggered cell FDCE clocked by mmcm_clkout0  {rise@0.000ns fall@1.667ns period=3.333ns})
  Destination:            i_dram_wrapper/i_dram/inst/u_ddr4_mem_intfc/u_ddr_ui/u_ddr_ui_wr_data/wr_buffer_ram[23].RAM32M0/RAMA_D1/I
                            (rising edge-triggered cell RAMD32 clocked by mmcm_clkout0  {rise@0.000ns fall@1.667ns period=3.333ns})
  Path Group:             mmcm_clkout0
  Path Type:              Setup (Max at Slow Process Corner)
  Requirement:            3.333ns  (mmcm_clkout0 rise@3.333ns - mmcm_clkout0 rise@0.000ns)
  Data Path Delay:        2.770ns  (logic 0.331ns (11.949%)  route 2.439ns (88.051%))
  Logic Levels:           3  (LUT3=2 LUT5=1)
  Clock Path Skew:        -0.330ns (DCD - SCD + CPR)
    Destination Clock Delay (DCD):    4.440ns = ( 7.774 - 3.333 ) 
    Source Clock Delay      (SCD):    4.397ns
    Clock Pessimism Removal (CPR):    -0.374ns
  Clock Uncertainty:      0.052ns  ((TSJ^2 + DJ^2)^1/2) / 2 + PE
    Total System Jitter     (TSJ):    0.071ns
    Discrete Jitter          (DJ):    0.076ns
    Phase Error              (PE):    0.000ns
  Clock Net Delay (Source):      2.263ns (routing 0.854ns, distribution 1.409ns)
  Clock Net Delay (Destination): 1.852ns (routing 0.777ns, distribution 1.075ns)

    Location             Delay type                Incr(ns)  Path(ns)    Netlist Resource(s)
  -------------------------------------------------------------------    -------------------
                         (clock mmcm_clkout0 rise edge)
                                                      0.000     0.000 r  
    E12                                               0.000     0.000 r  sys_clk_p (IN)
                         net (fo=0)                   0.000     0.000    i_bufds_sys_clk/I
    HPIOBDIFFINBUF_X1Y300
                         DIFFINBUF (Prop_DIFFINBUF_HPIOBDIFFINBUF_DIFF_IN_P_O)
                                                      0.675     0.675 r  i_bufds_sys_clk/DIFFINBUF_INST/O
                         net (fo=1, routed)           0.050     0.725    i_bufds_sys_clk/OUT
    E12                  IBUFCTRL (Prop_IBUFCTRL_HPIOB_M_I_O)
                                                      0.000     0.725 r  i_bufds_sys_clk/IBUFCTRL_INST/O
                         net (fo=1, routed)           0.335     1.060    sys_clk
    BUFGCE_X1Y289        BUFGCE (Prop_BUFCE_BUFGCE_I_O)
                                                      0.028     1.088 r  sys_clk_BUFGCE_inst/O
                         net (fo=19, routed)          0.901     1.989    i_dram_wrapper/i_dram/inst/u_ddr4_infrastructure/mmcm_clk_in
    MMCM_X1Y13           MMCME4_ADV (Prop_MMCM_CLKIN1_CLKOUT0)
                                                     -0.127     1.862 r  i_dram_wrapper/i_dram/inst/u_ddr4_infrastructure/gen_mmcme4.u_mmcme_adv_inst/CLKOUT0
                         net (fo=1, routed)           0.244     2.106    i_dram_wrapper/i_dram/inst/u_ddr4_infrastructure/mmcm_clkout0
    BUFGCE_X1Y332        BUFGCE (Prop_BUFCE_BUFGCE_I_O)
                                                      0.028     2.134 r  i_dram_wrapper/i_dram/inst/u_ddr4_infrastructure/u_bufg_divClk/O
    X4Y12 (CLOCK_ROOT)   net (fo=36893, routed)       2.263     4.397    i_dram_wrapper/gen_cdc.i_axi_cdc_mig/i_axi_cdc_dst/i_cdc_fifo_gray_dst_w/i_spill_register/spill_register_flushable_i/clk_i
    SLICE_X108Y672       FDCE                                         r  i_dram_wrapper/gen_cdc.i_axi_cdc_mig/i_axi_cdc_dst/i_cdc_fifo_gray_dst_w/i_spill_register/spill_register_flushable_i/gen_spill_reg.a_data_q_reg[data][143]/C
  -------------------------------------------------------------------    -------------------
    SLICE_X108Y672       FDCE (Prop_DFF_SLICEM_C_Q)
                                                      0.078     4.475 r  i_dram_wrapper/gen_cdc.i_axi_cdc_mig/i_axi_cdc_dst/i_cdc_fifo_gray_dst_w/i_spill_register/spill_register_flushable_i/gen_spill_reg.a_data_q_reg[data][143]/Q
                         net (fo=2, routed)           1.209     5.684    i_dram_wrapper/gen_cdc.i_axi_cdc_mig/i_axi_cdc_dst/i_cdc_fifo_gray_dst_w/i_spill_register/spill_register_flushable_i/gen_spill_reg.a_data_q_reg[data][143]
    SLICE_X111Y749       LUT3 (Prop_D5LUT_SLICEL_I1_O)
                                                      0.066     5.750 r  i_dram_wrapper/gen_cdc.i_axi_cdc_mig/i_axi_cdc_dst/i_cdc_fifo_gray_dst_w/i_spill_register/spill_register_flushable_i/data_o[data][143]_INST_0/O
                         net (fo=2, routed)           0.741     6.491    i_dram_wrapper/i_dram/inst/u_ddr_axi/axi_w_channel_0/c0_ddr4_s_axi_wdata[143]
    SLICE_X123Y749       LUT5 (Prop_C6LUT_SLICEM_I0_O)
                                                      0.098     6.589 r  i_dram_wrapper/i_dram/inst/u_ddr_axi/axi_w_channel_0/app_wdf_data_r1[143]_i_1/O
                         net (fo=2, routed)           0.135     6.724    i_dram_wrapper/i_dram/inst/u_ddr4_mem_intfc/u_ddr_ui/u_ddr_ui_wr_data/c0_ddr4_app_wdf_data[143]
    SLICE_X122Y747       LUT3 (Prop_F6LUT_SLICEL_I0_O)
                                                      0.089     6.813 r  i_dram_wrapper/i_dram/inst/u_ddr4_mem_intfc/u_ddr_ui/u_ddr_ui_wr_data/wr_buffer_ram[23].RAM32M0_i_1/O
                         net (fo=1, routed)           0.354     7.167    i_dram_wrapper/i_dram/inst/u_ddr4_mem_intfc/u_ddr_ui/u_ddr_ui_wr_data/wr_buffer_ram[23].RAM32M0/DIA1
    SLICE_X125Y752       RAMD32                                       r  i_dram_wrapper/i_dram/inst/u_ddr4_mem_intfc/u_ddr_ui/u_ddr_ui_wr_data/wr_buffer_ram[23].RAM32M0/RAMA_D1/I
  -------------------------------------------------------------------    -------------------

                         (clock mmcm_clkout0 rise edge)
                                                      3.333     3.333 r  
    E12                                               0.000     3.333 r  sys_clk_p (IN)
                         net (fo=0)                   0.000     3.333    i_bufds_sys_clk/I
    HPIOBDIFFINBUF_X1Y300
                         DIFFINBUF (Prop_DIFFINBUF_HPIOBDIFFINBUF_DIFF_IN_P_O)
                                                      0.564     3.898 r  i_bufds_sys_clk/DIFFINBUF_INST/O
                         net (fo=1, routed)           0.040     3.938    i_bufds_sys_clk/OUT
    E12                  IBUFCTRL (Prop_IBUFCTRL_HPIOB_M_I_O)
                                                      0.000     3.938 r  i_bufds_sys_clk/IBUFCTRL_INST/O
                         net (fo=1, routed)           0.297     4.235    sys_clk
    BUFGCE_X1Y289        BUFGCE (Prop_BUFCE_BUFGCE_I_O)
                                                      0.024     4.259 r  sys_clk_BUFGCE_inst/O
                         net (fo=19, routed)          0.795     5.054    i_dram_wrapper/i_dram/inst/u_ddr4_infrastructure/mmcm_clk_in
    MMCM_X1Y13           MMCME4_ADV (Prop_MMCM_CLKIN1_CLKOUT0)
                                                      0.630     5.684 r  i_dram_wrapper/i_dram/inst/u_ddr4_infrastructure/gen_mmcme4.u_mmcme_adv_inst/CLKOUT0
                         net (fo=1, routed)           0.214     5.898    i_dram_wrapper/i_dram/inst/u_ddr4_infrastructure/mmcm_clkout0
    BUFGCE_X1Y332        BUFGCE (Prop_BUFCE_BUFGCE_I_O)
                                                      0.024     5.922 r  i_dram_wrapper/i_dram/inst/u_ddr4_infrastructure/u_bufg_divClk/O
    X4Y12 (CLOCK_ROOT)   net (fo=36893, routed)       1.852     7.774    i_dram_wrapper/i_dram/inst/u_ddr4_mem_intfc/u_ddr_ui/u_ddr_ui_wr_data/wr_buffer_ram[23].RAM32M0/WCLK
    SLICE_X125Y752       RAMD32                                       r  i_dram_wrapper/i_dram/inst/u_ddr4_mem_intfc/u_ddr_ui/u_ddr_ui_wr_data/wr_buffer_ram[23].RAM32M0/RAMA_D1/CLK
                         clock pessimism             -0.374     7.400    
                         clock uncertainty           -0.052     7.348    
    SLICE_X125Y752       RAMD32 (Setup_A6LUT_SLICEM_CLK_I)
                                                     -0.079     7.269    i_dram_wrapper/i_dram/inst/u_ddr4_mem_intfc/u_ddr_ui/u_ddr_ui_wr_data/wr_buffer_ram[23].RAM32M0/RAMA_D1
  -------------------------------------------------------------------
                         required time                          7.269    
                         arrival time                          -7.167    
  -------------------------------------------------------------------
                         slack                                  0.102    





Min Delay Paths
--------------------------------------------------------------------------------------
Slack (MET) :             0.012ns  (arrival time - required time)
  Source:                 i_dram_wrapper/i_dram/inst/u_ddr4_mem_intfc/u_ddr_cal_top/u_ddr_cal/u_ddr_cal_addr_decode/u_ddr_cal_cplx/cplx_DQOut_reg[88]/C
                            (rising edge-triggered cell FDRE clocked by mmcm_clkout0  {rise@0.000ns fall@1.667ns period=3.333ns})
  Destination:            i_dram_wrapper/i_dram/inst/u_ddr4_mem_intfc/u_ddr_cal_top/u_ddr_cal/u_ddr_cal_addr_decode/cal_DQOut_reg[88]/D
                            (rising edge-triggered cell FDRE clocked by mmcm_clkout0  {rise@0.000ns fall@1.667ns period=3.333ns})
  Path Group:             mmcm_clkout0
  Path Type:              Hold (Min at Slow Process Corner)
  Requirement:            0.000ns  (mmcm_clkout0 rise@0.000ns - mmcm_clkout0 rise@0.000ns)
  Data Path Delay:        0.182ns  (logic 0.096ns (52.747%)  route 0.086ns (47.253%))
  Logic Levels:           1  (LUT3=1)
  Clock Path Skew:        0.110ns (DCD - SCD - CPR)
    Destination Clock Delay (DCD):    4.266ns
    Source Clock Delay      (SCD):    4.468ns
    Clock Pessimism Removal (CPR):    -0.313ns
  Clock Net Delay (Source):      1.880ns (routing 0.777ns, distribution 1.103ns)
  Clock Net Delay (Destination): 2.132ns (routing 0.854ns, distribution 1.278ns)

    Location             Delay type                Incr(ns)  Path(ns)    Netlist Resource(s)
  -------------------------------------------------------------------    -------------------
                         (clock mmcm_clkout0 rise edge)
                                                      0.000     0.000 r  
    E12                                               0.000     0.000 r  sys_clk_p (IN)
                         net (fo=0)                   0.000     0.000    i_bufds_sys_clk/I
    HPIOBDIFFINBUF_X1Y300
                         DIFFINBUF (Prop_DIFFINBUF_HPIOBDIFFINBUF_DIFF_IN_P_O)
                                                      0.564     0.564 r  i_bufds_sys_clk/DIFFINBUF_INST/O
                         net (fo=1, routed)           0.040     0.604    i_bufds_sys_clk/OUT
    E12                  IBUFCTRL (Prop_IBUFCTRL_HPIOB_M_I_O)
                                                      0.000     0.604 r  i_bufds_sys_clk/IBUFCTRL_INST/O
                         net (fo=1, routed)           0.297     0.901    sys_clk
    BUFGCE_X1Y289        BUFGCE (Prop_BUFCE_BUFGCE_I_O)
                                                      0.024     0.925 r  sys_clk_BUFGCE_inst/O
                         net (fo=19, routed)          0.795     1.720    i_dram_wrapper/i_dram/inst/u_ddr4_infrastructure/mmcm_clk_in
    MMCM_X1Y13           MMCME4_ADV (Prop_MMCM_CLKIN1_CLKOUT0)
                                                      0.630     2.350 r  i_dram_wrapper/i_dram/inst/u_ddr4_infrastructure/gen_mmcme4.u_mmcme_adv_inst/CLKOUT0
                         net (fo=1, routed)           0.214     2.564    i_dram_wrapper/i_dram/inst/u_ddr4_infrastructure/mmcm_clkout0
    BUFGCE_X1Y332        BUFGCE (Prop_BUFCE_BUFGCE_I_O)
                                                      0.024     2.588 r  i_dram_wrapper/i_dram/inst/u_ddr4_infrastructure/u_bufg_divClk/O
    X4Y12 (CLOCK_ROOT)   net (fo=36893, routed)       1.880     4.468    i_dram_wrapper/i_dram/inst/u_ddr4_mem_intfc/u_ddr_cal_top/u_ddr_cal/u_ddr_cal_addr_decode/u_ddr_cal_cplx/rd_addr_101_reg_rep
    SLICE_X122Y818       FDRE                                         r  i_dram_wrapper/i_dram/inst/u_ddr4_mem_intfc/u_ddr_cal_top/u_ddr_cal/u_ddr_cal_addr_decode/u_ddr_cal_cplx/cplx_DQOut_reg[88]/C
  -------------------------------------------------------------------    -------------------
    SLICE_X122Y818       FDRE (Prop_DFF2_SLICEL_C_Q)
                                                      0.061     4.529 r  i_dram_wrapper/i_dram/inst/u_ddr4_mem_intfc/u_ddr_cal_top/u_ddr_cal/u_ddr_cal_addr_decode/u_ddr_cal_cplx/cplx_DQOut_reg[88]/Q
                         net (fo=1, routed)           0.056     4.585    i_dram_wrapper/i_dram/inst/u_ddr4_mem_intfc/u_ddr_cal_top/u_ddr_cal/u_ddr_cal_addr_decode/u_ddr_cal_cplx/cplx_DQOut[88]
    SLICE_X123Y818       LUT3 (Prop_G6LUT_SLICEM_I0_O)
                                                      0.035     4.620 r  i_dram_wrapper/i_dram/inst/u_ddr4_mem_intfc/u_ddr_cal_top/u_ddr_cal/u_ddr_cal_addr_decode/u_ddr_cal_cplx/cal_DQOut[88]_i_1/O
                         net (fo=1, routed)           0.030     4.650    i_dram_wrapper/i_dram/inst/u_ddr4_mem_intfc/u_ddr_cal_top/u_ddr_cal/u_ddr_cal_addr_decode/cal_DQOut_nxt[88]
    SLICE_X123Y818       FDRE                                         r  i_dram_wrapper/i_dram/inst/u_ddr4_mem_intfc/u_ddr_cal_top/u_ddr_cal/u_ddr_cal_addr_decode/cal_DQOut_reg[88]/D
  -------------------------------------------------------------------    -------------------

                         (clock mmcm_clkout0 rise edge)
                                                      0.000     0.000 r  
    E12                                               0.000     0.000 r  sys_clk_p (IN)
                         net (fo=0)                   0.000     0.000    i_bufds_sys_clk/I
    HPIOBDIFFINBUF_X1Y300
                         DIFFINBUF (Prop_DIFFINBUF_HPIOBDIFFINBUF_DIFF_IN_P_O)
                                                      0.675     0.675 r  i_bufds_sys_clk/DIFFINBUF_INST/O
                         net (fo=1, routed)           0.050     0.725    i_bufds_sys_clk/OUT
    E12                  IBUFCTRL (Prop_IBUFCTRL_HPIOB_M_I_O)
                                                      0.000     0.725 r  i_bufds_sys_clk/IBUFCTRL_INST/O
                         net (fo=1, routed)           0.335     1.060    sys_clk
    BUFGCE_X1Y289        BUFGCE (Prop_BUFCE_BUFGCE_I_O)
                                                      0.028     1.088 r  sys_clk_BUFGCE_inst/O
                         net (fo=19, routed)          0.901     1.989    i_dram_wrapper/i_dram/inst/u_ddr4_infrastructure/mmcm_clk_in
    MMCM_X1Y13           MMCME4_ADV (Prop_MMCM_CLKIN1_CLKOUT0)
                                                     -0.127     1.862 r  i_dram_wrapper/i_dram/inst/u_ddr4_infrastructure/gen_mmcme4.u_mmcme_adv_inst/CLKOUT0
                         net (fo=1, routed)           0.244     2.106    i_dram_wrapper/i_dram/inst/u_ddr4_infrastructure/mmcm_clkout0
    BUFGCE_X1Y332        BUFGCE (Prop_BUFCE_BUFGCE_I_O)
                                                      0.028     2.134 r  i_dram_wrapper/i_dram/inst/u_ddr4_infrastructure/u_bufg_divClk/O
    X4Y12 (CLOCK_ROOT)   net (fo=36893, routed)       2.132     4.266    i_dram_wrapper/i_dram/inst/u_ddr4_mem_intfc/u_ddr_cal_top/u_ddr_cal/u_ddr_cal_addr_decode/odt_shift_reg[0][20]
    SLICE_X123Y818       FDRE                                         r  i_dram_wrapper/i_dram/inst/u_ddr4_mem_intfc/u_ddr_cal_top/u_ddr_cal/u_ddr_cal_addr_decode/cal_DQOut_reg[88]/C
                         clock pessimism              0.313     4.578    
    SLICE_X123Y818       FDRE (Hold_GFF_SLICEM_C_D)
                                                      0.060     4.638    i_dram_wrapper/i_dram/inst/u_ddr4_mem_intfc/u_ddr_cal_top/u_ddr_cal/u_ddr_cal_addr_decode/cal_DQOut_reg[88]
  -------------------------------------------------------------------
                         required time                         -4.638    
                         arrival time                           4.650    
  -------------------------------------------------------------------
                         slack                                  0.012    





Pulse Width Checks
--------------------------------------------------------------------------------------
Clock Name:         mmcm_clkout0
Waveform(ns):       { 0.000 1.667 }
Period(ns):         3.333
Sources:            { i_dram_wrapper/i_dram/inst/u_ddr4_infrastructure/gen_mmcme4.u_mmcme_adv_inst/CLKOUT0 }

Check Type        Corner  Lib Pin                    Reference Pin  Required(ns)  Actual(ns)  Slack(ns)  Location               Pin
Min Period        n/a     RXTX_BITSLICE/FIFO_RD_CLK  n/a            1.694         3.333       1.639      BITSLICE_RX_TX_X1Y624  i_dram_wrapper/i_dram/inst/u_ddr4_mem_intfc/u_mig_ddr4_phy/inst/generate_block1.u_ddr_xiphy/byte_num[0].xiphy_byte_wrapper.u_xiphy_byte_wrapper/I_BITSLICE_LOWER[0].GEN_RXTX_BITSLICE_EN.u_xiphy_bitslice_lower/xiphy_rxtx_bitslice/FIFO_RD_CLK
Max Period        n/a     PLLE4_ADV/CLKIN            n/a            14.286        3.333       10.953     PLL_X1Y24              i_dram_wrapper/i_dram/inst/u_ddr4_mem_intfc/u_mig_ddr4_phy/inst/u_ddr4_phy_pll/plle_loop[0].gen_plle4.PLLE4_BASE_INST_OTHER/CLKIN
Low Pulse Width   Slow    RXTX_BITSLICE/FIFO_RD_CLK  n/a            0.762         1.667       0.905      BITSLICE_RX_TX_X1Y626  i_dram_wrapper/i_dram/inst/u_ddr4_mem_intfc/u_mig_ddr4_phy/inst/generate_block1.u_ddr_xiphy/byte_num[0].xiphy_byte_wrapper.u_xiphy_byte_wrapper/I_BITSLICE_LOWER[2].GEN_RXTX_BITSLICE_EN.u_xiphy_bitslice_lower/xiphy_rxtx_bitslice/FIFO_RD_CLK
High Pulse Width  Fast    RXTX_BITSLICE/FIFO_RD_CLK  n/a            0.762         1.667       0.905      BITSLICE_RX_TX_X1Y624  i_dram_wrapper/i_dram/inst/u_ddr4_mem_intfc/u_mig_ddr4_phy/inst/generate_block1.u_ddr_xiphy/byte_num[0].xiphy_byte_wrapper.u_xiphy_byte_wrapper/I_BITSLICE_LOWER[0].GEN_RXTX_BITSLICE_EN.u_xiphy_bitslice_lower/xiphy_rxtx_bitslice/FIFO_RD_CLK



---------------------------------------------------------------------------------------------------
From Clock:  pll_clk[0]
  To Clock:  pll_clk[0]

Setup :           NA  Failing Endpoints,  Worst Slack           NA  ,  Total Violation           NA
Hold  :           NA  Failing Endpoints,  Worst Slack           NA  ,  Total Violation           NA
PW    :            0  Failing Endpoints,  Worst Slack        0.039ns,  Total Violation        0.000ns
---------------------------------------------------------------------------------------------------


Pulse Width Checks
--------------------------------------------------------------------------------------
Clock Name:         pll_clk[0]
Waveform(ns):       { 0.000 0.208 }
Period(ns):         0.417
Sources:            { i_dram_wrapper/i_dram/inst/u_ddr4_mem_intfc/u_mig_ddr4_phy/inst/u_ddr4_phy_pll/plle_loop[0].gen_plle4.PLLE4_BASE_INST_OTHER/CLKOUTPHY }

Check Type        Corner  Lib Pin                   Reference Pin             Required(ns)  Actual(ns)  Slack(ns)  Location                 Pin
Min Period        n/a     BITSLICE_CONTROL/PLL_CLK  n/a                       0.375         0.417       0.042      BITSLICE_CONTROL_X1Y96   i_dram_wrapper/i_dram/inst/u_ddr4_mem_intfc/u_mig_ddr4_phy/inst/generate_block1.u_ddr_xiphy/byte_num[0].xiphy_byte_wrapper.u_xiphy_byte_wrapper/I_CONTROL[0].GEN_I_CONTROL.u_xiphy_control/xiphy_control/PLL_CLK
Low Pulse Width   Fast    BITSLICE_CONTROL/PLL_CLK  n/a                       0.169         0.208       0.039      BITSLICE_CONTROL_X1Y100  i_dram_wrapper/i_dram/inst/u_ddr4_mem_intfc/u_mig_ddr4_phy/inst/generate_block1.u_ddr_xiphy/byte_num[2].xiphy_byte_wrapper.u_xiphy_byte_wrapper/I_CONTROL[0].GEN_I_CONTROL.u_xiphy_control/xiphy_control/PLL_CLK
High Pulse Width  Slow    BITSLICE_CONTROL/PLL_CLK  n/a                       0.169         0.208       0.039      BITSLICE_CONTROL_X1Y96   i_dram_wrapper/i_dram/inst/u_ddr4_mem_intfc/u_mig_ddr4_phy/inst/generate_block1.u_ddr_xiphy/byte_num[0].xiphy_byte_wrapper.u_xiphy_byte_wrapper/I_CONTROL[0].GEN_I_CONTROL.u_xiphy_control/xiphy_control/PLL_CLK
Max Skew          Fast    BITSLICE_CONTROL/PLL_CLK  BITSLICE_CONTROL/RIU_CLK  -0.300        -1.376      1.076      BITSLICE_CONTROL_X1Y96   i_dram_wrapper/i_dram/inst/u_ddr4_mem_intfc/u_mig_ddr4_phy/inst/generate_block1.u_ddr_xiphy/byte_num[0].xiphy_byte_wrapper.u_xiphy_byte_wrapper/I_CONTROL[0].GEN_I_CONTROL.u_xiphy_control/xiphy_control/PLL_CLK



---------------------------------------------------------------------------------------------------
From Clock:  pll_clk[0]_DIV
  To Clock:  pll_clk[0]_DIV

Setup :           NA  Failing Endpoints,  Worst Slack           NA  ,  Total Violation           NA
Hold  :           NA  Failing Endpoints,  Worst Slack           NA  ,  Total Violation           NA
PW    :            0  Failing Endpoints,  Worst Slack        0.467ns,  Total Violation        0.000ns
---------------------------------------------------------------------------------------------------


Pulse Width Checks
--------------------------------------------------------------------------------------
Clock Name:         pll_clk[0]_DIV
Waveform(ns):       { 0.000 1.667 }
Period(ns):         3.333
Sources:            { i_dram_wrapper/i_dram/inst/u_ddr4_mem_intfc/u_mig_ddr4_phy/inst/generate_block1.u_ddr_xiphy/byte_num[0].xiphy_byte_wrapper.u_xiphy_byte_wrapper/I_CONTROL[0].GEN_I_CONTROL.u_xiphy_control/xiphy_control/RX_DIV4_CLK_Q i_dram_wrapper/i_dram/inst/u_ddr4_mem_intfc/u_mig_ddr4_phy/inst/generate_block1.u_ddr_xiphy/byte_num[0].xiphy_byte_wrapper.u_xiphy_byte_wrapper/I_CONTROL[0].GEN_I_CONTROL.u_xiphy_control/xiphy_control/TX_DIV4_CLK_Q i_dram_wrapper/i_dram/inst/u_ddr4_mem_intfc/u_mig_ddr4_phy/inst/generate_block1.u_ddr_xiphy/byte_num[0].xiphy_byte_wrapper.u_xiphy_byte_wrapper/I_CONTROL[1].GEN_I_CONTROL.u_xiphy_control/xiphy_control/RX_DIV4_CLK_Q i_dram_wrapper/i_dram/inst/u_ddr4_mem_intfc/u_mig_ddr4_phy/inst/generate_block1.u_ddr_xiphy/byte_num[0].xiphy_byte_wrapper.u_xiphy_byte_wrapper/I_CONTROL[1].GEN_I_CONTROL.u_xiphy_control/xiphy_control/TX_DIV4_CLK_Q i_dram_wrapper/i_dram/inst/u_ddr4_mem_intfc/u_mig_ddr4_phy/inst/generate_block1.u_ddr_xiphy/byte_num[1].xiphy_byte_wrapper.u_xiphy_byte_wrapper/I_CONTROL[0].GEN_I_CONTROL.u_xiphy_control/xiphy_control/RX_DIV4_CLK_Q i_dram_wrapper/i_dram/inst/u_ddr4_mem_intfc/u_mig_ddr4_phy/inst/generate_block1.u_ddr_xiphy/byte_num[1].xiphy_byte_wrapper.u_xiphy_byte_wrapper/I_CONTROL[0].GEN_I_CONTROL.u_xiphy_control/xiphy_control/TX_DIV4_CLK_Q i_dram_wrapper/i_dram/inst/u_ddr4_mem_intfc/u_mig_ddr4_phy/inst/generate_block1.u_ddr_xiphy/byte_num[1].xiphy_byte_wrapper.u_xiphy_byte_wrapper/I_CONTROL[1].GEN_I_CONTROL.u_xiphy_control/xiphy_control/RX_DIV4_CLK_Q i_dram_wrapper/i_dram/inst/u_ddr4_mem_intfc/u_mig_ddr4_phy/inst/generate_block1.u_ddr_xiphy/byte_num[1].xiphy_byte_wrapper.u_xiphy_byte_wrapper/I_CONTROL[1].GEN_I_CONTROL.u_xiphy_control/xiphy_control/TX_DIV4_CLK_Q i_dram_wrapper/i_dram/inst/u_ddr4_mem_intfc/u_mig_ddr4_phy/inst/generate_block1.u_ddr_xiphy/byte_num[2].xiphy_byte_wrapper.u_xiphy_byte_wrapper/I_CONTROL[0].GEN_I_CONTROL.u_xiphy_control/xiphy_control/RX_DIV4_CLK_Q i_dram_wrapper/i_dram/inst/u_ddr4_mem_intfc/u_mig_ddr4_phy/inst/generate_block1.u_ddr_xiphy/byte_num[2].xiphy_byte_wrapper.u_xiphy_byte_wrapper/I_CONTROL[0].GEN_I_CONTROL.u_xiphy_control/xiphy_control/TX_DIV4_CLK_Q i_dram_wrapper/i_dram/inst/u_ddr4_mem_intfc/u_mig_ddr4_phy/inst/generate_block1.u_ddr_xiphy/byte_num[2].xiphy_byte_wrapper.u_xiphy_byte_wrapper/I_CONTROL[1].GEN_I_CONTROL.u_xiphy_control/xiphy_control/RX_DIV4_CLK_Q i_dram_wrapper/i_dram/inst/u_ddr4_mem_intfc/u_mig_ddr4_phy/inst/generate_block1.u_ddr_xiphy/byte_num[2].xiphy_byte_wrapper.u_xiphy_byte_wrapper/I_CONTROL[1].GEN_I_CONTROL.u_xiphy_control/xiphy_control/TX_DIV4_CLK_Q i_dram_wrapper/i_dram/inst/u_ddr4_mem_intfc/u_mig_ddr4_phy/inst/generate_block1.u_ddr_xiphy/byte_num[3].xiphy_byte_wrapper.u_xiphy_byte_wrapper/I_CONTROL[0].GEN_I_CONTROL.u_xiphy_control/xiphy_control/RX_DIV4_CLK_Q i_dram_wrapper/i_dram/inst/u_ddr4_mem_intfc/u_mig_ddr4_phy/inst/generate_block1.u_ddr_xiphy/byte_num[3].xiphy_byte_wrapper.u_xiphy_byte_wrapper/I_CONTROL[0].GEN_I_CONTROL.u_xiphy_control/xiphy_control/TX_DIV4_CLK_Q i_dram_wrapper/i_dram/inst/u_ddr4_mem_intfc/u_mig_ddr4_phy/inst/generate_block1.u_ddr_xiphy/byte_num[3].xiphy_byte_wrapper.u_xiphy_byte_wrapper/I_CONTROL[1].GEN_I_CONTROL.u_xiphy_control/xiphy_control/RX_DIV4_CLK_Q i_dram_wrapper/i_dram/inst/u_ddr4_mem_intfc/u_mig_ddr4_phy/inst/generate_block1.u_ddr_xiphy/byte_num[3].xiphy_byte_wrapper.u_xiphy_byte_wrapper/I_CONTROL[1].GEN_I_CONTROL.u_xiphy_control/xiphy_control/TX_DIV4_CLK_Q }

Check Type        Corner  Lib Pin                           Reference Pin  Required(ns)  Actual(ns)  Slack(ns)  Location               Pin
Min Period        n/a     RXTX_BITSLICE/TX_BIT_CTRL_IN[26]  n/a            2.667         3.333       0.666      BITSLICE_RX_TX_X1Y624  i_dram_wrapper/i_dram/inst/u_ddr4_mem_intfc/u_mig_ddr4_phy/inst/generate_block1.u_ddr_xiphy/byte_num[0].xiphy_byte_wrapper.u_xiphy_byte_wrapper/I_BITSLICE_LOWER[0].GEN_RXTX_BITSLICE_EN.u_xiphy_bitslice_lower/xiphy_rxtx_bitslice/TX_BIT_CTRL_IN[26]
Low Pulse Width   Fast    RXTX_BITSLICE/TX_BIT_CTRL_IN[26]  n/a            1.200         1.667       0.467      BITSLICE_RX_TX_X1Y652  i_dram_wrapper/i_dram/inst/u_ddr4_mem_intfc/u_mig_ddr4_phy/inst/generate_block1.u_ddr_xiphy/byte_num[2].xiphy_byte_wrapper.u_xiphy_byte_wrapper/I_BITSLICE_LOWER[2].GEN_RXTX_BITSLICE_EN.u_xiphy_bitslice_lower/xiphy_rxtx_bitslice/TX_BIT_CTRL_IN[26]
High Pulse Width  Slow    RXTX_BITSLICE/TX_BIT_CTRL_IN[26]  n/a            1.200         1.667       0.467      BITSLICE_RX_TX_X1Y632  i_dram_wrapper/i_dram/inst/u_ddr4_mem_intfc/u_mig_ddr4_phy/inst/generate_block1.u_ddr_xiphy/byte_num[0].xiphy_byte_wrapper.u_xiphy_byte_wrapper/I_BITSLICE_UPPER[2].GEN_RXTX_BITSLICE_EN.u_xiphy_bitslice_upper/xiphy_rxtx_bitslice/TX_BIT_CTRL_IN[26]



---------------------------------------------------------------------------------------------------
From Clock:  pll_clk[1]
  To Clock:  pll_clk[1]

Setup :           NA  Failing Endpoints,  Worst Slack           NA  ,  Total Violation           NA
Hold  :           NA  Failing Endpoints,  Worst Slack           NA  ,  Total Violation           NA
PW    :            0  Failing Endpoints,  Worst Slack        0.039ns,  Total Violation        0.000ns
---------------------------------------------------------------------------------------------------


Pulse Width Checks
--------------------------------------------------------------------------------------
Clock Name:         pll_clk[1]
Waveform(ns):       { 0.000 0.208 }
Period(ns):         0.417
Sources:            { i_dram_wrapper/i_dram/inst/u_ddr4_mem_intfc/u_mig_ddr4_phy/inst/u_ddr4_phy_pll/plle_loop[1].gen_plle4.PLLE4_BASE_INST_OTHER/CLKOUTPHY }

Check Type        Corner  Lib Pin                   Reference Pin             Required(ns)  Actual(ns)  Slack(ns)  Location                 Pin
Min Period        n/a     BITSLICE_CONTROL/PLL_CLK  n/a                       0.375         0.417       0.042      BITSLICE_CONTROL_X1Y104  i_dram_wrapper/i_dram/inst/u_ddr4_mem_intfc/u_mig_ddr4_phy/inst/generate_block1.u_ddr_xiphy/byte_num[4].xiphy_byte_wrapper.u_xiphy_byte_wrapper/I_CONTROL[0].GEN_I_CONTROL.u_xiphy_control/xiphy_control/PLL_CLK
Low Pulse Width   Fast    BITSLICE_CONTROL/PLL_CLK  n/a                       0.169         0.208       0.039      BITSLICE_CONTROL_X1Y108  i_dram_wrapper/i_dram/inst/u_ddr4_mem_intfc/u_mig_ddr4_phy/inst/generate_block1.u_ddr_xiphy/byte_num[6].xiphy_byte_wrapper.u_xiphy_byte_wrapper/I_CONTROL[0].GEN_I_CONTROL.u_xiphy_control/xiphy_control/PLL_CLK
High Pulse Width  Slow    BITSLICE_CONTROL/PLL_CLK  n/a                       0.169         0.208       0.039      BITSLICE_CONTROL_X1Y104  i_dram_wrapper/i_dram/inst/u_ddr4_mem_intfc/u_mig_ddr4_phy/inst/generate_block1.u_ddr_xiphy/byte_num[4].xiphy_byte_wrapper.u_xiphy_byte_wrapper/I_CONTROL[0].GEN_I_CONTROL.u_xiphy_control/xiphy_control/PLL_CLK
Max Skew          Fast    BITSLICE_CONTROL/PLL_CLK  BITSLICE_CONTROL/RIU_CLK  -0.300        -1.365      1.065      BITSLICE_CONTROL_X1Y108  i_dram_wrapper/i_dram/inst/u_ddr4_mem_intfc/u_mig_ddr4_phy/inst/generate_block1.u_ddr_xiphy/byte_num[6].xiphy_byte_wrapper.u_xiphy_byte_wrapper/I_CONTROL[0].GEN_I_CONTROL.u_xiphy_control/xiphy_control/PLL_CLK



---------------------------------------------------------------------------------------------------
From Clock:  pll_clk[1]_DIV
  To Clock:  pll_clk[1]_DIV

Setup :           NA  Failing Endpoints,  Worst Slack           NA  ,  Total Violation           NA
Hold  :           NA  Failing Endpoints,  Worst Slack           NA  ,  Total Violation           NA
PW    :            0  Failing Endpoints,  Worst Slack        0.467ns,  Total Violation        0.000ns
---------------------------------------------------------------------------------------------------


Pulse Width Checks
--------------------------------------------------------------------------------------
Clock Name:         pll_clk[1]_DIV
Waveform(ns):       { 0.000 1.667 }
Period(ns):         3.333
Sources:            { i_dram_wrapper/i_dram/inst/u_ddr4_mem_intfc/u_mig_ddr4_phy/inst/generate_block1.u_ddr_xiphy/byte_num[4].xiphy_byte_wrapper.u_xiphy_byte_wrapper/I_CONTROL[0].GEN_I_CONTROL.u_xiphy_control/xiphy_control/RX_DIV4_CLK_Q i_dram_wrapper/i_dram/inst/u_ddr4_mem_intfc/u_mig_ddr4_phy/inst/generate_block1.u_ddr_xiphy/byte_num[4].xiphy_byte_wrapper.u_xiphy_byte_wrapper/I_CONTROL[0].GEN_I_CONTROL.u_xiphy_control/xiphy_control/TX_DIV4_CLK_Q i_dram_wrapper/i_dram/inst/u_ddr4_mem_intfc/u_mig_ddr4_phy/inst/generate_block1.u_ddr_xiphy/byte_num[4].xiphy_byte_wrapper.u_xiphy_byte_wrapper/I_CONTROL[1].GEN_I_CONTROL.u_xiphy_control/xiphy_control/RX_DIV4_CLK_Q i_dram_wrapper/i_dram/inst/u_ddr4_mem_intfc/u_mig_ddr4_phy/inst/generate_block1.u_ddr_xiphy/byte_num[4].xiphy_byte_wrapper.u_xiphy_byte_wrapper/I_CONTROL[1].GEN_I_CONTROL.u_xiphy_control/xiphy_control/TX_DIV4_CLK_Q i_dram_wrapper/i_dram/inst/u_ddr4_mem_intfc/u_mig_ddr4_phy/inst/generate_block1.u_ddr_xiphy/byte_num[5].xiphy_byte_wrapper.u_xiphy_byte_wrapper/I_CONTROL[0].GEN_I_CONTROL.u_xiphy_control/xiphy_control/RX_DIV4_CLK_Q i_dram_wrapper/i_dram/inst/u_ddr4_mem_intfc/u_mig_ddr4_phy/inst/generate_block1.u_ddr_xiphy/byte_num[5].xiphy_byte_wrapper.u_xiphy_byte_wrapper/I_CONTROL[0].GEN_I_CONTROL.u_xiphy_control/xiphy_control/TX_DIV4_CLK_Q i_dram_wrapper/i_dram/inst/u_ddr4_mem_intfc/u_mig_ddr4_phy/inst/generate_block1.u_ddr_xiphy/byte_num[5].xiphy_byte_wrapper.u_xiphy_byte_wrapper/I_CONTROL[1].GEN_I_CONTROL.u_xiphy_control/xiphy_control/RX_DIV4_CLK_Q i_dram_wrapper/i_dram/inst/u_ddr4_mem_intfc/u_mig_ddr4_phy/inst/generate_block1.u_ddr_xiphy/byte_num[5].xiphy_byte_wrapper.u_xiphy_byte_wrapper/I_CONTROL[1].GEN_I_CONTROL.u_xiphy_control/xiphy_control/TX_DIV4_CLK_Q i_dram_wrapper/i_dram/inst/u_ddr4_mem_intfc/u_mig_ddr4_phy/inst/generate_block1.u_ddr_xiphy/byte_num[6].xiphy_byte_wrapper.u_xiphy_byte_wrapper/I_CONTROL[0].GEN_I_CONTROL.u_xiphy_control/xiphy_control/RX_DIV4_CLK_Q i_dram_wrapper/i_dram/inst/u_ddr4_mem_intfc/u_mig_ddr4_phy/inst/generate_block1.u_ddr_xiphy/byte_num[6].xiphy_byte_wrapper.u_xiphy_byte_wrapper/I_CONTROL[0].GEN_I_CONTROL.u_xiphy_control/xiphy_control/TX_DIV4_CLK_Q i_dram_wrapper/i_dram/inst/u_ddr4_mem_intfc/u_mig_ddr4_phy/inst/generate_block1.u_ddr_xiphy/byte_num[6].xiphy_byte_wrapper.u_xiphy_byte_wrapper/I_CONTROL[1].GEN_I_CONTROL.u_xiphy_control/xiphy_control/RX_DIV4_CLK_Q i_dram_wrapper/i_dram/inst/u_ddr4_mem_intfc/u_mig_ddr4_phy/inst/generate_block1.u_ddr_xiphy/byte_num[6].xiphy_byte_wrapper.u_xiphy_byte_wrapper/I_CONTROL[1].GEN_I_CONTROL.u_xiphy_control/xiphy_control/TX_DIV4_CLK_Q }

Check Type        Corner  Lib Pin                           Reference Pin  Required(ns)  Actual(ns)  Slack(ns)  Location               Pin
Min Period        n/a     RXTX_BITSLICE/TX_BIT_CTRL_IN[26]  n/a            2.667         3.333       0.666      BITSLICE_RX_TX_X1Y676  i_dram_wrapper/i_dram/inst/u_ddr4_mem_intfc/u_mig_ddr4_phy/inst/generate_block1.u_ddr_xiphy/byte_num[4].xiphy_byte_wrapper.u_xiphy_byte_wrapper/I_BITSLICE_LOWER[0].GEN_RXTX_BITSLICE_EN.u_xiphy_bitslice_lower/xiphy_rxtx_bitslice/TX_BIT_CTRL_IN[26]
Low Pulse Width   Slow    RXTX_BITSLICE/TX_BIT_CTRL_IN[26]  n/a            1.200         1.667       0.467      BITSLICE_RX_TX_X1Y679  i_dram_wrapper/i_dram/inst/u_ddr4_mem_intfc/u_mig_ddr4_phy/inst/generate_block1.u_ddr_xiphy/byte_num[4].xiphy_byte_wrapper.u_xiphy_byte_wrapper/I_BITSLICE_LOWER[3].GEN_RXTX_BITSLICE_EN.u_xiphy_bitslice_lower/xiphy_rxtx_bitslice/TX_BIT_CTRL_IN[26]
High Pulse Width  Fast    RXTX_BITSLICE/TX_BIT_CTRL_IN[26]  n/a            1.200         1.667       0.467      BITSLICE_RX_TX_X1Y686  i_dram_wrapper/i_dram/inst/u_ddr4_mem_intfc/u_mig_ddr4_phy/inst/generate_block1.u_ddr_xiphy/byte_num[4].xiphy_byte_wrapper.u_xiphy_byte_wrapper/I_BITSLICE_UPPER[4].GEN_RXTX_BITSLICE_EN.u_xiphy_bitslice_upper/xiphy_rxtx_bitslice/TX_BIT_CTRL_IN[26]



---------------------------------------------------------------------------------------------------
From Clock:  pll_clk[2]
  To Clock:  pll_clk[2]

Setup :           NA  Failing Endpoints,  Worst Slack           NA  ,  Total Violation           NA
Hold  :           NA  Failing Endpoints,  Worst Slack           NA  ,  Total Violation           NA
PW    :            0  Failing Endpoints,  Worst Slack        0.039ns,  Total Violation        0.000ns
---------------------------------------------------------------------------------------------------


Pulse Width Checks
--------------------------------------------------------------------------------------
Clock Name:         pll_clk[2]
Waveform(ns):       { 0.000 0.208 }
Period(ns):         0.417
Sources:            { i_dram_wrapper/i_dram/inst/u_ddr4_mem_intfc/u_mig_ddr4_phy/inst/u_ddr4_phy_pll/plle_loop[2].gen_plle4.PLLE4_BASE_INST_OTHER/CLKOUTPHY }

Check Type        Corner  Lib Pin                   Reference Pin             Required(ns)  Actual(ns)  Slack(ns)  Location                 Pin
Min Period        n/a     BITSLICE_CONTROL/PLL_CLK  n/a                       0.375         0.417       0.042      BITSLICE_CONTROL_X1Y116  i_dram_wrapper/i_dram/inst/u_ddr4_mem_intfc/u_mig_ddr4_phy/inst/generate_block1.u_ddr_xiphy/byte_num[10].xiphy_byte_wrapper.u_xiphy_byte_wrapper/I_CONTROL[0].GEN_I_CONTROL.u_xiphy_control/xiphy_control/PLL_CLK
Low Pulse Width   Fast    BITSLICE_CONTROL/PLL_CLK  n/a                       0.169         0.208       0.039      BITSLICE_CONTROL_X1Y116  i_dram_wrapper/i_dram/inst/u_ddr4_mem_intfc/u_mig_ddr4_phy/inst/generate_block1.u_ddr_xiphy/byte_num[10].xiphy_byte_wrapper.u_xiphy_byte_wrapper/I_CONTROL[0].GEN_I_CONTROL.u_xiphy_control/xiphy_control/PLL_CLK
High Pulse Width  Slow    BITSLICE_CONTROL/PLL_CLK  n/a                       0.169         0.208       0.039      BITSLICE_CONTROL_X1Y116  i_dram_wrapper/i_dram/inst/u_ddr4_mem_intfc/u_mig_ddr4_phy/inst/generate_block1.u_ddr_xiphy/byte_num[10].xiphy_byte_wrapper.u_xiphy_byte_wrapper/I_CONTROL[0].GEN_I_CONTROL.u_xiphy_control/xiphy_control/PLL_CLK
Max Skew          Fast    BITSLICE_CONTROL/PLL_CLK  BITSLICE_CONTROL/RIU_CLK  -0.300        -1.359      1.059      BITSLICE_CONTROL_X1Y116  i_dram_wrapper/i_dram/inst/u_ddr4_mem_intfc/u_mig_ddr4_phy/inst/generate_block1.u_ddr_xiphy/byte_num[10].xiphy_byte_wrapper.u_xiphy_byte_wrapper/I_CONTROL[0].GEN_I_CONTROL.u_xiphy_control/xiphy_control/PLL_CLK



---------------------------------------------------------------------------------------------------
From Clock:  pll_clk[2]_DIV
  To Clock:  pll_clk[2]_DIV

Setup :           NA  Failing Endpoints,  Worst Slack           NA  ,  Total Violation           NA
Hold  :           NA  Failing Endpoints,  Worst Slack           NA  ,  Total Violation           NA
PW    :            0  Failing Endpoints,  Worst Slack        0.467ns,  Total Violation        0.000ns
---------------------------------------------------------------------------------------------------


Pulse Width Checks
--------------------------------------------------------------------------------------
Clock Name:         pll_clk[2]_DIV
Waveform(ns):       { 0.000 1.667 }
Period(ns):         3.333
Sources:            { i_dram_wrapper/i_dram/inst/u_ddr4_mem_intfc/u_mig_ddr4_phy/inst/generate_block1.u_ddr_xiphy/byte_num[10].xiphy_byte_wrapper.u_xiphy_byte_wrapper/I_CONTROL[0].GEN_I_CONTROL.u_xiphy_control/xiphy_control/RX_DIV4_CLK_Q i_dram_wrapper/i_dram/inst/u_ddr4_mem_intfc/u_mig_ddr4_phy/inst/generate_block1.u_ddr_xiphy/byte_num[10].xiphy_byte_wrapper.u_xiphy_byte_wrapper/I_CONTROL[0].GEN_I_CONTROL.u_xiphy_control/xiphy_control/TX_DIV4_CLK_Q i_dram_wrapper/i_dram/inst/u_ddr4_mem_intfc/u_mig_ddr4_phy/inst/generate_block1.u_ddr_xiphy/byte_num[10].xiphy_byte_wrapper.u_xiphy_byte_wrapper/I_CONTROL[1].GEN_I_CONTROL.u_xiphy_control/xiphy_control/RX_DIV4_CLK_Q i_dram_wrapper/i_dram/inst/u_ddr4_mem_intfc/u_mig_ddr4_phy/inst/generate_block1.u_ddr_xiphy/byte_num[10].xiphy_byte_wrapper.u_xiphy_byte_wrapper/I_CONTROL[1].GEN_I_CONTROL.u_xiphy_control/xiphy_control/TX_DIV4_CLK_Q i_dram_wrapper/i_dram/inst/u_ddr4_mem_intfc/u_mig_ddr4_phy/inst/generate_block1.u_ddr_xiphy/byte_num[11].xiphy_byte_wrapper.u_xiphy_byte_wrapper/I_CONTROL[0].GEN_I_CONTROL.u_xiphy_control/xiphy_control/RX_DIV4_CLK_Q i_dram_wrapper/i_dram/inst/u_ddr4_mem_intfc/u_mig_ddr4_phy/inst/generate_block1.u_ddr_xiphy/byte_num[11].xiphy_byte_wrapper.u_xiphy_byte_wrapper/I_CONTROL[0].GEN_I_CONTROL.u_xiphy_control/xiphy_control/TX_DIV4_CLK_Q i_dram_wrapper/i_dram/inst/u_ddr4_mem_intfc/u_mig_ddr4_phy/inst/generate_block1.u_ddr_xiphy/byte_num[11].xiphy_byte_wrapper.u_xiphy_byte_wrapper/I_CONTROL[1].GEN_I_CONTROL.u_xiphy_control/xiphy_control/RX_DIV4_CLK_Q i_dram_wrapper/i_dram/inst/u_ddr4_mem_intfc/u_mig_ddr4_phy/inst/generate_block1.u_ddr_xiphy/byte_num[11].xiphy_byte_wrapper.u_xiphy_byte_wrapper/I_CONTROL[1].GEN_I_CONTROL.u_xiphy_control/xiphy_control/TX_DIV4_CLK_Q i_dram_wrapper/i_dram/inst/u_ddr4_mem_intfc/u_mig_ddr4_phy/inst/generate_block1.u_ddr_xiphy/byte_num[8].xiphy_byte_wrapper.u_xiphy_byte_wrapper/I_CONTROL[0].GEN_I_CONTROL.u_xiphy_control/xiphy_control/RX_DIV4_CLK_Q i_dram_wrapper/i_dram/inst/u_ddr4_mem_intfc/u_mig_ddr4_phy/inst/generate_block1.u_ddr_xiphy/byte_num[8].xiphy_byte_wrapper.u_xiphy_byte_wrapper/I_CONTROL[0].GEN_I_CONTROL.u_xiphy_control/xiphy_control/TX_DIV4_CLK_Q i_dram_wrapper/i_dram/inst/u_ddr4_mem_intfc/u_mig_ddr4_phy/inst/generate_block1.u_ddr_xiphy/byte_num[8].xiphy_byte_wrapper.u_xiphy_byte_wrapper/I_CONTROL[1].GEN_I_CONTROL.u_xiphy_control/xiphy_control/RX_DIV4_CLK_Q i_dram_wrapper/i_dram/inst/u_ddr4_mem_intfc/u_mig_ddr4_phy/inst/generate_block1.u_ddr_xiphy/byte_num[8].xiphy_byte_wrapper.u_xiphy_byte_wrapper/I_CONTROL[1].GEN_I_CONTROL.u_xiphy_control/xiphy_control/TX_DIV4_CLK_Q i_dram_wrapper/i_dram/inst/u_ddr4_mem_intfc/u_mig_ddr4_phy/inst/generate_block1.u_ddr_xiphy/byte_num[9].xiphy_byte_wrapper.u_xiphy_byte_wrapper/I_CONTROL[0].GEN_I_CONTROL.u_xiphy_control/xiphy_control/RX_DIV4_CLK_Q i_dram_wrapper/i_dram/inst/u_ddr4_mem_intfc/u_mig_ddr4_phy/inst/generate_block1.u_ddr_xiphy/byte_num[9].xiphy_byte_wrapper.u_xiphy_byte_wrapper/I_CONTROL[0].GEN_I_CONTROL.u_xiphy_control/xiphy_control/TX_DIV4_CLK_Q i_dram_wrapper/i_dram/inst/u_ddr4_mem_intfc/u_mig_ddr4_phy/inst/generate_block1.u_ddr_xiphy/byte_num[9].xiphy_byte_wrapper.u_xiphy_byte_wrapper/I_CONTROL[1].GEN_I_CONTROL.u_xiphy_control/xiphy_control/RX_DIV4_CLK_Q i_dram_wrapper/i_dram/inst/u_ddr4_mem_intfc/u_mig_ddr4_phy/inst/generate_block1.u_ddr_xiphy/byte_num[9].xiphy_byte_wrapper.u_xiphy_byte_wrapper/I_CONTROL[1].GEN_I_CONTROL.u_xiphy_control/xiphy_control/TX_DIV4_CLK_Q }

Check Type        Corner  Lib Pin                           Reference Pin  Required(ns)  Actual(ns)  Slack(ns)  Location               Pin
Min Period        n/a     RXTX_BITSLICE/TX_BIT_CTRL_IN[26]  n/a            2.667         3.333       0.666      BITSLICE_RX_TX_X1Y754  i_dram_wrapper/i_dram/inst/u_ddr4_mem_intfc/u_mig_ddr4_phy/inst/generate_block1.u_ddr_xiphy/byte_num[10].xiphy_byte_wrapper.u_xiphy_byte_wrapper/I_BITSLICE_LOWER[0].GEN_RXTX_BITSLICE_EN.u_xiphy_bitslice_lower/xiphy_rxtx_bitslice/TX_BIT_CTRL_IN[26]
Low Pulse Width   Slow    RXTX_BITSLICE/TX_BIT_CTRL_IN[26]  n/a            1.200         1.667       0.467      BITSLICE_RX_TX_X1Y758  i_dram_wrapper/i_dram/inst/u_ddr4_mem_intfc/u_mig_ddr4_phy/inst/generate_block1.u_ddr_xiphy/byte_num[10].xiphy_byte_wrapper.u_xiphy_byte_wrapper/I_BITSLICE_LOWER[4].GEN_RXTX_BITSLICE_EN.u_xiphy_bitslice_lower/xiphy_rxtx_bitslice/TX_BIT_CTRL_IN[26]
High Pulse Width  Slow    RXTX_BITSLICE/TX_BIT_CTRL_IN[26]  n/a            1.200         1.667       0.467      BITSLICE_RX_TX_X1Y762  i_dram_wrapper/i_dram/inst/u_ddr4_mem_intfc/u_mig_ddr4_phy/inst/generate_block1.u_ddr_xiphy/byte_num[10].xiphy_byte_wrapper.u_xiphy_byte_wrapper/I_BITSLICE_UPPER[2].GEN_RXTX_BITSLICE_EN.u_xiphy_bitslice_upper/xiphy_rxtx_bitslice/TX_BIT_CTRL_IN[26]



---------------------------------------------------------------------------------------------------
From Clock:  mmcm_clkout6
  To Clock:  mmcm_clkout6

Setup :            0  Failing Endpoints,  Worst Slack        1.737ns,  Total Violation        0.000ns
Hold  :            0  Failing Endpoints,  Worst Slack        0.017ns,  Total Violation        0.000ns
PW    :            0  Failing Endpoints,  Worst Slack        1.099ns,  Total Violation        0.000ns
---------------------------------------------------------------------------------------------------


Max Delay Paths
--------------------------------------------------------------------------------------
Slack (MET) :             1.737ns  (required time - arrival time)
  Source:                 i_dram_wrapper/i_dram/inst/u_ddr4_mem_intfc/u_ddr_cal_riu/mcs0/inst/second_ilmb_cntlr/U0/No_ECC.lmb_as_reg/C
                            (rising edge-triggered cell FDRE clocked by mmcm_clkout6  {rise@0.000ns fall@3.333ns period=6.667ns})
  Destination:            i_dram_wrapper/i_dram/inst/u_ddr4_mem_intfc/u_ddr_cal_riu/mcs0/inst/second_lmb_bram_I/U0/inst_blk_mem_gen/gnbram.gnative_mem_map_bmg.native_mem_map_blk_mem_gen/valid.cstr/ramloop[5].ram.r/prim_noinit.ram/DEVICE_8SERIES.WITH_BMM_INFO.TRUE_DP.SIMPLE_PRIM36.SERIES8_TDP_SP36_NO_ECC_ATTR.ram/ENBWREN
                            (rising edge-triggered cell RAMB36E2 clocked by mmcm_clkout6  {rise@0.000ns fall@3.333ns period=6.667ns})
  Path Group:             mmcm_clkout6
  Path Type:              Setup (Max at Slow Process Corner)
  Requirement:            6.667ns  (mmcm_clkout6 rise@6.667ns - mmcm_clkout6 rise@0.000ns)
  Data Path Delay:        4.492ns  (logic 0.511ns (11.376%)  route 3.981ns (88.624%))
  Logic Levels:           4  (LUT2=3 LUT6=1)
  Clock Path Skew:        -0.040ns (DCD - SCD + CPR)
    Destination Clock Delay (DCD):    4.508ns = ( 11.175 - 6.667 ) 
    Source Clock Delay      (SCD):    4.244ns
    Clock Pessimism Removal (CPR):    -0.304ns
  Clock Uncertainty:      0.056ns  ((TSJ^2 + DJ^2)^1/2) / 2 + PE
    Total System Jitter     (TSJ):    0.071ns
    Discrete Jitter          (DJ):    0.087ns
    Phase Error              (PE):    0.000ns
  Clock Net Delay (Source):      2.093ns (routing 0.835ns, distribution 1.258ns)
  Clock Net Delay (Destination): 1.908ns (routing 0.758ns, distribution 1.150ns)

    Location             Delay type                Incr(ns)  Path(ns)    Netlist Resource(s)
  -------------------------------------------------------------------    -------------------
                         (clock mmcm_clkout6 rise edge)
                                                      0.000     0.000 r  
    E12                                               0.000     0.000 r  sys_clk_p (IN)
                         net (fo=0)                   0.000     0.000    i_bufds_sys_clk/I
    HPIOBDIFFINBUF_X1Y300
                         DIFFINBUF (Prop_DIFFINBUF_HPIOBDIFFINBUF_DIFF_IN_P_O)
                                                      0.675     0.675 r  i_bufds_sys_clk/DIFFINBUF_INST/O
                         net (fo=1, routed)           0.050     0.725    i_bufds_sys_clk/OUT
    E12                  IBUFCTRL (Prop_IBUFCTRL_HPIOB_M_I_O)
                                                      0.000     0.725 r  i_bufds_sys_clk/IBUFCTRL_INST/O
                         net (fo=1, routed)           0.335     1.060    sys_clk
    BUFGCE_X1Y289        BUFGCE (Prop_BUFCE_BUFGCE_I_O)
                                                      0.028     1.088 r  sys_clk_BUFGCE_inst/O
                         net (fo=19, routed)          0.901     1.989    i_dram_wrapper/i_dram/inst/u_ddr4_infrastructure/mmcm_clk_in
    MMCM_X1Y13           MMCME4_ADV (Prop_MMCM_CLKIN1_CLKOUT6)
                                                     -0.127     1.862 r  i_dram_wrapper/i_dram/inst/u_ddr4_infrastructure/gen_mmcme4.u_mmcme_adv_inst/CLKOUT6
                         net (fo=1, routed)           0.261     2.123    i_dram_wrapper/i_dram/inst/u_ddr4_infrastructure/mmcm_clkout6
    BUFGCE_X1Y326        BUFGCE (Prop_BUFCE_BUFGCE_I_O)
                                                      0.028     2.151 r  i_dram_wrapper/i_dram/inst/u_ddr4_infrastructure/u_bufg_riuClk/O
    X4Y12 (CLOCK_ROOT)   net (fo=1746, routed)        2.093     4.244    i_dram_wrapper/i_dram/inst/u_ddr4_mem_intfc/u_ddr_cal_riu/mcs0/inst/second_ilmb_cntlr/U0/LMB_Clk
    SLICE_X138Y838       FDRE                                         r  i_dram_wrapper/i_dram/inst/u_ddr4_mem_intfc/u_ddr_cal_riu/mcs0/inst/second_ilmb_cntlr/U0/No_ECC.lmb_as_reg/C
  -------------------------------------------------------------------    -------------------
    SLICE_X138Y838       FDRE (Prop_EFF2_SLICEM_C_Q)
                                                      0.079     4.323 r  i_dram_wrapper/i_dram/inst/u_ddr4_mem_intfc/u_ddr_cal_riu/mcs0/inst/second_ilmb_cntlr/U0/No_ECC.lmb_as_reg/Q
                         net (fo=1, routed)           0.188     4.511    i_dram_wrapper/i_dram/inst/u_ddr4_mem_intfc/u_ddr_cal_riu/mcs0/inst/second_ilmb_cntlr/U0/lmb_as
    SLICE_X138Y838       LUT2 (Prop_E6LUT_SLICEM_I0_O)
                                                      0.124     4.635 r  i_dram_wrapper/i_dram/inst/u_ddr4_mem_intfc/u_ddr_cal_riu/mcs0/inst/second_ilmb_cntlr/U0/Sl_Ready_INST_0/O
                         net (fo=33, routed)          0.809     5.444    i_dram_wrapper/i_dram/inst/u_ddr4_mem_intfc/u_ddr_cal_riu/mcs0/inst/ilmb/U0/Sl_Ready[1]
    SLICE_X137Y810       LUT2 (Prop_D5LUT_SLICEM_I1_O)
                                                      0.135     5.579 r  i_dram_wrapper/i_dram/inst/u_ddr4_mem_intfc/u_ddr_cal_riu/mcs0/inst/ilmb/U0/LMB_Ready_INST_0/O
                         net (fo=80, routed)          0.796     6.375    i_dram_wrapper/i_dram/inst/u_ddr4_mem_intfc/u_ddr_cal_riu/mcs0/inst/microblaze_I/U0/MicroBlaze_Core_I/Performance.Core/Decode_I/PreFetch_Buffer_I1/Gen_Mux_Select_LUT6[1].Gen_Sel_DFF/IReady
    SLICE_X141Y843       LUT6 (Prop_F6LUT_SLICEM_I4_O)
                                                      0.037     6.412 r  i_dram_wrapper/i_dram/inst/u_ddr4_mem_intfc/u_ddr_cal_riu/mcs0/inst/microblaze_I/U0/MicroBlaze_Core_I/Performance.Core/Decode_I/PreFetch_Buffer_I1/Gen_Mux_Select_LUT6[1].Gen_Sel_DFF/I_AS_INST_0/O
                         net (fo=5, routed)           0.648     7.060    i_dram_wrapper/i_dram/inst/u_ddr4_mem_intfc/u_ddr_cal_riu/mcs0/inst/second_lmb_bram_I/U0/inst_blk_mem_gen/gnbram.gnative_mem_map_bmg.native_mem_map_blk_mem_gen/valid.cstr/ramloop[7].ram.r/prim_noinit.ram/enb
    SLICE_X140Y805       LUT2 (Prop_C5LUT_SLICEL_I1_O)
                                                      0.136     7.196 r  i_dram_wrapper/i_dram/inst/u_ddr4_mem_intfc/u_ddr_cal_riu/mcs0/inst/second_lmb_bram_I/U0/inst_blk_mem_gen/gnbram.gnative_mem_map_bmg.native_mem_map_blk_mem_gen/valid.cstr/ramloop[7].ram.r/prim_noinit.ram/DEVICE_8SERIES.WITH_BMM_INFO.TRUE_DP.SIMPLE_PRIM36.SERIES8_TDP_SP36_NO_ECC_ATTR.ram_i_2/O
                         net (fo=8, routed)           1.540     8.736    i_dram_wrapper/i_dram/inst/u_ddr4_mem_intfc/u_ddr_cal_riu/mcs0/inst/second_lmb_bram_I/U0/inst_blk_mem_gen/gnbram.gnative_mem_map_bmg.native_mem_map_blk_mem_gen/valid.cstr/ramloop[5].ram.r/prim_noinit.ram/ENB_I
    RAMB36_X8Y167        RAMB36E2                                     r  i_dram_wrapper/i_dram/inst/u_ddr4_mem_intfc/u_ddr_cal_riu/mcs0/inst/second_lmb_bram_I/U0/inst_blk_mem_gen/gnbram.gnative_mem_map_bmg.native_mem_map_blk_mem_gen/valid.cstr/ramloop[5].ram.r/prim_noinit.ram/DEVICE_8SERIES.WITH_BMM_INFO.TRUE_DP.SIMPLE_PRIM36.SERIES8_TDP_SP36_NO_ECC_ATTR.ram/ENBWREN
  -------------------------------------------------------------------    -------------------

                         (clock mmcm_clkout6 rise edge)
                                                      6.667     6.667 r  
    E12                                               0.000     6.667 r  sys_clk_p (IN)
                         net (fo=0)                   0.000     6.667    i_bufds_sys_clk/I
    HPIOBDIFFINBUF_X1Y300
                         DIFFINBUF (Prop_DIFFINBUF_HPIOBDIFFINBUF_DIFF_IN_P_O)
                                                      0.564     7.231 r  i_bufds_sys_clk/DIFFINBUF_INST/O
                         net (fo=1, routed)           0.040     7.271    i_bufds_sys_clk/OUT
    E12                  IBUFCTRL (Prop_IBUFCTRL_HPIOB_M_I_O)
                                                      0.000     7.271 r  i_bufds_sys_clk/IBUFCTRL_INST/O
                         net (fo=1, routed)           0.297     7.568    sys_clk
    BUFGCE_X1Y289        BUFGCE (Prop_BUFCE_BUFGCE_I_O)
                                                      0.024     7.592 r  sys_clk_BUFGCE_inst/O
                         net (fo=19, routed)          0.795     8.387    i_dram_wrapper/i_dram/inst/u_ddr4_infrastructure/mmcm_clk_in
    MMCM_X1Y13           MMCME4_ADV (Prop_MMCM_CLKIN1_CLKOUT6)
                                                      0.630     9.017 r  i_dram_wrapper/i_dram/inst/u_ddr4_infrastructure/gen_mmcme4.u_mmcme_adv_inst/CLKOUT6
                         net (fo=1, routed)           0.226     9.243    i_dram_wrapper/i_dram/inst/u_ddr4_infrastructure/mmcm_clkout6
    BUFGCE_X1Y326        BUFGCE (Prop_BUFCE_BUFGCE_I_O)
                                                      0.024     9.267 r  i_dram_wrapper/i_dram/inst/u_ddr4_infrastructure/u_bufg_riuClk/O
    X4Y12 (CLOCK_ROOT)   net (fo=1746, routed)        1.908    11.175    i_dram_wrapper/i_dram/inst/u_ddr4_mem_intfc/u_ddr_cal_riu/mcs0/inst/second_lmb_bram_I/U0/inst_blk_mem_gen/gnbram.gnative_mem_map_bmg.native_mem_map_blk_mem_gen/valid.cstr/ramloop[5].ram.r/prim_noinit.ram/clkb
    RAMB36_X8Y167        RAMB36E2                                     r  i_dram_wrapper/i_dram/inst/u_ddr4_mem_intfc/u_ddr_cal_riu/mcs0/inst/second_lmb_bram_I/U0/inst_blk_mem_gen/gnbram.gnative_mem_map_bmg.native_mem_map_blk_mem_gen/valid.cstr/ramloop[5].ram.r/prim_noinit.ram/DEVICE_8SERIES.WITH_BMM_INFO.TRUE_DP.SIMPLE_PRIM36.SERIES8_TDP_SP36_NO_ECC_ATTR.ram/CLKBWRCLK
                         clock pessimism             -0.304    10.871    
                         clock uncertainty           -0.056    10.814    
    RAMB36_X8Y167        RAMB36E2 (Setup_RAMB36E2_RAMB36_CLKBWRCLK_ENBWREN)
                                                     -0.342    10.472    i_dram_wrapper/i_dram/inst/u_ddr4_mem_intfc/u_ddr_cal_riu/mcs0/inst/second_lmb_bram_I/U0/inst_blk_mem_gen/gnbram.gnative_mem_map_bmg.native_mem_map_blk_mem_gen/valid.cstr/ramloop[5].ram.r/prim_noinit.ram/DEVICE_8SERIES.WITH_BMM_INFO.TRUE_DP.SIMPLE_PRIM36.SERIES8_TDP_SP36_NO_ECC_ATTR.ram
  -------------------------------------------------------------------
                         required time                         10.472    
                         arrival time                          -8.736    
  -------------------------------------------------------------------
                         slack                                  1.737    





Min Delay Paths
--------------------------------------------------------------------------------------
Slack (MET) :             0.017ns  (arrival time - required time)
  Source:                 i_dram_wrapper/i_dram/inst/u_ddr4_mem_intfc/u_ddr_cal_riu/mcs0/inst/microblaze_I/U0/MicroBlaze_Core_I/Performance.Core/Decode_I/Using_FPGA_2.ex_load_store_instr_Inst/Using_FPGA.Native/C
                            (rising edge-triggered cell FDRE clocked by mmcm_clkout6  {rise@0.000ns fall@3.333ns period=6.667ns})
  Destination:            i_dram_wrapper/i_dram/inst/u_ddr4_mem_intfc/u_ddr_cal_riu/mcs0/inst/microblaze_I/U0/MicroBlaze_Core_I/Performance.Core/Decode_I/Using_LWX_SWX_instr.ex_reservation_reg/D
                            (rising edge-triggered cell FDRE clocked by mmcm_clkout6  {rise@0.000ns fall@3.333ns period=6.667ns})
  Path Group:             mmcm_clkout6
  Path Type:              Hold (Min at Slow Process Corner)
  Requirement:            0.000ns  (mmcm_clkout6 rise@0.000ns - mmcm_clkout6 rise@0.000ns)
  Data Path Delay:        0.257ns  (logic 0.156ns (60.700%)  route 0.101ns (39.300%))
  Logic Levels:           1  (LUT5=1)
  Clock Path Skew:        0.180ns (DCD - SCD - CPR)
    Destination Clock Delay (DCD):    4.270ns
    Source Clock Delay      (SCD):    4.454ns
    Clock Pessimism Removal (CPR):    -0.365ns
  Clock Net Delay (Source):      1.854ns (routing 0.758ns, distribution 1.096ns)
  Clock Net Delay (Destination): 2.119ns (routing 0.835ns, distribution 1.284ns)

    Location             Delay type                Incr(ns)  Path(ns)    Netlist Resource(s)
  -------------------------------------------------------------------    -------------------
                         (clock mmcm_clkout6 rise edge)
                                                      0.000     0.000 r  
    E12                                               0.000     0.000 r  sys_clk_p (IN)
                         net (fo=0)                   0.000     0.000    i_bufds_sys_clk/I
    HPIOBDIFFINBUF_X1Y300
                         DIFFINBUF (Prop_DIFFINBUF_HPIOBDIFFINBUF_DIFF_IN_P_O)
                                                      0.564     0.564 r  i_bufds_sys_clk/DIFFINBUF_INST/O
                         net (fo=1, routed)           0.040     0.604    i_bufds_sys_clk/OUT
    E12                  IBUFCTRL (Prop_IBUFCTRL_HPIOB_M_I_O)
                                                      0.000     0.604 r  i_bufds_sys_clk/IBUFCTRL_INST/O
                         net (fo=1, routed)           0.297     0.901    sys_clk
    BUFGCE_X1Y289        BUFGCE (Prop_BUFCE_BUFGCE_I_O)
                                                      0.024     0.925 r  sys_clk_BUFGCE_inst/O
                         net (fo=19, routed)          0.795     1.720    i_dram_wrapper/i_dram/inst/u_ddr4_infrastructure/mmcm_clk_in
    MMCM_X1Y13           MMCME4_ADV (Prop_MMCM_CLKIN1_CLKOUT6)
                                                      0.630     2.350 r  i_dram_wrapper/i_dram/inst/u_ddr4_infrastructure/gen_mmcme4.u_mmcme_adv_inst/CLKOUT6
                         net (fo=1, routed)           0.226     2.576    i_dram_wrapper/i_dram/inst/u_ddr4_infrastructure/mmcm_clkout6
    BUFGCE_X1Y326        BUFGCE (Prop_BUFCE_BUFGCE_I_O)
                                                      0.024     2.600 r  i_dram_wrapper/i_dram/inst/u_ddr4_infrastructure/u_bufg_riuClk/O
    X4Y12 (CLOCK_ROOT)   net (fo=1746, routed)        1.854     4.454    i_dram_wrapper/i_dram/inst/u_ddr4_mem_intfc/u_ddr_cal_riu/mcs0/inst/microblaze_I/U0/MicroBlaze_Core_I/Performance.Core/Decode_I/Using_FPGA_2.ex_load_store_instr_Inst/Clk
    SLICE_X138Y839       FDRE                                         r  i_dram_wrapper/i_dram/inst/u_ddr4_mem_intfc/u_ddr_cal_riu/mcs0/inst/microblaze_I/U0/MicroBlaze_Core_I/Performance.Core/Decode_I/Using_FPGA_2.ex_load_store_instr_Inst/Using_FPGA.Native/C
  -------------------------------------------------------------------    -------------------
    SLICE_X138Y839       FDRE (Prop_DFF2_SLICEM_C_Q)
                                                      0.061     4.515 f  i_dram_wrapper/i_dram/inst/u_ddr4_mem_intfc/u_ddr_cal_riu/mcs0/inst/microblaze_I/U0/MicroBlaze_Core_I/Performance.Core/Decode_I/Using_FPGA_2.ex_load_store_instr_Inst/Using_FPGA.Native/Q
                         net (fo=6, routed)           0.077     4.592    i_dram_wrapper/i_dram/inst/u_ddr4_mem_intfc/u_ddr_cal_riu/mcs0/inst/microblaze_I/U0/MicroBlaze_Core_I/Performance.Core/Decode_I/Using_FPGA_2.ex_load_store_instr_Inst/ex_load_store_instr_s
    SLICE_X139Y840       LUT5 (Prop_H6LUT_SLICEL_I3_O)
                                                      0.095     4.687 r  i_dram_wrapper/i_dram/inst/u_ddr4_mem_intfc/u_ddr_cal_riu/mcs0/inst/microblaze_I/U0/MicroBlaze_Core_I/Performance.Core/Decode_I/Using_FPGA_2.ex_load_store_instr_Inst/Using_LWX_SWX_instr.ex_reservation_i_1/O
                         net (fo=1, routed)           0.024     4.711    i_dram_wrapper/i_dram/inst/u_ddr4_mem_intfc/u_ddr_cal_riu/mcs0/inst/microblaze_I/U0/MicroBlaze_Core_I/Performance.Core/Decode_I/Using_FPGA_2.ex_load_store_instr_Inst_n_2
    SLICE_X139Y840       FDRE                                         r  i_dram_wrapper/i_dram/inst/u_ddr4_mem_intfc/u_ddr_cal_riu/mcs0/inst/microblaze_I/U0/MicroBlaze_Core_I/Performance.Core/Decode_I/Using_LWX_SWX_instr.ex_reservation_reg/D
  -------------------------------------------------------------------    -------------------

                         (clock mmcm_clkout6 rise edge)
                                                      0.000     0.000 r  
    E12                                               0.000     0.000 r  sys_clk_p (IN)
                         net (fo=0)                   0.000     0.000    i_bufds_sys_clk/I
    HPIOBDIFFINBUF_X1Y300
                         DIFFINBUF (Prop_DIFFINBUF_HPIOBDIFFINBUF_DIFF_IN_P_O)
                                                      0.675     0.675 r  i_bufds_sys_clk/DIFFINBUF_INST/O
                         net (fo=1, routed)           0.050     0.725    i_bufds_sys_clk/OUT
    E12                  IBUFCTRL (Prop_IBUFCTRL_HPIOB_M_I_O)
                                                      0.000     0.725 r  i_bufds_sys_clk/IBUFCTRL_INST/O
                         net (fo=1, routed)           0.335     1.060    sys_clk
    BUFGCE_X1Y289        BUFGCE (Prop_BUFCE_BUFGCE_I_O)
                                                      0.028     1.088 r  sys_clk_BUFGCE_inst/O
                         net (fo=19, routed)          0.901     1.989    i_dram_wrapper/i_dram/inst/u_ddr4_infrastructure/mmcm_clk_in
    MMCM_X1Y13           MMCME4_ADV (Prop_MMCM_CLKIN1_CLKOUT6)
                                                     -0.127     1.862 r  i_dram_wrapper/i_dram/inst/u_ddr4_infrastructure/gen_mmcme4.u_mmcme_adv_inst/CLKOUT6
                         net (fo=1, routed)           0.261     2.123    i_dram_wrapper/i_dram/inst/u_ddr4_infrastructure/mmcm_clkout6
    BUFGCE_X1Y326        BUFGCE (Prop_BUFCE_BUFGCE_I_O)
                                                      0.028     2.151 r  i_dram_wrapper/i_dram/inst/u_ddr4_infrastructure/u_bufg_riuClk/O
    X4Y12 (CLOCK_ROOT)   net (fo=1746, routed)        2.119     4.270    i_dram_wrapper/i_dram/inst/u_ddr4_mem_intfc/u_ddr_cal_riu/mcs0/inst/microblaze_I/U0/MicroBlaze_Core_I/Performance.Core/Decode_I/Clk
    SLICE_X139Y840       FDRE                                         r  i_dram_wrapper/i_dram/inst/u_ddr4_mem_intfc/u_ddr_cal_riu/mcs0/inst/microblaze_I/U0/MicroBlaze_Core_I/Performance.Core/Decode_I/Using_LWX_SWX_instr.ex_reservation_reg/C
                         clock pessimism              0.365     4.634    
    SLICE_X139Y840       FDRE (Hold_HFF_SLICEL_C_D)
                                                      0.060     4.694    i_dram_wrapper/i_dram/inst/u_ddr4_mem_intfc/u_ddr_cal_riu/mcs0/inst/microblaze_I/U0/MicroBlaze_Core_I/Performance.Core/Decode_I/Using_LWX_SWX_instr.ex_reservation_reg
  -------------------------------------------------------------------
                         required time                         -4.694    
                         arrival time                           4.711    
  -------------------------------------------------------------------
                         slack                                  0.017    





Pulse Width Checks
--------------------------------------------------------------------------------------
Clock Name:         mmcm_clkout6
Waveform(ns):       { 0.000 3.333 }
Period(ns):         6.667
Sources:            { i_dram_wrapper/i_dram/inst/u_ddr4_infrastructure/gen_mmcme4.u_mmcme_adv_inst/CLKOUT6 }

Check Type        Corner  Lib Pin                   Reference Pin             Required(ns)  Actual(ns)  Slack(ns)  Location                 Pin
Min Period        n/a     BITSLICE_CONTROL/RIU_CLK  n/a                       3.846         6.667       2.821      BITSLICE_CONTROL_X1Y96   i_dram_wrapper/i_dram/inst/u_ddr4_mem_intfc/u_mig_ddr4_phy/inst/generate_block1.u_ddr_xiphy/byte_num[0].xiphy_byte_wrapper.u_xiphy_byte_wrapper/I_CONTROL[0].GEN_I_CONTROL.u_xiphy_control/xiphy_control/RIU_CLK
Low Pulse Width   Fast    BITSLICE_CONTROL/RIU_CLK  n/a                       1.731         3.333       1.602      BITSLICE_CONTROL_X1Y106  i_dram_wrapper/i_dram/inst/u_ddr4_mem_intfc/u_mig_ddr4_phy/inst/generate_block1.u_ddr_xiphy/byte_num[5].xiphy_byte_wrapper.u_xiphy_byte_wrapper/I_CONTROL[0].GEN_I_CONTROL.u_xiphy_control/xiphy_control/RIU_CLK
High Pulse Width  Slow    BITSLICE_CONTROL/RIU_CLK  n/a                       1.731         3.333       1.602      BITSLICE_CONTROL_X1Y96   i_dram_wrapper/i_dram/inst/u_ddr4_mem_intfc/u_mig_ddr4_phy/inst/generate_block1.u_ddr_xiphy/byte_num[0].xiphy_byte_wrapper.u_xiphy_byte_wrapper/I_CONTROL[0].GEN_I_CONTROL.u_xiphy_control/xiphy_control/RIU_CLK
Max Skew          Fast    BITSLICE_CONTROL/RIU_CLK  BITSLICE_CONTROL/PLL_CLK  1.985         0.886       1.099      BITSLICE_CONTROL_X1Y112  i_dram_wrapper/i_dram/inst/u_ddr4_mem_intfc/u_mig_ddr4_phy/inst/generate_block1.u_ddr_xiphy/byte_num[8].xiphy_byte_wrapper.u_xiphy_byte_wrapper/I_CONTROL[0].GEN_I_CONTROL.u_xiphy_control/xiphy_control/RIU_CLK



---------------------------------------------------------------------------------------------------
From Clock:  clk_50_clkwiz
  To Clock:  dbg_hub/inst/BSCANID.u_xsdbm_id/SWITCH_N_EXT_BSCAN.bscan_inst/SERIES7_BSCAN.bscan_inst/INTERNAL_TCK

Setup :            0  Failing Endpoints,  Worst Slack       19.652ns,  Total Violation        0.000ns
Hold  :           NA  Failing Endpoints,  Worst Slack           NA  ,  Total Violation           NA
---------------------------------------------------------------------------------------------------


Max Delay Paths
--------------------------------------------------------------------------------------
Slack (MET) :             19.652ns  (required time - arrival time)
  Source:                 dbg_hub/inst/BSCANID.u_xsdbm_id/CORE_XSDB.UUT_MASTER/U_ICON_INTERFACE/U_CMD6_WR/U_WR_FIFO/SUBCORE_FIFO.xsdbm_v3_0_0_wrfifo_inst/inst_fifo_gen/gconvfifo.rf/grf.rf/gntv_or_sync_fifo.gcx.clkx/gnxpm_cdc.rd_pntr_gc_reg[2]/C
                            (rising edge-triggered cell FDCE clocked by clk_50_clkwiz  {rise@0.000ns fall@10.000ns period=20.000ns})
  Destination:            dbg_hub/inst/BSCANID.u_xsdbm_id/CORE_XSDB.UUT_MASTER/U_ICON_INTERFACE/U_CMD6_WR/U_WR_FIFO/SUBCORE_FIFO.xsdbm_v3_0_0_wrfifo_inst/inst_fifo_gen/gconvfifo.rf/grf.rf/gntv_or_sync_fifo.gcx.clkx/gnxpm_cdc.gsync_stage[1].wr_stg_inst/Q_reg_reg[2]/D
                            (rising edge-triggered cell FDCE clocked by dbg_hub/inst/BSCANID.u_xsdbm_id/SWITCH_N_EXT_BSCAN.bscan_inst/SERIES7_BSCAN.bscan_inst/INTERNAL_TCK  {rise@0.000ns fall@25.000ns period=50.000ns})
  Path Group:             dbg_hub/inst/BSCANID.u_xsdbm_id/SWITCH_N_EXT_BSCAN.bscan_inst/SERIES7_BSCAN.bscan_inst/INTERNAL_TCK
  Path Type:              Setup (Max at Slow Process Corner)
  Requirement:            20.000ns  (MaxDelay Path 20.000ns)
  Data Path Delay:        0.373ns  (logic 0.076ns (20.375%)  route 0.297ns (79.625%))
  Logic Levels:           0  
  Timing Exception:       MaxDelay Path 20.000ns -datapath_only

    Location             Delay type                Incr(ns)  Path(ns)    Netlist Resource(s)
  -------------------------------------------------------------------    -------------------
    SLICE_X129Y810                                    0.000     0.000 r  dbg_hub/inst/BSCANID.u_xsdbm_id/CORE_XSDB.UUT_MASTER/U_ICON_INTERFACE/U_CMD6_WR/U_WR_FIFO/SUBCORE_FIFO.xsdbm_v3_0_0_wrfifo_inst/inst_fifo_gen/gconvfifo.rf/grf.rf/gntv_or_sync_fifo.gcx.clkx/gnxpm_cdc.rd_pntr_gc_reg[2]/C
    SLICE_X129Y810       FDCE (Prop_EFF_SLICEM_C_Q)
                                                      0.076     0.076 r  dbg_hub/inst/BSCANID.u_xsdbm_id/CORE_XSDB.UUT_MASTER/U_ICON_INTERFACE/U_CMD6_WR/U_WR_FIFO/SUBCORE_FIFO.xsdbm_v3_0_0_wrfifo_inst/inst_fifo_gen/gconvfifo.rf/grf.rf/gntv_or_sync_fifo.gcx.clkx/gnxpm_cdc.rd_pntr_gc_reg[2]/Q
                         net (fo=1, routed)           0.297     0.373    dbg_hub/inst/BSCANID.u_xsdbm_id/CORE_XSDB.UUT_MASTER/U_ICON_INTERFACE/U_CMD6_WR/U_WR_FIFO/SUBCORE_FIFO.xsdbm_v3_0_0_wrfifo_inst/inst_fifo_gen/gconvfifo.rf/grf.rf/gntv_or_sync_fifo.gcx.clkx/gnxpm_cdc.gsync_stage[1].wr_stg_inst/Q[2]
    SLICE_X129Y810       FDCE                                         r  dbg_hub/inst/BSCANID.u_xsdbm_id/CORE_XSDB.UUT_MASTER/U_ICON_INTERFACE/U_CMD6_WR/U_WR_FIFO/SUBCORE_FIFO.xsdbm_v3_0_0_wrfifo_inst/inst_fifo_gen/gconvfifo.rf/grf.rf/gntv_or_sync_fifo.gcx.clkx/gnxpm_cdc.gsync_stage[1].wr_stg_inst/Q_reg_reg[2]/D
  -------------------------------------------------------------------    -------------------

                         max delay                   20.000    20.000    
    SLICE_X129Y810       FDCE (Setup_CFF2_SLICEM_C_D)
                                                      0.025    20.025    dbg_hub/inst/BSCANID.u_xsdbm_id/CORE_XSDB.UUT_MASTER/U_ICON_INTERFACE/U_CMD6_WR/U_WR_FIFO/SUBCORE_FIFO.xsdbm_v3_0_0_wrfifo_inst/inst_fifo_gen/gconvfifo.rf/grf.rf/gntv_or_sync_fifo.gcx.clkx/gnxpm_cdc.gsync_stage[1].wr_stg_inst/Q_reg_reg[2]
  -------------------------------------------------------------------
                         required time                         20.025    
                         arrival time                          -0.373    
  -------------------------------------------------------------------
                         slack                                 19.652    





---------------------------------------------------------------------------------------------------
From Clock:  ara_async_pad
  To Clock:  clk_50_clkwiz

Setup :            0  Failing Endpoints,  Worst Slack       15.419ns,  Total Violation        0.000ns
Hold  :           NA  Failing Endpoints,  Worst Slack           NA  ,  Total Violation           NA
---------------------------------------------------------------------------------------------------


Max Delay Paths
--------------------------------------------------------------------------------------
Slack (MET) :             15.419ns  (required time - arrival time)
  Source:                 jtag_tms_i
                            (input port clocked by ara_async_pad  {rise@0.000ns fall@500.000ns period=1000.000ns})
  Destination:            i_cheshire_soc/i_dbg_dmi_jtag/fpga_tms_sync_q_reg[0]/D
                            (rising edge-triggered cell FDPE clocked by clk_50_clkwiz  {rise@0.000ns fall@10.000ns period=20.000ns})
  Path Group:             clk_50_clkwiz
  Path Type:              Setup (Max at Slow Process Corner)
  Requirement:            20.000ns  (MaxDelay Path 20.000ns)
  Data Path Delay:        4.606ns  (logic 0.644ns (13.987%)  route 3.962ns (86.013%))
  Logic Levels:           2  (IBUFCTRL=1 INBUF=1)
  Input Delay:            0.000ns
  Timing Exception:       MaxDelay Path 20.000ns -datapath_only

    Location             Delay type                Incr(ns)  Path(ns)    Netlist Resource(s)
  -------------------------------------------------------------------    -------------------
                         input delay                  0.000     0.000    
    N28                                               0.000     0.000 r  jtag_tms_i (IN)
                         net (fo=0)                   0.000     0.000    jtag_tms_i_IBUF_inst/I
    N28                  INBUF (Prop_INBUF_HPIOB_M_PAD_O)
                                                      0.644     0.644 r  jtag_tms_i_IBUF_inst/INBUF_INST/O
                         net (fo=1, routed)           0.000     0.644    jtag_tms_i_IBUF_inst/OUT
    N28                  IBUFCTRL (Prop_IBUFCTRL_HPIOB_M_I_O)
                                                      0.000     0.644 r  jtag_tms_i_IBUF_inst/IBUFCTRL_INST/O
                         net (fo=1, routed)           3.962     4.606    i_cheshire_soc/i_dbg_dmi_jtag/tms_i
    SLR Crossing[1->2]   
    SLICE_X23Y695        FDPE                                         r  i_cheshire_soc/i_dbg_dmi_jtag/fpga_tms_sync_q_reg[0]/D
  -------------------------------------------------------------------    -------------------

                         max delay                   20.000    20.000    
    SLICE_X23Y695        FDPE (Setup_HFF2_SLICEL_C_D)
                                                      0.025    20.025    i_cheshire_soc/i_dbg_dmi_jtag/fpga_tms_sync_q_reg[0]
  -------------------------------------------------------------------
                         required time                         20.025    
                         arrival time                          -4.606    
  -------------------------------------------------------------------
                         slack                                 15.419    





---------------------------------------------------------------------------------------------------
From Clock:  dbg_hub/inst/BSCANID.u_xsdbm_id/SWITCH_N_EXT_BSCAN.bscan_inst/SERIES7_BSCAN.bscan_inst/INTERNAL_TCK
  To Clock:  clk_50_clkwiz

Setup :            0  Failing Endpoints,  Worst Slack       49.330ns,  Total Violation        0.000ns
Hold  :           NA  Failing Endpoints,  Worst Slack           NA  ,  Total Violation           NA
---------------------------------------------------------------------------------------------------


Max Delay Paths
--------------------------------------------------------------------------------------
Slack (MET) :             49.330ns  (required time - arrival time)
  Source:                 dbg_hub/inst/BSCANID.u_xsdbm_id/CORE_XSDB.UUT_MASTER/U_ICON_INTERFACE/U_CMD6_RD/U_RD_FIFO/SUBCORE_FIFO.xsdbm_v3_0_0_rdfifo_inst/inst_fifo_gen/gconvfifo.rf/grf.rf/gntv_or_sync_fifo.gcx.clkx/gnxpm_cdc.rd_pntr_gc_reg[1]/C
                            (rising edge-triggered cell FDCE clocked by dbg_hub/inst/BSCANID.u_xsdbm_id/SWITCH_N_EXT_BSCAN.bscan_inst/SERIES7_BSCAN.bscan_inst/INTERNAL_TCK  {rise@0.000ns fall@25.000ns period=50.000ns})
  Destination:            dbg_hub/inst/BSCANID.u_xsdbm_id/CORE_XSDB.UUT_MASTER/U_ICON_INTERFACE/U_CMD6_RD/U_RD_FIFO/SUBCORE_FIFO.xsdbm_v3_0_0_rdfifo_inst/inst_fifo_gen/gconvfifo.rf/grf.rf/gntv_or_sync_fifo.gcx.clkx/gnxpm_cdc.gsync_stage[1].wr_stg_inst/Q_reg_reg[1]/D
                            (rising edge-triggered cell FDCE clocked by clk_50_clkwiz  {rise@0.000ns fall@10.000ns period=20.000ns})
  Path Group:             clk_50_clkwiz
  Path Type:              Setup (Max at Slow Process Corner)
  Requirement:            50.000ns  (MaxDelay Path 50.000ns)
  Data Path Delay:        0.695ns  (logic 0.078ns (11.223%)  route 0.617ns (88.777%))
  Logic Levels:           0  
  Timing Exception:       MaxDelay Path 50.000ns -datapath_only

    Location             Delay type                Incr(ns)  Path(ns)    Netlist Resource(s)
  -------------------------------------------------------------------    -------------------
    SLICE_X119Y780                                    0.000     0.000 r  dbg_hub/inst/BSCANID.u_xsdbm_id/CORE_XSDB.UUT_MASTER/U_ICON_INTERFACE/U_CMD6_RD/U_RD_FIFO/SUBCORE_FIFO.xsdbm_v3_0_0_rdfifo_inst/inst_fifo_gen/gconvfifo.rf/grf.rf/gntv_or_sync_fifo.gcx.clkx/gnxpm_cdc.rd_pntr_gc_reg[1]/C
    SLICE_X119Y780       FDCE (Prop_HFF2_SLICEM_C_Q)
                                                      0.078     0.078 r  dbg_hub/inst/BSCANID.u_xsdbm_id/CORE_XSDB.UUT_MASTER/U_ICON_INTERFACE/U_CMD6_RD/U_RD_FIFO/SUBCORE_FIFO.xsdbm_v3_0_0_rdfifo_inst/inst_fifo_gen/gconvfifo.rf/grf.rf/gntv_or_sync_fifo.gcx.clkx/gnxpm_cdc.rd_pntr_gc_reg[1]/Q
                         net (fo=1, routed)           0.617     0.695    dbg_hub/inst/BSCANID.u_xsdbm_id/CORE_XSDB.UUT_MASTER/U_ICON_INTERFACE/U_CMD6_RD/U_RD_FIFO/SUBCORE_FIFO.xsdbm_v3_0_0_rdfifo_inst/inst_fifo_gen/gconvfifo.rf/grf.rf/gntv_or_sync_fifo.gcx.clkx/gnxpm_cdc.gsync_stage[1].wr_stg_inst/Q[1]
    SLICE_X120Y770       FDCE                                         r  dbg_hub/inst/BSCANID.u_xsdbm_id/CORE_XSDB.UUT_MASTER/U_ICON_INTERFACE/U_CMD6_RD/U_RD_FIFO/SUBCORE_FIFO.xsdbm_v3_0_0_rdfifo_inst/inst_fifo_gen/gconvfifo.rf/grf.rf/gntv_or_sync_fifo.gcx.clkx/gnxpm_cdc.gsync_stage[1].wr_stg_inst/Q_reg_reg[1]/D
  -------------------------------------------------------------------    -------------------

                         max delay                   50.000    50.000    
    SLICE_X120Y770       FDCE (Setup_BFF2_SLICEL_C_D)
                                                      0.025    50.025    dbg_hub/inst/BSCANID.u_xsdbm_id/CORE_XSDB.UUT_MASTER/U_ICON_INTERFACE/U_CMD6_RD/U_RD_FIFO/SUBCORE_FIFO.xsdbm_v3_0_0_rdfifo_inst/inst_fifo_gen/gconvfifo.rf/grf.rf/gntv_or_sync_fifo.gcx.clkx/gnxpm_cdc.gsync_stage[1].wr_stg_inst/Q_reg_reg[1]
  -------------------------------------------------------------------
                         required time                         50.025    
                         arrival time                          -0.695    
  -------------------------------------------------------------------
                         slack                                 49.330    





---------------------------------------------------------------------------------------------------
From Clock:  mmcm_clkout0
  To Clock:  clk_50_clkwiz

Setup :            0  Failing Endpoints,  Worst Slack        0.761ns,  Total Violation        0.000ns
Hold  :           NA  Failing Endpoints,  Worst Slack           NA  ,  Total Violation           NA
---------------------------------------------------------------------------------------------------


Max Delay Paths
--------------------------------------------------------------------------------------
Slack (MET) :             0.761ns  (required time - arrival time)
  Source:                 i_dram_wrapper/gen_cdc.i_axi_cdc_mig/i_axi_cdc_dst/i_cdc_fifo_gray_src_r/gen_fpga_write.gen_slice[1].gen_word[23].word_q_reg[24]/C
                            (rising edge-triggered cell FDCE clocked by mmcm_clkout0  {rise@0.000ns fall@1.667ns period=3.333ns})
  Destination:            i_dram_wrapper/gen_cdc.i_axi_cdc_mig/i_axi_cdc_src/i_cdc_fifo_gray_dst_r/i_spill_register/spill_register_flushable_i/gen_spill_reg.a_data_q_reg[data][83]/D
                            (rising edge-triggered cell FDCE clocked by clk_50_clkwiz  {rise@0.000ns fall@10.000ns period=20.000ns})
  Path Group:             clk_50_clkwiz
  Path Type:              Setup (Max at Slow Process Corner)
  Requirement:            3.000ns  (MaxDelay Path 3.000ns)
  Data Path Delay:        2.264ns  (logic 0.499ns (22.041%)  route 1.765ns (77.959%))
  Logic Levels:           3  (LUT4=1 LUT6=2)
  Timing Exception:       MaxDelay Path 3.000ns -datapath_only

    Location             Delay type                Incr(ns)  Path(ns)    Netlist Resource(s)
  -------------------------------------------------------------------    -------------------
    SLICE_X65Y874                                     0.000     0.000 r  i_dram_wrapper/gen_cdc.i_axi_cdc_mig/i_axi_cdc_dst/i_cdc_fifo_gray_src_r/gen_fpga_write.gen_slice[1].gen_word[23].word_q_reg[24]/C
    SLICE_X65Y874        FDCE (Prop_EFF2_SLICEL_C_Q)
                                                      0.081     0.081 r  i_dram_wrapper/gen_cdc.i_axi_cdc_mig/i_axi_cdc_dst/i_cdc_fifo_gray_src_r/gen_fpga_write.gen_slice[1].gen_word[23].word_q_reg[24]/Q
                         net (fo=1, routed)           0.609     0.690    i_dram_wrapper/gen_cdc.i_axi_cdc_mig/i_axi_cdc_src/i_cdc_fifo_gray_dst_r/async_data_i[23][data][83]
    SLICE_X64Y885        LUT6 (Prop_F6LUT_SLICEM_I2_O)
                                                      0.148     0.838 r  i_dram_wrapper/gen_cdc.i_axi_cdc_mig/i_axi_cdc_src/i_cdc_fifo_gray_dst_r/i_spill_register_i_6075/O
                         net (fo=1, routed)           0.388     1.226    i_dram_wrapper/gen_cdc.i_axi_cdc_mig/i_axi_cdc_src/i_cdc_fifo_gray_dst_r/i_spill_register_i_6075_n_0
    SLICE_X65Y888        LUT6 (Prop_H6LUT_SLICEL_I5_O)
                                                      0.124     1.350 r  i_dram_wrapper/gen_cdc.i_axi_cdc_mig/i_axi_cdc_src/i_cdc_fifo_gray_dst_r/i_spill_register_i_2259/O
                         net (fo=1, routed)           0.718     2.068    i_dram_wrapper/gen_cdc.i_axi_cdc_mig/i_axi_cdc_src/i_cdc_fifo_gray_dst_r/i_spill_register_i_2259_n_0
    SLICE_X63Y836        LUT4 (Prop_C6LUT_SLICEL_I3_O)
                                                      0.146     2.214 r  i_dram_wrapper/gen_cdc.i_axi_cdc_mig/i_axi_cdc_src/i_cdc_fifo_gray_dst_r/i_spill_register_i_435/O
                         net (fo=1, routed)           0.050     2.264    i_dram_wrapper/gen_cdc.i_axi_cdc_mig/i_axi_cdc_src/i_cdc_fifo_gray_dst_r/i_spill_register/spill_register_flushable_i/data_i[data][83]
    SLICE_X63Y836        FDCE                                         r  i_dram_wrapper/gen_cdc.i_axi_cdc_mig/i_axi_cdc_src/i_cdc_fifo_gray_dst_r/i_spill_register/spill_register_flushable_i/gen_spill_reg.a_data_q_reg[data][83]/D
  -------------------------------------------------------------------    -------------------

                         max delay                    3.000     3.000    
    SLICE_X63Y836        FDCE (Setup_CFF_SLICEL_C_D)
                                                      0.025     3.025    i_dram_wrapper/gen_cdc.i_axi_cdc_mig/i_axi_cdc_src/i_cdc_fifo_gray_dst_r/i_spill_register/spill_register_flushable_i/gen_spill_reg.a_data_q_reg[data][83]
  -------------------------------------------------------------------
                         required time                          3.025    
                         arrival time                          -2.264    
  -------------------------------------------------------------------
                         slack                                  0.761    





---------------------------------------------------------------------------------------------------
From Clock:  clk_50_clkwiz
  To Clock:  mmcm_clkout0

Setup :            0  Failing Endpoints,  Worst Slack        0.604ns,  Total Violation        0.000ns
Hold  :           NA  Failing Endpoints,  Worst Slack           NA  ,  Total Violation           NA
---------------------------------------------------------------------------------------------------


Max Delay Paths
--------------------------------------------------------------------------------------
Slack (MET) :             0.604ns  (required time - arrival time)
  Source:                 i_dram_wrapper/gen_cdc.i_axi_cdc_mig/i_axi_cdc_src/i_cdc_fifo_gray_src_w/gen_fpga_write.gen_slice[6].gen_word[12].word_q_reg[34]/C
                            (rising edge-triggered cell FDCE clocked by clk_50_clkwiz  {rise@0.000ns fall@10.000ns period=20.000ns})
  Destination:            i_dram_wrapper/gen_cdc.i_axi_cdc_mig/i_axi_cdc_dst/i_cdc_fifo_gray_dst_w/i_spill_register/spill_register_flushable_i/gen_spill_reg.a_data_q_reg[data][351]/D
                            (rising edge-triggered cell FDCE clocked by mmcm_clkout0  {rise@0.000ns fall@1.667ns period=3.333ns})
  Path Group:             mmcm_clkout0
  Path Type:              Setup (Max at Slow Process Corner)
  Requirement:            3.000ns  (MaxDelay Path 3.000ns)
  Data Path Delay:        2.421ns  (logic 0.331ns (13.672%)  route 2.090ns (86.328%))
  Logic Levels:           3  (LUT4=1 LUT6=2)
  Timing Exception:       MaxDelay Path 3.000ns -datapath_only

    Location             Delay type                Incr(ns)  Path(ns)    Netlist Resource(s)
  -------------------------------------------------------------------    -------------------
    SLICE_X64Y646                                     0.000     0.000 r  i_dram_wrapper/gen_cdc.i_axi_cdc_mig/i_axi_cdc_src/i_cdc_fifo_gray_src_w/gen_fpga_write.gen_slice[6].gen_word[12].word_q_reg[34]/C
    SLICE_X64Y646        FDCE (Prop_GFF2_SLICEM_C_Q)
                                                      0.079     0.079 r  i_dram_wrapper/gen_cdc.i_axi_cdc_mig/i_axi_cdc_src/i_cdc_fifo_gray_src_w/gen_fpga_write.gen_slice[6].gen_word[12].word_q_reg[34]/Q
                         net (fo=1, routed)           0.283     0.362    i_dram_wrapper/gen_cdc.i_axi_cdc_mig/i_axi_cdc_dst/i_cdc_fifo_gray_dst_w/async_data_i[12][data][351]
    SLICE_X64Y646        LUT6 (Prop_H6LUT_SLICEM_I5_O)
                                                      0.039     0.401 r  i_dram_wrapper/gen_cdc.i_axi_cdc_mig/i_axi_cdc_dst/i_cdc_fifo_gray_dst_w/i_spill_register_i_4171/O
                         net (fo=1, routed)           0.529     0.930    i_dram_wrapper/gen_cdc.i_axi_cdc_mig/i_axi_cdc_dst/i_cdc_fifo_gray_dst_w/i_spill_register_i_4171_n_0
    SLICE_X67Y643        LUT6 (Prop_G6LUT_SLICEL_I0_O)
                                                      0.123     1.053 r  i_dram_wrapper/gen_cdc.i_axi_cdc_mig/i_axi_cdc_dst/i_cdc_fifo_gray_dst_w/i_spill_register_i_1224/O
                         net (fo=1, routed)           1.230     2.283    i_dram_wrapper/gen_cdc.i_axi_cdc_mig/i_axi_cdc_dst/i_cdc_fifo_gray_dst_w/i_spill_register_i_1224_n_0
    SLICE_X111Y684       LUT4 (Prop_A6LUT_SLICEL_I3_O)
                                                      0.090     2.373 r  i_dram_wrapper/gen_cdc.i_axi_cdc_mig/i_axi_cdc_dst/i_cdc_fifo_gray_dst_w/i_spill_register_i_162/O
                         net (fo=1, routed)           0.048     2.421    i_dram_wrapper/gen_cdc.i_axi_cdc_mig/i_axi_cdc_dst/i_cdc_fifo_gray_dst_w/i_spill_register/spill_register_flushable_i/data_i[data][351]
    SLICE_X111Y684       FDCE                                         r  i_dram_wrapper/gen_cdc.i_axi_cdc_mig/i_axi_cdc_dst/i_cdc_fifo_gray_dst_w/i_spill_register/spill_register_flushable_i/gen_spill_reg.a_data_q_reg[data][351]/D
  -------------------------------------------------------------------    -------------------

                         max delay                    3.000     3.000    
    SLICE_X111Y684       FDCE (Setup_AFF_SLICEL_C_D)
                                                      0.025     3.025    i_dram_wrapper/gen_cdc.i_axi_cdc_mig/i_axi_cdc_dst/i_cdc_fifo_gray_dst_w/i_spill_register/spill_register_flushable_i/gen_spill_reg.a_data_q_reg[data][351]
  -------------------------------------------------------------------
                         required time                          3.025    
                         arrival time                          -2.421    
  -------------------------------------------------------------------
                         slack                                  0.604    





---------------------------------------------------------------------------------------------------
From Clock:  mmcm_clkout6
  To Clock:  mmcm_clkout0

Setup :            0  Failing Endpoints,  Worst Slack        2.195ns,  Total Violation        0.000ns
Hold  :           NA  Failing Endpoints,  Worst Slack           NA  ,  Total Violation           NA
---------------------------------------------------------------------------------------------------


Max Delay Paths
--------------------------------------------------------------------------------------
Slack (MET) :             2.195ns  (required time - arrival time)
  Source:                 i_dram_wrapper/i_dram/inst/u_ddr4_mem_intfc/u_ddr_cal_riu/io_address_riuclk_reg[3]/C
                            (rising edge-triggered cell FDRE clocked by mmcm_clkout6  {rise@0.000ns fall@3.333ns period=6.667ns})
  Destination:            i_dram_wrapper/i_dram/inst/u_ddr4_mem_intfc/u_io_addr_sync/SYNC[3].sync_reg_reg[0]/D
                            (rising edge-triggered cell FDRE clocked by mmcm_clkout0  {rise@0.000ns fall@1.667ns period=3.333ns})
  Path Group:             mmcm_clkout0
  Path Type:              Setup (Max at Slow Process Corner)
  Requirement:            3.000ns  (MaxDelay Path 3.000ns)
  Data Path Delay:        0.830ns  (logic 0.081ns (9.759%)  route 0.749ns (90.241%))
  Logic Levels:           0  
  Timing Exception:       MaxDelay Path 3.000ns -datapath_only

    Location             Delay type                Incr(ns)  Path(ns)    Netlist Resource(s)
  -------------------------------------------------------------------    -------------------
    SLICE_X136Y827                                    0.000     0.000 r  i_dram_wrapper/i_dram/inst/u_ddr4_mem_intfc/u_ddr_cal_riu/io_address_riuclk_reg[3]/C
    SLICE_X136Y827       FDRE (Prop_FFF2_SLICEL_C_Q)
                                                      0.081     0.081 r  i_dram_wrapper/i_dram/inst/u_ddr4_mem_intfc/u_ddr_cal_riu/io_address_riuclk_reg[3]/Q
                         net (fo=34, routed)          0.749     0.830    i_dram_wrapper/i_dram/inst/u_ddr4_mem_intfc/u_io_addr_sync/SYNC[31].sync_reg_reg[0]_0[3]
    SLICE_X133Y829       FDRE                                         r  i_dram_wrapper/i_dram/inst/u_ddr4_mem_intfc/u_io_addr_sync/SYNC[3].sync_reg_reg[0]/D
  -------------------------------------------------------------------    -------------------

                         max delay                    3.000     3.000    
    SLICE_X133Y829       FDRE (Setup_DFF2_SLICEM_C_D)
                                                      0.025     3.025    i_dram_wrapper/i_dram/inst/u_ddr4_mem_intfc/u_io_addr_sync/SYNC[3].sync_reg_reg[0]
  -------------------------------------------------------------------
                         required time                          3.025    
                         arrival time                          -0.830    
  -------------------------------------------------------------------
                         slack                                  2.195    





---------------------------------------------------------------------------------------------------
From Clock:  mmcm_clkout0
  To Clock:  pll_clk[0]_DIV

Setup :            0  Failing Endpoints,  Worst Slack        0.509ns,  Total Violation        0.000ns
Hold  :            0  Failing Endpoints,  Worst Slack        0.711ns,  Total Violation        0.000ns
---------------------------------------------------------------------------------------------------


Max Delay Paths
--------------------------------------------------------------------------------------
Slack (MET) :             0.509ns  (required time - arrival time)
  Source:                 i_dram_wrapper/i_dram/inst/u_ddr4_mem_intfc/u_ddr_cal_top/u_ddr_mc_pi/rdEn[0].u_ddr_mc_rd_en_upp/rdEn_reg[0]/C
                            (rising edge-triggered cell FDRE clocked by mmcm_clkout0  {rise@0.000ns fall@1.667ns period=3.333ns})
  Destination:            i_dram_wrapper/i_dram/inst/u_ddr4_mem_intfc/u_mig_ddr4_phy/inst/generate_block1.u_ddr_xiphy/byte_num[0].xiphy_byte_wrapper.u_xiphy_byte_wrapper/I_CONTROL[1].GEN_I_CONTROL.u_xiphy_control/xiphy_control/PHY_RDEN[0]
                            (rising edge-triggered cell BITSLICE_CONTROL clocked by pll_clk[0]_DIV  {rise@0.000ns fall@1.667ns period=3.333ns})
  Path Group:             pll_clk[0]_DIV
  Path Type:              Setup (Max at Slow Process Corner)
  Requirement:            3.333ns  (pll_clk[0]_DIV rise@3.333ns - mmcm_clkout0 rise@0.000ns)
  Data Path Delay:        1.918ns  (logic 0.079ns (4.119%)  route 1.839ns (95.881%))
  Logic Levels:           0  
  Clock Path Skew:        -0.707ns (DCD - SCD + CPR)
    Destination Clock Delay (DCD):    3.928ns = ( 7.261 - 3.333 ) 
    Source Clock Delay      (SCD):    4.253ns
    Clock Pessimism Removal (CPR):    -0.382ns
  Clock Uncertainty:      0.154ns  ((TSJ^2 + DJ^2)^1/2) / 2 + PE
    Total System Jitter     (TSJ):    0.071ns
    Discrete Jitter          (DJ):    0.064ns
    Phase Error              (PE):    0.106ns
  Clock Net Delay (Source):      2.119ns (routing 0.854ns, distribution 1.265ns)
  Clock Net Delay (Destination): 0.102ns (routing 0.089ns, distribution 0.013ns)

    Location             Delay type                Incr(ns)  Path(ns)    Netlist Resource(s)
  -------------------------------------------------------------------    -------------------
                         (clock mmcm_clkout0 rise edge)
                                                      0.000     0.000 r  
    E12                                               0.000     0.000 r  sys_clk_p (IN)
                         net (fo=0)                   0.000     0.000    i_bufds_sys_clk/I
    HPIOBDIFFINBUF_X1Y300
                         DIFFINBUF (Prop_DIFFINBUF_HPIOBDIFFINBUF_DIFF_IN_P_O)
                                                      0.675     0.675 r  i_bufds_sys_clk/DIFFINBUF_INST/O
                         net (fo=1, routed)           0.050     0.725    i_bufds_sys_clk/OUT
    E12                  IBUFCTRL (Prop_IBUFCTRL_HPIOB_M_I_O)
                                                      0.000     0.725 r  i_bufds_sys_clk/IBUFCTRL_INST/O
                         net (fo=1, routed)           0.335     1.060    sys_clk
    BUFGCE_X1Y289        BUFGCE (Prop_BUFCE_BUFGCE_I_O)
                                                      0.028     1.088 r  sys_clk_BUFGCE_inst/O
                         net (fo=19, routed)          0.901     1.989    i_dram_wrapper/i_dram/inst/u_ddr4_infrastructure/mmcm_clk_in
    MMCM_X1Y13           MMCME4_ADV (Prop_MMCM_CLKIN1_CLKOUT0)
                                                     -0.127     1.862 r  i_dram_wrapper/i_dram/inst/u_ddr4_infrastructure/gen_mmcme4.u_mmcme_adv_inst/CLKOUT0
                         net (fo=1, routed)           0.244     2.106    i_dram_wrapper/i_dram/inst/u_ddr4_infrastructure/mmcm_clkout0
    BUFGCE_X1Y332        BUFGCE (Prop_BUFCE_BUFGCE_I_O)
                                                      0.028     2.134 r  i_dram_wrapper/i_dram/inst/u_ddr4_infrastructure/u_bufg_divClk/O
    X4Y12 (CLOCK_ROOT)   net (fo=36893, routed)       2.119     4.253    i_dram_wrapper/i_dram/inst/u_ddr4_mem_intfc/u_ddr_cal_top/u_ddr_mc_pi/rdEn[0].u_ddr_mc_rd_en_upp/rsMask_reg[6][9]_0
    SLICE_X139Y850       FDRE                                         r  i_dram_wrapper/i_dram/inst/u_ddr4_mem_intfc/u_ddr_cal_top/u_ddr_mc_pi/rdEn[0].u_ddr_mc_rd_en_upp/rdEn_reg[0]/C
  -------------------------------------------------------------------    -------------------
    SLICE_X139Y850       FDRE (Prop_HFF_SLICEL_C_Q)
                                                      0.079     4.332 r  i_dram_wrapper/i_dram/inst/u_ddr4_mem_intfc/u_ddr_cal_top/u_ddr_mc_pi/rdEn[0].u_ddr_mc_rd_en_upp/rdEn_reg[0]/Q
                         net (fo=3, routed)           1.839     6.171    i_dram_wrapper/i_dram/inst/u_ddr4_mem_intfc/u_mig_ddr4_phy/inst/generate_block1.u_ddr_xiphy/byte_num[0].xiphy_byte_wrapper.u_xiphy_byte_wrapper/I_CONTROL[1].GEN_I_CONTROL.u_xiphy_control/ch0_mcal_clb2phy_rden_upp[0]
    BITSLICE_CONTROL_X1Y97
                         BITSLICE_CONTROL                             r  i_dram_wrapper/i_dram/inst/u_ddr4_mem_intfc/u_mig_ddr4_phy/inst/generate_block1.u_ddr_xiphy/byte_num[0].xiphy_byte_wrapper.u_xiphy_byte_wrapper/I_CONTROL[1].GEN_I_CONTROL.u_xiphy_control/xiphy_control/PHY_RDEN[0]
  -------------------------------------------------------------------    -------------------

                         (clock pll_clk[0]_DIV rise edge)
                                                      3.333     3.333 r  
    E12                                               0.000     3.333 r  sys_clk_p (IN)
                         net (fo=0)                   0.000     3.333    i_bufds_sys_clk/I
    HPIOBDIFFINBUF_X1Y300
                         DIFFINBUF (Prop_DIFFINBUF_HPIOBDIFFINBUF_DIFF_IN_P_O)
                                                      0.564     3.898 r  i_bufds_sys_clk/DIFFINBUF_INST/O
                         net (fo=1, routed)           0.040     3.938    i_bufds_sys_clk/OUT
    E12                  IBUFCTRL (Prop_IBUFCTRL_HPIOB_M_I_O)
                                                      0.000     3.938 r  i_bufds_sys_clk/IBUFCTRL_INST/O
                         net (fo=1, routed)           0.297     4.235    sys_clk
    BUFGCE_X1Y289        BUFGCE (Prop_BUFCE_BUFGCE_I_O)
                                                      0.024     4.259 r  sys_clk_BUFGCE_inst/O
                         net (fo=19, routed)          0.795     5.054    i_dram_wrapper/i_dram/inst/u_ddr4_infrastructure/mmcm_clk_in
    MMCM_X1Y13           MMCME4_ADV (Prop_MMCM_CLKIN1_CLKOUT0)
                                                      0.630     5.684 r  i_dram_wrapper/i_dram/inst/u_ddr4_infrastructure/gen_mmcme4.u_mmcme_adv_inst/CLKOUT0
                         net (fo=1, routed)           0.214     5.898    i_dram_wrapper/i_dram/inst/u_ddr4_infrastructure/mmcm_clkout0
    BUFGCE_X1Y332        BUFGCE (Prop_BUFCE_BUFGCE_I_O)
                                                      0.024     5.922 r  i_dram_wrapper/i_dram/inst/u_ddr4_infrastructure/u_bufg_divClk/O
                         net (fo=36893, routed)       1.761     7.683    i_dram_wrapper/i_dram/inst/u_ddr4_mem_intfc/u_mig_ddr4_phy/inst/u_ddr4_phy_pll/div_clk
    PLL_X1Y24            PLLE4_ADV (Prop_PLL_CLKIN_CLKOUTPHY)
                                                     -0.713     6.969 r  i_dram_wrapper/i_dram/inst/u_ddr4_mem_intfc/u_mig_ddr4_phy/inst/u_ddr4_phy_pll/plle_loop[0].gen_plle4.PLLE4_BASE_INST_OTHER/CLKOUTPHY
    X4Y12 (CLOCK_ROOT)   net (fo=8, routed)           0.102     7.071    i_dram_wrapper/i_dram/inst/u_ddr4_mem_intfc/u_mig_ddr4_phy/inst/generate_block1.u_ddr_xiphy/byte_num[0].xiphy_byte_wrapper.u_xiphy_byte_wrapper/I_CONTROL[1].GEN_I_CONTROL.u_xiphy_control/pll_clk[0]
    BITSLICE_CONTROL_X1Y97
                         BITSLICE_CONTROL (Prop_CONTROL_BITSLICE_CONTROL_PLL_CLK_RX_DIV2_CLK_Q)
                                                      0.112     7.183 r  i_dram_wrapper/i_dram/inst/u_ddr4_mem_intfc/u_mig_ddr4_phy/inst/generate_block1.u_ddr_xiphy/byte_num[0].xiphy_byte_wrapper.u_xiphy_byte_wrapper/I_CONTROL[1].GEN_I_CONTROL.u_xiphy_control/xiphy_control/RX_DIV2_CLK_Q
    BITSLICE_CONTROL_X1Y97
                         BITSLICE_CONTROL (Prop_CONTROL_BITSLICE_CONTROL_RX_DIV2_CLK_Q_RX_DIV4_CLK_Q)
                                                      0.078     7.261 r  i_dram_wrapper/i_dram/inst/u_ddr4_mem_intfc/u_mig_ddr4_phy/inst/generate_block1.u_ddr_xiphy/byte_num[0].xiphy_byte_wrapper.u_xiphy_byte_wrapper/I_CONTROL[1].GEN_I_CONTROL.u_xiphy_control/xiphy_control/RX_DIV4_CLK_Q
                         clock pessimism             -0.382     6.879    
                         clock uncertainty           -0.154     6.725    
    BITSLICE_CONTROL_X1Y97
                         BITSLICE_CONTROL (Setup_CONTROL_BITSLICE_CONTROL_RX_DIV4_CLK_Q_PHY_RDEN[0])
                                                     -0.045     6.680    i_dram_wrapper/i_dram/inst/u_ddr4_mem_intfc/u_mig_ddr4_phy/inst/generate_block1.u_ddr_xiphy/byte_num[0].xiphy_byte_wrapper.u_xiphy_byte_wrapper/I_CONTROL[1].GEN_I_CONTROL.u_xiphy_control/xiphy_control
  -------------------------------------------------------------------
                         required time                          6.680    
                         arrival time                          -6.171    
  -------------------------------------------------------------------
                         slack                                  0.509    





Min Delay Paths
--------------------------------------------------------------------------------------
Slack (MET) :             0.711ns  (arrival time - required time)
  Source:                 i_dram_wrapper/i_dram/inst/u_ddr4_mem_intfc/u_ddr_cal_top/mcal_ADR_dly_reg[0][102]/C
                            (rising edge-triggered cell FDRE clocked by mmcm_clkout0  {rise@0.000ns fall@1.667ns period=3.333ns})
  Destination:            i_dram_wrapper/i_dram/inst/u_ddr4_mem_intfc/u_mig_ddr4_phy/inst/generate_block1.u_ddr_xiphy/byte_num[3].xiphy_byte_wrapper.u_xiphy_byte_wrapper/I_BITSLICE_LOWER[0].GEN_RXTX_BITSLICE_EN.u_xiphy_bitslice_lower/xiphy_rxtx_bitslice/D[6]
                            (rising edge-triggered cell RXTX_BITSLICE clocked by pll_clk[0]_DIV  {rise@0.000ns fall@1.667ns period=3.333ns})
  Path Group:             pll_clk[0]_DIV
  Path Type:              Hold (Min at Slow Process Corner)
  Requirement:            0.000ns  (pll_clk[0]_DIV rise@0.000ns - mmcm_clkout0 rise@0.000ns)
  Data Path Delay:        0.374ns  (logic 0.059ns (15.775%)  route 0.315ns (84.225%))
  Logic Levels:           0  
  Clock Path Skew:        -0.563ns (DCD - SCD - CPR)
    Destination Clock Delay (DCD):    3.585ns
    Source Clock Delay      (SCD):    4.470ns
    Clock Pessimism Removal (CPR):    -0.322ns
  Clock Uncertainty:      0.154ns  ((TSJ^2 + DJ^2)^1/2) / 2 + PE
    Total System Jitter     (TSJ):    0.071ns
    Discrete Jitter          (DJ):    0.064ns
    Phase Error              (PE):    0.106ns
  Clock Net Delay (Source):      1.882ns (routing 0.777ns, distribution 1.105ns)
  Clock Net Delay (Destination): 0.043ns (routing 0.043ns, distribution 0.000ns)

    Location             Delay type                Incr(ns)  Path(ns)    Netlist Resource(s)
  -------------------------------------------------------------------    -------------------
                         (clock mmcm_clkout0 rise edge)
                                                      0.000     0.000 r  
    E12                                               0.000     0.000 r  sys_clk_p (IN)
                         net (fo=0)                   0.000     0.000    i_bufds_sys_clk/I
    HPIOBDIFFINBUF_X1Y300
                         DIFFINBUF (Prop_DIFFINBUF_HPIOBDIFFINBUF_DIFF_IN_P_O)
                                                      0.564     0.564 r  i_bufds_sys_clk/DIFFINBUF_INST/O
                         net (fo=1, routed)           0.040     0.604    i_bufds_sys_clk/OUT
    E12                  IBUFCTRL (Prop_IBUFCTRL_HPIOB_M_I_O)
                                                      0.000     0.604 r  i_bufds_sys_clk/IBUFCTRL_INST/O
                         net (fo=1, routed)           0.297     0.901    sys_clk
    BUFGCE_X1Y289        BUFGCE (Prop_BUFCE_BUFGCE_I_O)
                                                      0.024     0.925 r  sys_clk_BUFGCE_inst/O
                         net (fo=19, routed)          0.795     1.720    i_dram_wrapper/i_dram/inst/u_ddr4_infrastructure/mmcm_clk_in
    MMCM_X1Y13           MMCME4_ADV (Prop_MMCM_CLKIN1_CLKOUT0)
                                                      0.630     2.350 r  i_dram_wrapper/i_dram/inst/u_ddr4_infrastructure/gen_mmcme4.u_mmcme_adv_inst/CLKOUT0
                         net (fo=1, routed)           0.214     2.564    i_dram_wrapper/i_dram/inst/u_ddr4_infrastructure/mmcm_clkout0
    BUFGCE_X1Y332        BUFGCE (Prop_BUFCE_BUFGCE_I_O)
                                                      0.024     2.588 r  i_dram_wrapper/i_dram/inst/u_ddr4_infrastructure/u_bufg_divClk/O
    X4Y12 (CLOCK_ROOT)   net (fo=36893, routed)       1.882     4.470    i_dram_wrapper/i_dram/inst/u_ddr4_mem_intfc/u_ddr_cal_top/wosp_reg[2]_rep__7
    SLICE_X115Y765       FDRE                                         r  i_dram_wrapper/i_dram/inst/u_ddr4_mem_intfc/u_ddr_cal_top/mcal_ADR_dly_reg[0][102]/C
  -------------------------------------------------------------------    -------------------
    SLICE_X115Y765       FDRE (Prop_GFF_SLICEL_C_Q)
                                                      0.059     4.529 r  i_dram_wrapper/i_dram/inst/u_ddr4_mem_intfc/u_ddr_cal_top/mcal_ADR_dly_reg[0][102]/Q
                         net (fo=4, routed)           0.315     4.844    i_dram_wrapper/i_dram/inst/u_ddr4_mem_intfc/u_mig_ddr4_phy/inst/generate_block1.u_ddr_xiphy/byte_num[3].xiphy_byte_wrapper.u_xiphy_byte_wrapper/I_BITSLICE_LOWER[0].GEN_RXTX_BITSLICE_EN.u_xiphy_bitslice_lower/clb2phy_wr_dq0[6]
    BITSLICE_RX_TX_X1Y663
                         RXTX_BITSLICE                                r  i_dram_wrapper/i_dram/inst/u_ddr4_mem_intfc/u_mig_ddr4_phy/inst/generate_block1.u_ddr_xiphy/byte_num[3].xiphy_byte_wrapper.u_xiphy_byte_wrapper/I_BITSLICE_LOWER[0].GEN_RXTX_BITSLICE_EN.u_xiphy_bitslice_lower/xiphy_rxtx_bitslice/D[6]
  -------------------------------------------------------------------    -------------------

                         (clock pll_clk[0]_DIV rise edge)
                                                      0.000     0.000 f  
    E12                                               0.000     0.000 f  sys_clk_p (IN)
                         net (fo=0)                   0.000     0.000    i_bufds_sys_clk/I
    HPIOBDIFFINBUF_X1Y300
                         DIFFINBUF (Prop_DIFFINBUF_HPIOBDIFFINBUF_DIFF_IN_P_O)
                                                      0.675     0.675 f  i_bufds_sys_clk/DIFFINBUF_INST/O
                         net (fo=1, routed)           0.050     0.725    i_bufds_sys_clk/OUT
    E12                  IBUFCTRL (Prop_IBUFCTRL_HPIOB_M_I_O)
                                                      0.000     0.725 f  i_bufds_sys_clk/IBUFCTRL_INST/O
                         net (fo=1, routed)           0.335     1.060    sys_clk
    BUFGCE_X1Y289        BUFGCE (Prop_BUFCE_BUFGCE_I_O)
                                                      0.028     1.088 f  sys_clk_BUFGCE_inst/O
                         net (fo=19, routed)          0.901     1.989    i_dram_wrapper/i_dram/inst/u_ddr4_infrastructure/mmcm_clk_in
    MMCM_X1Y13           MMCME4_ADV (Prop_MMCM_CLKIN1_CLKOUT0)
                                                     -0.127     1.862 f  i_dram_wrapper/i_dram/inst/u_ddr4_infrastructure/gen_mmcme4.u_mmcme_adv_inst/CLKOUT0
                         net (fo=1, routed)           0.244     2.106    i_dram_wrapper/i_dram/inst/u_ddr4_infrastructure/mmcm_clkout0
    BUFGCE_X1Y332        BUFGCE (Prop_BUFCE_BUFGCE_I_O)
                                                      0.028     2.134 f  i_dram_wrapper/i_dram/inst/u_ddr4_infrastructure/u_bufg_divClk/O
                         net (fo=36893, routed)       1.954     4.088    i_dram_wrapper/i_dram/inst/u_ddr4_mem_intfc/u_mig_ddr4_phy/inst/u_ddr4_phy_pll/div_clk
    PLL_X1Y24            PLLE4_ADV (Prop_PLL_CLKIN_CLKOUTPHY)
                                                     -1.141     2.946 f  i_dram_wrapper/i_dram/inst/u_ddr4_mem_intfc/u_mig_ddr4_phy/inst/u_ddr4_phy_pll/plle_loop[0].gen_plle4.PLLE4_BASE_INST_OTHER/CLKOUTPHY
                         net (fo=8, routed)           0.148     3.094    i_dram_wrapper/i_dram/inst/u_ddr4_mem_intfc/u_mig_ddr4_phy/inst/generate_block1.u_ddr_xiphy/byte_num[3].xiphy_byte_wrapper.u_xiphy_byte_wrapper/I_CONTROL[0].GEN_I_CONTROL.u_xiphy_control/pll_clk[0]
    BITSLICE_CONTROL_X1Y102
                         BITSLICE_CONTROL (Prop_CONTROL_BITSLICE_CONTROL_PLL_CLK_TX_DIV2_CLK_Q)
                                                      0.177     3.271 r  i_dram_wrapper/i_dram/inst/u_ddr4_mem_intfc/u_mig_ddr4_phy/inst/generate_block1.u_ddr_xiphy/byte_num[3].xiphy_byte_wrapper.u_xiphy_byte_wrapper/I_CONTROL[0].GEN_I_CONTROL.u_xiphy_control/xiphy_control/TX_DIV2_CLK_Q
    BITSLICE_CONTROL_X1Y102
                         BITSLICE_CONTROL (Prop_CONTROL_BITSLICE_CONTROL_TX_DIV2_CLK_Q_TX_DIV4_CLK_Q)
                                                      0.109     3.380 r  i_dram_wrapper/i_dram/inst/u_ddr4_mem_intfc/u_mig_ddr4_phy/inst/generate_block1.u_ddr_xiphy/byte_num[3].xiphy_byte_wrapper.u_xiphy_byte_wrapper/I_CONTROL[0].GEN_I_CONTROL.u_xiphy_control/xiphy_control/TX_DIV4_CLK_Q
    BITSLICE_CONTROL_X1Y102
                         BITSLICE_CONTROL (Prop_CONTROL_BITSLICE_CONTROL_TX_DIV4_CLK_Q_TX_BIT_CTRL_OUT0[26])
                                                      0.162     3.542 r  i_dram_wrapper/i_dram/inst/u_ddr4_mem_intfc/u_mig_ddr4_phy/inst/generate_block1.u_ddr_xiphy/byte_num[3].xiphy_byte_wrapper.u_xiphy_byte_wrapper/I_CONTROL[0].GEN_I_CONTROL.u_xiphy_control/xiphy_control/TX_BIT_CTRL_OUT0[26]
    X4Y12 (CLOCK_ROOT)   net (fo=1, routed)           0.043     3.585    i_dram_wrapper/i_dram/inst/u_ddr4_mem_intfc/u_mig_ddr4_phy/inst/generate_block1.u_ddr_xiphy/byte_num[3].xiphy_byte_wrapper.u_xiphy_byte_wrapper/I_BITSLICE_LOWER[0].GEN_RXTX_BITSLICE_EN.u_xiphy_bitslice_lower/TX_BIT_CTRL_OUT0[26]
    BITSLICE_RX_TX_X1Y663
                         RXTX_BITSLICE                                r  i_dram_wrapper/i_dram/inst/u_ddr4_mem_intfc/u_mig_ddr4_phy/inst/generate_block1.u_ddr_xiphy/byte_num[3].xiphy_byte_wrapper.u_xiphy_byte_wrapper/I_BITSLICE_LOWER[0].GEN_RXTX_BITSLICE_EN.u_xiphy_bitslice_lower/xiphy_rxtx_bitslice/TX_BIT_CTRL_IN[26]
                         clock pessimism              0.322     3.907    
                         clock uncertainty            0.154     4.062    
    BITSLICE_RX_TX_X1Y663
                         RXTX_BITSLICE (Hold_RXTX_BITSLICE_BITSLICE_RX_TX_TX_BIT_CTRL_IN[26]_D[6])
                                                      0.072     4.134    i_dram_wrapper/i_dram/inst/u_ddr4_mem_intfc/u_mig_ddr4_phy/inst/generate_block1.u_ddr_xiphy/byte_num[3].xiphy_byte_wrapper.u_xiphy_byte_wrapper/I_BITSLICE_LOWER[0].GEN_RXTX_BITSLICE_EN.u_xiphy_bitslice_lower/xiphy_rxtx_bitslice
  -------------------------------------------------------------------
                         required time                         -4.134    
                         arrival time                           4.844    
  -------------------------------------------------------------------
                         slack                                  0.711    





---------------------------------------------------------------------------------------------------
From Clock:  mmcm_clkout0
  To Clock:  pll_clk[1]_DIV

Setup :            0  Failing Endpoints,  Worst Slack        0.647ns,  Total Violation        0.000ns
Hold  :            0  Failing Endpoints,  Worst Slack        0.742ns,  Total Violation        0.000ns
---------------------------------------------------------------------------------------------------


Max Delay Paths
--------------------------------------------------------------------------------------
Slack (MET) :             0.647ns  (required time - arrival time)
  Source:                 i_dram_wrapper/i_dram/inst/u_ddr4_mem_intfc/u_ddr_cal_top/u_ddr_mc_pi/u_ddr_mc_write/oe_low_reg[0]/C
                            (rising edge-triggered cell FDRE clocked by mmcm_clkout0  {rise@0.000ns fall@1.667ns period=3.333ns})
  Destination:            i_dram_wrapper/i_dram/inst/u_ddr4_mem_intfc/u_mig_ddr4_phy/inst/generate_block1.u_ddr_xiphy/byte_num[6].xiphy_byte_wrapper.u_xiphy_byte_wrapper/I_CONTROL[0].GEN_I_CONTROL.u_xiphy_control/xiphy_control/TBYTE_IN[0]
                            (rising edge-triggered cell BITSLICE_CONTROL clocked by pll_clk[1]_DIV  {rise@0.000ns fall@1.667ns period=3.333ns})
  Path Group:             pll_clk[1]_DIV
  Path Type:              Setup (Max at Slow Process Corner)
  Requirement:            3.333ns  (pll_clk[1]_DIV rise@3.333ns - mmcm_clkout0 rise@0.000ns)
  Data Path Delay:        1.759ns  (logic 0.079ns (4.491%)  route 1.680ns (95.509%))
  Logic Levels:           0  
  Clock Path Skew:        -0.634ns (DCD - SCD + CPR)
    Destination Clock Delay (DCD):    3.970ns = ( 7.303 - 3.333 ) 
    Source Clock Delay      (SCD):    4.286ns
    Clock Pessimism Removal (CPR):    -0.318ns
  Clock Uncertainty:      0.154ns  ((TSJ^2 + DJ^2)^1/2) / 2 + PE
    Total System Jitter     (TSJ):    0.071ns
    Discrete Jitter          (DJ):    0.064ns
    Phase Error              (PE):    0.106ns
  Clock Net Delay (Source):      2.152ns (routing 0.854ns, distribution 1.298ns)
  Clock Net Delay (Destination): 0.099ns (routing 0.087ns, distribution 0.012ns)

    Location             Delay type                Incr(ns)  Path(ns)    Netlist Resource(s)
  -------------------------------------------------------------------    -------------------
                         (clock mmcm_clkout0 rise edge)
                                                      0.000     0.000 r  
    E12                                               0.000     0.000 r  sys_clk_p (IN)
                         net (fo=0)                   0.000     0.000    i_bufds_sys_clk/I
    HPIOBDIFFINBUF_X1Y300
                         DIFFINBUF (Prop_DIFFINBUF_HPIOBDIFFINBUF_DIFF_IN_P_O)
                                                      0.675     0.675 r  i_bufds_sys_clk/DIFFINBUF_INST/O
                         net (fo=1, routed)           0.050     0.725    i_bufds_sys_clk/OUT
    E12                  IBUFCTRL (Prop_IBUFCTRL_HPIOB_M_I_O)
                                                      0.000     0.725 r  i_bufds_sys_clk/IBUFCTRL_INST/O
                         net (fo=1, routed)           0.335     1.060    sys_clk
    BUFGCE_X1Y289        BUFGCE (Prop_BUFCE_BUFGCE_I_O)
                                                      0.028     1.088 r  sys_clk_BUFGCE_inst/O
                         net (fo=19, routed)          0.901     1.989    i_dram_wrapper/i_dram/inst/u_ddr4_infrastructure/mmcm_clk_in
    MMCM_X1Y13           MMCME4_ADV (Prop_MMCM_CLKIN1_CLKOUT0)
                                                     -0.127     1.862 r  i_dram_wrapper/i_dram/inst/u_ddr4_infrastructure/gen_mmcme4.u_mmcme_adv_inst/CLKOUT0
                         net (fo=1, routed)           0.244     2.106    i_dram_wrapper/i_dram/inst/u_ddr4_infrastructure/mmcm_clkout0
    BUFGCE_X1Y332        BUFGCE (Prop_BUFCE_BUFGCE_I_O)
                                                      0.028     2.134 r  i_dram_wrapper/i_dram/inst/u_ddr4_infrastructure/u_bufg_divClk/O
    X4Y12 (CLOCK_ROOT)   net (fo=36893, routed)       2.152     4.286    i_dram_wrapper/i_dram/inst/u_ddr4_mem_intfc/u_ddr_cal_top/u_ddr_mc_pi/u_ddr_mc_write/wosp_reg[2]_rep__7_0
    SLICE_X118Y791       FDRE                                         r  i_dram_wrapper/i_dram/inst/u_ddr4_mem_intfc/u_ddr_cal_top/u_ddr_mc_pi/u_ddr_mc_write/oe_low_reg[0]/C
  -------------------------------------------------------------------    -------------------
    SLICE_X118Y791       FDRE (Prop_DFF_SLICEL_C_Q)
                                                      0.079     4.365 r  i_dram_wrapper/i_dram/inst/u_ddr4_mem_intfc/u_ddr_cal_top/u_ddr_mc_pi/u_ddr_mc_write/oe_low_reg[0]/Q
                         net (fo=8, routed)           1.680     6.045    i_dram_wrapper/i_dram/inst/u_ddr4_mem_intfc/u_mig_ddr4_phy/inst/generate_block1.u_ddr_xiphy/byte_num[6].xiphy_byte_wrapper.u_xiphy_byte_wrapper/I_CONTROL[0].GEN_I_CONTROL.u_xiphy_control/ch0_mcal_clb2phy_t_b_low[0]
    BITSLICE_CONTROL_X1Y108
                         BITSLICE_CONTROL                             r  i_dram_wrapper/i_dram/inst/u_ddr4_mem_intfc/u_mig_ddr4_phy/inst/generate_block1.u_ddr_xiphy/byte_num[6].xiphy_byte_wrapper.u_xiphy_byte_wrapper/I_CONTROL[0].GEN_I_CONTROL.u_xiphy_control/xiphy_control/TBYTE_IN[0]
  -------------------------------------------------------------------    -------------------

                         (clock pll_clk[1]_DIV rise edge)
                                                      3.333     3.333 r  
    E12                                               0.000     3.333 r  sys_clk_p (IN)
                         net (fo=0)                   0.000     3.333    i_bufds_sys_clk/I
    HPIOBDIFFINBUF_X1Y300
                         DIFFINBUF (Prop_DIFFINBUF_HPIOBDIFFINBUF_DIFF_IN_P_O)
                                                      0.564     3.898 r  i_bufds_sys_clk/DIFFINBUF_INST/O
                         net (fo=1, routed)           0.040     3.938    i_bufds_sys_clk/OUT
    E12                  IBUFCTRL (Prop_IBUFCTRL_HPIOB_M_I_O)
                                                      0.000     3.938 r  i_bufds_sys_clk/IBUFCTRL_INST/O
                         net (fo=1, routed)           0.297     4.235    sys_clk
    BUFGCE_X1Y289        BUFGCE (Prop_BUFCE_BUFGCE_I_O)
                                                      0.024     4.259 r  sys_clk_BUFGCE_inst/O
                         net (fo=19, routed)          0.795     5.054    i_dram_wrapper/i_dram/inst/u_ddr4_infrastructure/mmcm_clk_in
    MMCM_X1Y13           MMCME4_ADV (Prop_MMCM_CLKIN1_CLKOUT0)
                                                      0.630     5.684 r  i_dram_wrapper/i_dram/inst/u_ddr4_infrastructure/gen_mmcme4.u_mmcme_adv_inst/CLKOUT0
                         net (fo=1, routed)           0.214     5.898    i_dram_wrapper/i_dram/inst/u_ddr4_infrastructure/mmcm_clkout0
    BUFGCE_X1Y332        BUFGCE (Prop_BUFCE_BUFGCE_I_O)
                                                      0.024     5.922 r  i_dram_wrapper/i_dram/inst/u_ddr4_infrastructure/u_bufg_divClk/O
                         net (fo=36893, routed)       1.804     7.726    i_dram_wrapper/i_dram/inst/u_ddr4_mem_intfc/u_mig_ddr4_phy/inst/u_ddr4_phy_pll/div_clk
    PLL_X1Y26            PLLE4_ADV (Prop_PLL_CLKIN_CLKOUTPHY)
                                                     -0.713     7.012 r  i_dram_wrapper/i_dram/inst/u_ddr4_mem_intfc/u_mig_ddr4_phy/inst/u_ddr4_phy_pll/plle_loop[1].gen_plle4.PLLE4_BASE_INST_OTHER/CLKOUTPHY
    X4Y13 (CLOCK_ROOT)   net (fo=6, routed)           0.099     7.111    i_dram_wrapper/i_dram/inst/u_ddr4_mem_intfc/u_mig_ddr4_phy/inst/generate_block1.u_ddr_xiphy/byte_num[6].xiphy_byte_wrapper.u_xiphy_byte_wrapper/I_CONTROL[0].GEN_I_CONTROL.u_xiphy_control/pll_clk[0]
    BITSLICE_CONTROL_X1Y108
                         BITSLICE_CONTROL (Prop_CONTROL_BITSLICE_CONTROL_PLL_CLK_TX_DIV2_CLK_Q)
                                                      0.117     7.228 r  i_dram_wrapper/i_dram/inst/u_ddr4_mem_intfc/u_mig_ddr4_phy/inst/generate_block1.u_ddr_xiphy/byte_num[6].xiphy_byte_wrapper.u_xiphy_byte_wrapper/I_CONTROL[0].GEN_I_CONTROL.u_xiphy_control/xiphy_control/TX_DIV2_CLK_Q
    BITSLICE_CONTROL_X1Y108
                         BITSLICE_CONTROL (Prop_CONTROL_BITSLICE_CONTROL_TX_DIV2_CLK_Q_TX_DIV4_CLK_Q)
                                                      0.075     7.303 r  i_dram_wrapper/i_dram/inst/u_ddr4_mem_intfc/u_mig_ddr4_phy/inst/generate_block1.u_ddr_xiphy/byte_num[6].xiphy_byte_wrapper.u_xiphy_byte_wrapper/I_CONTROL[0].GEN_I_CONTROL.u_xiphy_control/xiphy_control/TX_DIV4_CLK_Q
                         clock pessimism             -0.318     6.985    
                         clock uncertainty           -0.154     6.831    
    BITSLICE_CONTROL_X1Y108
                         BITSLICE_CONTROL (Setup_CONTROL_BITSLICE_CONTROL_TX_DIV4_CLK_Q_TBYTE_IN[0])
                                                     -0.140     6.691    i_dram_wrapper/i_dram/inst/u_ddr4_mem_intfc/u_mig_ddr4_phy/inst/generate_block1.u_ddr_xiphy/byte_num[6].xiphy_byte_wrapper.u_xiphy_byte_wrapper/I_CONTROL[0].GEN_I_CONTROL.u_xiphy_control/xiphy_control
  -------------------------------------------------------------------
                         required time                          6.691    
                         arrival time                          -6.045    
  -------------------------------------------------------------------
                         slack                                  0.647    





Min Delay Paths
--------------------------------------------------------------------------------------
Slack (MET) :             0.742ns  (arrival time - required time)
  Source:                 i_dram_wrapper/i_dram/inst/u_ddr4_mem_intfc/u_ddr_cal_top/u_ddr_mc_pi/u_ddr_mc_write/genByte[6].u_ddr_mc_wr_byte/genBit[1].u_ddr_mc_wr_bit/dReg_reg[0]/C
                            (rising edge-triggered cell FDRE clocked by mmcm_clkout0  {rise@0.000ns fall@1.667ns period=3.333ns})
  Destination:            i_dram_wrapper/i_dram/inst/u_ddr4_mem_intfc/u_mig_ddr4_phy/inst/generate_block1.u_ddr_xiphy/byte_num[5].xiphy_byte_wrapper.u_xiphy_byte_wrapper/I_BITSLICE_LOWER[3].GEN_RXTX_BITSLICE_EN.u_xiphy_bitslice_lower/xiphy_rxtx_bitslice/D[0]
                            (rising edge-triggered cell RXTX_BITSLICE clocked by pll_clk[1]_DIV  {rise@0.000ns fall@1.667ns period=3.333ns})
  Path Group:             pll_clk[1]_DIV
  Path Type:              Hold (Min at Slow Process Corner)
  Requirement:            0.000ns  (pll_clk[1]_DIV rise@0.000ns - mmcm_clkout0 rise@0.000ns)
  Data Path Delay:        0.380ns  (logic 0.060ns (15.789%)  route 0.320ns (84.211%))
  Logic Levels:           0  
  Clock Path Skew:        -0.568ns (DCD - SCD - CPR)
    Destination Clock Delay (DCD):    3.630ns
    Source Clock Delay      (SCD):    4.516ns
    Clock Pessimism Removal (CPR):    -0.318ns
  Clock Uncertainty:      0.154ns  ((TSJ^2 + DJ^2)^1/2) / 2 + PE
    Total System Jitter     (TSJ):    0.071ns
    Discrete Jitter          (DJ):    0.064ns
    Phase Error              (PE):    0.106ns
  Clock Net Delay (Source):      1.928ns (routing 0.777ns, distribution 1.151ns)
  Clock Net Delay (Destination): 0.021ns (routing 0.021ns, distribution 0.000ns)

    Location             Delay type                Incr(ns)  Path(ns)    Netlist Resource(s)
  -------------------------------------------------------------------    -------------------
                         (clock mmcm_clkout0 rise edge)
                                                      0.000     0.000 r  
    E12                                               0.000     0.000 r  sys_clk_p (IN)
                         net (fo=0)                   0.000     0.000    i_bufds_sys_clk/I
    HPIOBDIFFINBUF_X1Y300
                         DIFFINBUF (Prop_DIFFINBUF_HPIOBDIFFINBUF_DIFF_IN_P_O)
                                                      0.564     0.564 r  i_bufds_sys_clk/DIFFINBUF_INST/O
                         net (fo=1, routed)           0.040     0.604    i_bufds_sys_clk/OUT
    E12                  IBUFCTRL (Prop_IBUFCTRL_HPIOB_M_I_O)
                                                      0.000     0.604 r  i_bufds_sys_clk/IBUFCTRL_INST/O
                         net (fo=1, routed)           0.297     0.901    sys_clk
    BUFGCE_X1Y289        BUFGCE (Prop_BUFCE_BUFGCE_I_O)
                                                      0.024     0.925 r  sys_clk_BUFGCE_inst/O
                         net (fo=19, routed)          0.795     1.720    i_dram_wrapper/i_dram/inst/u_ddr4_infrastructure/mmcm_clk_in
    MMCM_X1Y13           MMCME4_ADV (Prop_MMCM_CLKIN1_CLKOUT0)
                                                      0.630     2.350 r  i_dram_wrapper/i_dram/inst/u_ddr4_infrastructure/gen_mmcme4.u_mmcme_adv_inst/CLKOUT0
                         net (fo=1, routed)           0.214     2.564    i_dram_wrapper/i_dram/inst/u_ddr4_infrastructure/mmcm_clkout0
    BUFGCE_X1Y332        BUFGCE (Prop_BUFCE_BUFGCE_I_O)
                                                      0.024     2.588 r  i_dram_wrapper/i_dram/inst/u_ddr4_infrastructure/u_bufg_divClk/O
    X4Y12 (CLOCK_ROOT)   net (fo=36893, routed)       1.928     4.516    i_dram_wrapper/i_dram/inst/u_ddr4_mem_intfc/u_ddr_cal_top/u_ddr_mc_pi/u_ddr_mc_write/genByte[6].u_ddr_mc_wr_byte/genBit[1].u_ddr_mc_wr_bit/dReg_reg[13]_2
    SLICE_X113Y798       FDRE                                         r  i_dram_wrapper/i_dram/inst/u_ddr4_mem_intfc/u_ddr_cal_top/u_ddr_mc_pi/u_ddr_mc_write/genByte[6].u_ddr_mc_wr_byte/genBit[1].u_ddr_mc_wr_bit/dReg_reg[0]/C
  -------------------------------------------------------------------    -------------------
    SLICE_X113Y798       FDRE (Prop_FFF2_SLICEM_C_Q)
                                                      0.060     4.576 r  i_dram_wrapper/i_dram/inst/u_ddr4_mem_intfc/u_ddr_cal_top/u_ddr_mc_pi/u_ddr_mc_write/genByte[6].u_ddr_mc_wr_byte/genBit[1].u_ddr_mc_wr_bit/dReg_reg[0]/Q
                         net (fo=1, routed)           0.320     4.896    i_dram_wrapper/i_dram/inst/u_ddr4_mem_intfc/u_mig_ddr4_phy/inst/generate_block1.u_ddr_xiphy/byte_num[5].xiphy_byte_wrapper.u_xiphy_byte_wrapper/I_BITSLICE_LOWER[3].GEN_RXTX_BITSLICE_EN.u_xiphy_bitslice_lower/ch0_mcal_DQOut[0]
    BITSLICE_RX_TX_X1Y692
                         RXTX_BITSLICE                                r  i_dram_wrapper/i_dram/inst/u_ddr4_mem_intfc/u_mig_ddr4_phy/inst/generate_block1.u_ddr_xiphy/byte_num[5].xiphy_byte_wrapper.u_xiphy_byte_wrapper/I_BITSLICE_LOWER[3].GEN_RXTX_BITSLICE_EN.u_xiphy_bitslice_lower/xiphy_rxtx_bitslice/D[0]
  -------------------------------------------------------------------    -------------------

                         (clock pll_clk[1]_DIV rise edge)
                                                      0.000     0.000 f  
    E12                                               0.000     0.000 f  sys_clk_p (IN)
                         net (fo=0)                   0.000     0.000    i_bufds_sys_clk/I
    HPIOBDIFFINBUF_X1Y300
                         DIFFINBUF (Prop_DIFFINBUF_HPIOBDIFFINBUF_DIFF_IN_P_O)
                                                      0.675     0.675 f  i_bufds_sys_clk/DIFFINBUF_INST/O
                         net (fo=1, routed)           0.050     0.725    i_bufds_sys_clk/OUT
    E12                  IBUFCTRL (Prop_IBUFCTRL_HPIOB_M_I_O)
                                                      0.000     0.725 f  i_bufds_sys_clk/IBUFCTRL_INST/O
                         net (fo=1, routed)           0.335     1.060    sys_clk
    BUFGCE_X1Y289        BUFGCE (Prop_BUFCE_BUFGCE_I_O)
                                                      0.028     1.088 f  sys_clk_BUFGCE_inst/O
                         net (fo=19, routed)          0.901     1.989    i_dram_wrapper/i_dram/inst/u_ddr4_infrastructure/mmcm_clk_in
    MMCM_X1Y13           MMCME4_ADV (Prop_MMCM_CLKIN1_CLKOUT0)
                                                     -0.127     1.862 f  i_dram_wrapper/i_dram/inst/u_ddr4_infrastructure/gen_mmcme4.u_mmcme_adv_inst/CLKOUT0
                         net (fo=1, routed)           0.244     2.106    i_dram_wrapper/i_dram/inst/u_ddr4_infrastructure/mmcm_clkout0
    BUFGCE_X1Y332        BUFGCE (Prop_BUFCE_BUFGCE_I_O)
                                                      0.028     2.134 f  i_dram_wrapper/i_dram/inst/u_ddr4_infrastructure/u_bufg_divClk/O
                         net (fo=36893, routed)       2.001     4.135    i_dram_wrapper/i_dram/inst/u_ddr4_mem_intfc/u_mig_ddr4_phy/inst/u_ddr4_phy_pll/div_clk
    PLL_X1Y26            PLLE4_ADV (Prop_PLL_CLKIN_CLKOUTPHY)
                                                     -1.141     2.993 f  i_dram_wrapper/i_dram/inst/u_ddr4_mem_intfc/u_mig_ddr4_phy/inst/u_ddr4_phy_pll/plle_loop[1].gen_plle4.PLLE4_BASE_INST_OTHER/CLKOUTPHY
                         net (fo=6, routed)           0.143     3.136    i_dram_wrapper/i_dram/inst/u_ddr4_mem_intfc/u_mig_ddr4_phy/inst/generate_block1.u_ddr_xiphy/byte_num[5].xiphy_byte_wrapper.u_xiphy_byte_wrapper/I_CONTROL[0].GEN_I_CONTROL.u_xiphy_control/pll_clk[0]
    BITSLICE_CONTROL_X1Y106
                         BITSLICE_CONTROL (Prop_CONTROL_BITSLICE_CONTROL_PLL_CLK_TX_DIV2_CLK_Q)
                                                      0.177     3.313 r  i_dram_wrapper/i_dram/inst/u_ddr4_mem_intfc/u_mig_ddr4_phy/inst/generate_block1.u_ddr_xiphy/byte_num[5].xiphy_byte_wrapper.u_xiphy_byte_wrapper/I_CONTROL[0].GEN_I_CONTROL.u_xiphy_control/xiphy_control/TX_DIV2_CLK_Q
    BITSLICE_CONTROL_X1Y106
                         BITSLICE_CONTROL (Prop_CONTROL_BITSLICE_CONTROL_TX_DIV2_CLK_Q_TX_DIV4_CLK_Q)
                                                      0.109     3.422 r  i_dram_wrapper/i_dram/inst/u_ddr4_mem_intfc/u_mig_ddr4_phy/inst/generate_block1.u_ddr_xiphy/byte_num[5].xiphy_byte_wrapper.u_xiphy_byte_wrapper/I_CONTROL[0].GEN_I_CONTROL.u_xiphy_control/xiphy_control/TX_DIV4_CLK_Q
    BITSLICE_CONTROL_X1Y106
                         BITSLICE_CONTROL (Prop_CONTROL_BITSLICE_CONTROL_TX_DIV4_CLK_Q_TX_BIT_CTRL_OUT3[26])
                                                      0.187     3.609 r  i_dram_wrapper/i_dram/inst/u_ddr4_mem_intfc/u_mig_ddr4_phy/inst/generate_block1.u_ddr_xiphy/byte_num[5].xiphy_byte_wrapper.u_xiphy_byte_wrapper/I_CONTROL[0].GEN_I_CONTROL.u_xiphy_control/xiphy_control/TX_BIT_CTRL_OUT3[26]
    X4Y13 (CLOCK_ROOT)   net (fo=1, routed)           0.021     3.630    i_dram_wrapper/i_dram/inst/u_ddr4_mem_intfc/u_mig_ddr4_phy/inst/generate_block1.u_ddr_xiphy/byte_num[5].xiphy_byte_wrapper.u_xiphy_byte_wrapper/I_BITSLICE_LOWER[3].GEN_RXTX_BITSLICE_EN.u_xiphy_bitslice_lower/TX_BIT_CTRL_OUT3[26]
    BITSLICE_RX_TX_X1Y692
                         RXTX_BITSLICE                                r  i_dram_wrapper/i_dram/inst/u_ddr4_mem_intfc/u_mig_ddr4_phy/inst/generate_block1.u_ddr_xiphy/byte_num[5].xiphy_byte_wrapper.u_xiphy_byte_wrapper/I_BITSLICE_LOWER[3].GEN_RXTX_BITSLICE_EN.u_xiphy_bitslice_lower/xiphy_rxtx_bitslice/TX_BIT_CTRL_IN[26]
                         clock pessimism              0.318     3.948    
                         clock uncertainty            0.154     4.103    
    BITSLICE_RX_TX_X1Y692
                         RXTX_BITSLICE (Hold_RXTX_BITSLICE_BITSLICE_RX_TX_TX_BIT_CTRL_IN[26]_D[0])
                                                      0.052     4.155    i_dram_wrapper/i_dram/inst/u_ddr4_mem_intfc/u_mig_ddr4_phy/inst/generate_block1.u_ddr_xiphy/byte_num[5].xiphy_byte_wrapper.u_xiphy_byte_wrapper/I_BITSLICE_LOWER[3].GEN_RXTX_BITSLICE_EN.u_xiphy_bitslice_lower/xiphy_rxtx_bitslice
  -------------------------------------------------------------------
                         required time                         -4.155    
                         arrival time                           4.896    
  -------------------------------------------------------------------
                         slack                                  0.742    





---------------------------------------------------------------------------------------------------
From Clock:  mmcm_clkout0
  To Clock:  pll_clk[2]_DIV

Setup :            0  Failing Endpoints,  Worst Slack        0.459ns,  Total Violation        0.000ns
Hold  :            0  Failing Endpoints,  Worst Slack        0.719ns,  Total Violation        0.000ns
---------------------------------------------------------------------------------------------------


Max Delay Paths
--------------------------------------------------------------------------------------
Slack (MET) :             0.459ns  (required time - arrival time)
  Source:                 i_dram_wrapper/i_dram/inst/u_ddr4_mem_intfc/u_ddr_cal_top/u_ddr_mc_pi/u_ddr_mc_write/oe_upp_reg[1]/C
                            (rising edge-triggered cell FDRE clocked by mmcm_clkout0  {rise@0.000ns fall@1.667ns period=3.333ns})
  Destination:            i_dram_wrapper/i_dram/inst/u_ddr4_mem_intfc/u_mig_ddr4_phy/inst/generate_block1.u_ddr_xiphy/byte_num[11].xiphy_byte_wrapper.u_xiphy_byte_wrapper/I_CONTROL[1].GEN_I_CONTROL.u_xiphy_control/xiphy_control/TBYTE_IN[1]
                            (rising edge-triggered cell BITSLICE_CONTROL clocked by pll_clk[2]_DIV  {rise@0.000ns fall@1.667ns period=3.333ns})
  Path Group:             pll_clk[2]_DIV
  Path Type:              Setup (Max at Slow Process Corner)
  Requirement:            3.333ns  (pll_clk[2]_DIV rise@3.333ns - mmcm_clkout0 rise@0.000ns)
  Data Path Delay:        1.929ns  (logic 0.078ns (4.044%)  route 1.851ns (95.956%))
  Logic Levels:           0  
  Clock Path Skew:        -0.638ns (DCD - SCD + CPR)
    Destination Clock Delay (DCD):    3.981ns = ( 7.314 - 3.333 ) 
    Source Clock Delay      (SCD):    4.242ns
    Clock Pessimism Removal (CPR):    -0.378ns
  Clock Uncertainty:      0.154ns  ((TSJ^2 + DJ^2)^1/2) / 2 + PE
    Total System Jitter     (TSJ):    0.071ns
    Discrete Jitter          (DJ):    0.064ns
    Phase Error              (PE):    0.106ns
  Clock Net Delay (Source):      2.108ns (routing 0.854ns, distribution 1.254ns)
  Clock Net Delay (Destination): 0.105ns (routing 0.089ns, distribution 0.016ns)

    Location             Delay type                Incr(ns)  Path(ns)    Netlist Resource(s)
  -------------------------------------------------------------------    -------------------
                         (clock mmcm_clkout0 rise edge)
                                                      0.000     0.000 r  
    E12                                               0.000     0.000 r  sys_clk_p (IN)
                         net (fo=0)                   0.000     0.000    i_bufds_sys_clk/I
    HPIOBDIFFINBUF_X1Y300
                         DIFFINBUF (Prop_DIFFINBUF_HPIOBDIFFINBUF_DIFF_IN_P_O)
                                                      0.675     0.675 r  i_bufds_sys_clk/DIFFINBUF_INST/O
                         net (fo=1, routed)           0.050     0.725    i_bufds_sys_clk/OUT
    E12                  IBUFCTRL (Prop_IBUFCTRL_HPIOB_M_I_O)
                                                      0.000     0.725 r  i_bufds_sys_clk/IBUFCTRL_INST/O
                         net (fo=1, routed)           0.335     1.060    sys_clk
    BUFGCE_X1Y289        BUFGCE (Prop_BUFCE_BUFGCE_I_O)
                                                      0.028     1.088 r  sys_clk_BUFGCE_inst/O
                         net (fo=19, routed)          0.901     1.989    i_dram_wrapper/i_dram/inst/u_ddr4_infrastructure/mmcm_clk_in
    MMCM_X1Y13           MMCME4_ADV (Prop_MMCM_CLKIN1_CLKOUT0)
                                                     -0.127     1.862 r  i_dram_wrapper/i_dram/inst/u_ddr4_infrastructure/gen_mmcme4.u_mmcme_adv_inst/CLKOUT0
                         net (fo=1, routed)           0.244     2.106    i_dram_wrapper/i_dram/inst/u_ddr4_infrastructure/mmcm_clkout0
    BUFGCE_X1Y332        BUFGCE (Prop_BUFCE_BUFGCE_I_O)
                                                      0.028     2.134 r  i_dram_wrapper/i_dram/inst/u_ddr4_infrastructure/u_bufg_divClk/O
    X4Y12 (CLOCK_ROOT)   net (fo=36893, routed)       2.108     4.242    i_dram_wrapper/i_dram/inst/u_ddr4_mem_intfc/u_ddr_cal_top/u_ddr_mc_pi/u_ddr_mc_write/wosp_reg[2]_rep__7_0
    SLICE_X119Y760       FDRE                                         r  i_dram_wrapper/i_dram/inst/u_ddr4_mem_intfc/u_ddr_cal_top/u_ddr_mc_pi/u_ddr_mc_write/oe_upp_reg[1]/C
  -------------------------------------------------------------------    -------------------
    SLICE_X119Y760       FDRE (Prop_DFF_SLICEM_C_Q)
                                                      0.078     4.320 r  i_dram_wrapper/i_dram/inst/u_ddr4_mem_intfc/u_ddr_cal_top/u_ddr_mc_pi/u_ddr_mc_write/oe_upp_reg[1]/Q
                         net (fo=8, routed)           1.851     6.171    i_dram_wrapper/i_dram/inst/u_ddr4_mem_intfc/u_mig_ddr4_phy/inst/generate_block1.u_ddr_xiphy/byte_num[11].xiphy_byte_wrapper.u_xiphy_byte_wrapper/I_CONTROL[1].GEN_I_CONTROL.u_xiphy_control/ch0_mcal_clb2phy_t_b_upp[1]
    BITSLICE_CONTROL_X1Y119
                         BITSLICE_CONTROL                             r  i_dram_wrapper/i_dram/inst/u_ddr4_mem_intfc/u_mig_ddr4_phy/inst/generate_block1.u_ddr_xiphy/byte_num[11].xiphy_byte_wrapper.u_xiphy_byte_wrapper/I_CONTROL[1].GEN_I_CONTROL.u_xiphy_control/xiphy_control/TBYTE_IN[1]
  -------------------------------------------------------------------    -------------------

                         (clock pll_clk[2]_DIV rise edge)
                                                      3.333     3.333 f  
    E12                                               0.000     3.333 f  sys_clk_p (IN)
                         net (fo=0)                   0.000     3.333    i_bufds_sys_clk/I
    HPIOBDIFFINBUF_X1Y300
                         DIFFINBUF (Prop_DIFFINBUF_HPIOBDIFFINBUF_DIFF_IN_P_O)
                                                      0.564     3.898 f  i_bufds_sys_clk/DIFFINBUF_INST/O
                         net (fo=1, routed)           0.040     3.938    i_bufds_sys_clk/OUT
    E12                  IBUFCTRL (Prop_IBUFCTRL_HPIOB_M_I_O)
                                                      0.000     3.938 f  i_bufds_sys_clk/IBUFCTRL_INST/O
                         net (fo=1, routed)           0.297     4.235    sys_clk
    BUFGCE_X1Y289        BUFGCE (Prop_BUFCE_BUFGCE_I_O)
                                                      0.024     4.259 f  sys_clk_BUFGCE_inst/O
                         net (fo=19, routed)          0.795     5.054    i_dram_wrapper/i_dram/inst/u_ddr4_infrastructure/mmcm_clk_in
    MMCM_X1Y13           MMCME4_ADV (Prop_MMCM_CLKIN1_CLKOUT0)
                                                      0.630     5.684 f  i_dram_wrapper/i_dram/inst/u_ddr4_infrastructure/gen_mmcme4.u_mmcme_adv_inst/CLKOUT0
                         net (fo=1, routed)           0.214     5.898    i_dram_wrapper/i_dram/inst/u_ddr4_infrastructure/mmcm_clkout0
    BUFGCE_X1Y332        BUFGCE (Prop_BUFCE_BUFGCE_I_O)
                                                      0.024     5.922 f  i_dram_wrapper/i_dram/inst/u_ddr4_infrastructure/u_bufg_divClk/O
                         net (fo=36893, routed)       1.820     7.742    i_dram_wrapper/i_dram/inst/u_ddr4_mem_intfc/u_mig_ddr4_phy/inst/u_ddr4_phy_pll/div_clk
    PLL_X1Y28            PLLE4_ADV (Prop_PLL_CLKIN_CLKOUTPHY)
                                                     -0.713     7.028 f  i_dram_wrapper/i_dram/inst/u_ddr4_mem_intfc/u_mig_ddr4_phy/inst/u_ddr4_phy_pll/plle_loop[2].gen_plle4.PLLE4_BASE_INST_OTHER/CLKOUTPHY
    X4Y14 (CLOCK_ROOT)   net (fo=8, routed)           0.105     7.133    i_dram_wrapper/i_dram/inst/u_ddr4_mem_intfc/u_mig_ddr4_phy/inst/generate_block1.u_ddr_xiphy/byte_num[11].xiphy_byte_wrapper.u_xiphy_byte_wrapper/I_CONTROL[1].GEN_I_CONTROL.u_xiphy_control/pll_clk[0]
    BITSLICE_CONTROL_X1Y119
                         BITSLICE_CONTROL (Prop_CONTROL_BITSLICE_CONTROL_PLL_CLK_TX_DIV2_CLK_Q)
                                                      0.106     7.239 r  i_dram_wrapper/i_dram/inst/u_ddr4_mem_intfc/u_mig_ddr4_phy/inst/generate_block1.u_ddr_xiphy/byte_num[11].xiphy_byte_wrapper.u_xiphy_byte_wrapper/I_CONTROL[1].GEN_I_CONTROL.u_xiphy_control/xiphy_control/TX_DIV2_CLK_Q
    BITSLICE_CONTROL_X1Y119
                         BITSLICE_CONTROL (Prop_CONTROL_BITSLICE_CONTROL_TX_DIV2_CLK_Q_TX_DIV4_CLK_Q)
                                                      0.075     7.314 r  i_dram_wrapper/i_dram/inst/u_ddr4_mem_intfc/u_mig_ddr4_phy/inst/generate_block1.u_ddr_xiphy/byte_num[11].xiphy_byte_wrapper.u_xiphy_byte_wrapper/I_CONTROL[1].GEN_I_CONTROL.u_xiphy_control/xiphy_control/TX_DIV4_CLK_Q
                         clock pessimism             -0.378     6.937    
                         clock uncertainty           -0.154     6.783    
    BITSLICE_CONTROL_X1Y119
                         BITSLICE_CONTROL (Setup_CONTROL_BITSLICE_CONTROL_TX_DIV4_CLK_Q_TBYTE_IN[1])
                                                     -0.153     6.630    i_dram_wrapper/i_dram/inst/u_ddr4_mem_intfc/u_mig_ddr4_phy/inst/generate_block1.u_ddr_xiphy/byte_num[11].xiphy_byte_wrapper.u_xiphy_byte_wrapper/I_CONTROL[1].GEN_I_CONTROL.u_xiphy_control/xiphy_control
  -------------------------------------------------------------------
                         required time                          6.630    
                         arrival time                          -6.171    
  -------------------------------------------------------------------
                         slack                                  0.459    





Min Delay Paths
--------------------------------------------------------------------------------------
Slack (MET) :             0.719ns  (arrival time - required time)
  Source:                 i_dram_wrapper/i_dram/inst/u_ddr4_mem_intfc/u_ddr_cal_top/u_ddr_mc_pi/rdEn[3].u_ddr_mc_rd_en_low/rdEn_reg[2]/C
                            (rising edge-triggered cell FDRE clocked by mmcm_clkout0  {rise@0.000ns fall@1.667ns period=3.333ns})
  Destination:            i_dram_wrapper/i_dram/inst/u_ddr4_mem_intfc/u_mig_ddr4_phy/inst/generate_block1.u_ddr_xiphy/byte_num[10].xiphy_byte_wrapper.u_xiphy_byte_wrapper/I_CONTROL[0].GEN_I_CONTROL.u_xiphy_control/xiphy_control/PHY_RDEN[2]
                            (rising edge-triggered cell BITSLICE_CONTROL clocked by pll_clk[2]_DIV  {rise@0.000ns fall@1.667ns period=3.333ns})
  Path Group:             pll_clk[2]_DIV
  Path Type:              Hold (Min at Slow Process Corner)
  Requirement:            0.000ns  (pll_clk[2]_DIV rise@0.000ns - mmcm_clkout0 rise@0.000ns)
  Data Path Delay:        0.408ns  (logic 0.058ns (14.216%)  route 0.350ns (85.784%))
  Logic Levels:           0  
  Clock Path Skew:        -0.735ns (DCD - SCD - CPR)
    Destination Clock Delay (DCD):    3.467ns
    Source Clock Delay      (SCD):    4.515ns
    Clock Pessimism Removal (CPR):    -0.313ns
  Clock Uncertainty:      0.154ns  ((TSJ^2 + DJ^2)^1/2) / 2 + PE
    Total System Jitter     (TSJ):    0.071ns
    Discrete Jitter          (DJ):    0.064ns
    Phase Error              (PE):    0.106ns
  Clock Net Delay (Source):      1.927ns (routing 0.777ns, distribution 1.150ns)
  Clock Net Delay (Destination): 0.141ns (routing 0.115ns, distribution 0.026ns)

    Location             Delay type                Incr(ns)  Path(ns)    Netlist Resource(s)
  -------------------------------------------------------------------    -------------------
                         (clock mmcm_clkout0 rise edge)
                                                      0.000     0.000 r  
    E12                                               0.000     0.000 r  sys_clk_p (IN)
                         net (fo=0)                   0.000     0.000    i_bufds_sys_clk/I
    HPIOBDIFFINBUF_X1Y300
                         DIFFINBUF (Prop_DIFFINBUF_HPIOBDIFFINBUF_DIFF_IN_P_O)
                                                      0.564     0.564 r  i_bufds_sys_clk/DIFFINBUF_INST/O
                         net (fo=1, routed)           0.040     0.604    i_bufds_sys_clk/OUT
    E12                  IBUFCTRL (Prop_IBUFCTRL_HPIOB_M_I_O)
                                                      0.000     0.604 r  i_bufds_sys_clk/IBUFCTRL_INST/O
                         net (fo=1, routed)           0.297     0.901    sys_clk
    BUFGCE_X1Y289        BUFGCE (Prop_BUFCE_BUFGCE_I_O)
                                                      0.024     0.925 r  sys_clk_BUFGCE_inst/O
                         net (fo=19, routed)          0.795     1.720    i_dram_wrapper/i_dram/inst/u_ddr4_infrastructure/mmcm_clk_in
    MMCM_X1Y13           MMCME4_ADV (Prop_MMCM_CLKIN1_CLKOUT0)
                                                      0.630     2.350 r  i_dram_wrapper/i_dram/inst/u_ddr4_infrastructure/gen_mmcme4.u_mmcme_adv_inst/CLKOUT0
                         net (fo=1, routed)           0.214     2.564    i_dram_wrapper/i_dram/inst/u_ddr4_infrastructure/mmcm_clkout0
    BUFGCE_X1Y332        BUFGCE (Prop_BUFCE_BUFGCE_I_O)
                                                      0.024     2.588 r  i_dram_wrapper/i_dram/inst/u_ddr4_infrastructure/u_bufg_divClk/O
    X4Y12 (CLOCK_ROOT)   net (fo=36893, routed)       1.927     4.515    i_dram_wrapper/i_dram/inst/u_ddr4_mem_intfc/u_ddr_cal_top/u_ddr_mc_pi/rdEn[3].u_ddr_mc_rd_en_low/rsMask_reg[6][9]_0
    SLICE_X118Y877       FDRE                                         r  i_dram_wrapper/i_dram/inst/u_ddr4_mem_intfc/u_ddr_cal_top/u_ddr_mc_pi/rdEn[3].u_ddr_mc_rd_en_low/rdEn_reg[2]/C
  -------------------------------------------------------------------    -------------------
    SLICE_X118Y877       FDRE (Prop_FFF_SLICEL_C_Q)
                                                      0.058     4.573 r  i_dram_wrapper/i_dram/inst/u_ddr4_mem_intfc/u_ddr_cal_top/u_ddr_mc_pi/rdEn[3].u_ddr_mc_rd_en_low/rdEn_reg[2]/Q
                         net (fo=1, routed)           0.350     4.923    i_dram_wrapper/i_dram/inst/u_ddr4_mem_intfc/u_mig_ddr4_phy/inst/generate_block1.u_ddr_xiphy/byte_num[10].xiphy_byte_wrapper.u_xiphy_byte_wrapper/I_CONTROL[0].GEN_I_CONTROL.u_xiphy_control/ch0_mcal_clb2phy_rden_low[2]
    BITSLICE_CONTROL_X1Y116
                         BITSLICE_CONTROL                             r  i_dram_wrapper/i_dram/inst/u_ddr4_mem_intfc/u_mig_ddr4_phy/inst/generate_block1.u_ddr_xiphy/byte_num[10].xiphy_byte_wrapper.u_xiphy_byte_wrapper/I_CONTROL[0].GEN_I_CONTROL.u_xiphy_control/xiphy_control/PHY_RDEN[2]
  -------------------------------------------------------------------    -------------------

                         (clock pll_clk[2]_DIV rise edge)
                                                      0.000     0.000 r  
    E12                                               0.000     0.000 r  sys_clk_p (IN)
                         net (fo=0)                   0.000     0.000    i_bufds_sys_clk/I
    HPIOBDIFFINBUF_X1Y300
                         DIFFINBUF (Prop_DIFFINBUF_HPIOBDIFFINBUF_DIFF_IN_P_O)
                                                      0.675     0.675 r  i_bufds_sys_clk/DIFFINBUF_INST/O
                         net (fo=1, routed)           0.050     0.725    i_bufds_sys_clk/OUT
    E12                  IBUFCTRL (Prop_IBUFCTRL_HPIOB_M_I_O)
                                                      0.000     0.725 r  i_bufds_sys_clk/IBUFCTRL_INST/O
                         net (fo=1, routed)           0.335     1.060    sys_clk
    BUFGCE_X1Y289        BUFGCE (Prop_BUFCE_BUFGCE_I_O)
                                                      0.028     1.088 r  sys_clk_BUFGCE_inst/O
                         net (fo=19, routed)          0.901     1.989    i_dram_wrapper/i_dram/inst/u_ddr4_infrastructure/mmcm_clk_in
    MMCM_X1Y13           MMCME4_ADV (Prop_MMCM_CLKIN1_CLKOUT0)
                                                     -0.127     1.862 r  i_dram_wrapper/i_dram/inst/u_ddr4_infrastructure/gen_mmcme4.u_mmcme_adv_inst/CLKOUT0
                         net (fo=1, routed)           0.244     2.106    i_dram_wrapper/i_dram/inst/u_ddr4_infrastructure/mmcm_clkout0
    BUFGCE_X1Y332        BUFGCE (Prop_BUFCE_BUFGCE_I_O)
                                                      0.028     2.134 r  i_dram_wrapper/i_dram/inst/u_ddr4_infrastructure/u_bufg_divClk/O
                         net (fo=36893, routed)       2.022     4.156    i_dram_wrapper/i_dram/inst/u_ddr4_mem_intfc/u_mig_ddr4_phy/inst/u_ddr4_phy_pll/div_clk
    PLL_X1Y28            PLLE4_ADV (Prop_PLL_CLKIN_CLKOUTPHY)
                                                     -1.141     3.014 r  i_dram_wrapper/i_dram/inst/u_ddr4_mem_intfc/u_mig_ddr4_phy/inst/u_ddr4_phy_pll/plle_loop[2].gen_plle4.PLLE4_BASE_INST_OTHER/CLKOUTPHY
    X4Y14 (CLOCK_ROOT)   net (fo=8, routed)           0.141     3.155    i_dram_wrapper/i_dram/inst/u_ddr4_mem_intfc/u_mig_ddr4_phy/inst/generate_block1.u_ddr_xiphy/byte_num[10].xiphy_byte_wrapper.u_xiphy_byte_wrapper/I_CONTROL[0].GEN_I_CONTROL.u_xiphy_control/pll_clk[0]
    BITSLICE_CONTROL_X1Y116
                         BITSLICE_CONTROL (Prop_CONTROL_BITSLICE_CONTROL_PLL_CLK_RX_DIV2_CLK_Q)
                                                      0.193     3.348 r  i_dram_wrapper/i_dram/inst/u_ddr4_mem_intfc/u_mig_ddr4_phy/inst/generate_block1.u_ddr_xiphy/byte_num[10].xiphy_byte_wrapper.u_xiphy_byte_wrapper/I_CONTROL[0].GEN_I_CONTROL.u_xiphy_control/xiphy_control/RX_DIV2_CLK_Q
    BITSLICE_CONTROL_X1Y116
                         BITSLICE_CONTROL (Prop_CONTROL_BITSLICE_CONTROL_RX_DIV2_CLK_Q_RX_DIV4_CLK_Q)
                                                      0.119     3.467 r  i_dram_wrapper/i_dram/inst/u_ddr4_mem_intfc/u_mig_ddr4_phy/inst/generate_block1.u_ddr_xiphy/byte_num[10].xiphy_byte_wrapper.u_xiphy_byte_wrapper/I_CONTROL[0].GEN_I_CONTROL.u_xiphy_control/xiphy_control/RX_DIV4_CLK_Q
                         clock pessimism              0.313     3.780    
                         clock uncertainty            0.154     3.934    
    BITSLICE_CONTROL_X1Y116
                         BITSLICE_CONTROL (Hold_CONTROL_BITSLICE_CONTROL_RX_DIV4_CLK_Q_PHY_RDEN[2])
                                                      0.270     4.204    i_dram_wrapper/i_dram/inst/u_ddr4_mem_intfc/u_mig_ddr4_phy/inst/generate_block1.u_ddr_xiphy/byte_num[10].xiphy_byte_wrapper.u_xiphy_byte_wrapper/I_CONTROL[0].GEN_I_CONTROL.u_xiphy_control/xiphy_control
  -------------------------------------------------------------------
                         required time                         -4.204    
                         arrival time                           4.923    
  -------------------------------------------------------------------
                         slack                                  0.719    





---------------------------------------------------------------------------------------------------
From Clock:  mmcm_clkout0
  To Clock:  mmcm_clkout6

Setup :            0  Failing Endpoints,  Worst Slack        1.760ns,  Total Violation        0.000ns
Hold  :            0  Failing Endpoints,  Worst Slack        0.155ns,  Total Violation        0.000ns
---------------------------------------------------------------------------------------------------


Max Delay Paths
--------------------------------------------------------------------------------------
Slack (MET) :             1.760ns  (required time - arrival time)
  Source:                 i_dram_wrapper/i_dram/inst/u_ddr4_mem_intfc/u_ddr_cal_top/sample_gts_reg/C
                            (rising edge-triggered cell FDRE clocked by mmcm_clkout0  {rise@0.000ns fall@1.667ns period=3.333ns})
  Destination:            i_dram_wrapper/i_dram/inst/u_ddr4_mem_intfc/u_ddr_cal_riu/sample_gts_riu_reg/D
                            (rising edge-triggered cell FDRE clocked by mmcm_clkout6  {rise@0.000ns fall@3.333ns period=6.667ns})
  Path Group:             mmcm_clkout6
  Path Type:              Setup (Max at Slow Process Corner)
  Requirement:            3.333ns  (mmcm_clkout6 rise@6.667ns - mmcm_clkout0 rise@3.333ns)
  Data Path Delay:        1.133ns  (logic 0.079ns (6.973%)  route 1.054ns (93.027%))
  Logic Levels:           0  
  Clock Path Skew:        -0.289ns (DCD - SCD + CPR)
    Destination Clock Delay (DCD):    4.449ns = ( 11.116 - 6.667 ) 
    Source Clock Delay      (SCD):    4.250ns = ( 7.583 - 3.333 ) 
    Clock Pessimism Removal (CPR):    -0.489ns
  Clock Uncertainty:      0.176ns  ((TSJ^2 + DJ^2)^1/2) / 2 + PE
    Total System Jitter     (TSJ):    0.071ns
    Discrete Jitter          (DJ):    0.087ns
    Phase Error              (PE):    0.120ns
  Clock Net Delay (Source):      2.116ns (routing 0.854ns, distribution 1.262ns)
  Clock Net Delay (Destination): 1.849ns (routing 0.758ns, distribution 1.091ns)

    Location             Delay type                Incr(ns)  Path(ns)    Netlist Resource(s)
  -------------------------------------------------------------------    -------------------
                         (clock mmcm_clkout0 rise edge)
                                                      3.333     3.333 r  
    E12                                               0.000     3.333 r  sys_clk_p (IN)
                         net (fo=0)                   0.000     3.333    i_bufds_sys_clk/I
    HPIOBDIFFINBUF_X1Y300
                         DIFFINBUF (Prop_DIFFINBUF_HPIOBDIFFINBUF_DIFF_IN_P_O)
                                                      0.675     4.008 r  i_bufds_sys_clk/DIFFINBUF_INST/O
                         net (fo=1, routed)           0.050     4.058    i_bufds_sys_clk/OUT
    E12                  IBUFCTRL (Prop_IBUFCTRL_HPIOB_M_I_O)
                                                      0.000     4.058 r  i_bufds_sys_clk/IBUFCTRL_INST/O
                         net (fo=1, routed)           0.335     4.393    sys_clk
    BUFGCE_X1Y289        BUFGCE (Prop_BUFCE_BUFGCE_I_O)
                                                      0.028     4.421 r  sys_clk_BUFGCE_inst/O
                         net (fo=19, routed)          0.901     5.322    i_dram_wrapper/i_dram/inst/u_ddr4_infrastructure/mmcm_clk_in
    MMCM_X1Y13           MMCME4_ADV (Prop_MMCM_CLKIN1_CLKOUT0)
                                                     -0.127     5.195 r  i_dram_wrapper/i_dram/inst/u_ddr4_infrastructure/gen_mmcme4.u_mmcme_adv_inst/CLKOUT0
                         net (fo=1, routed)           0.244     5.439    i_dram_wrapper/i_dram/inst/u_ddr4_infrastructure/mmcm_clkout0
    BUFGCE_X1Y332        BUFGCE (Prop_BUFCE_BUFGCE_I_O)
                                                      0.028     5.467 r  i_dram_wrapper/i_dram/inst/u_ddr4_infrastructure/u_bufg_divClk/O
    X4Y12 (CLOCK_ROOT)   net (fo=36893, routed)       2.116     7.583    i_dram_wrapper/i_dram/inst/u_ddr4_mem_intfc/u_ddr_cal_top/wosp_reg[2]_rep__7
    SLICE_X132Y856       FDRE                                         r  i_dram_wrapper/i_dram/inst/u_ddr4_mem_intfc/u_ddr_cal_top/sample_gts_reg/C
  -------------------------------------------------------------------    -------------------
    SLICE_X132Y856       FDRE (Prop_DFF_SLICEL_C_Q)
                                                      0.079     7.662 r  i_dram_wrapper/i_dram/inst/u_ddr4_mem_intfc/u_ddr_cal_top/sample_gts_reg/Q
                         net (fo=1, routed)           1.054     8.716    i_dram_wrapper/i_dram/inst/u_ddr4_mem_intfc/u_ddr_cal_riu/sample_gts
    SLICE_X131Y855       FDRE                                         r  i_dram_wrapper/i_dram/inst/u_ddr4_mem_intfc/u_ddr_cal_riu/sample_gts_riu_reg/D
  -------------------------------------------------------------------    -------------------

                         (clock mmcm_clkout6 rise edge)
                                                      6.667     6.667 r  
    E12                                               0.000     6.667 r  sys_clk_p (IN)
                         net (fo=0)                   0.000     6.667    i_bufds_sys_clk/I
    HPIOBDIFFINBUF_X1Y300
                         DIFFINBUF (Prop_DIFFINBUF_HPIOBDIFFINBUF_DIFF_IN_P_O)
                                                      0.564     7.231 r  i_bufds_sys_clk/DIFFINBUF_INST/O
                         net (fo=1, routed)           0.040     7.271    i_bufds_sys_clk/OUT
    E12                  IBUFCTRL (Prop_IBUFCTRL_HPIOB_M_I_O)
                                                      0.000     7.271 r  i_bufds_sys_clk/IBUFCTRL_INST/O
                         net (fo=1, routed)           0.297     7.568    sys_clk
    BUFGCE_X1Y289        BUFGCE (Prop_BUFCE_BUFGCE_I_O)
                                                      0.024     7.592 r  sys_clk_BUFGCE_inst/O
                         net (fo=19, routed)          0.795     8.387    i_dram_wrapper/i_dram/inst/u_ddr4_infrastructure/mmcm_clk_in
    MMCM_X1Y13           MMCME4_ADV (Prop_MMCM_CLKIN1_CLKOUT6)
                                                      0.630     9.017 r  i_dram_wrapper/i_dram/inst/u_ddr4_infrastructure/gen_mmcme4.u_mmcme_adv_inst/CLKOUT6
                         net (fo=1, routed)           0.226     9.243    i_dram_wrapper/i_dram/inst/u_ddr4_infrastructure/mmcm_clkout6
    BUFGCE_X1Y326        BUFGCE (Prop_BUFCE_BUFGCE_I_O)
                                                      0.024     9.267 r  i_dram_wrapper/i_dram/inst/u_ddr4_infrastructure/u_bufg_riuClk/O
    X4Y12 (CLOCK_ROOT)   net (fo=1746, routed)        1.849    11.116    i_dram_wrapper/i_dram/inst/u_ddr4_mem_intfc/u_ddr_cal_riu/CLK
    SLICE_X131Y855       FDRE                                         r  i_dram_wrapper/i_dram/inst/u_ddr4_mem_intfc/u_ddr_cal_riu/sample_gts_riu_reg/C
                         clock pessimism             -0.489    10.627    
                         clock uncertainty           -0.176    10.451    
    SLICE_X131Y855       FDRE (Setup_AFF_SLICEM_C_D)
                                                      0.025    10.476    i_dram_wrapper/i_dram/inst/u_ddr4_mem_intfc/u_ddr_cal_riu/sample_gts_riu_reg
  -------------------------------------------------------------------
                         required time                         10.476    
                         arrival time                          -8.716    
  -------------------------------------------------------------------
                         slack                                  1.760    





Min Delay Paths
--------------------------------------------------------------------------------------
Slack (MET) :             0.155ns  (arrival time - required time)
  Source:                 i_dram_wrapper/i_dram/inst/u_ddr4_mem_intfc/u_ddr_cal_top/sample_gts_reg/C
                            (rising edge-triggered cell FDRE clocked by mmcm_clkout0  {rise@0.000ns fall@1.667ns period=3.333ns})
  Destination:            i_dram_wrapper/i_dram/inst/u_ddr4_mem_intfc/u_ddr_cal_riu/sample_gts_riu_reg/D
                            (rising edge-triggered cell FDRE clocked by mmcm_clkout6  {rise@0.000ns fall@3.333ns period=6.667ns})
  Path Group:             mmcm_clkout6
  Path Type:              Hold (Min at Fast Process Corner)
  Requirement:            0.000ns  (mmcm_clkout6 rise@0.000ns - mmcm_clkout0 rise@0.000ns)
  Data Path Delay:        0.539ns  (logic 0.039ns (7.236%)  route 0.500ns (92.764%))
  Logic Levels:           0  
  Clock Path Skew:        0.162ns (DCD - SCD - CPR)
    Destination Clock Delay (DCD):    2.458ns
    Source Clock Delay      (SCD):    2.607ns
    Clock Pessimism Removal (CPR):    -0.312ns
  Clock Uncertainty:      0.176ns  ((TSJ^2 + DJ^2)^1/2) / 2 + PE
    Total System Jitter     (TSJ):    0.071ns
    Discrete Jitter          (DJ):    0.087ns
    Phase Error              (PE):    0.120ns
  Clock Net Delay (Source):      1.164ns (routing 0.468ns, distribution 0.696ns)
  Clock Net Delay (Destination): 1.293ns (routing 0.512ns, distribution 0.781ns)

    Location             Delay type                Incr(ns)  Path(ns)    Netlist Resource(s)
  -------------------------------------------------------------------    -------------------
                         (clock mmcm_clkout0 rise edge)
                                                      0.000     0.000 r  
    E12                                               0.000     0.000 r  sys_clk_p (IN)
                         net (fo=0)                   0.000     0.000    i_bufds_sys_clk/I
    HPIOBDIFFINBUF_X1Y300
                         DIFFINBUF (Prop_DIFFINBUF_HPIOBDIFFINBUF_DIFF_IN_P_O)
                                                      0.340     0.340 r  i_bufds_sys_clk/DIFFINBUF_INST/O
                         net (fo=1, routed)           0.040     0.380    i_bufds_sys_clk/OUT
    E12                  IBUFCTRL (Prop_IBUFCTRL_HPIOB_M_I_O)
                                                      0.000     0.380 r  i_bufds_sys_clk/IBUFCTRL_INST/O
                         net (fo=1, routed)           0.150     0.530    sys_clk
    BUFGCE_X1Y289        BUFGCE (Prop_BUFCE_BUFGCE_I_O)
                                                      0.017     0.547 r  sys_clk_BUFGCE_inst/O
                         net (fo=19, routed)          0.504     1.051    i_dram_wrapper/i_dram/inst/u_ddr4_infrastructure/mmcm_clk_in
    MMCM_X1Y13           MMCME4_ADV (Prop_MMCM_CLKIN1_CLKOUT0)
                                                      0.230     1.281 r  i_dram_wrapper/i_dram/inst/u_ddr4_infrastructure/gen_mmcme4.u_mmcme_adv_inst/CLKOUT0
                         net (fo=1, routed)           0.145     1.426    i_dram_wrapper/i_dram/inst/u_ddr4_infrastructure/mmcm_clkout0
    BUFGCE_X1Y332        BUFGCE (Prop_BUFCE_BUFGCE_I_O)
                                                      0.017     1.443 r  i_dram_wrapper/i_dram/inst/u_ddr4_infrastructure/u_bufg_divClk/O
    X4Y12 (CLOCK_ROOT)   net (fo=36893, routed)       1.164     2.607    i_dram_wrapper/i_dram/inst/u_ddr4_mem_intfc/u_ddr_cal_top/wosp_reg[2]_rep__7
    SLICE_X132Y856       FDRE                                         r  i_dram_wrapper/i_dram/inst/u_ddr4_mem_intfc/u_ddr_cal_top/sample_gts_reg/C
  -------------------------------------------------------------------    -------------------
    SLICE_X132Y856       FDRE (Prop_DFF_SLICEL_C_Q)
                                                      0.039     2.646 r  i_dram_wrapper/i_dram/inst/u_ddr4_mem_intfc/u_ddr_cal_top/sample_gts_reg/Q
                         net (fo=1, routed)           0.500     3.146    i_dram_wrapper/i_dram/inst/u_ddr4_mem_intfc/u_ddr_cal_riu/sample_gts
    SLICE_X131Y855       FDRE                                         r  i_dram_wrapper/i_dram/inst/u_ddr4_mem_intfc/u_ddr_cal_riu/sample_gts_riu_reg/D
  -------------------------------------------------------------------    -------------------

                         (clock mmcm_clkout6 rise edge)
                                                      0.000     0.000 r  
    E12                                               0.000     0.000 r  sys_clk_p (IN)
                         net (fo=0)                   0.000     0.000    i_bufds_sys_clk/I
    HPIOBDIFFINBUF_X1Y300
                         DIFFINBUF (Prop_DIFFINBUF_HPIOBDIFFINBUF_DIFF_IN_P_O)
                                                      0.446     0.446 r  i_bufds_sys_clk/DIFFINBUF_INST/O
                         net (fo=1, routed)           0.050     0.496    i_bufds_sys_clk/OUT
    E12                  IBUFCTRL (Prop_IBUFCTRL_HPIOB_M_I_O)
                                                      0.000     0.496 r  i_bufds_sys_clk/IBUFCTRL_INST/O
                         net (fo=1, routed)           0.183     0.679    sys_clk
    BUFGCE_X1Y289        BUFGCE (Prop_BUFCE_BUFGCE_I_O)
                                                      0.019     0.698 r  sys_clk_BUFGCE_inst/O
                         net (fo=19, routed)          0.567     1.265    i_dram_wrapper/i_dram/inst/u_ddr4_infrastructure/mmcm_clk_in
    MMCM_X1Y13           MMCME4_ADV (Prop_MMCM_CLKIN1_CLKOUT6)
                                                     -0.295     0.970 r  i_dram_wrapper/i_dram/inst/u_ddr4_infrastructure/gen_mmcme4.u_mmcme_adv_inst/CLKOUT6
                         net (fo=1, routed)           0.176     1.146    i_dram_wrapper/i_dram/inst/u_ddr4_infrastructure/mmcm_clkout6
    BUFGCE_X1Y326        BUFGCE (Prop_BUFCE_BUFGCE_I_O)
                                                      0.019     1.165 r  i_dram_wrapper/i_dram/inst/u_ddr4_infrastructure/u_bufg_riuClk/O
    X4Y12 (CLOCK_ROOT)   net (fo=1746, routed)        1.293     2.458    i_dram_wrapper/i_dram/inst/u_ddr4_mem_intfc/u_ddr_cal_riu/CLK
    SLICE_X131Y855       FDRE                                         r  i_dram_wrapper/i_dram/inst/u_ddr4_mem_intfc/u_ddr_cal_riu/sample_gts_riu_reg/C
                         clock pessimism              0.312     2.769    
                         clock uncertainty            0.176     2.945    
    SLICE_X131Y855       FDRE (Hold_AFF_SLICEM_C_D)
                                                      0.046     2.991    i_dram_wrapper/i_dram/inst/u_ddr4_mem_intfc/u_ddr_cal_riu/sample_gts_riu_reg
  -------------------------------------------------------------------
                         required time                         -2.991    
                         arrival time                           3.146    
  -------------------------------------------------------------------
                         slack                                  0.155    





---------------------------------------------------------------------------------------------------
Path Group:  **async_default**
From Clock:  clk_50_clkwiz
  To Clock:  clk_50_clkwiz

Setup :            0  Failing Endpoints,  Worst Slack       11.013ns,  Total Violation        0.000ns
Hold  :            0  Failing Endpoints,  Worst Slack        0.112ns,  Total Violation        0.000ns
---------------------------------------------------------------------------------------------------


Max Delay Paths
--------------------------------------------------------------------------------------
Slack (MET) :             11.013ns  (required time - arrival time)
  Source:                 i_rstgen/i_rstgen_bypass/synch_regs_q_reg[3]/C
                            (rising edge-triggered cell FDCE clocked by clk_50_clkwiz  {rise@0.000ns fall@10.000ns period=20.000ns})
  Destination:            i_dram_wrapper/gen_cdc.i_axi_cdc_mig/i_axi_cdc_src/i_cdc_fifo_gray_dst_r/gen_fpga_read.gen_slice[2].select_q_reg[13]/CLR
                            (recovery check against rising-edge clock clk_50_clkwiz  {rise@0.000ns fall@10.000ns period=20.000ns})
  Path Group:             **async_default**
  Path Type:              Recovery (Max at Slow Process Corner)
  Requirement:            20.000ns  (clk_50_clkwiz rise@20.000ns - clk_50_clkwiz rise@0.000ns)
  Data Path Delay:        8.616ns  (logic 0.241ns (2.797%)  route 8.375ns (97.203%))
  Logic Levels:           2  (BUFGCE=1 LUT1=1)
  Clock Path Skew:        0.026ns (DCD - SCD + CPR)
    Destination Clock Delay (DCD):    6.294ns = ( 26.294 - 20.000 ) 
    Source Clock Delay      (SCD):    6.018ns
    Clock Pessimism Removal (CPR):    -0.251ns
  Clock Uncertainty:      0.083ns  ((TSJ^2 + DJ^2)^1/2) / 2 + PE
    Total System Jitter     (TSJ):    0.071ns
    Discrete Jitter          (DJ):    0.150ns
    Phase Error              (PE):    0.000ns
  Inter-SLR Compensation: 0.248ns  ((DCD - CCD) * PF)
    Destination Clock Delay (DCD):    6.294ns
    Common Clock Delay      (CCD):    4.640ns
    Prorating Factor         (PF):    0.150
  Clock Net Delay (Source):      3.794ns (routing 1.870ns, distribution 1.924ns)
  Clock Net Delay (Destination): 3.625ns (routing 1.700ns, distribution 1.925ns)

    Location             Delay type                Incr(ns)  Path(ns)    Netlist Resource(s)
  -------------------------------------------------------------------    -------------------
                         (clock clk_50_clkwiz rise edge)
                                                      0.000     0.000 r  
    E12                                               0.000     0.000 r  sys_clk_p (IN)
                         net (fo=0)                   0.000     0.000    i_bufds_sys_clk/I
    HPIOBDIFFINBUF_X1Y300
                         DIFFINBUF (Prop_DIFFINBUF_HPIOBDIFFINBUF_DIFF_IN_P_O)
                                                      0.675     0.675 r  i_bufds_sys_clk/DIFFINBUF_INST/O
                         net (fo=1, routed)           0.050     0.725    i_bufds_sys_clk/OUT
    E12                  IBUFCTRL (Prop_IBUFCTRL_HPIOB_M_I_O)
                                                      0.000     0.725 r  i_bufds_sys_clk/IBUFCTRL_INST/O
                         net (fo=1, routed)           0.335     1.060    sys_clk
    BUFGCE_X1Y289        BUFGCE (Prop_BUFCE_BUFGCE_I_O)
                                                      0.028     1.088 r  sys_clk_BUFGCE_inst/O
                         net (fo=19, routed)          0.991     2.079    i_clkwiz/inst/clk_in1
    MMCM_X1Y11           MMCME4_ADV (Prop_MMCM_CLKIN1_CLKOUT0)
                                                     -0.127     1.952 r  i_clkwiz/inst/mmcme4_adv_inst/CLKOUT0
                         net (fo=1, routed)           0.244     2.196    i_clkwiz/inst/clk_50_clkwiz
    BUFGCE_X1Y266        BUFGCE (Prop_BUFCE_BUFGCE_I_O)
                                                      0.028     2.224 r  i_clkwiz/inst/clkout1_buf/O
    X2Y7 (CLOCK_ROOT)    net (fo=198306, routed)      3.794     6.018    i_rstgen/i_rstgen_bypass/clk_i
    SLR Crossing[2->1]   
    SLICE_X118Y595       FDCE                                         r  i_rstgen/i_rstgen_bypass/synch_regs_q_reg[3]/C
  -------------------------------------------------------------------    -------------------
    SLICE_X118Y595       FDCE (Prop_CFF2_SLICEL_C_Q)
                                                      0.080     6.098 r  i_rstgen/i_rstgen_bypass/synch_regs_q_reg[3]/Q
                         net (fo=630, routed)         0.799     6.897    i_rstgen/i_rstgen_bypass/synch_regs_q[3]
    BUFGCE_X1Y224        BUFGCE (Prop_BUFCE_BUFGCE_I_O)
                                                      0.028     6.925 r  i_rstgen/i_rstgen_bypass/synch_regs_q[3]_BUFG_inst/O
                         net (fo=157654, routed)      2.075     9.000    i_dram_wrapper/gen_cdc.i_axi_cdc_mig/i_axi_cdc_src/i_cdc_fifo_gray_dst_r/dst_rst_ni
    SLR Crossing[1->2]   
    SLICE_X89Y826        LUT1 (Prop_D5LUT_SLICEL_I0_O)
                                                      0.133     9.133 f  i_dram_wrapper/gen_cdc.i_axi_cdc_mig/i_axi_cdc_src/i_cdc_fifo_gray_dst_r/rptr_q[5]_i_3/O
                         net (fo=288, routed)         5.501    14.634    i_dram_wrapper/gen_cdc.i_axi_cdc_mig/i_axi_cdc_src/i_cdc_fifo_gray_dst_r/rptr_q[5]_i_3_n_0
    SLICE_X83Y899        FDCE                                         f  i_dram_wrapper/gen_cdc.i_axi_cdc_mig/i_axi_cdc_src/i_cdc_fifo_gray_dst_r/gen_fpga_read.gen_slice[2].select_q_reg[13]/CLR
  -------------------------------------------------------------------    -------------------

                         (clock clk_50_clkwiz rise edge)
                                                     20.000    20.000 r  
    E12                                               0.000    20.000 r  sys_clk_p (IN)
                         net (fo=0)                   0.000    20.000    i_bufds_sys_clk/I
    HPIOBDIFFINBUF_X1Y300
                         DIFFINBUF (Prop_DIFFINBUF_HPIOBDIFFINBUF_DIFF_IN_P_O)
                                                      0.564    20.564 r  i_bufds_sys_clk/DIFFINBUF_INST/O
                         net (fo=1, routed)           0.040    20.604    i_bufds_sys_clk/OUT
    E12                  IBUFCTRL (Prop_IBUFCTRL_HPIOB_M_I_O)
                                                      0.000    20.604 r  i_bufds_sys_clk/IBUFCTRL_INST/O
                         net (fo=1, routed)           0.297    20.901    sys_clk
    BUFGCE_X1Y289        BUFGCE (Prop_BUFCE_BUFGCE_I_O)
                                                      0.024    20.925 r  sys_clk_BUFGCE_inst/O
                         net (fo=19, routed)          0.876    21.801    i_clkwiz/inst/clk_in1
    MMCM_X1Y11           MMCME4_ADV (Prop_MMCM_CLKIN1_CLKOUT0)
                                                      0.630    22.431 r  i_clkwiz/inst/mmcme4_adv_inst/CLKOUT0
                         net (fo=1, routed)           0.214    22.645    i_clkwiz/inst/clk_50_clkwiz
    BUFGCE_X1Y266        BUFGCE (Prop_BUFCE_BUFGCE_I_O)
                                                      0.024    22.669 r  i_clkwiz/inst/clkout1_buf/O
    X2Y7 (CLOCK_ROOT)    net (fo=198306, routed)      3.625    26.294    i_dram_wrapper/gen_cdc.i_axi_cdc_mig/i_axi_cdc_src/i_cdc_fifo_gray_dst_r/dst_clk_i
    SLICE_X83Y899        FDCE                                         r  i_dram_wrapper/gen_cdc.i_axi_cdc_mig/i_axi_cdc_src/i_cdc_fifo_gray_dst_r/gen_fpga_read.gen_slice[2].select_q_reg[13]/C
                         clock pessimism             -0.251    26.044    
                         inter-SLR compensation      -0.248    25.795    
                         clock uncertainty           -0.083    25.712    
    SLICE_X83Y899        FDCE (Recov_EFF_SLICEL_C_CLR)
                                                     -0.066    25.646    i_dram_wrapper/gen_cdc.i_axi_cdc_mig/i_axi_cdc_src/i_cdc_fifo_gray_dst_r/gen_fpga_read.gen_slice[2].select_q_reg[13]
  -------------------------------------------------------------------
                         required time                         25.646    
                         arrival time                         -14.634    
  -------------------------------------------------------------------
                         slack                                 11.013    





Min Delay Paths
--------------------------------------------------------------------------------------
Slack (MET) :             0.112ns  (arrival time - required time)
  Source:                 dbg_hub/inst/BSCANID.u_xsdbm_id/CORE_XSDB.UUT_MASTER/U_ICON_INTERFACE/U_CMD6_WR/U_WR_FIFO/SUBCORE_FIFO.xsdbm_v3_0_0_wrfifo_inst/inst_fifo_gen/gconvfifo.rf/grf.rf/rstblk/ngwrdrst.grst.g7serrst.rst_rd_reg2_reg/C
                            (rising edge-triggered cell FDPE clocked by clk_50_clkwiz  {rise@0.000ns fall@10.000ns period=20.000ns})
  Destination:            dbg_hub/inst/BSCANID.u_xsdbm_id/CORE_XSDB.UUT_MASTER/U_ICON_INTERFACE/U_CMD6_WR/U_WR_FIFO/SUBCORE_FIFO.xsdbm_v3_0_0_wrfifo_inst/inst_fifo_gen/gconvfifo.rf/grf.rf/rstblk/ngwrdrst.grst.g7serrst.rd_rst_asreg_reg/PRE
                            (removal check against rising-edge clock clk_50_clkwiz  {rise@0.000ns fall@10.000ns period=20.000ns})
  Path Group:             **async_default**
  Path Type:              Removal (Min at Fast Process Corner)
  Requirement:            0.000ns  (clk_50_clkwiz rise@0.000ns - clk_50_clkwiz rise@0.000ns)
  Data Path Delay:        0.141ns  (logic 0.040ns (28.369%)  route 0.101ns (71.631%))
  Logic Levels:           0  
  Clock Path Skew:        0.049ns (DCD - SCD - CPR)
    Destination Clock Delay (DCD):    3.719ns
    Source Clock Delay      (SCD):    3.730ns
    Clock Pessimism Removal (CPR):    -0.061ns
  Clock Net Delay (Source):      2.239ns (routing 1.022ns, distribution 1.217ns)
  Clock Net Delay (Destination): 2.510ns (routing 1.135ns, distribution 1.375ns)

    Location             Delay type                Incr(ns)  Path(ns)    Netlist Resource(s)
  -------------------------------------------------------------------    -------------------
                         (clock clk_50_clkwiz rise edge)
                                                      0.000     0.000 r  
    E12                                               0.000     0.000 r  sys_clk_p (IN)
                         net (fo=0)                   0.000     0.000    i_bufds_sys_clk/I
    HPIOBDIFFINBUF_X1Y300
                         DIFFINBUF (Prop_DIFFINBUF_HPIOBDIFFINBUF_DIFF_IN_P_O)
                                                      0.340     0.340 r  i_bufds_sys_clk/DIFFINBUF_INST/O
                         net (fo=1, routed)           0.040     0.380    i_bufds_sys_clk/OUT
    E12                  IBUFCTRL (Prop_IBUFCTRL_HPIOB_M_I_O)
                                                      0.000     0.380 r  i_bufds_sys_clk/IBUFCTRL_INST/O
                         net (fo=1, routed)           0.150     0.530    sys_clk
    BUFGCE_X1Y289        BUFGCE (Prop_BUFCE_BUFGCE_I_O)
                                                      0.017     0.547 r  sys_clk_BUFGCE_inst/O
                         net (fo=19, routed)          0.552     1.099    i_clkwiz/inst/clk_in1
    MMCM_X1Y11           MMCME4_ADV (Prop_MMCM_CLKIN1_CLKOUT0)
                                                      0.230     1.329 r  i_clkwiz/inst/mmcme4_adv_inst/CLKOUT0
                         net (fo=1, routed)           0.145     1.474    i_clkwiz/inst/clk_50_clkwiz
    BUFGCE_X1Y266        BUFGCE (Prop_BUFCE_BUFGCE_I_O)
                                                      0.017     1.491 r  i_clkwiz/inst/clkout1_buf/O
    X2Y7 (CLOCK_ROOT)    net (fo=198306, routed)      2.239     3.730    dbg_hub/inst/BSCANID.u_xsdbm_id/CORE_XSDB.UUT_MASTER/U_ICON_INTERFACE/U_CMD6_WR/U_WR_FIFO/SUBCORE_FIFO.xsdbm_v3_0_0_wrfifo_inst/inst_fifo_gen/gconvfifo.rf/grf.rf/rstblk/rd_clk
    SLICE_X118Y809       FDPE                                         r  dbg_hub/inst/BSCANID.u_xsdbm_id/CORE_XSDB.UUT_MASTER/U_ICON_INTERFACE/U_CMD6_WR/U_WR_FIFO/SUBCORE_FIFO.xsdbm_v3_0_0_wrfifo_inst/inst_fifo_gen/gconvfifo.rf/grf.rf/rstblk/ngwrdrst.grst.g7serrst.rst_rd_reg2_reg/C
  -------------------------------------------------------------------    -------------------
    SLICE_X118Y809       FDPE (Prop_AFF2_SLICEL_C_Q)
                                                      0.040     3.770 f  dbg_hub/inst/BSCANID.u_xsdbm_id/CORE_XSDB.UUT_MASTER/U_ICON_INTERFACE/U_CMD6_WR/U_WR_FIFO/SUBCORE_FIFO.xsdbm_v3_0_0_wrfifo_inst/inst_fifo_gen/gconvfifo.rf/grf.rf/rstblk/ngwrdrst.grst.g7serrst.rst_rd_reg2_reg/Q
                         net (fo=1, routed)           0.101     3.871    dbg_hub/inst/BSCANID.u_xsdbm_id/CORE_XSDB.UUT_MASTER/U_ICON_INTERFACE/U_CMD6_WR/U_WR_FIFO/SUBCORE_FIFO.xsdbm_v3_0_0_wrfifo_inst/inst_fifo_gen/gconvfifo.rf/grf.rf/rstblk/rst_rd_reg2
    SLICE_X118Y811       FDPE                                         f  dbg_hub/inst/BSCANID.u_xsdbm_id/CORE_XSDB.UUT_MASTER/U_ICON_INTERFACE/U_CMD6_WR/U_WR_FIFO/SUBCORE_FIFO.xsdbm_v3_0_0_wrfifo_inst/inst_fifo_gen/gconvfifo.rf/grf.rf/rstblk/ngwrdrst.grst.g7serrst.rd_rst_asreg_reg/PRE
  -------------------------------------------------------------------    -------------------

                         (clock clk_50_clkwiz rise edge)
                                                      0.000     0.000 r  
    E12                                               0.000     0.000 r  sys_clk_p (IN)
                         net (fo=0)                   0.000     0.000    i_bufds_sys_clk/I
    HPIOBDIFFINBUF_X1Y300
                         DIFFINBUF (Prop_DIFFINBUF_HPIOBDIFFINBUF_DIFF_IN_P_O)
                                                      0.446     0.446 r  i_bufds_sys_clk/DIFFINBUF_INST/O
                         net (fo=1, routed)           0.050     0.496    i_bufds_sys_clk/OUT
    E12                  IBUFCTRL (Prop_IBUFCTRL_HPIOB_M_I_O)
                                                      0.000     0.496 r  i_bufds_sys_clk/IBUFCTRL_INST/O
                         net (fo=1, routed)           0.183     0.679    sys_clk
    BUFGCE_X1Y289        BUFGCE (Prop_BUFCE_BUFGCE_I_O)
                                                      0.019     0.698 r  sys_clk_BUFGCE_inst/O
                         net (fo=19, routed)          0.622     1.320    i_clkwiz/inst/clk_in1
    MMCM_X1Y11           MMCME4_ADV (Prop_MMCM_CLKIN1_CLKOUT0)
                                                     -0.295     1.025 r  i_clkwiz/inst/mmcme4_adv_inst/CLKOUT0
                         net (fo=1, routed)           0.165     1.190    i_clkwiz/inst/clk_50_clkwiz
    BUFGCE_X1Y266        BUFGCE (Prop_BUFCE_BUFGCE_I_O)
                                                      0.019     1.209 r  i_clkwiz/inst/clkout1_buf/O
    X2Y7 (CLOCK_ROOT)    net (fo=198306, routed)      2.510     3.719    dbg_hub/inst/BSCANID.u_xsdbm_id/CORE_XSDB.UUT_MASTER/U_ICON_INTERFACE/U_CMD6_WR/U_WR_FIFO/SUBCORE_FIFO.xsdbm_v3_0_0_wrfifo_inst/inst_fifo_gen/gconvfifo.rf/grf.rf/rstblk/rd_clk
    SLICE_X118Y811       FDPE                                         r  dbg_hub/inst/BSCANID.u_xsdbm_id/CORE_XSDB.UUT_MASTER/U_ICON_INTERFACE/U_CMD6_WR/U_WR_FIFO/SUBCORE_FIFO.xsdbm_v3_0_0_wrfifo_inst/inst_fifo_gen/gconvfifo.rf/grf.rf/rstblk/ngwrdrst.grst.g7serrst.rd_rst_asreg_reg/C
                         clock pessimism              0.061     3.779    
    SLICE_X118Y811       FDPE (Remov_DFF2_SLICEL_C_PRE)
                                                     -0.020     3.759    dbg_hub/inst/BSCANID.u_xsdbm_id/CORE_XSDB.UUT_MASTER/U_ICON_INTERFACE/U_CMD6_WR/U_WR_FIFO/SUBCORE_FIFO.xsdbm_v3_0_0_wrfifo_inst/inst_fifo_gen/gconvfifo.rf/grf.rf/rstblk/ngwrdrst.grst.g7serrst.rd_rst_asreg_reg
  -------------------------------------------------------------------
                         required time                         -3.759    
                         arrival time                           3.871    
  -------------------------------------------------------------------
                         slack                                  0.112    





---------------------------------------------------------------------------------------------------
Path Group:  **async_default**
From Clock:  dbg_hub/inst/BSCANID.u_xsdbm_id/SWITCH_N_EXT_BSCAN.bscan_inst/SERIES7_BSCAN.bscan_inst/INTERNAL_TCK
  To Clock:  dbg_hub/inst/BSCANID.u_xsdbm_id/SWITCH_N_EXT_BSCAN.bscan_inst/SERIES7_BSCAN.bscan_inst/INTERNAL_TCK

Setup :            0  Failing Endpoints,  Worst Slack       46.511ns,  Total Violation        0.000ns
Hold  :            0  Failing Endpoints,  Worst Slack        0.106ns,  Total Violation        0.000ns
---------------------------------------------------------------------------------------------------


Max Delay Paths
--------------------------------------------------------------------------------------
Slack (MET) :             46.511ns  (required time - arrival time)
  Source:                 dbg_hub/inst/BSCANID.u_xsdbm_id/SWITCH_N_EXT_BSCAN.bscan_switch/portno_reg[1]/C
                            (rising edge-triggered cell FDRE clocked by dbg_hub/inst/BSCANID.u_xsdbm_id/SWITCH_N_EXT_BSCAN.bscan_inst/SERIES7_BSCAN.bscan_inst/INTERNAL_TCK  {rise@0.000ns fall@25.000ns period=50.000ns})
  Destination:            dbg_hub/inst/BSCANID.u_xsdbm_id/CORE_XSDB.U_ICON/U_CMD/iTARGET_reg[10]/CLR
                            (recovery check against rising-edge clock dbg_hub/inst/BSCANID.u_xsdbm_id/SWITCH_N_EXT_BSCAN.bscan_inst/SERIES7_BSCAN.bscan_inst/INTERNAL_TCK  {rise@0.000ns fall@25.000ns period=50.000ns})
  Path Group:             **async_default**
  Path Type:              Recovery (Max at Slow Process Corner)
  Requirement:            50.000ns  (dbg_hub/inst/BSCANID.u_xsdbm_id/SWITCH_N_EXT_BSCAN.bscan_inst/SERIES7_BSCAN.bscan_inst/INTERNAL_TCK rise@50.000ns - dbg_hub/inst/BSCANID.u_xsdbm_id/SWITCH_N_EXT_BSCAN.bscan_inst/SERIES7_BSCAN.bscan_inst/INTERNAL_TCK rise@0.000ns)
  Data Path Delay:        3.156ns  (logic 0.389ns (12.326%)  route 2.767ns (87.674%))
  Logic Levels:           2  (LUT4=1 LUT6=1)
  Clock Path Skew:        -0.232ns (DCD - SCD + CPR)
    Destination Clock Delay (DCD):    5.082ns = ( 55.082 - 50.000 ) 
    Source Clock Delay      (SCD):    10.792ns
    Clock Pessimism Removal (CPR):    5.478ns
  Clock Uncertainty:      0.035ns  ((TSJ^2 + TIJ^2)^1/2 + DJ) / 2 + PE
    Total System Jitter     (TSJ):    0.071ns
    Total Input Jitter      (TIJ):    0.000ns
    Discrete Jitter          (DJ):    0.000ns
    Phase Error              (PE):    0.000ns
  Clock Net Delay (Source):      2.290ns (routing 0.916ns, distribution 1.374ns)
  Clock Net Delay (Destination): 1.973ns (routing 0.831ns, distribution 1.142ns)

    Location             Delay type                Incr(ns)  Path(ns)    Netlist Resource(s)
  -------------------------------------------------------------------    -------------------
                         (clock dbg_hub/inst/BSCANID.u_xsdbm_id/SWITCH_N_EXT_BSCAN.bscan_inst/SERIES7_BSCAN.bscan_inst/INTERNAL_TCK rise edge)
                                                      0.000     0.000 r  
    CONFIG_SITE_X0Y1     BSCANE2                      0.000     0.000 r  dbg_hub/inst/BSCANID.u_xsdbm_id/SWITCH_N_EXT_BSCAN.bscan_inst/SERIES7_BSCAN.bscan_inst/INTERNAL_TCK
    CONFIG_SITE_X0Y1     BSCANE2 (Prop_BSCAN1_CONFIG_SITE_INTERNAL_TCK_TCK)
                                                      4.300     4.300 r  dbg_hub/inst/BSCANID.u_xsdbm_id/SWITCH_N_EXT_BSCAN.bscan_inst/SERIES7_BSCAN.bscan_inst/TCK
                         net (fo=1, routed)           4.174     8.474    dbg_hub/inst/BSCANID.u_xsdbm_id/tck_bs
    SLR Crossing[1->2]   
    BUFGCE_X1Y288        BUFGCE (Prop_BUFCE_BUFGCE_I_O)
                                                      0.028     8.502 r  dbg_hub/inst/BSCANID.u_xsdbm_id/SWITCH_N_EXT_BSCAN.u_bufg_icon_tck/O
    X4Y10 (CLOCK_ROOT)   net (fo=494, routed)         2.290    10.792    dbg_hub/inst/BSCANID.u_xsdbm_id/SWITCH_N_EXT_BSCAN.bscan_switch/s_bscan_tck
    SLICE_X166Y601       FDRE                                         r  dbg_hub/inst/BSCANID.u_xsdbm_id/SWITCH_N_EXT_BSCAN.bscan_switch/portno_reg[1]/C
  -------------------------------------------------------------------    -------------------
    SLICE_X166Y601       FDRE (Prop_EFF2_SLICEM_C_Q)
                                                      0.079    10.871 f  dbg_hub/inst/BSCANID.u_xsdbm_id/SWITCH_N_EXT_BSCAN.bscan_switch/portno_reg[1]/Q
                         net (fo=1, routed)           0.134    11.005    dbg_hub/inst/BSCANID.u_xsdbm_id/SWITCH_N_EXT_BSCAN.bscan_switch/portno[1]
    SLICE_X166Y601       LUT6 (Prop_H6LUT_SLICEM_I3_O)
                                                      0.152    11.157 f  dbg_hub/inst/BSCANID.u_xsdbm_id/SWITCH_N_EXT_BSCAN.bscan_switch/m_bscan_drck[0]_INST_0_i_1/O
                         net (fo=5, routed)           0.297    11.454    dbg_hub/inst/BSCANID.u_xsdbm_id/SWITCH_N_EXT_BSCAN.bscan_switch/m_bscan_drck[0]_INST_0_i_1_n_0
    SLICE_X162Y601       LUT4 (Prop_C5LUT_SLICEL_I3_O)
                                                      0.158    11.612 r  dbg_hub/inst/BSCANID.u_xsdbm_id/SWITCH_N_EXT_BSCAN.bscan_switch/m_bscan_sel[0]_INST_0/O
                         net (fo=11, routed)          2.336    13.948    dbg_hub/inst/BSCANID.u_xsdbm_id/CORE_XSDB.U_ICON/U_CMD/iTARGET_reg[6]_0
    SLICE_X138Y766       FDCE                                         f  dbg_hub/inst/BSCANID.u_xsdbm_id/CORE_XSDB.U_ICON/U_CMD/iTARGET_reg[10]/CLR  (IS_INVERTED)
  -------------------------------------------------------------------    -------------------

                         (clock dbg_hub/inst/BSCANID.u_xsdbm_id/SWITCH_N_EXT_BSCAN.bscan_inst/SERIES7_BSCAN.bscan_inst/INTERNAL_TCK rise edge)
                                                     50.000    50.000 r  
    CONFIG_SITE_X0Y1     BSCANE2                      0.000    50.000 r  dbg_hub/inst/BSCANID.u_xsdbm_id/SWITCH_N_EXT_BSCAN.bscan_inst/SERIES7_BSCAN.bscan_inst/INTERNAL_TCK
    CONFIG_SITE_X0Y1     BSCANE2 (Prop_BSCAN1_CONFIG_SITE_INTERNAL_TCK_TCK)
                                                      0.465    50.465 r  dbg_hub/inst/BSCANID.u_xsdbm_id/SWITCH_N_EXT_BSCAN.bscan_inst/SERIES7_BSCAN.bscan_inst/TCK
                         net (fo=1, routed)           2.620    53.085    dbg_hub/inst/BSCANID.u_xsdbm_id/tck_bs
    SLR Crossing[1->2]   
    BUFGCE_X1Y288        BUFGCE (Prop_BUFCE_BUFGCE_I_O)
                                                      0.024    53.109 r  dbg_hub/inst/BSCANID.u_xsdbm_id/SWITCH_N_EXT_BSCAN.u_bufg_icon_tck/O
    X4Y10 (CLOCK_ROOT)   net (fo=494, routed)         1.973    55.082    dbg_hub/inst/BSCANID.u_xsdbm_id/CORE_XSDB.U_ICON/U_CMD/m_bscan_tck[0]
    SLICE_X138Y766       FDCE                                         r  dbg_hub/inst/BSCANID.u_xsdbm_id/CORE_XSDB.U_ICON/U_CMD/iTARGET_reg[10]/C
                         clock pessimism              5.478    60.560    
                         clock uncertainty           -0.035    60.525    
    SLICE_X138Y766       FDCE (Recov_EFF_SLICEM_C_CLR)
                                                     -0.066    60.459    dbg_hub/inst/BSCANID.u_xsdbm_id/CORE_XSDB.U_ICON/U_CMD/iTARGET_reg[10]
  -------------------------------------------------------------------
                         required time                         60.459    
                         arrival time                         -13.948    
  -------------------------------------------------------------------
                         slack                                 46.511    





Min Delay Paths
--------------------------------------------------------------------------------------
Slack (MET) :             0.106ns  (arrival time - required time)
  Source:                 dbg_hub/inst/BSCANID.u_xsdbm_id/CORE_XSDB.UUT_MASTER/U_ICON_INTERFACE/U_CMD6_RD/U_RD_FIFO/SUBCORE_FIFO.xsdbm_v3_0_0_rdfifo_inst/inst_fifo_gen/gconvfifo.rf/grf.rf/rstblk/ngwrdrst.grst.g7serrst.rst_rd_reg2_reg/C
                            (rising edge-triggered cell FDPE clocked by dbg_hub/inst/BSCANID.u_xsdbm_id/SWITCH_N_EXT_BSCAN.bscan_inst/SERIES7_BSCAN.bscan_inst/INTERNAL_TCK  {rise@0.000ns fall@25.000ns period=50.000ns})
  Destination:            dbg_hub/inst/BSCANID.u_xsdbm_id/CORE_XSDB.UUT_MASTER/U_ICON_INTERFACE/U_CMD6_RD/U_RD_FIFO/SUBCORE_FIFO.xsdbm_v3_0_0_rdfifo_inst/inst_fifo_gen/gconvfifo.rf/grf.rf/rstblk/ngwrdrst.grst.g7serrst.rd_rst_asreg_reg/PRE
                            (removal check against rising-edge clock dbg_hub/inst/BSCANID.u_xsdbm_id/SWITCH_N_EXT_BSCAN.bscan_inst/SERIES7_BSCAN.bscan_inst/INTERNAL_TCK  {rise@0.000ns fall@25.000ns period=50.000ns})
  Path Group:             **async_default**
  Path Type:              Removal (Min at Fast Process Corner)
  Requirement:            0.000ns  (dbg_hub/inst/BSCANID.u_xsdbm_id/SWITCH_N_EXT_BSCAN.bscan_inst/SERIES7_BSCAN.bscan_inst/INTERNAL_TCK rise@0.000ns - dbg_hub/inst/BSCANID.u_xsdbm_id/SWITCH_N_EXT_BSCAN.bscan_inst/SERIES7_BSCAN.bscan_inst/INTERNAL_TCK rise@0.000ns)
  Data Path Delay:        0.133ns  (logic 0.039ns (29.323%)  route 0.094ns (70.677%))
  Logic Levels:           0  
  Clock Path Skew:        0.047ns (DCD - SCD - CPR)
    Destination Clock Delay (DCD):    8.534ns
    Source Clock Delay      (SCD):    3.687ns
    Clock Pessimism Removal (CPR):    4.800ns
  Clock Net Delay (Source):      1.202ns (routing 0.508ns, distribution 0.694ns)
  Clock Net Delay (Destination): 1.357ns (routing 0.569ns, distribution 0.788ns)

    Location             Delay type                Incr(ns)  Path(ns)    Netlist Resource(s)
  -------------------------------------------------------------------    -------------------
                         (clock dbg_hub/inst/BSCANID.u_xsdbm_id/SWITCH_N_EXT_BSCAN.bscan_inst/SERIES7_BSCAN.bscan_inst/INTERNAL_TCK rise edge)
                                                      0.000     0.000 r  
    CONFIG_SITE_X0Y1     BSCANE2                      0.000     0.000 r  dbg_hub/inst/BSCANID.u_xsdbm_id/SWITCH_N_EXT_BSCAN.bscan_inst/SERIES7_BSCAN.bscan_inst/INTERNAL_TCK
    CONFIG_SITE_X0Y1     BSCANE2 (Prop_BSCAN1_CONFIG_SITE_INTERNAL_TCK_TCK)
                                                      0.465     0.465 r  dbg_hub/inst/BSCANID.u_xsdbm_id/SWITCH_N_EXT_BSCAN.bscan_inst/SERIES7_BSCAN.bscan_inst/TCK
                         net (fo=1, routed)           2.003     2.468    dbg_hub/inst/BSCANID.u_xsdbm_id/tck_bs
    SLR Crossing[1->2]   
    BUFGCE_X1Y288        BUFGCE (Prop_BUFCE_BUFGCE_I_O)
                                                      0.017     2.485 r  dbg_hub/inst/BSCANID.u_xsdbm_id/SWITCH_N_EXT_BSCAN.u_bufg_icon_tck/O
    X4Y10 (CLOCK_ROOT)   net (fo=494, routed)         1.202     3.687    dbg_hub/inst/BSCANID.u_xsdbm_id/CORE_XSDB.UUT_MASTER/U_ICON_INTERFACE/U_CMD6_RD/U_RD_FIFO/SUBCORE_FIFO.xsdbm_v3_0_0_rdfifo_inst/inst_fifo_gen/gconvfifo.rf/grf.rf/rstblk/rd_clk
    SLICE_X116Y772       FDPE                                         r  dbg_hub/inst/BSCANID.u_xsdbm_id/CORE_XSDB.UUT_MASTER/U_ICON_INTERFACE/U_CMD6_RD/U_RD_FIFO/SUBCORE_FIFO.xsdbm_v3_0_0_rdfifo_inst/inst_fifo_gen/gconvfifo.rf/grf.rf/rstblk/ngwrdrst.grst.g7serrst.rst_rd_reg2_reg/C
  -------------------------------------------------------------------    -------------------
    SLICE_X116Y772       FDPE (Prop_AFF2_SLICEM_C_Q)
                                                      0.039     3.726 f  dbg_hub/inst/BSCANID.u_xsdbm_id/CORE_XSDB.UUT_MASTER/U_ICON_INTERFACE/U_CMD6_RD/U_RD_FIFO/SUBCORE_FIFO.xsdbm_v3_0_0_rdfifo_inst/inst_fifo_gen/gconvfifo.rf/grf.rf/rstblk/ngwrdrst.grst.g7serrst.rst_rd_reg2_reg/Q
                         net (fo=1, routed)           0.094     3.820    dbg_hub/inst/BSCANID.u_xsdbm_id/CORE_XSDB.UUT_MASTER/U_ICON_INTERFACE/U_CMD6_RD/U_RD_FIFO/SUBCORE_FIFO.xsdbm_v3_0_0_rdfifo_inst/inst_fifo_gen/gconvfifo.rf/grf.rf/rstblk/rst_rd_reg2
    SLICE_X115Y772       FDPE                                         f  dbg_hub/inst/BSCANID.u_xsdbm_id/CORE_XSDB.UUT_MASTER/U_ICON_INTERFACE/U_CMD6_RD/U_RD_FIFO/SUBCORE_FIFO.xsdbm_v3_0_0_rdfifo_inst/inst_fifo_gen/gconvfifo.rf/grf.rf/rstblk/ngwrdrst.grst.g7serrst.rd_rst_asreg_reg/PRE
  -------------------------------------------------------------------    -------------------

                         (clock dbg_hub/inst/BSCANID.u_xsdbm_id/SWITCH_N_EXT_BSCAN.bscan_inst/SERIES7_BSCAN.bscan_inst/INTERNAL_TCK rise edge)
                                                      0.000     0.000 r  
    CONFIG_SITE_X0Y1     BSCANE2                      0.000     0.000 r  dbg_hub/inst/BSCANID.u_xsdbm_id/SWITCH_N_EXT_BSCAN.bscan_inst/SERIES7_BSCAN.bscan_inst/INTERNAL_TCK
    CONFIG_SITE_X0Y1     BSCANE2 (Prop_BSCAN1_CONFIG_SITE_INTERNAL_TCK_TCK)
                                                      4.300     4.300 r  dbg_hub/inst/BSCANID.u_xsdbm_id/SWITCH_N_EXT_BSCAN.bscan_inst/SERIES7_BSCAN.bscan_inst/TCK
                         net (fo=1, routed)           2.858     7.158    dbg_hub/inst/BSCANID.u_xsdbm_id/tck_bs
    SLR Crossing[1->2]   
    BUFGCE_X1Y288        BUFGCE (Prop_BUFCE_BUFGCE_I_O)
                                                      0.019     7.177 r  dbg_hub/inst/BSCANID.u_xsdbm_id/SWITCH_N_EXT_BSCAN.u_bufg_icon_tck/O
    X4Y10 (CLOCK_ROOT)   net (fo=494, routed)         1.357     8.534    dbg_hub/inst/BSCANID.u_xsdbm_id/CORE_XSDB.UUT_MASTER/U_ICON_INTERFACE/U_CMD6_RD/U_RD_FIFO/SUBCORE_FIFO.xsdbm_v3_0_0_rdfifo_inst/inst_fifo_gen/gconvfifo.rf/grf.rf/rstblk/rd_clk
    SLICE_X115Y772       FDPE                                         r  dbg_hub/inst/BSCANID.u_xsdbm_id/CORE_XSDB.UUT_MASTER/U_ICON_INTERFACE/U_CMD6_RD/U_RD_FIFO/SUBCORE_FIFO.xsdbm_v3_0_0_rdfifo_inst/inst_fifo_gen/gconvfifo.rf/grf.rf/rstblk/ngwrdrst.grst.g7serrst.rd_rst_asreg_reg/C
                         clock pessimism             -4.800     3.734    
    SLICE_X115Y772       FDPE (Remov_HFF2_SLICEL_C_PRE)
                                                     -0.020     3.714    dbg_hub/inst/BSCANID.u_xsdbm_id/CORE_XSDB.UUT_MASTER/U_ICON_INTERFACE/U_CMD6_RD/U_RD_FIFO/SUBCORE_FIFO.xsdbm_v3_0_0_rdfifo_inst/inst_fifo_gen/gconvfifo.rf/grf.rf/rstblk/ngwrdrst.grst.g7serrst.rd_rst_asreg_reg
  -------------------------------------------------------------------
                         required time                         -3.714    
                         arrival time                           3.820    
  -------------------------------------------------------------------
                         slack                                  0.106    





---------------------------------------------------------------------------------------------------
Path Group:  **async_default**
From Clock:  mmcm_clkout0
  To Clock:  mmcm_clkout0

Setup :            0  Failing Endpoints,  Worst Slack        0.085ns,  Total Violation        0.000ns
Hold  :            0  Failing Endpoints,  Worst Slack        0.190ns,  Total Violation        0.000ns
---------------------------------------------------------------------------------------------------


Max Delay Paths
--------------------------------------------------------------------------------------
Slack (MET) :             0.085ns  (required time - arrival time)
  Source:                 i_dram_wrapper/i_ui_rstgen/i_rstgen_bypass/synch_regs_q_reg[3]/C
                            (rising edge-triggered cell FDCE clocked by mmcm_clkout0  {rise@0.000ns fall@1.667ns period=3.333ns})
  Destination:            i_dram_wrapper/gen_cdc.i_axi_cdc_mig/i_axi_cdc_dst/i_cdc_fifo_gray_dst_w/gen_fpga_read.gen_slice[6].select_q_reg[16]/CLR
                            (recovery check against rising-edge clock mmcm_clkout0  {rise@0.000ns fall@1.667ns period=3.333ns})
  Path Group:             **async_default**
  Path Type:              Recovery (Max at Slow Process Corner)
  Requirement:            3.333ns  (mmcm_clkout0 rise@3.333ns - mmcm_clkout0 rise@0.000ns)
  Data Path Delay:        3.333ns  (logic 0.179ns (5.371%)  route 3.154ns (94.629%))
  Logic Levels:           1  (LUT1=1)
  Clock Path Skew:        0.203ns (DCD - SCD + CPR)
    Destination Clock Delay (DCD):    4.827ns = ( 8.161 - 3.333 ) 
    Source Clock Delay      (SCD):    4.251ns
    Clock Pessimism Removal (CPR):    -0.374ns
  Clock Uncertainty:      0.052ns  ((TSJ^2 + DJ^2)^1/2) / 2 + PE
    Total System Jitter     (TSJ):    0.071ns
    Discrete Jitter          (DJ):    0.076ns
    Phase Error              (PE):    0.000ns
  Clock Net Delay (Source):      2.117ns (routing 0.854ns, distribution 1.263ns)
  Clock Net Delay (Destination): 2.239ns (routing 0.777ns, distribution 1.462ns)

    Location             Delay type                Incr(ns)  Path(ns)    Netlist Resource(s)
  -------------------------------------------------------------------    -------------------
                         (clock mmcm_clkout0 rise edge)
                                                      0.000     0.000 r  
    E12                                               0.000     0.000 r  sys_clk_p (IN)
                         net (fo=0)                   0.000     0.000    i_bufds_sys_clk/I
    HPIOBDIFFINBUF_X1Y300
                         DIFFINBUF (Prop_DIFFINBUF_HPIOBDIFFINBUF_DIFF_IN_P_O)
                                                      0.675     0.675 r  i_bufds_sys_clk/DIFFINBUF_INST/O
                         net (fo=1, routed)           0.050     0.725    i_bufds_sys_clk/OUT
    E12                  IBUFCTRL (Prop_IBUFCTRL_HPIOB_M_I_O)
                                                      0.000     0.725 r  i_bufds_sys_clk/IBUFCTRL_INST/O
                         net (fo=1, routed)           0.335     1.060    sys_clk
    BUFGCE_X1Y289        BUFGCE (Prop_BUFCE_BUFGCE_I_O)
                                                      0.028     1.088 r  sys_clk_BUFGCE_inst/O
                         net (fo=19, routed)          0.901     1.989    i_dram_wrapper/i_dram/inst/u_ddr4_infrastructure/mmcm_clk_in
    MMCM_X1Y13           MMCME4_ADV (Prop_MMCM_CLKIN1_CLKOUT0)
                                                     -0.127     1.862 r  i_dram_wrapper/i_dram/inst/u_ddr4_infrastructure/gen_mmcme4.u_mmcme_adv_inst/CLKOUT0
                         net (fo=1, routed)           0.244     2.106    i_dram_wrapper/i_dram/inst/u_ddr4_infrastructure/mmcm_clkout0
    BUFGCE_X1Y332        BUFGCE (Prop_BUFCE_BUFGCE_I_O)
                                                      0.028     2.134 r  i_dram_wrapper/i_dram/inst/u_ddr4_infrastructure/u_bufg_divClk/O
    X4Y12 (CLOCK_ROOT)   net (fo=36893, routed)       2.117     4.251    i_dram_wrapper/i_ui_rstgen/i_rstgen_bypass/clk_i
    SLICE_X112Y770       FDCE                                         r  i_dram_wrapper/i_ui_rstgen/i_rstgen_bypass/synch_regs_q_reg[3]/C
  -------------------------------------------------------------------    -------------------
    SLICE_X112Y770       FDCE (Prop_DFF2_SLICEL_C_Q)
                                                      0.081     4.332 r  i_dram_wrapper/i_ui_rstgen/i_rstgen_bypass/synch_regs_q_reg[3]/Q
                         net (fo=34, routed)          1.120     5.452    i_dram_wrapper/gen_cdc.i_axi_cdc_mig/i_axi_cdc_dst/i_cdc_fifo_gray_dst_w/synch_regs_q[3]_bufg_place
    SLICE_X99Y724        LUT1 (Prop_C6LUT_SLICEM_I0_O)
                                                      0.098     5.550 f  i_dram_wrapper/gen_cdc.i_axi_cdc_mig/i_axi_cdc_dst/i_cdc_fifo_gray_dst_w/rptr_q[5]_i_3/O
                         net (fo=320, routed)         2.034     7.584    i_dram_wrapper/gen_cdc.i_axi_cdc_mig/i_axi_cdc_dst/i_cdc_fifo_gray_dst_w/rptr_q[5]_i_3_n_0
    SLICE_X64Y642        FDCE                                         f  i_dram_wrapper/gen_cdc.i_axi_cdc_mig/i_axi_cdc_dst/i_cdc_fifo_gray_dst_w/gen_fpga_read.gen_slice[6].select_q_reg[16]/CLR
  -------------------------------------------------------------------    -------------------

                         (clock mmcm_clkout0 rise edge)
                                                      3.333     3.333 r  
    E12                                               0.000     3.333 r  sys_clk_p (IN)
                         net (fo=0)                   0.000     3.333    i_bufds_sys_clk/I
    HPIOBDIFFINBUF_X1Y300
                         DIFFINBUF (Prop_DIFFINBUF_HPIOBDIFFINBUF_DIFF_IN_P_O)
                                                      0.564     3.898 r  i_bufds_sys_clk/DIFFINBUF_INST/O
                         net (fo=1, routed)           0.040     3.938    i_bufds_sys_clk/OUT
    E12                  IBUFCTRL (Prop_IBUFCTRL_HPIOB_M_I_O)
                                                      0.000     3.938 r  i_bufds_sys_clk/IBUFCTRL_INST/O
                         net (fo=1, routed)           0.297     4.235    sys_clk
    BUFGCE_X1Y289        BUFGCE (Prop_BUFCE_BUFGCE_I_O)
                                                      0.024     4.259 r  sys_clk_BUFGCE_inst/O
                         net (fo=19, routed)          0.795     5.054    i_dram_wrapper/i_dram/inst/u_ddr4_infrastructure/mmcm_clk_in
    MMCM_X1Y13           MMCME4_ADV (Prop_MMCM_CLKIN1_CLKOUT0)
                                                      0.630     5.684 r  i_dram_wrapper/i_dram/inst/u_ddr4_infrastructure/gen_mmcme4.u_mmcme_adv_inst/CLKOUT0
                         net (fo=1, routed)           0.214     5.898    i_dram_wrapper/i_dram/inst/u_ddr4_infrastructure/mmcm_clkout0
    BUFGCE_X1Y332        BUFGCE (Prop_BUFCE_BUFGCE_I_O)
                                                      0.024     5.922 r  i_dram_wrapper/i_dram/inst/u_ddr4_infrastructure/u_bufg_divClk/O
    X4Y12 (CLOCK_ROOT)   net (fo=36893, routed)       2.239     8.161    i_dram_wrapper/gen_cdc.i_axi_cdc_mig/i_axi_cdc_dst/i_cdc_fifo_gray_dst_w/dst_clk_i
    SLICE_X64Y642        FDCE                                         r  i_dram_wrapper/gen_cdc.i_axi_cdc_mig/i_axi_cdc_dst/i_cdc_fifo_gray_dst_w/gen_fpga_read.gen_slice[6].select_q_reg[16]/C
                         clock pessimism             -0.374     7.787    
                         clock uncertainty           -0.052     7.735    
    SLICE_X64Y642        FDCE (Recov_EFF_SLICEM_C_CLR)
                                                     -0.066     7.669    i_dram_wrapper/gen_cdc.i_axi_cdc_mig/i_axi_cdc_dst/i_cdc_fifo_gray_dst_w/gen_fpga_read.gen_slice[6].select_q_reg[16]
  -------------------------------------------------------------------
                         required time                          7.669    
                         arrival time                          -7.584    
  -------------------------------------------------------------------
                         slack                                  0.085    





Min Delay Paths
--------------------------------------------------------------------------------------
Slack (MET) :             0.190ns  (arrival time - required time)
  Source:                 i_dram_wrapper/i_ui_por/i_rstgen_bypass/synch_regs_q_reg[3]/C
                            (rising edge-triggered cell FDCE clocked by mmcm_clkout0  {rise@0.000ns fall@1.667ns period=3.333ns})
  Destination:            i_dram_wrapper/fabric_ready_o_reg/CLR
                            (removal check against rising-edge clock mmcm_clkout0  {rise@0.000ns fall@1.667ns period=3.333ns})
  Path Group:             **async_default**
  Path Type:              Removal (Min at Fast Process Corner)
  Requirement:            0.000ns  (mmcm_clkout0 rise@0.000ns - mmcm_clkout0 rise@0.000ns)
  Data Path Delay:        0.187ns  (logic 0.040ns (21.390%)  route 0.147ns (78.610%))
  Logic Levels:           0  
  Clock Path Skew:        0.017ns (DCD - SCD - CPR)
    Destination Clock Delay (DCD):    2.447ns
    Source Clock Delay      (SCD):    2.595ns
    Clock Pessimism Removal (CPR):    -0.166ns
  Clock Net Delay (Source):      1.152ns (routing 0.468ns, distribution 0.684ns)
  Clock Net Delay (Destination): 1.293ns (routing 0.521ns, distribution 0.772ns)

    Location             Delay type                Incr(ns)  Path(ns)    Netlist Resource(s)
  -------------------------------------------------------------------    -------------------
                         (clock mmcm_clkout0 rise edge)
                                                      0.000     0.000 r  
    E12                                               0.000     0.000 r  sys_clk_p (IN)
                         net (fo=0)                   0.000     0.000    i_bufds_sys_clk/I
    HPIOBDIFFINBUF_X1Y300
                         DIFFINBUF (Prop_DIFFINBUF_HPIOBDIFFINBUF_DIFF_IN_P_O)
                                                      0.340     0.340 r  i_bufds_sys_clk/DIFFINBUF_INST/O
                         net (fo=1, routed)           0.040     0.380    i_bufds_sys_clk/OUT
    E12                  IBUFCTRL (Prop_IBUFCTRL_HPIOB_M_I_O)
                                                      0.000     0.380 r  i_bufds_sys_clk/IBUFCTRL_INST/O
                         net (fo=1, routed)           0.150     0.530    sys_clk
    BUFGCE_X1Y289        BUFGCE (Prop_BUFCE_BUFGCE_I_O)
                                                      0.017     0.547 r  sys_clk_BUFGCE_inst/O
                         net (fo=19, routed)          0.504     1.051    i_dram_wrapper/i_dram/inst/u_ddr4_infrastructure/mmcm_clk_in
    MMCM_X1Y13           MMCME4_ADV (Prop_MMCM_CLKIN1_CLKOUT0)
                                                      0.230     1.281 r  i_dram_wrapper/i_dram/inst/u_ddr4_infrastructure/gen_mmcme4.u_mmcme_adv_inst/CLKOUT0
                         net (fo=1, routed)           0.145     1.426    i_dram_wrapper/i_dram/inst/u_ddr4_infrastructure/mmcm_clkout0
    BUFGCE_X1Y332        BUFGCE (Prop_BUFCE_BUFGCE_I_O)
                                                      0.017     1.443 r  i_dram_wrapper/i_dram/inst/u_ddr4_infrastructure/u_bufg_divClk/O
    X4Y12 (CLOCK_ROOT)   net (fo=36893, routed)       1.152     2.595    i_dram_wrapper/i_ui_por/i_rstgen_bypass/clk_i
    SLICE_X120Y760       FDCE                                         r  i_dram_wrapper/i_ui_por/i_rstgen_bypass/synch_regs_q_reg[3]/C
  -------------------------------------------------------------------    -------------------
    SLICE_X120Y760       FDCE (Prop_CFF2_SLICEL_C_Q)
                                                      0.040     2.635 r  i_dram_wrapper/i_ui_por/i_rstgen_bypass/synch_regs_q_reg[3]/Q
                         net (fo=1, routed)           0.147     2.782    i_dram_wrapper/ui_por_n
    SLICE_X120Y759       FDCE                                         f  i_dram_wrapper/fabric_ready_o_reg/CLR  (IS_INVERTED)
  -------------------------------------------------------------------    -------------------

                         (clock mmcm_clkout0 rise edge)
                                                      0.000     0.000 r  
    E12                                               0.000     0.000 r  sys_clk_p (IN)
                         net (fo=0)                   0.000     0.000    i_bufds_sys_clk/I
    HPIOBDIFFINBUF_X1Y300
                         DIFFINBUF (Prop_DIFFINBUF_HPIOBDIFFINBUF_DIFF_IN_P_O)
                                                      0.446     0.446 r  i_bufds_sys_clk/DIFFINBUF_INST/O
                         net (fo=1, routed)           0.050     0.496    i_bufds_sys_clk/OUT
    E12                  IBUFCTRL (Prop_IBUFCTRL_HPIOB_M_I_O)
                                                      0.000     0.496 r  i_bufds_sys_clk/IBUFCTRL_INST/O
                         net (fo=1, routed)           0.183     0.679    sys_clk
    BUFGCE_X1Y289        BUFGCE (Prop_BUFCE_BUFGCE_I_O)
                                                      0.019     0.698 r  sys_clk_BUFGCE_inst/O
                         net (fo=19, routed)          0.567     1.265    i_dram_wrapper/i_dram/inst/u_ddr4_infrastructure/mmcm_clk_in
    MMCM_X1Y13           MMCME4_ADV (Prop_MMCM_CLKIN1_CLKOUT0)
                                                     -0.295     0.970 r  i_dram_wrapper/i_dram/inst/u_ddr4_infrastructure/gen_mmcme4.u_mmcme_adv_inst/CLKOUT0
                         net (fo=1, routed)           0.165     1.135    i_dram_wrapper/i_dram/inst/u_ddr4_infrastructure/mmcm_clkout0
    BUFGCE_X1Y332        BUFGCE (Prop_BUFCE_BUFGCE_I_O)
                                                      0.019     1.154 r  i_dram_wrapper/i_dram/inst/u_ddr4_infrastructure/u_bufg_divClk/O
    X4Y12 (CLOCK_ROOT)   net (fo=36893, routed)       1.293     2.447    i_dram_wrapper/dram_axi_clk
    SLICE_X120Y759       FDCE                                         r  i_dram_wrapper/fabric_ready_o_reg/C
                         clock pessimism              0.166     2.612    
    SLICE_X120Y759       FDCE (Remov_DFF2_SLICEL_C_CLR)
                                                     -0.020     2.592    i_dram_wrapper/fabric_ready_o_reg
  -------------------------------------------------------------------
                         required time                         -2.592    
                         arrival time                           2.782    
  -------------------------------------------------------------------
                         slack                                  0.190    





---------------------------------------------------------------------------------------------------
Path Group:  **default**
From Clock:  clk_50_clkwiz
  To Clock:  

Setup :            0  Failing Endpoints,  Worst Slack       15.105ns,  Total Violation        0.000ns
Hold  :           NA  Failing Endpoints,  Worst Slack           NA  ,  Total Violation           NA
---------------------------------------------------------------------------------------------------


Max Delay Paths
--------------------------------------------------------------------------------------
Slack (MET) :             15.105ns  (required time - arrival time)
  Source:                 i_cheshire_soc/i_dbg_dmi_jtag/i_dmi_jtag_tap/td_o_reg/C
                            (rising edge-triggered cell FDCE clocked by clk_50_clkwiz  {rise@0.000ns fall@10.000ns period=20.000ns})
  Destination:            jtag_tdo_o
  Path Group:             **default**
  Path Type:              Max at Slow Process Corner
  Requirement:            20.000ns  (MaxDelay Path 20.000ns)
  Data Path Delay:        4.895ns  (logic 0.919ns (18.768%)  route 3.976ns (81.232%))
  Logic Levels:           1  (OBUF=1)
  Output Delay:           0.000ns
  Timing Exception:       MaxDelay Path 20.000ns -datapath_only

    Location             Delay type                Incr(ns)  Path(ns)    Netlist Resource(s)
  -------------------------------------------------------------------    -------------------
    SLICE_X24Y698                                     0.000     0.000 r  i_cheshire_soc/i_dbg_dmi_jtag/i_dmi_jtag_tap/td_o_reg/C
    SLICE_X24Y698        FDCE (Prop_CFF2_SLICEM_C_Q)
                                                      0.077     0.077 r  i_cheshire_soc/i_dbg_dmi_jtag/i_dmi_jtag_tap/td_o_reg/Q
                         net (fo=1, routed)           3.976     4.053    jtag_tdo_o_OBUF
    SLR Crossing[2->1]   
    N30                  OBUF (Prop_OUTBUF_HPIOB_M_I_O)
                                                      0.842     4.895 r  jtag_tdo_o_OBUF_inst/O
                         net (fo=0)                   0.000     4.895    jtag_tdo_o
    N30                                                               r  jtag_tdo_o (OUT)
  -------------------------------------------------------------------    -------------------

                         max delay                   20.000    20.000    
                         output delay                -0.000    20.000    
  -------------------------------------------------------------------
                         required time                         20.000    
                         arrival time                          -4.895    
  -------------------------------------------------------------------
                         slack                                 15.105    





---------------------------------------------------------------------------------------------------
Path Group:  **default**
From Clock:  mmcm_clkout0
  To Clock:  

Setup :            0  Failing Endpoints,  Worst Slack        0.835ns,  Total Violation        0.000ns
Hold  :           NA  Failing Endpoints,  Worst Slack           NA  ,  Total Violation           NA
---------------------------------------------------------------------------------------------------


Max Delay Paths
--------------------------------------------------------------------------------------
Slack (MET) :             0.835ns  (required time - arrival time)
  Source:                 i_dram_wrapper/i_dram/inst/u_ddr4_mem_intfc/u_ddr_cal_top/cal_RESET_n_reg[0]/C
                            (rising edge-triggered cell FDRE clocked by mmcm_clkout0  {rise@0.000ns fall@1.667ns period=3.333ns})
  Destination:            c0_ddr4_reset_n
  Path Group:             **default**
  Path Type:              Max at Slow Process Corner
  Requirement:            3.333ns  (MaxDelay Path 3.333ns)
  Data Path Delay:        2.498ns  (logic 0.863ns (34.558%)  route 1.635ns (65.442%))
  Logic Levels:           1  (OBUF=1)
  Output Delay:           0.000ns
  Timing Exception:       MaxDelay Path 3.333ns -datapath_only

    Location             Delay type                Incr(ns)  Path(ns)    Netlist Resource(s)
  -------------------------------------------------------------------    -------------------
    SLICE_X133Y814                                    0.000     0.000 r  i_dram_wrapper/i_dram/inst/u_ddr4_mem_intfc/u_ddr_cal_top/cal_RESET_n_reg[0]/C
    SLICE_X133Y814       FDRE (Prop_DFF2_SLICEM_C_Q)
                                                      0.080     0.080 r  i_dram_wrapper/i_dram/inst/u_ddr4_mem_intfc/u_ddr_cal_top/cal_RESET_n_reg[0]/Q
                         net (fo=1, routed)           1.635     1.715    i_dram_wrapper/i_dram/inst/u_ddr4_mem_intfc/u_mig_ddr4_phy/inst/cal_RESET_n[0]
    N20                  OBUF (Prop_OUTBUF_HPIOB_S_I_O)
                                                      0.783     2.498 r  i_dram_wrapper/i_dram/inst/u_ddr4_mem_intfc/u_mig_ddr4_phy/inst/OBUF_reset_n/O
                         net (fo=0)                   0.000     2.498    c0_ddr4_reset_n
    N20                                                               r  c0_ddr4_reset_n (OUT)
  -------------------------------------------------------------------    -------------------

                         max delay                    3.333     3.333    
                         output delay                -0.000     3.333    
  -------------------------------------------------------------------
                         required time                          3.333    
                         arrival time                          -2.498    
  -------------------------------------------------------------------
                         slack                                  0.835    





--------------------------------------------------------------------------------------
Path Group:  (none)
From Clock:  clk_50_clkwiz
  To Clock:  

Max Delay             0 Endpoints
Min Delay             2 Endpoints
--------------------------------------------------------------------------------------


Min Delay Paths
--------------------------------------------------------------------------------------
Slack:                    inf
  Source:                 i_cheshire_soc/i_dbg_dmi_jtag/i_dmi_jtag_tap/td_o_reg/C
                            (rising edge-triggered cell FDCE clocked by clk_50_clkwiz  {rise@0.000ns fall@10.000ns period=20.000ns})
  Destination:            jtag_tdo_o
                            (output port)
  Path Group:             (none)
  Path Type:              Min at Fast Process Corner
  Data Path Delay:        2.226ns  (logic 0.454ns (20.406%)  route 1.772ns (79.594%))
  Logic Levels:           1  (OBUF=1)
  Clock Uncertainty:      0.234ns  ((TSJ^2 + DJ^2)^1/2) / 2 + PE
    Total System Jitter     (TSJ):    0.050ns
    Discrete Jitter          (DJ):    0.150ns
    Phase Error              (PE):    0.155ns
  Clock Net Delay (Source):      2.082ns (routing 1.022ns, distribution 1.060ns)
  Timing Exception:       False Path

    Location             Delay type                Incr(ns)  Path(ns)    Netlist Resource(s)
  -------------------------------------------------------------------    -------------------
                         (clock clk_50_clkwiz rise edge)
                                                      0.000     0.000 r  
    E12                                               0.000     0.000 r  sys_clk_p (IN)
                         net (fo=0)                   0.000     0.000    i_bufds_sys_clk/I
    HPIOBDIFFINBUF_X1Y300
                         DIFFINBUF (Prop_DIFFINBUF_HPIOBDIFFINBUF_DIFF_IN_P_O)
                                                      0.340     0.340 r  i_bufds_sys_clk/DIFFINBUF_INST/O
                         net (fo=1, routed)           0.040     0.380    i_bufds_sys_clk/OUT
    E12                  IBUFCTRL (Prop_IBUFCTRL_HPIOB_M_I_O)
                                                      0.000     0.380 r  i_bufds_sys_clk/IBUFCTRL_INST/O
                         net (fo=1, routed)           0.150     0.530    sys_clk
    BUFGCE_X1Y289        BUFGCE (Prop_BUFCE_BUFGCE_I_O)
                                                      0.017     0.547 r  sys_clk_BUFGCE_inst/O
                         net (fo=19, routed)          0.552     1.099    i_clkwiz/inst/clk_in1
    MMCM_X1Y11           MMCME4_ADV (Prop_MMCM_CLKIN1_CLKOUT0)
                                                      0.230     1.329 r  i_clkwiz/inst/mmcme4_adv_inst/CLKOUT0
                         net (fo=1, routed)           0.145     1.474    i_clkwiz/inst/clk_50_clkwiz
    BUFGCE_X1Y266        BUFGCE (Prop_BUFCE_BUFGCE_I_O)
                                                      0.017     1.491 r  i_clkwiz/inst/clkout1_buf/O
    X2Y7 (CLOCK_ROOT)    net (fo=198306, routed)      2.082     3.573    i_cheshire_soc/i_dbg_dmi_jtag/i_dmi_jtag_tap/clk_i
    SLICE_X24Y698        FDCE                                         r  i_cheshire_soc/i_dbg_dmi_jtag/i_dmi_jtag_tap/td_o_reg/C
  -------------------------------------------------------------------    -------------------
    SLICE_X24Y698        FDCE (Prop_CFF2_SLICEM_C_Q)
                                                      0.039     3.612 r  i_cheshire_soc/i_dbg_dmi_jtag/i_dmi_jtag_tap/td_o_reg/Q
                         net (fo=1, routed)           1.772     5.384    jtag_tdo_o_OBUF
    SLR Crossing[2->1]   
    N30                  OBUF (Prop_OUTBUF_HPIOB_M_I_O)
                                                      0.415     5.800 r  jtag_tdo_o_OBUF_inst/O
                         net (fo=0)                   0.000     5.800    jtag_tdo_o
    N30                                                               r  jtag_tdo_o (OUT)
  -------------------------------------------------------------------    -------------------





--------------------------------------------------------------------------------------
Path Group:  (none)
From Clock:  mmcm_clkout0
  To Clock:  

Max Delay             0 Endpoints
Min Delay             1 Endpoint
--------------------------------------------------------------------------------------


Min Delay Paths
--------------------------------------------------------------------------------------
Slack:                    inf
  Source:                 i_dram_wrapper/i_dram/inst/u_ddr4_mem_intfc/u_ddr_cal_top/cal_RESET_n_reg[0]/C
                            (rising edge-triggered cell FDRE clocked by mmcm_clkout0  {rise@0.000ns fall@1.667ns period=3.333ns})
  Destination:            c0_ddr4_reset_n
                            (output port)
  Path Group:             (none)
  Path Type:              Min at Fast Process Corner
  Data Path Delay:        1.158ns  (logic 0.399ns (34.436%)  route 0.759ns (65.564%))
  Logic Levels:           1  (OBUF=1)
  Clock Uncertainty:      0.118ns  ((TSJ^2 + DJ^2)^1/2) / 2 + PE
    Total System Jitter     (TSJ):    0.050ns
    Discrete Jitter          (DJ):    0.076ns
    Phase Error              (PE):    0.073ns
  Clock Net Delay (Source):      1.151ns (routing 0.468ns, distribution 0.683ns)
  Timing Exception:       False Path

    Location             Delay type                Incr(ns)  Path(ns)    Netlist Resource(s)
  -------------------------------------------------------------------    -------------------
                         (clock mmcm_clkout0 rise edge)
                                                      0.000     0.000 r  
    E12                                               0.000     0.000 r  sys_clk_p (IN)
                         net (fo=0)                   0.000     0.000    i_bufds_sys_clk/I
    HPIOBDIFFINBUF_X1Y300
                         DIFFINBUF (Prop_DIFFINBUF_HPIOBDIFFINBUF_DIFF_IN_P_O)
                                                      0.340     0.340 r  i_bufds_sys_clk/DIFFINBUF_INST/O
                         net (fo=1, routed)           0.040     0.380    i_bufds_sys_clk/OUT
    E12                  IBUFCTRL (Prop_IBUFCTRL_HPIOB_M_I_O)
                                                      0.000     0.380 r  i_bufds_sys_clk/IBUFCTRL_INST/O
                         net (fo=1, routed)           0.150     0.530    sys_clk
    BUFGCE_X1Y289        BUFGCE (Prop_BUFCE_BUFGCE_I_O)
                                                      0.017     0.547 r  sys_clk_BUFGCE_inst/O
                         net (fo=19, routed)          0.504     1.051    i_dram_wrapper/i_dram/inst/u_ddr4_infrastructure/mmcm_clk_in
    MMCM_X1Y13           MMCME4_ADV (Prop_MMCM_CLKIN1_CLKOUT0)
                                                      0.230     1.281 r  i_dram_wrapper/i_dram/inst/u_ddr4_infrastructure/gen_mmcme4.u_mmcme_adv_inst/CLKOUT0
                         net (fo=1, routed)           0.145     1.426    i_dram_wrapper/i_dram/inst/u_ddr4_infrastructure/mmcm_clkout0
    BUFGCE_X1Y332        BUFGCE (Prop_BUFCE_BUFGCE_I_O)
                                                      0.017     1.443 r  i_dram_wrapper/i_dram/inst/u_ddr4_infrastructure/u_bufg_divClk/O
    X4Y12 (CLOCK_ROOT)   net (fo=36893, routed)       1.151     2.594    i_dram_wrapper/i_dram/inst/u_ddr4_mem_intfc/u_ddr_cal_top/wosp_reg[2]_rep__7
    SLICE_X133Y814       FDRE                                         r  i_dram_wrapper/i_dram/inst/u_ddr4_mem_intfc/u_ddr_cal_top/cal_RESET_n_reg[0]/C
  -------------------------------------------------------------------    -------------------
    SLICE_X133Y814       FDRE (Prop_DFF2_SLICEM_C_Q)
                                                      0.041     2.635 r  i_dram_wrapper/i_dram/inst/u_ddr4_mem_intfc/u_ddr_cal_top/cal_RESET_n_reg[0]/Q
                         net (fo=1, routed)           0.759     3.394    i_dram_wrapper/i_dram/inst/u_ddr4_mem_intfc/u_mig_ddr4_phy/inst/cal_RESET_n[0]
    N20                  OBUF (Prop_OUTBUF_HPIOB_S_I_O)
                                                      0.358     3.752 r  i_dram_wrapper/i_dram/inst/u_ddr4_mem_intfc/u_mig_ddr4_phy/inst/OBUF_reset_n/O
                         net (fo=0)                   0.000     3.752    c0_ddr4_reset_n
    N20                                                               r  c0_ddr4_reset_n (OUT)
  -------------------------------------------------------------------    -------------------





--------------------------------------------------------------------------------------
Path Group:  (none)
From Clock:  
  To Clock:  clk_50_clkwiz

Max Delay             4 Endpoints
Min Delay             4 Endpoints
--------------------------------------------------------------------------------------


Max Delay Paths
--------------------------------------------------------------------------------------
Slack:                    inf
  Source:                 sys_reset
                            (input port)
  Destination:            i_board_por/i_rstgen_bypass/synch_regs_q_reg[0]/CLR
                            (recovery check against rising-edge clock clk_50_clkwiz  {rise@0.000ns fall@10.000ns period=20.000ns})
  Path Group:             (none)
  Path Type:              Recovery (Max at Slow Process Corner)
  Data Path Delay:        2.565ns  (logic 0.704ns (27.446%)  route 1.861ns (72.554%))
  Logic Levels:           3  (IBUFCTRL=1 INBUF=1 LUT2=1)
  Clock Path Skew:        6.140ns (DCD - SCD + CPR)
    Destination Clock Delay (DCD):    6.140ns
    Source Clock Delay      (SCD):    0.000ns
    Clock Pessimism Removal (CPR):    0.000ns
  Clock Net Delay (Destination): 3.471ns (routing 1.700ns, distribution 1.771ns)
  Timing Exception:       False Path

    Location             Delay type                Incr(ns)  Path(ns)    Netlist Resource(s)
  -------------------------------------------------------------------    -------------------
    L19                                               0.000     0.000 f  sys_reset (IN)
                         net (fo=0)                   0.000     0.000    sys_reset_IBUF_inst/I
    L19                  INBUF (Prop_INBUF_HPIOB_SNGL_PAD_O)
                                                      0.580     0.580 f  sys_reset_IBUF_inst/INBUF_INST/O
                         net (fo=1, routed)           0.000     0.580    sys_reset_IBUF_inst/OUT
    L19                  IBUFCTRL (Prop_IBUFCTRL_HPIOB_SNGL_I_O)
                                                      0.000     0.580 f  sys_reset_IBUF_inst/IBUFCTRL_INST/O
                         net (fo=1, routed)           1.702     2.282    sys_reset_IBUF
    SLICE_X114Y760       LUT2 (Prop_H6LUT_SLICEL_I1_O)
                                                      0.124     2.406 r  i_board_por_i_1/O
                         net (fo=4, routed)           0.159     2.565    i_board_por/i_rstgen_bypass/rst_test_mode_ni
    SLICE_X114Y760       FDCE                                         f  i_board_por/i_rstgen_bypass/synch_regs_q_reg[0]/CLR  (IS_INVERTED)
  -------------------------------------------------------------------    -------------------

                         (clock clk_50_clkwiz rise edge)
                                                      0.000     0.000 r  
    E12                                               0.000     0.000 r  sys_clk_p (IN)
                         net (fo=0)                   0.000     0.000    i_bufds_sys_clk/I
    HPIOBDIFFINBUF_X1Y300
                         DIFFINBUF (Prop_DIFFINBUF_HPIOBDIFFINBUF_DIFF_IN_P_O)
                                                      0.564     0.564 r  i_bufds_sys_clk/DIFFINBUF_INST/O
                         net (fo=1, routed)           0.040     0.604    i_bufds_sys_clk/OUT
    E12                  IBUFCTRL (Prop_IBUFCTRL_HPIOB_M_I_O)
                                                      0.000     0.604 r  i_bufds_sys_clk/IBUFCTRL_INST/O
                         net (fo=1, routed)           0.297     0.901    sys_clk
    BUFGCE_X1Y289        BUFGCE (Prop_BUFCE_BUFGCE_I_O)
                                                      0.024     0.925 r  sys_clk_BUFGCE_inst/O
                         net (fo=19, routed)          0.876     1.801    i_clkwiz/inst/clk_in1
    MMCM_X1Y11           MMCME4_ADV (Prop_MMCM_CLKIN1_CLKOUT0)
                                                      0.630     2.431 r  i_clkwiz/inst/mmcme4_adv_inst/CLKOUT0
                         net (fo=1, routed)           0.214     2.645    i_clkwiz/inst/clk_50_clkwiz
    BUFGCE_X1Y266        BUFGCE (Prop_BUFCE_BUFGCE_I_O)
                                                      0.024     2.669 r  i_clkwiz/inst/clkout1_buf/O
    X2Y7 (CLOCK_ROOT)    net (fo=198306, routed)      3.471     6.140    i_board_por/i_rstgen_bypass/clk_i
    SLICE_X114Y760       FDCE                                         r  i_board_por/i_rstgen_bypass/synch_regs_q_reg[0]/C





Min Delay Paths
--------------------------------------------------------------------------------------
Slack:                    inf
  Source:                 sys_reset
                            (input port)
  Destination:            i_board_por/i_rstgen_bypass/synch_regs_q_reg[0]/CLR
                            (removal check against rising-edge clock clk_50_clkwiz  {rise@0.000ns fall@10.000ns period=20.000ns})
  Path Group:             (none)
  Path Type:              Removal (Min at Fast Process Corner)
  Data Path Delay:        1.024ns  (logic 0.182ns (17.798%)  route 0.842ns (82.202%))
  Logic Levels:           3  (IBUFCTRL=1 INBUF=1 LUT2=1)
  Clock Path Skew:        3.588ns (DCD - SCD - CPR)
    Destination Clock Delay (DCD):    3.588ns
    Source Clock Delay      (SCD):    0.000ns
    Clock Pessimism Removal (CPR):    -0.000ns
  Clock Net Delay (Destination): 2.379ns (routing 1.135ns, distribution 1.244ns)
  Timing Exception:       False Path

    Location             Delay type                Incr(ns)  Path(ns)    Netlist Resource(s)
  -------------------------------------------------------------------    -------------------
    L19                                               0.000     0.000 f  sys_reset (IN)
                         net (fo=0)                   0.000     0.000    sys_reset_IBUF_inst/I
    L19                  INBUF (Prop_INBUF_HPIOB_SNGL_PAD_O)
                                                      0.132     0.132 f  sys_reset_IBUF_inst/INBUF_INST/O
                         net (fo=1, routed)           0.000     0.132    sys_reset_IBUF_inst/OUT
    L19                  IBUFCTRL (Prop_IBUFCTRL_HPIOB_SNGL_I_O)
                                                      0.000     0.132 f  sys_reset_IBUF_inst/IBUFCTRL_INST/O
                         net (fo=1, routed)           0.778     0.910    sys_reset_IBUF
    SLICE_X114Y760       LUT2 (Prop_H6LUT_SLICEL_I1_O)
                                                      0.050     0.960 r  i_board_por_i_1/O
                         net (fo=4, routed)           0.064     1.024    i_board_por/i_rstgen_bypass/rst_test_mode_ni
    SLICE_X114Y760       FDCE                                         f  i_board_por/i_rstgen_bypass/synch_regs_q_reg[0]/CLR  (IS_INVERTED)
  -------------------------------------------------------------------    -------------------

                         (clock clk_50_clkwiz rise edge)
                                                      0.000     0.000 r  
    E12                                               0.000     0.000 r  sys_clk_p (IN)
                         net (fo=0)                   0.000     0.000    i_bufds_sys_clk/I
    HPIOBDIFFINBUF_X1Y300
                         DIFFINBUF (Prop_DIFFINBUF_HPIOBDIFFINBUF_DIFF_IN_P_O)
                                                      0.446     0.446 r  i_bufds_sys_clk/DIFFINBUF_INST/O
                         net (fo=1, routed)           0.050     0.496    i_bufds_sys_clk/OUT
    E12                  IBUFCTRL (Prop_IBUFCTRL_HPIOB_M_I_O)
                                                      0.000     0.496 r  i_bufds_sys_clk/IBUFCTRL_INST/O
                         net (fo=1, routed)           0.183     0.679    sys_clk
    BUFGCE_X1Y289        BUFGCE (Prop_BUFCE_BUFGCE_I_O)
                                                      0.019     0.698 r  sys_clk_BUFGCE_inst/O
                         net (fo=19, routed)          0.622     1.320    i_clkwiz/inst/clk_in1
    MMCM_X1Y11           MMCME4_ADV (Prop_MMCM_CLKIN1_CLKOUT0)
                                                     -0.295     1.025 r  i_clkwiz/inst/mmcme4_adv_inst/CLKOUT0
                         net (fo=1, routed)           0.165     1.190    i_clkwiz/inst/clk_50_clkwiz
    BUFGCE_X1Y266        BUFGCE (Prop_BUFCE_BUFGCE_I_O)
                                                      0.019     1.209 r  i_clkwiz/inst/clkout1_buf/O
    X2Y7 (CLOCK_ROOT)    net (fo=198306, routed)      2.379     3.588    i_board_por/i_rstgen_bypass/clk_i
    SLICE_X114Y760       FDCE                                         r  i_board_por/i_rstgen_bypass/synch_regs_q_reg[0]/C





--------------------------------------------------------------------------------------
Path Group:  (none)
From Clock:  ara_async_pad
  To Clock:  clk_50_clkwiz

Max Delay             0 Endpoints
Min Delay             4 Endpoints
--------------------------------------------------------------------------------------


Min Delay Paths
--------------------------------------------------------------------------------------
Slack:                    inf
  Source:                 jtag_tdi_i
                            (input port clocked by ara_async_pad  {rise@0.000ns fall@500.000ns period=1000.000ns})
  Destination:            i_cheshire_soc/i_dbg_dmi_jtag/fpga_tdi_sync_q_reg[0]/D
                            (rising edge-triggered cell FDCE clocked by clk_50_clkwiz  {rise@0.000ns fall@10.000ns period=20.000ns})
  Path Group:             (none)
  Path Type:              Hold (Min at Fast Process Corner)
  Data Path Delay:        1.796ns  (logic 0.198ns (11.018%)  route 1.598ns (88.982%))
  Logic Levels:           2  (IBUFCTRL=1 INBUF=1)
  Input Delay:            0.000ns
  Clock Path Skew:        3.539ns (DCD - SCD - CPR)
    Destination Clock Delay (DCD):    3.539ns
    Source Clock Delay      (SCD):    0.000ns
    Clock Pessimism Removal (CPR):    -0.000ns
  Clock Uncertainty:      0.234ns  ((TSJ^2 + DJ^2)^1/2) / 2 + PE
    Total System Jitter     (TSJ):    0.050ns
    Discrete Jitter          (DJ):    0.150ns
    Phase Error              (PE):    0.155ns
  Clock Net Delay (Destination): 2.330ns (routing 1.135ns, distribution 1.195ns)
  Timing Exception:       False Path

    Location             Delay type                Incr(ns)  Path(ns)    Netlist Resource(s)
  -------------------------------------------------------------------    -------------------
                         (clock ara_async_pad rise edge)
                                                      0.000     0.000 r  
                         ideal clock network latency
                                                      0.000     0.000    
                         input delay                  0.000     0.000    
    M30                                               0.000     0.000 r  jtag_tdi_i (IN)
                         net (fo=0)                   0.000     0.000    jtag_tdi_i_IBUF_inst/I
    M30                  INBUF (Prop_INBUF_HPIOB_S_PAD_O)
                                                      0.198     0.198 r  jtag_tdi_i_IBUF_inst/INBUF_INST/O
                         net (fo=1, routed)           0.000     0.198    jtag_tdi_i_IBUF_inst/OUT
    M30                  IBUFCTRL (Prop_IBUFCTRL_HPIOB_S_I_O)
                                                      0.000     0.198 r  jtag_tdi_i_IBUF_inst/IBUFCTRL_INST/O
                         net (fo=1, routed)           1.598     1.796    i_cheshire_soc/i_dbg_dmi_jtag/td_i
    SLR Crossing[1->2]   
    SLICE_X25Y699        FDCE                                         r  i_cheshire_soc/i_dbg_dmi_jtag/fpga_tdi_sync_q_reg[0]/D
  -------------------------------------------------------------------    -------------------

                         (clock clk_50_clkwiz rise edge)
                                                      0.000     0.000 r  
    E12                                               0.000     0.000 r  sys_clk_p (IN)
                         net (fo=0)                   0.000     0.000    i_bufds_sys_clk/I
    HPIOBDIFFINBUF_X1Y300
                         DIFFINBUF (Prop_DIFFINBUF_HPIOBDIFFINBUF_DIFF_IN_P_O)
                                                      0.446     0.446 r  i_bufds_sys_clk/DIFFINBUF_INST/O
                         net (fo=1, routed)           0.050     0.496    i_bufds_sys_clk/OUT
    E12                  IBUFCTRL (Prop_IBUFCTRL_HPIOB_M_I_O)
                                                      0.000     0.496 r  i_bufds_sys_clk/IBUFCTRL_INST/O
                         net (fo=1, routed)           0.183     0.679    sys_clk
    BUFGCE_X1Y289        BUFGCE (Prop_BUFCE_BUFGCE_I_O)
                                                      0.019     0.698 r  sys_clk_BUFGCE_inst/O
                         net (fo=19, routed)          0.622     1.320    i_clkwiz/inst/clk_in1
    MMCM_X1Y11           MMCME4_ADV (Prop_MMCM_CLKIN1_CLKOUT0)
                                                     -0.295     1.025 r  i_clkwiz/inst/mmcme4_adv_inst/CLKOUT0
                         net (fo=1, routed)           0.165     1.190    i_clkwiz/inst/clk_50_clkwiz
    BUFGCE_X1Y266        BUFGCE (Prop_BUFCE_BUFGCE_I_O)
                                                      0.019     1.209 r  i_clkwiz/inst/clkout1_buf/O
    X2Y7 (CLOCK_ROOT)    net (fo=198306, routed)      2.330     3.539    i_cheshire_soc/i_dbg_dmi_jtag/clk_i
    SLICE_X25Y699        FDCE                                         r  i_cheshire_soc/i_dbg_dmi_jtag/fpga_tdi_sync_q_reg[0]/C





--------------------------------------------------------------------------------------
Path Group:  (none)
From Clock:  clk_50_clkwiz
  To Clock:  clk_50_clkwiz

Max Delay            25 Endpoints
Min Delay            25 Endpoints
--------------------------------------------------------------------------------------


Max Delay Paths
--------------------------------------------------------------------------------------
Slack:                    inf
  Source:                 i_rstgen/i_rstgen_bypass/synch_regs_q_reg[3]/C
                            (rising edge-triggered cell FDCE clocked by clk_50_clkwiz  {rise@0.000ns fall@10.000ns period=20.000ns})
  Destination:            gen_status_sync[3].i_sync/reg_q_reg[0]/D
                            (rising edge-triggered cell FDRE clocked by clk_50_clkwiz  {rise@0.000ns fall@10.000ns period=20.000ns})
  Path Group:             (none)
  Path Type:              Setup (Max at Slow Process Corner)
  Data Path Delay:        2.956ns  (logic 0.246ns (8.322%)  route 2.710ns (91.678%))
  Logic Levels:           2  (BUFGCE=1 LUT1=1)
  Clock Path Skew:        0.318ns (DCD - SCD + CPR)
    Destination Clock Delay (DCD):    6.335ns
    Source Clock Delay      (SCD):    6.018ns
    Clock Pessimism Removal (CPR):    0.000ns
  Clock Uncertainty:      0.083ns  ((TSJ^2 + DJ^2)^1/2) / 2 + PE
    Total System Jitter     (TSJ):    0.071ns
    Discrete Jitter          (DJ):    0.150ns
    Phase Error              (PE):    0.000ns
  Clock Net Delay (Source):      3.794ns (routing 1.870ns, distribution 1.924ns)
  Clock Net Delay (Destination): 3.666ns (routing 1.700ns, distribution 1.966ns)
  Timing Exception:       False Path

    Location             Delay type                Incr(ns)  Path(ns)    Netlist Resource(s)
  -------------------------------------------------------------------    -------------------
                         (clock clk_50_clkwiz rise edge)
                                                      0.000     0.000 r  
    E12                                               0.000     0.000 r  sys_clk_p (IN)
                         net (fo=0)                   0.000     0.000    i_bufds_sys_clk/I
    HPIOBDIFFINBUF_X1Y300
                         DIFFINBUF (Prop_DIFFINBUF_HPIOBDIFFINBUF_DIFF_IN_P_O)
                                                      0.675     0.675 r  i_bufds_sys_clk/DIFFINBUF_INST/O
                         net (fo=1, routed)           0.050     0.725    i_bufds_sys_clk/OUT
    E12                  IBUFCTRL (Prop_IBUFCTRL_HPIOB_M_I_O)
                                                      0.000     0.725 r  i_bufds_sys_clk/IBUFCTRL_INST/O
                         net (fo=1, routed)           0.335     1.060    sys_clk
    BUFGCE_X1Y289        BUFGCE (Prop_BUFCE_BUFGCE_I_O)
                                                      0.028     1.088 r  sys_clk_BUFGCE_inst/O
                         net (fo=19, routed)          0.991     2.079    i_clkwiz/inst/clk_in1
    MMCM_X1Y11           MMCME4_ADV (Prop_MMCM_CLKIN1_CLKOUT0)
                                                     -0.127     1.952 r  i_clkwiz/inst/mmcme4_adv_inst/CLKOUT0
                         net (fo=1, routed)           0.244     2.196    i_clkwiz/inst/clk_50_clkwiz
    BUFGCE_X1Y266        BUFGCE (Prop_BUFCE_BUFGCE_I_O)
                                                      0.028     2.224 r  i_clkwiz/inst/clkout1_buf/O
    X2Y7 (CLOCK_ROOT)    net (fo=198306, routed)      3.794     6.018    i_rstgen/i_rstgen_bypass/clk_i
    SLR Crossing[2->1]   
    SLICE_X118Y595       FDCE                                         r  i_rstgen/i_rstgen_bypass/synch_regs_q_reg[3]/C
  -------------------------------------------------------------------    -------------------
    SLICE_X118Y595       FDCE (Prop_CFF2_SLICEL_C_Q)
                                                      0.080     6.098 r  i_rstgen/i_rstgen_bypass/synch_regs_q_reg[3]/Q
                         net (fo=630, routed)         0.799     6.897    i_rstgen/i_rstgen_bypass/synch_regs_q[3]
    BUFGCE_X1Y224        BUFGCE (Prop_BUFCE_BUFGCE_I_O)
                                                      0.028     6.925 r  i_rstgen/i_rstgen_bypass/synch_regs_q[3]_BUFG_inst/O
                         net (fo=157654, routed)      1.894     8.819    gen_status_sync[3].i_sync/serial_i
    SLR Crossing[1->2]   
    SLICE_X114Y793       LUT1 (Prop_A5LUT_SLICEL_I0_O)
                                                      0.138     8.957 r  gen_status_sync[3].i_sync/reg_q_reg[0]_xlnx_opt/O
                         net (fo=1, routed)           0.017     8.974    gen_status_sync[3].i_sync/reg_q_reg[0]_xlnx_opt_1
    SLICE_X114Y793       FDRE                                         r  gen_status_sync[3].i_sync/reg_q_reg[0]/D
  -------------------------------------------------------------------    -------------------

                         (clock clk_50_clkwiz rise edge)
                                                      0.000     0.000 r  
    E12                                               0.000     0.000 r  sys_clk_p (IN)
                         net (fo=0)                   0.000     0.000    i_bufds_sys_clk/I
    HPIOBDIFFINBUF_X1Y300
                         DIFFINBUF (Prop_DIFFINBUF_HPIOBDIFFINBUF_DIFF_IN_P_O)
                                                      0.564     0.564 r  i_bufds_sys_clk/DIFFINBUF_INST/O
                         net (fo=1, routed)           0.040     0.604    i_bufds_sys_clk/OUT
    E12                  IBUFCTRL (Prop_IBUFCTRL_HPIOB_M_I_O)
                                                      0.000     0.604 r  i_bufds_sys_clk/IBUFCTRL_INST/O
                         net (fo=1, routed)           0.297     0.901    sys_clk
    BUFGCE_X1Y289        BUFGCE (Prop_BUFCE_BUFGCE_I_O)
                                                      0.024     0.925 r  sys_clk_BUFGCE_inst/O
                         net (fo=19, routed)          0.876     1.801    i_clkwiz/inst/clk_in1
    MMCM_X1Y11           MMCME4_ADV (Prop_MMCM_CLKIN1_CLKOUT0)
                                                      0.630     2.431 r  i_clkwiz/inst/mmcme4_adv_inst/CLKOUT0
                         net (fo=1, routed)           0.214     2.645    i_clkwiz/inst/clk_50_clkwiz
    BUFGCE_X1Y266        BUFGCE (Prop_BUFCE_BUFGCE_I_O)
                                                      0.024     2.669 r  i_clkwiz/inst/clkout1_buf/O
    X2Y7 (CLOCK_ROOT)    net (fo=198306, routed)      3.666     6.335    gen_status_sync[3].i_sync/clk_i
    SLICE_X114Y793       FDRE                                         r  gen_status_sync[3].i_sync/reg_q_reg[0]/C





Min Delay Paths
--------------------------------------------------------------------------------------
Slack:                    inf
  Source:                 i_vio/inst/PROBE_OUT_ALL_INST/G_PROBE_OUT[1].PROBE_OUT0_INST/data_int_reg[1]/C
                            (rising edge-triggered cell FDRE clocked by clk_50_clkwiz  {rise@0.000ns fall@10.000ns period=20.000ns})
  Destination:            i_vio/inst/PROBE_OUT_ALL_INST/Probe_out_reg_int_reg[1]/D
                            (rising edge-triggered cell FDRE clocked by clk_50_clkwiz  {rise@0.000ns fall@10.000ns period=20.000ns})
  Path Group:             (none)
  Path Type:              Hold (Min at Fast Process Corner)
  Data Path Delay:        0.135ns  (logic 0.061ns (45.185%)  route 0.074ns (54.815%))
  Logic Levels:           1  (LUT3=1)
  Clock Path Skew:        -0.012ns (DCD - SCD - CPR)
    Destination Clock Delay (DCD):    3.731ns
    Source Clock Delay      (SCD):    3.742ns
    Clock Pessimism Removal (CPR):    -0.000ns
  Clock Uncertainty:      0.083ns  ((TSJ^2 + DJ^2)^1/2) / 2 + PE
    Total System Jitter     (TSJ):    0.071ns
    Discrete Jitter          (DJ):    0.150ns
    Phase Error              (PE):    0.000ns
  Clock Net Delay (Source):      2.251ns (routing 1.022ns, distribution 1.229ns)
  Clock Net Delay (Destination): 2.522ns (routing 1.135ns, distribution 1.387ns)
  Timing Exception:       False Path

    Location             Delay type                Incr(ns)  Path(ns)    Netlist Resource(s)
  -------------------------------------------------------------------    -------------------
                         (clock clk_50_clkwiz rise edge)
                                                      0.000     0.000 r  
    E12                                               0.000     0.000 r  sys_clk_p (IN)
                         net (fo=0)                   0.000     0.000    i_bufds_sys_clk/I
    HPIOBDIFFINBUF_X1Y300
                         DIFFINBUF (Prop_DIFFINBUF_HPIOBDIFFINBUF_DIFF_IN_P_O)
                                                      0.340     0.340 r  i_bufds_sys_clk/DIFFINBUF_INST/O
                         net (fo=1, routed)           0.040     0.380    i_bufds_sys_clk/OUT
    E12                  IBUFCTRL (Prop_IBUFCTRL_HPIOB_M_I_O)
                                                      0.000     0.380 r  i_bufds_sys_clk/IBUFCTRL_INST/O
                         net (fo=1, routed)           0.150     0.530    sys_clk
    BUFGCE_X1Y289        BUFGCE (Prop_BUFCE_BUFGCE_I_O)
                                                      0.017     0.547 r  sys_clk_BUFGCE_inst/O
                         net (fo=19, routed)          0.552     1.099    i_clkwiz/inst/clk_in1
    MMCM_X1Y11           MMCME4_ADV (Prop_MMCM_CLKIN1_CLKOUT0)
                                                      0.230     1.329 r  i_clkwiz/inst/mmcme4_adv_inst/CLKOUT0
                         net (fo=1, routed)           0.145     1.474    i_clkwiz/inst/clk_50_clkwiz
    BUFGCE_X1Y266        BUFGCE (Prop_BUFCE_BUFGCE_I_O)
                                                      0.017     1.491 r  i_clkwiz/inst/clkout1_buf/O
    X2Y7 (CLOCK_ROOT)    net (fo=198306, routed)      2.251     3.742    i_vio/inst/PROBE_OUT_ALL_INST/G_PROBE_OUT[1].PROBE_OUT0_INST/out
    SLICE_X116Y800       FDRE                                         r  i_vio/inst/PROBE_OUT_ALL_INST/G_PROBE_OUT[1].PROBE_OUT0_INST/data_int_reg[1]/C
  -------------------------------------------------------------------    -------------------
    SLICE_X116Y800       FDRE (Prop_EFF2_SLICEM_C_Q)
                                                      0.039     3.781 r  i_vio/inst/PROBE_OUT_ALL_INST/G_PROBE_OUT[1].PROBE_OUT0_INST/data_int_reg[1]/Q
                         net (fo=2, routed)           0.053     3.834    i_vio/inst/PROBE_OUT_ALL_INST/G_PROBE_OUT[1].PROBE_OUT0_INST_n_2
    SLICE_X116Y801       LUT3 (Prop_B6LUT_SLICEM_I0_O)
                                                      0.022     3.856 r  i_vio/inst/PROBE_OUT_ALL_INST/Probe_out_reg_int[1]_i_1/O
                         net (fo=1, routed)           0.021     3.877    i_vio/inst/PROBE_OUT_ALL_INST/Probe_out_reg_int[1]_i_1_n_0
    SLICE_X116Y801       FDRE                                         r  i_vio/inst/PROBE_OUT_ALL_INST/Probe_out_reg_int_reg[1]/D
  -------------------------------------------------------------------    -------------------

                         (clock clk_50_clkwiz rise edge)
                                                      0.000     0.000 r  
    E12                                               0.000     0.000 r  sys_clk_p (IN)
                         net (fo=0)                   0.000     0.000    i_bufds_sys_clk/I
    HPIOBDIFFINBUF_X1Y300
                         DIFFINBUF (Prop_DIFFINBUF_HPIOBDIFFINBUF_DIFF_IN_P_O)
                                                      0.446     0.446 r  i_bufds_sys_clk/DIFFINBUF_INST/O
                         net (fo=1, routed)           0.050     0.496    i_bufds_sys_clk/OUT
    E12                  IBUFCTRL (Prop_IBUFCTRL_HPIOB_M_I_O)
                                                      0.000     0.496 r  i_bufds_sys_clk/IBUFCTRL_INST/O
                         net (fo=1, routed)           0.183     0.679    sys_clk
    BUFGCE_X1Y289        BUFGCE (Prop_BUFCE_BUFGCE_I_O)
                                                      0.019     0.698 r  sys_clk_BUFGCE_inst/O
                         net (fo=19, routed)          0.622     1.320    i_clkwiz/inst/clk_in1
    MMCM_X1Y11           MMCME4_ADV (Prop_MMCM_CLKIN1_CLKOUT0)
                                                     -0.295     1.025 r  i_clkwiz/inst/mmcme4_adv_inst/CLKOUT0
                         net (fo=1, routed)           0.165     1.190    i_clkwiz/inst/clk_50_clkwiz
    BUFGCE_X1Y266        BUFGCE (Prop_BUFCE_BUFGCE_I_O)
                                                      0.019     1.209 r  i_clkwiz/inst/clkout1_buf/O
    X2Y7 (CLOCK_ROOT)    net (fo=198306, routed)      2.522     3.731    i_vio/inst/PROBE_OUT_ALL_INST/out
    SLICE_X116Y801       FDRE                                         r  i_vio/inst/PROBE_OUT_ALL_INST/Probe_out_reg_int_reg[1]/C





--------------------------------------------------------------------------------------
Path Group:  (none)
From Clock:  dbg_hub/inst/BSCANID.u_xsdbm_id/SWITCH_N_EXT_BSCAN.bscan_inst/SERIES7_BSCAN.bscan_inst/INTERNAL_TCK
  To Clock:  clk_50_clkwiz

Max Delay            79 Endpoints
Min Delay            87 Endpoints
--------------------------------------------------------------------------------------


Max Delay Paths
--------------------------------------------------------------------------------------
Slack:                    inf
  Source:                 dbg_hub/inst/BSCANID.u_xsdbm_id/CORE_XSDB.UUT_MASTER/U_ICON_INTERFACE/U_CMD6_WR/U_WR_FIFO/SUBCORE_FIFO.xsdbm_v3_0_0_wrfifo_inst/inst_fifo_gen/gconvfifo.rf/grf.rf/gntv_or_sync_fifo.mem/gdm.dm_gen.dm/RAM_reg_0_15_0_13/RAMF/CLK
                            (rising edge-triggered cell RAMD32 clocked by dbg_hub/inst/BSCANID.u_xsdbm_id/SWITCH_N_EXT_BSCAN.bscan_inst/SERIES7_BSCAN.bscan_inst/INTERNAL_TCK  {rise@0.000ns fall@25.000ns period=50.000ns})
  Destination:            dbg_hub/inst/BSCANID.u_xsdbm_id/CORE_XSDB.UUT_MASTER/U_ICON_INTERFACE/U_CMD6_WR/U_WR_FIFO/SUBCORE_FIFO.xsdbm_v3_0_0_wrfifo_inst/inst_fifo_gen/gconvfifo.rf/grf.rf/gntv_or_sync_fifo.mem/gdm.dm_gen.dm/gpr1.dout_i_reg[10]/D
                            (rising edge-triggered cell FDRE clocked by clk_50_clkwiz  {rise@0.000ns fall@10.000ns period=20.000ns})
  Path Group:             (none)
  Path Type:              Setup (Max at Slow Process Corner)
  Data Path Delay:        0.863ns  (logic 0.295ns (34.183%)  route 0.568ns (65.817%))
  Logic Levels:           0  
  Clock Path Skew:        -4.373ns (DCD - SCD + CPR)
    Destination Clock Delay (DCD):    6.377ns
    Source Clock Delay      (SCD):    10.750ns
    Clock Pessimism Removal (CPR):    0.000ns
  Clock Uncertainty:      0.238ns  ((TSJ^2 + DJ^2)^1/2) / 2 + PE
    Total System Jitter     (TSJ):    0.071ns
    Discrete Jitter          (DJ):    0.150ns
    Phase Error              (PE):    0.155ns
  Clock Net Delay (Source):      2.248ns (routing 0.916ns, distribution 1.332ns)
  Clock Net Delay (Destination): 3.708ns (routing 1.700ns, distribution 2.008ns)
  Timing Exception:       False Path

    Location             Delay type                Incr(ns)  Path(ns)    Netlist Resource(s)
  -------------------------------------------------------------------    -------------------
                         (clock dbg_hub/inst/BSCANID.u_xsdbm_id/SWITCH_N_EXT_BSCAN.bscan_inst/SERIES7_BSCAN.bscan_inst/INTERNAL_TCK rise edge)
                                                      0.000     0.000 r  
    CONFIG_SITE_X0Y1     BSCANE2                      0.000     0.000 r  dbg_hub/inst/BSCANID.u_xsdbm_id/SWITCH_N_EXT_BSCAN.bscan_inst/SERIES7_BSCAN.bscan_inst/INTERNAL_TCK
    CONFIG_SITE_X0Y1     BSCANE2 (Prop_BSCAN1_CONFIG_SITE_INTERNAL_TCK_TCK)
                                                      4.300     4.300 r  dbg_hub/inst/BSCANID.u_xsdbm_id/SWITCH_N_EXT_BSCAN.bscan_inst/SERIES7_BSCAN.bscan_inst/TCK
                         net (fo=1, routed)           4.174     8.474    dbg_hub/inst/BSCANID.u_xsdbm_id/tck_bs
    SLR Crossing[1->2]   
    BUFGCE_X1Y288        BUFGCE (Prop_BUFCE_BUFGCE_I_O)
                                                      0.028     8.502 r  dbg_hub/inst/BSCANID.u_xsdbm_id/SWITCH_N_EXT_BSCAN.u_bufg_icon_tck/O
    X4Y10 (CLOCK_ROOT)   net (fo=494, routed)         2.248    10.750    dbg_hub/inst/BSCANID.u_xsdbm_id/CORE_XSDB.UUT_MASTER/U_ICON_INTERFACE/U_CMD6_WR/U_WR_FIFO/SUBCORE_FIFO.xsdbm_v3_0_0_wrfifo_inst/inst_fifo_gen/gconvfifo.rf/grf.rf/gntv_or_sync_fifo.mem/gdm.dm_gen.dm/RAM_reg_0_15_0_13/WCLK
    SLICE_X131Y808       RAMD32                                       r  dbg_hub/inst/BSCANID.u_xsdbm_id/CORE_XSDB.UUT_MASTER/U_ICON_INTERFACE/U_CMD6_WR/U_WR_FIFO/SUBCORE_FIFO.xsdbm_v3_0_0_wrfifo_inst/inst_fifo_gen/gconvfifo.rf/grf.rf/gntv_or_sync_fifo.mem/gdm.dm_gen.dm/RAM_reg_0_15_0_13/RAMF/CLK
  -------------------------------------------------------------------    -------------------
    SLICE_X131Y808       RAMD32 (Prop_F5LUT_SLICEM_CLK_O)
                                                      0.295    11.045 r  dbg_hub/inst/BSCANID.u_xsdbm_id/CORE_XSDB.UUT_MASTER/U_ICON_INTERFACE/U_CMD6_WR/U_WR_FIFO/SUBCORE_FIFO.xsdbm_v3_0_0_wrfifo_inst/inst_fifo_gen/gconvfifo.rf/grf.rf/gntv_or_sync_fifo.mem/gdm.dm_gen.dm/RAM_reg_0_15_0_13/RAMF/O
                         net (fo=1, routed)           0.568    11.613    dbg_hub/inst/BSCANID.u_xsdbm_id/CORE_XSDB.UUT_MASTER/U_ICON_INTERFACE/U_CMD6_WR/U_WR_FIFO/SUBCORE_FIFO.xsdbm_v3_0_0_wrfifo_inst/inst_fifo_gen/gconvfifo.rf/grf.rf/gntv_or_sync_fifo.mem/gdm.dm_gen.dm/dout_i0[10]
    SLICE_X131Y809       FDRE                                         r  dbg_hub/inst/BSCANID.u_xsdbm_id/CORE_XSDB.UUT_MASTER/U_ICON_INTERFACE/U_CMD6_WR/U_WR_FIFO/SUBCORE_FIFO.xsdbm_v3_0_0_wrfifo_inst/inst_fifo_gen/gconvfifo.rf/grf.rf/gntv_or_sync_fifo.mem/gdm.dm_gen.dm/gpr1.dout_i_reg[10]/D
  -------------------------------------------------------------------    -------------------

                         (clock clk_50_clkwiz rise edge)
                                                      0.000     0.000 r  
    E12                                               0.000     0.000 r  sys_clk_p (IN)
                         net (fo=0)                   0.000     0.000    i_bufds_sys_clk/I
    HPIOBDIFFINBUF_X1Y300
                         DIFFINBUF (Prop_DIFFINBUF_HPIOBDIFFINBUF_DIFF_IN_P_O)
                                                      0.564     0.564 r  i_bufds_sys_clk/DIFFINBUF_INST/O
                         net (fo=1, routed)           0.040     0.604    i_bufds_sys_clk/OUT
    E12                  IBUFCTRL (Prop_IBUFCTRL_HPIOB_M_I_O)
                                                      0.000     0.604 r  i_bufds_sys_clk/IBUFCTRL_INST/O
                         net (fo=1, routed)           0.297     0.901    sys_clk
    BUFGCE_X1Y289        BUFGCE (Prop_BUFCE_BUFGCE_I_O)
                                                      0.024     0.925 r  sys_clk_BUFGCE_inst/O
                         net (fo=19, routed)          0.876     1.801    i_clkwiz/inst/clk_in1
    MMCM_X1Y11           MMCME4_ADV (Prop_MMCM_CLKIN1_CLKOUT0)
                                                      0.630     2.431 r  i_clkwiz/inst/mmcme4_adv_inst/CLKOUT0
                         net (fo=1, routed)           0.214     2.645    i_clkwiz/inst/clk_50_clkwiz
    BUFGCE_X1Y266        BUFGCE (Prop_BUFCE_BUFGCE_I_O)
                                                      0.024     2.669 r  i_clkwiz/inst/clkout1_buf/O
    X2Y7 (CLOCK_ROOT)    net (fo=198306, routed)      3.708     6.377    dbg_hub/inst/BSCANID.u_xsdbm_id/CORE_XSDB.UUT_MASTER/U_ICON_INTERFACE/U_CMD6_WR/U_WR_FIFO/SUBCORE_FIFO.xsdbm_v3_0_0_wrfifo_inst/inst_fifo_gen/gconvfifo.rf/grf.rf/gntv_or_sync_fifo.mem/gdm.dm_gen.dm/rd_clk
    SLICE_X131Y809       FDRE                                         r  dbg_hub/inst/BSCANID.u_xsdbm_id/CORE_XSDB.UUT_MASTER/U_ICON_INTERFACE/U_CMD6_WR/U_WR_FIFO/SUBCORE_FIFO.xsdbm_v3_0_0_wrfifo_inst/inst_fifo_gen/gconvfifo.rf/grf.rf/gntv_or_sync_fifo.mem/gdm.dm_gen.dm/gpr1.dout_i_reg[10]/C





Min Delay Paths
--------------------------------------------------------------------------------------
Slack:                    inf
  Source:                 dbg_hub/inst/BSCANID.u_xsdbm_id/CORE_XSDB.UUT_MASTER/U_ICON_INTERFACE/U_CMD7_STAT/icn_cmd_en_temp_reg/C
                            (rising edge-triggered cell FDRE clocked by dbg_hub/inst/BSCANID.u_xsdbm_id/SWITCH_N_EXT_BSCAN.bscan_inst/SERIES7_BSCAN.bscan_inst/INTERNAL_TCK  {rise@0.000ns fall@25.000ns period=50.000ns})
  Destination:            dbg_hub/inst/BSCANID.u_xsdbm_id/CORE_XSDB.UUT_MASTER/U_ICON_INTERFACE/U_CMD7_STAT/stat_reg_ld_reg[0]/D
                            (rising edge-triggered cell FDRE clocked by clk_50_clkwiz  {rise@0.000ns fall@10.000ns period=20.000ns})
  Path Group:             (none)
  Path Type:              Hold (Min at Fast Process Corner)
  Data Path Delay:        0.125ns  (logic 0.038ns (30.400%)  route 0.087ns (69.600%))
  Logic Levels:           0  
  Clock Path Skew:        -0.083ns (DCD - SCD - CPR)
    Destination Clock Delay (DCD):    3.596ns
    Source Clock Delay      (SCD):    3.679ns
    Clock Pessimism Removal (CPR):    -0.000ns
  Clock Uncertainty:      0.238ns  ((TSJ^2 + DJ^2)^1/2) / 2 + PE
    Total System Jitter     (TSJ):    0.071ns
    Discrete Jitter          (DJ):    0.150ns
    Phase Error              (PE):    0.155ns
  Clock Net Delay (Source):      1.194ns (routing 0.508ns, distribution 0.686ns)
  Clock Net Delay (Destination): 2.387ns (routing 1.135ns, distribution 1.252ns)
  Timing Exception:       False Path

    Location             Delay type                Incr(ns)  Path(ns)    Netlist Resource(s)
  -------------------------------------------------------------------    -------------------
                         (clock dbg_hub/inst/BSCANID.u_xsdbm_id/SWITCH_N_EXT_BSCAN.bscan_inst/SERIES7_BSCAN.bscan_inst/INTERNAL_TCK rise edge)
                                                      0.000     0.000 r  
    CONFIG_SITE_X0Y1     BSCANE2                      0.000     0.000 r  dbg_hub/inst/BSCANID.u_xsdbm_id/SWITCH_N_EXT_BSCAN.bscan_inst/SERIES7_BSCAN.bscan_inst/INTERNAL_TCK
    CONFIG_SITE_X0Y1     BSCANE2 (Prop_BSCAN1_CONFIG_SITE_INTERNAL_TCK_TCK)
                                                      0.465     0.465 r  dbg_hub/inst/BSCANID.u_xsdbm_id/SWITCH_N_EXT_BSCAN.bscan_inst/SERIES7_BSCAN.bscan_inst/TCK
                         net (fo=1, routed)           2.003     2.468    dbg_hub/inst/BSCANID.u_xsdbm_id/tck_bs
    SLR Crossing[1->2]   
    BUFGCE_X1Y288        BUFGCE (Prop_BUFCE_BUFGCE_I_O)
                                                      0.017     2.485 r  dbg_hub/inst/BSCANID.u_xsdbm_id/SWITCH_N_EXT_BSCAN.u_bufg_icon_tck/O
    X4Y10 (CLOCK_ROOT)   net (fo=494, routed)         1.194     3.679    dbg_hub/inst/BSCANID.u_xsdbm_id/CORE_XSDB.UUT_MASTER/U_ICON_INTERFACE/U_CMD7_STAT/m_bscan_tck[0]
    SLICE_X117Y753       FDRE                                         r  dbg_hub/inst/BSCANID.u_xsdbm_id/CORE_XSDB.UUT_MASTER/U_ICON_INTERFACE/U_CMD7_STAT/icn_cmd_en_temp_reg/C
  -------------------------------------------------------------------    -------------------
    SLICE_X117Y753       FDRE (Prop_EFF_SLICEM_C_Q)
                                                      0.038     3.717 r  dbg_hub/inst/BSCANID.u_xsdbm_id/CORE_XSDB.UUT_MASTER/U_ICON_INTERFACE/U_CMD7_STAT/icn_cmd_en_temp_reg/Q
                         net (fo=5, routed)           0.087     3.804    dbg_hub/inst/BSCANID.u_xsdbm_id/CORE_XSDB.UUT_MASTER/U_ICON_INTERFACE/U_CMD7_STAT/icn_cmd_en_temp
    SLICE_X118Y752       FDRE                                         r  dbg_hub/inst/BSCANID.u_xsdbm_id/CORE_XSDB.UUT_MASTER/U_ICON_INTERFACE/U_CMD7_STAT/stat_reg_ld_reg[0]/D
  -------------------------------------------------------------------    -------------------

                         (clock clk_50_clkwiz rise edge)
                                                      0.000     0.000 r  
    E12                                               0.000     0.000 r  sys_clk_p (IN)
                         net (fo=0)                   0.000     0.000    i_bufds_sys_clk/I
    HPIOBDIFFINBUF_X1Y300
                         DIFFINBUF (Prop_DIFFINBUF_HPIOBDIFFINBUF_DIFF_IN_P_O)
                                                      0.446     0.446 r  i_bufds_sys_clk/DIFFINBUF_INST/O
                         net (fo=1, routed)           0.050     0.496    i_bufds_sys_clk/OUT
    E12                  IBUFCTRL (Prop_IBUFCTRL_HPIOB_M_I_O)
                                                      0.000     0.496 r  i_bufds_sys_clk/IBUFCTRL_INST/O
                         net (fo=1, routed)           0.183     0.679    sys_clk
    BUFGCE_X1Y289        BUFGCE (Prop_BUFCE_BUFGCE_I_O)
                                                      0.019     0.698 r  sys_clk_BUFGCE_inst/O
                         net (fo=19, routed)          0.622     1.320    i_clkwiz/inst/clk_in1
    MMCM_X1Y11           MMCME4_ADV (Prop_MMCM_CLKIN1_CLKOUT0)
                                                     -0.295     1.025 r  i_clkwiz/inst/mmcme4_adv_inst/CLKOUT0
                         net (fo=1, routed)           0.165     1.190    i_clkwiz/inst/clk_50_clkwiz
    BUFGCE_X1Y266        BUFGCE (Prop_BUFCE_BUFGCE_I_O)
                                                      0.019     1.209 r  i_clkwiz/inst/clkout1_buf/O
    X2Y7 (CLOCK_ROOT)    net (fo=198306, routed)      2.387     3.596    dbg_hub/inst/BSCANID.u_xsdbm_id/CORE_XSDB.UUT_MASTER/U_ICON_INTERFACE/U_CMD7_STAT/clk
    SLICE_X118Y752       FDRE                                         r  dbg_hub/inst/BSCANID.u_xsdbm_id/CORE_XSDB.UUT_MASTER/U_ICON_INTERFACE/U_CMD7_STAT/stat_reg_ld_reg[0]/C





--------------------------------------------------------------------------------------
Path Group:  (none)
From Clock:  mmcm_clkout0
  To Clock:  clk_50_clkwiz

Max Delay             5 Endpoints
Min Delay           568 Endpoints
--------------------------------------------------------------------------------------


Max Delay Paths
--------------------------------------------------------------------------------------
Slack:                    inf
  Source:                 i_dram_wrapper/fabric_ready_o_reg/C
                            (rising edge-triggered cell FDCE clocked by mmcm_clkout0  {rise@0.000ns fall@1.667ns period=3.333ns})
  Destination:            i_rstgen/i_rstgen_bypass/synch_regs_q_reg[0]/CLR
                            (recovery check against rising-edge clock clk_50_clkwiz  {rise@0.000ns fall@10.000ns period=20.000ns})
  Path Group:             (none)
  Path Type:              Recovery (Max at Slow Process Corner)
  Data Path Delay:        2.803ns  (logic 0.081ns (2.890%)  route 2.722ns (97.110%))
  Logic Levels:           0  
  Clock Path Skew:        1.861ns (DCD - SCD + CPR)
    Destination Clock Delay (DCD):    6.094ns
    Source Clock Delay      (SCD):    4.234ns
    Clock Pessimism Removal (CPR):    0.000ns
  Clock Uncertainty:      0.290ns  ((TSJ^2 + DJ^2)^1/2) / 2 + PE
    Total System Jitter     (TSJ):    0.071ns
    Discrete Jitter          (DJ):    0.227ns
    Phase Error              (PE):    0.171ns
  Clock Net Delay (Source):      2.100ns (routing 0.854ns, distribution 1.246ns)
  Clock Net Delay (Destination): 3.425ns (routing 1.700ns, distribution 1.725ns)
  Timing Exception:       False Path

    Location             Delay type                Incr(ns)  Path(ns)    Netlist Resource(s)
  -------------------------------------------------------------------    -------------------
                         (clock mmcm_clkout0 rise edge)
                                                      0.000     0.000 r  
    E12                                               0.000     0.000 r  sys_clk_p (IN)
                         net (fo=0)                   0.000     0.000    i_bufds_sys_clk/I
    HPIOBDIFFINBUF_X1Y300
                         DIFFINBUF (Prop_DIFFINBUF_HPIOBDIFFINBUF_DIFF_IN_P_O)
                                                      0.675     0.675 r  i_bufds_sys_clk/DIFFINBUF_INST/O
                         net (fo=1, routed)           0.050     0.725    i_bufds_sys_clk/OUT
    E12                  IBUFCTRL (Prop_IBUFCTRL_HPIOB_M_I_O)
                                                      0.000     0.725 r  i_bufds_sys_clk/IBUFCTRL_INST/O
                         net (fo=1, routed)           0.335     1.060    sys_clk
    BUFGCE_X1Y289        BUFGCE (Prop_BUFCE_BUFGCE_I_O)
                                                      0.028     1.088 r  sys_clk_BUFGCE_inst/O
                         net (fo=19, routed)          0.901     1.989    i_dram_wrapper/i_dram/inst/u_ddr4_infrastructure/mmcm_clk_in
    MMCM_X1Y13           MMCME4_ADV (Prop_MMCM_CLKIN1_CLKOUT0)
                                                     -0.127     1.862 r  i_dram_wrapper/i_dram/inst/u_ddr4_infrastructure/gen_mmcme4.u_mmcme_adv_inst/CLKOUT0
                         net (fo=1, routed)           0.244     2.106    i_dram_wrapper/i_dram/inst/u_ddr4_infrastructure/mmcm_clkout0
    BUFGCE_X1Y332        BUFGCE (Prop_BUFCE_BUFGCE_I_O)
                                                      0.028     2.134 r  i_dram_wrapper/i_dram/inst/u_ddr4_infrastructure/u_bufg_divClk/O
    X4Y12 (CLOCK_ROOT)   net (fo=36893, routed)       2.100     4.234    i_dram_wrapper/dram_axi_clk
    SLICE_X120Y759       FDCE                                         r  i_dram_wrapper/fabric_ready_o_reg/C
  -------------------------------------------------------------------    -------------------
    SLICE_X120Y759       FDCE (Prop_DFF2_SLICEL_C_Q)
                                                      0.081     4.315 r  i_dram_wrapper/fabric_ready_o_reg/Q
                         net (fo=9, routed)           2.722     7.037    i_rstgen/i_rstgen_bypass/rst_test_mode_ni
    SLR Crossing[2->1]   
    SLICE_X118Y595       FDCE                                         f  i_rstgen/i_rstgen_bypass/synch_regs_q_reg[0]/CLR  (IS_INVERTED)
  -------------------------------------------------------------------    -------------------

                         (clock clk_50_clkwiz rise edge)
                                                      0.000     0.000 r  
    E12                                               0.000     0.000 r  sys_clk_p (IN)
                         net (fo=0)                   0.000     0.000    i_bufds_sys_clk/I
    HPIOBDIFFINBUF_X1Y300
                         DIFFINBUF (Prop_DIFFINBUF_HPIOBDIFFINBUF_DIFF_IN_P_O)
                                                      0.564     0.564 r  i_bufds_sys_clk/DIFFINBUF_INST/O
                         net (fo=1, routed)           0.040     0.604    i_bufds_sys_clk/OUT
    E12                  IBUFCTRL (Prop_IBUFCTRL_HPIOB_M_I_O)
                                                      0.000     0.604 r  i_bufds_sys_clk/IBUFCTRL_INST/O
                         net (fo=1, routed)           0.297     0.901    sys_clk
    BUFGCE_X1Y289        BUFGCE (Prop_BUFCE_BUFGCE_I_O)
                                                      0.024     0.925 r  sys_clk_BUFGCE_inst/O
                         net (fo=19, routed)          0.876     1.801    i_clkwiz/inst/clk_in1
    MMCM_X1Y11           MMCME4_ADV (Prop_MMCM_CLKIN1_CLKOUT0)
                                                      0.630     2.431 r  i_clkwiz/inst/mmcme4_adv_inst/CLKOUT0
                         net (fo=1, routed)           0.214     2.645    i_clkwiz/inst/clk_50_clkwiz
    BUFGCE_X1Y266        BUFGCE (Prop_BUFCE_BUFGCE_I_O)
                                                      0.024     2.669 r  i_clkwiz/inst/clkout1_buf/O
    X2Y7 (CLOCK_ROOT)    net (fo=198306, routed)      3.425     6.094    i_rstgen/i_rstgen_bypass/clk_i
    SLR Crossing[2->1]   
    SLICE_X118Y595       FDCE                                         r  i_rstgen/i_rstgen_bypass/synch_regs_q_reg[0]/C





Min Delay Paths
--------------------------------------------------------------------------------------
Slack:                    inf
  Source:                 i_dram_wrapper/i_dram/inst/u_ddr4_mem_intfc/u_ddr_cal_top/u_ddr_cal/u_xsdb_arbiter/slave_do_fclk_reg[6]/C
                            (rising edge-triggered cell FDRE clocked by mmcm_clkout0  {rise@0.000ns fall@1.667ns period=3.333ns})
  Destination:            i_dram_wrapper/i_dram/inst/u_ddr4_mem_intfc/u_ddr_cal_top/u_ddr_cal/u_xsdb_arbiter/u_slave_do_sync/SYNC[6].sync_reg_reg[0]/D
                            (rising edge-triggered cell FDRE clocked by clk_50_clkwiz  {rise@0.000ns fall@10.000ns period=20.000ns})
  Path Group:             (none)
  Path Type:              Hold (Min at Fast Process Corner)
  Data Path Delay:        0.132ns  (logic 0.040ns (30.303%)  route 0.092ns (69.697%))
  Logic Levels:           0  
  Clock Path Skew:        1.171ns (DCD - SCD - CPR)
    Destination Clock Delay (DCD):    3.755ns
    Source Clock Delay      (SCD):    2.583ns
    Clock Pessimism Removal (CPR):    -0.000ns
  Clock Uncertainty:      0.290ns  ((TSJ^2 + DJ^2)^1/2) / 2 + PE
    Total System Jitter     (TSJ):    0.071ns
    Discrete Jitter          (DJ):    0.227ns
    Phase Error              (PE):    0.171ns
  Clock Net Delay (Source):      1.140ns (routing 0.468ns, distribution 0.672ns)
  Clock Net Delay (Destination): 2.546ns (routing 1.135ns, distribution 1.411ns)
  Timing Exception:       False Path

    Location             Delay type                Incr(ns)  Path(ns)    Netlist Resource(s)
  -------------------------------------------------------------------    -------------------
                         (clock mmcm_clkout0 rise edge)
                                                      0.000     0.000 r  
    E12                                               0.000     0.000 r  sys_clk_p (IN)
                         net (fo=0)                   0.000     0.000    i_bufds_sys_clk/I
    HPIOBDIFFINBUF_X1Y300
                         DIFFINBUF (Prop_DIFFINBUF_HPIOBDIFFINBUF_DIFF_IN_P_O)
                                                      0.340     0.340 r  i_bufds_sys_clk/DIFFINBUF_INST/O
                         net (fo=1, routed)           0.040     0.380    i_bufds_sys_clk/OUT
    E12                  IBUFCTRL (Prop_IBUFCTRL_HPIOB_M_I_O)
                                                      0.000     0.380 r  i_bufds_sys_clk/IBUFCTRL_INST/O
                         net (fo=1, routed)           0.150     0.530    sys_clk
    BUFGCE_X1Y289        BUFGCE (Prop_BUFCE_BUFGCE_I_O)
                                                      0.017     0.547 r  sys_clk_BUFGCE_inst/O
                         net (fo=19, routed)          0.504     1.051    i_dram_wrapper/i_dram/inst/u_ddr4_infrastructure/mmcm_clk_in
    MMCM_X1Y13           MMCME4_ADV (Prop_MMCM_CLKIN1_CLKOUT0)
                                                      0.230     1.281 r  i_dram_wrapper/i_dram/inst/u_ddr4_infrastructure/gen_mmcme4.u_mmcme_adv_inst/CLKOUT0
                         net (fo=1, routed)           0.145     1.426    i_dram_wrapper/i_dram/inst/u_ddr4_infrastructure/mmcm_clkout0
    BUFGCE_X1Y332        BUFGCE (Prop_BUFCE_BUFGCE_I_O)
                                                      0.017     1.443 r  i_dram_wrapper/i_dram/inst/u_ddr4_infrastructure/u_bufg_divClk/O
    X4Y12 (CLOCK_ROOT)   net (fo=36893, routed)       1.140     2.583    i_dram_wrapper/i_dram/inst/u_ddr4_mem_intfc/u_ddr_cal_top/u_ddr_cal/u_xsdb_arbiter/SYNC[0].sync_reg_reg[0]
    SLICE_X139Y803       FDRE                                         r  i_dram_wrapper/i_dram/inst/u_ddr4_mem_intfc/u_ddr_cal_top/u_ddr_cal/u_xsdb_arbiter/slave_do_fclk_reg[6]/C
  -------------------------------------------------------------------    -------------------
    SLICE_X139Y803       FDRE (Prop_BFF2_SLICEL_C_Q)
                                                      0.040     2.623 r  i_dram_wrapper/i_dram/inst/u_ddr4_mem_intfc/u_ddr_cal_top/u_ddr_cal/u_xsdb_arbiter/slave_do_fclk_reg[6]/Q
                         net (fo=1, routed)           0.092     2.715    i_dram_wrapper/i_dram/inst/u_ddr4_mem_intfc/u_ddr_cal_top/u_ddr_cal/u_xsdb_arbiter/u_slave_do_sync/out[6]
    SLICE_X136Y803       FDRE                                         r  i_dram_wrapper/i_dram/inst/u_ddr4_mem_intfc/u_ddr_cal_top/u_ddr_cal/u_xsdb_arbiter/u_slave_do_sync/SYNC[6].sync_reg_reg[0]/D
  -------------------------------------------------------------------    -------------------

                         (clock clk_50_clkwiz rise edge)
                                                      0.000     0.000 r  
    E12                                               0.000     0.000 r  sys_clk_p (IN)
                         net (fo=0)                   0.000     0.000    i_bufds_sys_clk/I
    HPIOBDIFFINBUF_X1Y300
                         DIFFINBUF (Prop_DIFFINBUF_HPIOBDIFFINBUF_DIFF_IN_P_O)
                                                      0.446     0.446 r  i_bufds_sys_clk/DIFFINBUF_INST/O
                         net (fo=1, routed)           0.050     0.496    i_bufds_sys_clk/OUT
    E12                  IBUFCTRL (Prop_IBUFCTRL_HPIOB_M_I_O)
                                                      0.000     0.496 r  i_bufds_sys_clk/IBUFCTRL_INST/O
                         net (fo=1, routed)           0.183     0.679    sys_clk
    BUFGCE_X1Y289        BUFGCE (Prop_BUFCE_BUFGCE_I_O)
                                                      0.019     0.698 r  sys_clk_BUFGCE_inst/O
                         net (fo=19, routed)          0.622     1.320    i_clkwiz/inst/clk_in1
    MMCM_X1Y11           MMCME4_ADV (Prop_MMCM_CLKIN1_CLKOUT0)
                                                     -0.295     1.025 r  i_clkwiz/inst/mmcme4_adv_inst/CLKOUT0
                         net (fo=1, routed)           0.165     1.190    i_clkwiz/inst/clk_50_clkwiz
    BUFGCE_X1Y266        BUFGCE (Prop_BUFCE_BUFGCE_I_O)
                                                      0.019     1.209 r  i_clkwiz/inst/clkout1_buf/O
    X2Y7 (CLOCK_ROOT)    net (fo=198306, routed)      2.546     3.755    i_dram_wrapper/i_dram/inst/u_ddr4_mem_intfc/u_ddr_cal_top/u_ddr_cal/u_xsdb_arbiter/u_slave_do_sync/CLK
    SLICE_X136Y803       FDRE                                         r  i_dram_wrapper/i_dram/inst/u_ddr4_mem_intfc/u_ddr_cal_top/u_ddr_cal/u_xsdb_arbiter/u_slave_do_sync/SYNC[6].sync_reg_reg[0]/C





--------------------------------------------------------------------------------------
Path Group:  (none)
From Clock:  clk_50_clkwiz
  To Clock:  dbg_hub/inst/BSCANID.u_xsdbm_id/SWITCH_N_EXT_BSCAN.bscan_inst/SERIES7_BSCAN.bscan_inst/INTERNAL_TCK

Max Delay            95 Endpoints
Min Delay           103 Endpoints
--------------------------------------------------------------------------------------


Max Delay Paths
--------------------------------------------------------------------------------------
Slack:                    inf
  Source:                 dbg_hub/inst/BSCANID.u_xsdbm_id/CORE_XSDB.UUT_MASTER/U_ICON_INTERFACE/U_CMD1/ctl_reg_reg[0]/C
                            (rising edge-triggered cell FDRE clocked by clk_50_clkwiz  {rise@0.000ns fall@10.000ns period=20.000ns})
  Destination:            dbg_hub/inst/BSCANID.u_xsdbm_id/CORE_XSDB.UUT_MASTER/U_ICON_INTERFACE/U_CMD7_CTL/shift_reg_in_reg[0]/R
                            (rising edge-triggered cell FDRE clocked by dbg_hub/inst/BSCANID.u_xsdbm_id/SWITCH_N_EXT_BSCAN.bscan_inst/SERIES7_BSCAN.bscan_inst/INTERNAL_TCK  {rise@0.000ns fall@25.000ns period=50.000ns})
  Path Group:             (none)
  Path Type:              Setup (Max at Slow Process Corner)
  Data Path Delay:        1.624ns  (logic 0.079ns (4.865%)  route 1.545ns (95.135%))
  Logic Levels:           0  
  Clock Path Skew:        -1.296ns (DCD - SCD + CPR)
    Destination Clock Delay (DCD):    5.055ns
    Source Clock Delay      (SCD):    6.351ns
    Clock Pessimism Removal (CPR):    0.000ns
  Clock Uncertainty:      0.238ns  ((TSJ^2 + DJ^2)^1/2) / 2 + PE
    Total System Jitter     (TSJ):    0.071ns
    Discrete Jitter          (DJ):    0.150ns
    Phase Error              (PE):    0.155ns
  Clock Net Delay (Source):      4.127ns (routing 1.870ns, distribution 2.257ns)
  Clock Net Delay (Destination): 1.946ns (routing 0.831ns, distribution 1.115ns)
  Timing Exception:       False Path

    Location             Delay type                Incr(ns)  Path(ns)    Netlist Resource(s)
  -------------------------------------------------------------------    -------------------
                         (clock clk_50_clkwiz rise edge)
                                                      0.000     0.000 r  
    E12                                               0.000     0.000 r  sys_clk_p (IN)
                         net (fo=0)                   0.000     0.000    i_bufds_sys_clk/I
    HPIOBDIFFINBUF_X1Y300
                         DIFFINBUF (Prop_DIFFINBUF_HPIOBDIFFINBUF_DIFF_IN_P_O)
                                                      0.675     0.675 r  i_bufds_sys_clk/DIFFINBUF_INST/O
                         net (fo=1, routed)           0.050     0.725    i_bufds_sys_clk/OUT
    E12                  IBUFCTRL (Prop_IBUFCTRL_HPIOB_M_I_O)
                                                      0.000     0.725 r  i_bufds_sys_clk/IBUFCTRL_INST/O
                         net (fo=1, routed)           0.335     1.060    sys_clk
    BUFGCE_X1Y289        BUFGCE (Prop_BUFCE_BUFGCE_I_O)
                                                      0.028     1.088 r  sys_clk_BUFGCE_inst/O
                         net (fo=19, routed)          0.991     2.079    i_clkwiz/inst/clk_in1
    MMCM_X1Y11           MMCME4_ADV (Prop_MMCM_CLKIN1_CLKOUT0)
                                                     -0.127     1.952 r  i_clkwiz/inst/mmcme4_adv_inst/CLKOUT0
                         net (fo=1, routed)           0.244     2.196    i_clkwiz/inst/clk_50_clkwiz
    BUFGCE_X1Y266        BUFGCE (Prop_BUFCE_BUFGCE_I_O)
                                                      0.028     2.224 r  i_clkwiz/inst/clkout1_buf/O
    X2Y7 (CLOCK_ROOT)    net (fo=198306, routed)      4.127     6.351    dbg_hub/inst/BSCANID.u_xsdbm_id/CORE_XSDB.UUT_MASTER/U_ICON_INTERFACE/U_CMD1/clk
    SLICE_X125Y798       FDRE                                         r  dbg_hub/inst/BSCANID.u_xsdbm_id/CORE_XSDB.UUT_MASTER/U_ICON_INTERFACE/U_CMD1/ctl_reg_reg[0]/C
  -------------------------------------------------------------------    -------------------
    SLICE_X125Y798       FDRE (Prop_HFF_SLICEM_C_Q)
                                                      0.079     6.430 r  dbg_hub/inst/BSCANID.u_xsdbm_id/CORE_XSDB.UUT_MASTER/U_ICON_INTERFACE/U_CMD1/ctl_reg_reg[0]/Q
                         net (fo=168, routed)         1.545     7.975    dbg_hub/inst/BSCANID.u_xsdbm_id/CORE_XSDB.UUT_MASTER/U_ICON_INTERFACE/U_CMD7_CTL/out
    SLICE_X116Y721       FDRE                                         r  dbg_hub/inst/BSCANID.u_xsdbm_id/CORE_XSDB.UUT_MASTER/U_ICON_INTERFACE/U_CMD7_CTL/shift_reg_in_reg[0]/R
  -------------------------------------------------------------------    -------------------

                         (clock dbg_hub/inst/BSCANID.u_xsdbm_id/SWITCH_N_EXT_BSCAN.bscan_inst/SERIES7_BSCAN.bscan_inst/INTERNAL_TCK rise edge)
                                                      0.000     0.000 r  
    CONFIG_SITE_X0Y1     BSCANE2                      0.000     0.000 r  dbg_hub/inst/BSCANID.u_xsdbm_id/SWITCH_N_EXT_BSCAN.bscan_inst/SERIES7_BSCAN.bscan_inst/INTERNAL_TCK
    CONFIG_SITE_X0Y1     BSCANE2 (Prop_BSCAN1_CONFIG_SITE_INTERNAL_TCK_TCK)
                                                      0.465     0.465 r  dbg_hub/inst/BSCANID.u_xsdbm_id/SWITCH_N_EXT_BSCAN.bscan_inst/SERIES7_BSCAN.bscan_inst/TCK
                         net (fo=1, routed)           2.620     3.085    dbg_hub/inst/BSCANID.u_xsdbm_id/tck_bs
    SLR Crossing[1->2]   
    BUFGCE_X1Y288        BUFGCE (Prop_BUFCE_BUFGCE_I_O)
                                                      0.024     3.109 r  dbg_hub/inst/BSCANID.u_xsdbm_id/SWITCH_N_EXT_BSCAN.u_bufg_icon_tck/O
    X4Y10 (CLOCK_ROOT)   net (fo=494, routed)         1.946     5.055    dbg_hub/inst/BSCANID.u_xsdbm_id/CORE_XSDB.UUT_MASTER/U_ICON_INTERFACE/U_CMD7_CTL/m_bscan_tck[0]
    SLICE_X116Y721       FDRE                                         r  dbg_hub/inst/BSCANID.u_xsdbm_id/CORE_XSDB.UUT_MASTER/U_ICON_INTERFACE/U_CMD7_CTL/shift_reg_in_reg[0]/C





Min Delay Paths
--------------------------------------------------------------------------------------
Slack:                    inf
  Source:                 dbg_hub/inst/BSCANID.u_xsdbm_id/CORE_XSDB.UUT_MASTER/U_ICON_INTERFACE/U_CMD6_RD/U_RD_FIFO/SUBCORE_FIFO.xsdbm_v3_0_0_rdfifo_inst/inst_fifo_gen/gconvfifo.rf/grf.rf/gntv_or_sync_fifo.gcx.clkx/gnxpm_cdc.wr_pntr_gc_reg[2]/C
                            (rising edge-triggered cell FDCE clocked by clk_50_clkwiz  {rise@0.000ns fall@10.000ns period=20.000ns})
  Destination:            dbg_hub/inst/BSCANID.u_xsdbm_id/CORE_XSDB.UUT_MASTER/U_ICON_INTERFACE/U_CMD6_RD/U_RD_FIFO/SUBCORE_FIFO.xsdbm_v3_0_0_rdfifo_inst/inst_fifo_gen/gconvfifo.rf/grf.rf/gntv_or_sync_fifo.gcx.clkx/gnxpm_cdc.gsync_stage[1].rd_stg_inst/Q_reg_reg[2]/D
                            (rising edge-triggered cell FDCE clocked by dbg_hub/inst/BSCANID.u_xsdbm_id/SWITCH_N_EXT_BSCAN.bscan_inst/SERIES7_BSCAN.bscan_inst/INTERNAL_TCK  {rise@0.000ns fall@25.000ns period=50.000ns})
  Path Group:             (none)
  Path Type:              Hold (Min at Fast Process Corner)
  Data Path Delay:        0.097ns  (logic 0.039ns (40.206%)  route 0.058ns (59.794%))
  Logic Levels:           0  
  Clock Path Skew:        4.932ns (DCD - SCD - CPR)
    Destination Clock Delay (DCD):    8.560ns
    Source Clock Delay      (SCD):    3.628ns
    Clock Pessimism Removal (CPR):    -0.000ns
  Clock Uncertainty:      0.238ns  ((TSJ^2 + DJ^2)^1/2) / 2 + PE
    Total System Jitter     (TSJ):    0.071ns
    Discrete Jitter          (DJ):    0.150ns
    Phase Error              (PE):    0.155ns
  Clock Net Delay (Source):      2.137ns (routing 1.022ns, distribution 1.115ns)
  Clock Net Delay (Destination): 1.383ns (routing 0.569ns, distribution 0.814ns)
  Timing Exception:       False Path

    Location             Delay type                Incr(ns)  Path(ns)    Netlist Resource(s)
  -------------------------------------------------------------------    -------------------
                         (clock clk_50_clkwiz rise edge)
                                                      0.000     0.000 r  
    E12                                               0.000     0.000 r  sys_clk_p (IN)
                         net (fo=0)                   0.000     0.000    i_bufds_sys_clk/I
    HPIOBDIFFINBUF_X1Y300
                         DIFFINBUF (Prop_DIFFINBUF_HPIOBDIFFINBUF_DIFF_IN_P_O)
                                                      0.340     0.340 r  i_bufds_sys_clk/DIFFINBUF_INST/O
                         net (fo=1, routed)           0.040     0.380    i_bufds_sys_clk/OUT
    E12                  IBUFCTRL (Prop_IBUFCTRL_HPIOB_M_I_O)
                                                      0.000     0.380 r  i_bufds_sys_clk/IBUFCTRL_INST/O
                         net (fo=1, routed)           0.150     0.530    sys_clk
    BUFGCE_X1Y289        BUFGCE (Prop_BUFCE_BUFGCE_I_O)
                                                      0.017     0.547 r  sys_clk_BUFGCE_inst/O
                         net (fo=19, routed)          0.552     1.099    i_clkwiz/inst/clk_in1
    MMCM_X1Y11           MMCME4_ADV (Prop_MMCM_CLKIN1_CLKOUT0)
                                                      0.230     1.329 r  i_clkwiz/inst/mmcme4_adv_inst/CLKOUT0
                         net (fo=1, routed)           0.145     1.474    i_clkwiz/inst/clk_50_clkwiz
    BUFGCE_X1Y266        BUFGCE (Prop_BUFCE_BUFGCE_I_O)
                                                      0.017     1.491 r  i_clkwiz/inst/clkout1_buf/O
    X2Y7 (CLOCK_ROOT)    net (fo=198306, routed)      2.137     3.628    dbg_hub/inst/BSCANID.u_xsdbm_id/CORE_XSDB.UUT_MASTER/U_ICON_INTERFACE/U_CMD6_RD/U_RD_FIFO/SUBCORE_FIFO.xsdbm_v3_0_0_rdfifo_inst/inst_fifo_gen/gconvfifo.rf/grf.rf/gntv_or_sync_fifo.gcx.clkx/wr_clk
    SLICE_X118Y779       FDCE                                         r  dbg_hub/inst/BSCANID.u_xsdbm_id/CORE_XSDB.UUT_MASTER/U_ICON_INTERFACE/U_CMD6_RD/U_RD_FIFO/SUBCORE_FIFO.xsdbm_v3_0_0_rdfifo_inst/inst_fifo_gen/gconvfifo.rf/grf.rf/gntv_or_sync_fifo.gcx.clkx/gnxpm_cdc.wr_pntr_gc_reg[2]/C
  -------------------------------------------------------------------    -------------------
    SLICE_X118Y779       FDCE (Prop_DFF_SLICEL_C_Q)
                                                      0.039     3.667 r  dbg_hub/inst/BSCANID.u_xsdbm_id/CORE_XSDB.UUT_MASTER/U_ICON_INTERFACE/U_CMD6_RD/U_RD_FIFO/SUBCORE_FIFO.xsdbm_v3_0_0_rdfifo_inst/inst_fifo_gen/gconvfifo.rf/grf.rf/gntv_or_sync_fifo.gcx.clkx/gnxpm_cdc.wr_pntr_gc_reg[2]/Q
                         net (fo=1, routed)           0.058     3.725    dbg_hub/inst/BSCANID.u_xsdbm_id/CORE_XSDB.UUT_MASTER/U_ICON_INTERFACE/U_CMD6_RD/U_RD_FIFO/SUBCORE_FIFO.xsdbm_v3_0_0_rdfifo_inst/inst_fifo_gen/gconvfifo.rf/grf.rf/gntv_or_sync_fifo.gcx.clkx/gnxpm_cdc.gsync_stage[1].rd_stg_inst/Q[2]
    SLICE_X118Y780       FDCE                                         r  dbg_hub/inst/BSCANID.u_xsdbm_id/CORE_XSDB.UUT_MASTER/U_ICON_INTERFACE/U_CMD6_RD/U_RD_FIFO/SUBCORE_FIFO.xsdbm_v3_0_0_rdfifo_inst/inst_fifo_gen/gconvfifo.rf/grf.rf/gntv_or_sync_fifo.gcx.clkx/gnxpm_cdc.gsync_stage[1].rd_stg_inst/Q_reg_reg[2]/D
  -------------------------------------------------------------------    -------------------

                         (clock dbg_hub/inst/BSCANID.u_xsdbm_id/SWITCH_N_EXT_BSCAN.bscan_inst/SERIES7_BSCAN.bscan_inst/INTERNAL_TCK rise edge)
                                                      0.000     0.000 r  
    CONFIG_SITE_X0Y1     BSCANE2                      0.000     0.000 r  dbg_hub/inst/BSCANID.u_xsdbm_id/SWITCH_N_EXT_BSCAN.bscan_inst/SERIES7_BSCAN.bscan_inst/INTERNAL_TCK
    CONFIG_SITE_X0Y1     BSCANE2 (Prop_BSCAN1_CONFIG_SITE_INTERNAL_TCK_TCK)
                                                      4.300     4.300 r  dbg_hub/inst/BSCANID.u_xsdbm_id/SWITCH_N_EXT_BSCAN.bscan_inst/SERIES7_BSCAN.bscan_inst/TCK
                         net (fo=1, routed)           2.858     7.158    dbg_hub/inst/BSCANID.u_xsdbm_id/tck_bs
    SLR Crossing[1->2]   
    BUFGCE_X1Y288        BUFGCE (Prop_BUFCE_BUFGCE_I_O)
                                                      0.019     7.177 r  dbg_hub/inst/BSCANID.u_xsdbm_id/SWITCH_N_EXT_BSCAN.u_bufg_icon_tck/O
    X4Y10 (CLOCK_ROOT)   net (fo=494, routed)         1.383     8.560    dbg_hub/inst/BSCANID.u_xsdbm_id/CORE_XSDB.UUT_MASTER/U_ICON_INTERFACE/U_CMD6_RD/U_RD_FIFO/SUBCORE_FIFO.xsdbm_v3_0_0_rdfifo_inst/inst_fifo_gen/gconvfifo.rf/grf.rf/gntv_or_sync_fifo.gcx.clkx/gnxpm_cdc.gsync_stage[1].rd_stg_inst/rd_clk
    SLICE_X118Y780       FDCE                                         r  dbg_hub/inst/BSCANID.u_xsdbm_id/CORE_XSDB.UUT_MASTER/U_ICON_INTERFACE/U_CMD6_RD/U_RD_FIFO/SUBCORE_FIFO.xsdbm_v3_0_0_rdfifo_inst/inst_fifo_gen/gconvfifo.rf/grf.rf/gntv_or_sync_fifo.gcx.clkx/gnxpm_cdc.gsync_stage[1].rd_stg_inst/Q_reg_reg[2]/C





--------------------------------------------------------------------------------------
Path Group:  (none)
From Clock:  clk_50_clkwiz
  To Clock:  mmcm_clkout0

Max Delay             4 Endpoints
Min Delay           716 Endpoints
--------------------------------------------------------------------------------------


Max Delay Paths
--------------------------------------------------------------------------------------
Slack:                    inf
  Source:                 sys_rst_reg/C
                            (rising edge-triggered cell FDPE clocked by clk_50_clkwiz  {rise@0.000ns fall@10.000ns period=20.000ns})
  Destination:            i_dram_wrapper/i_ui_por/i_rstgen_bypass/synch_regs_q_reg[0]/CLR
                            (recovery check against rising-edge clock mmcm_clkout0  {rise@0.000ns fall@1.667ns period=3.333ns})
  Path Group:             (none)
  Path Type:              Recovery (Max at Slow Process Corner)
  Data Path Delay:        0.439ns  (logic 0.081ns (18.451%)  route 0.358ns (81.549%))
  Logic Levels:           0  
  Clock Path Skew:        -1.627ns (DCD - SCD + CPR)
    Destination Clock Delay (DCD):    4.459ns
    Source Clock Delay      (SCD):    6.087ns
    Clock Pessimism Removal (CPR):    0.000ns
  Clock Uncertainty:      0.290ns  ((TSJ^2 + DJ^2)^1/2) / 2 + PE
    Total System Jitter     (TSJ):    0.071ns
    Discrete Jitter          (DJ):    0.227ns
    Phase Error              (PE):    0.171ns
  Clock Net Delay (Source):      3.863ns (routing 1.870ns, distribution 1.993ns)
  Clock Net Delay (Destination): 1.871ns (routing 0.777ns, distribution 1.094ns)
  Timing Exception:       False Path

    Location             Delay type                Incr(ns)  Path(ns)    Netlist Resource(s)
  -------------------------------------------------------------------    -------------------
                         (clock clk_50_clkwiz rise edge)
                                                      0.000     0.000 r  
    E12                                               0.000     0.000 r  sys_clk_p (IN)
                         net (fo=0)                   0.000     0.000    i_bufds_sys_clk/I
    HPIOBDIFFINBUF_X1Y300
                         DIFFINBUF (Prop_DIFFINBUF_HPIOBDIFFINBUF_DIFF_IN_P_O)
                                                      0.675     0.675 r  i_bufds_sys_clk/DIFFINBUF_INST/O
                         net (fo=1, routed)           0.050     0.725    i_bufds_sys_clk/OUT
    E12                  IBUFCTRL (Prop_IBUFCTRL_HPIOB_M_I_O)
                                                      0.000     0.725 r  i_bufds_sys_clk/IBUFCTRL_INST/O
                         net (fo=1, routed)           0.335     1.060    sys_clk
    BUFGCE_X1Y289        BUFGCE (Prop_BUFCE_BUFGCE_I_O)
                                                      0.028     1.088 r  sys_clk_BUFGCE_inst/O
                         net (fo=19, routed)          0.991     2.079    i_clkwiz/inst/clk_in1
    MMCM_X1Y11           MMCME4_ADV (Prop_MMCM_CLKIN1_CLKOUT0)
                                                     -0.127     1.952 r  i_clkwiz/inst/mmcme4_adv_inst/CLKOUT0
                         net (fo=1, routed)           0.244     2.196    i_clkwiz/inst/clk_50_clkwiz
    BUFGCE_X1Y266        BUFGCE (Prop_BUFCE_BUFGCE_I_O)
                                                      0.028     2.224 r  i_clkwiz/inst/clkout1_buf/O
    X2Y7 (CLOCK_ROOT)    net (fo=198306, routed)      3.863     6.087    soc_clk
    SLICE_X115Y762       FDPE                                         r  sys_rst_reg/C
  -------------------------------------------------------------------    -------------------
    SLICE_X115Y762       FDPE (Prop_AFF2_SLICEL_C_Q)
                                                      0.081     6.168 f  sys_rst_reg/Q
                         net (fo=7, routed)           0.358     6.526    i_dram_wrapper/i_ui_por/i_rstgen_bypass/rst_test_mode_ni
    SLICE_X120Y760       FDCE                                         f  i_dram_wrapper/i_ui_por/i_rstgen_bypass/synch_regs_q_reg[0]/CLR
  -------------------------------------------------------------------    -------------------

                         (clock mmcm_clkout0 rise edge)
                                                      0.000     0.000 r  
    E12                                               0.000     0.000 r  sys_clk_p (IN)
                         net (fo=0)                   0.000     0.000    i_bufds_sys_clk/I
    HPIOBDIFFINBUF_X1Y300
                         DIFFINBUF (Prop_DIFFINBUF_HPIOBDIFFINBUF_DIFF_IN_P_O)
                                                      0.564     0.564 r  i_bufds_sys_clk/DIFFINBUF_INST/O
                         net (fo=1, routed)           0.040     0.604    i_bufds_sys_clk/OUT
    E12                  IBUFCTRL (Prop_IBUFCTRL_HPIOB_M_I_O)
                                                      0.000     0.604 r  i_bufds_sys_clk/IBUFCTRL_INST/O
                         net (fo=1, routed)           0.297     0.901    sys_clk
    BUFGCE_X1Y289        BUFGCE (Prop_BUFCE_BUFGCE_I_O)
                                                      0.024     0.925 r  sys_clk_BUFGCE_inst/O
                         net (fo=19, routed)          0.795     1.720    i_dram_wrapper/i_dram/inst/u_ddr4_infrastructure/mmcm_clk_in
    MMCM_X1Y13           MMCME4_ADV (Prop_MMCM_CLKIN1_CLKOUT0)
                                                      0.630     2.350 r  i_dram_wrapper/i_dram/inst/u_ddr4_infrastructure/gen_mmcme4.u_mmcme_adv_inst/CLKOUT0
                         net (fo=1, routed)           0.214     2.564    i_dram_wrapper/i_dram/inst/u_ddr4_infrastructure/mmcm_clkout0
    BUFGCE_X1Y332        BUFGCE (Prop_BUFCE_BUFGCE_I_O)
                                                      0.024     2.588 r  i_dram_wrapper/i_dram/inst/u_ddr4_infrastructure/u_bufg_divClk/O
    X4Y12 (CLOCK_ROOT)   net (fo=36893, routed)       1.871     4.459    i_dram_wrapper/i_ui_por/i_rstgen_bypass/clk_i
    SLICE_X120Y760       FDCE                                         r  i_dram_wrapper/i_ui_por/i_rstgen_bypass/synch_regs_q_reg[0]/C





Min Delay Paths
--------------------------------------------------------------------------------------
Slack:                    inf
  Source:                 i_dram_wrapper/gen_cdc.i_axi_cdc_mig/i_axi_cdc_src/i_cdc_fifo_gray_src_w/gen_fpga_write.gen_slice[6].gen_word[29].word_q_reg[19]/C
                            (rising edge-triggered cell FDCE clocked by clk_50_clkwiz  {rise@0.000ns fall@10.000ns period=20.000ns})
  Destination:            i_dram_wrapper/gen_cdc.i_axi_cdc_mig/i_axi_cdc_dst/i_cdc_fifo_gray_dst_w/i_spill_register/spill_register_flushable_i/gen_spill_reg.a_data_q_reg[data][336]/D
                            (rising edge-triggered cell FDCE clocked by mmcm_clkout0  {rise@0.000ns fall@1.667ns period=3.333ns})
  Path Group:             (none)
  Path Type:              Hold (Min at Fast Process Corner)
  Data Path Delay:        0.166ns  (logic 0.083ns (50.000%)  route 0.083ns (50.000%))
  Logic Levels:           2  (LUT4=1 LUT6=1)
  Clock Path Skew:        -0.850ns (DCD - SCD - CPR)
    Destination Clock Delay (DCD):    2.617ns
    Source Clock Delay      (SCD):    3.466ns
    Clock Pessimism Removal (CPR):    -0.000ns
  Clock Uncertainty:      0.290ns  ((TSJ^2 + DJ^2)^1/2) / 2 + PE
    Total System Jitter     (TSJ):    0.071ns
    Discrete Jitter          (DJ):    0.227ns
    Phase Error              (PE):    0.171ns
  Clock Net Delay (Source):      1.975ns (routing 1.022ns, distribution 0.953ns)
  Clock Net Delay (Destination): 1.463ns (routing 0.521ns, distribution 0.942ns)
  Timing Exception:       False Path

    Location             Delay type                Incr(ns)  Path(ns)    Netlist Resource(s)
  -------------------------------------------------------------------    -------------------
                         (clock clk_50_clkwiz rise edge)
                                                      0.000     0.000 r  
    E12                                               0.000     0.000 r  sys_clk_p (IN)
                         net (fo=0)                   0.000     0.000    i_bufds_sys_clk/I
    HPIOBDIFFINBUF_X1Y300
                         DIFFINBUF (Prop_DIFFINBUF_HPIOBDIFFINBUF_DIFF_IN_P_O)
                                                      0.340     0.340 r  i_bufds_sys_clk/DIFFINBUF_INST/O
                         net (fo=1, routed)           0.040     0.380    i_bufds_sys_clk/OUT
    E12                  IBUFCTRL (Prop_IBUFCTRL_HPIOB_M_I_O)
                                                      0.000     0.380 r  i_bufds_sys_clk/IBUFCTRL_INST/O
                         net (fo=1, routed)           0.150     0.530    sys_clk
    BUFGCE_X1Y289        BUFGCE (Prop_BUFCE_BUFGCE_I_O)
                                                      0.017     0.547 r  sys_clk_BUFGCE_inst/O
                         net (fo=19, routed)          0.552     1.099    i_clkwiz/inst/clk_in1
    MMCM_X1Y11           MMCME4_ADV (Prop_MMCM_CLKIN1_CLKOUT0)
                                                      0.230     1.329 r  i_clkwiz/inst/mmcme4_adv_inst/CLKOUT0
                         net (fo=1, routed)           0.145     1.474    i_clkwiz/inst/clk_50_clkwiz
    BUFGCE_X1Y266        BUFGCE (Prop_BUFCE_BUFGCE_I_O)
                                                      0.017     1.491 r  i_clkwiz/inst/clkout1_buf/O
    X2Y7 (CLOCK_ROOT)    net (fo=198306, routed)      1.975     3.466    i_dram_wrapper/gen_cdc.i_axi_cdc_mig/i_axi_cdc_src/i_cdc_fifo_gray_src_w/src_clk_i
    SLICE_X85Y692        FDCE                                         r  i_dram_wrapper/gen_cdc.i_axi_cdc_mig/i_axi_cdc_src/i_cdc_fifo_gray_src_w/gen_fpga_write.gen_slice[6].gen_word[29].word_q_reg[19]/C
  -------------------------------------------------------------------    -------------------
    SLICE_X85Y692        FDCE (Prop_HFF_SLICEL_C_Q)
                                                      0.039     3.505 r  i_dram_wrapper/gen_cdc.i_axi_cdc_mig/i_axi_cdc_src/i_cdc_fifo_gray_src_w/gen_fpga_write.gen_slice[6].gen_word[29].word_q_reg[19]/Q
                         net (fo=1, routed)           0.023     3.528    i_dram_wrapper/gen_cdc.i_axi_cdc_mig/i_axi_cdc_dst/i_cdc_fifo_gray_dst_w/async_data_i[29][data][336]
    SLICE_X85Y692        LUT6 (Prop_G6LUT_SLICEL_I2_O)
                                                      0.022     3.550 r  i_dram_wrapper/gen_cdc.i_axi_cdc_mig/i_axi_cdc_dst/i_cdc_fifo_gray_dst_w/i_spill_register_i_1282/O
                         net (fo=1, routed)           0.044     3.594    i_dram_wrapper/gen_cdc.i_axi_cdc_mig/i_axi_cdc_dst/i_cdc_fifo_gray_dst_w/i_spill_register_i_1282_n_0
    SLICE_X85Y692        LUT4 (Prop_D6LUT_SLICEL_I1_O)
                                                      0.022     3.616 r  i_dram_wrapper/gen_cdc.i_axi_cdc_mig/i_axi_cdc_dst/i_cdc_fifo_gray_dst_w/i_spill_register_i_177/O
                         net (fo=1, routed)           0.016     3.632    i_dram_wrapper/gen_cdc.i_axi_cdc_mig/i_axi_cdc_dst/i_cdc_fifo_gray_dst_w/i_spill_register/spill_register_flushable_i/data_i[data][336]
    SLICE_X85Y692        FDCE                                         r  i_dram_wrapper/gen_cdc.i_axi_cdc_mig/i_axi_cdc_dst/i_cdc_fifo_gray_dst_w/i_spill_register/spill_register_flushable_i/gen_spill_reg.a_data_q_reg[data][336]/D
  -------------------------------------------------------------------    -------------------

                         (clock mmcm_clkout0 rise edge)
                                                      0.000     0.000 r  
    E12                                               0.000     0.000 r  sys_clk_p (IN)
                         net (fo=0)                   0.000     0.000    i_bufds_sys_clk/I
    HPIOBDIFFINBUF_X1Y300
                         DIFFINBUF (Prop_DIFFINBUF_HPIOBDIFFINBUF_DIFF_IN_P_O)
                                                      0.446     0.446 r  i_bufds_sys_clk/DIFFINBUF_INST/O
                         net (fo=1, routed)           0.050     0.496    i_bufds_sys_clk/OUT
    E12                  IBUFCTRL (Prop_IBUFCTRL_HPIOB_M_I_O)
                                                      0.000     0.496 r  i_bufds_sys_clk/IBUFCTRL_INST/O
                         net (fo=1, routed)           0.183     0.679    sys_clk
    BUFGCE_X1Y289        BUFGCE (Prop_BUFCE_BUFGCE_I_O)
                                                      0.019     0.698 r  sys_clk_BUFGCE_inst/O
                         net (fo=19, routed)          0.567     1.265    i_dram_wrapper/i_dram/inst/u_ddr4_infrastructure/mmcm_clk_in
    MMCM_X1Y13           MMCME4_ADV (Prop_MMCM_CLKIN1_CLKOUT0)
                                                     -0.295     0.970 r  i_dram_wrapper/i_dram/inst/u_ddr4_infrastructure/gen_mmcme4.u_mmcme_adv_inst/CLKOUT0
                         net (fo=1, routed)           0.165     1.135    i_dram_wrapper/i_dram/inst/u_ddr4_infrastructure/mmcm_clkout0
    BUFGCE_X1Y332        BUFGCE (Prop_BUFCE_BUFGCE_I_O)
                                                      0.019     1.154 r  i_dram_wrapper/i_dram/inst/u_ddr4_infrastructure/u_bufg_divClk/O
    X4Y12 (CLOCK_ROOT)   net (fo=36893, routed)       1.463     2.617    i_dram_wrapper/gen_cdc.i_axi_cdc_mig/i_axi_cdc_dst/i_cdc_fifo_gray_dst_w/i_spill_register/spill_register_flushable_i/clk_i
    SLICE_X85Y692        FDCE                                         r  i_dram_wrapper/gen_cdc.i_axi_cdc_mig/i_axi_cdc_dst/i_cdc_fifo_gray_dst_w/i_spill_register/spill_register_flushable_i/gen_spill_reg.a_data_q_reg[data][336]/C





--------------------------------------------------------------------------------------
Path Group:  (none)
From Clock:  mmcm_clkout0
  To Clock:  mmcm_clkout0

Max Delay             4 Endpoints
Min Delay             4 Endpoints
--------------------------------------------------------------------------------------


Max Delay Paths
--------------------------------------------------------------------------------------
Slack:                    inf
  Source:                 i_dram_wrapper/fabric_ready_o_reg/C
                            (rising edge-triggered cell FDCE clocked by mmcm_clkout0  {rise@0.000ns fall@1.667ns period=3.333ns})
  Destination:            i_dram_wrapper/i_ui_rstgen/i_rstgen_bypass/synch_regs_q_reg[0]/CLR
                            (recovery check against rising-edge clock mmcm_clkout0  {rise@0.000ns fall@1.667ns period=3.333ns})
  Path Group:             (none)
  Path Type:              Recovery (Max at Slow Process Corner)
  Data Path Delay:        0.697ns  (logic 0.081ns (11.621%)  route 0.616ns (88.379%))
  Logic Levels:           0  
  Clock Path Skew:        0.246ns (DCD - SCD + CPR)
    Destination Clock Delay (DCD):    4.479ns
    Source Clock Delay      (SCD):    4.234ns
    Clock Pessimism Removal (CPR):    0.000ns
  Clock Uncertainty:      0.052ns  ((TSJ^2 + DJ^2)^1/2) / 2 + PE
    Total System Jitter     (TSJ):    0.071ns
    Discrete Jitter          (DJ):    0.076ns
    Phase Error              (PE):    0.000ns
  Clock Net Delay (Source):      2.100ns (routing 0.854ns, distribution 1.246ns)
  Clock Net Delay (Destination): 1.891ns (routing 0.777ns, distribution 1.114ns)
  Timing Exception:       False Path

    Location             Delay type                Incr(ns)  Path(ns)    Netlist Resource(s)
  -------------------------------------------------------------------    -------------------
                         (clock mmcm_clkout0 rise edge)
                                                      0.000     0.000 r  
    E12                                               0.000     0.000 r  sys_clk_p (IN)
                         net (fo=0)                   0.000     0.000    i_bufds_sys_clk/I
    HPIOBDIFFINBUF_X1Y300
                         DIFFINBUF (Prop_DIFFINBUF_HPIOBDIFFINBUF_DIFF_IN_P_O)
                                                      0.675     0.675 r  i_bufds_sys_clk/DIFFINBUF_INST/O
                         net (fo=1, routed)           0.050     0.725    i_bufds_sys_clk/OUT
    E12                  IBUFCTRL (Prop_IBUFCTRL_HPIOB_M_I_O)
                                                      0.000     0.725 r  i_bufds_sys_clk/IBUFCTRL_INST/O
                         net (fo=1, routed)           0.335     1.060    sys_clk
    BUFGCE_X1Y289        BUFGCE (Prop_BUFCE_BUFGCE_I_O)
                                                      0.028     1.088 r  sys_clk_BUFGCE_inst/O
                         net (fo=19, routed)          0.901     1.989    i_dram_wrapper/i_dram/inst/u_ddr4_infrastructure/mmcm_clk_in
    MMCM_X1Y13           MMCME4_ADV (Prop_MMCM_CLKIN1_CLKOUT0)
                                                     -0.127     1.862 r  i_dram_wrapper/i_dram/inst/u_ddr4_infrastructure/gen_mmcme4.u_mmcme_adv_inst/CLKOUT0
                         net (fo=1, routed)           0.244     2.106    i_dram_wrapper/i_dram/inst/u_ddr4_infrastructure/mmcm_clkout0
    BUFGCE_X1Y332        BUFGCE (Prop_BUFCE_BUFGCE_I_O)
                                                      0.028     2.134 r  i_dram_wrapper/i_dram/inst/u_ddr4_infrastructure/u_bufg_divClk/O
    X4Y12 (CLOCK_ROOT)   net (fo=36893, routed)       2.100     4.234    i_dram_wrapper/dram_axi_clk
    SLICE_X120Y759       FDCE                                         r  i_dram_wrapper/fabric_ready_o_reg/C
  -------------------------------------------------------------------    -------------------
    SLICE_X120Y759       FDCE (Prop_DFF2_SLICEL_C_Q)
                                                      0.081     4.315 r  i_dram_wrapper/fabric_ready_o_reg/Q
                         net (fo=9, routed)           0.616     4.931    i_dram_wrapper/i_ui_rstgen/i_rstgen_bypass/rst_test_mode_ni
    SLICE_X112Y770       FDCE                                         f  i_dram_wrapper/i_ui_rstgen/i_rstgen_bypass/synch_regs_q_reg[0]/CLR  (IS_INVERTED)
  -------------------------------------------------------------------    -------------------

                         (clock mmcm_clkout0 rise edge)
                                                      0.000     0.000 r  
    E12                                               0.000     0.000 r  sys_clk_p (IN)
                         net (fo=0)                   0.000     0.000    i_bufds_sys_clk/I
    HPIOBDIFFINBUF_X1Y300
                         DIFFINBUF (Prop_DIFFINBUF_HPIOBDIFFINBUF_DIFF_IN_P_O)
                                                      0.564     0.564 r  i_bufds_sys_clk/DIFFINBUF_INST/O
                         net (fo=1, routed)           0.040     0.604    i_bufds_sys_clk/OUT
    E12                  IBUFCTRL (Prop_IBUFCTRL_HPIOB_M_I_O)
                                                      0.000     0.604 r  i_bufds_sys_clk/IBUFCTRL_INST/O
                         net (fo=1, routed)           0.297     0.901    sys_clk
    BUFGCE_X1Y289        BUFGCE (Prop_BUFCE_BUFGCE_I_O)
                                                      0.024     0.925 r  sys_clk_BUFGCE_inst/O
                         net (fo=19, routed)          0.795     1.720    i_dram_wrapper/i_dram/inst/u_ddr4_infrastructure/mmcm_clk_in
    MMCM_X1Y13           MMCME4_ADV (Prop_MMCM_CLKIN1_CLKOUT0)
                                                      0.630     2.350 r  i_dram_wrapper/i_dram/inst/u_ddr4_infrastructure/gen_mmcme4.u_mmcme_adv_inst/CLKOUT0
                         net (fo=1, routed)           0.214     2.564    i_dram_wrapper/i_dram/inst/u_ddr4_infrastructure/mmcm_clkout0
    BUFGCE_X1Y332        BUFGCE (Prop_BUFCE_BUFGCE_I_O)
                                                      0.024     2.588 r  i_dram_wrapper/i_dram/inst/u_ddr4_infrastructure/u_bufg_divClk/O
    X4Y12 (CLOCK_ROOT)   net (fo=36893, routed)       1.891     4.479    i_dram_wrapper/i_ui_rstgen/i_rstgen_bypass/clk_i
    SLICE_X112Y770       FDCE                                         r  i_dram_wrapper/i_ui_rstgen/i_rstgen_bypass/synch_regs_q_reg[0]/C





Min Delay Paths
--------------------------------------------------------------------------------------
Slack:                    inf
  Source:                 i_dram_wrapper/fabric_ready_o_reg/C
                            (rising edge-triggered cell FDCE clocked by mmcm_clkout0  {rise@0.000ns fall@1.667ns period=3.333ns})
  Destination:            i_dram_wrapper/i_ui_rstgen/i_rstgen_bypass/synch_regs_q_reg[0]/CLR
                            (removal check against rising-edge clock mmcm_clkout0  {rise@0.000ns fall@1.667ns period=3.333ns})
  Path Group:             (none)
  Path Type:              Removal (Min at Fast Process Corner)
  Data Path Delay:        0.341ns  (logic 0.041ns (12.023%)  route 0.300ns (87.977%))
  Logic Levels:           0  
  Clock Path Skew:        -0.136ns (DCD - SCD - CPR)
    Destination Clock Delay (DCD):    2.459ns
    Source Clock Delay      (SCD):    2.594ns
    Clock Pessimism Removal (CPR):    -0.000ns
  Clock Uncertainty:      0.052ns  ((TSJ^2 + DJ^2)^1/2) / 2 + PE
    Total System Jitter     (TSJ):    0.071ns
    Discrete Jitter          (DJ):    0.076ns
    Phase Error              (PE):    0.000ns
  Clock Net Delay (Source):      1.151ns (routing 0.468ns, distribution 0.683ns)
  Clock Net Delay (Destination): 1.305ns (routing 0.521ns, distribution 0.784ns)
  Timing Exception:       False Path

    Location             Delay type                Incr(ns)  Path(ns)    Netlist Resource(s)
  -------------------------------------------------------------------    -------------------
                         (clock mmcm_clkout0 rise edge)
                                                      0.000     0.000 r  
    E12                                               0.000     0.000 r  sys_clk_p (IN)
                         net (fo=0)                   0.000     0.000    i_bufds_sys_clk/I
    HPIOBDIFFINBUF_X1Y300
                         DIFFINBUF (Prop_DIFFINBUF_HPIOBDIFFINBUF_DIFF_IN_P_O)
                                                      0.340     0.340 r  i_bufds_sys_clk/DIFFINBUF_INST/O
                         net (fo=1, routed)           0.040     0.380    i_bufds_sys_clk/OUT
    E12                  IBUFCTRL (Prop_IBUFCTRL_HPIOB_M_I_O)
                                                      0.000     0.380 r  i_bufds_sys_clk/IBUFCTRL_INST/O
                         net (fo=1, routed)           0.150     0.530    sys_clk
    BUFGCE_X1Y289        BUFGCE (Prop_BUFCE_BUFGCE_I_O)
                                                      0.017     0.547 r  sys_clk_BUFGCE_inst/O
                         net (fo=19, routed)          0.504     1.051    i_dram_wrapper/i_dram/inst/u_ddr4_infrastructure/mmcm_clk_in
    MMCM_X1Y13           MMCME4_ADV (Prop_MMCM_CLKIN1_CLKOUT0)
                                                      0.230     1.281 r  i_dram_wrapper/i_dram/inst/u_ddr4_infrastructure/gen_mmcme4.u_mmcme_adv_inst/CLKOUT0
                         net (fo=1, routed)           0.145     1.426    i_dram_wrapper/i_dram/inst/u_ddr4_infrastructure/mmcm_clkout0
    BUFGCE_X1Y332        BUFGCE (Prop_BUFCE_BUFGCE_I_O)
                                                      0.017     1.443 r  i_dram_wrapper/i_dram/inst/u_ddr4_infrastructure/u_bufg_divClk/O
    X4Y12 (CLOCK_ROOT)   net (fo=36893, routed)       1.151     2.594    i_dram_wrapper/dram_axi_clk
    SLICE_X120Y759       FDCE                                         r  i_dram_wrapper/fabric_ready_o_reg/C
  -------------------------------------------------------------------    -------------------
    SLICE_X120Y759       FDCE (Prop_DFF2_SLICEL_C_Q)
                                                      0.041     2.635 r  i_dram_wrapper/fabric_ready_o_reg/Q
                         net (fo=9, routed)           0.300     2.935    i_dram_wrapper/i_ui_rstgen/i_rstgen_bypass/rst_test_mode_ni
    SLICE_X112Y770       FDCE                                         f  i_dram_wrapper/i_ui_rstgen/i_rstgen_bypass/synch_regs_q_reg[0]/CLR  (IS_INVERTED)
  -------------------------------------------------------------------    -------------------

                         (clock mmcm_clkout0 rise edge)
                                                      0.000     0.000 r  
    E12                                               0.000     0.000 r  sys_clk_p (IN)
                         net (fo=0)                   0.000     0.000    i_bufds_sys_clk/I
    HPIOBDIFFINBUF_X1Y300
                         DIFFINBUF (Prop_DIFFINBUF_HPIOBDIFFINBUF_DIFF_IN_P_O)
                                                      0.446     0.446 r  i_bufds_sys_clk/DIFFINBUF_INST/O
                         net (fo=1, routed)           0.050     0.496    i_bufds_sys_clk/OUT
    E12                  IBUFCTRL (Prop_IBUFCTRL_HPIOB_M_I_O)
                                                      0.000     0.496 r  i_bufds_sys_clk/IBUFCTRL_INST/O
                         net (fo=1, routed)           0.183     0.679    sys_clk
    BUFGCE_X1Y289        BUFGCE (Prop_BUFCE_BUFGCE_I_O)
                                                      0.019     0.698 r  sys_clk_BUFGCE_inst/O
                         net (fo=19, routed)          0.567     1.265    i_dram_wrapper/i_dram/inst/u_ddr4_infrastructure/mmcm_clk_in
    MMCM_X1Y13           MMCME4_ADV (Prop_MMCM_CLKIN1_CLKOUT0)
                                                     -0.295     0.970 r  i_dram_wrapper/i_dram/inst/u_ddr4_infrastructure/gen_mmcme4.u_mmcme_adv_inst/CLKOUT0
                         net (fo=1, routed)           0.165     1.135    i_dram_wrapper/i_dram/inst/u_ddr4_infrastructure/mmcm_clkout0
    BUFGCE_X1Y332        BUFGCE (Prop_BUFCE_BUFGCE_I_O)
                                                      0.019     1.154 r  i_dram_wrapper/i_dram/inst/u_ddr4_infrastructure/u_bufg_divClk/O
    X4Y12 (CLOCK_ROOT)   net (fo=36893, routed)       1.305     2.459    i_dram_wrapper/i_ui_rstgen/i_rstgen_bypass/clk_i
    SLICE_X112Y770       FDCE                                         r  i_dram_wrapper/i_ui_rstgen/i_rstgen_bypass/synch_regs_q_reg[0]/C





--------------------------------------------------------------------------------------
Path Group:  (none)
From Clock:  mmcm_clkout6
  To Clock:  mmcm_clkout0

Max Delay             0 Endpoints
Min Delay           129 Endpoints
--------------------------------------------------------------------------------------


Min Delay Paths
--------------------------------------------------------------------------------------
Slack:                    inf
  Source:                 i_dram_wrapper/i_dram/inst/u_ddr4_mem_intfc/u_ddr_cal_riu/io_write_data_riuclk_reg[18]/C
                            (rising edge-triggered cell FDRE clocked by mmcm_clkout6  {rise@0.000ns fall@3.333ns period=6.667ns})
  Destination:            i_dram_wrapper/i_dram/inst/u_ddr4_mem_intfc/u_io_write_data_sync/SYNC[18].sync_reg_reg[0]/D
                            (rising edge-triggered cell FDRE clocked by mmcm_clkout0  {rise@0.000ns fall@1.667ns period=3.333ns})
  Path Group:             (none)
  Path Type:              Hold (Min at Fast Process Corner)
  Data Path Delay:        0.114ns  (logic 0.039ns (34.211%)  route 0.075ns (65.790%))
  Logic Levels:           0  
  Clock Path Skew:        -0.148ns (DCD - SCD - CPR)
    Destination Clock Delay (DCD):    2.426ns
    Source Clock Delay      (SCD):    2.573ns
    Clock Pessimism Removal (CPR):    -0.000ns
  Clock Uncertainty:      0.176ns  ((TSJ^2 + DJ^2)^1/2) / 2 + PE
    Total System Jitter     (TSJ):    0.071ns
    Discrete Jitter          (DJ):    0.087ns
    Phase Error              (PE):    0.120ns
  Clock Net Delay (Source):      1.120ns (routing 0.457ns, distribution 0.663ns)
  Clock Net Delay (Destination): 1.272ns (routing 0.521ns, distribution 0.751ns)
  Timing Exception:       False Path

    Location             Delay type                Incr(ns)  Path(ns)    Netlist Resource(s)
  -------------------------------------------------------------------    -------------------
                         (clock mmcm_clkout6 rise edge)
                                                      0.000     0.000 r  
    E12                                               0.000     0.000 r  sys_clk_p (IN)
                         net (fo=0)                   0.000     0.000    i_bufds_sys_clk/I
    HPIOBDIFFINBUF_X1Y300
                         DIFFINBUF (Prop_DIFFINBUF_HPIOBDIFFINBUF_DIFF_IN_P_O)
                                                      0.340     0.340 r  i_bufds_sys_clk/DIFFINBUF_INST/O
                         net (fo=1, routed)           0.040     0.380    i_bufds_sys_clk/OUT
    E12                  IBUFCTRL (Prop_IBUFCTRL_HPIOB_M_I_O)
                                                      0.000     0.380 r  i_bufds_sys_clk/IBUFCTRL_INST/O
                         net (fo=1, routed)           0.150     0.530    sys_clk
    BUFGCE_X1Y289        BUFGCE (Prop_BUFCE_BUFGCE_I_O)
                                                      0.017     0.547 r  sys_clk_BUFGCE_inst/O
                         net (fo=19, routed)          0.504     1.051    i_dram_wrapper/i_dram/inst/u_ddr4_infrastructure/mmcm_clk_in
    MMCM_X1Y13           MMCME4_ADV (Prop_MMCM_CLKIN1_CLKOUT6)
                                                      0.230     1.281 r  i_dram_wrapper/i_dram/inst/u_ddr4_infrastructure/gen_mmcme4.u_mmcme_adv_inst/CLKOUT6
                         net (fo=1, routed)           0.155     1.436    i_dram_wrapper/i_dram/inst/u_ddr4_infrastructure/mmcm_clkout6
    BUFGCE_X1Y326        BUFGCE (Prop_BUFCE_BUFGCE_I_O)
                                                      0.017     1.453 r  i_dram_wrapper/i_dram/inst/u_ddr4_infrastructure/u_bufg_riuClk/O
    X4Y12 (CLOCK_ROOT)   net (fo=1746, routed)        1.120     2.573    i_dram_wrapper/i_dram/inst/u_ddr4_mem_intfc/u_ddr_cal_riu/CLK
    SLICE_X136Y810       FDRE                                         r  i_dram_wrapper/i_dram/inst/u_ddr4_mem_intfc/u_ddr_cal_riu/io_write_data_riuclk_reg[18]/C
  -------------------------------------------------------------------    -------------------
    SLICE_X136Y810       FDRE (Prop_EFF_SLICEL_C_Q)
                                                      0.039     2.612 r  i_dram_wrapper/i_dram/inst/u_ddr4_mem_intfc/u_ddr_cal_riu/io_write_data_riuclk_reg[18]/Q
                         net (fo=1, routed)           0.075     2.687    i_dram_wrapper/i_dram/inst/u_ddr4_mem_intfc/u_io_write_data_sync/SYNC[31].sync_reg_reg[0]_0[18]
    SLICE_X136Y810       FDRE                                         r  i_dram_wrapper/i_dram/inst/u_ddr4_mem_intfc/u_io_write_data_sync/SYNC[18].sync_reg_reg[0]/D
  -------------------------------------------------------------------    -------------------

                         (clock mmcm_clkout0 rise edge)
                                                      0.000     0.000 r  
    E12                                               0.000     0.000 r  sys_clk_p (IN)
                         net (fo=0)                   0.000     0.000    i_bufds_sys_clk/I
    HPIOBDIFFINBUF_X1Y300
                         DIFFINBUF (Prop_DIFFINBUF_HPIOBDIFFINBUF_DIFF_IN_P_O)
                                                      0.446     0.446 r  i_bufds_sys_clk/DIFFINBUF_INST/O
                         net (fo=1, routed)           0.050     0.496    i_bufds_sys_clk/OUT
    E12                  IBUFCTRL (Prop_IBUFCTRL_HPIOB_M_I_O)
                                                      0.000     0.496 r  i_bufds_sys_clk/IBUFCTRL_INST/O
                         net (fo=1, routed)           0.183     0.679    sys_clk
    BUFGCE_X1Y289        BUFGCE (Prop_BUFCE_BUFGCE_I_O)
                                                      0.019     0.698 r  sys_clk_BUFGCE_inst/O
                         net (fo=19, routed)          0.567     1.265    i_dram_wrapper/i_dram/inst/u_ddr4_infrastructure/mmcm_clk_in
    MMCM_X1Y13           MMCME4_ADV (Prop_MMCM_CLKIN1_CLKOUT0)
                                                     -0.295     0.970 r  i_dram_wrapper/i_dram/inst/u_ddr4_infrastructure/gen_mmcme4.u_mmcme_adv_inst/CLKOUT0
                         net (fo=1, routed)           0.165     1.135    i_dram_wrapper/i_dram/inst/u_ddr4_infrastructure/mmcm_clkout0
    BUFGCE_X1Y332        BUFGCE (Prop_BUFCE_BUFGCE_I_O)
                                                      0.019     1.154 r  i_dram_wrapper/i_dram/inst/u_ddr4_infrastructure/u_bufg_divClk/O
    X4Y12 (CLOCK_ROOT)   net (fo=36893, routed)       1.272     2.426    i_dram_wrapper/i_dram/inst/u_ddr4_mem_intfc/u_io_write_data_sync/SYNC[31].sync_reg_reg[1]_1
    SLICE_X136Y810       FDRE                                         r  i_dram_wrapper/i_dram/inst/u_ddr4_mem_intfc/u_io_write_data_sync/SYNC[18].sync_reg_reg[0]/C





--------------------------------------------------------------------------------------
Path Group:  (none)
From Clock:  sys_clk
  To Clock:  mmcm_clkout0

Max Delay             1 Endpoint
Min Delay             1 Endpoint
--------------------------------------------------------------------------------------


Max Delay Paths
--------------------------------------------------------------------------------------
Slack:                    inf
  Source:                 i_dram_wrapper/i_dram/inst/u_ddr4_infrastructure/rst_async_riu_div_reg/C
                            (rising edge-triggered cell FDRE clocked by sys_clk  {rise@0.000ns fall@2.000ns period=4.000ns})
  Destination:            i_dram_wrapper/i_dram/inst/u_ddr4_infrastructure/rst_div_sync_r_reg[0]/D
                            (rising edge-triggered cell FDRE clocked by mmcm_clkout0  {rise@0.000ns fall@1.667ns period=3.333ns})
  Path Group:             (none)
  Path Type:              Setup (Max at Slow Process Corner)
  Data Path Delay:        0.301ns  (logic 0.080ns (26.578%)  route 0.221ns (73.422%))
  Logic Levels:           0  
  Clock Path Skew:        2.212ns (DCD - SCD + CPR)
    Destination Clock Delay (DCD):    4.436ns
    Source Clock Delay      (SCD):    2.225ns
    Clock Pessimism Removal (CPR):    0.000ns
  Clock Uncertainty:      0.125ns  ((TSJ^2 + DJ^2)^1/2) / 2 + PE
    Total System Jitter     (TSJ):    0.071ns
    Discrete Jitter          (DJ):    0.076ns
    Phase Error              (PE):    0.073ns
  Clock Net Delay (Source):      1.137ns (routing 0.171ns, distribution 0.966ns)
  Clock Net Delay (Destination): 1.848ns (routing 0.777ns, distribution 1.071ns)
  Timing Exception:       False Path

    Location             Delay type                Incr(ns)  Path(ns)    Netlist Resource(s)
  -------------------------------------------------------------------    -------------------
                         (clock sys_clk rise edge)    0.000     0.000 r  
    E12                                               0.000     0.000 r  sys_clk_p (IN)
                         net (fo=0)                   0.000     0.000    i_bufds_sys_clk/I
    HPIOBDIFFINBUF_X1Y300
                         DIFFINBUF (Prop_DIFFINBUF_HPIOBDIFFINBUF_DIFF_IN_P_O)
                                                      0.675     0.675 r  i_bufds_sys_clk/DIFFINBUF_INST/O
                         net (fo=1, routed)           0.050     0.725    i_bufds_sys_clk/OUT
    E12                  IBUFCTRL (Prop_IBUFCTRL_HPIOB_M_I_O)
                                                      0.000     0.725 r  i_bufds_sys_clk/IBUFCTRL_INST/O
                         net (fo=1, routed)           0.335     1.060    sys_clk
    BUFGCE_X1Y289        BUFGCE (Prop_BUFCE_BUFGCE_I_O)
                                                      0.028     1.088 r  sys_clk_BUFGCE_inst/O
    X4Y12 (CLOCK_ROOT)   net (fo=19, routed)          1.137     2.225    i_dram_wrapper/i_dram/inst/u_ddr4_infrastructure/sys_clk_in
    SLICE_X137Y804       FDRE                                         r  i_dram_wrapper/i_dram/inst/u_ddr4_infrastructure/rst_async_riu_div_reg/C
  -------------------------------------------------------------------    -------------------
    SLICE_X137Y804       FDRE (Prop_AFF2_SLICEM_C_Q)
                                                      0.080     2.305 r  i_dram_wrapper/i_dram/inst/u_ddr4_infrastructure/rst_async_riu_div_reg/Q
                         net (fo=2, routed)           0.221     2.526    i_dram_wrapper/i_dram/inst/u_ddr4_infrastructure/rst_async_riu_div
    SLICE_X137Y805       FDRE                                         r  i_dram_wrapper/i_dram/inst/u_ddr4_infrastructure/rst_div_sync_r_reg[0]/D
  -------------------------------------------------------------------    -------------------

                         (clock mmcm_clkout0 rise edge)
                                                      0.000     0.000 r  
    E12                                               0.000     0.000 r  sys_clk_p (IN)
                         net (fo=0)                   0.000     0.000    i_bufds_sys_clk/I
    HPIOBDIFFINBUF_X1Y300
                         DIFFINBUF (Prop_DIFFINBUF_HPIOBDIFFINBUF_DIFF_IN_P_O)
                                                      0.564     0.564 r  i_bufds_sys_clk/DIFFINBUF_INST/O
                         net (fo=1, routed)           0.040     0.604    i_bufds_sys_clk/OUT
    E12                  IBUFCTRL (Prop_IBUFCTRL_HPIOB_M_I_O)
                                                      0.000     0.604 r  i_bufds_sys_clk/IBUFCTRL_INST/O
                         net (fo=1, routed)           0.297     0.901    sys_clk
    BUFGCE_X1Y289        BUFGCE (Prop_BUFCE_BUFGCE_I_O)
                                                      0.024     0.925 r  sys_clk_BUFGCE_inst/O
                         net (fo=19, routed)          0.795     1.720    i_dram_wrapper/i_dram/inst/u_ddr4_infrastructure/mmcm_clk_in
    MMCM_X1Y13           MMCME4_ADV (Prop_MMCM_CLKIN1_CLKOUT0)
                                                      0.630     2.350 r  i_dram_wrapper/i_dram/inst/u_ddr4_infrastructure/gen_mmcme4.u_mmcme_adv_inst/CLKOUT0
                         net (fo=1, routed)           0.214     2.564    i_dram_wrapper/i_dram/inst/u_ddr4_infrastructure/mmcm_clkout0
    BUFGCE_X1Y332        BUFGCE (Prop_BUFCE_BUFGCE_I_O)
                                                      0.024     2.588 r  i_dram_wrapper/i_dram/inst/u_ddr4_infrastructure/u_bufg_divClk/O
    X4Y12 (CLOCK_ROOT)   net (fo=36893, routed)       1.848     4.436    i_dram_wrapper/i_dram/inst/u_ddr4_infrastructure/input_rst_mmcm_reg_0
    SLICE_X137Y805       FDRE                                         r  i_dram_wrapper/i_dram/inst/u_ddr4_infrastructure/rst_div_sync_r_reg[0]/C





Min Delay Paths
--------------------------------------------------------------------------------------
Slack:                    inf
  Source:                 i_dram_wrapper/i_dram/inst/u_ddr4_infrastructure/rst_async_riu_div_reg/C
                            (rising edge-triggered cell FDRE clocked by sys_clk  {rise@0.000ns fall@2.000ns period=4.000ns})
  Destination:            i_dram_wrapper/i_dram/inst/u_ddr4_infrastructure/rst_div_sync_r_reg[0]/D
                            (rising edge-triggered cell FDRE clocked by mmcm_clkout0  {rise@0.000ns fall@1.667ns period=3.333ns})
  Path Group:             (none)
  Path Type:              Hold (Min at Fast Process Corner)
  Data Path Delay:        0.128ns  (logic 0.039ns (30.469%)  route 0.089ns (69.531%))
  Logic Levels:           0  
  Clock Path Skew:        1.248ns (DCD - SCD - CPR)
    Destination Clock Delay (DCD):    2.434ns
    Source Clock Delay      (SCD):    1.185ns
    Clock Pessimism Removal (CPR):    -0.000ns
  Clock Uncertainty:      0.125ns  ((TSJ^2 + DJ^2)^1/2) / 2 + PE
    Total System Jitter     (TSJ):    0.071ns
    Discrete Jitter          (DJ):    0.076ns
    Phase Error              (PE):    0.073ns
  Clock Net Delay (Source):      0.638ns (routing 0.096ns, distribution 0.542ns)
  Clock Net Delay (Destination): 1.280ns (routing 0.521ns, distribution 0.759ns)
  Timing Exception:       False Path

    Location             Delay type                Incr(ns)  Path(ns)    Netlist Resource(s)
  -------------------------------------------------------------------    -------------------
                         (clock sys_clk rise edge)    0.000     0.000 r  
    E12                                               0.000     0.000 r  sys_clk_p (IN)
                         net (fo=0)                   0.000     0.000    i_bufds_sys_clk/I
    HPIOBDIFFINBUF_X1Y300
                         DIFFINBUF (Prop_DIFFINBUF_HPIOBDIFFINBUF_DIFF_IN_P_O)
                                                      0.340     0.340 r  i_bufds_sys_clk/DIFFINBUF_INST/O
                         net (fo=1, routed)           0.040     0.380    i_bufds_sys_clk/OUT
    E12                  IBUFCTRL (Prop_IBUFCTRL_HPIOB_M_I_O)
                                                      0.000     0.380 r  i_bufds_sys_clk/IBUFCTRL_INST/O
                         net (fo=1, routed)           0.150     0.530    sys_clk
    BUFGCE_X1Y289        BUFGCE (Prop_BUFCE_BUFGCE_I_O)
                                                      0.017     0.547 r  sys_clk_BUFGCE_inst/O
    X4Y12 (CLOCK_ROOT)   net (fo=19, routed)          0.638     1.185    i_dram_wrapper/i_dram/inst/u_ddr4_infrastructure/sys_clk_in
    SLICE_X137Y804       FDRE                                         r  i_dram_wrapper/i_dram/inst/u_ddr4_infrastructure/rst_async_riu_div_reg/C
  -------------------------------------------------------------------    -------------------
    SLICE_X137Y804       FDRE (Prop_AFF2_SLICEM_C_Q)
                                                      0.039     1.224 r  i_dram_wrapper/i_dram/inst/u_ddr4_infrastructure/rst_async_riu_div_reg/Q
                         net (fo=2, routed)           0.089     1.313    i_dram_wrapper/i_dram/inst/u_ddr4_infrastructure/rst_async_riu_div
    SLICE_X137Y805       FDRE                                         r  i_dram_wrapper/i_dram/inst/u_ddr4_infrastructure/rst_div_sync_r_reg[0]/D
  -------------------------------------------------------------------    -------------------

                         (clock mmcm_clkout0 rise edge)
                                                      0.000     0.000 r  
    E12                                               0.000     0.000 r  sys_clk_p (IN)
                         net (fo=0)                   0.000     0.000    i_bufds_sys_clk/I
    HPIOBDIFFINBUF_X1Y300
                         DIFFINBUF (Prop_DIFFINBUF_HPIOBDIFFINBUF_DIFF_IN_P_O)
                                                      0.446     0.446 r  i_bufds_sys_clk/DIFFINBUF_INST/O
                         net (fo=1, routed)           0.050     0.496    i_bufds_sys_clk/OUT
    E12                  IBUFCTRL (Prop_IBUFCTRL_HPIOB_M_I_O)
                                                      0.000     0.496 r  i_bufds_sys_clk/IBUFCTRL_INST/O
                         net (fo=1, routed)           0.183     0.679    sys_clk
    BUFGCE_X1Y289        BUFGCE (Prop_BUFCE_BUFGCE_I_O)
                                                      0.019     0.698 r  sys_clk_BUFGCE_inst/O
                         net (fo=19, routed)          0.567     1.265    i_dram_wrapper/i_dram/inst/u_ddr4_infrastructure/mmcm_clk_in
    MMCM_X1Y13           MMCME4_ADV (Prop_MMCM_CLKIN1_CLKOUT0)
                                                     -0.295     0.970 r  i_dram_wrapper/i_dram/inst/u_ddr4_infrastructure/gen_mmcme4.u_mmcme_adv_inst/CLKOUT0
                         net (fo=1, routed)           0.165     1.135    i_dram_wrapper/i_dram/inst/u_ddr4_infrastructure/mmcm_clkout0
    BUFGCE_X1Y332        BUFGCE (Prop_BUFCE_BUFGCE_I_O)
                                                      0.019     1.154 r  i_dram_wrapper/i_dram/inst/u_ddr4_infrastructure/u_bufg_divClk/O
    X4Y12 (CLOCK_ROOT)   net (fo=36893, routed)       1.280     2.434    i_dram_wrapper/i_dram/inst/u_ddr4_infrastructure/input_rst_mmcm_reg_0
    SLICE_X137Y805       FDRE                                         r  i_dram_wrapper/i_dram/inst/u_ddr4_infrastructure/rst_div_sync_r_reg[0]/C





--------------------------------------------------------------------------------------
Path Group:  (none)
From Clock:  mmcm_clkout0
  To Clock:  mmcm_clkout6

Max Delay             0 Endpoints
Min Delay            35 Endpoints
--------------------------------------------------------------------------------------


Min Delay Paths
--------------------------------------------------------------------------------------
Slack:                    inf
  Source:                 i_dram_wrapper/i_dram/inst/u_ddr4_mem_intfc/rst_r1_reg/C
                            (rising edge-triggered cell FDRE clocked by mmcm_clkout0  {rise@0.000ns fall@1.667ns period=3.333ns})
  Destination:            i_dram_wrapper/i_dram/inst/u_ddr4_mem_intfc/u_fab_rst_sync/SYNC[0].sync_reg_reg[0]/D
                            (rising edge-triggered cell FDRE clocked by mmcm_clkout6  {rise@0.000ns fall@3.333ns period=6.667ns})
  Path Group:             (none)
  Path Type:              Hold (Min at Fast Process Corner)
  Data Path Delay:        0.094ns  (logic 0.039ns (41.489%)  route 0.055ns (58.511%))
  Logic Levels:           0  
  Clock Path Skew:        -0.147ns (DCD - SCD - CPR)
    Destination Clock Delay (DCD):    2.428ns
    Source Clock Delay      (SCD):    2.574ns
    Clock Pessimism Removal (CPR):    -0.000ns
  Clock Uncertainty:      0.176ns  ((TSJ^2 + DJ^2)^1/2) / 2 + PE
    Total System Jitter     (TSJ):    0.071ns
    Discrete Jitter          (DJ):    0.087ns
    Phase Error              (PE):    0.120ns
  Clock Net Delay (Source):      1.131ns (routing 0.468ns, distribution 0.663ns)
  Clock Net Delay (Destination): 1.263ns (routing 0.512ns, distribution 0.751ns)
  Timing Exception:       False Path

    Location             Delay type                Incr(ns)  Path(ns)    Netlist Resource(s)
  -------------------------------------------------------------------    -------------------
                         (clock mmcm_clkout0 rise edge)
                                                      0.000     0.000 r  
    E12                                               0.000     0.000 r  sys_clk_p (IN)
                         net (fo=0)                   0.000     0.000    i_bufds_sys_clk/I
    HPIOBDIFFINBUF_X1Y300
                         DIFFINBUF (Prop_DIFFINBUF_HPIOBDIFFINBUF_DIFF_IN_P_O)
                                                      0.340     0.340 r  i_bufds_sys_clk/DIFFINBUF_INST/O
                         net (fo=1, routed)           0.040     0.380    i_bufds_sys_clk/OUT
    E12                  IBUFCTRL (Prop_IBUFCTRL_HPIOB_M_I_O)
                                                      0.000     0.380 r  i_bufds_sys_clk/IBUFCTRL_INST/O
                         net (fo=1, routed)           0.150     0.530    sys_clk
    BUFGCE_X1Y289        BUFGCE (Prop_BUFCE_BUFGCE_I_O)
                                                      0.017     0.547 r  sys_clk_BUFGCE_inst/O
                         net (fo=19, routed)          0.504     1.051    i_dram_wrapper/i_dram/inst/u_ddr4_infrastructure/mmcm_clk_in
    MMCM_X1Y13           MMCME4_ADV (Prop_MMCM_CLKIN1_CLKOUT0)
                                                      0.230     1.281 r  i_dram_wrapper/i_dram/inst/u_ddr4_infrastructure/gen_mmcme4.u_mmcme_adv_inst/CLKOUT0
                         net (fo=1, routed)           0.145     1.426    i_dram_wrapper/i_dram/inst/u_ddr4_infrastructure/mmcm_clkout0
    BUFGCE_X1Y332        BUFGCE (Prop_BUFCE_BUFGCE_I_O)
                                                      0.017     1.443 r  i_dram_wrapper/i_dram/inst/u_ddr4_infrastructure/u_bufg_divClk/O
    X4Y12 (CLOCK_ROOT)   net (fo=36893, routed)       1.131     2.574    i_dram_wrapper/i_dram/inst/u_ddr4_mem_intfc/SYNC[18].sync_reg_reg[1]
    SLICE_X136Y810       FDRE                                         r  i_dram_wrapper/i_dram/inst/u_ddr4_mem_intfc/rst_r1_reg/C
  -------------------------------------------------------------------    -------------------
    SLICE_X136Y810       FDRE (Prop_AFF_SLICEL_C_Q)
                                                      0.039     2.613 r  i_dram_wrapper/i_dram/inst/u_ddr4_mem_intfc/rst_r1_reg/Q
                         net (fo=1, routed)           0.055     2.668    i_dram_wrapper/i_dram/inst/u_ddr4_mem_intfc/u_fab_rst_sync/D[0]
    SLICE_X136Y810       FDRE                                         r  i_dram_wrapper/i_dram/inst/u_ddr4_mem_intfc/u_fab_rst_sync/SYNC[0].sync_reg_reg[0]/D
  -------------------------------------------------------------------    -------------------

                         (clock mmcm_clkout6 rise edge)
                                                      0.000     0.000 r  
    E12                                               0.000     0.000 r  sys_clk_p (IN)
                         net (fo=0)                   0.000     0.000    i_bufds_sys_clk/I
    HPIOBDIFFINBUF_X1Y300
                         DIFFINBUF (Prop_DIFFINBUF_HPIOBDIFFINBUF_DIFF_IN_P_O)
                                                      0.446     0.446 r  i_bufds_sys_clk/DIFFINBUF_INST/O
                         net (fo=1, routed)           0.050     0.496    i_bufds_sys_clk/OUT
    E12                  IBUFCTRL (Prop_IBUFCTRL_HPIOB_M_I_O)
                                                      0.000     0.496 r  i_bufds_sys_clk/IBUFCTRL_INST/O
                         net (fo=1, routed)           0.183     0.679    sys_clk
    BUFGCE_X1Y289        BUFGCE (Prop_BUFCE_BUFGCE_I_O)
                                                      0.019     0.698 r  sys_clk_BUFGCE_inst/O
                         net (fo=19, routed)          0.567     1.265    i_dram_wrapper/i_dram/inst/u_ddr4_infrastructure/mmcm_clk_in
    MMCM_X1Y13           MMCME4_ADV (Prop_MMCM_CLKIN1_CLKOUT6)
                                                     -0.295     0.970 r  i_dram_wrapper/i_dram/inst/u_ddr4_infrastructure/gen_mmcme4.u_mmcme_adv_inst/CLKOUT6
                         net (fo=1, routed)           0.176     1.146    i_dram_wrapper/i_dram/inst/u_ddr4_infrastructure/mmcm_clkout6
    BUFGCE_X1Y326        BUFGCE (Prop_BUFCE_BUFGCE_I_O)
                                                      0.019     1.165 r  i_dram_wrapper/i_dram/inst/u_ddr4_infrastructure/u_bufg_riuClk/O
    X4Y12 (CLOCK_ROOT)   net (fo=1746, routed)        1.263     2.428    i_dram_wrapper/i_dram/inst/u_ddr4_mem_intfc/u_fab_rst_sync/CLK
    SLICE_X136Y810       FDRE                                         r  i_dram_wrapper/i_dram/inst/u_ddr4_mem_intfc/u_fab_rst_sync/SYNC[0].sync_reg_reg[0]/C





--------------------------------------------------------------------------------------
Path Group:  (none)
From Clock:  mmcm_clkout6
  To Clock:  mmcm_clkout6

Max Delay             2 Endpoints
Min Delay           486 Endpoints
--------------------------------------------------------------------------------------


Max Delay Paths
--------------------------------------------------------------------------------------
Slack:                    inf
  Source:                 i_dram_wrapper/i_dram/inst/u_ddr4_infrastructure/rst_mb_logic_r1_reg/C
                            (rising edge-triggered cell FDRE clocked by mmcm_clkout6  {rise@0.000ns fall@3.333ns period=6.667ns})
  Destination:            i_dram_wrapper/i_dram/inst/u_ddr4_mem_intfc/u_ddr_cal_riu/mcs0/inst/rst_0/U0/EXT_LPF/ACTIVE_HIGH_EXT.ACT_HI_EXT/GENERATE_LEVEL_P_S_CDC.SINGLE_BIT.CROSS_PLEVEL_IN2SCNDRY_IN_cdc_to/D
                            (rising edge-triggered cell FDRE clocked by mmcm_clkout6  {rise@0.000ns fall@3.333ns period=6.667ns})
  Path Group:             (none)
  Path Type:              Setup (Max at Slow Process Corner)
  Data Path Delay:        1.580ns  (logic 0.079ns (5.000%)  route 1.501ns (95.000%))
  Logic Levels:           0  
  Clock Path Skew:        0.253ns (DCD - SCD + CPR)
    Destination Clock Delay (DCD):    4.461ns
    Source Clock Delay      (SCD):    4.209ns
    Clock Pessimism Removal (CPR):    0.000ns
  Clock Uncertainty:      0.056ns  ((TSJ^2 + DJ^2)^1/2) / 2 + PE
    Total System Jitter     (TSJ):    0.071ns
    Discrete Jitter          (DJ):    0.087ns
    Phase Error              (PE):    0.000ns
  Clock Net Delay (Source):      2.058ns (routing 0.835ns, distribution 1.223ns)
  Clock Net Delay (Destination): 1.861ns (routing 0.758ns, distribution 1.103ns)
  Timing Exception:       False Path

    Location             Delay type                Incr(ns)  Path(ns)    Netlist Resource(s)
  -------------------------------------------------------------------    -------------------
                         (clock mmcm_clkout6 rise edge)
                                                      0.000     0.000 r  
    E12                                               0.000     0.000 r  sys_clk_p (IN)
                         net (fo=0)                   0.000     0.000    i_bufds_sys_clk/I
    HPIOBDIFFINBUF_X1Y300
                         DIFFINBUF (Prop_DIFFINBUF_HPIOBDIFFINBUF_DIFF_IN_P_O)
                                                      0.675     0.675 r  i_bufds_sys_clk/DIFFINBUF_INST/O
                         net (fo=1, routed)           0.050     0.725    i_bufds_sys_clk/OUT
    E12                  IBUFCTRL (Prop_IBUFCTRL_HPIOB_M_I_O)
                                                      0.000     0.725 r  i_bufds_sys_clk/IBUFCTRL_INST/O
                         net (fo=1, routed)           0.335     1.060    sys_clk
    BUFGCE_X1Y289        BUFGCE (Prop_BUFCE_BUFGCE_I_O)
                                                      0.028     1.088 r  sys_clk_BUFGCE_inst/O
                         net (fo=19, routed)          0.901     1.989    i_dram_wrapper/i_dram/inst/u_ddr4_infrastructure/mmcm_clk_in
    MMCM_X1Y13           MMCME4_ADV (Prop_MMCM_CLKIN1_CLKOUT6)
                                                     -0.127     1.862 r  i_dram_wrapper/i_dram/inst/u_ddr4_infrastructure/gen_mmcme4.u_mmcme_adv_inst/CLKOUT6
                         net (fo=1, routed)           0.261     2.123    i_dram_wrapper/i_dram/inst/u_ddr4_infrastructure/mmcm_clkout6
    BUFGCE_X1Y326        BUFGCE (Prop_BUFCE_BUFGCE_I_O)
                                                      0.028     2.151 r  i_dram_wrapper/i_dram/inst/u_ddr4_infrastructure/u_bufg_riuClk/O
    X4Y12 (CLOCK_ROOT)   net (fo=1746, routed)        2.058     4.209    i_dram_wrapper/i_dram/inst/u_ddr4_infrastructure/c0_riu_clk
    SLICE_X140Y807       FDRE                                         r  i_dram_wrapper/i_dram/inst/u_ddr4_infrastructure/rst_mb_logic_r1_reg/C
  -------------------------------------------------------------------    -------------------
    SLICE_X140Y807       FDRE (Prop_EFF_SLICEL_C_Q)
                                                      0.079     4.288 r  i_dram_wrapper/i_dram/inst/u_ddr4_infrastructure/rst_mb_logic_r1_reg/Q
                         net (fo=5, routed)           1.501     5.789    i_dram_wrapper/i_dram/inst/u_ddr4_mem_intfc/u_ddr_cal_riu/mcs0/inst/rst_0/U0/EXT_LPF/ACTIVE_HIGH_EXT.ACT_HI_EXT/ext_reset_in
    SLICE_X140Y849       FDRE                                         r  i_dram_wrapper/i_dram/inst/u_ddr4_mem_intfc/u_ddr_cal_riu/mcs0/inst/rst_0/U0/EXT_LPF/ACTIVE_HIGH_EXT.ACT_HI_EXT/GENERATE_LEVEL_P_S_CDC.SINGLE_BIT.CROSS_PLEVEL_IN2SCNDRY_IN_cdc_to/D
  -------------------------------------------------------------------    -------------------

                         (clock mmcm_clkout6 rise edge)
                                                      0.000     0.000 r  
    E12                                               0.000     0.000 r  sys_clk_p (IN)
                         net (fo=0)                   0.000     0.000    i_bufds_sys_clk/I
    HPIOBDIFFINBUF_X1Y300
                         DIFFINBUF (Prop_DIFFINBUF_HPIOBDIFFINBUF_DIFF_IN_P_O)
                                                      0.564     0.564 r  i_bufds_sys_clk/DIFFINBUF_INST/O
                         net (fo=1, routed)           0.040     0.604    i_bufds_sys_clk/OUT
    E12                  IBUFCTRL (Prop_IBUFCTRL_HPIOB_M_I_O)
                                                      0.000     0.604 r  i_bufds_sys_clk/IBUFCTRL_INST/O
                         net (fo=1, routed)           0.297     0.901    sys_clk
    BUFGCE_X1Y289        BUFGCE (Prop_BUFCE_BUFGCE_I_O)
                                                      0.024     0.925 r  sys_clk_BUFGCE_inst/O
                         net (fo=19, routed)          0.795     1.720    i_dram_wrapper/i_dram/inst/u_ddr4_infrastructure/mmcm_clk_in
    MMCM_X1Y13           MMCME4_ADV (Prop_MMCM_CLKIN1_CLKOUT6)
                                                      0.630     2.350 r  i_dram_wrapper/i_dram/inst/u_ddr4_infrastructure/gen_mmcme4.u_mmcme_adv_inst/CLKOUT6
                         net (fo=1, routed)           0.226     2.576    i_dram_wrapper/i_dram/inst/u_ddr4_infrastructure/mmcm_clkout6
    BUFGCE_X1Y326        BUFGCE (Prop_BUFCE_BUFGCE_I_O)
                                                      0.024     2.600 r  i_dram_wrapper/i_dram/inst/u_ddr4_infrastructure/u_bufg_riuClk/O
    X4Y12 (CLOCK_ROOT)   net (fo=1746, routed)        1.861     4.461    i_dram_wrapper/i_dram/inst/u_ddr4_mem_intfc/u_ddr_cal_riu/mcs0/inst/rst_0/U0/EXT_LPF/ACTIVE_HIGH_EXT.ACT_HI_EXT/slowest_sync_clk
    SLICE_X140Y849       FDRE                                         r  i_dram_wrapper/i_dram/inst/u_ddr4_mem_intfc/u_ddr_cal_riu/mcs0/inst/rst_0/U0/EXT_LPF/ACTIVE_HIGH_EXT.ACT_HI_EXT/GENERATE_LEVEL_P_S_CDC.SINGLE_BIT.CROSS_PLEVEL_IN2SCNDRY_IN_cdc_to/C





Min Delay Paths
--------------------------------------------------------------------------------------
Slack:                    inf
  Source:                 i_dram_wrapper/i_dram/inst/u_ddr4_mem_intfc/u_ddr_cal_riu/mcs0/inst/rst_0/U0/FDRE_inst/C
                            (rising edge-triggered cell FDRE clocked by mmcm_clkout6  {rise@0.000ns fall@3.333ns period=6.667ns})
  Destination:            i_dram_wrapper/i_dram/inst/u_ddr4_mem_intfc/u_ddr_cal_riu/mcs0/inst/microblaze_I/U0/MicroBlaze_Core_I/Reset_DFF/Synchronize.use_sync_reset.sync_reg[1]/D
                            (rising edge-triggered cell FDRE clocked by mmcm_clkout6  {rise@0.000ns fall@3.333ns period=6.667ns})
  Path Group:             (none)
  Path Type:              Hold (Min at Fast Process Corner)
  Data Path Delay:        0.154ns  (logic 0.040ns (25.974%)  route 0.114ns (74.026%))
  Logic Levels:           0  
  Clock Path Skew:        -0.142ns (DCD - SCD - CPR)
    Destination Clock Delay (DCD):    2.469ns
    Source Clock Delay      (SCD):    2.610ns
    Clock Pessimism Removal (CPR):    -0.000ns
  Clock Uncertainty:      0.056ns  ((TSJ^2 + DJ^2)^1/2) / 2 + PE
    Total System Jitter     (TSJ):    0.071ns
    Discrete Jitter          (DJ):    0.087ns
    Phase Error              (PE):    0.000ns
  Clock Net Delay (Source):      1.157ns (routing 0.457ns, distribution 0.700ns)
  Clock Net Delay (Destination): 1.304ns (routing 0.512ns, distribution 0.792ns)
  Timing Exception:       False Path

    Location             Delay type                Incr(ns)  Path(ns)    Netlist Resource(s)
  -------------------------------------------------------------------    -------------------
                         (clock mmcm_clkout6 rise edge)
                                                      0.000     0.000 r  
    E12                                               0.000     0.000 r  sys_clk_p (IN)
                         net (fo=0)                   0.000     0.000    i_bufds_sys_clk/I
    HPIOBDIFFINBUF_X1Y300
                         DIFFINBUF (Prop_DIFFINBUF_HPIOBDIFFINBUF_DIFF_IN_P_O)
                                                      0.340     0.340 r  i_bufds_sys_clk/DIFFINBUF_INST/O
                         net (fo=1, routed)           0.040     0.380    i_bufds_sys_clk/OUT
    E12                  IBUFCTRL (Prop_IBUFCTRL_HPIOB_M_I_O)
                                                      0.000     0.380 r  i_bufds_sys_clk/IBUFCTRL_INST/O
                         net (fo=1, routed)           0.150     0.530    sys_clk
    BUFGCE_X1Y289        BUFGCE (Prop_BUFCE_BUFGCE_I_O)
                                                      0.017     0.547 r  sys_clk_BUFGCE_inst/O
                         net (fo=19, routed)          0.504     1.051    i_dram_wrapper/i_dram/inst/u_ddr4_infrastructure/mmcm_clk_in
    MMCM_X1Y13           MMCME4_ADV (Prop_MMCM_CLKIN1_CLKOUT6)
                                                      0.230     1.281 r  i_dram_wrapper/i_dram/inst/u_ddr4_infrastructure/gen_mmcme4.u_mmcme_adv_inst/CLKOUT6
                         net (fo=1, routed)           0.155     1.436    i_dram_wrapper/i_dram/inst/u_ddr4_infrastructure/mmcm_clkout6
    BUFGCE_X1Y326        BUFGCE (Prop_BUFCE_BUFGCE_I_O)
                                                      0.017     1.453 r  i_dram_wrapper/i_dram/inst/u_ddr4_infrastructure/u_bufg_riuClk/O
    X4Y12 (CLOCK_ROOT)   net (fo=1746, routed)        1.157     2.610    i_dram_wrapper/i_dram/inst/u_ddr4_mem_intfc/u_ddr_cal_riu/mcs0/inst/rst_0/U0/slowest_sync_clk
    SLICE_X140Y848       FDRE                                         r  i_dram_wrapper/i_dram/inst/u_ddr4_mem_intfc/u_ddr_cal_riu/mcs0/inst/rst_0/U0/FDRE_inst/C
  -------------------------------------------------------------------    -------------------
    SLICE_X140Y848       FDRE (Prop_AFF2_SLICEL_C_Q)
                                                      0.040     2.650 r  i_dram_wrapper/i_dram/inst/u_ddr4_mem_intfc/u_ddr_cal_riu/mcs0/inst/rst_0/U0/FDRE_inst/Q
                         net (fo=1, routed)           0.114     2.764    i_dram_wrapper/i_dram/inst/u_ddr4_mem_intfc/u_ddr_cal_riu/mcs0/inst/microblaze_I/U0/MicroBlaze_Core_I/Reset_DFF/Reset
    SLICE_X141Y846       FDRE                                         r  i_dram_wrapper/i_dram/inst/u_ddr4_mem_intfc/u_ddr_cal_riu/mcs0/inst/microblaze_I/U0/MicroBlaze_Core_I/Reset_DFF/Synchronize.use_sync_reset.sync_reg[1]/D
  -------------------------------------------------------------------    -------------------

                         (clock mmcm_clkout6 rise edge)
                                                      0.000     0.000 r  
    E12                                               0.000     0.000 r  sys_clk_p (IN)
                         net (fo=0)                   0.000     0.000    i_bufds_sys_clk/I
    HPIOBDIFFINBUF_X1Y300
                         DIFFINBUF (Prop_DIFFINBUF_HPIOBDIFFINBUF_DIFF_IN_P_O)
                                                      0.446     0.446 r  i_bufds_sys_clk/DIFFINBUF_INST/O
                         net (fo=1, routed)           0.050     0.496    i_bufds_sys_clk/OUT
    E12                  IBUFCTRL (Prop_IBUFCTRL_HPIOB_M_I_O)
                                                      0.000     0.496 r  i_bufds_sys_clk/IBUFCTRL_INST/O
                         net (fo=1, routed)           0.183     0.679    sys_clk
    BUFGCE_X1Y289        BUFGCE (Prop_BUFCE_BUFGCE_I_O)
                                                      0.019     0.698 r  sys_clk_BUFGCE_inst/O
                         net (fo=19, routed)          0.567     1.265    i_dram_wrapper/i_dram/inst/u_ddr4_infrastructure/mmcm_clk_in
    MMCM_X1Y13           MMCME4_ADV (Prop_MMCM_CLKIN1_CLKOUT6)
                                                     -0.295     0.970 r  i_dram_wrapper/i_dram/inst/u_ddr4_infrastructure/gen_mmcme4.u_mmcme_adv_inst/CLKOUT6
                         net (fo=1, routed)           0.176     1.146    i_dram_wrapper/i_dram/inst/u_ddr4_infrastructure/mmcm_clkout6
    BUFGCE_X1Y326        BUFGCE (Prop_BUFCE_BUFGCE_I_O)
                                                      0.019     1.165 r  i_dram_wrapper/i_dram/inst/u_ddr4_infrastructure/u_bufg_riuClk/O
    X4Y12 (CLOCK_ROOT)   net (fo=1746, routed)        1.304     2.469    i_dram_wrapper/i_dram/inst/u_ddr4_mem_intfc/u_ddr_cal_riu/mcs0/inst/microblaze_I/U0/MicroBlaze_Core_I/Reset_DFF/Clk
    SLICE_X141Y846       FDRE                                         r  i_dram_wrapper/i_dram/inst/u_ddr4_mem_intfc/u_ddr_cal_riu/mcs0/inst/microblaze_I/U0/MicroBlaze_Core_I/Reset_DFF/Synchronize.use_sync_reset.sync_reg[1]/C





--------------------------------------------------------------------------------------
Path Group:  (none)
From Clock:  sys_clk
  To Clock:  mmcm_clkout6

Max Delay             2 Endpoints
Min Delay             2 Endpoints
--------------------------------------------------------------------------------------


Max Delay Paths
--------------------------------------------------------------------------------------
Slack:                    inf
  Source:                 i_dram_wrapper/i_dram/inst/u_ddr4_infrastructure/rst_async_riu_div_reg/C
                            (rising edge-triggered cell FDRE clocked by sys_clk  {rise@0.000ns fall@2.000ns period=4.000ns})
  Destination:            i_dram_wrapper/i_dram/inst/u_ddr4_infrastructure/rst_riu_sync_r_reg[0]/D
                            (rising edge-triggered cell FDRE clocked by mmcm_clkout6  {rise@0.000ns fall@3.333ns period=6.667ns})
  Path Group:             (none)
  Path Type:              Setup (Max at Slow Process Corner)
  Data Path Delay:        0.431ns  (logic 0.080ns (18.561%)  route 0.351ns (81.439%))
  Logic Levels:           0  
  Clock Path Skew:        2.210ns (DCD - SCD + CPR)
    Destination Clock Delay (DCD):    4.434ns
    Source Clock Delay      (SCD):    2.225ns
    Clock Pessimism Removal (CPR):    0.000ns
  Clock Uncertainty:      0.129ns  ((TSJ^2 + DJ^2)^1/2) / 2 + PE
    Total System Jitter     (TSJ):    0.071ns
    Discrete Jitter          (DJ):    0.087ns
    Phase Error              (PE):    0.073ns
  Clock Net Delay (Source):      1.137ns (routing 0.171ns, distribution 0.966ns)
  Clock Net Delay (Destination): 1.834ns (routing 0.758ns, distribution 1.076ns)
  Timing Exception:       False Path

    Location             Delay type                Incr(ns)  Path(ns)    Netlist Resource(s)
  -------------------------------------------------------------------    -------------------
                         (clock sys_clk rise edge)    0.000     0.000 r  
    E12                                               0.000     0.000 r  sys_clk_p (IN)
                         net (fo=0)                   0.000     0.000    i_bufds_sys_clk/I
    HPIOBDIFFINBUF_X1Y300
                         DIFFINBUF (Prop_DIFFINBUF_HPIOBDIFFINBUF_DIFF_IN_P_O)
                                                      0.675     0.675 r  i_bufds_sys_clk/DIFFINBUF_INST/O
                         net (fo=1, routed)           0.050     0.725    i_bufds_sys_clk/OUT
    E12                  IBUFCTRL (Prop_IBUFCTRL_HPIOB_M_I_O)
                                                      0.000     0.725 r  i_bufds_sys_clk/IBUFCTRL_INST/O
                         net (fo=1, routed)           0.335     1.060    sys_clk
    BUFGCE_X1Y289        BUFGCE (Prop_BUFCE_BUFGCE_I_O)
                                                      0.028     1.088 r  sys_clk_BUFGCE_inst/O
    X4Y12 (CLOCK_ROOT)   net (fo=19, routed)          1.137     2.225    i_dram_wrapper/i_dram/inst/u_ddr4_infrastructure/sys_clk_in
    SLICE_X137Y804       FDRE                                         r  i_dram_wrapper/i_dram/inst/u_ddr4_infrastructure/rst_async_riu_div_reg/C
  -------------------------------------------------------------------    -------------------
    SLICE_X137Y804       FDRE (Prop_AFF2_SLICEM_C_Q)
                                                      0.080     2.305 r  i_dram_wrapper/i_dram/inst/u_ddr4_infrastructure/rst_async_riu_div_reg/Q
                         net (fo=2, routed)           0.351     2.656    i_dram_wrapper/i_dram/inst/u_ddr4_infrastructure/rst_async_riu_div
    SLICE_X136Y806       FDRE                                         r  i_dram_wrapper/i_dram/inst/u_ddr4_infrastructure/rst_riu_sync_r_reg[0]/D
  -------------------------------------------------------------------    -------------------

                         (clock mmcm_clkout6 rise edge)
                                                      0.000     0.000 r  
    E12                                               0.000     0.000 r  sys_clk_p (IN)
                         net (fo=0)                   0.000     0.000    i_bufds_sys_clk/I
    HPIOBDIFFINBUF_X1Y300
                         DIFFINBUF (Prop_DIFFINBUF_HPIOBDIFFINBUF_DIFF_IN_P_O)
                                                      0.564     0.564 r  i_bufds_sys_clk/DIFFINBUF_INST/O
                         net (fo=1, routed)           0.040     0.604    i_bufds_sys_clk/OUT
    E12                  IBUFCTRL (Prop_IBUFCTRL_HPIOB_M_I_O)
                                                      0.000     0.604 r  i_bufds_sys_clk/IBUFCTRL_INST/O
                         net (fo=1, routed)           0.297     0.901    sys_clk
    BUFGCE_X1Y289        BUFGCE (Prop_BUFCE_BUFGCE_I_O)
                                                      0.024     0.925 r  sys_clk_BUFGCE_inst/O
                         net (fo=19, routed)          0.795     1.720    i_dram_wrapper/i_dram/inst/u_ddr4_infrastructure/mmcm_clk_in
    MMCM_X1Y13           MMCME4_ADV (Prop_MMCM_CLKIN1_CLKOUT6)
                                                      0.630     2.350 r  i_dram_wrapper/i_dram/inst/u_ddr4_infrastructure/gen_mmcme4.u_mmcme_adv_inst/CLKOUT6
                         net (fo=1, routed)           0.226     2.576    i_dram_wrapper/i_dram/inst/u_ddr4_infrastructure/mmcm_clkout6
    BUFGCE_X1Y326        BUFGCE (Prop_BUFCE_BUFGCE_I_O)
                                                      0.024     2.600 r  i_dram_wrapper/i_dram/inst/u_ddr4_infrastructure/u_bufg_riuClk/O
    X4Y12 (CLOCK_ROOT)   net (fo=1746, routed)        1.834     4.434    i_dram_wrapper/i_dram/inst/u_ddr4_infrastructure/c0_riu_clk
    SLICE_X136Y806       FDRE                                         r  i_dram_wrapper/i_dram/inst/u_ddr4_infrastructure/rst_riu_sync_r_reg[0]/C





Min Delay Paths
--------------------------------------------------------------------------------------
Slack:                    inf
  Source:                 i_dram_wrapper/i_dram/inst/u_ddr4_infrastructure/rst_async_mb_reg/C
                            (rising edge-triggered cell FDRE clocked by sys_clk  {rise@0.000ns fall@2.000ns period=4.000ns})
  Destination:            i_dram_wrapper/i_dram/inst/u_ddr4_infrastructure/rst_mb_sync_r_reg[0]/D
                            (rising edge-triggered cell FDRE clocked by mmcm_clkout6  {rise@0.000ns fall@3.333ns period=6.667ns})
  Path Group:             (none)
  Path Type:              Hold (Min at Fast Process Corner)
  Data Path Delay:        0.145ns  (logic 0.040ns (27.586%)  route 0.105ns (72.414%))
  Logic Levels:           0  
  Clock Path Skew:        1.251ns (DCD - SCD - CPR)
    Destination Clock Delay (DCD):    2.433ns
    Source Clock Delay      (SCD):    1.181ns
    Clock Pessimism Removal (CPR):    -0.000ns
  Clock Uncertainty:      0.129ns  ((TSJ^2 + DJ^2)^1/2) / 2 + PE
    Total System Jitter     (TSJ):    0.071ns
    Discrete Jitter          (DJ):    0.087ns
    Phase Error              (PE):    0.073ns
  Clock Net Delay (Source):      0.634ns (routing 0.096ns, distribution 0.538ns)
  Clock Net Delay (Destination): 1.268ns (routing 0.512ns, distribution 0.756ns)
  Timing Exception:       False Path

    Location             Delay type                Incr(ns)  Path(ns)    Netlist Resource(s)
  -------------------------------------------------------------------    -------------------
                         (clock sys_clk rise edge)    0.000     0.000 r  
    E12                                               0.000     0.000 r  sys_clk_p (IN)
                         net (fo=0)                   0.000     0.000    i_bufds_sys_clk/I
    HPIOBDIFFINBUF_X1Y300
                         DIFFINBUF (Prop_DIFFINBUF_HPIOBDIFFINBUF_DIFF_IN_P_O)
                                                      0.340     0.340 r  i_bufds_sys_clk/DIFFINBUF_INST/O
                         net (fo=1, routed)           0.040     0.380    i_bufds_sys_clk/OUT
    E12                  IBUFCTRL (Prop_IBUFCTRL_HPIOB_M_I_O)
                                                      0.000     0.380 r  i_bufds_sys_clk/IBUFCTRL_INST/O
                         net (fo=1, routed)           0.150     0.530    sys_clk
    BUFGCE_X1Y289        BUFGCE (Prop_BUFCE_BUFGCE_I_O)
                                                      0.017     0.547 r  sys_clk_BUFGCE_inst/O
    X4Y12 (CLOCK_ROOT)   net (fo=19, routed)          0.634     1.181    i_dram_wrapper/i_dram/inst/u_ddr4_infrastructure/sys_clk_in
    SLICE_X140Y804       FDRE                                         r  i_dram_wrapper/i_dram/inst/u_ddr4_infrastructure/rst_async_mb_reg/C
  -------------------------------------------------------------------    -------------------
    SLICE_X140Y804       FDRE (Prop_AFF2_SLICEL_C_Q)
                                                      0.040     1.221 r  i_dram_wrapper/i_dram/inst/u_ddr4_infrastructure/rst_async_mb_reg/Q
                         net (fo=1, routed)           0.105     1.326    i_dram_wrapper/i_dram/inst/u_ddr4_infrastructure/rst_async_mb
    SLICE_X140Y805       FDRE                                         r  i_dram_wrapper/i_dram/inst/u_ddr4_infrastructure/rst_mb_sync_r_reg[0]/D
  -------------------------------------------------------------------    -------------------

                         (clock mmcm_clkout6 rise edge)
                                                      0.000     0.000 r  
    E12                                               0.000     0.000 r  sys_clk_p (IN)
                         net (fo=0)                   0.000     0.000    i_bufds_sys_clk/I
    HPIOBDIFFINBUF_X1Y300
                         DIFFINBUF (Prop_DIFFINBUF_HPIOBDIFFINBUF_DIFF_IN_P_O)
                                                      0.446     0.446 r  i_bufds_sys_clk/DIFFINBUF_INST/O
                         net (fo=1, routed)           0.050     0.496    i_bufds_sys_clk/OUT
    E12                  IBUFCTRL (Prop_IBUFCTRL_HPIOB_M_I_O)
                                                      0.000     0.496 r  i_bufds_sys_clk/IBUFCTRL_INST/O
                         net (fo=1, routed)           0.183     0.679    sys_clk
    BUFGCE_X1Y289        BUFGCE (Prop_BUFCE_BUFGCE_I_O)
                                                      0.019     0.698 r  sys_clk_BUFGCE_inst/O
                         net (fo=19, routed)          0.567     1.265    i_dram_wrapper/i_dram/inst/u_ddr4_infrastructure/mmcm_clk_in
    MMCM_X1Y13           MMCME4_ADV (Prop_MMCM_CLKIN1_CLKOUT6)
                                                     -0.295     0.970 r  i_dram_wrapper/i_dram/inst/u_ddr4_infrastructure/gen_mmcme4.u_mmcme_adv_inst/CLKOUT6
                         net (fo=1, routed)           0.176     1.146    i_dram_wrapper/i_dram/inst/u_ddr4_infrastructure/mmcm_clkout6
    BUFGCE_X1Y326        BUFGCE (Prop_BUFCE_BUFGCE_I_O)
                                                      0.019     1.165 r  i_dram_wrapper/i_dram/inst/u_ddr4_infrastructure/u_bufg_riuClk/O
    X4Y12 (CLOCK_ROOT)   net (fo=1746, routed)        1.268     2.433    i_dram_wrapper/i_dram/inst/u_ddr4_infrastructure/c0_riu_clk
    SLICE_X140Y805       FDRE                                         r  i_dram_wrapper/i_dram/inst/u_ddr4_infrastructure/rst_mb_sync_r_reg[0]/C





--------------------------------------------------------------------------------------
Path Group:  (none)
From Clock:  clk_50_clkwiz
  To Clock:  sys_clk

Max Delay             2 Endpoints
Min Delay             2 Endpoints
--------------------------------------------------------------------------------------


Max Delay Paths
--------------------------------------------------------------------------------------
Slack:                    inf
  Source:                 sys_rst_reg/C
                            (rising edge-triggered cell FDPE clocked by clk_50_clkwiz  {rise@0.000ns fall@10.000ns period=20.000ns})
  Destination:            i_dram_wrapper/i_dram/inst/u_ddr4_infrastructure/rst_input_async_reg[0]/PRE
                            (recovery check against rising-edge clock sys_clk  {rise@0.000ns fall@2.000ns period=4.000ns})
  Path Group:             (none)
  Path Type:              Recovery (Max at Slow Process Corner)
  Data Path Delay:        1.603ns  (logic 0.081ns (5.053%)  route 1.522ns (94.947%))
  Logic Levels:           0  
  Clock Path Skew:        -4.179ns (DCD - SCD + CPR)
    Destination Clock Delay (DCD):    1.907ns
    Source Clock Delay      (SCD):    6.087ns
    Clock Pessimism Removal (CPR):    0.000ns
  Clock Uncertainty:      0.238ns  ((TSJ^2 + DJ^2)^1/2) / 2 + PE
    Total System Jitter     (TSJ):    0.071ns
    Discrete Jitter          (DJ):    0.150ns
    Phase Error              (PE):    0.155ns
  Clock Net Delay (Source):      3.863ns (routing 1.870ns, distribution 1.993ns)
  Clock Net Delay (Destination): 0.982ns (routing 0.155ns, distribution 0.827ns)
  Timing Exception:       False Path

    Location             Delay type                Incr(ns)  Path(ns)    Netlist Resource(s)
  -------------------------------------------------------------------    -------------------
                         (clock clk_50_clkwiz rise edge)
                                                      0.000     0.000 r  
    E12                                               0.000     0.000 r  sys_clk_p (IN)
                         net (fo=0)                   0.000     0.000    i_bufds_sys_clk/I
    HPIOBDIFFINBUF_X1Y300
                         DIFFINBUF (Prop_DIFFINBUF_HPIOBDIFFINBUF_DIFF_IN_P_O)
                                                      0.675     0.675 r  i_bufds_sys_clk/DIFFINBUF_INST/O
                         net (fo=1, routed)           0.050     0.725    i_bufds_sys_clk/OUT
    E12                  IBUFCTRL (Prop_IBUFCTRL_HPIOB_M_I_O)
                                                      0.000     0.725 r  i_bufds_sys_clk/IBUFCTRL_INST/O
                         net (fo=1, routed)           0.335     1.060    sys_clk
    BUFGCE_X1Y289        BUFGCE (Prop_BUFCE_BUFGCE_I_O)
                                                      0.028     1.088 r  sys_clk_BUFGCE_inst/O
                         net (fo=19, routed)          0.991     2.079    i_clkwiz/inst/clk_in1
    MMCM_X1Y11           MMCME4_ADV (Prop_MMCM_CLKIN1_CLKOUT0)
                                                     -0.127     1.952 r  i_clkwiz/inst/mmcme4_adv_inst/CLKOUT0
                         net (fo=1, routed)           0.244     2.196    i_clkwiz/inst/clk_50_clkwiz
    BUFGCE_X1Y266        BUFGCE (Prop_BUFCE_BUFGCE_I_O)
                                                      0.028     2.224 r  i_clkwiz/inst/clkout1_buf/O
    X2Y7 (CLOCK_ROOT)    net (fo=198306, routed)      3.863     6.087    soc_clk
    SLICE_X115Y762       FDPE                                         r  sys_rst_reg/C
  -------------------------------------------------------------------    -------------------
    SLICE_X115Y762       FDPE (Prop_AFF2_SLICEL_C_Q)
                                                      0.081     6.168 f  sys_rst_reg/Q
                         net (fo=7, routed)           1.522     7.690    i_dram_wrapper/i_dram/inst/u_ddr4_infrastructure/sys_rst
    SLICE_X134Y804       FDPE                                         f  i_dram_wrapper/i_dram/inst/u_ddr4_infrastructure/rst_input_async_reg[0]/PRE
  -------------------------------------------------------------------    -------------------

                         (clock sys_clk rise edge)    0.000     0.000 r  
    E12                                               0.000     0.000 r  sys_clk_p (IN)
                         net (fo=0)                   0.000     0.000    i_bufds_sys_clk/I
    HPIOBDIFFINBUF_X1Y300
                         DIFFINBUF (Prop_DIFFINBUF_HPIOBDIFFINBUF_DIFF_IN_P_O)
                                                      0.564     0.564 r  i_bufds_sys_clk/DIFFINBUF_INST/O
                         net (fo=1, routed)           0.040     0.604    i_bufds_sys_clk/OUT
    E12                  IBUFCTRL (Prop_IBUFCTRL_HPIOB_M_I_O)
                                                      0.000     0.604 r  i_bufds_sys_clk/IBUFCTRL_INST/O
                         net (fo=1, routed)           0.297     0.901    sys_clk
    BUFGCE_X1Y289        BUFGCE (Prop_BUFCE_BUFGCE_I_O)
                                                      0.024     0.925 r  sys_clk_BUFGCE_inst/O
    X4Y12 (CLOCK_ROOT)   net (fo=19, routed)          0.982     1.907    i_dram_wrapper/i_dram/inst/u_ddr4_infrastructure/sys_clk_in
    SLICE_X134Y804       FDPE                                         r  i_dram_wrapper/i_dram/inst/u_ddr4_infrastructure/rst_input_async_reg[0]/C





Min Delay Paths
--------------------------------------------------------------------------------------
Slack:                    inf
  Source:                 sys_rst_reg/C
                            (rising edge-triggered cell FDPE clocked by clk_50_clkwiz  {rise@0.000ns fall@10.000ns period=20.000ns})
  Destination:            i_dram_wrapper/i_dram/inst/u_ddr4_infrastructure/rst_input_async_reg[0]/PRE
                            (removal check against rising-edge clock sys_clk  {rise@0.000ns fall@2.000ns period=4.000ns})
  Path Group:             (none)
  Path Type:              Removal (Min at Fast Process Corner)
  Data Path Delay:        0.791ns  (logic 0.040ns (5.057%)  route 0.751ns (94.943%))
  Logic Levels:           0  
  Clock Path Skew:        -2.202ns (DCD - SCD - CPR)
    Destination Clock Delay (DCD):    1.417ns
    Source Clock Delay      (SCD):    3.618ns
    Clock Pessimism Removal (CPR):    -0.000ns
  Clock Uncertainty:      0.238ns  ((TSJ^2 + DJ^2)^1/2) / 2 + PE
    Total System Jitter     (TSJ):    0.071ns
    Discrete Jitter          (DJ):    0.150ns
    Phase Error              (PE):    0.155ns
  Clock Net Delay (Source):      2.127ns (routing 1.022ns, distribution 1.105ns)
  Clock Net Delay (Destination): 0.719ns (routing 0.108ns, distribution 0.611ns)
  Timing Exception:       False Path

    Location             Delay type                Incr(ns)  Path(ns)    Netlist Resource(s)
  -------------------------------------------------------------------    -------------------
                         (clock clk_50_clkwiz rise edge)
                                                      0.000     0.000 r  
    E12                                               0.000     0.000 r  sys_clk_p (IN)
                         net (fo=0)                   0.000     0.000    i_bufds_sys_clk/I
    HPIOBDIFFINBUF_X1Y300
                         DIFFINBUF (Prop_DIFFINBUF_HPIOBDIFFINBUF_DIFF_IN_P_O)
                                                      0.340     0.340 r  i_bufds_sys_clk/DIFFINBUF_INST/O
                         net (fo=1, routed)           0.040     0.380    i_bufds_sys_clk/OUT
    E12                  IBUFCTRL (Prop_IBUFCTRL_HPIOB_M_I_O)
                                                      0.000     0.380 r  i_bufds_sys_clk/IBUFCTRL_INST/O
                         net (fo=1, routed)           0.150     0.530    sys_clk
    BUFGCE_X1Y289        BUFGCE (Prop_BUFCE_BUFGCE_I_O)
                                                      0.017     0.547 r  sys_clk_BUFGCE_inst/O
                         net (fo=19, routed)          0.552     1.099    i_clkwiz/inst/clk_in1
    MMCM_X1Y11           MMCME4_ADV (Prop_MMCM_CLKIN1_CLKOUT0)
                                                      0.230     1.329 r  i_clkwiz/inst/mmcme4_adv_inst/CLKOUT0
                         net (fo=1, routed)           0.145     1.474    i_clkwiz/inst/clk_50_clkwiz
    BUFGCE_X1Y266        BUFGCE (Prop_BUFCE_BUFGCE_I_O)
                                                      0.017     1.491 r  i_clkwiz/inst/clkout1_buf/O
    X2Y7 (CLOCK_ROOT)    net (fo=198306, routed)      2.127     3.618    soc_clk
    SLICE_X115Y762       FDPE                                         r  sys_rst_reg/C
  -------------------------------------------------------------------    -------------------
    SLICE_X115Y762       FDPE (Prop_AFF2_SLICEL_C_Q)
                                                      0.040     3.658 f  sys_rst_reg/Q
                         net (fo=7, routed)           0.751     4.409    i_dram_wrapper/i_dram/inst/u_ddr4_infrastructure/sys_rst
    SLICE_X134Y804       FDPE                                         f  i_dram_wrapper/i_dram/inst/u_ddr4_infrastructure/rst_input_async_reg[0]/PRE
  -------------------------------------------------------------------    -------------------

                         (clock sys_clk rise edge)    0.000     0.000 r  
    E12                                               0.000     0.000 r  sys_clk_p (IN)
                         net (fo=0)                   0.000     0.000    i_bufds_sys_clk/I
    HPIOBDIFFINBUF_X1Y300
                         DIFFINBUF (Prop_DIFFINBUF_HPIOBDIFFINBUF_DIFF_IN_P_O)
                                                      0.446     0.446 r  i_bufds_sys_clk/DIFFINBUF_INST/O
                         net (fo=1, routed)           0.050     0.496    i_bufds_sys_clk/OUT
    E12                  IBUFCTRL (Prop_IBUFCTRL_HPIOB_M_I_O)
                                                      0.000     0.496 r  i_bufds_sys_clk/IBUFCTRL_INST/O
                         net (fo=1, routed)           0.183     0.679    sys_clk
    BUFGCE_X1Y289        BUFGCE (Prop_BUFCE_BUFGCE_I_O)
                                                      0.019     0.698 r  sys_clk_BUFGCE_inst/O
    X4Y12 (CLOCK_ROOT)   net (fo=19, routed)          0.719     1.417    i_dram_wrapper/i_dram/inst/u_ddr4_infrastructure/sys_clk_in
    SLICE_X134Y804       FDPE                                         r  i_dram_wrapper/i_dram/inst/u_ddr4_infrastructure/rst_input_async_reg[0]/C





--------------------------------------------------------------------------------------
Path Group:  (none)
From Clock:  
  To Clock:  clk_50_clkwiz

Max Delay            12 Endpoints
Min Delay            12 Endpoints
--------------------------------------------------------------------------------------


Max Delay Paths
--------------------------------------------------------------------------------------
Slack:                    inf
  Source:                 i_startupe3/DATA_IN[3]
                            (internal pin)
  Destination:            i_cheshire_soc/gen_spi_host.i_spi_host/u_spi_core/u_shift_reg/rx_buf_q_reg[3]/D
                            (rising edge-triggered cell FDCE clocked by clk_50_clkwiz  {rise@0.000ns fall@10.000ns period=20.000ns})
  Path Group:             (none)
  Path Type:              Setup (Max at Slow Process Corner)
  Data Path Delay:        6.825ns  (logic 3.396ns (49.758%)  route 3.429ns (50.242%))
  Logic Levels:           3  (LUT5=1 LUT6=1 STARTUPE3=1)
  Clock Uncertainty:      0.234ns  ((TSJ^2 + DJ^2)^1/2) / 2 + PE
    Total System Jitter     (TSJ):    0.050ns
    Discrete Jitter          (DJ):    0.150ns
    Phase Error              (PE):    0.155ns
  Clock Net Delay (Destination): 3.592ns (routing 1.700ns, distribution 1.892ns)

    Location             Delay type                Incr(ns)  Path(ns)    Netlist Resource(s)
  -------------------------------------------------------------------    -------------------
    CONFIG_SITE_X0Y1     STARTUPE3                    0.000     0.000 r  i_startupe3/DATA_IN[3]
    CONFIG_SITE_X0Y1     STARTUPE3 (Prop_STARTUP_CONFIG_SITE_DATA_IN[3]_DI[3])
                                                      3.100     3.100 r  i_startupe3/DI[3]
                         net (fo=2, routed)           3.269     6.369    i_cheshire_soc/gen_spi_host.i_spi_host/u_spi_core/u_shift_reg/sd_i[3]
    SLR Crossing[1->2]   
    SLICE_X145Y675       LUT5 (Prop_E6LUT_SLICEL_I4_O)
                                                      0.147     6.516 f  i_cheshire_soc/gen_spi_host.i_spi_host/u_spi_core/u_shift_reg/rx_buf_q[3]_i_2/O
                         net (fo=2, routed)           0.112     6.628    i_cheshire_soc/gen_spi_host.i_spi_host/u_spi_core/u_shift_reg/rx_buf_q[3]_i_2_n_0
    SLICE_X145Y675       LUT6 (Prop_G6LUT_SLICEL_I5_O)
                                                      0.149     6.777 r  i_cheshire_soc/gen_spi_host.i_spi_host/u_spi_core/u_shift_reg/rx_buf_q[3]_i_1/O
                         net (fo=1, routed)           0.048     6.825    i_cheshire_soc/gen_spi_host.i_spi_host/u_spi_core/u_shift_reg/rx_buf_q[3]_i_1_n_0
    SLICE_X145Y675       FDCE                                         r  i_cheshire_soc/gen_spi_host.i_spi_host/u_spi_core/u_shift_reg/rx_buf_q_reg[3]/D
  -------------------------------------------------------------------    -------------------

                         (clock clk_50_clkwiz rise edge)
                                                      0.000     0.000 r  
    E12                                               0.000     0.000 r  sys_clk_p (IN)
                         net (fo=0)                   0.000     0.000    i_bufds_sys_clk/I
    HPIOBDIFFINBUF_X1Y300
                         DIFFINBUF (Prop_DIFFINBUF_HPIOBDIFFINBUF_DIFF_IN_P_O)
                                                      0.564     0.564 r  i_bufds_sys_clk/DIFFINBUF_INST/O
                         net (fo=1, routed)           0.040     0.604    i_bufds_sys_clk/OUT
    E12                  IBUFCTRL (Prop_IBUFCTRL_HPIOB_M_I_O)
                                                      0.000     0.604 r  i_bufds_sys_clk/IBUFCTRL_INST/O
                         net (fo=1, routed)           0.297     0.901    sys_clk
    BUFGCE_X1Y289        BUFGCE (Prop_BUFCE_BUFGCE_I_O)
                                                      0.024     0.925 r  sys_clk_BUFGCE_inst/O
                         net (fo=19, routed)          0.876     1.801    i_clkwiz/inst/clk_in1
    MMCM_X1Y11           MMCME4_ADV (Prop_MMCM_CLKIN1_CLKOUT0)
                                                      0.630     2.431 r  i_clkwiz/inst/mmcme4_adv_inst/CLKOUT0
                         net (fo=1, routed)           0.214     2.645    i_clkwiz/inst/clk_50_clkwiz
    BUFGCE_X1Y266        BUFGCE (Prop_BUFCE_BUFGCE_I_O)
                                                      0.024     2.669 r  i_clkwiz/inst/clkout1_buf/O
    X2Y7 (CLOCK_ROOT)    net (fo=198306, routed)      3.592     6.261    i_cheshire_soc/gen_spi_host.i_spi_host/u_spi_core/u_shift_reg/clk_i
    SLICE_X145Y675       FDCE                                         r  i_cheshire_soc/gen_spi_host.i_spi_host/u_spi_core/u_shift_reg/rx_buf_q_reg[3]/C





Min Delay Paths
--------------------------------------------------------------------------------------
Slack:                    inf
  Source:                 i_startupe3/DATA_IN[1]
                            (internal pin)
  Destination:            i_cheshire_soc/gen_spi_host.i_spi_host/u_spi_core/u_shift_reg/rx_buf_q_reg[0]/D
                            (rising edge-triggered cell FDCE clocked by clk_50_clkwiz  {rise@0.000ns fall@10.000ns period=20.000ns})
  Path Group:             (none)
  Path Type:              Hold (Min at Fast Process Corner)
  Data Path Delay:        1.847ns  (logic 0.506ns (27.396%)  route 1.341ns (72.604%))
  Logic Levels:           2  (LUT6=1 STARTUPE3=1)
  Clock Uncertainty:      0.234ns  ((TSJ^2 + DJ^2)^1/2) / 2 + PE
    Total System Jitter     (TSJ):    0.050ns
    Discrete Jitter          (DJ):    0.150ns
    Phase Error              (PE):    0.155ns
  Clock Net Delay (Destination): 2.435ns (routing 1.135ns, distribution 1.300ns)

    Location             Delay type                Incr(ns)  Path(ns)    Netlist Resource(s)
  -------------------------------------------------------------------    -------------------
    CONFIG_SITE_X0Y1     STARTUPE3                    0.000     0.000 r  i_startupe3/DATA_IN[1]
    CONFIG_SITE_X0Y1     STARTUPE3 (Prop_STARTUP_CONFIG_SITE_DATA_IN[1]_DI[1])
                                                      0.465     0.465 r  i_startupe3/DI[1]
                         net (fo=4, routed)           1.325     1.790    i_cheshire_soc/gen_spi_host.i_spi_host/u_spi_core/u_shift_reg/sd_i[1]
    SLR Crossing[1->2]   
    SLICE_X145Y677       LUT6 (Prop_D6LUT_SLICEL_I5_O)
                                                      0.041     1.831 r  i_cheshire_soc/gen_spi_host.i_spi_host/u_spi_core/u_shift_reg/rx_buf_q[0]_i_1/O
                         net (fo=1, routed)           0.016     1.847    i_cheshire_soc/gen_spi_host.i_spi_host/u_spi_core/u_shift_reg/rx_buf_q[0]_i_1_n_0
    SLICE_X145Y677       FDCE                                         r  i_cheshire_soc/gen_spi_host.i_spi_host/u_spi_core/u_shift_reg/rx_buf_q_reg[0]/D
  -------------------------------------------------------------------    -------------------

                         (clock clk_50_clkwiz rise edge)
                                                      0.000     0.000 r  
    E12                                               0.000     0.000 r  sys_clk_p (IN)
                         net (fo=0)                   0.000     0.000    i_bufds_sys_clk/I
    HPIOBDIFFINBUF_X1Y300
                         DIFFINBUF (Prop_DIFFINBUF_HPIOBDIFFINBUF_DIFF_IN_P_O)
                                                      0.446     0.446 r  i_bufds_sys_clk/DIFFINBUF_INST/O
                         net (fo=1, routed)           0.050     0.496    i_bufds_sys_clk/OUT
    E12                  IBUFCTRL (Prop_IBUFCTRL_HPIOB_M_I_O)
                                                      0.000     0.496 r  i_bufds_sys_clk/IBUFCTRL_INST/O
                         net (fo=1, routed)           0.183     0.679    sys_clk
    BUFGCE_X1Y289        BUFGCE (Prop_BUFCE_BUFGCE_I_O)
                                                      0.019     0.698 r  sys_clk_BUFGCE_inst/O
                         net (fo=19, routed)          0.622     1.320    i_clkwiz/inst/clk_in1
    MMCM_X1Y11           MMCME4_ADV (Prop_MMCM_CLKIN1_CLKOUT0)
                                                     -0.295     1.025 r  i_clkwiz/inst/mmcme4_adv_inst/CLKOUT0
                         net (fo=1, routed)           0.165     1.190    i_clkwiz/inst/clk_50_clkwiz
    BUFGCE_X1Y266        BUFGCE (Prop_BUFCE_BUFGCE_I_O)
                                                      0.019     1.209 r  i_clkwiz/inst/clkout1_buf/O
    X2Y7 (CLOCK_ROOT)    net (fo=198306, routed)      2.435     3.644    i_cheshire_soc/gen_spi_host.i_spi_host/u_spi_core/u_shift_reg/clk_i
    SLICE_X145Y677       FDCE                                         r  i_cheshire_soc/gen_spi_host.i_spi_host/u_spi_core/u_shift_reg/rx_buf_q_reg[0]/C





--------------------------------------------------------------------------------------
Path Group:  (none)
From Clock:  
  To Clock:  dbg_hub/inst/BSCANID.u_xsdbm_id/SWITCH_N_EXT_BSCAN.bscan_inst/SERIES7_BSCAN.bscan_inst/INTERNAL_TCK

Max Delay             4 Endpoints
Min Delay             4 Endpoints
--------------------------------------------------------------------------------------


Max Delay Paths
--------------------------------------------------------------------------------------
Slack:                    inf
  Source:                 dbg_hub/inst/BSCANID.u_xsdbm_id/SWITCH_N_EXT_BSCAN.bscan_inst/SERIES7_BSCAN.bscan_inst/INTERNAL_TDI
                            (internal pin)
  Destination:            dbg_hub/inst/BSCANID.u_xsdbm_id/CORE_XSDB.U_ICON/iTDI_reg_reg/D
                            (rising edge-triggered cell FDRE clocked by dbg_hub/inst/BSCANID.u_xsdbm_id/SWITCH_N_EXT_BSCAN.bscan_inst/SERIES7_BSCAN.bscan_inst/INTERNAL_TCK  {rise@0.000ns fall@25.000ns period=50.000ns})
  Path Group:             (none)
  Path Type:              Setup (Max at Slow Process Corner)
  Data Path Delay:        8.252ns  (logic 4.300ns (52.109%)  route 3.952ns (47.891%))
  Logic Levels:           1  (BSCANE2=1)
  Clock Uncertainty:      0.025ns  ((TSJ^2 + TIJ^2)^1/2 + DJ) / 2 + PE
    Total System Jitter     (TSJ):    0.050ns
    Total Input Jitter      (TIJ):    0.000ns
    Discrete Jitter          (DJ):    0.000ns
    Phase Error              (PE):    0.000ns
  Clock Net Delay (Destination): 1.971ns (routing 0.831ns, distribution 1.140ns)

    Location             Delay type                Incr(ns)  Path(ns)    Netlist Resource(s)
  -------------------------------------------------------------------    -------------------
    CONFIG_SITE_X0Y1     BSCANE2                      0.000     0.000 r  dbg_hub/inst/BSCANID.u_xsdbm_id/SWITCH_N_EXT_BSCAN.bscan_inst/SERIES7_BSCAN.bscan_inst/INTERNAL_TDI
    CONFIG_SITE_X0Y1     BSCANE2 (Prop_BSCAN1_CONFIG_SITE_INTERNAL_TDI_TDI)
                                                      4.300     4.300 r  dbg_hub/inst/BSCANID.u_xsdbm_id/SWITCH_N_EXT_BSCAN.bscan_inst/SERIES7_BSCAN.bscan_inst/TDI
                         net (fo=4, routed)           3.952     8.252    dbg_hub/inst/BSCANID.u_xsdbm_id/CORE_XSDB.U_ICON/out
    SLR Crossing[1->2]   
    SLICE_X142Y639       FDRE                                         r  dbg_hub/inst/BSCANID.u_xsdbm_id/CORE_XSDB.U_ICON/iTDI_reg_reg/D
  -------------------------------------------------------------------    -------------------

                         (clock dbg_hub/inst/BSCANID.u_xsdbm_id/SWITCH_N_EXT_BSCAN.bscan_inst/SERIES7_BSCAN.bscan_inst/INTERNAL_TCK rise edge)
                                                      0.000     0.000 r  
    CONFIG_SITE_X0Y1     BSCANE2                      0.000     0.000 r  dbg_hub/inst/BSCANID.u_xsdbm_id/SWITCH_N_EXT_BSCAN.bscan_inst/SERIES7_BSCAN.bscan_inst/INTERNAL_TCK
    CONFIG_SITE_X0Y1     BSCANE2 (Prop_BSCAN1_CONFIG_SITE_INTERNAL_TCK_TCK)
                                                      0.465     0.465 r  dbg_hub/inst/BSCANID.u_xsdbm_id/SWITCH_N_EXT_BSCAN.bscan_inst/SERIES7_BSCAN.bscan_inst/TCK
                         net (fo=1, routed)           2.620     3.085    dbg_hub/inst/BSCANID.u_xsdbm_id/tck_bs
    SLR Crossing[1->2]   
    BUFGCE_X1Y288        BUFGCE (Prop_BUFCE_BUFGCE_I_O)
                                                      0.024     3.109 r  dbg_hub/inst/BSCANID.u_xsdbm_id/SWITCH_N_EXT_BSCAN.u_bufg_icon_tck/O
    X4Y10 (CLOCK_ROOT)   net (fo=494, routed)         1.971     5.080    dbg_hub/inst/BSCANID.u_xsdbm_id/CORE_XSDB.U_ICON/m_bscan_tck[0]
    SLICE_X142Y639       FDRE                                         r  dbg_hub/inst/BSCANID.u_xsdbm_id/CORE_XSDB.U_ICON/iTDI_reg_reg/C





Min Delay Paths
--------------------------------------------------------------------------------------
Slack:                    inf
  Source:                 dbg_hub/inst/BSCANID.u_xsdbm_id/SWITCH_N_EXT_BSCAN.bscan_inst/SERIES7_BSCAN.bscan_inst/INTERNAL_TDI
                            (internal pin)
  Destination:            dbg_hub/inst/BSCANID.u_xsdbm_id/SWITCH_N_EXT_BSCAN.bscan_switch/bscanid_reg[31]/D
                            (rising edge-triggered cell FDRE clocked by dbg_hub/inst/BSCANID.u_xsdbm_id/SWITCH_N_EXT_BSCAN.bscan_inst/SERIES7_BSCAN.bscan_inst/INTERNAL_TCK  {rise@0.000ns fall@25.000ns period=50.000ns})
  Path Group:             (none)
  Path Type:              Hold (Min at Fast Process Corner)
  Data Path Delay:        1.389ns  (logic 0.515ns (37.077%)  route 0.874ns (62.923%))
  Logic Levels:           2  (BSCANE2=1 LUT2=1)
  Clock Uncertainty:      0.025ns  ((TSJ^2 + TIJ^2)^1/2 + DJ) / 2 + PE
    Total System Jitter     (TSJ):    0.050ns
    Total Input Jitter      (TIJ):    0.000ns
    Discrete Jitter          (DJ):    0.000ns
    Phase Error              (PE):    0.000ns
  Clock Net Delay (Destination): 1.394ns (routing 0.569ns, distribution 0.825ns)

    Location             Delay type                Incr(ns)  Path(ns)    Netlist Resource(s)
  -------------------------------------------------------------------    -------------------
    CONFIG_SITE_X0Y1     BSCANE2                      0.000     0.000 r  dbg_hub/inst/BSCANID.u_xsdbm_id/SWITCH_N_EXT_BSCAN.bscan_inst/SERIES7_BSCAN.bscan_inst/INTERNAL_TDI
    CONFIG_SITE_X0Y1     BSCANE2 (Prop_BSCAN1_CONFIG_SITE_INTERNAL_TDI_TDI)
                                                      0.465     0.465 r  dbg_hub/inst/BSCANID.u_xsdbm_id/SWITCH_N_EXT_BSCAN.bscan_inst/SERIES7_BSCAN.bscan_inst/TDI
                         net (fo=4, routed)           0.850     1.315    dbg_hub/inst/BSCANID.u_xsdbm_id/SWITCH_N_EXT_BSCAN.bscan_switch/s_bscan_tdi
    SLICE_X137Y535       LUT2 (Prop_F6LUT_SLICEM_I1_O)
                                                      0.050     1.365 r  dbg_hub/inst/BSCANID.u_xsdbm_id/SWITCH_N_EXT_BSCAN.bscan_switch/bscanid[31]_i_2/O
                         net (fo=1, routed)           0.024     1.389    dbg_hub/inst/BSCANID.u_xsdbm_id/SWITCH_N_EXT_BSCAN.bscan_switch/bscanid[31]_i_2_n_0
    SLICE_X137Y535       FDRE                                         r  dbg_hub/inst/BSCANID.u_xsdbm_id/SWITCH_N_EXT_BSCAN.bscan_switch/bscanid_reg[31]/D
  -------------------------------------------------------------------    -------------------

                         (clock dbg_hub/inst/BSCANID.u_xsdbm_id/SWITCH_N_EXT_BSCAN.bscan_inst/SERIES7_BSCAN.bscan_inst/INTERNAL_TCK rise edge)
                                                      0.000     0.000 r  
    CONFIG_SITE_X0Y1     BSCANE2                      0.000     0.000 r  dbg_hub/inst/BSCANID.u_xsdbm_id/SWITCH_N_EXT_BSCAN.bscan_inst/SERIES7_BSCAN.bscan_inst/INTERNAL_TCK
    CONFIG_SITE_X0Y1     BSCANE2 (Prop_BSCAN1_CONFIG_SITE_INTERNAL_TCK_TCK)
                                                      4.300     4.300 r  dbg_hub/inst/BSCANID.u_xsdbm_id/SWITCH_N_EXT_BSCAN.bscan_inst/SERIES7_BSCAN.bscan_inst/TCK
                         net (fo=1, routed)           2.858     7.158    dbg_hub/inst/BSCANID.u_xsdbm_id/tck_bs
    SLR Crossing[1->2]   
    BUFGCE_X1Y288        BUFGCE (Prop_BUFCE_BUFGCE_I_O)
                                                      0.019     7.177 r  dbg_hub/inst/BSCANID.u_xsdbm_id/SWITCH_N_EXT_BSCAN.u_bufg_icon_tck/O
    X4Y10 (CLOCK_ROOT)   net (fo=494, routed)         1.394     8.571    dbg_hub/inst/BSCANID.u_xsdbm_id/SWITCH_N_EXT_BSCAN.bscan_switch/s_bscan_tck
    SLR Crossing[2->1]   
    SLICE_X137Y535       FDRE                                         r  dbg_hub/inst/BSCANID.u_xsdbm_id/SWITCH_N_EXT_BSCAN.bscan_switch/bscanid_reg[31]/C





--------------------------------------------------------------------------------------
Path Group:  (none)
From Clock:  
  To Clock:  sys_clk

Max Delay             2 Endpoints
Min Delay             2 Endpoints
--------------------------------------------------------------------------------------


Max Delay Paths
--------------------------------------------------------------------------------------
Slack:                    inf
  Source:                 i_dram_wrapper/i_dram/inst/u_ddr4_mem_intfc/u_mig_ddr4_phy/inst/u_ddr4_phy_pll/plle_loop[0].gen_plle4.PLLE4_BASE_INST_OTHER/LOCKED
                            (internal pin)
  Destination:            i_dram_wrapper/i_dram/inst/u_ddr4_infrastructure/rst_async_riu_div_reg/D
                            (rising edge-triggered cell FDRE clocked by sys_clk  {rise@0.000ns fall@2.000ns period=4.000ns})
  Path Group:             (none)
  Path Type:              Setup (Max at Slow Process Corner)
  Data Path Delay:        1.894ns  (logic 0.285ns (15.048%)  route 1.609ns (84.952%))
  Logic Levels:           2  (LUT3=2)
  Clock Uncertainty:      0.025ns  ((TSJ^2 + TIJ^2)^1/2 + DJ) / 2 + PE
    Total System Jitter     (TSJ):    0.050ns
    Total Input Jitter      (TIJ):    0.000ns
    Discrete Jitter          (DJ):    0.000ns
    Phase Error              (PE):    0.000ns
  Clock Net Delay (Destination): 0.992ns (routing 0.155ns, distribution 0.837ns)

    Location             Delay type                Incr(ns)  Path(ns)    Netlist Resource(s)
  -------------------------------------------------------------------    -------------------
    PLL_X1Y24            PLLE4_ADV                    0.000     0.000 f  i_dram_wrapper/i_dram/inst/u_ddr4_mem_intfc/u_mig_ddr4_phy/inst/u_ddr4_phy_pll/plle_loop[0].gen_plle4.PLLE4_BASE_INST_OTHER/LOCKED
                         net (fo=1, routed)           0.713     0.713    i_dram_wrapper/i_dram/inst/u_ddr4_mem_intfc/u_mig_ddr4_phy/inst/u_ddr4_phy_pll/pll_lock_i[0]
    SLICE_X112Y800       LUT3 (Prop_H6LUT_SLICEL_I0_O)
                                                      0.150     0.863 f  i_dram_wrapper/i_dram/inst/u_ddr4_mem_intfc/u_mig_ddr4_phy/inst/u_ddr4_phy_pll/pll_lock__0/O
                         net (fo=1, routed)           0.618     1.481    i_dram_wrapper/i_dram/inst/u_ddr4_infrastructure/pll_lock
    SLICE_X138Y806       LUT3 (Prop_D5LUT_SLICEM_I2_O)
                                                      0.135     1.616 r  i_dram_wrapper/i_dram/inst/u_ddr4_infrastructure/rst_async_riu_div_i_1/O
                         net (fo=1, routed)           0.278     1.894    i_dram_wrapper/i_dram/inst/u_ddr4_infrastructure/rst_async_riu_div_reg0
    SLICE_X137Y804       FDRE                                         r  i_dram_wrapper/i_dram/inst/u_ddr4_infrastructure/rst_async_riu_div_reg/D
  -------------------------------------------------------------------    -------------------

                         (clock sys_clk rise edge)    0.000     0.000 r  
    E12                                               0.000     0.000 r  sys_clk_p (IN)
                         net (fo=0)                   0.000     0.000    i_bufds_sys_clk/I
    HPIOBDIFFINBUF_X1Y300
                         DIFFINBUF (Prop_DIFFINBUF_HPIOBDIFFINBUF_DIFF_IN_P_O)
                                                      0.564     0.564 r  i_bufds_sys_clk/DIFFINBUF_INST/O
                         net (fo=1, routed)           0.040     0.604    i_bufds_sys_clk/OUT
    E12                  IBUFCTRL (Prop_IBUFCTRL_HPIOB_M_I_O)
                                                      0.000     0.604 r  i_bufds_sys_clk/IBUFCTRL_INST/O
                         net (fo=1, routed)           0.297     0.901    sys_clk
    BUFGCE_X1Y289        BUFGCE (Prop_BUFCE_BUFGCE_I_O)
                                                      0.024     0.925 r  sys_clk_BUFGCE_inst/O
    X4Y12 (CLOCK_ROOT)   net (fo=19, routed)          0.992     1.917    i_dram_wrapper/i_dram/inst/u_ddr4_infrastructure/sys_clk_in
    SLICE_X137Y804       FDRE                                         r  i_dram_wrapper/i_dram/inst/u_ddr4_infrastructure/rst_async_riu_div_reg/C





Min Delay Paths
--------------------------------------------------------------------------------------
Slack:                    inf
  Source:                 i_dram_wrapper/i_dram/inst/u_ddr4_infrastructure/gen_mmcme4.u_mmcme_adv_inst/LOCKED
                            (internal pin)
  Destination:            i_dram_wrapper/i_dram/inst/u_ddr4_infrastructure/rst_async_riu_div_reg/D
                            (rising edge-triggered cell FDRE clocked by sys_clk  {rise@0.000ns fall@2.000ns period=4.000ns})
  Path Group:             (none)
  Path Type:              Hold (Min at Fast Process Corner)
  Data Path Delay:        0.630ns  (logic 0.042ns (6.667%)  route 0.588ns (93.333%))
  Logic Levels:           1  (LUT3=1)
  Clock Uncertainty:      0.025ns  ((TSJ^2 + TIJ^2)^1/2 + DJ) / 2 + PE
    Total System Jitter     (TSJ):    0.050ns
    Total Input Jitter      (TIJ):    0.000ns
    Discrete Jitter          (DJ):    0.000ns
    Phase Error              (PE):    0.000ns
  Clock Net Delay (Destination): 0.728ns (routing 0.108ns, distribution 0.620ns)

    Location             Delay type                Incr(ns)  Path(ns)    Netlist Resource(s)
  -------------------------------------------------------------------    -------------------
    MMCM_X1Y13           MMCME4_ADV                   0.000     0.000 f  i_dram_wrapper/i_dram/inst/u_ddr4_infrastructure/gen_mmcme4.u_mmcme_adv_inst/LOCKED
                         net (fo=3, routed)           0.472     0.472    i_dram_wrapper/i_dram/inst/u_ddr4_infrastructure/mmcm_lock
    SLICE_X138Y806       LUT3 (Prop_D5LUT_SLICEM_I0_O)
                                                      0.042     0.514 r  i_dram_wrapper/i_dram/inst/u_ddr4_infrastructure/rst_async_riu_div_i_1/O
                         net (fo=1, routed)           0.116     0.630    i_dram_wrapper/i_dram/inst/u_ddr4_infrastructure/rst_async_riu_div_reg0
    SLICE_X137Y804       FDRE                                         r  i_dram_wrapper/i_dram/inst/u_ddr4_infrastructure/rst_async_riu_div_reg/D
  -------------------------------------------------------------------    -------------------

                         (clock sys_clk rise edge)    0.000     0.000 r  
    E12                                               0.000     0.000 r  sys_clk_p (IN)
                         net (fo=0)                   0.000     0.000    i_bufds_sys_clk/I
    HPIOBDIFFINBUF_X1Y300
                         DIFFINBUF (Prop_DIFFINBUF_HPIOBDIFFINBUF_DIFF_IN_P_O)
                                                      0.446     0.446 r  i_bufds_sys_clk/DIFFINBUF_INST/O
                         net (fo=1, routed)           0.050     0.496    i_bufds_sys_clk/OUT
    E12                  IBUFCTRL (Prop_IBUFCTRL_HPIOB_M_I_O)
                                                      0.000     0.496 r  i_bufds_sys_clk/IBUFCTRL_INST/O
                         net (fo=1, routed)           0.183     0.679    sys_clk
    BUFGCE_X1Y289        BUFGCE (Prop_BUFCE_BUFGCE_I_O)
                                                      0.019     0.698 r  sys_clk_BUFGCE_inst/O
    X4Y12 (CLOCK_ROOT)   net (fo=19, routed)          0.728     1.426    i_dram_wrapper/i_dram/inst/u_ddr4_infrastructure/sys_clk_in
    SLICE_X137Y804       FDRE                                         r  i_dram_wrapper/i_dram/inst/u_ddr4_infrastructure/rst_async_riu_div_reg/C





