kernel,tag,avl,blas_lmul,gemm_rows,run_mode,status,"IPC","cva6-d$-stalls","cva6-i$-stalls","cva6-sb-full","duration","hw-cycles","lane utilization","lane0 bank0_conflict_ratio","lane0 bank0_total_conflicts","lane0 bank0_total_requests","lane0 bank1_conflict_ratio","lane0 bank1_total_conflicts","lane0 bank1_total_requests","lane0 bank2_conflict_ratio","lane0 bank2_total_conflicts","lane0 bank2_total_requests","lane0 bank3_conflict_ratio","lane0 bank3_total_conflicts","lane0 bank3_total_requests","lane0 bank4_conflict_ratio","lane0 bank4_total_conflicts","lane0 bank4_total_requests","lane0 bank5_conflict_ratio","lane0 bank5_total_conflicts","lane0 bank5_total_requests","lane0 bank6_conflict_ratio","lane0 bank6_total_conflicts","lane0 bank6_total_requests","lane0 bank7_conflict_ratio","lane0 bank7_total_conflicts","lane0 bank7_total_requests","lane0 compute utilization","lane0 conflict_ratio","lane0 hp_block_lp","lane0 total_bank_conflicts","lane0 total_bank_requests","lane0 total_hp_bank_conflicts","lane0 total_hp_bank_requests","lane0 total_lp_bank_conflicts","lane0 total_lp_bank_requests","lane1 bank0_conflict_ratio","lane1 bank0_total_conflicts","lane1 bank0_total_requests","lane1 bank1_conflict_ratio","lane1 bank1_total_conflicts","lane1 bank1_total_requests","lane1 bank2_conflict_ratio","lane1 bank2_total_conflicts","lane1 bank2_total_requests","lane1 bank3_conflict_ratio","lane1 bank3_total_conflicts","lane1 bank3_total_requests","lane1 bank4_conflict_ratio","lane1 bank4_total_conflicts","lane1 bank4_total_requests","lane1 bank5_conflict_ratio","lane1 bank5_total_conflicts","lane1 bank5_total_requests","lane1 bank6_conflict_ratio","lane1 bank6_total_conflicts","lane1 bank6_total_requests","lane1 bank7_conflict_ratio","lane1 bank7_total_conflicts","lane1 bank7_total_requests","lane1 compute utilization","lane1 hp_block_lp","lane1 total_bank_conflicts","lane1 total_bank_requests","lane1 total_hp_bank_conflicts","lane1 total_hp_bank_requests","lane1 total_lp_bank_conflicts","lane1 total_lp_bank_requests","lane2 bank0_conflict_ratio","lane2 bank0_total_conflicts","lane2 bank0_total_requests","lane2 bank1_conflict_ratio","lane2 bank1_total_conflicts","lane2 bank1_total_requests","lane2 bank2_conflict_ratio","lane2 bank2_total_conflicts","lane2 bank2_total_requests","lane2 bank3_conflict_ratio","lane2 bank3_total_conflicts","lane2 bank3_total_requests","lane2 bank4_conflict_ratio","lane2 bank4_total_conflicts","lane2 bank4_total_requests","lane2 bank5_conflict_ratio","lane2 bank5_total_conflicts","lane2 bank5_total_requests","lane2 bank6_conflict_ratio","lane2 bank6_total_conflicts","lane2 bank6_total_requests","lane2 bank7_conflict_ratio","lane2 bank7_total_conflicts","lane2 bank7_total_requests","lane2 compute utilization","lane2 hp_block_lp","lane2 total_bank_conflicts","lane2 total_bank_requests","lane2 total_hp_bank_conflicts","lane2 total_hp_bank_requests","lane2 total_lp_bank_conflicts","lane2 total_lp_bank_requests","lane3 bank0_conflict_ratio","lane3 bank0_total_conflicts","lane3 bank0_total_requests","lane3 bank1_conflict_ratio","lane3 bank1_total_conflicts","lane3 bank1_total_requests","lane3 bank2_conflict_ratio","lane3 bank2_total_conflicts","lane3 bank2_total_requests","lane3 bank3_conflict_ratio","lane3 bank3_total_conflicts","lane3 bank3_total_requests","lane3 bank4_conflict_ratio","lane3 bank4_total_conflicts","lane3 bank4_total_requests","lane3 bank5_conflict_ratio","lane3 bank5_total_conflicts","lane3 bank5_total_requests","lane3 bank6_conflict_ratio","lane3 bank6_total_conflicts","lane3 bank6_total_requests","lane3 bank7_conflict_ratio","lane3 bank7_total_conflicts","lane3 bank7_total_requests","lane3 compute utilization","lane3 hp_block_lp","lane3 total_bank_conflicts","lane3 total_bank_requests","lane3 total_hp_bank_conflicts","lane3 total_hp_bank_requests","lane3 total_lp_bank_conflicts","lane3 total_lp_bank_requests","rvv_axi_ar_count","rvv_axi_aw_count","rvv_axi_b_count","rvv_axi_r_count","rvv_axi_w_count","rvv_op","rvv_op_fd","rvv_op_fs1","rvv_op_load","rvv_op_store","seq_block_cycles","seq_false_hazard_cycles","seq_raw_hazard_cycles","seq_war_hazard_cycles","seq_waw_hazard_cycles","total_cycles","total_insns","total_rvv_cycles","total_rvv_lane0_compute_cycles","total_rvv_lane1_compute_cycles","total_rvv_lane2_compute_cycles","total_rvv_lane3_compute_cycles","total_rvv_lane_cycles","total_rvv_load_lane_cycles","total_rvv_load_only_cycles","total_rvv_mem_lane_cycles","total_rvv_mem_only_cycles","total_rvv_store_lane_cycles","total_rvv_store_only_cycles","total_vector_insns","vector inst rate"
vsaxpy_asm,avl32,32,,,ideal,OK,NA,0,0,0,510000 x100fs,51,0.529,NA,NA,NA,NA,NA,NA,NA,NA,NA,NA,NA,NA,NA,NA,NA,NA,NA,NA,NA,NA,NA,NA,NA,NA,0.078,0.000,0,0,24,0,12,0,12,NA,NA,NA,NA,NA,NA,NA,NA,NA,NA,NA,NA,NA,NA,NA,NA,NA,NA,NA,NA,NA,NA,NA,NA,0.078,NA,NA,NA,NA,NA,NA,NA,NA,NA,NA,NA,NA,NA,NA,NA,NA,NA,NA,NA,NA,NA,NA,NA,NA,NA,NA,NA,NA,NA,NA,NA,0.078,NA,NA,NA,NA,NA,NA,NA,NA,NA,NA,NA,NA,NA,NA,NA,NA,NA,NA,NA,NA,NA,NA,NA,NA,NA,NA,NA,NA,NA,NA,NA,0.078,NA,NA,NA,NA,NA,NA,NA,NA,NA,NA,NA,NA,NA,NA,NA,NA,NA,0,1,2,1,1,NA,NA,51,4,4,4,4,27,20,10,27,21,26,11,NA,NA
vsaxpy_asm,avl64,64,,,ideal,OK,NA,0,0,0,910000 x100fs,91,0.549,NA,NA,NA,NA,NA,NA,NA,NA,NA,NA,NA,NA,NA,NA,NA,NA,NA,NA,NA,NA,NA,NA,NA,NA,0.088,0.000,0,0,48,0,24,0,24,NA,NA,NA,NA,NA,NA,NA,NA,NA,NA,NA,NA,NA,NA,NA,NA,NA,NA,NA,NA,NA,NA,NA,NA,0.088,NA,NA,NA,NA,NA,NA,NA,NA,NA,NA,NA,NA,NA,NA,NA,NA,NA,NA,NA,NA,NA,NA,NA,NA,NA,NA,NA,NA,NA,NA,NA,0.088,NA,NA,NA,NA,NA,NA,NA,NA,NA,NA,NA,NA,NA,NA,NA,NA,NA,NA,NA,NA,NA,NA,NA,NA,NA,NA,NA,NA,NA,NA,NA,0.088,NA,NA,NA,NA,NA,NA,NA,NA,NA,NA,NA,NA,NA,NA,NA,NA,NA,14,16,4,15,2,NA,NA,91,8,8,8,8,50,36,26,50,38,48,22,NA,NA
vsaxpy_asm,avl128,128,,,ideal,OK,NA,0,0,0,1710000 x100fs,171,0.561,NA,NA,NA,NA,NA,NA,NA,NA,NA,NA,NA,NA,NA,NA,NA,NA,NA,NA,NA,NA,NA,NA,NA,NA,0.094,0.000,0,0,96,0,48,0,48,NA,NA,NA,NA,NA,NA,NA,NA,NA,NA,NA,NA,NA,NA,NA,NA,NA,NA,NA,NA,NA,NA,NA,NA,0.094,NA,NA,NA,NA,NA,NA,NA,NA,NA,NA,NA,NA,NA,NA,NA,NA,NA,NA,NA,NA,NA,NA,NA,NA,NA,NA,NA,NA,NA,NA,NA,0.094,NA,NA,NA,NA,NA,NA,NA,NA,NA,NA,NA,NA,NA,NA,NA,NA,NA,NA,NA,NA,NA,NA,NA,NA,NA,NA,NA,NA,NA,NA,NA,0.094,NA,NA,NA,NA,NA,NA,NA,NA,NA,NA,NA,NA,NA,NA,NA,NA,NA,42,46,8,43,4,NA,NA,171,16,16,16,16,96,68,58,96,72,92,44,NA,NA
vsaxpy_asm,avl256,256,,,ideal,OK,NA,0,0,0,3310000 x100fs,331,0.568,NA,NA,NA,NA,NA,NA,NA,NA,NA,NA,NA,NA,NA,NA,NA,NA,NA,NA,NA,NA,NA,NA,NA,NA,0.097,0.000,0,0,192,0,96,0,96,NA,NA,NA,NA,NA,NA,NA,NA,NA,NA,NA,NA,NA,NA,NA,NA,NA,NA,NA,NA,NA,NA,NA,NA,0.097,NA,NA,NA,NA,NA,NA,NA,NA,NA,NA,NA,NA,NA,NA,NA,NA,NA,NA,NA,NA,NA,NA,NA,NA,NA,NA,NA,NA,NA,NA,NA,0.097,NA,NA,NA,NA,NA,NA,NA,NA,NA,NA,NA,NA,NA,NA,NA,NA,NA,NA,NA,NA,NA,NA,NA,NA,NA,NA,NA,NA,NA,NA,NA,0.097,NA,NA,NA,NA,NA,NA,NA,NA,NA,NA,NA,NA,NA,NA,NA,NA,NA,98,106,16,99,8,NA,NA,331,32,32,32,32,188,132,122,188,140,180,88,NA,NA
vsaxpy_asm,avl512,512,,,ideal,OK,NA,0,0,0,6510000 x100fs,651,0.571,NA,NA,NA,NA,NA,NA,NA,NA,NA,NA,NA,NA,NA,NA,NA,NA,NA,NA,NA,NA,NA,NA,NA,NA,0.098,0.000,0,0,384,0,192,0,192,NA,NA,NA,NA,NA,NA,NA,NA,NA,NA,NA,NA,NA,NA,NA,NA,NA,NA,NA,NA,NA,NA,NA,NA,0.098,NA,NA,NA,NA,NA,NA,NA,NA,NA,NA,NA,NA,NA,NA,NA,NA,NA,NA,NA,NA,NA,NA,NA,NA,NA,NA,NA,NA,NA,NA,NA,0.098,NA,NA,NA,NA,NA,NA,NA,NA,NA,NA,NA,NA,NA,NA,NA,NA,NA,NA,NA,NA,NA,NA,NA,NA,NA,NA,NA,NA,NA,NA,NA,0.098,NA,NA,NA,NA,NA,NA,NA,NA,NA,NA,NA,NA,NA,NA,NA,NA,NA,210,226,32,211,16,NA,NA,651,64,64,64,64,372,260,250,372,276,356,176,NA,NA
vsaxpy_asm,avl1024,1024,,,ideal,OK,NA,0,0,0,12900000 x100fs,1290,0.573,NA,NA,NA,NA,NA,NA,NA,NA,NA,NA,NA,NA,NA,NA,NA,NA,NA,NA,NA,NA,NA,NA,NA,NA,0.099,0.000,0,0,768,0,384,0,384,NA,NA,NA,NA,NA,NA,NA,NA,NA,NA,NA,NA,NA,NA,NA,NA,NA,NA,NA,NA,NA,NA,NA,NA,0.099,NA,NA,NA,NA,NA,NA,NA,NA,NA,NA,NA,NA,NA,NA,NA,NA,NA,NA,NA,NA,NA,NA,NA,NA,NA,NA,NA,NA,NA,NA,NA,0.099,NA,NA,NA,NA,NA,NA,NA,NA,NA,NA,NA,NA,NA,NA,NA,NA,NA,NA,NA,NA,NA,NA,NA,NA,NA,NA,NA,NA,NA,NA,NA,0.099,NA,NA,NA,NA,NA,NA,NA,NA,NA,NA,NA,NA,NA,NA,NA,NA,NA,434,466,64,435,32,NA,NA,1290,128,128,128,128,739,515,507,739,548,707,351,NA,NA
vsaxpy_asm,avl2048,2048,,,ideal,OK,NA,0,0,0,25690000 x100fs,2569,0.574,NA,NA,NA,NA,NA,NA,NA,NA,NA,NA,NA,NA,NA,NA,NA,NA,NA,NA,NA,NA,NA,NA,NA,NA,0.100,0.000,0,0,1536,0,768,0,768,NA,NA,NA,NA,NA,NA,NA,NA,NA,NA,NA,NA,NA,NA,NA,NA,NA,NA,NA,NA,NA,NA,NA,NA,0.100,NA,NA,NA,NA,NA,NA,NA,NA,NA,NA,NA,NA,NA,NA,NA,NA,NA,NA,NA,NA,NA,NA,NA,NA,NA,NA,NA,NA,NA,NA,NA,0.100,NA,NA,NA,NA,NA,NA,NA,NA,NA,NA,NA,NA,NA,NA,NA,NA,NA,NA,NA,NA,NA,NA,NA,NA,NA,NA,NA,NA,NA,NA,NA,0.100,NA,NA,NA,NA,NA,NA,NA,NA,NA,NA,NA,NA,NA,NA,NA,NA,NA,880,944,128,881,64,NA,NA,2569,256,256,256,256,1474,1026,1019,1474,1092,1410,702,NA,NA
vsaxpy_asm,avl4096,4096,,,ideal,OK,NA,0,0,0,51270000 x100fs,5127,0.574,NA,NA,NA,NA,NA,NA,NA,NA,NA,NA,NA,NA,NA,NA,NA,NA,NA,NA,NA,NA,NA,NA,NA,NA,0.100,0.000,0,0,3072,0,1536,0,1536,NA,NA,NA,NA,NA,NA,NA,NA,NA,NA,NA,NA,NA,NA,NA,NA,NA,NA,NA,NA,NA,NA,NA,NA,0.100,NA,NA,NA,NA,NA,NA,NA,NA,NA,NA,NA,NA,NA,NA,NA,NA,NA,NA,NA,NA,NA,NA,NA,NA,NA,NA,NA,NA,NA,NA,NA,0.100,NA,NA,NA,NA,NA,NA,NA,NA,NA,NA,NA,NA,NA,NA,NA,NA,NA,NA,NA,NA,NA,NA,NA,NA,NA,NA,NA,NA,NA,NA,NA,0.100,NA,NA,NA,NA,NA,NA,NA,NA,NA,NA,NA,NA,NA,NA,NA,NA,NA,1772,1900,256,1773,128,NA,NA,5127,512,512,512,512,2944,2048,2043,2944,2180,2816,1404,NA,NA
vscopy_asm,avl32,32,,,ideal,OK,NA,0,0,0,370000 x100fs,37,0.000,NA,NA,NA,NA,NA,NA,NA,NA,NA,NA,NA,NA,NA,NA,NA,NA,NA,NA,NA,NA,NA,NA,NA,NA,0.000,0.000,0,0,8,0,0,0,8,NA,NA,NA,NA,NA,NA,NA,NA,NA,NA,NA,NA,NA,NA,NA,NA,NA,NA,NA,NA,NA,NA,NA,NA,0.000,NA,NA,NA,NA,NA,NA,NA,NA,NA,NA,NA,NA,NA,NA,NA,NA,NA,NA,NA,NA,NA,NA,NA,NA,NA,NA,NA,NA,NA,NA,NA,0.000,NA,NA,NA,NA,NA,NA,NA,NA,NA,NA,NA,NA,NA,NA,NA,NA,NA,NA,NA,NA,NA,NA,NA,NA,NA,NA,NA,NA,NA,NA,NA,0.000,NA,NA,NA,NA,NA,NA,NA,NA,NA,NA,NA,NA,NA,NA,NA,NA,NA,0,0,1,0,0,NA,NA,37,0,0,0,0,0,0,21,0,34,0,29,NA,NA
vscopy_asm,avl64,64,,,ideal,OK,NA,0,0,0,720000 x100fs,72,0.000,NA,NA,NA,NA,NA,NA,NA,NA,NA,NA,NA,NA,NA,NA,NA,NA,NA,NA,NA,NA,NA,NA,NA,NA,0.000,0.000,0,0,16,0,0,0,16,NA,NA,NA,NA,NA,NA,NA,NA,NA,NA,NA,NA,NA,NA,NA,NA,NA,NA,NA,NA,NA,NA,NA,NA,0.000,NA,NA,NA,NA,NA,NA,NA,NA,NA,NA,NA,NA,NA,NA,NA,NA,NA,NA,NA,NA,NA,NA,NA,NA,NA,NA,NA,NA,NA,NA,NA,0.000,NA,NA,NA,NA,NA,NA,NA,NA,NA,NA,NA,NA,NA,NA,NA,NA,NA,NA,NA,NA,NA,NA,NA,NA,NA,NA,NA,NA,NA,NA,NA,0.000,NA,NA,NA,NA,NA,NA,NA,NA,NA,NA,NA,NA,NA,NA,NA,NA,NA,14,14,2,14,1,NA,NA,72,0,0,0,0,0,0,42,0,68,0,58,NA,NA
vscopy_asm,avl128,128,,,ideal,OK,NA,0,0,0,1420000 x100fs,142,0.000,NA,NA,NA,NA,NA,NA,NA,NA,NA,NA,NA,NA,NA,NA,NA,NA,NA,NA,NA,NA,NA,NA,NA,NA,0.000,0.000,0,0,32,0,0,0,32,NA,NA,NA,NA,NA,NA,NA,NA,NA,NA,NA,NA,NA,NA,NA,NA,NA,NA,NA,NA,NA,NA,NA,NA,0.000,NA,NA,NA,NA,NA,NA,NA,NA,NA,NA,NA,NA,NA,NA,NA,NA,NA,NA,NA,NA,NA,NA,NA,NA,NA,NA,NA,NA,NA,NA,NA,0.000,NA,NA,NA,NA,NA,NA,NA,NA,NA,NA,NA,NA,NA,NA,NA,NA,NA,NA,NA,NA,NA,NA,NA,NA,NA,NA,NA,NA,NA,NA,NA,0.000,NA,NA,NA,NA,NA,NA,NA,NA,NA,NA,NA,NA,NA,NA,NA,NA,NA,42,42,4,42,3,NA,NA,142,0,0,0,0,0,0,84,0,136,0,116,NA,NA
vscopy_asm,avl256,256,,,ideal,OK,NA,0,0,0,2820000 x100fs,282,0.000,NA,NA,NA,NA,NA,NA,NA,NA,NA,NA,NA,NA,NA,NA,NA,NA,NA,NA,NA,NA,NA,NA,NA,NA,0.000,0.000,0,0,64,0,0,0,64,NA,NA,NA,NA,NA,NA,NA,NA,NA,NA,NA,NA,NA,NA,NA,NA,NA,NA,NA,NA,NA,NA,NA,NA,0.000,NA,NA,NA,NA,NA,NA,NA,NA,NA,NA,NA,NA,NA,NA,NA,NA,NA,NA,NA,NA,NA,NA,NA,NA,NA,NA,NA,NA,NA,NA,NA,0.000,NA,NA,NA,NA,NA,NA,NA,NA,NA,NA,NA,NA,NA,NA,NA,NA,NA,NA,NA,NA,NA,NA,NA,NA,NA,NA,NA,NA,NA,NA,NA,0.000,NA,NA,NA,NA,NA,NA,NA,NA,NA,NA,NA,NA,NA,NA,NA,NA,NA,98,98,8,98,7,NA,NA,282,0,0,0,0,0,0,168,0,272,0,232,NA,NA
vscopy_asm,avl512,512,,,ideal,OK,NA,0,0,0,5620000 x100fs,562,0.000,NA,NA,NA,NA,NA,NA,NA,NA,NA,NA,NA,NA,NA,NA,NA,NA,NA,NA,NA,NA,NA,NA,NA,NA,0.000,0.000,0,0,128,0,0,0,128,NA,NA,NA,NA,NA,NA,NA,NA,NA,NA,NA,NA,NA,NA,NA,NA,NA,NA,NA,NA,NA,NA,NA,NA,0.000,NA,NA,NA,NA,NA,NA,NA,NA,NA,NA,NA,NA,NA,NA,NA,NA,NA,NA,NA,NA,NA,NA,NA,NA,NA,NA,NA,NA,NA,NA,NA,0.000,NA,NA,NA,NA,NA,NA,NA,NA,NA,NA,NA,NA,NA,NA,NA,NA,NA,NA,NA,NA,NA,NA,NA,NA,NA,NA,NA,NA,NA,NA,NA,0.000,NA,NA,NA,NA,NA,NA,NA,NA,NA,NA,NA,NA,NA,NA,NA,NA,NA,210,210,16,210,15,NA,NA,562,0,0,0,0,0,0,336,0,544,0,464,NA,NA
vscopy_asm,avl1024,1024,,,ideal,OK,NA,0,0,0,11210000 x100fs,1121,0.000,NA,NA,NA,NA,NA,NA,NA,NA,NA,NA,NA,NA,NA,NA,NA,NA,NA,NA,NA,NA,NA,NA,NA,NA,0.000,0.000,0,0,256,0,0,0,256,NA,NA,NA,NA,NA,NA,NA,NA,NA,NA,NA,NA,NA,NA,NA,NA,NA,NA,NA,NA,NA,NA,NA,NA,0.000,NA,NA,NA,NA,NA,NA,NA,NA,NA,NA,NA,NA,NA,NA,NA,NA,NA,NA,NA,NA,NA,NA,NA,NA,NA,NA,NA,NA,NA,NA,NA,0.000,NA,NA,NA,NA,NA,NA,NA,NA,NA,NA,NA,NA,NA,NA,NA,NA,NA,NA,NA,NA,NA,NA,NA,NA,NA,NA,NA,NA,NA,NA,NA,0.000,NA,NA,NA,NA,NA,NA,NA,NA,NA,NA,NA,NA,NA,NA,NA,NA,NA,434,434,32,434,31,NA,NA,1121,0,0,0,0,0,0,672,0,1087,0,927,NA,NA
vscopy_asm,avl2048,2048,,,ideal,OK,NA,0,0,0,22400000 x100fs,2240,0.000,NA,NA,NA,NA,NA,NA,NA,NA,NA,NA,NA,NA,NA,NA,NA,NA,NA,NA,NA,NA,NA,NA,NA,NA,0.000,0.000,0,0,512,0,0,0,512,NA,NA,NA,NA,NA,NA,NA,NA,NA,NA,NA,NA,NA,NA,NA,NA,NA,NA,NA,NA,NA,NA,NA,NA,0.000,NA,NA,NA,NA,NA,NA,NA,NA,NA,NA,NA,NA,NA,NA,NA,NA,NA,NA,NA,NA,NA,NA,NA,NA,NA,NA,NA,NA,NA,NA,NA,0.000,NA,NA,NA,NA,NA,NA,NA,NA,NA,NA,NA,NA,NA,NA,NA,NA,NA,NA,NA,NA,NA,NA,NA,NA,NA,NA,NA,NA,NA,NA,NA,0.000,NA,NA,NA,NA,NA,NA,NA,NA,NA,NA,NA,NA,NA,NA,NA,NA,NA,880,880,64,880,62,NA,NA,2240,0,0,0,0,0,0,1344,0,2174,0,1854,NA,NA
vscopy_asm,avl4096,4096,,,ideal,OK,NA,0,0,0,44780000 x100fs,4478,0.000,NA,NA,NA,NA,NA,NA,NA,NA,NA,NA,NA,NA,NA,NA,NA,NA,NA,NA,NA,NA,NA,NA,NA,NA,0.000,0.000,0,0,1024,0,0,0,1024,NA,NA,NA,NA,NA,NA,NA,NA,NA,NA,NA,NA,NA,NA,NA,NA,NA,NA,NA,NA,NA,NA,NA,NA,0.000,NA,NA,NA,NA,NA,NA,NA,NA,NA,NA,NA,NA,NA,NA,NA,NA,NA,NA,NA,NA,NA,NA,NA,NA,NA,NA,NA,NA,NA,NA,NA,0.000,NA,NA,NA,NA,NA,NA,NA,NA,NA,NA,NA,NA,NA,NA,NA,NA,NA,NA,NA,NA,NA,NA,NA,NA,NA,NA,NA,NA,NA,NA,NA,0.000,NA,NA,NA,NA,NA,NA,NA,NA,NA,NA,NA,NA,NA,NA,NA,NA,NA,1772,1772,128,1772,124,NA,NA,4478,0,0,0,0,0,0,2688,0,4348,0,3708,NA,NA
vsswap_asm,avl32,32,,,ideal,OK,NA,0,0,0,540000 x100fs,54,0.000,NA,NA,NA,NA,NA,NA,NA,NA,NA,NA,NA,NA,NA,NA,NA,NA,NA,NA,NA,NA,NA,NA,NA,NA,0.000,0.000,0,0,16,0,0,0,16,NA,NA,NA,NA,NA,NA,NA,NA,NA,NA,NA,NA,NA,NA,NA,NA,NA,NA,NA,NA,NA,NA,NA,NA,0.000,NA,NA,NA,NA,NA,NA,NA,NA,NA,NA,NA,NA,NA,NA,NA,NA,NA,NA,NA,NA,NA,NA,NA,NA,NA,NA,NA,NA,NA,NA,NA,0.000,NA,NA,NA,NA,NA,NA,NA,NA,NA,NA,NA,NA,NA,NA,NA,NA,NA,NA,NA,NA,NA,NA,NA,NA,NA,NA,NA,NA,NA,NA,NA,0.000,NA,NA,NA,NA,NA,NA,NA,NA,NA,NA,NA,NA,NA,NA,NA,NA,NA,0,0,1,0,0,NA,NA,54,0,0,0,0,0,0,30,0,51,0,41,NA,NA
vsswap_asm,avl64,64,,,ideal,OK,NA,0,0,0,1060000 x100fs,106,0.000,NA,NA,NA,NA,NA,NA,NA,NA,NA,NA,NA,NA,NA,NA,NA,NA,NA,NA,NA,NA,NA,NA,NA,NA,0.000,0.000,0,0,32,0,0,0,32,NA,NA,NA,NA,NA,NA,NA,NA,NA,NA,NA,NA,NA,NA,NA,NA,NA,NA,NA,NA,NA,NA,NA,NA,0.000,NA,NA,NA,NA,NA,NA,NA,NA,NA,NA,NA,NA,NA,NA,NA,NA,NA,NA,NA,NA,NA,NA,NA,NA,NA,NA,NA,NA,NA,NA,NA,0.000,NA,NA,NA,NA,NA,NA,NA,NA,NA,NA,NA,NA,NA,NA,NA,NA,NA,NA,NA,NA,NA,NA,NA,NA,NA,NA,NA,NA,NA,NA,NA,0.000,NA,NA,NA,NA,NA,NA,NA,NA,NA,NA,NA,NA,NA,NA,NA,NA,NA,17,17,2,17,0,NA,NA,106,0,0,0,0,0,0,60,0,102,0,82,NA,NA
vsswap_asm,avl128,128,,,ideal,OK,NA,0,0,0,2100000 x100fs,210,0.000,NA,NA,NA,NA,NA,NA,NA,NA,NA,NA,NA,NA,NA,NA,NA,NA,NA,NA,NA,NA,NA,NA,NA,NA,0.000,0.000,0,0,64,0,0,0,64,NA,NA,NA,NA,NA,NA,NA,NA,NA,NA,NA,NA,NA,NA,NA,NA,NA,NA,NA,NA,NA,NA,NA,NA,0.000,NA,NA,NA,NA,NA,NA,NA,NA,NA,NA,NA,NA,NA,NA,NA,NA,NA,NA,NA,NA,NA,NA,NA,NA,NA,NA,NA,NA,NA,NA,NA,0.000,NA,NA,NA,NA,NA,NA,NA,NA,NA,NA,NA,NA,NA,NA,NA,NA,NA,NA,NA,NA,NA,NA,NA,NA,NA,NA,NA,NA,NA,NA,NA,0.000,NA,NA,NA,NA,NA,NA,NA,NA,NA,NA,NA,NA,NA,NA,NA,NA,NA,51,51,4,51,0,NA,NA,210,0,0,0,0,0,0,120,0,204,0,164,NA,NA
vsswap_asm,avl256,256,,,ideal,OK,NA,0,0,0,4180000 x100fs,418,0.000,NA,NA,NA,NA,NA,NA,NA,NA,NA,NA,NA,NA,NA,NA,NA,NA,NA,NA,NA,NA,NA,NA,NA,NA,0.000,0.000,0,0,128,0,0,0,128,NA,NA,NA,NA,NA,NA,NA,NA,NA,NA,NA,NA,NA,NA,NA,NA,NA,NA,NA,NA,NA,NA,NA,NA,0.000,NA,NA,NA,NA,NA,NA,NA,NA,NA,NA,NA,NA,NA,NA,NA,NA,NA,NA,NA,NA,NA,NA,NA,NA,NA,NA,NA,NA,NA,NA,NA,0.000,NA,NA,NA,NA,NA,NA,NA,NA,NA,NA,NA,NA,NA,NA,NA,NA,NA,NA,NA,NA,NA,NA,NA,NA,NA,NA,NA,NA,NA,NA,NA,0.000,NA,NA,NA,NA,NA,NA,NA,NA,NA,NA,NA,NA,NA,NA,NA,NA,NA,119,119,8,119,0,NA,NA,418,0,0,0,0,0,0,240,0,408,0,328,NA,NA
vsswap_asm,avl512,512,,,ideal,OK,NA,0,0,0,8340000 x100fs,834,0.000,NA,NA,NA,NA,NA,NA,NA,NA,NA,NA,NA,NA,NA,NA,NA,NA,NA,NA,NA,NA,NA,NA,NA,NA,0.000,0.000,0,0,256,0,0,0,256,NA,NA,NA,NA,NA,NA,NA,NA,NA,NA,NA,NA,NA,NA,NA,NA,NA,NA,NA,NA,NA,NA,NA,NA,0.000,NA,NA,NA,NA,NA,NA,NA,NA,NA,NA,NA,NA,NA,NA,NA,NA,NA,NA,NA,NA,NA,NA,NA,NA,NA,NA,NA,NA,NA,NA,NA,0.000,NA,NA,NA,NA,NA,NA,NA,NA,NA,NA,NA,NA,NA,NA,NA,NA,NA,NA,NA,NA,NA,NA,NA,NA,NA,NA,NA,NA,NA,NA,NA,0.000,NA,NA,NA,NA,NA,NA,NA,NA,NA,NA,NA,NA,NA,NA,NA,NA,NA,255,255,16,255,0,NA,NA,834,0,0,0,0,0,0,480,0,816,0,656,NA,NA
vsswap_asm,avl1024,1024,,,ideal,OK,NA,0,0,0,16650000 x100fs,1665,0.000,NA,NA,NA,NA,NA,NA,NA,NA,NA,NA,NA,NA,NA,NA,NA,NA,NA,NA,NA,NA,NA,NA,NA,NA,0.000,0.000,0,0,512,0,0,0,512,NA,NA,NA,NA,NA,NA,NA,NA,NA,NA,NA,NA,NA,NA,NA,NA,NA,NA,NA,NA,NA,NA,NA,NA,0.000,NA,NA,NA,NA,NA,NA,NA,NA,NA,NA,NA,NA,NA,NA,NA,NA,NA,NA,NA,NA,NA,NA,NA,NA,NA,NA,NA,NA,NA,NA,NA,0.000,NA,NA,NA,NA,NA,NA,NA,NA,NA,NA,NA,NA,NA,NA,NA,NA,NA,NA,NA,NA,NA,NA,NA,NA,NA,NA,NA,NA,NA,NA,NA,0.000,NA,NA,NA,NA,NA,NA,NA,NA,NA,NA,NA,NA,NA,NA,NA,NA,NA,527,527,32,527,0,NA,NA,1665,0,0,0,0,0,0,960,0,1631,0,1310,NA,NA
vsswap_asm,avl2048,2048,,,ideal,OK,NA,0,0,0,33280000 x100fs,3328,0.000,NA,NA,NA,NA,NA,NA,NA,NA,NA,NA,NA,NA,NA,NA,NA,NA,NA,NA,NA,NA,NA,NA,NA,NA,0.000,0.000,0,0,1024,0,0,0,1024,NA,NA,NA,NA,NA,NA,NA,NA,NA,NA,NA,NA,NA,NA,NA,NA,NA,NA,NA,NA,NA,NA,NA,NA,0.000,NA,NA,NA,NA,NA,NA,NA,NA,NA,NA,NA,NA,NA,NA,NA,NA,NA,NA,NA,NA,NA,NA,NA,NA,NA,NA,NA,NA,NA,NA,NA,0.000,NA,NA,NA,NA,NA,NA,NA,NA,NA,NA,NA,NA,NA,NA,NA,NA,NA,NA,NA,NA,NA,NA,NA,NA,NA,NA,NA,NA,NA,NA,NA,0.000,NA,NA,NA,NA,NA,NA,NA,NA,NA,NA,NA,NA,NA,NA,NA,NA,NA,1069,1069,64,1069,0,NA,NA,3328,0,0,0,0,0,0,1920,0,3262,0,2620,NA,NA
vsswap_asm,avl4096,4096,,,ideal,OK,NA,0,0,0,66540000 x100fs,6654,0.000,NA,NA,NA,NA,NA,NA,NA,NA,NA,NA,NA,NA,NA,NA,NA,NA,NA,NA,NA,NA,NA,NA,NA,NA,0.000,0.000,0,0,2048,0,0,0,2048,NA,NA,NA,NA,NA,NA,NA,NA,NA,NA,NA,NA,NA,NA,NA,NA,NA,NA,NA,NA,NA,NA,NA,NA,0.000,NA,NA,NA,NA,NA,NA,NA,NA,NA,NA,NA,NA,NA,NA,NA,NA,NA,NA,NA,NA,NA,NA,NA,NA,NA,NA,NA,NA,NA,NA,NA,0.000,NA,NA,NA,NA,NA,NA,NA,NA,NA,NA,NA,NA,NA,NA,NA,NA,NA,NA,NA,NA,NA,NA,NA,NA,NA,NA,NA,NA,NA,NA,NA,0.000,NA,NA,NA,NA,NA,NA,NA,NA,NA,NA,NA,NA,NA,NA,NA,NA,NA,2153,2153,128,2153,0,NA,NA,6654,0,0,0,0,0,0,3840,0,6524,0,5240,NA,NA
vsdot_asm,avl32,32,,,ideal,OK,NA,0,0,0,890000 x100fs,89,0.899,NA,NA,NA,NA,NA,NA,NA,NA,NA,NA,NA,NA,NA,NA,NA,NA,NA,NA,NA,NA,NA,NA,NA,NA,0.090,0.031,0,1,32,1,23,0,9,NA,NA,NA,NA,NA,NA,NA,NA,NA,NA,NA,NA,NA,NA,NA,NA,NA,NA,NA,NA,NA,NA,NA,NA,0.090,NA,NA,NA,NA,NA,NA,NA,NA,NA,NA,NA,NA,NA,NA,NA,NA,NA,NA,NA,NA,NA,NA,NA,NA,NA,NA,NA,NA,NA,NA,NA,0.090,NA,NA,NA,NA,NA,NA,NA,NA,NA,NA,NA,NA,NA,NA,NA,NA,NA,NA,NA,NA,NA,NA,NA,NA,NA,NA,NA,NA,NA,NA,NA,0.090,NA,NA,NA,NA,NA,NA,NA,NA,NA,NA,NA,NA,NA,NA,NA,NA,NA,0,1,3,1,0,NA,NA,89,8,8,8,8,80,26,4,26,4,0,0,NA,NA
vsdot_asm,avl64,64,,,ideal,OK,NA,0,0,0,1480000 x100fs,148,0.939,NA,NA,NA,NA,NA,NA,NA,NA,NA,NA,NA,NA,NA,NA,NA,NA,NA,NA,NA,NA,NA,NA,NA,NA,0.108,0.034,0,2,59,2,42,0,17,NA,NA,NA,NA,NA,NA,NA,NA,NA,NA,NA,NA,NA,NA,NA,NA,NA,NA,NA,NA,NA,NA,NA,NA,0.108,NA,NA,NA,NA,NA,NA,NA,NA,NA,NA,NA,NA,NA,NA,NA,NA,NA,NA,NA,NA,NA,NA,NA,NA,NA,NA,NA,NA,NA,NA,NA,0.108,NA,NA,NA,NA,NA,NA,NA,NA,NA,NA,NA,NA,NA,NA,NA,NA,NA,NA,NA,NA,NA,NA,NA,NA,NA,NA,NA,NA,NA,NA,NA,0.108,NA,NA,NA,NA,NA,NA,NA,NA,NA,NA,NA,NA,NA,NA,NA,NA,NA,25,28,5,28,10,NA,NA,148,16,16,16,16,139,56,4,56,4,0,0,NA,NA
vsdot_asm,avl128,128,,,ideal,OK,NA,0,0,0,2660000 x100fs,266,0.966,NA,NA,NA,NA,NA,NA,NA,NA,NA,NA,NA,NA,NA,NA,NA,NA,NA,NA,NA,NA,NA,NA,NA,NA,0.120,0.035,0,4,113,4,80,0,33,NA,NA,NA,NA,NA,NA,NA,NA,NA,NA,NA,NA,NA,NA,NA,NA,NA,NA,NA,NA,NA,NA,NA,NA,0.120,NA,NA,NA,NA,NA,NA,NA,NA,NA,NA,NA,NA,NA,NA,NA,NA,NA,NA,NA,NA,NA,NA,NA,NA,NA,NA,NA,NA,NA,NA,NA,0.120,NA,NA,NA,NA,NA,NA,NA,NA,NA,NA,NA,NA,NA,NA,NA,NA,NA,NA,NA,NA,NA,NA,NA,NA,NA,NA,NA,NA,NA,NA,NA,0.120,NA,NA,NA,NA,NA,NA,NA,NA,NA,NA,NA,NA,NA,NA,NA,NA,NA,115,122,9,122,30,NA,NA,266,32,32,32,32,257,116,4,116,4,0,0,NA,NA
vsdot_asm,avl256,256,,,ideal,OK,NA,0,0,0,5020000 x100fs,502,0.982,NA,NA,NA,NA,NA,NA,NA,NA,NA,NA,NA,NA,NA,NA,NA,NA,NA,NA,NA,NA,NA,NA,NA,NA,0.127,0.036,0,8,221,8,156,0,65,NA,NA,NA,NA,NA,NA,NA,NA,NA,NA,NA,NA,NA,NA,NA,NA,NA,NA,NA,NA,NA,NA,NA,NA,0.127,NA,NA,NA,NA,NA,NA,NA,NA,NA,NA,NA,NA,NA,NA,NA,NA,NA,NA,NA,NA,NA,NA,NA,NA,NA,NA,NA,NA,NA,NA,NA,0.127,NA,NA,NA,NA,NA,NA,NA,NA,NA,NA,NA,NA,NA,NA,NA,NA,NA,NA,NA,NA,NA,NA,NA,NA,NA,NA,NA,NA,NA,NA,NA,0.127,NA,NA,NA,NA,NA,NA,NA,NA,NA,NA,NA,NA,NA,NA,NA,NA,NA,295,310,17,310,70,NA,NA,502,64,64,64,64,493,236,4,236,4,0,0,NA,NA
vsdot_asm,avl512,512,,,ideal,OK,NA,0,0,0,9740000 x100fs,974,0.991,NA,NA,NA,NA,NA,NA,NA,NA,NA,NA,NA,NA,NA,NA,NA,NA,NA,NA,NA,NA,NA,NA,NA,NA,0.131,0.037,0,16,437,16,308,0,129,NA,NA,NA,NA,NA,NA,NA,NA,NA,NA,NA,NA,NA,NA,NA,NA,NA,NA,NA,NA,NA,NA,NA,NA,0.131,NA,NA,NA,NA,NA,NA,NA,NA,NA,NA,NA,NA,NA,NA,NA,NA,NA,NA,NA,NA,NA,NA,NA,NA,NA,NA,NA,NA,NA,NA,NA,0.131,NA,NA,NA,NA,NA,NA,NA,NA,NA,NA,NA,NA,NA,NA,NA,NA,NA,NA,NA,NA,NA,NA,NA,NA,NA,NA,NA,NA,NA,NA,NA,0.131,NA,NA,NA,NA,NA,NA,NA,NA,NA,NA,NA,NA,NA,NA,NA,NA,NA,655,686,33,686,150,NA,NA,974,128,128,128,128,965,476,4,476,4,0,0,NA,NA
vsdot_asm,avl1024,1024,,,ideal,OK,NA,0,0,0,19180000 x100fs,1918,0.995,NA,NA,NA,NA,NA,NA,NA,NA,NA,NA,NA,NA,NA,NA,NA,NA,NA,NA,NA,NA,NA,NA,NA,NA,0.133,0.037,0,32,869,32,612,0,257,NA,NA,NA,NA,NA,NA,NA,NA,NA,NA,NA,NA,NA,NA,NA,NA,NA,NA,NA,NA,NA,NA,NA,NA,0.133,NA,NA,NA,NA,NA,NA,NA,NA,NA,NA,NA,NA,NA,NA,NA,NA,NA,NA,NA,NA,NA,NA,NA,NA,NA,NA,NA,NA,NA,NA,NA,0.133,NA,NA,NA,NA,NA,NA,NA,NA,NA,NA,NA,NA,NA,NA,NA,NA,NA,NA,NA,NA,NA,NA,NA,NA,NA,NA,NA,NA,NA,NA,NA,0.133,NA,NA,NA,NA,NA,NA,NA,NA,NA,NA,NA,NA,NA,NA,NA,NA,NA,1375,1438,65,1438,310,NA,NA,1918,256,256,256,256,1909,956,4,956,4,0,0,NA,NA
vsdot_asm,avl2048,2048,,,ideal,OK,NA,0,0,0,38060000 x100fs,3806,0.998,NA,NA,NA,NA,NA,NA,NA,NA,NA,NA,NA,NA,NA,NA,NA,NA,NA,NA,NA,NA,NA,NA,NA,NA,0.135,0.037,0,64,1733,64,1220,0,513,NA,NA,NA,NA,NA,NA,NA,NA,NA,NA,NA,NA,NA,NA,NA,NA,NA,NA,NA,NA,NA,NA,NA,NA,0.135,NA,NA,NA,NA,NA,NA,NA,NA,NA,NA,NA,NA,NA,NA,NA,NA,NA,NA,NA,NA,NA,NA,NA,NA,NA,NA,NA,NA,NA,NA,NA,0.135,NA,NA,NA,NA,NA,NA,NA,NA,NA,NA,NA,NA,NA,NA,NA,NA,NA,NA,NA,NA,NA,NA,NA,NA,NA,NA,NA,NA,NA,NA,NA,0.135,NA,NA,NA,NA,NA,NA,NA,NA,NA,NA,NA,NA,NA,NA,NA,NA,NA,2814,2941,129,2941,629,NA,NA,3806,512,512,512,512,3797,1916,4,1916,4,0,0,NA,NA
vsdot_asm,avl4096,4096,,,ideal,OK,NA,0,0,0,75820000 x100fs,7582,0.999,NA,NA,NA,NA,NA,NA,NA,NA,NA,NA,NA,NA,NA,NA,NA,NA,NA,NA,NA,NA,NA,NA,NA,NA,0.135,0.037,0,128,3461,128,2436,0,1025,NA,NA,NA,NA,NA,NA,NA,NA,NA,NA,NA,NA,NA,NA,NA,NA,NA,NA,NA,NA,NA,NA,NA,NA,0.135,NA,NA,NA,NA,NA,NA,NA,NA,NA,NA,NA,NA,NA,NA,NA,NA,NA,NA,NA,NA,NA,NA,NA,NA,NA,NA,NA,NA,NA,NA,NA,0.135,NA,NA,NA,NA,NA,NA,NA,NA,NA,NA,NA,NA,NA,NA,NA,NA,NA,NA,NA,NA,NA,NA,NA,NA,NA,NA,NA,NA,NA,NA,NA,0.135,NA,NA,NA,NA,NA,NA,NA,NA,NA,NA,NA,NA,NA,NA,NA,NA,NA,5692,5947,257,5947,1267,NA,NA,7582,1024,1024,1024,1024,7573,3836,4,3836,4,0,0,NA,NA
vsscal_asm,avl32,32,,,ideal,OK,NA,0,0,0,420000 x100fs,42,0.548,NA,NA,NA,NA,NA,NA,NA,NA,NA,NA,NA,NA,NA,NA,NA,NA,NA,NA,NA,NA,NA,NA,NA,NA,0.095,0.000,0,0,16,0,8,0,8,NA,NA,NA,NA,NA,NA,NA,NA,NA,NA,NA,NA,NA,NA,NA,NA,NA,NA,NA,NA,NA,NA,NA,NA,0.095,NA,NA,NA,NA,NA,NA,NA,NA,NA,NA,NA,NA,NA,NA,NA,NA,NA,NA,NA,NA,NA,NA,NA,NA,NA,NA,NA,NA,NA,NA,NA,0.095,NA,NA,NA,NA,NA,NA,NA,NA,NA,NA,NA,NA,NA,NA,NA,NA,NA,NA,NA,NA,NA,NA,NA,NA,NA,NA,NA,NA,NA,NA,NA,0.095,NA,NA,NA,NA,NA,NA,NA,NA,NA,NA,NA,NA,NA,NA,NA,NA,NA,0,1,2,1,1,NA,NA,42,4,4,4,4,23,16,5,23,16,22,11,NA,NA
vsscal_asm,avl64,64,,,ideal,OK,NA,0,0,0,820000 x100fs,82,0.561,NA,NA,NA,NA,NA,NA,NA,NA,NA,NA,NA,NA,NA,NA,NA,NA,NA,NA,NA,NA,NA,NA,NA,NA,0.098,0.000,0,0,32,0,16,0,16,NA,NA,NA,NA,NA,NA,NA,NA,NA,NA,NA,NA,NA,NA,NA,NA,NA,NA,NA,NA,NA,NA,NA,NA,0.098,NA,NA,NA,NA,NA,NA,NA,NA,NA,NA,NA,NA,NA,NA,NA,NA,NA,NA,NA,NA,NA,NA,NA,NA,NA,NA,NA,NA,NA,NA,NA,0.098,NA,NA,NA,NA,NA,NA,NA,NA,NA,NA,NA,NA,NA,NA,NA,NA,NA,NA,NA,NA,NA,NA,NA,NA,NA,NA,NA,NA,NA,NA,NA,0.098,NA,NA,NA,NA,NA,NA,NA,NA,NA,NA,NA,NA,NA,NA,NA,NA,NA,19,21,4,20,10,NA,NA,82,8,8,8,8,46,32,10,46,32,44,22,NA,NA
vsscal_asm,avl128,128,,,ideal,OK,NA,0,0,0,1620000 x100fs,162,0.568,NA,NA,NA,NA,NA,NA,NA,NA,NA,NA,NA,NA,NA,NA,NA,NA,NA,NA,NA,NA,NA,NA,NA,NA,0.099,0.000,0,0,64,0,32,0,32,NA,NA,NA,NA,NA,NA,NA,NA,NA,NA,NA,NA,NA,NA,NA,NA,NA,NA,NA,NA,NA,NA,NA,NA,0.099,NA,NA,NA,NA,NA,NA,NA,NA,NA,NA,NA,NA,NA,NA,NA,NA,NA,NA,NA,NA,NA,NA,NA,NA,NA,NA,NA,NA,NA,NA,NA,0.099,NA,NA,NA,NA,NA,NA,NA,NA,NA,NA,NA,NA,NA,NA,NA,NA,NA,NA,NA,NA,NA,NA,NA,NA,NA,NA,NA,NA,NA,NA,NA,0.099,NA,NA,NA,NA,NA,NA,NA,NA,NA,NA,NA,NA,NA,NA,NA,NA,NA,57,61,8,58,28,NA,NA,162,16,16,16,16,92,64,20,92,64,88,44,NA,NA
vsscal_asm,avl256,256,,,ideal,OK,NA,0,0,0,3220000 x100fs,322,0.571,NA,NA,NA,NA,NA,NA,NA,NA,NA,NA,NA,NA,NA,NA,NA,NA,NA,NA,NA,NA,NA,NA,NA,NA,0.099,0.000,0,0,128,0,64,0,64,NA,NA,NA,NA,NA,NA,NA,NA,NA,NA,NA,NA,NA,NA,NA,NA,NA,NA,NA,NA,NA,NA,NA,NA,0.099,NA,NA,NA,NA,NA,NA,NA,NA,NA,NA,NA,NA,NA,NA,NA,NA,NA,NA,NA,NA,NA,NA,NA,NA,NA,NA,NA,NA,NA,NA,NA,0.099,NA,NA,NA,NA,NA,NA,NA,NA,NA,NA,NA,NA,NA,NA,NA,NA,NA,NA,NA,NA,NA,NA,NA,NA,NA,NA,NA,NA,NA,NA,NA,0.099,NA,NA,NA,NA,NA,NA,NA,NA,NA,NA,NA,NA,NA,NA,NA,NA,NA,133,141,16,134,64,NA,NA,322,32,32,32,32,184,128,40,184,128,176,88,NA,NA
vsscal_asm,avl512,512,,,ideal,OK,NA,0,0,0,6420000 x100fs,642,0.573,NA,NA,NA,NA,NA,NA,NA,NA,NA,NA,NA,NA,NA,NA,NA,NA,NA,NA,NA,NA,NA,NA,NA,NA,0.100,0.000,0,0,256,0,128,0,128,NA,NA,NA,NA,NA,NA,NA,NA,NA,NA,NA,NA,NA,NA,NA,NA,NA,NA,NA,NA,NA,NA,NA,NA,0.100,NA,NA,NA,NA,NA,NA,NA,NA,NA,NA,NA,NA,NA,NA,NA,NA,NA,NA,NA,NA,NA,NA,NA,NA,NA,NA,NA,NA,NA,NA,NA,0.100,NA,NA,NA,NA,NA,NA,NA,NA,NA,NA,NA,NA,NA,NA,NA,NA,NA,NA,NA,NA,NA,NA,NA,NA,NA,NA,NA,NA,NA,NA,NA,0.100,NA,NA,NA,NA,NA,NA,NA,NA,NA,NA,NA,NA,NA,NA,NA,NA,NA,285,301,32,286,136,NA,NA,642,64,64,64,64,368,256,80,368,256,352,176,NA,NA
vsscal_asm,avl1024,1024,,,ideal,OK,NA,0,0,0,12810000 x100fs,1281,0.575,NA,NA,NA,NA,NA,NA,NA,NA,NA,NA,NA,NA,NA,NA,NA,NA,NA,NA,NA,NA,NA,NA,NA,NA,0.100,0.000,0,0,512,0,256,0,256,NA,NA,NA,NA,NA,NA,NA,NA,NA,NA,NA,NA,NA,NA,NA,NA,NA,NA,NA,NA,NA,NA,NA,NA,0.100,NA,NA,NA,NA,NA,NA,NA,NA,NA,NA,NA,NA,NA,NA,NA,NA,NA,NA,NA,NA,NA,NA,NA,NA,NA,NA,NA,NA,NA,NA,NA,0.100,NA,NA,NA,NA,NA,NA,NA,NA,NA,NA,NA,NA,NA,NA,NA,NA,NA,NA,NA,NA,NA,NA,NA,NA,NA,NA,NA,NA,NA,NA,NA,0.100,NA,NA,NA,NA,NA,NA,NA,NA,NA,NA,NA,NA,NA,NA,NA,NA,NA,589,621,64,590,280,NA,NA,1281,128,128,128,128,736,512,160,736,511,704,351,NA,NA
vsscal_asm,avl2048,2048,,,ideal,OK,NA,0,0,0,25600000 x100fs,2560,0.575,NA,NA,NA,NA,NA,NA,NA,NA,NA,NA,NA,NA,NA,NA,NA,NA,NA,NA,NA,NA,NA,NA,NA,NA,0.100,0.000,0,0,1024,0,512,0,512,NA,NA,NA,NA,NA,NA,NA,NA,NA,NA,NA,NA,NA,NA,NA,NA,NA,NA,NA,NA,NA,NA,NA,NA,0.100,NA,NA,NA,NA,NA,NA,NA,NA,NA,NA,NA,NA,NA,NA,NA,NA,NA,NA,NA,NA,NA,NA,NA,NA,NA,NA,NA,NA,NA,NA,NA,0.100,NA,NA,NA,NA,NA,NA,NA,NA,NA,NA,NA,NA,NA,NA,NA,NA,NA,NA,NA,NA,NA,NA,NA,NA,NA,NA,NA,NA,NA,NA,NA,0.100,NA,NA,NA,NA,NA,NA,NA,NA,NA,NA,NA,NA,NA,NA,NA,NA,NA,1195,1259,128,1196,567,NA,NA,2560,256,256,256,256,1472,1024,320,1472,1022,1408,702,NA,NA
vsscal_asm,avl4096,4096,,,ideal,OK,NA,0,0,0,51180000 x100fs,5118,0.575,NA,NA,NA,NA,NA,NA,NA,NA,NA,NA,NA,NA,NA,NA,NA,NA,NA,NA,NA,NA,NA,NA,NA,NA,0.100,0.000,0,0,2048,0,1024,0,1024,NA,NA,NA,NA,NA,NA,NA,NA,NA,NA,NA,NA,NA,NA,NA,NA,NA,NA,NA,NA,NA,NA,NA,NA,0.100,NA,NA,NA,NA,NA,NA,NA,NA,NA,NA,NA,NA,NA,NA,NA,NA,NA,NA,NA,NA,NA,NA,NA,NA,NA,NA,NA,NA,NA,NA,NA,0.100,NA,NA,NA,NA,NA,NA,NA,NA,NA,NA,NA,NA,NA,NA,NA,NA,NA,NA,NA,NA,NA,NA,NA,NA,NA,NA,NA,NA,NA,NA,NA,0.100,NA,NA,NA,NA,NA,NA,NA,NA,NA,NA,NA,NA,NA,NA,NA,NA,NA,2407,2535,256,2408,1141,NA,NA,5118,512,512,512,512,2944,2048,640,2944,2044,2816,1404,NA,NA
vvaddint32_asm,avl32,32,,,ideal,OK,NA,0,0,0,470000 x100fs,47,0.489,NA,NA,NA,NA,NA,NA,NA,NA,NA,NA,NA,NA,NA,NA,NA,NA,NA,NA,NA,NA,NA,NA,NA,NA,0.085,0.000,0,0,24,0,12,0,12,NA,NA,NA,NA,NA,NA,NA,NA,NA,NA,NA,NA,NA,NA,NA,NA,NA,NA,NA,NA,NA,NA,NA,NA,0.085,NA,NA,NA,NA,NA,NA,NA,NA,NA,NA,NA,NA,NA,NA,NA,NA,NA,NA,NA,NA,NA,NA,NA,NA,NA,NA,NA,NA,NA,NA,NA,0.085,NA,NA,NA,NA,NA,NA,NA,NA,NA,NA,NA,NA,NA,NA,NA,NA,NA,NA,NA,NA,NA,NA,NA,NA,NA,NA,NA,NA,NA,NA,NA,0.085,NA,NA,NA,NA,NA,NA,NA,NA,NA,NA,NA,NA,NA,NA,NA,NA,NA,0,1,2,1,0,NA,NA,47,4,4,4,4,23,20,10,23,21,22,11,NA,NA
vvaddint32_asm,avl64,64,,,ideal,OK,NA,0,0,0,810000 x100fs,81,0.568,NA,NA,NA,NA,NA,NA,NA,NA,NA,NA,NA,NA,NA,NA,NA,NA,NA,NA,NA,NA,NA,NA,NA,NA,0.099,0.000,0,0,48,0,24,0,24,NA,NA,NA,NA,NA,NA,NA,NA,NA,NA,NA,NA,NA,NA,NA,NA,NA,NA,NA,NA,NA,NA,NA,NA,0.099,NA,NA,NA,NA,NA,NA,NA,NA,NA,NA,NA,NA,NA,NA,NA,NA,NA,NA,NA,NA,NA,NA,NA,NA,NA,NA,NA,NA,NA,NA,NA,0.099,NA,NA,NA,NA,NA,NA,NA,NA,NA,NA,NA,NA,NA,NA,NA,NA,NA,NA,NA,NA,NA,NA,NA,NA,NA,NA,NA,NA,NA,NA,NA,0.099,NA,NA,NA,NA,NA,NA,NA,NA,NA,NA,NA,NA,NA,NA,NA,NA,NA,4,6,4,6,0,NA,NA,81,8,8,8,8,46,40,20,46,32,44,22,NA,NA
vvaddint32_asm,avl128,128,,,ideal,OK,NA,0,0,0,1490000 x100fs,149,0.617,NA,NA,NA,NA,NA,NA,NA,NA,NA,NA,NA,NA,NA,NA,NA,NA,NA,NA,NA,NA,NA,NA,NA,NA,0.107,0.000,0,0,96,0,48,0,48,NA,NA,NA,NA,NA,NA,NA,NA,NA,NA,NA,NA,NA,NA,NA,NA,NA,NA,NA,NA,NA,NA,NA,NA,0.107,NA,NA,NA,NA,NA,NA,NA,NA,NA,NA,NA,NA,NA,NA,NA,NA,NA,NA,NA,NA,NA,NA,NA,NA,NA,NA,NA,NA,NA,NA,NA,0.107,NA,NA,NA,NA,NA,NA,NA,NA,NA,NA,NA,NA,NA,NA,NA,NA,NA,NA,NA,NA,NA,NA,NA,NA,NA,NA,NA,NA,NA,NA,NA,0.107,NA,NA,NA,NA,NA,NA,NA,NA,NA,NA,NA,NA,NA,NA,NA,NA,NA,12,16,8,16,0,NA,NA,149,16,16,16,16,92,80,40,92,54,88,44,NA,NA
vvaddint32_asm,avl256,256,,,ideal,OK,NA,0,0,0,2850000 x100fs,285,0.646,NA,NA,NA,NA,NA,NA,NA,NA,NA,NA,NA,NA,NA,NA,NA,NA,NA,NA,NA,NA,NA,NA,NA,NA,0.112,0.000,0,0,192,0,96,0,96,NA,NA,NA,NA,NA,NA,NA,NA,NA,NA,NA,NA,NA,NA,NA,NA,NA,NA,NA,NA,NA,NA,NA,NA,0.112,NA,NA,NA,NA,NA,NA,NA,NA,NA,NA,NA,NA,NA,NA,NA,NA,NA,NA,NA,NA,NA,NA,NA,NA,NA,NA,NA,NA,NA,NA,NA,0.112,NA,NA,NA,NA,NA,NA,NA,NA,NA,NA,NA,NA,NA,NA,NA,NA,NA,NA,NA,NA,NA,NA,NA,NA,NA,NA,NA,NA,NA,NA,NA,0.112,NA,NA,NA,NA,NA,NA,NA,NA,NA,NA,NA,NA,NA,NA,NA,NA,NA,28,36,16,36,0,NA,NA,285,32,32,32,32,184,160,80,184,98,176,88,NA,NA
vvaddint32_asm,avl512,512,,,ideal,OK,NA,0,0,0,5570000 x100fs,557,0.661,NA,NA,NA,NA,NA,NA,NA,NA,NA,NA,NA,NA,NA,NA,NA,NA,NA,NA,NA,NA,NA,NA,NA,NA,0.115,0.000,0,0,384,0,192,0,192,NA,NA,NA,NA,NA,NA,NA,NA,NA,NA,NA,NA,NA,NA,NA,NA,NA,NA,NA,NA,NA,NA,NA,NA,0.115,NA,NA,NA,NA,NA,NA,NA,NA,NA,NA,NA,NA,NA,NA,NA,NA,NA,NA,NA,NA,NA,NA,NA,NA,NA,NA,NA,NA,NA,NA,NA,0.115,NA,NA,NA,NA,NA,NA,NA,NA,NA,NA,NA,NA,NA,NA,NA,NA,NA,NA,NA,NA,NA,NA,NA,NA,NA,NA,NA,NA,NA,NA,NA,0.115,NA,NA,NA,NA,NA,NA,NA,NA,NA,NA,NA,NA,NA,NA,NA,NA,NA,60,76,32,76,0,NA,NA,557,64,64,64,64,368,320,160,368,186,352,176,NA,NA
vvaddint32_asm,avl1024,1024,,,ideal,OK,NA,0,0,0,10990000 x100fs,1099,0.669,NA,NA,NA,NA,NA,NA,NA,NA,NA,NA,NA,NA,NA,NA,NA,NA,NA,NA,NA,NA,NA,NA,NA,NA,0.116,0.000,0,0,768,0,384,0,384,NA,NA,NA,NA,NA,NA,NA,NA,NA,NA,NA,NA,NA,NA,NA,NA,NA,NA,NA,NA,NA,NA,NA,NA,0.116,NA,NA,NA,NA,NA,NA,NA,NA,NA,NA,NA,NA,NA,NA,NA,NA,NA,NA,NA,NA,NA,NA,NA,NA,NA,NA,NA,NA,NA,NA,NA,0.116,NA,NA,NA,NA,NA,NA,NA,NA,NA,NA,NA,NA,NA,NA,NA,NA,NA,NA,NA,NA,NA,NA,NA,NA,NA,NA,NA,NA,NA,NA,NA,0.116,NA,NA,NA,NA,NA,NA,NA,NA,NA,NA,NA,NA,NA,NA,NA,NA,NA,124,155,64,155,0,NA,NA,1099,128,128,128,128,735,639,321,735,361,703,350,NA,NA
vvaddint32_asm,avl2048,2048,,,ideal,OK,NA,0,0,0,21870000 x100fs,2187,0.672,NA,NA,NA,NA,NA,NA,NA,NA,NA,NA,NA,NA,NA,NA,NA,NA,NA,NA,NA,NA,NA,NA,NA,NA,0.117,0.000,0,0,1536,0,768,0,768,NA,NA,NA,NA,NA,NA,NA,NA,NA,NA,NA,NA,NA,NA,NA,NA,NA,NA,NA,NA,NA,NA,NA,NA,0.117,NA,NA,NA,NA,NA,NA,NA,NA,NA,NA,NA,NA,NA,NA,NA,NA,NA,NA,NA,NA,NA,NA,NA,NA,NA,NA,NA,NA,NA,NA,NA,0.117,NA,NA,NA,NA,NA,NA,NA,NA,NA,NA,NA,NA,NA,NA,NA,NA,NA,NA,NA,NA,NA,NA,NA,NA,NA,NA,NA,NA,NA,NA,NA,0.117,NA,NA,NA,NA,NA,NA,NA,NA,NA,NA,NA,NA,NA,NA,NA,NA,NA,251,312,128,312,0,NA,NA,2187,256,256,256,256,1470,1278,642,1470,714,1406,700,NA,NA
vvaddint32_asm,avl4096,4096,,,ideal,OK,NA,0,0,0,43630000 x100fs,4363,0.674,NA,NA,NA,NA,NA,NA,NA,NA,NA,NA,NA,NA,NA,NA,NA,NA,NA,NA,NA,NA,NA,NA,NA,NA,0.117,0.000,0,0,3072,0,1536,0,1536,NA,NA,NA,NA,NA,NA,NA,NA,NA,NA,NA,NA,NA,NA,NA,NA,NA,NA,NA,NA,NA,NA,NA,NA,0.117,NA,NA,NA,NA,NA,NA,NA,NA,NA,NA,NA,NA,NA,NA,NA,NA,NA,NA,NA,NA,NA,NA,NA,NA,NA,NA,NA,NA,NA,NA,NA,0.117,NA,NA,NA,NA,NA,NA,NA,NA,NA,NA,NA,NA,NA,NA,NA,NA,NA,NA,NA,NA,NA,NA,NA,NA,NA,NA,NA,NA,NA,NA,NA,0.117,NA,NA,NA,NA,NA,NA,NA,NA,NA,NA,NA,NA,NA,NA,NA,NA,NA,505,626,256,626,0,NA,NA,4363,512,512,512,512,2940,2556,1284,2940,1420,2812,1400,NA,NA
vmc_asm,avl32,32,,,ideal,OK,NA,0,0,0,450000 x100fs,45,0.556,NA,NA,NA,NA,NA,NA,NA,NA,NA,NA,NA,NA,NA,NA,NA,NA,NA,NA,NA,NA,NA,NA,NA,NA,0.156,0.000,0,0,20,0,14,0,6,NA,NA,NA,NA,NA,NA,NA,NA,NA,NA,NA,NA,NA,NA,NA,NA,NA,NA,NA,NA,NA,NA,NA,NA,0.156,NA,NA,NA,NA,NA,NA,NA,NA,NA,NA,NA,NA,NA,NA,NA,NA,NA,NA,NA,NA,NA,NA,NA,NA,NA,NA,NA,NA,NA,NA,NA,0.156,NA,NA,NA,NA,NA,NA,NA,NA,NA,NA,NA,NA,NA,NA,NA,NA,NA,NA,NA,NA,NA,NA,NA,NA,NA,NA,NA,NA,NA,NA,NA,0.156,NA,NA,NA,NA,NA,NA,NA,NA,NA,NA,NA,NA,NA,NA,NA,NA,NA,0,2,3,1,1,NA,NA,45,7,7,7,7,25,12,5,25,17,22,12,NA,NA
vmc_asm,avl64,64,,,ideal,OK,NA,0,0,0,550000 x100fs,55,0.600,NA,NA,NA,NA,NA,NA,NA,NA,NA,NA,NA,NA,NA,NA,NA,NA,NA,NA,NA,NA,NA,NA,NA,NA,0.273,0.048,0,2,42,2,30,0,12,NA,NA,NA,NA,NA,NA,NA,NA,NA,NA,NA,NA,NA,NA,NA,NA,NA,NA,NA,NA,NA,NA,NA,NA,0.273,NA,NA,NA,NA,NA,NA,NA,NA,NA,NA,NA,NA,NA,NA,NA,NA,NA,NA,NA,NA,NA,NA,NA,NA,NA,NA,NA,NA,NA,NA,NA,0.273,NA,NA,NA,NA,NA,NA,NA,NA,NA,NA,NA,NA,NA,NA,NA,NA,NA,NA,NA,NA,NA,NA,NA,NA,NA,NA,NA,NA,NA,NA,NA,0.273,NA,NA,NA,NA,NA,NA,NA,NA,NA,NA,NA,NA,NA,NA,NA,NA,NA,0,2,3,1,1,NA,NA,55,15,15,15,15,33,16,5,33,19,30,14,NA,NA
vmc_asm,avl128,128,,,ideal,OK,NA,0,0,0,720000 x100fs,72,0.611,NA,NA,NA,NA,NA,NA,NA,NA,NA,NA,NA,NA,NA,NA,NA,NA,NA,NA,NA,NA,NA,NA,NA,NA,0.389,0.012,0,1,81,1,57,0,24,NA,NA,NA,NA,NA,NA,NA,NA,NA,NA,NA,NA,NA,NA,NA,NA,NA,NA,NA,NA,NA,NA,NA,NA,0.389,NA,NA,NA,NA,NA,NA,NA,NA,NA,NA,NA,NA,NA,NA,NA,NA,NA,NA,NA,NA,NA,NA,NA,NA,NA,NA,NA,NA,NA,NA,NA,0.389,NA,NA,NA,NA,NA,NA,NA,NA,NA,NA,NA,NA,NA,NA,NA,NA,NA,NA,NA,NA,NA,NA,NA,NA,NA,NA,NA,NA,NA,NA,NA,0.389,NA,NA,NA,NA,NA,NA,NA,NA,NA,NA,NA,NA,NA,NA,NA,NA,NA,0,2,3,1,1,NA,NA,72,28,28,28,28,44,24,5,44,25,41,20,NA,NA
vmc_asm,avl256,256,,,ideal,OK,NA,0,0,0,1220000 x100fs,122,0.549,NA,NA,NA,NA,NA,NA,NA,NA,NA,NA,NA,NA,NA,NA,NA,NA,NA,NA,NA,NA,NA,NA,NA,NA,0.426,0.024,4,4,164,0,112,0,52,NA,NA,NA,NA,NA,NA,NA,NA,NA,NA,NA,NA,NA,NA,NA,NA,NA,NA,NA,NA,NA,NA,NA,NA,0.426,NA,NA,NA,NA,NA,NA,NA,NA,NA,NA,NA,NA,NA,NA,NA,NA,NA,NA,NA,NA,NA,NA,NA,NA,NA,NA,NA,NA,NA,NA,NA,0.426,NA,NA,NA,NA,NA,NA,NA,NA,NA,NA,NA,NA,NA,NA,NA,NA,NA,NA,NA,NA,NA,NA,NA,NA,NA,NA,NA,NA,NA,NA,NA,0.426,NA,NA,NA,NA,NA,NA,NA,NA,NA,NA,NA,NA,NA,NA,NA,NA,NA,0,2,3,1,1,NA,NA,122,52,52,52,52,67,40,5,67,52,64,47,NA,NA
vmc_asm,avl512,512,,,ideal,OK,NA,0,0,0,2430000 x100fs,243,0.551,NA,NA,NA,NA,NA,NA,NA,NA,NA,NA,NA,NA,NA,NA,NA,NA,NA,NA,NA,NA,NA,NA,NA,NA,0.428,0.024,8,8,328,0,224,0,104,NA,NA,NA,NA,NA,NA,NA,NA,NA,NA,NA,NA,NA,NA,NA,NA,NA,NA,NA,NA,NA,NA,NA,NA,0.428,NA,NA,NA,NA,NA,NA,NA,NA,NA,NA,NA,NA,NA,NA,NA,NA,NA,NA,NA,NA,NA,NA,NA,NA,NA,NA,NA,NA,NA,NA,NA,0.428,NA,NA,NA,NA,NA,NA,NA,NA,NA,NA,NA,NA,NA,NA,NA,NA,NA,NA,NA,NA,NA,NA,NA,NA,NA,NA,NA,NA,NA,NA,NA,0.428,NA,NA,NA,NA,NA,NA,NA,NA,NA,NA,NA,NA,NA,NA,NA,NA,NA,0,3,6,1,2,NA,NA,243,104,104,104,104,134,80,10,134,104,128,94,NA,NA
vmc_asm,avl1024,1024,,,ideal,OK,NA,0,0,0,4840000 x100fs,484,0.554,NA,NA,NA,NA,NA,NA,NA,NA,NA,NA,NA,NA,NA,NA,NA,NA,NA,NA,NA,NA,NA,NA,NA,NA,0.430,0.024,16,16,656,0,448,0,208,NA,NA,NA,NA,NA,NA,NA,NA,NA,NA,NA,NA,NA,NA,NA,NA,NA,NA,NA,NA,NA,NA,NA,NA,0.430,NA,NA,NA,NA,NA,NA,NA,NA,NA,NA,NA,NA,NA,NA,NA,NA,NA,NA,NA,NA,NA,NA,NA,NA,NA,NA,NA,NA,NA,NA,NA,0.430,NA,NA,NA,NA,NA,NA,NA,NA,NA,NA,NA,NA,NA,NA,NA,NA,NA,NA,NA,NA,NA,NA,NA,NA,NA,NA,NA,NA,NA,NA,NA,0.430,NA,NA,NA,NA,NA,NA,NA,NA,NA,NA,NA,NA,NA,NA,NA,NA,NA,0,5,12,1,4,NA,NA,484,208,208,208,208,268,160,20,268,207,256,187,NA,NA
vmc_asm,avl2048,2048,,,ideal,OK,NA,0,0,0,9670000 x100fs,967,0.554,NA,NA,NA,NA,NA,NA,NA,NA,NA,NA,NA,NA,NA,NA,NA,NA,NA,NA,NA,NA,NA,NA,NA,NA,0.430,0.024,32,32,1312,0,896,0,416,NA,NA,NA,NA,NA,NA,NA,NA,NA,NA,NA,NA,NA,NA,NA,NA,NA,NA,NA,NA,NA,NA,NA,NA,0.430,NA,NA,NA,NA,NA,NA,NA,NA,NA,NA,NA,NA,NA,NA,NA,NA,NA,NA,NA,NA,NA,NA,NA,NA,NA,NA,NA,NA,NA,NA,NA,0.430,NA,NA,NA,NA,NA,NA,NA,NA,NA,NA,NA,NA,NA,NA,NA,NA,NA,NA,NA,NA,NA,NA,NA,NA,NA,NA,NA,NA,NA,NA,NA,0.430,NA,NA,NA,NA,NA,NA,NA,NA,NA,NA,NA,NA,NA,NA,NA,NA,NA,0,9,24,1,8,NA,NA,967,416,416,416,416,536,320,40,536,414,512,374,NA,NA
vmc_asm,avl4096,4096,,,ideal,OK,NA,0,0,0,19330000 x100fs,1933,0.555,NA,NA,NA,NA,NA,NA,NA,NA,NA,NA,NA,NA,NA,NA,NA,NA,NA,NA,NA,NA,NA,NA,NA,NA,0.430,0.024,64,64,2624,0,1792,0,832,NA,NA,NA,NA,NA,NA,NA,NA,NA,NA,NA,NA,NA,NA,NA,NA,NA,NA,NA,NA,NA,NA,NA,NA,0.430,NA,NA,NA,NA,NA,NA,NA,NA,NA,NA,NA,NA,NA,NA,NA,NA,NA,NA,NA,NA,NA,NA,NA,NA,NA,NA,NA,NA,NA,NA,NA,0.430,NA,NA,NA,NA,NA,NA,NA,NA,NA,NA,NA,NA,NA,NA,NA,NA,NA,NA,NA,NA,NA,NA,NA,NA,NA,NA,NA,NA,NA,NA,NA,0.430,NA,NA,NA,NA,NA,NA,NA,NA,NA,NA,NA,NA,NA,NA,NA,NA,NA,0,17,48,1,16,NA,NA,1933,832,832,832,832,1072,640,80,1072,828,1024,748,NA,NA
vsdwt_asm,avl32,32,,,ideal,OK,NA,0,0,0,720000 x100fs,72,0.569,NA,NA,NA,NA,NA,NA,NA,NA,NA,NA,NA,NA,NA,NA,NA,NA,NA,NA,NA,NA,NA,NA,NA,NA,0.222,0.000,0,0,56,0,40,0,16,NA,NA,NA,NA,NA,NA,NA,NA,NA,NA,NA,NA,NA,NA,NA,NA,NA,NA,NA,NA,NA,NA,NA,NA,0.222,NA,NA,NA,NA,NA,NA,NA,NA,NA,NA,NA,NA,NA,NA,NA,NA,NA,NA,NA,NA,NA,NA,NA,NA,NA,NA,NA,NA,NA,NA,NA,0.222,NA,NA,NA,NA,NA,NA,NA,NA,NA,NA,NA,NA,NA,NA,NA,NA,NA,NA,NA,NA,NA,NA,NA,NA,NA,NA,NA,NA,NA,NA,NA,0.222,NA,NA,NA,NA,NA,NA,NA,NA,NA,NA,NA,NA,NA,NA,NA,NA,NA,0,4,6,2,2,NA,NA,72,16,16,16,16,41,20,10,41,28,21,18,NA,NA
vsdwt_asm,avl64,64,,,ideal,OK,NA,0,0,0,1310000 x100fs,131,0.626,NA,NA,NA,NA,NA,NA,NA,NA,NA,NA,NA,NA,NA,NA,NA,NA,NA,NA,NA,NA,NA,NA,NA,NA,0.244,0.000,0,0,112,0,80,0,32,NA,NA,NA,NA,NA,NA,NA,NA,NA,NA,NA,NA,NA,NA,NA,NA,NA,NA,NA,NA,NA,NA,NA,NA,0.244,NA,NA,NA,NA,NA,NA,NA,NA,NA,NA,NA,NA,NA,NA,NA,NA,NA,NA,NA,NA,NA,NA,NA,NA,NA,NA,NA,NA,NA,NA,NA,0.244,NA,NA,NA,NA,NA,NA,NA,NA,NA,NA,NA,NA,NA,NA,NA,NA,NA,NA,NA,NA,NA,NA,NA,NA,NA,NA,NA,NA,NA,NA,NA,0.244,NA,NA,NA,NA,NA,NA,NA,NA,NA,NA,NA,NA,NA,NA,NA,NA,NA,3,10,12,7,4,NA,NA,131,32,32,32,32,82,47,28,82,46,42,36,NA,NA
vsdwt_asm,avl128,128,,,ideal,OK,NA,0,0,0,2490000 x100fs,249,0.659,NA,NA,NA,NA,NA,NA,NA,NA,NA,NA,NA,NA,NA,NA,NA,NA,NA,NA,NA,NA,NA,NA,NA,NA,0.257,0.000,0,0,224,0,160,0,64,NA,NA,NA,NA,NA,NA,NA,NA,NA,NA,NA,NA,NA,NA,NA,NA,NA,NA,NA,NA,NA,NA,NA,NA,0.257,NA,NA,NA,NA,NA,NA,NA,NA,NA,NA,NA,NA,NA,NA,NA,NA,NA,NA,NA,NA,NA,NA,NA,NA,NA,NA,NA,NA,NA,NA,NA,0.257,NA,NA,NA,NA,NA,NA,NA,NA,NA,NA,NA,NA,NA,NA,NA,NA,NA,NA,NA,NA,NA,NA,NA,NA,NA,NA,NA,NA,NA,NA,NA,0.257,NA,NA,NA,NA,NA,NA,NA,NA,NA,NA,NA,NA,NA,NA,NA,NA,NA,9,22,24,17,8,NA,NA,249,64,64,64,64,164,101,64,164,82,84,72,NA,NA
vsdwt_asm,avl256,256,,,ideal,OK,NA,0,0,0,4850000 x100fs,485,0.676,NA,NA,NA,NA,NA,NA,NA,NA,NA,NA,NA,NA,NA,NA,NA,NA,NA,NA,NA,NA,NA,NA,NA,NA,0.264,0.000,0,0,448,0,320,0,128,NA,NA,NA,NA,NA,NA,NA,NA,NA,NA,NA,NA,NA,NA,NA,NA,NA,NA,NA,NA,NA,NA,NA,NA,0.264,NA,NA,NA,NA,NA,NA,NA,NA,NA,NA,NA,NA,NA,NA,NA,NA,NA,NA,NA,NA,NA,NA,NA,NA,NA,NA,NA,NA,NA,NA,NA,0.264,NA,NA,NA,NA,NA,NA,NA,NA,NA,NA,NA,NA,NA,NA,NA,NA,NA,NA,NA,NA,NA,NA,NA,NA,NA,NA,NA,NA,NA,NA,NA,0.264,NA,NA,NA,NA,NA,NA,NA,NA,NA,NA,NA,NA,NA,NA,NA,NA,NA,21,46,48,37,16,NA,NA,485,128,128,128,128,328,209,136,328,154,168,144,NA,NA
vsdwt_asm,avl512,512,,,ideal,OK,NA,0,0,0,9570000 x100fs,957,0.685,NA,NA,NA,NA,NA,NA,NA,NA,NA,NA,NA,NA,NA,NA,NA,NA,NA,NA,NA,NA,NA,NA,NA,NA,0.268,0.000,0,0,896,0,640,0,256,NA,NA,NA,NA,NA,NA,NA,NA,NA,NA,NA,NA,NA,NA,NA,NA,NA,NA,NA,NA,NA,NA,NA,NA,0.268,NA,NA,NA,NA,NA,NA,NA,NA,NA,NA,NA,NA,NA,NA,NA,NA,NA,NA,NA,NA,NA,NA,NA,NA,NA,NA,NA,NA,NA,NA,NA,0.268,NA,NA,NA,NA,NA,NA,NA,NA,NA,NA,NA,NA,NA,NA,NA,NA,NA,NA,NA,NA,NA,NA,NA,NA,NA,NA,NA,NA,NA,NA,NA,0.268,NA,NA,NA,NA,NA,NA,NA,NA,NA,NA,NA,NA,NA,NA,NA,NA,NA,45,94,96,77,32,NA,NA,957,256,256,256,256,656,425,280,656,298,336,288,NA,NA
vsdwt_asm,avl1024,1024,,,ideal,OK,NA,0,0,0,19000000 x100fs,1900,0.690,NA,NA,NA,NA,NA,NA,NA,NA,NA,NA,NA,NA,NA,NA,NA,NA,NA,NA,NA,NA,NA,NA,NA,NA,0.269,0.000,0,0,1792,0,1280,0,512,NA,NA,NA,NA,NA,NA,NA,NA,NA,NA,NA,NA,NA,NA,NA,NA,NA,NA,NA,NA,NA,NA,NA,NA,0.269,NA,NA,NA,NA,NA,NA,NA,NA,NA,NA,NA,NA,NA,NA,NA,NA,NA,NA,NA,NA,NA,NA,NA,NA,NA,NA,NA,NA,NA,NA,NA,0.269,NA,NA,NA,NA,NA,NA,NA,NA,NA,NA,NA,NA,NA,NA,NA,NA,NA,NA,NA,NA,NA,NA,NA,NA,NA,NA,NA,NA,NA,NA,NA,0.269,NA,NA,NA,NA,NA,NA,NA,NA,NA,NA,NA,NA,NA,NA,NA,NA,NA,93,190,192,156,64,NA,NA,1900,512,512,512,512,1311,856,569,1311,586,672,575,NA,NA
vsdwt_asm,avl2048,2048,,,ideal,OK,NA,0,0,0,37880000 x100fs,3788,0.692,NA,NA,NA,NA,NA,NA,NA,NA,NA,NA,NA,NA,NA,NA,NA,NA,NA,NA,NA,NA,NA,NA,NA,NA,0.270,0.000,0,0,3584,0,2560,0,1024,NA,NA,NA,NA,NA,NA,NA,NA,NA,NA,NA,NA,NA,NA,NA,NA,NA,NA,NA,NA,NA,NA,NA,NA,0.270,NA,NA,NA,NA,NA,NA,NA,NA,NA,NA,NA,NA,NA,NA,NA,NA,NA,NA,NA,NA,NA,NA,NA,NA,NA,NA,NA,NA,NA,NA,NA,0.270,NA,NA,NA,NA,NA,NA,NA,NA,NA,NA,NA,NA,NA,NA,NA,NA,NA,NA,NA,NA,NA,NA,NA,NA,NA,NA,NA,NA,NA,NA,NA,0.270,NA,NA,NA,NA,NA,NA,NA,NA,NA,NA,NA,NA,NA,NA,NA,NA,NA,188,381,384,313,128,NA,NA,3788,1024,1024,1024,1024,2622,1719,1146,2622,1163,1344,1150,NA,NA
vsdwt_asm,avl4096,4096,,,ideal,OK,NA,0,0,0,75640000 x100fs,7564,0.693,NA,NA,NA,NA,NA,NA,NA,NA,NA,NA,NA,NA,NA,NA,NA,NA,NA,NA,NA,NA,NA,NA,NA,NA,0.271,0.000,0,0,7168,0,5120,0,2048,NA,NA,NA,NA,NA,NA,NA,NA,NA,NA,NA,NA,NA,NA,NA,NA,NA,NA,NA,NA,NA,NA,NA,NA,0.271,NA,NA,NA,NA,NA,NA,NA,NA,NA,NA,NA,NA,NA,NA,NA,NA,NA,NA,NA,NA,NA,NA,NA,NA,NA,NA,NA,NA,NA,NA,NA,0.271,NA,NA,NA,NA,NA,NA,NA,NA,NA,NA,NA,NA,NA,NA,NA,NA,NA,NA,NA,NA,NA,NA,NA,NA,NA,NA,NA,NA,NA,NA,NA,0.271,NA,NA,NA,NA,NA,NA,NA,NA,NA,NA,NA,NA,NA,NA,NA,NA,NA,378,763,768,627,256,NA,NA,7564,2048,2048,2048,2048,5244,3445,2300,5244,2317,2688,2300,NA,NA
vssymv_asm,m1,32,1,,ideal,OK,NA,0,0,0,25050000 x100fs,2505,0.870,NA,NA,NA,NA,NA,NA,NA,NA,NA,NA,NA,NA,NA,NA,NA,NA,NA,NA,NA,NA,NA,NA,NA,NA,0.153,0.000,0,0,996,0,832,0,164,NA,NA,NA,NA,NA,NA,NA,NA,NA,NA,NA,NA,NA,NA,NA,NA,NA,NA,NA,NA,NA,NA,NA,NA,0.153,NA,NA,NA,NA,NA,NA,NA,NA,NA,NA,NA,NA,NA,NA,NA,NA,NA,NA,NA,NA,NA,NA,NA,NA,NA,NA,NA,NA,NA,NA,NA,0.153,NA,NA,NA,NA,NA,NA,NA,NA,NA,NA,NA,NA,NA,NA,NA,NA,NA,NA,NA,NA,NA,NA,NA,NA,NA,NA,NA,NA,NA,NA,NA,0.153,NA,NA,NA,NA,NA,NA,NA,NA,NA,NA,NA,NA,NA,NA,NA,NA,NA,0,34,97,2,32,NA,NA,2505,383,383,383,383,2179,515,166,515,166,0,0,NA,NA
vssymv_asm,m2_avl32,32,2,,ideal,OK,NA,0,0,0,950000 x100fs,95,0.832,NA,NA,NA,NA,NA,NA,NA,NA,NA,NA,NA,NA,NA,NA,NA,NA,NA,NA,NA,NA,NA,NA,NA,NA,0.126,0.000,0,0,39,0,26,0,13,NA,NA,NA,NA,NA,NA,NA,NA,NA,NA,NA,NA,NA,NA,NA,NA,NA,NA,NA,NA,NA,NA,NA,NA,0.126,NA,NA,NA,NA,NA,NA,NA,NA,NA,NA,NA,NA,NA,NA,NA,NA,NA,NA,NA,NA,NA,NA,NA,NA,NA,NA,NA,NA,NA,NA,NA,0.126,NA,NA,NA,NA,NA,NA,NA,NA,NA,NA,NA,NA,NA,NA,NA,NA,NA,NA,NA,NA,NA,NA,NA,NA,NA,NA,NA,NA,NA,NA,NA,0.126,NA,NA,NA,NA,NA,NA,NA,NA,NA,NA,NA,NA,NA,NA,NA,NA,NA,0,3,4,2,1,NA,NA,95,12,12,12,12,79,27,11,27,11,0,0,NA,NA
vssymv_asm,m2_avl64,64,2,,ideal,OK,NA,0,0,0,1060000 x100fs,106,0.849,NA,NA,NA,NA,NA,NA,NA,NA,NA,NA,NA,NA,NA,NA,NA,NA,NA,NA,NA,NA,NA,NA,NA,NA,0.217,0.000,0,0,67,0,50,0,17,NA,NA,NA,NA,NA,NA,NA,NA,NA,NA,NA,NA,NA,NA,NA,NA,NA,NA,NA,NA,NA,NA,NA,NA,0.217,NA,NA,NA,NA,NA,NA,NA,NA,NA,NA,NA,NA,NA,NA,NA,NA,NA,NA,NA,NA,NA,NA,NA,NA,NA,NA,NA,NA,NA,NA,NA,0.217,NA,NA,NA,NA,NA,NA,NA,NA,NA,NA,NA,NA,NA,NA,NA,NA,NA,NA,NA,NA,NA,NA,NA,NA,NA,NA,NA,NA,NA,NA,NA,0.217,NA,NA,NA,NA,NA,NA,NA,NA,NA,NA,NA,NA,NA,NA,NA,NA,NA,0,3,4,2,1,NA,NA,106,23,23,23,23,90,36,11,36,11,0,0,NA,NA
vssymv_asm,m2_avl128,128,2,,ideal,OK,NA,0,0,0,1940000 x100fs,194,0.866,NA,NA,NA,NA,NA,NA,NA,NA,NA,NA,NA,NA,NA,NA,NA,NA,NA,NA,NA,NA,NA,NA,NA,NA,0.232,0.008,0,1,127,1,101,0,26,NA,NA,NA,NA,NA,NA,NA,NA,NA,NA,NA,NA,NA,NA,NA,NA,NA,NA,NA,NA,NA,NA,NA,NA,0.232,NA,NA,NA,NA,NA,NA,NA,NA,NA,NA,NA,NA,NA,NA,NA,NA,NA,NA,NA,NA,NA,NA,NA,NA,NA,NA,NA,NA,NA,NA,NA,0.232,NA,NA,NA,NA,NA,NA,NA,NA,NA,NA,NA,NA,NA,NA,NA,NA,NA,NA,NA,NA,NA,NA,NA,NA,NA,NA,NA,NA,NA,NA,NA,0.232,NA,NA,NA,NA,NA,NA,NA,NA,NA,NA,NA,NA,NA,NA,NA,NA,NA,0,4,7,2,2,NA,NA,194,45,45,45,45,168,60,16,60,16,0,0,NA,NA
vssymv_asm,m4_avl32,32,4,,ideal,OK,NA,0,0,0,1110000 x100fs,111,0.856,NA,NA,NA,NA,NA,NA,NA,NA,NA,NA,NA,NA,NA,NA,NA,NA,NA,NA,NA,NA,NA,NA,NA,NA,0.108,0.000,0,0,47,0,26,0,21,NA,NA,NA,NA,NA,NA,NA,NA,NA,NA,NA,NA,NA,NA,NA,NA,NA,NA,NA,NA,NA,NA,NA,NA,0.108,NA,NA,NA,NA,NA,NA,NA,NA,NA,NA,NA,NA,NA,NA,NA,NA,NA,NA,NA,NA,NA,NA,NA,NA,NA,NA,NA,NA,NA,NA,NA,0.108,NA,NA,NA,NA,NA,NA,NA,NA,NA,NA,NA,NA,NA,NA,NA,NA,NA,NA,NA,NA,NA,NA,NA,NA,NA,NA,NA,NA,NA,NA,NA,0.108,NA,NA,NA,NA,NA,NA,NA,NA,NA,NA,NA,NA,NA,NA,NA,NA,NA,0,3,4,2,1,NA,NA,111,12,12,12,12,95,43,11,43,11,0,0,NA,NA
vssymv_asm,m4_avl64,64,4,,ideal,OK,NA,0,0,0,1220000 x100fs,122,0.869,NA,NA,NA,NA,NA,NA,NA,NA,NA,NA,NA,NA,NA,NA,NA,NA,NA,NA,NA,NA,NA,NA,NA,NA,0.197,0.000,0,0,75,0,50,0,25,NA,NA,NA,NA,NA,NA,NA,NA,NA,NA,NA,NA,NA,NA,NA,NA,NA,NA,NA,NA,NA,NA,NA,NA,0.197,NA,NA,NA,NA,NA,NA,NA,NA,NA,NA,NA,NA,NA,NA,NA,NA,NA,NA,NA,NA,NA,NA,NA,NA,NA,NA,NA,NA,NA,NA,NA,0.197,NA,NA,NA,NA,NA,NA,NA,NA,NA,NA,NA,NA,NA,NA,NA,NA,NA,NA,NA,NA,NA,NA,NA,NA,NA,NA,NA,NA,NA,NA,NA,0.197,NA,NA,NA,NA,NA,NA,NA,NA,NA,NA,NA,NA,NA,NA,NA,NA,NA,0,3,4,2,1,NA,NA,122,24,24,24,24,106,52,11,52,11,0,0,NA,NA
vssymv_asm,m4_avl128,128,4,,ideal,OK,NA,0,0,0,1460000 x100fs,146,0.890,NA,NA,NA,NA,NA,NA,NA,NA,NA,NA,NA,NA,NA,NA,NA,NA,NA,NA,NA,NA,NA,NA,NA,NA,0.322,0.015,0,2,133,2,100,0,33,NA,NA,NA,NA,NA,NA,NA,NA,NA,NA,NA,NA,NA,NA,NA,NA,NA,NA,NA,NA,NA,NA,NA,NA,0.322,NA,NA,NA,NA,NA,NA,NA,NA,NA,NA,NA,NA,NA,NA,NA,NA,NA,NA,NA,NA,NA,NA,NA,NA,NA,NA,NA,NA,NA,NA,NA,0.322,NA,NA,NA,NA,NA,NA,NA,NA,NA,NA,NA,NA,NA,NA,NA,NA,NA,NA,NA,NA,NA,NA,NA,NA,NA,NA,NA,NA,NA,NA,NA,0.322,NA,NA,NA,NA,NA,NA,NA,NA,NA,NA,NA,NA,NA,NA,NA,NA,NA,0,3,4,2,1,NA,NA,146,47,47,47,47,130,68,11,68,11,0,0,NA,NA
vssymv_asm,m8_avl32,32,8,,ideal,OK,NA,0,0,0,1430000 x100fs,143,0.888,NA,NA,NA,NA,NA,NA,NA,NA,NA,NA,NA,NA,NA,NA,NA,NA,NA,NA,NA,NA,NA,NA,NA,NA,0.084,0.000,0,0,63,0,26,0,37,NA,NA,NA,NA,NA,NA,NA,NA,NA,NA,NA,NA,NA,NA,NA,NA,NA,NA,NA,NA,NA,NA,NA,NA,0.084,NA,NA,NA,NA,NA,NA,NA,NA,NA,NA,NA,NA,NA,NA,NA,NA,NA,NA,NA,NA,NA,NA,NA,NA,NA,NA,NA,NA,NA,NA,NA,0.084,NA,NA,NA,NA,NA,NA,NA,NA,NA,NA,NA,NA,NA,NA,NA,NA,NA,NA,NA,NA,NA,NA,NA,NA,NA,NA,NA,NA,NA,NA,NA,0.084,NA,NA,NA,NA,NA,NA,NA,NA,NA,NA,NA,NA,NA,NA,NA,NA,NA,0,3,4,2,1,NA,NA,143,12,12,12,12,127,75,11,75,11,0,0,NA,NA
vssymv_asm,m8_avl64,64,8,,ideal,OK,NA,0,0,0,1540000 x100fs,154,0.896,NA,NA,NA,NA,NA,NA,NA,NA,NA,NA,NA,NA,NA,NA,NA,NA,NA,NA,NA,NA,NA,NA,NA,NA,0.156,0.000,0,0,91,0,50,0,41,NA,NA,NA,NA,NA,NA,NA,NA,NA,NA,NA,NA,NA,NA,NA,NA,NA,NA,NA,NA,NA,NA,NA,NA,0.156,NA,NA,NA,NA,NA,NA,NA,NA,NA,NA,NA,NA,NA,NA,NA,NA,NA,NA,NA,NA,NA,NA,NA,NA,NA,NA,NA,NA,NA,NA,NA,0.156,NA,NA,NA,NA,NA,NA,NA,NA,NA,NA,NA,NA,NA,NA,NA,NA,NA,NA,NA,NA,NA,NA,NA,NA,NA,NA,NA,NA,NA,NA,NA,0.156,NA,NA,NA,NA,NA,NA,NA,NA,NA,NA,NA,NA,NA,NA,NA,NA,NA,0,3,4,2,1,NA,NA,154,24,24,24,24,138,84,11,84,11,0,0,NA,NA
vssymv_asm,m8_avl128,128,8,,ideal,OK,NA,0,0,0,1780000 x100fs,178,0.910,NA,NA,NA,NA,NA,NA,NA,NA,NA,NA,NA,NA,NA,NA,NA,NA,NA,NA,NA,NA,NA,NA,NA,NA,0.270,0.013,0,2,149,2,100,0,49,NA,NA,NA,NA,NA,NA,NA,NA,NA,NA,NA,NA,NA,NA,NA,NA,NA,NA,NA,NA,NA,NA,NA,NA,0.270,NA,NA,NA,NA,NA,NA,NA,NA,NA,NA,NA,NA,NA,NA,NA,NA,NA,NA,NA,NA,NA,NA,NA,NA,NA,NA,NA,NA,NA,NA,NA,0.270,NA,NA,NA,NA,NA,NA,NA,NA,NA,NA,NA,NA,NA,NA,NA,NA,NA,NA,NA,NA,NA,NA,NA,NA,NA,NA,NA,NA,NA,NA,NA,0.270,NA,NA,NA,NA,NA,NA,NA,NA,NA,NA,NA,NA,NA,NA,NA,NA,NA,0,3,4,2,1,NA,NA,178,48,48,48,48,162,100,11,100,11,0,0,NA,NA
vsgemv_asm,m1,32,1,,ideal,OK,NA,0,0,0,39380000 x100fs,3938,0.788,NA,NA,NA,NA,NA,NA,NA,NA,NA,NA,NA,NA,NA,NA,NA,NA,NA,NA,NA,NA,NA,NA,NA,NA,0.163,0.112,3,387,3443,384,2880,0,563,NA,NA,NA,NA,NA,NA,NA,NA,NA,NA,NA,NA,NA,NA,NA,NA,NA,NA,NA,NA,NA,NA,NA,NA,0.163,NA,NA,NA,NA,NA,NA,NA,NA,NA,NA,NA,NA,NA,NA,NA,NA,NA,NA,NA,NA,NA,NA,NA,NA,NA,NA,NA,NA,NA,NA,NA,0.163,NA,NA,NA,NA,NA,NA,NA,NA,NA,NA,NA,NA,NA,NA,NA,NA,NA,NA,NA,NA,NA,NA,NA,NA,NA,NA,NA,NA,NA,NA,NA,0.163,NA,NA,NA,NA,NA,NA,NA,NA,NA,NA,NA,NA,NA,NA,NA,NA,NA,0,160,192,33,160,NA,NA,3938,640,640,640,640,3104,898,674,898,674,0,0,NA,NA
vsgemv_asm,m2_avl32,32,2,,ideal,OK,NA,0,0,0,950000 x100fs,95,0.832,NA,NA,NA,NA,NA,NA,NA,NA,NA,NA,NA,NA,NA,NA,NA,NA,NA,NA,NA,NA,NA,NA,NA,NA,0.126,0.000,0,0,39,0,26,0,13,NA,NA,NA,NA,NA,NA,NA,NA,NA,NA,NA,NA,NA,NA,NA,NA,NA,NA,NA,NA,NA,NA,NA,NA,0.126,NA,NA,NA,NA,NA,NA,NA,NA,NA,NA,NA,NA,NA,NA,NA,NA,NA,NA,NA,NA,NA,NA,NA,NA,NA,NA,NA,NA,NA,NA,NA,0.126,NA,NA,NA,NA,NA,NA,NA,NA,NA,NA,NA,NA,NA,NA,NA,NA,NA,NA,NA,NA,NA,NA,NA,NA,NA,NA,NA,NA,NA,NA,NA,0.126,NA,NA,NA,NA,NA,NA,NA,NA,NA,NA,NA,NA,NA,NA,NA,NA,NA,0,3,4,2,1,NA,NA,95,12,12,12,12,79,27,11,27,11,0,0,NA,NA
vsgemv_asm,m2_avl64,64,2,,ideal,OK,NA,0,0,0,1060000 x100fs,106,0.849,NA,NA,NA,NA,NA,NA,NA,NA,NA,NA,NA,NA,NA,NA,NA,NA,NA,NA,NA,NA,NA,NA,NA,NA,0.217,0.000,0,0,67,0,50,0,17,NA,NA,NA,NA,NA,NA,NA,NA,NA,NA,NA,NA,NA,NA,NA,NA,NA,NA,NA,NA,NA,NA,NA,NA,0.217,NA,NA,NA,NA,NA,NA,NA,NA,NA,NA,NA,NA,NA,NA,NA,NA,NA,NA,NA,NA,NA,NA,NA,NA,NA,NA,NA,NA,NA,NA,NA,0.217,NA,NA,NA,NA,NA,NA,NA,NA,NA,NA,NA,NA,NA,NA,NA,NA,NA,NA,NA,NA,NA,NA,NA,NA,NA,NA,NA,NA,NA,NA,NA,0.217,NA,NA,NA,NA,NA,NA,NA,NA,NA,NA,NA,NA,NA,NA,NA,NA,NA,0,3,4,2,1,NA,NA,106,23,23,23,23,90,36,11,36,11,0,0,NA,NA
vsgemv_asm,m2_avl128,128,2,,ideal,OK,NA,0,0,0,1940000 x100fs,194,0.866,NA,NA,NA,NA,NA,NA,NA,NA,NA,NA,NA,NA,NA,NA,NA,NA,NA,NA,NA,NA,NA,NA,NA,NA,0.232,0.008,0,1,127,1,101,0,26,NA,NA,NA,NA,NA,NA,NA,NA,NA,NA,NA,NA,NA,NA,NA,NA,NA,NA,NA,NA,NA,NA,NA,NA,0.232,NA,NA,NA,NA,NA,NA,NA,NA,NA,NA,NA,NA,NA,NA,NA,NA,NA,NA,NA,NA,NA,NA,NA,NA,NA,NA,NA,NA,NA,NA,NA,0.232,NA,NA,NA,NA,NA,NA,NA,NA,NA,NA,NA,NA,NA,NA,NA,NA,NA,NA,NA,NA,NA,NA,NA,NA,NA,NA,NA,NA,NA,NA,NA,0.232,NA,NA,NA,NA,NA,NA,NA,NA,NA,NA,NA,NA,NA,NA,NA,NA,NA,0,4,7,2,2,NA,NA,194,45,45,45,45,168,60,16,60,16,0,0,NA,NA
vsgemv_asm,m4_avl32,32,4,,ideal,OK,NA,0,0,0,1110000 x100fs,111,0.856,NA,NA,NA,NA,NA,NA,NA,NA,NA,NA,NA,NA,NA,NA,NA,NA,NA,NA,NA,NA,NA,NA,NA,NA,0.108,0.000,0,0,47,0,26,0,21,NA,NA,NA,NA,NA,NA,NA,NA,NA,NA,NA,NA,NA,NA,NA,NA,NA,NA,NA,NA,NA,NA,NA,NA,0.108,NA,NA,NA,NA,NA,NA,NA,NA,NA,NA,NA,NA,NA,NA,NA,NA,NA,NA,NA,NA,NA,NA,NA,NA,NA,NA,NA,NA,NA,NA,NA,0.108,NA,NA,NA,NA,NA,NA,NA,NA,NA,NA,NA,NA,NA,NA,NA,NA,NA,NA,NA,NA,NA,NA,NA,NA,NA,NA,NA,NA,NA,NA,NA,0.108,NA,NA,NA,NA,NA,NA,NA,NA,NA,NA,NA,NA,NA,NA,NA,NA,NA,0,3,4,2,1,NA,NA,111,12,12,12,12,95,43,11,43,11,0,0,NA,NA
vsgemv_asm,m4_avl64,64,4,,ideal,OK,NA,0,0,0,1220000 x100fs,122,0.869,NA,NA,NA,NA,NA,NA,NA,NA,NA,NA,NA,NA,NA,NA,NA,NA,NA,NA,NA,NA,NA,NA,NA,NA,0.197,0.000,0,0,75,0,50,0,25,NA,NA,NA,NA,NA,NA,NA,NA,NA,NA,NA,NA,NA,NA,NA,NA,NA,NA,NA,NA,NA,NA,NA,NA,0.197,NA,NA,NA,NA,NA,NA,NA,NA,NA,NA,NA,NA,NA,NA,NA,NA,NA,NA,NA,NA,NA,NA,NA,NA,NA,NA,NA,NA,NA,NA,NA,0.197,NA,NA,NA,NA,NA,NA,NA,NA,NA,NA,NA,NA,NA,NA,NA,NA,NA,NA,NA,NA,NA,NA,NA,NA,NA,NA,NA,NA,NA,NA,NA,0.197,NA,NA,NA,NA,NA,NA,NA,NA,NA,NA,NA,NA,NA,NA,NA,NA,NA,0,3,4,2,1,NA,NA,122,24,24,24,24,106,52,11,52,11,0,0,NA,NA
vsgemv_asm,m4_avl128,128,4,,ideal,OK,NA,0,0,0,1460000 x100fs,146,0.890,NA,NA,NA,NA,NA,NA,NA,NA,NA,NA,NA,NA,NA,NA,NA,NA,NA,NA,NA,NA,NA,NA,NA,NA,0.322,0.015,0,2,133,2,100,0,33,NA,NA,NA,NA,NA,NA,NA,NA,NA,NA,NA,NA,NA,NA,NA,NA,NA,NA,NA,NA,NA,NA,NA,NA,0.322,NA,NA,NA,NA,NA,NA,NA,NA,NA,NA,NA,NA,NA,NA,NA,NA,NA,NA,NA,NA,NA,NA,NA,NA,NA,NA,NA,NA,NA,NA,NA,0.322,NA,NA,NA,NA,NA,NA,NA,NA,NA,NA,NA,NA,NA,NA,NA,NA,NA,NA,NA,NA,NA,NA,NA,NA,NA,NA,NA,NA,NA,NA,NA,0.322,NA,NA,NA,NA,NA,NA,NA,NA,NA,NA,NA,NA,NA,NA,NA,NA,NA,0,3,4,2,1,NA,NA,146,47,47,47,47,130,68,11,68,11,0,0,NA,NA
vsgemv_asm,m8_avl32,32,8,,ideal,OK,NA,0,0,0,1430000 x100fs,143,0.888,NA,NA,NA,NA,NA,NA,NA,NA,NA,NA,NA,NA,NA,NA,NA,NA,NA,NA,NA,NA,NA,NA,NA,NA,0.084,0.000,0,0,63,0,26,0,37,NA,NA,NA,NA,NA,NA,NA,NA,NA,NA,NA,NA,NA,NA,NA,NA,NA,NA,NA,NA,NA,NA,NA,NA,0.084,NA,NA,NA,NA,NA,NA,NA,NA,NA,NA,NA,NA,NA,NA,NA,NA,NA,NA,NA,NA,NA,NA,NA,NA,NA,NA,NA,NA,NA,NA,NA,0.084,NA,NA,NA,NA,NA,NA,NA,NA,NA,NA,NA,NA,NA,NA,NA,NA,NA,NA,NA,NA,NA,NA,NA,NA,NA,NA,NA,NA,NA,NA,NA,0.084,NA,NA,NA,NA,NA,NA,NA,NA,NA,NA,NA,NA,NA,NA,NA,NA,NA,0,3,4,2,1,NA,NA,143,12,12,12,12,127,75,11,75,11,0,0,NA,NA
vsgemv_asm,m8_avl64,64,8,,ideal,OK,NA,0,0,0,1540000 x100fs,154,0.896,NA,NA,NA,NA,NA,NA,NA,NA,NA,NA,NA,NA,NA,NA,NA,NA,NA,NA,NA,NA,NA,NA,NA,NA,0.156,0.000,0,0,91,0,50,0,41,NA,NA,NA,NA,NA,NA,NA,NA,NA,NA,NA,NA,NA,NA,NA,NA,NA,NA,NA,NA,NA,NA,NA,NA,0.156,NA,NA,NA,NA,NA,NA,NA,NA,NA,NA,NA,NA,NA,NA,NA,NA,NA,NA,NA,NA,NA,NA,NA,NA,NA,NA,NA,NA,NA,NA,NA,0.156,NA,NA,NA,NA,NA,NA,NA,NA,NA,NA,NA,NA,NA,NA,NA,NA,NA,NA,NA,NA,NA,NA,NA,NA,NA,NA,NA,NA,NA,NA,NA,0.156,NA,NA,NA,NA,NA,NA,NA,NA,NA,NA,NA,NA,NA,NA,NA,NA,NA,0,3,4,2,1,NA,NA,154,24,24,24,24,138,84,11,84,11,0,0,NA,NA
vsgemv_asm,m8_avl128,128,8,,ideal,OK,NA,0,0,0,1780000 x100fs,178,0.910,NA,NA,NA,NA,NA,NA,NA,NA,NA,NA,NA,NA,NA,NA,NA,NA,NA,NA,NA,NA,NA,NA,NA,NA,0.270,0.013,0,2,149,2,100,0,49,NA,NA,NA,NA,NA,NA,NA,NA,NA,NA,NA,NA,NA,NA,NA,NA,NA,NA,NA,NA,NA,NA,NA,NA,0.270,NA,NA,NA,NA,NA,NA,NA,NA,NA,NA,NA,NA,NA,NA,NA,NA,NA,NA,NA,NA,NA,NA,NA,NA,NA,NA,NA,NA,NA,NA,NA,0.270,NA,NA,NA,NA,NA,NA,NA,NA,NA,NA,NA,NA,NA,NA,NA,NA,NA,NA,NA,NA,NA,NA,NA,NA,NA,NA,NA,NA,NA,NA,NA,0.270,NA,NA,NA,NA,NA,NA,NA,NA,NA,NA,NA,NA,NA,NA,NA,NA,NA,0,3,4,2,1,NA,NA,178,48,48,48,48,162,100,11,100,11,0,0,NA,NA
vssyrk_asm,m1,32,1,,ideal,OK,NA,0,0,0,898570000 x100fs,89857,0.247,NA,NA,NA,NA,NA,NA,NA,NA,NA,NA,NA,NA,NA,NA,NA,NA,NA,NA,NA,NA,NA,NA,NA,NA,0.047,0.000,0,0,16896,0,12544,0,4352,NA,NA,NA,NA,NA,NA,NA,NA,NA,NA,NA,NA,NA,NA,NA,NA,NA,NA,NA,NA,NA,NA,NA,NA,0.047,NA,NA,NA,NA,NA,NA,NA,NA,NA,NA,NA,NA,NA,NA,NA,NA,NA,NA,NA,NA,NA,NA,NA,NA,NA,NA,NA,NA,NA,NA,NA,0.047,NA,NA,NA,NA,NA,NA,NA,NA,NA,NA,NA,NA,NA,NA,NA,NA,NA,NA,NA,NA,NA,NA,NA,NA,NA,NA,NA,NA,NA,NA,NA,0.047,NA,NA,NA,NA,NA,NA,NA,NA,NA,NA,NA,NA,NA,NA,NA,NA,NA,21669,21701,1088,21670,9394,NA,NA,89857,4224,4224,4224,4224,22239,9951,66177,10335,66592,640,415,NA,NA
vssyrk_asm,m2_avl32,32,2,,ideal,OK,NA,0,0,0,898570000 x100fs,89857,0.247,NA,NA,NA,NA,NA,NA,NA,NA,NA,NA,NA,NA,NA,NA,NA,NA,NA,NA,NA,NA,NA,NA,NA,NA,0.047,0.000,0,0,16896,0,12544,0,4352,NA,NA,NA,NA,NA,NA,NA,NA,NA,NA,NA,NA,NA,NA,NA,NA,NA,NA,NA,NA,NA,NA,NA,NA,0.047,NA,NA,NA,NA,NA,NA,NA,NA,NA,NA,NA,NA,NA,NA,NA,NA,NA,NA,NA,NA,NA,NA,NA,NA,NA,NA,NA,NA,NA,NA,NA,0.047,NA,NA,NA,NA,NA,NA,NA,NA,NA,NA,NA,NA,NA,NA,NA,NA,NA,NA,NA,NA,NA,NA,NA,NA,NA,NA,NA,NA,NA,NA,NA,0.047,NA,NA,NA,NA,NA,NA,NA,NA,NA,NA,NA,NA,NA,NA,NA,NA,NA,21669,21701,1088,21670,9394,NA,NA,89857,4224,4224,4224,4224,22239,9951,66177,10335,66592,640,415,NA,NA
vssyrk_asm,m2_avl64,64,2,,ideal,OK,NA,0,0,0,6371820000 x100fs,637182,0.164,NA,NA,NA,NA,NA,NA,NA,NA,NA,NA,NA,NA,NA,NA,NA,NA,NA,NA,NA,NA,NA,NA,NA,NA,0.052,0.000,0,0,133120,0,99328,0,33792,NA,NA,NA,NA,NA,NA,NA,NA,NA,NA,NA,NA,NA,NA,NA,NA,NA,NA,NA,NA,NA,NA,NA,NA,0.052,NA,NA,NA,NA,NA,NA,NA,NA,NA,NA,NA,NA,NA,NA,NA,NA,NA,NA,NA,NA,NA,NA,NA,NA,NA,NA,NA,NA,NA,NA,NA,0.052,NA,NA,NA,NA,NA,NA,NA,NA,NA,NA,NA,NA,NA,NA,NA,NA,NA,NA,NA,NA,NA,NA,NA,NA,NA,NA,NA,NA,NA,NA,NA,0.052,NA,NA,NA,NA,NA,NA,NA,NA,NA,NA,NA,NA,NA,NA,NA,NA,NA,102999,103063,4224,103000,37483,NA,NA,637182,33280,33280,33280,33280,104380,38844,527620,39868,528704,1536,1084,NA,NA
vssyrk_asm,m2_avl128,128,2,,ideal,OK,NA,NA,NA,NA,NA,NA,NA,NA,NA,NA,NA,NA,NA,NA,NA,NA,NA,NA,NA,NA,NA,NA,NA,NA,NA,NA,NA,NA,NA,NA,NA,NA,NA,NA,NA,NA,NA,NA,NA,NA,NA,NA,NA,NA,NA,NA,NA,NA,NA,NA,NA,NA,NA,NA,NA,NA,NA,NA,NA,NA,NA,NA,NA,NA,NA,NA,NA,NA,NA,NA,NA,NA,NA,NA,NA,NA,NA,NA,NA,NA,NA,NA,NA,NA,NA,NA,NA,NA,NA,NA,NA,NA,NA,NA,NA,NA,NA,NA,NA,NA,NA,NA,NA,NA,NA,NA,NA,NA,NA,NA,NA,NA,NA,NA,NA,NA,NA,NA,NA,NA,NA,NA,NA,NA,NA,NA,NA,NA,NA,NA,NA,NA,NA,NA,NA,NA,NA,NA,NA,NA,NA,NA,NA,NA,NA,NA,NA,NA,NA,NA,NA,NA,NA,NA,NA,NA,NA,NA,NA,NA,NA,NA,NA,NA,NA,NA,NA
vssyrk_asm,m4_avl32,32,4,,ideal,OK,NA,0,0,0,898570000 x100fs,89857,0.247,NA,NA,NA,NA,NA,NA,NA,NA,NA,NA,NA,NA,NA,NA,NA,NA,NA,NA,NA,NA,NA,NA,NA,NA,0.047,0.000,0,0,16896,0,12544,0,4352,NA,NA,NA,NA,NA,NA,NA,NA,NA,NA,NA,NA,NA,NA,NA,NA,NA,NA,NA,NA,NA,NA,NA,NA,0.047,NA,NA,NA,NA,NA,NA,NA,NA,NA,NA,NA,NA,NA,NA,NA,NA,NA,NA,NA,NA,NA,NA,NA,NA,NA,NA,NA,NA,NA,NA,NA,0.047,NA,NA,NA,NA,NA,NA,NA,NA,NA,NA,NA,NA,NA,NA,NA,NA,NA,NA,NA,NA,NA,NA,NA,NA,NA,NA,NA,NA,NA,NA,NA,0.047,NA,NA,NA,NA,NA,NA,NA,NA,NA,NA,NA,NA,NA,NA,NA,NA,NA,21669,21701,1088,21670,9394,NA,NA,89857,4224,4224,4224,4224,22239,9951,66177,10335,66592,640,415,NA,NA
vssyrk_asm,m4_avl64,64,4,,ideal,OK,NA,0,0,0,6371820000 x100fs,637182,0.164,NA,NA,NA,NA,NA,NA,NA,NA,NA,NA,NA,NA,NA,NA,NA,NA,NA,NA,NA,NA,NA,NA,NA,NA,0.052,0.000,0,0,133120,0,99328,0,33792,NA,NA,NA,NA,NA,NA,NA,NA,NA,NA,NA,NA,NA,NA,NA,NA,NA,NA,NA,NA,NA,NA,NA,NA,0.052,NA,NA,NA,NA,NA,NA,NA,NA,NA,NA,NA,NA,NA,NA,NA,NA,NA,NA,NA,NA,NA,NA,NA,NA,NA,NA,NA,NA,NA,NA,NA,0.052,NA,NA,NA,NA,NA,NA,NA,NA,NA,NA,NA,NA,NA,NA,NA,NA,NA,NA,NA,NA,NA,NA,NA,NA,NA,NA,NA,NA,NA,NA,NA,0.052,NA,NA,NA,NA,NA,NA,NA,NA,NA,NA,NA,NA,NA,NA,NA,NA,NA,102999,103063,4224,103000,37483,NA,NA,637182,33280,33280,33280,33280,104380,38844,527620,39868,528704,1536,1084,NA,NA
vssyrk_asm,m4_avl128,128,4,,ideal,OK,NA,NA,NA,NA,NA,NA,NA,NA,NA,NA,NA,NA,NA,NA,NA,NA,NA,NA,NA,NA,NA,NA,NA,NA,NA,NA,NA,NA,NA,NA,NA,NA,NA,NA,NA,NA,NA,NA,NA,NA,NA,NA,NA,NA,NA,NA,NA,NA,NA,NA,NA,NA,NA,NA,NA,NA,NA,NA,NA,NA,NA,NA,NA,NA,NA,NA,NA,NA,NA,NA,NA,NA,NA,NA,NA,NA,NA,NA,NA,NA,NA,NA,NA,NA,NA,NA,NA,NA,NA,NA,NA,NA,NA,NA,NA,NA,NA,NA,NA,NA,NA,NA,NA,NA,NA,NA,NA,NA,NA,NA,NA,NA,NA,NA,NA,NA,NA,NA,NA,NA,NA,NA,NA,NA,NA,NA,NA,NA,NA,NA,NA,NA,NA,NA,NA,NA,NA,NA,NA,NA,NA,NA,NA,NA,NA,NA,NA,NA,NA,NA,NA,NA,NA,NA,NA,NA,NA,NA,NA,NA,NA,NA,NA,NA,NA,NA,NA
vssyrk_asm,m8_avl32,32,8,,ideal,OK,NA,0,0,0,898570000 x100fs,89857,0.247,NA,NA,NA,NA,NA,NA,NA,NA,NA,NA,NA,NA,NA,NA,NA,NA,NA,NA,NA,NA,NA,NA,NA,NA,0.047,0.000,0,0,16896,0,12544,0,4352,NA,NA,NA,NA,NA,NA,NA,NA,NA,NA,NA,NA,NA,NA,NA,NA,NA,NA,NA,NA,NA,NA,NA,NA,0.047,NA,NA,NA,NA,NA,NA,NA,NA,NA,NA,NA,NA,NA,NA,NA,NA,NA,NA,NA,NA,NA,NA,NA,NA,NA,NA,NA,NA,NA,NA,NA,0.047,NA,NA,NA,NA,NA,NA,NA,NA,NA,NA,NA,NA,NA,NA,NA,NA,NA,NA,NA,NA,NA,NA,NA,NA,NA,NA,NA,NA,NA,NA,NA,0.047,NA,NA,NA,NA,NA,NA,NA,NA,NA,NA,NA,NA,NA,NA,NA,NA,NA,21669,21701,1088,21670,9394,NA,NA,89857,4224,4224,4224,4224,22239,9951,66177,10335,66592,640,415,NA,NA
vssyrk_asm,m8_avl64,64,8,,ideal,OK,NA,0,0,0,6371820000 x100fs,637182,0.164,NA,NA,NA,NA,NA,NA,NA,NA,NA,NA,NA,NA,NA,NA,NA,NA,NA,NA,NA,NA,NA,NA,NA,NA,0.052,0.000,0,0,133120,0,99328,0,33792,NA,NA,NA,NA,NA,NA,NA,NA,NA,NA,NA,NA,NA,NA,NA,NA,NA,NA,NA,NA,NA,NA,NA,NA,0.052,NA,NA,NA,NA,NA,NA,NA,NA,NA,NA,NA,NA,NA,NA,NA,NA,NA,NA,NA,NA,NA,NA,NA,NA,NA,NA,NA,NA,NA,NA,NA,0.052,NA,NA,NA,NA,NA,NA,NA,NA,NA,NA,NA,NA,NA,NA,NA,NA,NA,NA,NA,NA,NA,NA,NA,NA,NA,NA,NA,NA,NA,NA,NA,0.052,NA,NA,NA,NA,NA,NA,NA,NA,NA,NA,NA,NA,NA,NA,NA,NA,NA,102999,103063,4224,103000,37483,NA,NA,637182,33280,33280,33280,33280,104380,38844,527620,39868,528704,1536,1084,NA,NA
vssyrk_asm,m8_avl128,128,8,,ideal,NO_LOG,NA,NA,NA,NA,NA,NA,NA,NA,NA,NA,NA,NA,NA,NA,NA,NA,NA,NA,NA,NA,NA,NA,NA,NA,NA,NA,NA,NA,NA,NA,NA,NA,NA,NA,NA,NA,NA,NA,NA,NA,NA,NA,NA,NA,NA,NA,NA,NA,NA,NA,NA,NA,NA,NA,NA,NA,NA,NA,NA,NA,NA,NA,NA,NA,NA,NA,NA,NA,NA,NA,NA,NA,NA,NA,NA,NA,NA,NA,NA,NA,NA,NA,NA,NA,NA,NA,NA,NA,NA,NA,NA,NA,NA,NA,NA,NA,NA,NA,NA,NA,NA,NA,NA,NA,NA,NA,NA,NA,NA,NA,NA,NA,NA,NA,NA,NA,NA,NA,NA,NA,NA,NA,NA,NA,NA,NA,NA,NA,NA,NA,NA,NA,NA,NA,NA,NA,NA,NA,NA,NA,NA,NA,NA,NA,NA,NA,NA,NA,NA,NA,NA,NA,NA,NA,NA,NA,NA,NA,NA,NA,NA,NA,NA,NA,NA,NA,NA
vstrsm_asm,m1,32,1,,ideal,OK,NA,0,0,0,205450000 x100fs,20545,0.595,NA,NA,NA,NA,NA,NA,NA,NA,NA,NA,NA,NA,NA,NA,NA,NA,NA,NA,NA,NA,NA,NA,NA,NA,0.103,0.000,0,0,10432,0,6208,0,4224,NA,NA,NA,NA,NA,NA,NA,NA,NA,NA,NA,NA,NA,NA,NA,NA,NA,NA,NA,NA,NA,NA,NA,NA,0.103,NA,NA,NA,NA,NA,NA,NA,NA,NA,NA,NA,NA,NA,NA,NA,NA,NA,NA,NA,NA,NA,NA,NA,NA,NA,NA,NA,NA,NA,NA,NA,0.103,NA,NA,NA,NA,NA,NA,NA,NA,NA,NA,NA,NA,NA,NA,NA,NA,NA,NA,NA,NA,NA,NA,NA,NA,NA,NA,NA,NA,NA,NA,NA,0.103,NA,NA,NA,NA,NA,NA,NA,NA,NA,NA,NA,NA,NA,NA,NA,NA,NA,9548,10076,560,9550,4713,NA,NA,20545,2112,2112,2112,2112,12218,8739,2703,12218,7859,11752,5499,NA,NA
vstrsm_asm,m2_avl32,32,2,,ideal,OK,NA,0,0,0,262180000 x100fs,26218,0.679,0.160,496,3104,0.000,0,2608,0.000,0,2608,0.000,0,2608,0.000,0,2608,0.000,0,2608,0.000,0,2608,0.000,0,2608,0.161,0.023,0,496,21360,496,12912,0,8448,0.160,496,3104,0.000,0,2608,0.000,0,2608,0.000,0,2608,0.000,0,2608,0.000,0,2608,0.000,0,2608,0.000,0,2608,0.161,0,496,21360,496,12912,0,8448,0.160,496,3104,0.000,0,2608,0.000,0,2608,0.000,0,2608,0.000,0,2608,0.000,0,2608,0.000,0,2608,0.000,0,2608,0.161,0,496,21360,496,12912,0,8448,0.160,496,3104,0.000,0,2608,0.000,0,2608,0.000,0,2608,0.000,0,2608,0.000,0,2608,0.000,0,2608,0.000,0,2608,0.161,0,496,21360,496,12912,0,8448,NA,NA,NA,NA,NA,NA,NA,NA,NA,NA,10976,11504,560,10978,6078,NA,NA,26218,4224,4224,4224,4224,17793,12826,2827,17793,7957,17327,5568,NA,NA
vstrsm_asm,m2_avl64,64,2,,ideal,TIMEOUT,NA,NA,NA,NA,NA,NA,NA,NA,NA,NA,NA,NA,NA,NA,NA,NA,NA,NA,NA,NA,NA,NA,NA,NA,NA,NA,NA,NA,NA,NA,NA,NA,NA,NA,NA,NA,NA,NA,NA,NA,NA,NA,NA,NA,NA,NA,NA,NA,NA,NA,NA,NA,NA,NA,NA,NA,NA,NA,NA,NA,NA,NA,NA,NA,NA,NA,NA,NA,NA,NA,NA,NA,NA,NA,NA,NA,NA,NA,NA,NA,NA,NA,NA,NA,NA,NA,NA,NA,NA,NA,NA,NA,NA,NA,NA,NA,NA,NA,NA,NA,NA,NA,NA,NA,NA,NA,NA,NA,NA,NA,NA,NA,NA,NA,NA,NA,NA,NA,NA,NA,NA,NA,NA,NA,NA,NA,NA,NA,NA,NA,NA,NA,NA,NA,NA,NA,NA,NA,NA,NA,NA,NA,NA,NA,NA,NA,NA,NA,NA,NA,NA,NA,NA,NA,NA,NA,NA,NA,NA,NA,NA,NA,NA,NA,NA,NA,NA
vstrsm_asm,m2_avl128,128,2,,ideal,TIMEOUT,NA,NA,NA,NA,NA,NA,NA,NA,NA,NA,NA,NA,NA,NA,NA,NA,NA,NA,NA,NA,NA,NA,NA,NA,NA,NA,NA,NA,NA,NA,NA,NA,NA,NA,NA,NA,NA,NA,NA,NA,NA,NA,NA,NA,NA,NA,NA,NA,NA,NA,NA,NA,NA,NA,NA,NA,NA,NA,NA,NA,NA,NA,NA,NA,NA,NA,NA,NA,NA,NA,NA,NA,NA,NA,NA,NA,NA,NA,NA,NA,NA,NA,NA,NA,NA,NA,NA,NA,NA,NA,NA,NA,NA,NA,NA,NA,NA,NA,NA,NA,NA,NA,NA,NA,NA,NA,NA,NA,NA,NA,NA,NA,NA,NA,NA,NA,NA,NA,NA,NA,NA,NA,NA,NA,NA,NA,NA,NA,NA,NA,NA,NA,NA,NA,NA,NA,NA,NA,NA,NA,NA,NA,NA,NA,NA,NA,NA,NA,NA,NA,NA,NA,NA,NA,NA,NA,NA,NA,NA,NA,NA,NA,NA,NA,NA,NA,NA
vstrsm_asm,m4_avl32,32,4,,ideal,TIMEOUT,NA,NA,NA,NA,NA,NA,NA,NA,NA,NA,NA,NA,NA,NA,NA,NA,NA,NA,NA,NA,NA,NA,NA,NA,NA,NA,NA,NA,NA,NA,NA,NA,NA,NA,NA,NA,NA,NA,NA,NA,NA,NA,NA,NA,NA,NA,NA,NA,NA,NA,NA,NA,NA,NA,NA,NA,NA,NA,NA,NA,NA,NA,NA,NA,NA,NA,NA,NA,NA,NA,NA,NA,NA,NA,NA,NA,NA,NA,NA,NA,NA,NA,NA,NA,NA,NA,NA,NA,NA,NA,NA,NA,NA,NA,NA,NA,NA,NA,NA,NA,NA,NA,NA,NA,NA,NA,NA,NA,NA,NA,NA,NA,NA,NA,NA,NA,NA,NA,NA,NA,NA,NA,NA,NA,NA,NA,NA,NA,NA,NA,NA,NA,NA,NA,NA,NA,NA,NA,NA,NA,NA,NA,NA,NA,NA,NA,NA,NA,NA,NA,NA,NA,NA,NA,NA,NA,NA,NA,NA,NA,NA,NA,NA,NA,NA,NA,NA
vstrsm_asm,m4_avl64,64,4,,ideal,TIMEOUT,NA,NA,NA,NA,NA,NA,NA,NA,NA,NA,NA,NA,NA,NA,NA,NA,NA,NA,NA,NA,NA,NA,NA,NA,NA,NA,NA,NA,NA,NA,NA,NA,NA,NA,NA,NA,NA,NA,NA,NA,NA,NA,NA,NA,NA,NA,NA,NA,NA,NA,NA,NA,NA,NA,NA,NA,NA,NA,NA,NA,NA,NA,NA,NA,NA,NA,NA,NA,NA,NA,NA,NA,NA,NA,NA,NA,NA,NA,NA,NA,NA,NA,NA,NA,NA,NA,NA,NA,NA,NA,NA,NA,NA,NA,NA,NA,NA,NA,NA,NA,NA,NA,NA,NA,NA,NA,NA,NA,NA,NA,NA,NA,NA,NA,NA,NA,NA,NA,NA,NA,NA,NA,NA,NA,NA,NA,NA,NA,NA,NA,NA,NA,NA,NA,NA,NA,NA,NA,NA,NA,NA,NA,NA,NA,NA,NA,NA,NA,NA,NA,NA,NA,NA,NA,NA,NA,NA,NA,NA,NA,NA,NA,NA,NA,NA,NA,NA
vstrsm_asm,m4_avl128,128,4,,ideal,NO_LOG,NA,NA,NA,NA,NA,NA,NA,NA,NA,NA,NA,NA,NA,NA,NA,NA,NA,NA,NA,NA,NA,NA,NA,NA,NA,NA,NA,NA,NA,NA,NA,NA,NA,NA,NA,NA,NA,NA,NA,NA,NA,NA,NA,NA,NA,NA,NA,NA,NA,NA,NA,NA,NA,NA,NA,NA,NA,NA,NA,NA,NA,NA,NA,NA,NA,NA,NA,NA,NA,NA,NA,NA,NA,NA,NA,NA,NA,NA,NA,NA,NA,NA,NA,NA,NA,NA,NA,NA,NA,NA,NA,NA,NA,NA,NA,NA,NA,NA,NA,NA,NA,NA,NA,NA,NA,NA,NA,NA,NA,NA,NA,NA,NA,NA,NA,NA,NA,NA,NA,NA,NA,NA,NA,NA,NA,NA,NA,NA,NA,NA,NA,NA,NA,NA,NA,NA,NA,NA,NA,NA,NA,NA,NA,NA,NA,NA,NA,NA,NA,NA,NA,NA,NA,NA,NA,NA,NA,NA,NA,NA,NA,NA,NA,NA,NA,NA,NA
vstrsm_asm,m8_avl32,32,8,,ideal,TIMEOUT,NA,NA,NA,NA,NA,NA,NA,NA,NA,NA,NA,NA,NA,NA,NA,NA,NA,NA,NA,NA,NA,NA,NA,NA,NA,NA,NA,NA,NA,NA,NA,NA,NA,NA,NA,NA,NA,NA,NA,NA,NA,NA,NA,NA,NA,NA,NA,NA,NA,NA,NA,NA,NA,NA,NA,NA,NA,NA,NA,NA,NA,NA,NA,NA,NA,NA,NA,NA,NA,NA,NA,NA,NA,NA,NA,NA,NA,NA,NA,NA,NA,NA,NA,NA,NA,NA,NA,NA,NA,NA,NA,NA,NA,NA,NA,NA,NA,NA,NA,NA,NA,NA,NA,NA,NA,NA,NA,NA,NA,NA,NA,NA,NA,NA,NA,NA,NA,NA,NA,NA,NA,NA,NA,NA,NA,NA,NA,NA,NA,NA,NA,NA,NA,NA,NA,NA,NA,NA,NA,NA,NA,NA,NA,NA,NA,NA,NA,NA,NA,NA,NA,NA,NA,NA,NA,NA,NA,NA,NA,NA,NA,NA,NA,NA,NA,NA,NA
vstrsm_asm,m8_avl64,64,8,,ideal,NO_LOG,NA,NA,NA,NA,NA,NA,NA,NA,NA,NA,NA,NA,NA,NA,NA,NA,NA,NA,NA,NA,NA,NA,NA,NA,NA,NA,NA,NA,NA,NA,NA,NA,NA,NA,NA,NA,NA,NA,NA,NA,NA,NA,NA,NA,NA,NA,NA,NA,NA,NA,NA,NA,NA,NA,NA,NA,NA,NA,NA,NA,NA,NA,NA,NA,NA,NA,NA,NA,NA,NA,NA,NA,NA,NA,NA,NA,NA,NA,NA,NA,NA,NA,NA,NA,NA,NA,NA,NA,NA,NA,NA,NA,NA,NA,NA,NA,NA,NA,NA,NA,NA,NA,NA,NA,NA,NA,NA,NA,NA,NA,NA,NA,NA,NA,NA,NA,NA,NA,NA,NA,NA,NA,NA,NA,NA,NA,NA,NA,NA,NA,NA,NA,NA,NA,NA,NA,NA,NA,NA,NA,NA,NA,NA,NA,NA,NA,NA,NA,NA,NA,NA,NA,NA,NA,NA,NA,NA,NA,NA,NA,NA,NA,NA,NA,NA,NA,NA
vstrsm_asm,m8_avl128,128,8,,ideal,NO_LOG,NA,NA,NA,NA,NA,NA,NA,NA,NA,NA,NA,NA,NA,NA,NA,NA,NA,NA,NA,NA,NA,NA,NA,NA,NA,NA,NA,NA,NA,NA,NA,NA,NA,NA,NA,NA,NA,NA,NA,NA,NA,NA,NA,NA,NA,NA,NA,NA,NA,NA,NA,NA,NA,NA,NA,NA,NA,NA,NA,NA,NA,NA,NA,NA,NA,NA,NA,NA,NA,NA,NA,NA,NA,NA,NA,NA,NA,NA,NA,NA,NA,NA,NA,NA,NA,NA,NA,NA,NA,NA,NA,NA,NA,NA,NA,NA,NA,NA,NA,NA,NA,NA,NA,NA,NA,NA,NA,NA,NA,NA,NA,NA,NA,NA,NA,NA,NA,NA,NA,NA,NA,NA,NA,NA,NA,NA,NA,NA,NA,NA,NA,NA,NA,NA,NA,NA,NA,NA,NA,NA,NA,NA,NA,NA,NA,NA,NA,NA,NA,NA,NA,NA,NA,NA,NA,NA,NA,NA,NA,NA,NA,NA,NA,NA,NA,NA,NA
vsger_asm,n32,32,,,ideal,OK,NA,0,0,0,51310000 x100fs,5131,0.575,NA,NA,NA,NA,NA,NA,NA,NA,NA,NA,NA,NA,NA,NA,NA,NA,NA,NA,NA,NA,NA,NA,NA,NA,0.100,0.000,0,0,3072,0,1536,0,1536,NA,NA,NA,NA,NA,NA,NA,NA,NA,NA,NA,NA,NA,NA,NA,NA,NA,NA,NA,NA,NA,NA,NA,NA,0.100,NA,NA,NA,NA,NA,NA,NA,NA,NA,NA,NA,NA,NA,NA,NA,NA,NA,NA,NA,NA,NA,NA,NA,NA,NA,NA,NA,NA,NA,NA,NA,0.100,NA,NA,NA,NA,NA,NA,NA,NA,NA,NA,NA,NA,NA,NA,NA,NA,NA,NA,NA,NA,NA,NA,NA,NA,NA,NA,NA,NA,NA,NA,NA,0.100,NA,NA,NA,NA,NA,NA,NA,NA,NA,NA,NA,NA,NA,NA,NA,NA,NA,1778,1906,256,1779,128,NA,NA,5131,512,512,512,512,2948,2052,2042,2948,2180,2820,1408,NA,NA
vsger_asm,n64,64,,,ideal,OK,NA,0,0,0,102510000 x100fs,10251,0.575,NA,NA,NA,NA,NA,NA,NA,NA,NA,NA,NA,NA,NA,NA,NA,NA,NA,NA,NA,NA,NA,NA,NA,NA,0.100,0.000,0,0,6144,0,3072,0,3072,NA,NA,NA,NA,NA,NA,NA,NA,NA,NA,NA,NA,NA,NA,NA,NA,NA,NA,NA,NA,NA,NA,NA,NA,0.100,NA,NA,NA,NA,NA,NA,NA,NA,NA,NA,NA,NA,NA,NA,NA,NA,NA,NA,NA,NA,NA,NA,NA,NA,NA,NA,NA,NA,NA,NA,NA,0.100,NA,NA,NA,NA,NA,NA,NA,NA,NA,NA,NA,NA,NA,NA,NA,NA,NA,NA,NA,NA,NA,NA,NA,NA,NA,NA,NA,NA,NA,NA,NA,0.100,NA,NA,NA,NA,NA,NA,NA,NA,NA,NA,NA,NA,NA,NA,NA,NA,NA,3570,3826,512,3571,256,NA,NA,10251,1024,1024,1024,1024,5892,4100,4090,5892,4356,5636,2816,NA,NA
vsger_asm,n128,128,,,ideal,OK,NA,0,0,0,204910000 x100fs,20491,0.575,NA,NA,NA,NA,NA,NA,NA,NA,NA,NA,NA,NA,NA,NA,NA,NA,NA,NA,NA,NA,NA,NA,NA,NA,0.100,0.000,0,0,12288,0,6144,0,6144,NA,NA,NA,NA,NA,NA,NA,NA,NA,NA,NA,NA,NA,NA,NA,NA,NA,NA,NA,NA,NA,NA,NA,NA,0.100,NA,NA,NA,NA,NA,NA,NA,NA,NA,NA,NA,NA,NA,NA,NA,NA,NA,NA,NA,NA,NA,NA,NA,NA,NA,NA,NA,NA,NA,NA,NA,0.100,NA,NA,NA,NA,NA,NA,NA,NA,NA,NA,NA,NA,NA,NA,NA,NA,NA,NA,NA,NA,NA,NA,NA,NA,NA,NA,NA,NA,NA,NA,NA,0.100,NA,NA,NA,NA,NA,NA,NA,NA,NA,NA,NA,NA,NA,NA,NA,NA,NA,7154,7666,1024,7155,512,NA,NA,20491,2048,2048,2048,2048,11780,8196,8186,11780,8708,11268,5632,NA,NA
vsgemm_asm,m1_1row,32,1,1,ideal,OK,NA,0,0,0,300820000 x100fs,30082,0.789,NA,NA,NA,NA,NA,NA,NA,NA,NA,NA,NA,NA,NA,NA,NA,NA,NA,NA,NA,NA,NA,NA,NA,NA,0.136,0.000,0,0,16640,0,12416,0,4224,NA,NA,NA,NA,NA,NA,NA,NA,NA,NA,NA,NA,NA,NA,NA,NA,NA,NA,NA,NA,NA,NA,NA,NA,0.136,NA,NA,NA,NA,NA,NA,NA,NA,NA,NA,NA,NA,NA,NA,NA,NA,NA,NA,NA,NA,NA,NA,NA,NA,NA,NA,NA,NA,NA,NA,NA,0.136,NA,NA,NA,NA,NA,NA,NA,NA,NA,NA,NA,NA,NA,NA,NA,NA,NA,NA,NA,NA,NA,NA,NA,NA,NA,NA,NA,NA,NA,NA,NA,0.136,NA,NA,NA,NA,NA,NA,NA,NA,NA,NA,NA,NA,NA,NA,NA,NA,NA,23436,23499,1056,23467,16183,NA,NA,30082,4096,4096,4096,4096,23744,16544,4960,16768,5312,704,352,NA,NA
vsgemm_asm,m1_2row,32,1,2,ideal,OK,NA,0,0,0,181950000 x100fs,18195,0.828,NA,NA,NA,NA,NA,NA,NA,NA,NA,NA,NA,NA,NA,NA,NA,NA,NA,NA,NA,NA,NA,NA,NA,NA,0.225,0.035,16,528,15120,512,12928,0,2192,NA,NA,NA,NA,NA,NA,NA,NA,NA,NA,NA,NA,NA,NA,NA,NA,NA,NA,NA,NA,NA,NA,NA,NA,0.225,NA,NA,NA,NA,NA,NA,NA,NA,NA,NA,NA,NA,NA,NA,NA,NA,NA,NA,NA,NA,NA,NA,NA,NA,NA,NA,NA,NA,NA,NA,NA,0.225,NA,NA,NA,NA,NA,NA,NA,NA,NA,NA,NA,NA,NA,NA,NA,NA,NA,NA,NA,NA,NA,NA,NA,NA,NA,NA,NA,NA,NA,NA,NA,0.225,NA,NA,NA,NA,NA,NA,NA,NA,NA,NA,NA,NA,NA,NA,NA,NA,NA,14263,14342,1056,14325,7517,NA,NA,18195,4096,4096,4096,4096,15065,8272,2480,8585,2631,537,151,NA,NA
vsgemm_asm,m1_4row,32,1,4,ideal,OK,NA,0,0,0,112530000 x100fs,11253,0.861,NA,NA,NA,NA,NA,NA,NA,NA,NA,NA,NA,NA,NA,NA,NA,NA,NA,NA,NA,NA,NA,NA,NA,NA,0.364,0.038,16,529,14097,513,12929,0,1168,NA,NA,NA,NA,NA,NA,NA,NA,NA,NA,NA,NA,NA,NA,NA,NA,NA,NA,NA,NA,NA,NA,NA,NA,0.364,NA,NA,NA,NA,NA,NA,NA,NA,NA,NA,NA,NA,NA,NA,NA,NA,NA,NA,NA,NA,NA,NA,NA,NA,NA,NA,NA,NA,NA,NA,NA,0.364,NA,NA,NA,NA,NA,NA,NA,NA,NA,NA,NA,NA,NA,NA,NA,NA,NA,NA,NA,NA,NA,NA,NA,NA,NA,NA,NA,NA,NA,NA,NA,0.364,NA,NA,NA,NA,NA,NA,NA,NA,NA,NA,NA,NA,NA,NA,NA,NA,NA,5624,5975,1056,5972,251,NA,NA,11253,4096,4096,4096,4096,9691,4136,1240,4465,1311,329,71,NA,NA
vsgemm_asm,m4_1row_avl32,32,4,1,ideal,OK,NA,0,0,0,300820000 x100fs,30082,0.789,NA,NA,NA,NA,NA,NA,NA,NA,NA,NA,NA,NA,NA,NA,NA,NA,NA,NA,NA,NA,NA,NA,NA,NA,0.136,0.000,0,0,16640,0,12416,0,4224,NA,NA,NA,NA,NA,NA,NA,NA,NA,NA,NA,NA,NA,NA,NA,NA,NA,NA,NA,NA,NA,NA,NA,NA,0.136,NA,NA,NA,NA,NA,NA,NA,NA,NA,NA,NA,NA,NA,NA,NA,NA,NA,NA,NA,NA,NA,NA,NA,NA,NA,NA,NA,NA,NA,NA,NA,0.136,NA,NA,NA,NA,NA,NA,NA,NA,NA,NA,NA,NA,NA,NA,NA,NA,NA,NA,NA,NA,NA,NA,NA,NA,NA,NA,NA,NA,NA,NA,NA,0.136,NA,NA,NA,NA,NA,NA,NA,NA,NA,NA,NA,NA,NA,NA,NA,NA,NA,23436,23499,1056,23467,16183,NA,NA,30082,4096,4096,4096,4096,23744,16544,4960,16768,5312,704,352,NA,NA
vsgemm_asm,m4_1row_avl64,64,4,1,ideal,OK,NA,0,0,0,1525140000 x100fs,152514,0.833,NA,NA,NA,NA,NA,NA,NA,NA,NA,NA,NA,NA,NA,NA,NA,NA,NA,NA,NA,NA,NA,NA,NA,NA,0.215,0.000,0,0,132096,0,98816,0,33280,NA,NA,NA,NA,NA,NA,NA,NA,NA,NA,NA,NA,NA,NA,NA,NA,NA,NA,NA,NA,NA,NA,NA,NA,0.215,NA,NA,NA,NA,NA,NA,NA,NA,NA,NA,NA,NA,NA,NA,NA,NA,NA,NA,NA,NA,NA,NA,NA,NA,NA,NA,NA,NA,NA,NA,NA,0.215,NA,NA,NA,NA,NA,NA,NA,NA,NA,NA,NA,NA,NA,NA,NA,NA,NA,NA,NA,NA,NA,NA,NA,NA,NA,NA,NA,NA,NA,NA,NA,0.215,NA,NA,NA,NA,NA,NA,NA,NA,NA,NA,NA,NA,NA,NA,NA,NA,NA,126249,126376,4160,126312,97207,NA,NA,152514,32768,32768,32768,32768,127104,98368,20416,98816,21312,1856,896,NA,NA
vsgemm_asm,m4_1row_avl128,128,4,1,ideal,OK,NA,0,0,0,112530000 x100fs,11253,0.861,NA,NA,NA,NA,NA,NA,NA,NA,NA,NA,NA,NA,NA,NA,NA,NA,NA,NA,NA,NA,NA,NA,NA,NA,0.364,0.038,16,529,14097,513,12929,0,1168,NA,NA,NA,NA,NA,NA,NA,NA,NA,NA,NA,NA,NA,NA,NA,NA,NA,NA,NA,NA,NA,NA,NA,NA,0.364,NA,NA,NA,NA,NA,NA,NA,NA,NA,NA,NA,NA,NA,NA,NA,NA,NA,NA,NA,NA,NA,NA,NA,NA,NA,NA,NA,NA,NA,NA,NA,0.364,NA,NA,NA,NA,NA,NA,NA,NA,NA,NA,NA,NA,NA,NA,NA,NA,NA,NA,NA,NA,NA,NA,NA,NA,NA,NA,NA,NA,NA,NA,NA,0.364,NA,NA,NA,NA,NA,NA,NA,NA,NA,NA,NA,NA,NA,NA,NA,NA,NA,5624,5975,1056,5972,251,NA,NA,11253,4096,4096,4096,4096,9691,4136,1240,4465,1311,329,71,NA,NA
vsgemm_asm,m4_2row_avl32,32,4,2,ideal,OK,NA,0,0,0,181950000 x100fs,18195,0.828,NA,NA,NA,NA,NA,NA,NA,NA,NA,NA,NA,NA,NA,NA,NA,NA,NA,NA,NA,NA,NA,NA,NA,NA,0.225,0.035,16,528,15120,512,12928,0,2192,NA,NA,NA,NA,NA,NA,NA,NA,NA,NA,NA,NA,NA,NA,NA,NA,NA,NA,NA,NA,NA,NA,NA,NA,0.225,NA,NA,NA,NA,NA,NA,NA,NA,NA,NA,NA,NA,NA,NA,NA,NA,NA,NA,NA,NA,NA,NA,NA,NA,NA,NA,NA,NA,NA,NA,NA,0.225,NA,NA,NA,NA,NA,NA,NA,NA,NA,NA,NA,NA,NA,NA,NA,NA,NA,NA,NA,NA,NA,NA,NA,NA,NA,NA,NA,NA,NA,NA,NA,0.225,NA,NA,NA,NA,NA,NA,NA,NA,NA,NA,NA,NA,NA,NA,NA,NA,NA,14263,14342,1056,14325,7517,NA,NA,18195,4096,4096,4096,4096,15065,8272,2480,8585,2631,537,151,NA,NA
vsgemm_asm,m4_2row_avl64,64,4,2,ideal,OK,NA,0,0,0,970270000 x100fs,97027,0.870,NA,NA,NA,NA,NA,NA,NA,NA,NA,NA,NA,NA,NA,NA,NA,NA,NA,NA,NA,NA,NA,NA,NA,NA,0.338,0.001,64,64,115776,0,98816,0,16960,NA,NA,NA,NA,NA,NA,NA,NA,NA,NA,NA,NA,NA,NA,NA,NA,NA,NA,NA,NA,NA,NA,NA,NA,0.338,NA,NA,NA,NA,NA,NA,NA,NA,NA,NA,NA,NA,NA,NA,NA,NA,NA,NA,NA,NA,NA,NA,NA,NA,NA,NA,NA,NA,NA,NA,NA,0.338,NA,NA,NA,NA,NA,NA,NA,NA,NA,NA,NA,NA,NA,NA,NA,NA,NA,NA,NA,NA,NA,NA,NA,NA,NA,NA,NA,NA,NA,NA,NA,0.338,NA,NA,NA,NA,NA,NA,NA,NA,NA,NA,NA,NA,NA,NA,NA,NA,NA,81660,81819,4160,81786,46429,NA,NA,97027,32768,32768,32768,32768,84405,49184,10208,50100,10572,1588,364,NA,NA
vsgemm_asm,m4_2row_avl128,128,4,2,ideal,OK,NA,0,0,0,112530000 x100fs,11253,0.861,NA,NA,NA,NA,NA,NA,NA,NA,NA,NA,NA,NA,NA,NA,NA,NA,NA,NA,NA,NA,NA,NA,NA,NA,0.364,0.038,16,529,14097,513,12929,0,1168,NA,NA,NA,NA,NA,NA,NA,NA,NA,NA,NA,NA,NA,NA,NA,NA,NA,NA,NA,NA,NA,NA,NA,NA,0.364,NA,NA,NA,NA,NA,NA,NA,NA,NA,NA,NA,NA,NA,NA,NA,NA,NA,NA,NA,NA,NA,NA,NA,NA,NA,NA,NA,NA,NA,NA,NA,0.364,NA,NA,NA,NA,NA,NA,NA,NA,NA,NA,NA,NA,NA,NA,NA,NA,NA,NA,NA,NA,NA,NA,NA,NA,NA,NA,NA,NA,NA,NA,NA,0.364,NA,NA,NA,NA,NA,NA,NA,NA,NA,NA,NA,NA,NA,NA,NA,NA,NA,5624,5975,1056,5972,251,NA,NA,11253,4096,4096,4096,4096,9691,4136,1240,4465,1311,329,71,NA,NA
vsgemm_asm,m4_4row_avl32,32,4,4,ideal,OK,NA,0,0,0,112690000 x100fs,11269,0.860,NA,NA,NA,NA,NA,NA,NA,NA,NA,NA,NA,NA,NA,NA,NA,NA,NA,NA,NA,NA,NA,NA,NA,NA,0.363,0.038,25,538,14106,513,12929,0,1177,NA,NA,NA,NA,NA,NA,NA,NA,NA,NA,NA,NA,NA,NA,NA,NA,NA,NA,NA,NA,NA,NA,NA,NA,0.363,NA,NA,NA,NA,NA,NA,NA,NA,NA,NA,NA,NA,NA,NA,NA,NA,NA,NA,NA,NA,NA,NA,NA,NA,NA,NA,NA,NA,NA,NA,NA,0.363,NA,NA,NA,NA,NA,NA,NA,NA,NA,NA,NA,NA,NA,NA,NA,NA,NA,NA,NA,NA,NA,NA,NA,NA,NA,NA,NA,NA,NA,NA,NA,0.363,NA,NA,NA,NA,NA,NA,NA,NA,NA,NA,NA,NA,NA,NA,NA,NA,NA,5624,5975,1056,5972,251,NA,NA,11269,4096,4096,4096,4096,9691,4136,1240,4465,1327,329,87,NA,NA
vsgemm_asm,m4_4row_avl64,64,4,4,ideal,OK,NA,0,0,0,653970000 x100fs,65397,0.901,NA,NA,NA,NA,NA,NA,NA,NA,NA,NA,NA,NA,NA,NA,NA,NA,NA,NA,NA,NA,NA,NA,NA,NA,0.501,0.001,63,70,107590,7,98823,0,8767,NA,NA,NA,NA,NA,NA,NA,NA,NA,NA,NA,NA,NA,NA,NA,NA,NA,NA,NA,NA,NA,NA,NA,NA,0.501,NA,NA,NA,NA,NA,NA,NA,NA,NA,NA,NA,NA,NA,NA,NA,NA,NA,NA,NA,NA,NA,NA,NA,NA,NA,NA,NA,NA,NA,NA,NA,0.501,NA,NA,NA,NA,NA,NA,NA,NA,NA,NA,NA,NA,NA,NA,NA,NA,NA,NA,NA,NA,NA,NA,NA,NA,NA,NA,NA,NA,NA,NA,NA,0.501,NA,NA,NA,NA,NA,NA,NA,NA,NA,NA,NA,NA,NA,NA,NA,NA,NA,34872,36103,4160,36084,1027,NA,NA,65397,32768,32768,32768,32768,58928,24592,5104,25645,5443,1053,339,NA,NA
vsgemm_asm,m4_4row_avl128,128,4,4,ideal,OK,NA,0,0,0,112530000 x100fs,11253,0.861,NA,NA,NA,NA,NA,NA,NA,NA,NA,NA,NA,NA,NA,NA,NA,NA,NA,NA,NA,NA,NA,NA,NA,NA,0.364,0.038,16,529,14097,513,12929,0,1168,NA,NA,NA,NA,NA,NA,NA,NA,NA,NA,NA,NA,NA,NA,NA,NA,NA,NA,NA,NA,NA,NA,NA,NA,0.364,NA,NA,NA,NA,NA,NA,NA,NA,NA,NA,NA,NA,NA,NA,NA,NA,NA,NA,NA,NA,NA,NA,NA,NA,NA,NA,NA,NA,NA,NA,NA,0.364,NA,NA,NA,NA,NA,NA,NA,NA,NA,NA,NA,NA,NA,NA,NA,NA,NA,NA,NA,NA,NA,NA,NA,NA,NA,NA,NA,NA,NA,NA,NA,0.364,NA,NA,NA,NA,NA,NA,NA,NA,NA,NA,NA,NA,NA,NA,NA,NA,NA,5624,5975,1056,5972,251,NA,NA,11253,4096,4096,4096,4096,9691,4136,1240,4465,1311,329,71,NA,NA
vsspmv_asm,fixed32,1024,,,ideal,OK,NA,0,0,0,52490000 x100fs,5249,0.549,NA,NA,NA,NA,NA,NA,NA,NA,NA,NA,NA,NA,NA,NA,NA,NA,NA,NA,NA,NA,NA,NA,NA,NA,0.098,0.038,64,64,1696,0,1088,0,608,NA,NA,NA,NA,NA,NA,NA,NA,NA,NA,NA,NA,NA,NA,NA,NA,NA,NA,NA,NA,NA,NA,NA,NA,0.098,NA,NA,NA,NA,NA,NA,NA,NA,NA,NA,NA,NA,NA,NA,NA,NA,NA,NA,NA,NA,NA,NA,NA,NA,NA,NA,NA,NA,NA,NA,NA,0.098,NA,NA,NA,NA,NA,NA,NA,NA,NA,NA,NA,NA,NA,NA,NA,NA,NA,NA,NA,NA,NA,NA,NA,NA,NA,NA,NA,NA,NA,NA,NA,0.098,NA,NA,NA,NA,NA,NA,NA,NA,NA,NA,NA,NA,NA,NA,NA,NA,NA,0,64,160,1,64,NA,NA,5249,512,512,512,512,2880,1056,2240,1056,2240,0,0,NA,NA
vsaxpy_asm,avl32,32,,,real,OK,0.202,0,2,0,1090000 x100fs,51,0.202,NA,NA,NA,NA,NA,NA,NA,NA,NA,NA,NA,NA,NA,NA,NA,NA,NA,NA,NA,NA,NA,NA,NA,NA,NA,NA,NA,NA,NA,NA,NA,NA,NA,NA,NA,NA,NA,NA,NA,NA,NA,NA,NA,NA,NA,NA,NA,NA,NA,NA,NA,NA,NA,NA,NA,NA,NA,NA,NA,NA,NA,NA,NA,NA,NA,NA,NA,NA,NA,NA,NA,NA,NA,NA,NA,NA,NA,NA,NA,NA,NA,NA,NA,NA,NA,NA,NA,NA,NA,NA,NA,NA,NA,NA,NA,NA,NA,NA,NA,NA,NA,NA,NA,NA,NA,NA,NA,NA,NA,NA,NA,NA,NA,NA,NA,NA,NA,NA,NA,NA,NA,NA,NA,NA,NA,NA,NA,NA,NA,NA,NA,NA,NA,NA,1,0,1,2,1,0,1,2,1,1,109,22,48,NA,NA,NA,NA,22,15,15,22,26,19,11,5,0.227
vsaxpy_asm,avl64,64,,,real,OK,0.229,0,4,3,1400000 x100fs,94,0.329,NA,NA,NA,NA,NA,NA,NA,NA,NA,NA,NA,NA,NA,NA,NA,NA,NA,NA,NA,NA,NA,NA,NA,NA,NA,NA,NA,NA,NA,NA,NA,NA,NA,NA,NA,NA,NA,NA,NA,NA,NA,NA,NA,NA,NA,NA,NA,NA,NA,NA,NA,NA,NA,NA,NA,NA,NA,NA,NA,NA,NA,NA,NA,NA,NA,NA,NA,NA,NA,NA,NA,NA,NA,NA,NA,NA,NA,NA,NA,NA,NA,NA,NA,NA,NA,NA,NA,NA,NA,NA,NA,NA,NA,NA,NA,NA,NA,NA,NA,NA,NA,NA,NA,NA,NA,NA,NA,NA,NA,NA,NA,NA,NA,NA,NA,NA,NA,NA,NA,NA,NA,NA,NA,NA,NA,NA,NA,NA,NA,NA,NA,NA,NA,NA,2,0,2,4,2,1,3,4,2,2,140,32,91,NA,NA,NA,NA,46,32,30,46,45,40,22,10,0.312
vsaxpy_asm,avl128,128,,,real,OK,0.233,0,4,1,2230000 x100fs,174,0.395,NA,NA,NA,NA,NA,NA,NA,NA,NA,NA,NA,NA,NA,NA,NA,NA,NA,NA,NA,NA,NA,NA,NA,NA,NA,NA,NA,NA,NA,NA,NA,NA,NA,NA,NA,NA,NA,NA,NA,NA,NA,NA,NA,NA,NA,NA,NA,NA,NA,NA,NA,NA,NA,NA,NA,NA,NA,NA,NA,NA,NA,NA,NA,NA,NA,NA,NA,NA,NA,NA,NA,NA,NA,NA,NA,NA,NA,NA,NA,NA,NA,NA,NA,NA,NA,NA,NA,NA,NA,NA,NA,NA,NA,NA,NA,NA,NA,NA,NA,NA,NA,NA,NA,NA,NA,NA,NA,NA,NA,NA,NA,NA,NA,NA,NA,NA,NA,NA,NA,NA,NA,NA,NA,NA,NA,NA,NA,NA,NA,NA,NA,NA,NA,NA,4,0,4,8,4,19,23,8,20,4,223,52,171,NA,NA,NA,NA,88,60,66,88,83,76,44,20,0.385
vsaxpy_asm,avl256,256,,,real,OK,0.240,0,4,1,3830000 x100fs,334,0.449,NA,NA,NA,NA,NA,NA,NA,NA,NA,NA,NA,NA,NA,NA,NA,NA,NA,NA,NA,NA,NA,NA,NA,NA,NA,NA,NA,NA,NA,NA,NA,NA,NA,NA,NA,NA,NA,NA,NA,NA,NA,NA,NA,NA,NA,NA,NA,NA,NA,NA,NA,NA,NA,NA,NA,NA,NA,NA,NA,NA,NA,NA,NA,NA,NA,NA,NA,NA,NA,NA,NA,NA,NA,NA,NA,NA,NA,NA,NA,NA,NA,NA,NA,NA,NA,NA,NA,NA,NA,NA,NA,NA,NA,NA,NA,NA,NA,NA,NA,NA,NA,NA,NA,NA,NA,NA,NA,NA,NA,NA,NA,NA,NA,NA,NA,NA,NA,NA,NA,NA,NA,NA,NA,NA,NA,NA,NA,NA,NA,NA,NA,NA,NA,NA,8,0,8,16,8,55,63,16,56,8,383,92,331,NA,NA,NA,NA,172,116,138,172,159,148,88,40,0.435
vsaxpy_asm,avl512,512,,,real,OK,0.245,0,4,1,7030000 x100fs,654,0.484,NA,NA,NA,NA,NA,NA,NA,NA,NA,NA,NA,NA,NA,NA,NA,NA,NA,NA,NA,NA,NA,NA,NA,NA,NA,NA,NA,NA,NA,NA,NA,NA,NA,NA,NA,NA,NA,NA,NA,NA,NA,NA,NA,NA,NA,NA,NA,NA,NA,NA,NA,NA,NA,NA,NA,NA,NA,NA,NA,NA,NA,NA,NA,NA,NA,NA,NA,NA,NA,NA,NA,NA,NA,NA,NA,NA,NA,NA,NA,NA,NA,NA,NA,NA,NA,NA,NA,NA,NA,NA,NA,NA,NA,NA,NA,NA,NA,NA,NA,NA,NA,NA,NA,NA,NA,NA,NA,NA,NA,NA,NA,NA,NA,NA,NA,NA,NA,NA,NA,NA,NA,NA,NA,NA,NA,NA,NA,NA,NA,NA,NA,NA,NA,NA,16,0,16,32,16,127,143,32,128,16,703,172,651,NA,NA,NA,NA,340,228,282,340,311,292,176,80,0.465
vsaxpy_asm,avl1024,1024,,,real,OK,0.247,0,4,1,13430000 x100fs,1290,0.503,NA,NA,NA,NA,NA,NA,NA,NA,NA,NA,NA,NA,NA,NA,NA,NA,NA,NA,NA,NA,NA,NA,NA,NA,NA,NA,NA,NA,NA,NA,NA,NA,NA,NA,NA,NA,NA,NA,NA,NA,NA,NA,NA,NA,NA,NA,NA,NA,NA,NA,NA,NA,NA,NA,NA,NA,NA,NA,NA,NA,NA,NA,NA,NA,NA,NA,NA,NA,NA,NA,NA,NA,NA,NA,NA,NA,NA,NA,NA,NA,NA,NA,NA,NA,NA,NA,NA,NA,NA,NA,NA,NA,NA,NA,NA,NA,NA,NA,NA,NA,NA,NA,NA,NA,NA,NA,NA,NA,NA,NA,NA,NA,NA,NA,NA,NA,NA,NA,NA,NA,NA,NA,NA,NA,NA,NA,NA,NA,NA,NA,NA,NA,NA,NA,32,0,32,64,32,270,302,64,271,32,1343,332,1287,NA,NA,NA,NA,675,451,571,675,612,579,348,160,0.482
vsaxpy_asm,avl2048,2048,,,real,OK,0.248,0,4,1,26270000 x100fs,2568,0.513,NA,NA,NA,NA,NA,NA,NA,NA,NA,NA,NA,NA,NA,NA,NA,NA,NA,NA,NA,NA,NA,NA,NA,NA,NA,NA,NA,NA,NA,NA,NA,NA,NA,NA,NA,NA,NA,NA,NA,NA,NA,NA,NA,NA,NA,NA,NA,NA,NA,NA,NA,NA,NA,NA,NA,NA,NA,NA,NA,NA,NA,NA,NA,NA,NA,NA,NA,NA,NA,NA,NA,NA,NA,NA,NA,NA,NA,NA,NA,NA,NA,NA,NA,NA,NA,NA,NA,NA,NA,NA,NA,NA,NA,NA,NA,NA,NA,NA,NA,NA,NA,NA,NA,NA,NA,NA,NA,NA,NA,NA,NA,NA,NA,NA,NA,NA,NA,NA,NA,NA,NA,NA,NA,NA,NA,NA,NA,NA,NA,NA,NA,NA,NA,NA,64,0,64,128,64,552,616,128,553,64,2627,652,2565,NA,NA,NA,NA,1348,900,1144,1348,1217,1156,696,320,0.491
vsaxpy_asm,avl4096,4096,,,real,OK,0.249,0,4,1,51830000 x100fs,5124,0.520,NA,NA,NA,NA,NA,NA,NA,NA,NA,NA,NA,NA,NA,NA,NA,NA,NA,NA,NA,NA,NA,NA,NA,NA,NA,NA,NA,NA,NA,NA,NA,NA,NA,NA,NA,NA,NA,NA,NA,NA,NA,NA,NA,NA,NA,NA,NA,NA,NA,NA,NA,NA,NA,NA,NA,NA,NA,NA,NA,NA,NA,NA,NA,NA,NA,NA,NA,NA,NA,NA,NA,NA,NA,NA,NA,NA,NA,NA,NA,NA,NA,NA,NA,NA,NA,NA,NA,NA,NA,NA,NA,NA,NA,NA,NA,NA,NA,NA,NA,NA,NA,NA,NA,NA,NA,NA,NA,NA,NA,NA,NA,NA,NA,NA,NA,NA,NA,NA,NA,NA,NA,NA,NA,NA,NA,NA,NA,NA,NA,NA,NA,NA,NA,NA,128,0,128,256,128,1116,1244,256,1117,128,5183,1292,5121,NA,NA,NA,NA,2694,1798,2290,2694,2427,2310,1392,640,0.495
vscopy_asm,avl32,32,,,real,OK,0.191,0,2,0,940000 x100fs,39,0.000,NA,NA,NA,NA,NA,NA,NA,NA,NA,NA,NA,NA,NA,NA,NA,NA,NA,NA,NA,NA,NA,NA,NA,NA,NA,NA,NA,NA,NA,NA,NA,NA,NA,NA,NA,NA,NA,NA,NA,NA,NA,NA,NA,NA,NA,NA,NA,NA,NA,NA,NA,NA,NA,NA,NA,NA,NA,NA,NA,NA,NA,NA,NA,NA,NA,NA,NA,NA,NA,NA,NA,NA,NA,NA,NA,NA,NA,NA,NA,NA,NA,NA,NA,NA,NA,NA,NA,NA,NA,NA,NA,NA,NA,NA,NA,NA,NA,NA,NA,NA,NA,NA,NA,NA,NA,NA,NA,NA,NA,NA,NA,NA,NA,NA,NA,NA,NA,NA,NA,NA,NA,NA,NA,NA,NA,NA,NA,NA,NA,NA,NA,NA,NA,NA,1,0,0,1,1,0,0,1,0,0,94,18,36,NA,NA,NA,NA,0,0,21,0,36,0,21,3,0.167
vscopy_asm,avl64,64,,,real,OK,0.218,0,2,6,1190000 x100fs,74,0.000,NA,NA,NA,NA,NA,NA,NA,NA,NA,NA,NA,NA,NA,NA,NA,NA,NA,NA,NA,NA,NA,NA,NA,NA,NA,NA,NA,NA,NA,NA,NA,NA,NA,NA,NA,NA,NA,NA,NA,NA,NA,NA,NA,NA,NA,NA,NA,NA,NA,NA,NA,NA,NA,NA,NA,NA,NA,NA,NA,NA,NA,NA,NA,NA,NA,NA,NA,NA,NA,NA,NA,NA,NA,NA,NA,NA,NA,NA,NA,NA,NA,NA,NA,NA,NA,NA,NA,NA,NA,NA,NA,NA,NA,NA,NA,NA,NA,NA,NA,NA,NA,NA,NA,NA,NA,NA,NA,NA,NA,NA,NA,NA,NA,NA,NA,NA,NA,NA,NA,NA,NA,NA,NA,NA,NA,NA,NA,NA,NA,NA,NA,NA,NA,NA,2,0,0,2,2,13,13,2,13,0,119,26,70,NA,NA,NA,NA,0,0,42,0,70,0,47,6,0.231
vscopy_asm,avl128,128,,,real,OK,0.222,0,3,16,1890000 x100fs,144,0.000,NA,NA,NA,NA,NA,NA,NA,NA,NA,NA,NA,NA,NA,NA,NA,NA,NA,NA,NA,NA,NA,NA,NA,NA,NA,NA,NA,NA,NA,NA,NA,NA,NA,NA,NA,NA,NA,NA,NA,NA,NA,NA,NA,NA,NA,NA,NA,NA,NA,NA,NA,NA,NA,NA,NA,NA,NA,NA,NA,NA,NA,NA,NA,NA,NA,NA,NA,NA,NA,NA,NA,NA,NA,NA,NA,NA,NA,NA,NA,NA,NA,NA,NA,NA,NA,NA,NA,NA,NA,NA,NA,NA,NA,NA,NA,NA,NA,NA,NA,NA,NA,NA,NA,NA,NA,NA,NA,NA,NA,NA,NA,NA,NA,NA,NA,NA,NA,NA,NA,NA,NA,NA,NA,NA,NA,NA,NA,NA,NA,NA,NA,NA,NA,NA,4,0,0,4,4,35,35,4,35,0,189,42,138,NA,NA,NA,NA,0,0,84,0,138,0,99,12,0.286
vscopy_asm,avl256,256,,,real,OK,0.225,0,3,64,3290000 x100fs,284,0.000,NA,NA,NA,NA,NA,NA,NA,NA,NA,NA,NA,NA,NA,NA,NA,NA,NA,NA,NA,NA,NA,NA,NA,NA,NA,NA,NA,NA,NA,NA,NA,NA,NA,NA,NA,NA,NA,NA,NA,NA,NA,NA,NA,NA,NA,NA,NA,NA,NA,NA,NA,NA,NA,NA,NA,NA,NA,NA,NA,NA,NA,NA,NA,NA,NA,NA,NA,NA,NA,NA,NA,NA,NA,NA,NA,NA,NA,NA,NA,NA,NA,NA,NA,NA,NA,NA,NA,NA,NA,NA,NA,NA,NA,NA,NA,NA,NA,NA,NA,NA,NA,NA,NA,NA,NA,NA,NA,NA,NA,NA,NA,NA,NA,NA,NA,NA,NA,NA,NA,NA,NA,NA,NA,NA,NA,NA,NA,NA,NA,NA,NA,NA,NA,NA,8,0,0,8,8,79,79,8,79,0,329,74,274,NA,NA,NA,NA,0,0,168,0,274,0,203,24,0.324
vscopy_asm,avl512,512,,,real,OK,0.227,0,3,160,6090000 x100fs,564,0.000,NA,NA,NA,NA,NA,NA,NA,NA,NA,NA,NA,NA,NA,NA,NA,NA,NA,NA,NA,NA,NA,NA,NA,NA,NA,NA,NA,NA,NA,NA,NA,NA,NA,NA,NA,NA,NA,NA,NA,NA,NA,NA,NA,NA,NA,NA,NA,NA,NA,NA,NA,NA,NA,NA,NA,NA,NA,NA,NA,NA,NA,NA,NA,NA,NA,NA,NA,NA,NA,NA,NA,NA,NA,NA,NA,NA,NA,NA,NA,NA,NA,NA,NA,NA,NA,NA,NA,NA,NA,NA,NA,NA,NA,NA,NA,NA,NA,NA,NA,NA,NA,NA,NA,NA,NA,NA,NA,NA,NA,NA,NA,NA,NA,NA,NA,NA,NA,NA,NA,NA,NA,NA,NA,NA,NA,NA,NA,NA,NA,NA,NA,NA,NA,NA,16,0,0,16,16,167,167,16,167,0,609,138,546,NA,NA,NA,NA,0,0,336,0,546,0,411,48,0.348
vscopy_asm,avl1024,1024,,,real,OK,0.228,0,3,352,11660000 x100fs,1121,0.000,NA,NA,NA,NA,NA,NA,NA,NA,NA,NA,NA,NA,NA,NA,NA,NA,NA,NA,NA,NA,NA,NA,NA,NA,NA,NA,NA,NA,NA,NA,NA,NA,NA,NA,NA,NA,NA,NA,NA,NA,NA,NA,NA,NA,NA,NA,NA,NA,NA,NA,NA,NA,NA,NA,NA,NA,NA,NA,NA,NA,NA,NA,NA,NA,NA,NA,NA,NA,NA,NA,NA,NA,NA,NA,NA,NA,NA,NA,NA,NA,NA,NA,NA,NA,NA,NA,NA,NA,NA,NA,NA,NA,NA,NA,NA,NA,NA,NA,NA,NA,NA,NA,NA,NA,NA,NA,NA,NA,NA,NA,NA,NA,NA,NA,NA,NA,NA,NA,NA,NA,NA,NA,NA,NA,NA,NA,NA,NA,NA,NA,NA,NA,NA,NA,32,0,0,32,32,343,343,32,343,0,1166,266,1087,NA,NA,NA,NA,0,0,672,0,1087,0,823,96,0.361
vscopy_asm,avl2048,2048,,,real,OK,0.229,0,3,733,22830000 x100fs,2238,0.000,NA,NA,NA,NA,NA,NA,NA,NA,NA,NA,NA,NA,NA,NA,NA,NA,NA,NA,NA,NA,NA,NA,NA,NA,NA,NA,NA,NA,NA,NA,NA,NA,NA,NA,NA,NA,NA,NA,NA,NA,NA,NA,NA,NA,NA,NA,NA,NA,NA,NA,NA,NA,NA,NA,NA,NA,NA,NA,NA,NA,NA,NA,NA,NA,NA,NA,NA,NA,NA,NA,NA,NA,NA,NA,NA,NA,NA,NA,NA,NA,NA,NA,NA,NA,NA,NA,NA,NA,NA,NA,NA,NA,NA,NA,NA,NA,NA,NA,NA,NA,NA,NA,NA,NA,NA,NA,NA,NA,NA,NA,NA,NA,NA,NA,NA,NA,NA,NA,NA,NA,NA,NA,NA,NA,NA,NA,NA,NA,NA,NA,NA,NA,NA,NA,64,0,0,64,64,691,691,64,691,0,2283,522,2172,NA,NA,NA,NA,0,0,1344,0,2172,0,1651,192,0.368
vscopy_asm,avl4096,4096,,,real,OK,0.229,0,3,1495,45170000 x100fs,4472,0.000,NA,NA,NA,NA,NA,NA,NA,NA,NA,NA,NA,NA,NA,NA,NA,NA,NA,NA,NA,NA,NA,NA,NA,NA,NA,NA,NA,NA,NA,NA,NA,NA,NA,NA,NA,NA,NA,NA,NA,NA,NA,NA,NA,NA,NA,NA,NA,NA,NA,NA,NA,NA,NA,NA,NA,NA,NA,NA,NA,NA,NA,NA,NA,NA,NA,NA,NA,NA,NA,NA,NA,NA,NA,NA,NA,NA,NA,NA,NA,NA,NA,NA,NA,NA,NA,NA,NA,NA,NA,NA,NA,NA,NA,NA,NA,NA,NA,NA,NA,NA,NA,NA,NA,NA,NA,NA,NA,NA,NA,NA,NA,NA,NA,NA,NA,NA,NA,NA,NA,NA,NA,NA,NA,NA,NA,NA,NA,NA,NA,NA,NA,NA,NA,NA,128,0,0,128,128,1387,1387,128,1387,0,4517,1034,4342,NA,NA,NA,NA,0,0,2688,0,4342,0,3307,384,0.371
vsswap_asm,avl32,32,,,real,OK,0.189,0,2,0,1060000 x100fs,54,0.000,NA,NA,NA,NA,NA,NA,NA,NA,NA,NA,NA,NA,NA,NA,NA,NA,NA,NA,NA,NA,NA,NA,NA,NA,NA,NA,NA,NA,NA,NA,NA,NA,NA,NA,NA,NA,NA,NA,NA,NA,NA,NA,NA,NA,NA,NA,NA,NA,NA,NA,NA,NA,NA,NA,NA,NA,NA,NA,NA,NA,NA,NA,NA,NA,NA,NA,NA,NA,NA,NA,NA,NA,NA,NA,NA,NA,NA,NA,NA,NA,NA,NA,NA,NA,NA,NA,NA,NA,NA,NA,NA,NA,NA,NA,NA,NA,NA,NA,NA,NA,NA,NA,NA,NA,NA,NA,NA,NA,NA,NA,NA,NA,NA,NA,NA,NA,NA,NA,NA,NA,NA,NA,NA,NA,NA,NA,NA,NA,NA,NA,NA,NA,NA,NA,1,0,0,2,2,0,0,1,0,0,106,20,51,NA,NA,NA,NA,0,0,30,0,51,0,36,5,0.250
vsswap_asm,avl64,64,,,real,OK,0.199,0,2,18,1510000 x100fs,106,0.000,NA,NA,NA,NA,NA,NA,NA,NA,NA,NA,NA,NA,NA,NA,NA,NA,NA,NA,NA,NA,NA,NA,NA,NA,NA,NA,NA,NA,NA,NA,NA,NA,NA,NA,NA,NA,NA,NA,NA,NA,NA,NA,NA,NA,NA,NA,NA,NA,NA,NA,NA,NA,NA,NA,NA,NA,NA,NA,NA,NA,NA,NA,NA,NA,NA,NA,NA,NA,NA,NA,NA,NA,NA,NA,NA,NA,NA,NA,NA,NA,NA,NA,NA,NA,NA,NA,NA,NA,NA,NA,NA,NA,NA,NA,NA,NA,NA,NA,NA,NA,NA,NA,NA,NA,NA,NA,NA,NA,NA,NA,NA,NA,NA,NA,NA,NA,NA,NA,NA,NA,NA,NA,NA,NA,NA,NA,NA,NA,NA,NA,NA,NA,NA,NA,2,0,0,4,4,11,11,2,11,0,151,30,102,NA,NA,NA,NA,0,0,60,0,102,0,74,10,0.333
vsswap_asm,avl128,128,,,real,OK,0.196,0,3,54,2550000 x100fs,210,0.000,NA,NA,NA,NA,NA,NA,NA,NA,NA,NA,NA,NA,NA,NA,NA,NA,NA,NA,NA,NA,NA,NA,NA,NA,NA,NA,NA,NA,NA,NA,NA,NA,NA,NA,NA,NA,NA,NA,NA,NA,NA,NA,NA,NA,NA,NA,NA,NA,NA,NA,NA,NA,NA,NA,NA,NA,NA,NA,NA,NA,NA,NA,NA,NA,NA,NA,NA,NA,NA,NA,NA,NA,NA,NA,NA,NA,NA,NA,NA,NA,NA,NA,NA,NA,NA,NA,NA,NA,NA,NA,NA,NA,NA,NA,NA,NA,NA,NA,NA,NA,NA,NA,NA,NA,NA,NA,NA,NA,NA,NA,NA,NA,NA,NA,NA,NA,NA,NA,NA,NA,NA,NA,NA,NA,NA,NA,NA,NA,NA,NA,NA,NA,NA,NA,4,0,0,8,8,35,35,4,35,0,255,50,204,NA,NA,NA,NA,0,0,120,0,204,0,150,20,0.400
vsswap_asm,avl256,256,,,real,OK,0.194,0,3,126,4630000 x100fs,418,0.000,NA,NA,NA,NA,NA,NA,NA,NA,NA,NA,NA,NA,NA,NA,NA,NA,NA,NA,NA,NA,NA,NA,NA,NA,NA,NA,NA,NA,NA,NA,NA,NA,NA,NA,NA,NA,NA,NA,NA,NA,NA,NA,NA,NA,NA,NA,NA,NA,NA,NA,NA,NA,NA,NA,NA,NA,NA,NA,NA,NA,NA,NA,NA,NA,NA,NA,NA,NA,NA,NA,NA,NA,NA,NA,NA,NA,NA,NA,NA,NA,NA,NA,NA,NA,NA,NA,NA,NA,NA,NA,NA,NA,NA,NA,NA,NA,NA,NA,NA,NA,NA,NA,NA,NA,NA,NA,NA,NA,NA,NA,NA,NA,NA,NA,NA,NA,NA,NA,NA,NA,NA,NA,NA,NA,NA,NA,NA,NA,NA,NA,NA,NA,NA,NA,8,0,0,16,16,83,83,8,83,0,463,90,408,NA,NA,NA,NA,0,0,240,0,408,0,302,40,0.444
vsswap_asm,avl512,512,,,real,OK,0.193,0,3,270,8790000 x100fs,834,0.000,NA,NA,NA,NA,NA,NA,NA,NA,NA,NA,NA,NA,NA,NA,NA,NA,NA,NA,NA,NA,NA,NA,NA,NA,NA,NA,NA,NA,NA,NA,NA,NA,NA,NA,NA,NA,NA,NA,NA,NA,NA,NA,NA,NA,NA,NA,NA,NA,NA,NA,NA,NA,NA,NA,NA,NA,NA,NA,NA,NA,NA,NA,NA,NA,NA,NA,NA,NA,NA,NA,NA,NA,NA,NA,NA,NA,NA,NA,NA,NA,NA,NA,NA,NA,NA,NA,NA,NA,NA,NA,NA,NA,NA,NA,NA,NA,NA,NA,NA,NA,NA,NA,NA,NA,NA,NA,NA,NA,NA,NA,NA,NA,NA,NA,NA,NA,NA,NA,NA,NA,NA,NA,NA,NA,NA,NA,NA,NA,NA,NA,NA,NA,NA,NA,16,0,0,32,32,179,179,16,179,0,879,170,816,NA,NA,NA,NA,0,0,480,0,816,0,606,80,0.471
vsswap_asm,avl1024,1024,,,real,OK,0.193,0,3,560,17080000 x100fs,1663,0.000,NA,NA,NA,NA,NA,NA,NA,NA,NA,NA,NA,NA,NA,NA,NA,NA,NA,NA,NA,NA,NA,NA,NA,NA,NA,NA,NA,NA,NA,NA,NA,NA,NA,NA,NA,NA,NA,NA,NA,NA,NA,NA,NA,NA,NA,NA,NA,NA,NA,NA,NA,NA,NA,NA,NA,NA,NA,NA,NA,NA,NA,NA,NA,NA,NA,NA,NA,NA,NA,NA,NA,NA,NA,NA,NA,NA,NA,NA,NA,NA,NA,NA,NA,NA,NA,NA,NA,NA,NA,NA,NA,NA,NA,NA,NA,NA,NA,NA,NA,NA,NA,NA,NA,NA,NA,NA,NA,NA,NA,NA,NA,NA,NA,NA,NA,NA,NA,NA,NA,NA,NA,NA,NA,NA,NA,NA,NA,NA,NA,NA,NA,NA,NA,NA,32,0,0,64,64,371,371,32,371,0,1708,330,1629,NA,NA,NA,NA,0,0,960,0,1629,0,1209,160,0.485
vsswap_asm,avl2048,2048,,,real,OK,0.193,0,3,1133,33690000 x100fs,3324,0.000,NA,NA,NA,NA,NA,NA,NA,NA,NA,NA,NA,NA,NA,NA,NA,NA,NA,NA,NA,NA,NA,NA,NA,NA,NA,NA,NA,NA,NA,NA,NA,NA,NA,NA,NA,NA,NA,NA,NA,NA,NA,NA,NA,NA,NA,NA,NA,NA,NA,NA,NA,NA,NA,NA,NA,NA,NA,NA,NA,NA,NA,NA,NA,NA,NA,NA,NA,NA,NA,NA,NA,NA,NA,NA,NA,NA,NA,NA,NA,NA,NA,NA,NA,NA,NA,NA,NA,NA,NA,NA,NA,NA,NA,NA,NA,NA,NA,NA,NA,NA,NA,NA,NA,NA,NA,NA,NA,NA,NA,NA,NA,NA,NA,NA,NA,NA,NA,NA,NA,NA,NA,NA,NA,NA,NA,NA,NA,NA,NA,NA,NA,NA,NA,NA,64,0,0,128,128,750,750,64,750,0,3369,650,3258,NA,NA,NA,NA,0,0,1920,0,3258,0,2420,320,0.492
vsswap_asm,avl4096,4096,,,real,OK,0.193,0,3,2279,66910000 x100fs,6646,0.000,NA,NA,NA,NA,NA,NA,NA,NA,NA,NA,NA,NA,NA,NA,NA,NA,NA,NA,NA,NA,NA,NA,NA,NA,NA,NA,NA,NA,NA,NA,NA,NA,NA,NA,NA,NA,NA,NA,NA,NA,NA,NA,NA,NA,NA,NA,NA,NA,NA,NA,NA,NA,NA,NA,NA,NA,NA,NA,NA,NA,NA,NA,NA,NA,NA,NA,NA,NA,NA,NA,NA,NA,NA,NA,NA,NA,NA,NA,NA,NA,NA,NA,NA,NA,NA,NA,NA,NA,NA,NA,NA,NA,NA,NA,NA,NA,NA,NA,NA,NA,NA,NA,NA,NA,NA,NA,NA,NA,NA,NA,NA,NA,NA,NA,NA,NA,NA,NA,NA,NA,NA,NA,NA,NA,NA,NA,NA,NA,NA,NA,NA,NA,NA,NA,128,0,0,256,256,1508,1508,128,1508,0,6691,1290,6516,NA,NA,NA,NA,0,0,3840,0,6516,0,4842,640,0.496
vsdot_asm,avl32,32,,,real,OK,0.182,0,4,0,1540000 x100fs,100,0.487,NA,NA,NA,NA,NA,NA,NA,NA,NA,NA,NA,NA,NA,NA,NA,NA,NA,NA,NA,NA,NA,NA,NA,NA,NA,NA,NA,NA,NA,NA,NA,NA,NA,NA,NA,NA,NA,NA,NA,NA,NA,NA,NA,NA,NA,NA,NA,NA,NA,NA,NA,NA,NA,NA,NA,NA,NA,NA,NA,NA,NA,NA,NA,NA,NA,NA,NA,NA,NA,NA,NA,NA,NA,NA,NA,NA,NA,NA,NA,NA,NA,NA,NA,NA,NA,NA,NA,NA,NA,NA,NA,NA,NA,NA,NA,NA,NA,NA,NA,NA,NA,NA,NA,NA,NA,NA,NA,NA,NA,NA,NA,NA,NA,NA,NA,NA,NA,NA,NA,NA,NA,NA,NA,NA,NA,NA,NA,NA,NA,NA,NA,NA,NA,NA,5,1,0,2,0,0,1,3,1,0,154,28,90,NA,NA,NA,NA,75,15,15,15,15,0,0,8,0.286
vsdot_asm,avl64,64,,,real,OK,0.178,0,4,3,2130000 x100fs,159,0.629,NA,NA,NA,NA,NA,NA,NA,NA,NA,NA,NA,NA,NA,NA,NA,NA,NA,NA,NA,NA,NA,NA,NA,NA,NA,NA,NA,NA,NA,NA,NA,NA,NA,NA,NA,NA,NA,NA,NA,NA,NA,NA,NA,NA,NA,NA,NA,NA,NA,NA,NA,NA,NA,NA,NA,NA,NA,NA,NA,NA,NA,NA,NA,NA,NA,NA,NA,NA,NA,NA,NA,NA,NA,NA,NA,NA,NA,NA,NA,NA,NA,NA,NA,NA,NA,NA,NA,NA,NA,NA,NA,NA,NA,NA,NA,NA,NA,NA,NA,NA,NA,NA,NA,NA,NA,NA,NA,NA,NA,NA,NA,NA,NA,NA,NA,NA,NA,NA,NA,NA,NA,NA,NA,NA,NA,NA,NA,NA,NA,NA,NA,NA,NA,NA,8,1,0,4,0,0,3,5,3,1,213,38,149,NA,NA,NA,NA,134,47,15,47,15,0,0,13,0.342
vsdot_asm,avl128,128,,,real,OK,0.175,0,5,0,3310000 x100fs,277,0.761,NA,NA,NA,NA,NA,NA,NA,NA,NA,NA,NA,NA,NA,NA,NA,NA,NA,NA,NA,NA,NA,NA,NA,NA,NA,NA,NA,NA,NA,NA,NA,NA,NA,NA,NA,NA,NA,NA,NA,NA,NA,NA,NA,NA,NA,NA,NA,NA,NA,NA,NA,NA,NA,NA,NA,NA,NA,NA,NA,NA,NA,NA,NA,NA,NA,NA,NA,NA,NA,NA,NA,NA,NA,NA,NA,NA,NA,NA,NA,NA,NA,NA,NA,NA,NA,NA,NA,NA,NA,NA,NA,NA,NA,NA,NA,NA,NA,NA,NA,NA,NA,NA,NA,NA,NA,NA,NA,NA,NA,NA,NA,NA,NA,NA,NA,NA,NA,NA,NA,NA,NA,NA,NA,NA,NA,NA,NA,NA,NA,NA,NA,NA,NA,NA,14,1,0,8,0,63,70,9,70,3,331,58,267,NA,NA,NA,NA,252,107,15,107,15,0,0,23,0.397
vsdot_asm,avl256,256,,,real,OK,0.173,0,5,0,5670000 x100fs,513,0.861,NA,NA,NA,NA,NA,NA,NA,NA,NA,NA,NA,NA,NA,NA,NA,NA,NA,NA,NA,NA,NA,NA,NA,NA,NA,NA,NA,NA,NA,NA,NA,NA,NA,NA,NA,NA,NA,NA,NA,NA,NA,NA,NA,NA,NA,NA,NA,NA,NA,NA,NA,NA,NA,NA,NA,NA,NA,NA,NA,NA,NA,NA,NA,NA,NA,NA,NA,NA,NA,NA,NA,NA,NA,NA,NA,NA,NA,NA,NA,NA,NA,NA,NA,NA,NA,NA,NA,NA,NA,NA,NA,NA,NA,NA,NA,NA,NA,NA,NA,NA,NA,NA,NA,NA,NA,NA,NA,NA,NA,NA,NA,NA,NA,NA,NA,NA,NA,NA,NA,NA,NA,NA,NA,NA,NA,NA,NA,NA,NA,NA,NA,NA,NA,NA,26,1,0,16,0,207,222,17,222,7,567,98,503,NA,NA,NA,NA,488,227,15,227,15,0,0,43,0.439
vsdot_asm,avl512,512,,,real,OK,0.171,0,5,0,10390000 x100fs,985,0.924,NA,NA,NA,NA,NA,NA,NA,NA,NA,NA,NA,NA,NA,NA,NA,NA,NA,NA,NA,NA,NA,NA,NA,NA,NA,NA,NA,NA,NA,NA,NA,NA,NA,NA,NA,NA,NA,NA,NA,NA,NA,NA,NA,NA,NA,NA,NA,NA,NA,NA,NA,NA,NA,NA,NA,NA,NA,NA,NA,NA,NA,NA,NA,NA,NA,NA,NA,NA,NA,NA,NA,NA,NA,NA,NA,NA,NA,NA,NA,NA,NA,NA,NA,NA,NA,NA,NA,NA,NA,NA,NA,NA,NA,NA,NA,NA,NA,NA,NA,NA,NA,NA,NA,NA,NA,NA,NA,NA,NA,NA,NA,NA,NA,NA,NA,NA,NA,NA,NA,NA,NA,NA,NA,NA,NA,NA,NA,NA,NA,NA,NA,NA,NA,NA,50,1,0,32,0,495,526,33,526,15,1039,178,975,NA,NA,NA,NA,960,467,15,467,15,0,0,83,0.466
vsdot_asm,avl1024,1024,,,real,OK,0.170,0,5,0,19830000 x100fs,1929,0.960,NA,NA,NA,NA,NA,NA,NA,NA,NA,NA,NA,NA,NA,NA,NA,NA,NA,NA,NA,NA,NA,NA,NA,NA,NA,NA,NA,NA,NA,NA,NA,NA,NA,NA,NA,NA,NA,NA,NA,NA,NA,NA,NA,NA,NA,NA,NA,NA,NA,NA,NA,NA,NA,NA,NA,NA,NA,NA,NA,NA,NA,NA,NA,NA,NA,NA,NA,NA,NA,NA,NA,NA,NA,NA,NA,NA,NA,NA,NA,NA,NA,NA,NA,NA,NA,NA,NA,NA,NA,NA,NA,NA,NA,NA,NA,NA,NA,NA,NA,NA,NA,NA,NA,NA,NA,NA,NA,NA,NA,NA,NA,NA,NA,NA,NA,NA,NA,NA,NA,NA,NA,NA,NA,NA,NA,NA,NA,NA,NA,NA,NA,NA,NA,NA,98,1,0,64,0,1071,1134,65,1134,31,1983,338,1919,NA,NA,NA,NA,1904,947,15,947,15,0,0,163,0.482
vsdot_asm,avl2048,2048,,,real,OK,0.170,0,5,0,38720000 x100fs,3817,0.979,NA,NA,NA,NA,NA,NA,NA,NA,NA,NA,NA,NA,NA,NA,NA,NA,NA,NA,NA,NA,NA,NA,NA,NA,NA,NA,NA,NA,NA,NA,NA,NA,NA,NA,NA,NA,NA,NA,NA,NA,NA,NA,NA,NA,NA,NA,NA,NA,NA,NA,NA,NA,NA,NA,NA,NA,NA,NA,NA,NA,NA,NA,NA,NA,NA,NA,NA,NA,NA,NA,NA,NA,NA,NA,NA,NA,NA,NA,NA,NA,NA,NA,NA,NA,NA,NA,NA,NA,NA,NA,NA,NA,NA,NA,NA,NA,NA,NA,NA,NA,NA,NA,NA,NA,NA,NA,NA,NA,NA,NA,NA,NA,NA,NA,NA,NA,NA,NA,NA,NA,NA,NA,NA,NA,NA,NA,NA,NA,NA,NA,NA,NA,NA,NA,194,1,0,128,0,2221,2348,129,2348,63,3872,658,3807,NA,NA,NA,NA,3792,1907,15,1907,15,0,0,323,0.491
vsdot_asm,avl4096,4096,,,real,OK,0.170,0,5,0,76480000 x100fs,7593,0.990,NA,NA,NA,NA,NA,NA,NA,NA,NA,NA,NA,NA,NA,NA,NA,NA,NA,NA,NA,NA,NA,NA,NA,NA,NA,NA,NA,NA,NA,NA,NA,NA,NA,NA,NA,NA,NA,NA,NA,NA,NA,NA,NA,NA,NA,NA,NA,NA,NA,NA,NA,NA,NA,NA,NA,NA,NA,NA,NA,NA,NA,NA,NA,NA,NA,NA,NA,NA,NA,NA,NA,NA,NA,NA,NA,NA,NA,NA,NA,NA,NA,NA,NA,NA,NA,NA,NA,NA,NA,NA,NA,NA,NA,NA,NA,NA,NA,NA,NA,NA,NA,NA,NA,NA,NA,NA,NA,NA,NA,NA,NA,NA,NA,NA,NA,NA,NA,NA,NA,NA,NA,NA,NA,NA,NA,NA,NA,NA,NA,NA,NA,NA,NA,NA,386,1,0,256,0,4521,4776,257,4776,127,7648,1298,7583,NA,NA,NA,NA,7568,3827,15,3827,15,0,0,643,0.495
vsscal_asm,avl32,32,,,real,OK,0.210,0,2,0,1000000 x100fs,45,0.180,NA,NA,NA,NA,NA,NA,NA,NA,NA,NA,NA,NA,NA,NA,NA,NA,NA,NA,NA,NA,NA,NA,NA,NA,NA,NA,NA,NA,NA,NA,NA,NA,NA,NA,NA,NA,NA,NA,NA,NA,NA,NA,NA,NA,NA,NA,NA,NA,NA,NA,NA,NA,NA,NA,NA,NA,NA,NA,NA,NA,NA,NA,NA,NA,NA,NA,NA,NA,NA,NA,NA,NA,NA,NA,NA,NA,NA,NA,NA,NA,NA,NA,NA,NA,NA,NA,NA,NA,NA,NA,NA,NA,NA,NA,NA,NA,NA,NA,NA,NA,NA,NA,NA,NA,NA,NA,NA,NA,NA,NA,NA,NA,NA,NA,NA,NA,NA,NA,NA,NA,NA,NA,NA,NA,NA,NA,NA,NA,NA,NA,NA,NA,NA,NA,1,0,1,1,1,0,1,2,1,1,100,21,42,NA,NA,NA,NA,18,8,13,18,24,15,11,4,0.190
vsscal_asm,avl64,64,,,real,OK,0.229,0,3,12,1310000 x100fs,85,0.298,NA,NA,NA,NA,NA,NA,NA,NA,NA,NA,NA,NA,NA,NA,NA,NA,NA,NA,NA,NA,NA,NA,NA,NA,NA,NA,NA,NA,NA,NA,NA,NA,NA,NA,NA,NA,NA,NA,NA,NA,NA,NA,NA,NA,NA,NA,NA,NA,NA,NA,NA,NA,NA,NA,NA,NA,NA,NA,NA,NA,NA,NA,NA,NA,NA,NA,NA,NA,NA,NA,NA,NA,NA,NA,NA,NA,NA,NA,NA,NA,NA,NA,NA,NA,NA,NA,NA,NA,NA,NA,NA,NA,NA,NA,NA,NA,NA,NA,NA,NA,NA,NA,NA,NA,NA,NA,NA,NA,NA,NA,NA,NA,NA,NA,NA,NA,NA,NA,NA,NA,NA,NA,NA,NA,NA,NA,NA,NA,NA,NA,NA,NA,NA,NA,2,0,2,2,2,11,13,4,12,2,131,30,81,NA,NA,NA,NA,39,22,20,39,42,33,22,8,0.267
vsscal_asm,avl128,128,,,real,OK,0.227,0,5,46,2110000 x100fs,165,0.384,NA,NA,NA,NA,NA,NA,NA,NA,NA,NA,NA,NA,NA,NA,NA,NA,NA,NA,NA,NA,NA,NA,NA,NA,NA,NA,NA,NA,NA,NA,NA,NA,NA,NA,NA,NA,NA,NA,NA,NA,NA,NA,NA,NA,NA,NA,NA,NA,NA,NA,NA,NA,NA,NA,NA,NA,NA,NA,NA,NA,NA,NA,NA,NA,NA,NA,NA,NA,NA,NA,NA,NA,NA,NA,NA,NA,NA,NA,NA,NA,NA,NA,NA,NA,NA,NA,NA,NA,NA,NA,NA,NA,NA,NA,NA,NA,NA,NA,NA,NA,NA,NA,NA,NA,NA,NA,NA,NA,NA,NA,NA,NA,NA,NA,NA,NA,NA,NA,NA,NA,NA,NA,NA,NA,NA,NA,NA,NA,NA,NA,NA,NA,NA,NA,4,0,4,4,4,43,47,8,44,14,211,48,159,NA,NA,NA,NA,81,50,34,81,78,69,44,16,0.333
vsscal_asm,avl256,256,,,real,OK,0.226,0,5,114,3710000 x100fs,325,0.445,NA,NA,NA,NA,NA,NA,NA,NA,NA,NA,NA,NA,NA,NA,NA,NA,NA,NA,NA,NA,NA,NA,NA,NA,NA,NA,NA,NA,NA,NA,NA,NA,NA,NA,NA,NA,NA,NA,NA,NA,NA,NA,NA,NA,NA,NA,NA,NA,NA,NA,NA,NA,NA,NA,NA,NA,NA,NA,NA,NA,NA,NA,NA,NA,NA,NA,NA,NA,NA,NA,NA,NA,NA,NA,NA,NA,NA,NA,NA,NA,NA,NA,NA,NA,NA,NA,NA,NA,NA,NA,NA,NA,NA,NA,NA,NA,NA,NA,NA,NA,NA,NA,NA,NA,NA,NA,NA,NA,NA,NA,NA,NA,NA,NA,NA,NA,NA,NA,NA,NA,NA,NA,NA,NA,NA,NA,NA,NA,NA,NA,NA,NA,NA,NA,8,0,8,8,8,107,115,16,108,38,371,84,315,NA,NA,NA,NA,165,106,62,165,150,141,88,32,0.381
vsscal_asm,avl512,512,,,real,OK,0.226,0,5,250,6910000 x100fs,645,0.482,NA,NA,NA,NA,NA,NA,NA,NA,NA,NA,NA,NA,NA,NA,NA,NA,NA,NA,NA,NA,NA,NA,NA,NA,NA,NA,NA,NA,NA,NA,NA,NA,NA,NA,NA,NA,NA,NA,NA,NA,NA,NA,NA,NA,NA,NA,NA,NA,NA,NA,NA,NA,NA,NA,NA,NA,NA,NA,NA,NA,NA,NA,NA,NA,NA,NA,NA,NA,NA,NA,NA,NA,NA,NA,NA,NA,NA,NA,NA,NA,NA,NA,NA,NA,NA,NA,NA,NA,NA,NA,NA,NA,NA,NA,NA,NA,NA,NA,NA,NA,NA,NA,NA,NA,NA,NA,NA,NA,NA,NA,NA,NA,NA,NA,NA,NA,NA,NA,NA,NA,NA,NA,NA,NA,NA,NA,NA,NA,NA,NA,NA,NA,NA,NA,16,0,16,16,16,235,251,32,236,86,691,156,627,NA,NA,NA,NA,333,218,118,333,294,285,176,64,0.410
vsscal_asm,avl1024,1024,,,real,OK,0.226,0,5,523,13270000 x100fs,1281,0.503,NA,NA,NA,NA,NA,NA,NA,NA,NA,NA,NA,NA,NA,NA,NA,NA,NA,NA,NA,NA,NA,NA,NA,NA,NA,NA,NA,NA,NA,NA,NA,NA,NA,NA,NA,NA,NA,NA,NA,NA,NA,NA,NA,NA,NA,NA,NA,NA,NA,NA,NA,NA,NA,NA,NA,NA,NA,NA,NA,NA,NA,NA,NA,NA,NA,NA,NA,NA,NA,NA,NA,NA,NA,NA,NA,NA,NA,NA,NA,NA,NA,NA,NA,NA,NA,NA,NA,NA,NA,NA,NA,NA,NA,NA,NA,NA,NA,NA,NA,NA,NA,NA,NA,NA,NA,NA,NA,NA,NA,NA,NA,NA,NA,NA,NA,NA,NA,NA,NA,NA,NA,NA,NA,NA,NA,NA,NA,NA,NA,NA,NA,NA,NA,NA,32,0,32,32,32,491,523,64,492,182,1327,300,1247,NA,NA,NA,NA,668,441,231,668,579,572,348,128,0.427
vsscal_asm,avl2048,2048,,,real,OK,0.226,0,5,1063,26030000 x100fs,2557,0.514,NA,NA,NA,NA,NA,NA,NA,NA,NA,NA,NA,NA,NA,NA,NA,NA,NA,NA,NA,NA,NA,NA,NA,NA,NA,NA,NA,NA,NA,NA,NA,NA,NA,NA,NA,NA,NA,NA,NA,NA,NA,NA,NA,NA,NA,NA,NA,NA,NA,NA,NA,NA,NA,NA,NA,NA,NA,NA,NA,NA,NA,NA,NA,NA,NA,NA,NA,NA,NA,NA,NA,NA,NA,NA,NA,NA,NA,NA,NA,NA,NA,NA,NA,NA,NA,NA,NA,NA,NA,NA,NA,NA,NA,NA,NA,NA,NA,NA,NA,NA,NA,NA,NA,NA,NA,NA,NA,NA,NA,NA,NA,NA,NA,NA,NA,NA,NA,NA,NA,NA,NA,NA,NA,NA,NA,NA,NA,NA,NA,NA,NA,NA,NA,NA,64,0,64,64,64,998,1062,128,999,373,2603,588,2491,NA,NA,NA,NA,1339,888,456,1339,1152,1147,696,256,0.435
vsscal_asm,avl4096,4096,,,real,OK,0.226,0,5,2143,51550000 x100fs,5109,0.520,NA,NA,NA,NA,NA,NA,NA,NA,NA,NA,NA,NA,NA,NA,NA,NA,NA,NA,NA,NA,NA,NA,NA,NA,NA,NA,NA,NA,NA,NA,NA,NA,NA,NA,NA,NA,NA,NA,NA,NA,NA,NA,NA,NA,NA,NA,NA,NA,NA,NA,NA,NA,NA,NA,NA,NA,NA,NA,NA,NA,NA,NA,NA,NA,NA,NA,NA,NA,NA,NA,NA,NA,NA,NA,NA,NA,NA,NA,NA,NA,NA,NA,NA,NA,NA,NA,NA,NA,NA,NA,NA,NA,NA,NA,NA,NA,NA,NA,NA,NA,NA,NA,NA,NA,NA,NA,NA,NA,NA,NA,NA,NA,NA,NA,NA,NA,NA,NA,NA,NA,NA,NA,NA,NA,NA,NA,NA,NA,NA,NA,NA,NA,NA,NA,128,0,128,128,128,2012,2140,256,2013,755,5155,1164,4979,NA,NA,NA,NA,2681,1782,906,2681,2298,2297,1392,512,0.440
vvaddint32_asm,avl32,32,,,real,OK,0.209,0,2,0,1100000 x100fs,53,0.155,NA,NA,NA,NA,NA,NA,NA,NA,NA,NA,NA,NA,NA,NA,NA,NA,NA,NA,NA,NA,NA,NA,NA,NA,NA,NA,NA,NA,NA,NA,NA,NA,NA,NA,NA,NA,NA,NA,NA,NA,NA,NA,NA,NA,NA,NA,NA,NA,NA,NA,NA,NA,NA,NA,NA,NA,NA,NA,NA,NA,NA,NA,NA,NA,NA,NA,NA,NA,NA,NA,NA,NA,NA,NA,NA,NA,NA,NA,NA,NA,NA,NA,NA,NA,NA,NA,NA,NA,NA,NA,NA,NA,NA,NA,NA,NA,NA,NA,NA,NA,NA,NA,NA,NA,NA,NA,NA,NA,NA,NA,NA,NA,NA,NA,NA,NA,NA,NA,NA,NA,NA,NA,NA,NA,NA,NA,NA,NA,NA,NA,NA,NA,NA,NA,2,0,0,2,1,0,0,2,0,0,110,23,50,NA,NA,NA,NA,17,14,22,17,33,11,11,5,0.217
vvaddint32_asm,avl64,64,,,real,OK,0.252,0,3,2,1350000 x100fs,90,0.281,NA,NA,NA,NA,NA,NA,NA,NA,NA,NA,NA,NA,NA,NA,NA,NA,NA,NA,NA,NA,NA,NA,NA,NA,NA,NA,NA,NA,NA,NA,NA,NA,NA,NA,NA,NA,NA,NA,NA,NA,NA,NA,NA,NA,NA,NA,NA,NA,NA,NA,NA,NA,NA,NA,NA,NA,NA,NA,NA,NA,NA,NA,NA,NA,NA,NA,NA,NA,NA,NA,NA,NA,NA,NA,NA,NA,NA,NA,NA,NA,NA,NA,NA,NA,NA,NA,NA,NA,NA,NA,NA,NA,NA,NA,NA,NA,NA,NA,NA,NA,NA,NA,NA,NA,NA,NA,NA,NA,NA,NA,NA,NA,NA,NA,NA,NA,NA,NA,NA,NA,NA,NA,NA,NA,NA,NA,NA,NA,NA,NA,NA,NA,NA,NA,4,0,0,4,2,1,1,4,1,0,135,34,87,NA,NA,NA,NA,38,32,37,38,49,30,22,10,0.294
vvaddint32_asm,avl128,128,,,real,OK,0.260,0,4,6,2150000 x100fs,158,0.340,NA,NA,NA,NA,NA,NA,NA,NA,NA,NA,NA,NA,NA,NA,NA,NA,NA,NA,NA,NA,NA,NA,NA,NA,NA,NA,NA,NA,NA,NA,NA,NA,NA,NA,NA,NA,NA,NA,NA,NA,NA,NA,NA,NA,NA,NA,NA,NA,NA,NA,NA,NA,NA,NA,NA,NA,NA,NA,NA,NA,NA,NA,NA,NA,NA,NA,NA,NA,NA,NA,NA,NA,NA,NA,NA,NA,NA,NA,NA,NA,NA,NA,NA,NA,NA,NA,NA,NA,NA,NA,NA,NA,NA,NA,NA,NA,NA,NA,NA,NA,NA,NA,NA,NA,NA,NA,NA,NA,NA,NA,NA,NA,NA,NA,NA,NA,NA,NA,NA,NA,NA,NA,NA,NA,NA,NA,NA,NA,NA,NA,NA,NA,NA,NA,8,0,0,8,4,3,3,8,3,0,215,56,155,NA,NA,NA,NA,73,61,68,73,82,61,44,20,0.357
vvaddint32_asm,avl256,256,,,real,OK,0.285,0,4,14,3510000 x100fs,294,0.413,NA,NA,NA,NA,NA,NA,NA,NA,NA,NA,NA,NA,NA,NA,NA,NA,NA,NA,NA,NA,NA,NA,NA,NA,NA,NA,NA,NA,NA,NA,NA,NA,NA,NA,NA,NA,NA,NA,NA,NA,NA,NA,NA,NA,NA,NA,NA,NA,NA,NA,NA,NA,NA,NA,NA,NA,NA,NA,NA,NA,NA,NA,NA,NA,NA,NA,NA,NA,NA,NA,NA,NA,NA,NA,NA,NA,NA,NA,NA,NA,NA,NA,NA,NA,NA,NA,NA,NA,NA,NA,NA,NA,NA,NA,NA,NA,NA,NA,NA,NA,NA,NA,NA,NA,NA,NA,NA,NA,NA,NA,NA,NA,NA,NA,NA,NA,NA,NA,NA,NA,NA,NA,NA,NA,NA,NA,NA,NA,NA,NA,NA,NA,NA,NA,16,0,0,16,8,7,7,16,7,0,351,100,291,NA,NA,NA,NA,145,121,128,145,146,125,88,40,0.400
vvaddint32_asm,avl512,512,,,real,OK,0.302,0,4,30,6230000 x100fs,566,0.464,NA,NA,NA,NA,NA,NA,NA,NA,NA,NA,NA,NA,NA,NA,NA,NA,NA,NA,NA,NA,NA,NA,NA,NA,NA,NA,NA,NA,NA,NA,NA,NA,NA,NA,NA,NA,NA,NA,NA,NA,NA,NA,NA,NA,NA,NA,NA,NA,NA,NA,NA,NA,NA,NA,NA,NA,NA,NA,NA,NA,NA,NA,NA,NA,NA,NA,NA,NA,NA,NA,NA,NA,NA,NA,NA,NA,NA,NA,NA,NA,NA,NA,NA,NA,NA,NA,NA,NA,NA,NA,NA,NA,NA,NA,NA,NA,NA,NA,NA,NA,NA,NA,NA,NA,NA,NA,NA,NA,NA,NA,NA,NA,NA,NA,NA,NA,NA,NA,NA,NA,NA,NA,NA,NA,NA,NA,NA,NA,NA,NA,NA,NA,NA,NA,32,0,0,32,16,15,15,32,15,0,623,188,563,NA,NA,NA,NA,289,241,248,289,274,253,176,80,0.426
vvaddint32_asm,avl1024,1024,,,real,OK,0.312,0,4,63,11670000 x100fs,1104,0.494,NA,NA,NA,NA,NA,NA,NA,NA,NA,NA,NA,NA,NA,NA,NA,NA,NA,NA,NA,NA,NA,NA,NA,NA,NA,NA,NA,NA,NA,NA,NA,NA,NA,NA,NA,NA,NA,NA,NA,NA,NA,NA,NA,NA,NA,NA,NA,NA,NA,NA,NA,NA,NA,NA,NA,NA,NA,NA,NA,NA,NA,NA,NA,NA,NA,NA,NA,NA,NA,NA,NA,NA,NA,NA,NA,NA,NA,NA,NA,NA,NA,NA,NA,NA,NA,NA,NA,NA,NA,NA,NA,NA,NA,NA,NA,NA,NA,NA,NA,NA,NA,NA,NA,NA,NA,NA,NA,NA,NA,NA,NA,NA,NA,NA,NA,NA,NA,NA,NA,NA,NA,NA,NA,NA,NA,NA,NA,NA,NA,NA,NA,NA,NA,NA,64,0,0,64,32,31,31,64,31,0,1167,364,1101,NA,NA,NA,NA,576,480,489,576,525,508,346,160,0.440
vvaddint32_asm,avl2048,2048,,,real,OK,0.318,0,4,127,22550000 x100fs,2191,0.510,NA,NA,NA,NA,NA,NA,NA,NA,NA,NA,NA,NA,NA,NA,NA,NA,NA,NA,NA,NA,NA,NA,NA,NA,NA,NA,NA,NA,NA,NA,NA,NA,NA,NA,NA,NA,NA,NA,NA,NA,NA,NA,NA,NA,NA,NA,NA,NA,NA,NA,NA,NA,NA,NA,NA,NA,NA,NA,NA,NA,NA,NA,NA,NA,NA,NA,NA,NA,NA,NA,NA,NA,NA,NA,NA,NA,NA,NA,NA,NA,NA,NA,NA,NA,NA,NA,NA,NA,NA,NA,NA,NA,NA,NA,NA,NA,NA,NA,NA,NA,NA,NA,NA,NA,NA,NA,NA,NA,NA,NA,NA,NA,NA,NA,NA,NA,NA,NA,NA,NA,NA,NA,NA,NA,NA,NA,NA,NA,NA,NA,NA,NA,NA,NA,128,0,0,128,64,62,62,128,62,0,2255,716,2188,NA,NA,NA,NA,1149,957,971,1149,1039,1017,692,320,0.447
vvaddint32_asm,avl4096,4096,,,real,OK,0.320,0,4,255,44310000 x100fs,4367,0.518,NA,NA,NA,NA,NA,NA,NA,NA,NA,NA,NA,NA,NA,NA,NA,NA,NA,NA,NA,NA,NA,NA,NA,NA,NA,NA,NA,NA,NA,NA,NA,NA,NA,NA,NA,NA,NA,NA,NA,NA,NA,NA,NA,NA,NA,NA,NA,NA,NA,NA,NA,NA,NA,NA,NA,NA,NA,NA,NA,NA,NA,NA,NA,NA,NA,NA,NA,NA,NA,NA,NA,NA,NA,NA,NA,NA,NA,NA,NA,NA,NA,NA,NA,NA,NA,NA,NA,NA,NA,NA,NA,NA,NA,NA,NA,NA,NA,NA,NA,NA,NA,NA,NA,NA,NA,NA,NA,NA,NA,NA,NA,NA,NA,NA,NA,NA,NA,NA,NA,NA,NA,NA,NA,NA,NA,NA,NA,NA,NA,NA,NA,NA,NA,NA,256,0,0,256,128,124,124,256,124,0,4431,1420,4364,NA,NA,NA,NA,2297,1913,1935,2297,2067,2037,1384,640,0.451
vmc_asm,avl32,32,,,real,OK,0.224,0,6,0,2100000 x100fs,93,0.105,NA,NA,NA,NA,NA,NA,NA,NA,NA,NA,NA,NA,NA,NA,NA,NA,NA,NA,NA,NA,NA,NA,NA,NA,NA,NA,NA,NA,NA,NA,NA,NA,NA,NA,NA,NA,NA,NA,NA,NA,NA,NA,NA,NA,NA,NA,NA,NA,NA,NA,NA,NA,NA,NA,NA,NA,NA,NA,NA,NA,NA,NA,NA,NA,NA,NA,NA,NA,NA,NA,NA,NA,NA,NA,NA,NA,NA,NA,NA,NA,NA,NA,NA,NA,NA,NA,NA,NA,NA,NA,NA,NA,NA,NA,NA,NA,NA,NA,NA,NA,NA,NA,NA,NA,NA,NA,NA,NA,NA,NA,NA,NA,NA,NA,NA,NA,NA,NA,NA,NA,NA,NA,NA,NA,NA,NA,NA,NA,NA,NA,NA,NA,NA,NA,4,0,0,1,1,0,0,0,0,0,210,47,59,NA,NA,NA,NA,22,0,17,0,37,0,20,6,0.128
vmc_asm,avl64,64,,,real,OK,0.217,0,6,0,2170000 x100fs,102,0.138,NA,NA,NA,NA,NA,NA,NA,NA,NA,NA,NA,NA,NA,NA,NA,NA,NA,NA,NA,NA,NA,NA,NA,NA,NA,NA,NA,NA,NA,NA,NA,NA,NA,NA,NA,NA,NA,NA,NA,NA,NA,NA,NA,NA,NA,NA,NA,NA,NA,NA,NA,NA,NA,NA,NA,NA,NA,NA,NA,NA,NA,NA,NA,NA,NA,NA,NA,NA,NA,NA,NA,NA,NA,NA,NA,NA,NA,NA,NA,NA,NA,NA,NA,NA,NA,NA,NA,NA,NA,NA,NA,NA,NA,NA,NA,NA,NA,NA,NA,NA,NA,NA,NA,NA,NA,NA,NA,NA,NA,NA,NA,NA,NA,NA,NA,NA,NA,NA,NA,NA,NA,NA,NA,NA,NA,NA,NA,NA,NA,NA,NA,NA,NA,NA,4,0,0,1,1,0,0,1,0,0,217,47,78,NA,NA,NA,NA,30,0,21,1,48,1,27,6,0.128
vmc_asm,avl128,128,,,real,OK,0.195,0,6,0,2410000 x100fs,126,0.191,NA,NA,NA,NA,NA,NA,NA,NA,NA,NA,NA,NA,NA,NA,NA,NA,NA,NA,NA,NA,NA,NA,NA,NA,NA,NA,NA,NA,NA,NA,NA,NA,NA,NA,NA,NA,NA,NA,NA,NA,NA,NA,NA,NA,NA,NA,NA,NA,NA,NA,NA,NA,NA,NA,NA,NA,NA,NA,NA,NA,NA,NA,NA,NA,NA,NA,NA,NA,NA,NA,NA,NA,NA,NA,NA,NA,NA,NA,NA,NA,NA,NA,NA,NA,NA,NA,NA,NA,NA,NA,NA,NA,NA,NA,NA,NA,NA,NA,NA,NA,NA,NA,NA,NA,NA,NA,NA,NA,NA,NA,NA,NA,NA,NA,NA,NA,NA,NA,NA,NA,NA,NA,NA,NA,NA,NA,NA,NA,NA,NA,NA,NA,NA,NA,4,0,0,1,1,0,0,1,0,0,241,47,110,NA,NA,NA,NA,46,0,29,9,64,9,35,6,0.128
vmc_asm,avl256,256,,,real,OK,0.163,0,6,0,2890000 x100fs,174,0.232,NA,NA,NA,NA,NA,NA,NA,NA,NA,NA,NA,NA,NA,NA,NA,NA,NA,NA,NA,NA,NA,NA,NA,NA,NA,NA,NA,NA,NA,NA,NA,NA,NA,NA,NA,NA,NA,NA,NA,NA,NA,NA,NA,NA,NA,NA,NA,NA,NA,NA,NA,NA,NA,NA,NA,NA,NA,NA,NA,NA,NA,NA,NA,NA,NA,NA,NA,NA,NA,NA,NA,NA,NA,NA,NA,NA,NA,NA,NA,NA,NA,NA,NA,NA,NA,NA,NA,NA,NA,NA,NA,NA,NA,NA,NA,NA,NA,NA,NA,NA,NA,NA,NA,NA,NA,NA,NA,NA,NA,NA,NA,NA,NA,NA,NA,NA,NA,NA,NA,NA,NA,NA,NA,NA,NA,NA,NA,NA,NA,NA,NA,NA,NA,NA,4,0,0,1,1,0,1,2,1,1,289,47,162,NA,NA,NA,NA,67,0,45,26,95,26,50,6,0.128
vmc_asm,avl512,512,,,real,OK,0.203,0,9,24,3700000 x100fs,307,0.349,NA,NA,NA,NA,NA,NA,NA,NA,NA,NA,NA,NA,NA,NA,NA,NA,NA,NA,NA,NA,NA,NA,NA,NA,NA,NA,NA,NA,NA,NA,NA,NA,NA,NA,NA,NA,NA,NA,NA,NA,NA,NA,NA,NA,NA,NA,NA,NA,NA,NA,NA,NA,NA,NA,NA,NA,NA,NA,NA,NA,NA,NA,NA,NA,NA,NA,NA,NA,NA,NA,NA,NA,NA,NA,NA,NA,NA,NA,NA,NA,NA,NA,NA,NA,NA,NA,NA,NA,NA,NA,NA,NA,NA,NA,NA,NA,NA,NA,NA,NA,NA,NA,NA,NA,NA,NA,NA,NA,NA,NA,NA,NA,NA,NA,NA,NA,NA,NA,NA,NA,NA,NA,NA,NA,NA,NA,NA,NA,NA,NA,NA,NA,NA,NA,8,0,0,2,2,0,3,5,2,2,370,75,281,NA,NA,NA,NA,129,35,55,88,152,79,97,12,0.160
vmc_asm,avl1024,1024,,,real,OK,0.214,0,9,206,6130000 x100fs,550,0.413,NA,NA,NA,NA,NA,NA,NA,NA,NA,NA,NA,NA,NA,NA,NA,NA,NA,NA,NA,NA,NA,NA,NA,NA,NA,NA,NA,NA,NA,NA,NA,NA,NA,NA,NA,NA,NA,NA,NA,NA,NA,NA,NA,NA,NA,NA,NA,NA,NA,NA,NA,NA,NA,NA,NA,NA,NA,NA,NA,NA,NA,NA,NA,NA,NA,NA,NA,NA,NA,NA,NA,NA,NA,NA,NA,NA,NA,NA,NA,NA,NA,NA,NA,NA,NA,NA,NA,NA,NA,NA,NA,NA,NA,NA,NA,NA,NA,NA,NA,NA,NA,NA,NA,NA,NA,NA,NA,NA,NA,NA,NA,NA,NA,NA,NA,NA,NA,NA,NA,NA,NA,NA,NA,NA,NA,NA,NA,NA,NA,NA,NA,NA,NA,NA,16,0,0,4,4,0,5,11,2,4,613,131,520,NA,NA,NA,NA,253,105,75,212,267,185,192,24,0.183
vmc_asm,avl2048,2048,,,real,OK,0.222,0,9,578,10950000 x100fs,1032,0.457,NA,NA,NA,NA,NA,NA,NA,NA,NA,NA,NA,NA,NA,NA,NA,NA,NA,NA,NA,NA,NA,NA,NA,NA,NA,NA,NA,NA,NA,NA,NA,NA,NA,NA,NA,NA,NA,NA,NA,NA,NA,NA,NA,NA,NA,NA,NA,NA,NA,NA,NA,NA,NA,NA,NA,NA,NA,NA,NA,NA,NA,NA,NA,NA,NA,NA,NA,NA,NA,NA,NA,NA,NA,NA,NA,NA,NA,NA,NA,NA,NA,NA,NA,NA,NA,NA,NA,NA,NA,NA,NA,NA,NA,NA,NA,NA,NA,NA,NA,NA,NA,NA,NA,NA,NA,NA,NA,NA,NA,NA,NA,NA,NA,NA,NA,NA,NA,NA,NA,NA,NA,NA,NA,NA,NA,NA,NA,NA,NA,NA,NA,NA,NA,NA,32,0,0,8,8,0,9,23,2,8,1095,243,994,NA,NA,NA,NA,500,244,116,459,494,396,378,48,0.198
vmc_asm,avl4096,4096,,,real,OK,0.227,0,9,1320,20610000 x100fs,1998,0.483,NA,NA,NA,NA,NA,NA,NA,NA,NA,NA,NA,NA,NA,NA,NA,NA,NA,NA,NA,NA,NA,NA,NA,NA,NA,NA,NA,NA,NA,NA,NA,NA,NA,NA,NA,NA,NA,NA,NA,NA,NA,NA,NA,NA,NA,NA,NA,NA,NA,NA,NA,NA,NA,NA,NA,NA,NA,NA,NA,NA,NA,NA,NA,NA,NA,NA,NA,NA,NA,NA,NA,NA,NA,NA,NA,NA,NA,NA,NA,NA,NA,NA,NA,NA,NA,NA,NA,NA,NA,NA,NA,NA,NA,NA,NA,NA,NA,NA,NA,NA,NA,NA,NA,NA,NA,NA,NA,NA,NA,NA,NA,NA,NA,NA,NA,NA,NA,NA,NA,NA,NA,NA,NA,NA,NA,NA,NA,NA,NA,NA,NA,NA,NA,NA,64,0,0,16,16,0,17,47,2,16,2061,467,1944,NA,NA,NA,NA,995,523,197,954,949,819,752,96,0.206
vsdwt_asm,avl32,32,,,real,OK,0.217,0,4,0,1570000 x100fs,73,0.229,NA,NA,NA,NA,NA,NA,NA,NA,NA,NA,NA,NA,NA,NA,NA,NA,NA,NA,NA,NA,NA,NA,NA,NA,NA,NA,NA,NA,NA,NA,NA,NA,NA,NA,NA,NA,NA,NA,NA,NA,NA,NA,NA,NA,NA,NA,NA,NA,NA,NA,NA,NA,NA,NA,NA,NA,NA,NA,NA,NA,NA,NA,NA,NA,NA,NA,NA,NA,NA,NA,NA,NA,NA,NA,NA,NA,NA,NA,NA,NA,NA,NA,NA,NA,NA,NA,NA,NA,NA,NA,NA,NA,NA,NA,NA,NA,NA,NA,NA,NA,NA,NA,NA,NA,NA,NA,NA,NA,NA,NA,NA,NA,NA,NA,NA,NA,NA,NA,NA,NA,NA,NA,NA,NA,NA,NA,NA,NA,NA,NA,NA,NA,NA,NA,3,0,2,2,2,0,4,6,2,2,157,34,70,NA,NA,NA,NA,36,15,16,35,34,20,18,9,0.265
vsdwt_asm,avl64,64,,,real,OK,0.254,0,5,19,1970000 x100fs,134,0.381,NA,NA,NA,NA,NA,NA,NA,NA,NA,NA,NA,NA,NA,NA,NA,NA,NA,NA,NA,NA,NA,NA,NA,NA,NA,NA,NA,NA,NA,NA,NA,NA,NA,NA,NA,NA,NA,NA,NA,NA,NA,NA,NA,NA,NA,NA,NA,NA,NA,NA,NA,NA,NA,NA,NA,NA,NA,NA,NA,NA,NA,NA,NA,NA,NA,NA,NA,NA,NA,NA,NA,NA,NA,NA,NA,NA,NA,NA,NA,NA,NA,NA,NA,NA,NA,NA,NA,NA,NA,NA,NA,NA,NA,NA,NA,NA,NA,NA,NA,NA,NA,NA,NA,NA,NA,NA,NA,NA,NA,NA,NA,NA,NA,NA,NA,NA,NA,NA,NA,NA,NA,NA,NA,NA,NA,NA,NA,NA,NA,NA,NA,NA,NA,NA,6,0,4,4,4,0,7,12,3,4,197,50,131,NA,NA,NA,NA,75,33,28,73,56,40,36,18,0.360
vsdwt_asm,avl128,128,,,real,OK,0.259,0,7,55,3160000 x100fs,253,0.484,NA,NA,NA,NA,NA,NA,NA,NA,NA,NA,NA,NA,NA,NA,NA,NA,NA,NA,NA,NA,NA,NA,NA,NA,NA,NA,NA,NA,NA,NA,NA,NA,NA,NA,NA,NA,NA,NA,NA,NA,NA,NA,NA,NA,NA,NA,NA,NA,NA,NA,NA,NA,NA,NA,NA,NA,NA,NA,NA,NA,NA,NA,NA,NA,NA,NA,NA,NA,NA,NA,NA,NA,NA,NA,NA,NA,NA,NA,NA,NA,NA,NA,NA,NA,NA,NA,NA,NA,NA,NA,NA,NA,NA,NA,NA,NA,NA,NA,NA,NA,NA,NA,NA,NA,NA,NA,NA,NA,NA,NA,NA,NA,NA,NA,NA,NA,NA,NA,NA,NA,NA,NA,NA,NA,NA,NA,NA,NA,NA,NA,NA,NA,NA,NA,12,0,8,8,8,0,13,24,5,8,316,82,250,NA,NA,NA,NA,153,71,65,149,97,80,73,36,0.439
vsdwt_asm,avl256,256,,,real,OK,0.264,0,7,123,5520000 x100fs,489,0.560,NA,NA,NA,NA,NA,NA,NA,NA,NA,NA,NA,NA,NA,NA,NA,NA,NA,NA,NA,NA,NA,NA,NA,NA,NA,NA,NA,NA,NA,NA,NA,NA,NA,NA,NA,NA,NA,NA,NA,NA,NA,NA,NA,NA,NA,NA,NA,NA,NA,NA,NA,NA,NA,NA,NA,NA,NA,NA,NA,NA,NA,NA,NA,NA,NA,NA,NA,NA,NA,NA,NA,NA,NA,NA,NA,NA,NA,NA,NA,NA,NA,NA,NA,NA,NA,NA,NA,NA,NA,NA,NA,NA,NA,NA,NA,NA,NA,NA,NA,NA,NA,NA,NA,NA,NA,NA,NA,NA,NA,NA,NA,NA,NA,NA,NA,NA,NA,NA,NA,NA,NA,NA,NA,NA,NA,NA,NA,NA,NA,NA,NA,NA,NA,NA,24,0,16,16,16,0,25,48,9,16,552,146,486,NA,NA,NA,NA,309,151,145,301,177,160,145,72,0.493
vsdwt_asm,avl512,512,,,real,OK,0.268,0,7,259,10240000 x100fs,961,0.606,NA,NA,NA,NA,NA,NA,NA,NA,NA,NA,NA,NA,NA,NA,NA,NA,NA,NA,NA,NA,NA,NA,NA,NA,NA,NA,NA,NA,NA,NA,NA,NA,NA,NA,NA,NA,NA,NA,NA,NA,NA,NA,NA,NA,NA,NA,NA,NA,NA,NA,NA,NA,NA,NA,NA,NA,NA,NA,NA,NA,NA,NA,NA,NA,NA,NA,NA,NA,NA,NA,NA,NA,NA,NA,NA,NA,NA,NA,NA,NA,NA,NA,NA,NA,NA,NA,NA,NA,NA,NA,NA,NA,NA,NA,NA,NA,NA,NA,NA,NA,NA,NA,NA,NA,NA,NA,NA,NA,NA,NA,NA,NA,NA,NA,NA,NA,NA,NA,NA,NA,NA,NA,NA,NA,NA,NA,NA,NA,NA,NA,NA,NA,NA,NA,48,0,32,32,32,0,49,96,17,32,1024,274,958,NA,NA,NA,NA,621,311,305,605,337,320,289,144,0.526
vsdwt_asm,avl1024,1024,,,real,OK,0.268,0,7,531,19750000 x100fs,1898,0.629,NA,NA,NA,NA,NA,NA,NA,NA,NA,NA,NA,NA,NA,NA,NA,NA,NA,NA,NA,NA,NA,NA,NA,NA,NA,NA,NA,NA,NA,NA,NA,NA,NA,NA,NA,NA,NA,NA,NA,NA,NA,NA,NA,NA,NA,NA,NA,NA,NA,NA,NA,NA,NA,NA,NA,NA,NA,NA,NA,NA,NA,NA,NA,NA,NA,NA,NA,NA,NA,NA,NA,NA,NA,NA,NA,NA,NA,NA,NA,NA,NA,NA,NA,NA,NA,NA,NA,NA,NA,NA,NA,NA,NA,NA,NA,NA,NA,NA,NA,NA,NA,NA,NA,NA,NA,NA,NA,NA,NA,NA,NA,NA,NA,NA,NA,NA,NA,NA,NA,NA,NA,NA,NA,NA,NA,NA,NA,NA,NA,NA,NA,NA,NA,NA,96,0,64,64,64,0,97,192,33,64,1975,530,1895,NA,NA,NA,NA,1243,629,627,1211,652,640,570,288,0.543
vsdwt_asm,avl2048,2048,,,real,OK,0.270,0,7,1075,38640000 x100fs,3786,0.644,NA,NA,NA,NA,NA,NA,NA,NA,NA,NA,NA,NA,NA,NA,NA,NA,NA,NA,NA,NA,NA,NA,NA,NA,NA,NA,NA,NA,NA,NA,NA,NA,NA,NA,NA,NA,NA,NA,NA,NA,NA,NA,NA,NA,NA,NA,NA,NA,NA,NA,NA,NA,NA,NA,NA,NA,NA,NA,NA,NA,NA,NA,NA,NA,NA,NA,NA,NA,NA,NA,NA,NA,NA,NA,NA,NA,NA,NA,NA,NA,NA,NA,NA,NA,NA,NA,NA,NA,NA,NA,NA,NA,NA,NA,NA,NA,NA,NA,NA,NA,NA,NA,NA,NA,NA,NA,NA,NA,NA,NA,NA,NA,NA,NA,NA,NA,NA,NA,NA,NA,NA,NA,NA,NA,NA,NA,NA,NA,NA,NA,NA,NA,NA,NA,192,0,128,128,128,0,193,384,65,128,3864,1042,3783,NA,NA,NA,NA,2489,1265,1268,2425,1294,1280,1139,576,0.553
vsdwt_asm,avl4096,4096,,,real,OK,0.270,0,7,2163,76400000 x100fs,7562,0.652,NA,NA,NA,NA,NA,NA,NA,NA,NA,NA,NA,NA,NA,NA,NA,NA,NA,NA,NA,NA,NA,NA,NA,NA,NA,NA,NA,NA,NA,NA,NA,NA,NA,NA,NA,NA,NA,NA,NA,NA,NA,NA,NA,NA,NA,NA,NA,NA,NA,NA,NA,NA,NA,NA,NA,NA,NA,NA,NA,NA,NA,NA,NA,NA,NA,NA,NA,NA,NA,NA,NA,NA,NA,NA,NA,NA,NA,NA,NA,NA,NA,NA,NA,NA,NA,NA,NA,NA,NA,NA,NA,NA,NA,NA,NA,NA,NA,NA,NA,NA,NA,NA,NA,NA,NA,NA,NA,NA,NA,NA,NA,NA,NA,NA,NA,NA,NA,NA,NA,NA,NA,NA,NA,NA,NA,NA,NA,NA,NA,NA,NA,NA,NA,NA,384,0,256,256,256,0,385,768,129,256,7640,2066,7559,NA,NA,NA,NA,4981,2537,2552,4853,2578,2560,2277,1152,0.558
vssymv_asm,m1,32,1,,real,OK,0.235,4,8,0,31120000 x100fs,3010,0.679,0.008,2,259,0.000,0,161,0.000,0,161,0.000,0,161,0.000,0,64,0.000,0,64,0.000,0,64,0.000,0,64,NA,NA,0,2,998,2,834,0,164,0.010,2,195,0.000,0,161,0.000,0,161,0.000,0,161,0.000,0,64,0.000,0,64,0.000,0,64,0.000,0,64,NA,0,2,934,2,802,0,132,0.010,2,195,0.000,0,161,0.000,0,161,0.000,0,161,0.000,0,64,0.000,0,64,0.000,0,64,0.000,0,64,NA,0,2,934,2,802,0,132,0.010,2,195,0.000,0,161,0.000,0,161,0.000,0,161,0.000,0,64,0.000,0,64,0.000,0,64,0.000,0,64,NA,0,2,934,2,802,0,132,34,0,0,264,0,97,32,32,33,0,0,33,96,1,32,3112,732,2448,NA,NA,NA,NA,2112,447,336,447,336,0,0,194,0.265
vssymv_asm,m2_avl32,32,2,,real,OK,0.216,1,7,0,2360000 x100fs,124,0.292,0.154,2,13,0.111,1,9,0.111,1,9,0.000,0,8,0.000,0,1,0.000,0,1,0.000,0,1,0.000,0,1,NA,NA,1,4,43,3,29,0,14,0.182,2,11,0.111,1,9,0.111,1,9,0.000,0,8,0.000,0,1,0.000,0,1,0.000,0,1,0.000,0,1,NA,1,4,41,3,28,0,13,0.182,2,11,0.111,1,9,0.111,1,9,0.000,0,8,0.000,0,1,0.000,0,1,0.000,0,1,0.000,0,1,NA,1,4,41,3,28,0,13,0.182,2,11,0.111,1,9,0.111,1,9,0.000,0,8,0.000,0,1,0.000,0,1,0.000,0,1,0.000,0,1,NA,1,4,41,3,28,0,13,2,0,0,24,0,4,1,1,2,0,0,2,3,1,1,236,51,105,NA,NA,NA,NA,69,13,36,13,36,0,0,8,0.157
vssymv_asm,m2_avl64,64,2,,real,OK,0.206,1,7,0,2470000 x100fs,135,0.324,0.000,0,11,0.111,1,9,0.111,1,9,0.000,0,8,0.000,0,8,0.111,1,9,0.000,0,8,0.000,0,8,NA,NA,1,3,70,2,52,0,18,0.000,0,9,0.111,1,9,0.111,1,9,0.000,0,8,0.000,0,8,0.111,1,9,0.000,0,8,0.000,0,8,NA,1,3,68,2,51,0,17,0.000,0,9,0.111,1,9,0.111,1,9,0.000,0,8,0.000,0,8,0.111,1,9,0.000,0,8,0.000,0,8,NA,1,3,68,2,51,0,17,0.000,0,9,0.111,1,9,0.111,1,9,0.000,0,8,0.000,0,8,0.111,1,9,0.000,0,8,0.000,0,8,NA,1,3,68,2,51,0,17,2,0,0,32,0,4,1,1,2,0,0,2,3,1,1,247,51,116,NA,NA,NA,NA,80,22,36,22,36,0,0,8,0.157
vssymv_asm,m2_avl128,128,2,,real,OK,0.211,1,7,0,3460000 x100fs,242,0.462,0.000,0,21,0.118,2,17,0.118,2,17,0.000,0,15,0.000,0,15,0.118,2,17,0.062,1,16,0.000,0,15,NA,NA,2,7,133,5,105,0,28,0.000,0,17,0.118,2,17,0.118,2,17,0.000,0,15,0.000,0,15,0.118,2,17,0.062,1,16,0.000,0,15,NA,2,7,129,5,103,0,26,0.000,0,17,0.118,2,17,0.118,2,17,0.000,0,15,0.000,0,15,0.118,2,17,0.062,1,16,0.000,0,15,NA,2,7,129,5,103,0,26,0.000,0,17,0.118,2,17,0.118,2,17,0.000,0,15,0.000,0,15,0.118,2,17,0.062,1,16,0.000,0,15,NA,2,7,129,5,103,0,26,3,0,0,48,0,7,2,2,3,0,0,3,6,1,2,346,73,206,NA,NA,NA,NA,160,44,46,44,46,0,0,14,0.192
vssymv_asm,m4_avl32,32,4,,real,OK,0.202,1,7,0,2520000 x100fs,140,0.274,0.143,2,14,0.100,1,10,0.100,1,10,0.000,0,9,0.000,0,2,0.000,0,2,0.000,0,2,0.000,0,2,NA,NA,1,4,51,3,29,0,22,0.167,2,12,0.100,1,10,0.100,1,10,0.000,0,9,0.000,0,2,0.000,0,2,0.000,0,2,0.000,0,2,NA,1,4,49,3,28,0,21,0.167,2,12,0.100,1,10,0.100,1,10,0.000,0,9,0.000,0,2,0.000,0,2,0.000,0,2,0.000,0,2,NA,1,4,49,3,28,0,21,0.167,2,12,0.100,1,10,0.100,1,10,0.000,0,9,0.000,0,2,0.000,0,2,0.000,0,2,0.000,0,2,NA,1,4,49,3,28,0,21,2,0,0,40,0,4,1,1,2,0,0,2,3,1,1,252,51,121,NA,NA,NA,NA,69,13,52,13,52,0,0,8,0.157
vssymv_asm,m4_avl64,64,4,,real,OK,0.194,1,7,0,2630000 x100fs,151,0.304,0.000,0,12,0.100,1,10,0.100,1,10,0.000,0,9,0.000,0,9,0.100,1,10,0.000,0,9,0.000,0,9,NA,NA,1,3,78,2,52,0,26,0.000,0,10,0.100,1,10,0.100,1,10,0.000,0,9,0.000,0,9,0.100,1,10,0.000,0,9,0.000,0,9,NA,1,3,76,2,51,0,25,0.000,0,10,0.100,1,10,0.100,1,10,0.000,0,9,0.000,0,9,0.100,1,10,0.000,0,9,0.000,0,9,NA,1,3,76,2,51,0,25,0.000,0,10,0.100,1,10,0.100,1,10,0.000,0,9,0.000,0,9,0.100,1,10,0.000,0,9,0.000,0,9,NA,1,3,76,2,51,0,25,2,0,0,48,0,4,1,1,2,0,0,2,3,1,1,263,51,132,NA,NA,NA,NA,80,22,52,22,52,0,0,8,0.157
vssymv_asm,m4_avl128,128,4,,real,OK,0.178,1,7,0,2870000 x100fs,175,0.362,0.050,1,20,0.059,1,17,0.059,1,17,0.000,0,16,0.059,1,17,0.059,1,17,0.000,0,16,0.059,1,17,NA,NA,2,6,137,4,102,0,35,0.056,1,18,0.059,1,17,0.059,1,17,0.000,0,16,0.059,1,17,0.059,1,17,0.000,0,16,0.059,1,17,NA,2,6,135,4,101,0,34,0.056,1,18,0.059,1,17,0.059,1,17,0.000,0,16,0.059,1,17,0.059,1,17,0.000,0,16,0.059,1,17,NA,2,6,135,4,101,0,34,0.056,1,18,0.059,1,17,0.059,1,17,0.000,0,16,0.059,1,17,0.059,1,17,0.000,0,16,0.059,1,17,NA,2,6,135,4,101,0,34,2,0,0,64,0,4,1,1,2,0,0,2,3,1,1,287,51,156,NA,NA,NA,NA,104,38,52,38,52,0,0,8,0.157
vssymv_asm,m8_avl32,32,8,,real,OK,0.180,1,7,0,2840000 x100fs,172,0.243,0.125,2,16,0.083,1,12,0.083,1,12,0.000,0,11,0.000,0,4,0.000,0,4,0.000,0,4,0.000,0,4,NA,NA,1,4,67,3,29,0,38,0.143,2,14,0.083,1,12,0.083,1,12,0.000,0,11,0.000,0,4,0.000,0,4,0.000,0,4,0.000,0,4,NA,1,4,65,3,28,0,37,0.143,2,14,0.083,1,12,0.083,1,12,0.000,0,11,0.000,0,4,0.000,0,4,0.000,0,4,0.000,0,4,NA,1,4,65,3,28,0,37,0.143,2,14,0.083,1,12,0.083,1,12,0.000,0,11,0.000,0,4,0.000,0,4,0.000,0,4,0.000,0,4,NA,1,4,65,3,28,0,37,2,0,0,72,0,4,1,1,2,0,0,2,3,1,1,284,51,153,NA,NA,NA,NA,69,13,84,13,84,0,0,8,0.157
vssymv_asm,m8_avl64,64,8,,real,OK,0.173,1,7,0,2950000 x100fs,183,0.271,0.000,0,14,0.083,1,12,0.083,1,12,0.000,0,11,0.000,0,11,0.083,1,12,0.000,0,11,0.000,0,11,NA,NA,1,3,94,2,52,0,42,0.000,0,12,0.083,1,12,0.083,1,12,0.000,0,11,0.000,0,11,0.083,1,12,0.000,0,11,0.000,0,11,NA,1,3,92,2,51,0,41,0.000,0,12,0.083,1,12,0.083,1,12,0.000,0,11,0.000,0,11,0.083,1,12,0.000,0,11,0.000,0,11,NA,1,3,92,2,51,0,41,0.000,0,12,0.083,1,12,0.083,1,12,0.000,0,11,0.000,0,11,0.083,1,12,0.000,0,11,0.000,0,11,NA,1,3,92,2,51,0,41,2,0,0,80,0,4,1,1,2,0,0,2,3,1,1,295,51,164,NA,NA,NA,NA,80,22,84,22,84,0,0,8,0.157
vssymv_asm,m8_avl128,128,8,,real,OK,0.160,1,7,0,3190000 x100fs,207,0.326,0.045,1,22,0.053,1,19,0.053,1,19,0.000,0,18,0.053,1,19,0.053,1,19,0.000,0,18,0.053,1,19,NA,NA,2,6,153,4,102,0,51,0.050,1,20,0.053,1,19,0.053,1,19,0.000,0,18,0.053,1,19,0.053,1,19,0.000,0,18,0.053,1,19,NA,2,6,151,4,101,0,50,0.050,1,20,0.053,1,19,0.053,1,19,0.000,0,18,0.053,1,19,0.053,1,19,0.000,0,18,0.053,1,19,NA,2,6,151,4,101,0,50,0.050,1,20,0.053,1,19,0.053,1,19,0.000,0,18,0.053,1,19,0.053,1,19,0.000,0,18,0.053,1,19,NA,2,6,151,4,101,0,50,2,0,0,96,0,4,1,1,2,0,0,2,3,1,1,319,51,188,NA,NA,NA,NA,104,38,84,38,84,0,0,8,0.157
vsgemv_asm,m1,32,1,,real,OK,0.267,0,16,312,49350000 x100fs,4840,0.629,NA,NA,NA,NA,NA,NA,NA,NA,NA,NA,NA,NA,NA,NA,NA,NA,NA,NA,NA,NA,NA,NA,NA,NA,NA,NA,NA,NA,NA,NA,NA,NA,NA,NA,NA,NA,NA,NA,NA,NA,NA,NA,NA,NA,NA,NA,NA,NA,NA,NA,NA,NA,NA,NA,NA,NA,NA,NA,NA,NA,NA,NA,NA,NA,NA,NA,NA,NA,NA,NA,NA,NA,NA,NA,NA,NA,NA,NA,NA,NA,NA,NA,NA,NA,NA,NA,NA,NA,NA,NA,NA,NA,NA,NA,NA,NA,NA,NA,NA,NA,NA,NA,NA,NA,NA,NA,NA,NA,NA,NA,NA,NA,NA,NA,NA,NA,NA,NA,NA,NA,NA,NA,NA,NA,NA,NA,NA,NA,NA,NA,NA,NA,NA,NA,257,32,0,132,0,0,160,122,33,160,4935,1319,4335,NA,NA,NA,NA,3104,469,1231,469,1231,0,0,421,0.319
vsgemv_asm,m2_avl32,32,2,,real,OK,0.178,0,5,0,2360000 x100fs,124,0.292,0.154,2,13,0.111,1,9,0.111,1,9,0.000,0,8,0.000,0,1,0.000,0,1,0.000,0,1,0.000,0,1,NA,NA,1,4,43,3,29,0,14,0.182,2,11,0.111,1,9,0.111,1,9,0.000,0,8,0.000,0,1,0.000,0,1,0.000,0,1,0.000,0,1,NA,1,4,41,3,28,0,13,0.182,2,11,0.111,1,9,0.111,1,9,0.000,0,8,0.000,0,1,0.000,0,1,0.000,0,1,0.000,0,1,NA,1,4,41,3,28,0,13,0.182,2,11,0.111,1,9,0.111,1,9,0.000,0,8,0.000,0,1,0.000,0,1,0.000,0,1,0.000,0,1,NA,1,4,41,3,28,0,13,2,0,0,24,0,4,1,1,2,0,0,2,3,1,1,236,42,105,NA,NA,NA,NA,69,13,36,13,36,0,0,8,0.190
vsgemv_asm,m2_avl64,64,2,,real,OK,0.170,0,5,0,2470000 x100fs,135,0.324,0.000,0,11,0.111,1,9,0.111,1,9,0.000,0,8,0.000,0,8,0.111,1,9,0.000,0,8,0.000,0,8,NA,NA,1,3,70,2,52,0,18,0.000,0,9,0.111,1,9,0.111,1,9,0.000,0,8,0.000,0,8,0.111,1,9,0.000,0,8,0.000,0,8,NA,1,3,68,2,51,0,17,0.000,0,9,0.111,1,9,0.111,1,9,0.000,0,8,0.000,0,8,0.111,1,9,0.000,0,8,0.000,0,8,NA,1,3,68,2,51,0,17,0.000,0,9,0.111,1,9,0.111,1,9,0.000,0,8,0.000,0,8,0.111,1,9,0.000,0,8,0.000,0,8,NA,1,3,68,2,51,0,17,2,0,0,32,0,4,1,1,2,0,0,2,3,1,1,247,42,116,NA,NA,NA,NA,80,22,36,22,36,0,0,8,0.190
vsgemv_asm,m2_avl128,128,2,,real,OK,0.177,0,6,0,3270000 x100fs,239,0.489,0.000,0,21,0.118,2,17,0.118,2,17,0.000,0,15,0.000,0,15,0.118,2,17,0.062,1,16,0.000,0,15,NA,NA,2,7,133,5,105,0,28,0.000,0,17,0.118,2,17,0.118,2,17,0.000,0,15,0.000,0,15,0.118,2,17,0.062,1,16,0.000,0,15,NA,2,7,129,5,103,0,26,0.000,0,17,0.118,2,17,0.118,2,17,0.000,0,15,0.000,0,15,0.118,2,17,0.062,1,16,0.000,0,15,NA,2,7,129,5,103,0,26,0.000,0,17,0.118,2,17,0.118,2,17,0.000,0,15,0.000,0,15,0.118,2,17,0.062,1,16,0.000,0,15,NA,2,7,129,5,103,0,26,3,0,0,48,0,7,2,2,3,0,0,3,6,1,2,327,58,206,NA,NA,NA,NA,160,44,46,44,46,0,0,14,0.241
vsgemv_asm,m4_avl32,32,4,,real,OK,0.167,0,5,0,2520000 x100fs,140,0.274,0.143,2,14,0.100,1,10,0.100,1,10,0.000,0,9,0.000,0,2,0.000,0,2,0.000,0,2,0.000,0,2,NA,NA,1,4,51,3,29,0,22,0.167,2,12,0.100,1,10,0.100,1,10,0.000,0,9,0.000,0,2,0.000,0,2,0.000,0,2,0.000,0,2,NA,1,4,49,3,28,0,21,0.167,2,12,0.100,1,10,0.100,1,10,0.000,0,9,0.000,0,2,0.000,0,2,0.000,0,2,0.000,0,2,NA,1,4,49,3,28,0,21,0.167,2,12,0.100,1,10,0.100,1,10,0.000,0,9,0.000,0,2,0.000,0,2,0.000,0,2,0.000,0,2,NA,1,4,49,3,28,0,21,2,0,0,40,0,4,1,1,2,0,0,2,3,1,1,252,42,121,NA,NA,NA,NA,69,13,52,13,52,0,0,8,0.190
vsgemv_asm,m4_avl64,64,4,,real,OK,0.160,0,5,0,2630000 x100fs,151,0.304,0.000,0,12,0.100,1,10,0.100,1,10,0.000,0,9,0.000,0,9,0.100,1,10,0.000,0,9,0.000,0,9,NA,NA,1,3,78,2,52,0,26,0.000,0,10,0.100,1,10,0.100,1,10,0.000,0,9,0.000,0,9,0.100,1,10,0.000,0,9,0.000,0,9,NA,1,3,76,2,51,0,25,0.000,0,10,0.100,1,10,0.100,1,10,0.000,0,9,0.000,0,9,0.100,1,10,0.000,0,9,0.000,0,9,NA,1,3,76,2,51,0,25,0.000,0,10,0.100,1,10,0.100,1,10,0.000,0,9,0.000,0,9,0.100,1,10,0.000,0,9,0.000,0,9,NA,1,3,76,2,51,0,25,2,0,0,48,0,4,1,1,2,0,0,2,3,1,1,263,42,132,NA,NA,NA,NA,80,22,52,22,52,0,0,8,0.190
vsgemv_asm,m4_avl128,128,4,,real,OK,0.146,0,5,0,2870000 x100fs,175,0.362,0.050,1,20,0.059,1,17,0.059,1,17,0.000,0,16,0.059,1,17,0.059,1,17,0.000,0,16,0.059,1,17,NA,NA,2,6,137,4,102,0,35,0.056,1,18,0.059,1,17,0.059,1,17,0.000,0,16,0.059,1,17,0.059,1,17,0.000,0,16,0.059,1,17,NA,2,6,135,4,101,0,34,0.056,1,18,0.059,1,17,0.059,1,17,0.000,0,16,0.059,1,17,0.059,1,17,0.000,0,16,0.059,1,17,NA,2,6,135,4,101,0,34,0.056,1,18,0.059,1,17,0.059,1,17,0.000,0,16,0.059,1,17,0.059,1,17,0.000,0,16,0.059,1,17,NA,2,6,135,4,101,0,34,2,0,0,64,0,4,1,1,2,0,0,2,3,1,1,287,42,156,NA,NA,NA,NA,104,38,52,38,52,0,0,8,0.190
vsgemv_asm,m8_avl32,32,8,,real,OK,0.148,0,5,0,2840000 x100fs,172,0.243,0.125,2,16,0.083,1,12,0.083,1,12,0.000,0,11,0.000,0,4,0.000,0,4,0.000,0,4,0.000,0,4,NA,NA,1,4,67,3,29,0,38,0.143,2,14,0.083,1,12,0.083,1,12,0.000,0,11,0.000,0,4,0.000,0,4,0.000,0,4,0.000,0,4,NA,1,4,65,3,28,0,37,0.143,2,14,0.083,1,12,0.083,1,12,0.000,0,11,0.000,0,4,0.000,0,4,0.000,0,4,0.000,0,4,NA,1,4,65,3,28,0,37,0.143,2,14,0.083,1,12,0.083,1,12,0.000,0,11,0.000,0,4,0.000,0,4,0.000,0,4,0.000,0,4,NA,1,4,65,3,28,0,37,2,0,0,72,0,4,1,1,2,0,0,2,3,1,1,284,42,153,NA,NA,NA,NA,69,13,84,13,84,0,0,8,0.190
vsgemv_asm,m8_avl64,64,8,,real,OK,0.142,0,5,0,2950000 x100fs,183,0.271,0.000,0,14,0.083,1,12,0.083,1,12,0.000,0,11,0.000,0,11,0.083,1,12,0.000,0,11,0.000,0,11,NA,NA,1,3,94,2,52,0,42,0.000,0,12,0.083,1,12,0.083,1,12,0.000,0,11,0.000,0,11,0.083,1,12,0.000,0,11,0.000,0,11,NA,1,3,92,2,51,0,41,0.000,0,12,0.083,1,12,0.083,1,12,0.000,0,11,0.000,0,11,0.083,1,12,0.000,0,11,0.000,0,11,NA,1,3,92,2,51,0,41,0.000,0,12,0.083,1,12,0.083,1,12,0.000,0,11,0.000,0,11,0.083,1,12,0.000,0,11,0.000,0,11,NA,1,3,92,2,51,0,41,2,0,0,80,0,4,1,1,2,0,0,2,3,1,1,295,42,164,NA,NA,NA,NA,80,22,84,22,84,0,0,8,0.190
vsgemv_asm,m8_avl128,128,8,,real,OK,0.132,0,5,0,3190000 x100fs,207,0.326,0.045,1,22,0.053,1,19,0.053,1,19,0.000,0,18,0.053,1,19,0.053,1,19,0.000,0,18,0.053,1,19,NA,NA,2,6,153,4,102,0,51,0.050,1,20,0.053,1,19,0.053,1,19,0.000,0,18,0.053,1,19,0.053,1,19,0.000,0,18,0.053,1,19,NA,2,6,151,4,101,0,50,0.050,1,20,0.053,1,19,0.053,1,19,0.000,0,18,0.053,1,19,0.053,1,19,0.000,0,18,0.053,1,19,NA,2,6,151,4,101,0,50,0.050,1,20,0.053,1,19,0.053,1,19,0.000,0,18,0.053,1,19,0.053,1,19,0.000,0,18,0.053,1,19,NA,2,6,151,4,101,0,50,2,0,0,96,0,4,1,1,2,0,0,2,3,1,1,319,42,188,NA,NA,NA,NA,104,38,84,38,84,0,0,8,0.190
vssyrk_asm,m1,32,1,,real,OK,0.186,160,10,71213,909440000 x100fs,90855,0.222,0.000,0,4224,0.000,0,4224,0.000,0,4224,0.000,0,4224,-nan,0,0,-nan,0,0,-nan,0,0,-nan,0,0,NA,NA,0,0,16896,0,12544,0,4352,0.000,0,4224,0.000,0,4224,0.000,0,4224,0.000,0,4224,-nan,0,0,-nan,0,0,-nan,0,0,-nan,0,0,NA,0,0,16896,0,12544,0,4352,0.000,0,4224,0.000,0,4224,0.000,0,4224,0.000,0,4224,-nan,0,0,-nan,0,0,-nan,0,0,-nan,0,0,NA,0,0,16896,0,12544,0,4352,0.000,0,4224,0.000,0,4224,0.000,0,4224,0.000,0,4224,-nan,0,0,-nan,0,0,-nan,0,0,-nan,0,0,NA,0,0,16896,0,12544,0,4352,32801,33,33,33024,256,1,0,1056,1056,32,9022,9054,1088,9054,32,90944,16888,89372,NA,NA,NA,NA,20159,7647,68801,7903,69213,256,412,2145,0.127
vssyrk_asm,m2_avl32,32,2,,real,OK,0.186,160,10,71557,909580000 x100fs,90865,0.222,0.000,0,4224,0.000,0,4224,0.000,0,4224,0.000,0,4224,-nan,0,0,-nan,0,0,-nan,0,0,-nan,0,0,NA,NA,0,0,16896,0,12544,0,4352,0.000,0,4224,0.000,0,4224,0.000,0,4224,0.000,0,4224,-nan,0,0,-nan,0,0,-nan,0,0,-nan,0,0,NA,0,0,16896,0,12544,0,4352,0.000,0,4224,0.000,0,4224,0.000,0,4224,0.000,0,4224,-nan,0,0,-nan,0,0,-nan,0,0,-nan,0,0,NA,0,0,16896,0,12544,0,4352,0.000,0,4224,0.000,0,4224,0.000,0,4224,0.000,0,4224,-nan,0,0,-nan,0,0,-nan,0,0,-nan,0,0,NA,0,0,16896,0,12544,0,4352,32801,33,33,33024,256,1,0,1056,1056,32,9018,9050,1088,9050,32,90958,16958,89369,NA,NA,NA,NA,20159,7647,68801,7903,69210,256,409,2145,0.126
vssyrk_asm,m2_avl64,64,2,,real,OK,0.104,576,10,563273,6384830000 x100fs,638390,0.151,0.000,0,16640,0.000,0,16640,0.000,0,16640,0.000,0,16640,0.000,0,16640,0.000,0,16640,0.000,0,16640,0.000,0,16640,NA,NA,0,0,133120,0,99328,0,33792,0.000,0,16640,0.000,0,16640,0.000,0,16640,0.000,0,16640,0.000,0,16640,0.000,0,16640,0.000,0,16640,0.000,0,16640,NA,0,0,133120,0,99328,0,33792,0.000,0,16640,0.000,0,16640,0.000,0,16640,0.000,0,16640,0.000,0,16640,0.000,0,16640,0.000,0,16640,0.000,0,16640,NA,0,0,133120,0,99328,0,33792,0.000,0,16640,0.000,0,16640,0.000,0,16640,0.000,0,16640,0.000,0,16640,0.000,0,16640,0.000,0,16640,0.000,0,16640,NA,0,0,133120,0,99328,0,33792,262212,68,68,263168,1024,1,0,4160,4160,64,51095,51159,4224,51159,306,638483,66654,634178,NA,NA,NA,NA,96124,30140,536966,30908,538054,768,1088,8385,0.126
vssyrk_asm,m2_avl128,128,2,,real,OK,0.055,2176,11,4481473,47781290000 x100fs,4778037,0.108,0.001,128,132224,0.000,0,132096,0.000,0,132096,0.000,0,132096,0.000,0,132096,0.000,0,132096,0.000,0,132096,0.001,128,132224,NA,NA,256,256,1057024,0,790528,0,266496,0.001,128,132224,0.000,0,132096,0.000,0,132096,0.000,0,132096,0.000,0,132096,0.000,0,132096,0.000,0,132096,0.001,128,132224,NA,256,256,1057024,0,790528,0,266496,0.001,128,132224,0.000,0,132096,0.000,0,132096,0.000,0,132096,0.000,0,132096,0.000,0,132096,0.000,0,132096,0.001,128,132224,NA,256,256,1057024,0,790528,0,266496,0.001,128,132224,0.000,0,132096,0.000,0,132096,0.000,0,132096,0.000,0,132096,0.000,0,132096,0.000,0,132096,0.001,128,132224,NA,256,256,1057024,0,790528,0,266496,2097296,144,144,2101248,4096,1,0,16512,16512,128,335929,336057,16640,336057,1625,4778129,264350,4761473,NA,NA,NA,NA,513776,119664,4244240,122224,4247697,2560,3457,33153,0.125
vssyrk_asm,m4_avl32,32,4,,real,OK,0.186,160,10,71557,909580000 x100fs,90865,0.222,0.000,0,4224,0.000,0,4224,0.000,0,4224,0.000,0,4224,-nan,0,0,-nan,0,0,-nan,0,0,-nan,0,0,NA,NA,0,0,16896,0,12544,0,4352,0.000,0,4224,0.000,0,4224,0.000,0,4224,0.000,0,4224,-nan,0,0,-nan,0,0,-nan,0,0,-nan,0,0,NA,0,0,16896,0,12544,0,4352,0.000,0,4224,0.000,0,4224,0.000,0,4224,0.000,0,4224,-nan,0,0,-nan,0,0,-nan,0,0,-nan,0,0,NA,0,0,16896,0,12544,0,4352,0.000,0,4224,0.000,0,4224,0.000,0,4224,0.000,0,4224,-nan,0,0,-nan,0,0,-nan,0,0,-nan,0,0,NA,0,0,16896,0,12544,0,4352,32801,33,33,33024,256,1,0,1056,1056,32,9018,9050,1088,9050,32,90958,16958,89369,NA,NA,NA,NA,20159,7647,68801,7903,69210,256,409,2145,0.126
vssyrk_asm,m4_avl64,64,4,,real,OK,0.104,576,10,563273,6384830000 x100fs,638390,0.151,0.000,0,16640,0.000,0,16640,0.000,0,16640,0.000,0,16640,0.000,0,16640,0.000,0,16640,0.000,0,16640,0.000,0,16640,NA,NA,0,0,133120,0,99328,0,33792,0.000,0,16640,0.000,0,16640,0.000,0,16640,0.000,0,16640,0.000,0,16640,0.000,0,16640,0.000,0,16640,0.000,0,16640,NA,0,0,133120,0,99328,0,33792,0.000,0,16640,0.000,0,16640,0.000,0,16640,0.000,0,16640,0.000,0,16640,0.000,0,16640,0.000,0,16640,0.000,0,16640,NA,0,0,133120,0,99328,0,33792,0.000,0,16640,0.000,0,16640,0.000,0,16640,0.000,0,16640,0.000,0,16640,0.000,0,16640,0.000,0,16640,0.000,0,16640,NA,0,0,133120,0,99328,0,33792,262212,68,68,263168,1024,1,0,4160,4160,64,51095,51159,4224,51159,306,638483,66654,634178,NA,NA,NA,NA,96124,30140,536966,30908,538054,768,1088,8385,0.126
vssyrk_asm,m4_avl128,128,4,,real,OK,NA,NA,NA,NA,NA,NA,NA,NA,NA,NA,NA,NA,NA,NA,NA,NA,NA,NA,NA,NA,NA,NA,NA,NA,NA,NA,NA,NA,NA,NA,NA,NA,NA,NA,NA,NA,NA,NA,NA,NA,NA,NA,NA,NA,NA,NA,NA,NA,NA,NA,NA,NA,NA,NA,NA,NA,NA,NA,NA,NA,NA,NA,NA,NA,NA,NA,NA,NA,NA,NA,NA,NA,NA,NA,NA,NA,NA,NA,NA,NA,NA,NA,NA,NA,NA,NA,NA,NA,NA,NA,NA,NA,NA,NA,NA,NA,NA,NA,NA,NA,NA,NA,NA,NA,NA,NA,NA,NA,NA,NA,NA,NA,NA,NA,NA,NA,NA,NA,NA,NA,NA,NA,NA,NA,NA,NA,NA,NA,NA,NA,NA,NA,NA,NA,NA,NA,NA,NA,NA,NA,NA,NA,NA,NA,NA,NA,NA,NA,NA,NA,NA,NA,NA,NA,NA,NA,NA,NA,NA,NA,NA,NA,NA,NA,NA,NA,NA
vssyrk_asm,m8_avl32,32,8,,real,OK,0.186,160,10,71557,909580000 x100fs,90865,0.222,0.000,0,4224,0.000,0,4224,0.000,0,4224,0.000,0,4224,-nan,0,0,-nan,0,0,-nan,0,0,-nan,0,0,NA,NA,0,0,16896,0,12544,0,4352,0.000,0,4224,0.000,0,4224,0.000,0,4224,0.000,0,4224,-nan,0,0,-nan,0,0,-nan,0,0,-nan,0,0,NA,0,0,16896,0,12544,0,4352,0.000,0,4224,0.000,0,4224,0.000,0,4224,0.000,0,4224,-nan,0,0,-nan,0,0,-nan,0,0,-nan,0,0,NA,0,0,16896,0,12544,0,4352,0.000,0,4224,0.000,0,4224,0.000,0,4224,0.000,0,4224,-nan,0,0,-nan,0,0,-nan,0,0,-nan,0,0,NA,0,0,16896,0,12544,0,4352,32801,33,33,33024,256,1,0,1056,1056,32,9018,9050,1088,9050,32,90958,16958,89369,NA,NA,NA,NA,20159,7647,68801,7903,69210,256,409,2145,0.126
vssyrk_asm,m8_avl64,64,8,,real,OK,0.104,576,10,563273,6384830000 x100fs,638390,0.151,0.000,0,16640,0.000,0,16640,0.000,0,16640,0.000,0,16640,0.000,0,16640,0.000,0,16640,0.000,0,16640,0.000,0,16640,NA,NA,0,0,133120,0,99328,0,33792,0.000,0,16640,0.000,0,16640,0.000,0,16640,0.000,0,16640,0.000,0,16640,0.000,0,16640,0.000,0,16640,0.000,0,16640,NA,0,0,133120,0,99328,0,33792,0.000,0,16640,0.000,0,16640,0.000,0,16640,0.000,0,16640,0.000,0,16640,0.000,0,16640,0.000,0,16640,0.000,0,16640,NA,0,0,133120,0,99328,0,33792,0.000,0,16640,0.000,0,16640,0.000,0,16640,0.000,0,16640,0.000,0,16640,0.000,0,16640,0.000,0,16640,0.000,0,16640,NA,0,0,133120,0,99328,0,33792,262212,68,68,263168,1024,1,0,4160,4160,64,51095,51159,4224,51159,306,638483,66654,634178,NA,NA,NA,NA,96124,30140,536966,30908,538054,768,1088,8385,0.126
vssyrk_asm,m8_avl128,128,8,,real,TIMEOUT,NA,NA,NA,NA,NA,NA,NA,NA,NA,NA,NA,NA,NA,NA,NA,NA,NA,NA,NA,NA,NA,NA,NA,NA,NA,NA,NA,NA,NA,NA,NA,NA,NA,NA,NA,NA,NA,NA,NA,NA,NA,NA,NA,NA,NA,NA,NA,NA,NA,NA,NA,NA,NA,NA,NA,NA,NA,NA,NA,NA,NA,NA,NA,NA,NA,NA,NA,NA,NA,NA,NA,NA,NA,NA,NA,NA,NA,NA,NA,NA,NA,NA,NA,NA,NA,NA,NA,NA,NA,NA,NA,NA,NA,NA,NA,NA,NA,NA,NA,NA,NA,NA,NA,NA,NA,NA,NA,NA,NA,NA,NA,NA,NA,NA,NA,NA,NA,NA,NA,NA,NA,NA,NA,NA,NA,NA,NA,NA,NA,NA,NA,NA,NA,NA,NA,NA,NA,NA,NA,NA,NA,NA,NA,NA,NA,NA,NA,NA,NA,NA,NA,NA,NA,NA,NA,NA,NA,NA,NA,NA,NA,NA,NA,NA,NA,NA,NA
vstrsm_asm,m1,32,1,,real,OK,0.326,528,16,6671,319140000 x100fs,31847,0.351,0.000,0,624,0.000,0,624,0.000,0,624,0.000,0,624,0.000,0,1984,0.000,0,1984,0.000,0,1984,0.000,0,1984,NA,NA,0,0,10432,0,6208,0,4224,0.000,0,624,0.000,0,624,0.000,0,624,0.000,0,624,0.000,0,1984,0.000,0,1984,0.000,0,1984,0.000,0,1984,NA,0,0,10432,0,6208,0,4224,0.000,0,624,0.000,0,624,0.000,0,624,0.000,0,624,0.000,0,1984,0.000,0,1984,0.000,0,1984,0.000,0,1984,NA,0,0,10432,0,6208,0,4224,0.000,0,624,0.000,0,624,0.000,0,624,0.000,0,624,0.000,0,1984,0.000,0,1984,0.000,0,1984,0.000,0,1984,NA,0,0,10432,0,6208,0,4224,528,528,528,4224,4224,1,0,528,528,528,0,528,560,1,528,31914,10401,20700,NA,NA,NA,NA,11192,7390,3700,11187,9508,9595,5808,1585,0.152
vstrsm_asm,m2_avl32,32,2,,real,OK,0.283,528,19,10821,378430000 x100fs,37752,0.440,0.160,496,3104,0.000,0,2608,0.000,0,2608,0.000,0,2608,0.000,0,2608,0.000,0,2608,0.000,0,2608,0.000,0,2608,NA,NA,0,496,21360,496,12912,0,8448,0.160,496,3104,0.000,0,2608,0.000,0,2608,0.000,0,2608,0.000,0,2608,0.000,0,2608,0.000,0,2608,0.000,0,2608,NA,0,496,21360,496,12912,0,8448,0.160,496,3104,0.000,0,2608,0.000,0,2608,0.000,0,2608,0.000,0,2608,0.000,0,2608,0.000,0,2608,0.000,0,2608,NA,0,496,21360,496,12912,0,8448,0.160,496,3104,0.000,0,2608,0.000,0,2608,0.000,0,2608,0.000,0,2608,0.000,0,2608,0.000,0,2608,0.000,0,2608,NA,0,496,21360,496,12912,0,8448,528,528,528,8448,8448,1,0,528,528,528,0,527,559,0,527,37843,10723,26556,NA,NA,NA,NA,16664,11314,4001,16654,9892,15058,5891,1585,0.148
vstrsm_asm,m2_avl64,64,2,,real,OK,0.276,2080,19,43189,1481630000 x100fs,148072,0.446,0.163,2016,12352,0.000,0,10336,0.000,0,10336,0.000,0,10336,0.000,0,10336,0.000,0,10336,0.000,0,10336,0.000,0,10336,NA,NA,0,2016,84704,2016,51424,0,33280,0.163,2016,12352,0.000,0,10336,0.000,0,10336,0.000,0,10336,0.000,0,10336,0.000,0,10336,0.000,0,10336,0.000,0,10336,NA,0,2016,84704,2016,51424,0,33280,0.163,2016,12352,0.000,0,10336,0.000,0,10336,0.000,0,10336,0.000,0,10336,0.000,0,10336,0.000,0,10336,0.000,0,10336,NA,0,2016,84704,2016,51424,0,33280,0.163,2016,12352,0.000,0,10336,0.000,0,10336,0.000,0,10336,0.000,0,10336,0.000,0,10336,0.000,0,10336,0.000,0,10336,NA,0,2016,84704,2016,51424,0,33280,2080,2080,2080,33280,33280,1,0,2080,2080,2080,0,2079,2143,0,2079,148163,40883,104284,NA,NA,NA,NA,66104,45170,15153,66094,38180,59842,23027,6241,0.153
vstrsm_asm,m2_avl128,128,2,,real,OK,0.272,8250,18,172409,5868460000 x100fs,586748,0.449,0.165,8128,49280,0.000,0,41152,0.000,0,41152,0.000,0,41152,0.000,0,41152,0.000,0,41152,0.000,0,41152,0.000,0,41152,NA,NA,0,8128,337344,8128,205248,0,132096,0.165,8128,49280,0.000,0,41152,0.000,0,41152,0.000,0,41152,0.000,0,41152,0.000,0,41152,0.000,0,41152,0.000,0,41152,NA,0,8128,337344,8128,205248,0,132096,0.165,8128,49280,0.000,0,41152,0.000,0,41152,0.000,0,41152,0.000,0,41152,0.000,0,41152,0.000,0,41152,0.000,0,41152,NA,0,8128,337344,8128,205248,0,132096,0.165,8128,49280,0.000,0,41152,0.000,0,41152,0.000,0,41152,0.000,0,41152,0.000,0,41152,0.000,0,41152,0.000,0,41152,NA,0,8128,337344,8128,205248,0,132096,8256,8256,8256,132096,132096,1,0,8256,8256,8256,0,8255,8383,0,8255,586846,159571,413342,NA,NA,NA,NA,263286,180463,58964,263276,150056,238496,91092,24769,0.155
vstrsm_asm,m4_avl32,32,4,,real,OK,0.196,528,18,19237,546230000 x100fs,54525,0.460,0.087,497,5713,0.000,0,5216,0.000,0,5216,0.000,0,5216,0.000,0,5216,0.000,0,5216,0.000,0,5216,0.000,1,5217,NA,NA,2,498,42226,496,25328,0,16898,0.087,497,5713,0.000,0,5216,0.000,0,5216,0.000,0,5216,0.000,0,5216,0.000,0,5216,0.000,0,5216,0.000,1,5217,NA,2,498,42226,496,25328,0,16898,0.087,497,5713,0.000,0,5216,0.000,0,5216,0.000,0,5216,0.000,0,5216,0.000,0,5216,0.000,0,5216,0.000,1,5217,NA,2,498,42226,496,25328,0,16898,0.087,497,5713,0.000,0,5216,0.000,0,5216,0.000,0,5216,0.000,0,5216,0.000,0,5216,0.000,0,5216,0.000,1,5217,NA,2,498,42226,496,25328,0,16898,528,528,528,16896,16896,1,0,528,528,528,0,527,559,0,527,54623,10723,43329,NA,NA,NA,NA,25104,19746,4017,25094,18225,23482,14208,1585,0.148
vstrsm_asm,m4_avl64,64,4,,real,OK,0.191,2080,18,76437,2144790000 x100fs,214381,0.463,0.089,2017,22689,0.000,0,20672,0.000,0,20672,0.000,0,20672,0.000,0,20672,0.000,0,20672,0.000,0,20672,0.000,1,20673,NA,NA,2,2018,167394,2016,100832,0,66562,0.089,2017,22689,0.000,0,20672,0.000,0,20672,0.000,0,20672,0.000,0,20672,0.000,0,20672,0.000,0,20672,0.000,1,20673,NA,2,2018,167394,2016,100832,0,66562,0.089,2017,22689,0.000,0,20672,0.000,0,20672,0.000,0,20672,0.000,0,20672,0.000,0,20672,0.000,0,20672,0.000,1,20673,NA,2,2018,167394,2016,100832,0,66562,0.089,2017,22689,0.000,0,20672,0.000,0,20672,0.000,0,20672,0.000,0,20672,0.000,0,20672,0.000,0,20672,0.000,1,20673,NA,2,2018,167394,2016,100832,0,66562,2080,2080,2080,66560,66560,1,0,2080,2080,2080,0,2079,2143,0,2079,214479,40883,170593,NA,NA,NA,NA,99376,78434,15169,99366,71217,93098,56048,6241,0.153
vstrsm_asm,m4_avl128,128,4,,real,OK,0.188,8256,18,304501,8506070000 x100fs,850509,0.465,0.090,8129,90433,0.000,0,82304,0.000,0,82304,0.000,0,82304,0.000,0,82304,0.000,0,82304,0.000,0,82304,0.000,1,82305,NA,NA,2,8130,666562,8128,402368,0,264194,0.090,8129,90433,0.000,0,82304,0.000,0,82304,0.000,0,82304,0.000,0,82304,0.000,0,82304,0.000,0,82304,0.000,1,82305,NA,2,8130,666562,8128,402368,0,264194,0.090,8129,90433,0.000,0,82304,0.000,0,82304,0.000,0,82304,0.000,0,82304,0.000,0,82304,0.000,0,82304,0.000,1,82305,NA,2,8130,666562,8128,402368,0,264194,0.090,8129,90433,0.000,0,82304,0.000,0,82304,0.000,0,82304,0.000,0,82304,0.000,0,82304,0.000,0,82304,0.000,1,82305,NA,2,8130,666562,8128,402368,0,264194,8256,8256,8256,264192,264192,1,0,8256,8256,8256,0,8255,8383,0,8255,850607,159571,677025,NA,NA,NA,NA,395376,312546,58977,395366,281649,370570,222672,24769,0.155
vstrsm_asm,m8_avl32,32,8,,real,OK,0.121,528,19,36221,883720000 x100fs,88283,0.474,0.045,497,10929,0.000,0,10432,0.000,0,10432,0.000,0,10432,0.000,0,10432,0.000,0,10432,0.000,1,10433,0.000,2,10434,NA,NA,4,500,83956,496,50160,0,33796,0.045,497,10929,0.000,0,10432,0.000,0,10432,0.000,0,10432,0.000,0,10432,0.000,0,10432,0.000,1,10433,0.000,2,10434,NA,4,500,83956,496,50160,0,33796,0.045,497,10929,0.000,0,10432,0.000,0,10432,0.000,0,10432,0.000,0,10432,0.000,0,10432,0.000,1,10433,0.000,2,10434,NA,4,500,83956,496,50160,0,33796,0.045,497,10929,0.000,0,10432,0.000,0,10432,0.000,0,10432,0.000,0,10432,0.000,0,10432,0.000,1,10433,0.000,2,10434,NA,4,500,83956,496,50160,0,33796,672,672,672,33792,33792,1,0,528,528,528,0,527,559,0,527,88372,10723,77125,NA,NA,NA,NA,41848,36474,4185,41838,35277,40194,31092,1585,0.148
vstrsm_asm,m8_avl64,64,8,,real,OK,0.118,2080,19,143499,3475560000 x100fs,347467,0.476,0.047,2017,43361,0.000,0,41344,0.000,0,41344,0.000,0,41344,0.000,0,41344,0.000,0,41344,0.000,1,41345,0.000,2,41346,NA,NA,4,2020,332772,2016,199648,0,133124,0.047,2017,43361,0.000,0,41344,0.000,0,41344,0.000,0,41344,0.000,0,41344,0.000,0,41344,0.000,1,41345,0.000,2,41346,NA,4,2020,332772,2016,199648,0,133124,0.047,2017,43361,0.000,0,41344,0.000,0,41344,0.000,0,41344,0.000,0,41344,0.000,0,41344,0.000,1,41345,0.000,2,41346,NA,4,2020,332772,2016,199648,0,133124,0.047,2017,43361,0.000,0,41344,0.000,0,41344,0.000,0,41344,0.000,0,41344,0.000,0,41344,0.000,1,41345,0.000,2,41346,NA,4,2020,332772,2016,199648,0,133124,2624,2624,2624,133120,133120,1,0,2080,2080,2080,0,2079,2143,0,2079,347556,40883,303717,NA,NA,NA,NA,165393,144440,15723,165383,138324,159083,122601,6241,0.153
vstrsm_asm,m8_avl128,128,8,,real,OK,0.116,8256,19,571147,13789480000 x100fs,1378859,0.477,0.047,8129,172737,0.000,0,164608,0.000,0,164608,0.000,0,164608,0.000,0,164608,0.000,0,164608,0.000,1,164609,0.000,2,164610,NA,NA,4,8132,1324996,8128,796608,0,528388,0.047,8129,172737,0.000,0,164608,0.000,0,164608,0.000,0,164608,0.000,0,164608,0.000,0,164608,0.000,1,164609,0.000,2,164610,NA,4,8132,1324996,8128,796608,0,528388,0.047,8129,172737,0.000,0,164608,0.000,0,164608,0.000,0,164608,0.000,0,164608,0.000,0,164608,0.000,1,164609,0.000,2,164610,NA,4,8132,1324996,8128,796608,0,528388,0.047,8129,172737,0.000,0,164608,0.000,0,164608,0.000,0,164608,0.000,0,164608,0.000,0,164608,0.000,1,164609,0.000,2,164610,NA,4,8132,1324996,8128,796608,0,528388,10368,10368,10368,528384,528384,1,0,8256,8256,8256,0,8255,8383,0,8255,1378948,159571,1205413,NA,NA,NA,NA,657521,575000,60715,657511,547892,632683,487177,24769,0.155
vsger_asm,n32,32,,,real,OK,0.505,23,7,1909,86530000 x100fs,8520,0.309,NA,NA,NA,NA,NA,NA,NA,NA,NA,NA,NA,NA,NA,NA,NA,NA,NA,NA,NA,NA,NA,NA,NA,NA,NA,NA,NA,NA,NA,NA,NA,NA,NA,NA,NA,NA,NA,NA,NA,NA,NA,NA,NA,NA,NA,NA,NA,NA,NA,NA,NA,NA,NA,NA,NA,NA,NA,NA,NA,NA,NA,NA,NA,NA,NA,NA,NA,NA,NA,NA,NA,NA,NA,NA,NA,NA,NA,NA,NA,NA,NA,NA,NA,NA,NA,NA,NA,NA,NA,NA,NA,NA,NA,NA,NA,NA,NA,NA,NA,NA,NA,NA,NA,NA,NA,NA,NA,NA,NA,NA,NA,NA,NA,NA,NA,NA,NA,NA,NA,NA,NA,NA,NA,NA,NA,NA,NA,NA,NA,NA,NA,NA,NA,NA,128,0,128,256,128,0,127,255,0,127,8653,4374,6142,NA,NA,NA,NA,2677,1774,2066,2673,3465,2292,1399,640,0.146
vsger_asm,n64,64,,,real,OK,0.490,33,7,3809,138790000 x100fs,13758,0.369,NA,NA,NA,NA,NA,NA,NA,NA,NA,NA,NA,NA,NA,NA,NA,NA,NA,NA,NA,NA,NA,NA,NA,NA,NA,NA,NA,NA,NA,NA,NA,NA,NA,NA,NA,NA,NA,NA,NA,NA,NA,NA,NA,NA,NA,NA,NA,NA,NA,NA,NA,NA,NA,NA,NA,NA,NA,NA,NA,NA,NA,NA,NA,NA,NA,NA,NA,NA,NA,NA,NA,NA,NA,NA,NA,NA,NA,NA,NA,NA,NA,NA,NA,NA,NA,NA,NA,NA,NA,NA,NA,NA,NA,NA,NA,NA,NA,NA,NA,NA,NA,NA,NA,NA,NA,NA,NA,NA,NA,NA,NA,NA,NA,NA,NA,NA,NA,NA,NA,NA,NA,NA,NA,NA,NA,NA,NA,NA,NA,NA,NA,NA,NA,NA,256,0,256,512,256,857,1112,511,976,255,13879,6806,11266,NA,NA,NA,NA,5115,3316,4602,5111,6151,4346,2795,1280,0.188
vsger_asm,n128,128,,,real,OK,0.480,49,8,8896,243250000 x100fs,24190,0.410,NA,NA,NA,NA,NA,NA,NA,NA,NA,NA,NA,NA,NA,NA,NA,NA,NA,NA,NA,NA,NA,NA,NA,NA,NA,NA,NA,NA,NA,NA,NA,NA,NA,NA,NA,NA,NA,NA,NA,NA,NA,NA,NA,NA,NA,NA,NA,NA,NA,NA,NA,NA,NA,NA,NA,NA,NA,NA,NA,NA,NA,NA,NA,NA,NA,NA,NA,NA,NA,NA,NA,NA,NA,NA,NA,NA,NA,NA,NA,NA,NA,NA,NA,NA,NA,NA,NA,NA,NA,NA,NA,NA,NA,NA,NA,NA,NA,NA,NA,NA,NA,NA,NA,NA,NA,NA,NA,NA,NA,NA,NA,NA,NA,NA,NA,NA,NA,NA,NA,NA,NA,NA,NA,NA,NA,NA,NA,NA,NA,NA,NA,NA,NA,NA,512,0,512,1024,512,2613,3124,1023,2724,511,24325,11670,21490,NA,NA,NA,NA,9979,6388,9705,9975,11511,8442,5587,2560,0.219
vsgemm_asm,m1_1row,32,1,1,real,OK,0.349,128,10,18908,307940000 x100fs,30733,0.740,NA,NA,NA,NA,NA,NA,NA,NA,NA,NA,NA,NA,NA,NA,NA,NA,NA,NA,NA,NA,NA,NA,NA,NA,NA,NA,NA,NA,NA,NA,NA,NA,NA,NA,NA,NA,NA,NA,NA,NA,NA,NA,NA,NA,NA,NA,NA,NA,NA,NA,NA,NA,NA,NA,NA,NA,NA,NA,NA,NA,NA,NA,NA,NA,NA,NA,NA,NA,NA,NA,NA,NA,NA,NA,NA,NA,NA,NA,NA,NA,NA,NA,NA,NA,NA,NA,NA,NA,NA,NA,NA,NA,NA,NA,NA,NA,NA,NA,NA,NA,NA,NA,NA,NA,NA,NA,NA,NA,NA,NA,NA,NA,NA,NA,NA,NA,NA,NA,NA,NA,NA,NA,NA,NA,NA,NA,NA,NA,NA,NA,NA,NA,NA,NA,33,0,1024,1024,32,17349,17381,1056,17381,10066,30794,10738,29280,NA,NA,NA,NA,22784,15360,6144,15584,6496,512,352,2113,0.197
vsgemm_asm,m1_2row,32,1,2,real,OK,0.364,128,12,9620,192410000 x100fs,19177,0.758,NA,NA,NA,NA,NA,NA,NA,NA,NA,NA,NA,NA,NA,NA,NA,NA,NA,NA,NA,NA,NA,NA,NA,NA,NA,NA,NA,NA,NA,NA,NA,NA,NA,NA,NA,NA,NA,NA,NA,NA,NA,NA,NA,NA,NA,NA,NA,NA,NA,NA,NA,NA,NA,NA,NA,NA,NA,NA,NA,NA,NA,NA,NA,NA,NA,NA,NA,NA,NA,NA,NA,NA,NA,NA,NA,NA,NA,NA,NA,NA,NA,NA,NA,NA,NA,NA,NA,NA,NA,NA,NA,NA,NA,NA,NA,NA,NA,NA,NA,NA,NA,NA,NA,NA,NA,NA,NA,NA,NA,NA,NA,NA,NA,NA,NA,NA,NA,NA,NA,NA,NA,NA,NA,NA,NA,NA,NA,NA,NA,NA,NA,NA,NA,NA,33,0,1024,512,32,8234,8778,1055,8778,2236,19241,7010,17823,NA,NA,NA,NA,14585,7682,3072,7987,3238,337,166,1601,0.228
vsgemm_asm,m1_4row,32,1,4,real,OK,0.286,128,16,71,126840000 x100fs,12623,0.740,NA,NA,NA,NA,NA,NA,NA,NA,NA,NA,NA,NA,NA,NA,NA,NA,NA,NA,NA,NA,NA,NA,NA,NA,NA,NA,NA,NA,NA,NA,NA,NA,NA,NA,NA,NA,NA,NA,NA,NA,NA,NA,NA,NA,NA,NA,NA,NA,NA,NA,NA,NA,NA,NA,NA,NA,NA,NA,NA,NA,NA,NA,NA,NA,NA,NA,NA,NA,NA,NA,NA,NA,NA,NA,NA,NA,NA,NA,NA,NA,NA,NA,NA,NA,NA,NA,NA,NA,NA,NA,NA,NA,NA,NA,NA,NA,NA,NA,NA,NA,NA,NA,NA,NA,NA,NA,NA,NA,NA,NA,NA,NA,NA,NA,NA,NA,NA,NA,NA,NA,NA,NA,NA,NA,NA,NA,NA,NA,NA,NA,NA,NA,NA,NA,33,0,1024,256,32,4740,5316,1039,5316,0,12684,3626,11112,NA,NA,NA,NA,9390,3840,1536,4072,1722,232,186,1345,0.371
vsgemm_asm,m4_1row_avl32,32,4,1,real,OK,0.350,128,12,18908,308570000 x100fs,30751,0.738,0.000,0,4160,0.000,0,4160,0.000,0,4160,0.000,0,4160,-nan,0,0,-nan,0,0,-nan,0,0,-nan,0,0,NA,NA,0,0,16640,0,12416,0,4224,0.000,0,4160,0.000,0,4160,0.000,0,4160,0.000,0,4160,-nan,0,0,-nan,0,0,-nan,0,0,-nan,0,0,NA,0,0,16640,0,12416,0,4224,0.000,0,4160,0.000,0,4160,0.000,0,4160,0.000,0,4160,-nan,0,0,-nan,0,0,-nan,0,0,-nan,0,0,NA,0,0,16640,0,12416,0,4224,0.000,0,4160,0.000,0,4160,0.000,0,4160,0.000,0,4160,-nan,0,0,-nan,0,0,-nan,0,0,-nan,0,0,NA,0,0,16640,0,12416,0,4224,1024,32,32,8192,256,33,0,1024,1024,32,17341,17373,1056,17373,10061,30857,10813,29280,NA,NA,NA,NA,22784,15360,6144,15584,6496,512,352,2113,0.195
vsgemm_asm,m4_1row_avl64,64,4,1,real,OK,0.273,512,12,109527,1538960000 x100fs,153791,0.802,0.000,0,16512,0.000,0,16512,0.000,0,16512,0.000,0,16512,0.000,0,16512,0.000,0,16512,0.000,0,16512,0.000,0,16512,NA,NA,0,0,132096,0,98816,0,33280,0.000,0,16512,0.000,0,16512,0.000,0,16512,0.000,0,16512,0.000,0,16512,0.000,0,16512,0.000,0,16512,0.000,0,16512,NA,0,0,132096,0,98816,0,33280,0.000,0,16512,0.000,0,16512,0.000,0,16512,0.000,0,16512,0.000,0,16512,0.000,0,16512,0.000,0,16512,0.000,0,16512,NA,0,0,132096,0,98816,0,33280,0.000,0,16512,0.000,0,16512,0.000,0,16512,0.000,0,16512,0.000,0,16512,0.000,0,16512,0.000,0,16512,0.000,0,16512,NA,0,0,132096,0,98816,0,33280,4352,64,64,65536,1024,65,0,4096,4096,64,101733,101797,4160,101797,72627,153896,42077,149120,NA,NA,NA,NA,123392,93952,24832,94400,25728,1536,896,8321,0.198
vsgemm_asm,m4_1row_avl128,128,4,1,real,OK,0.190,2048,12,702411,8749210000 x100fs,874816,0.862,0.000,0,131584,0.000,0,131584,0.000,0,131584,0.000,0,131584,0.000,0,131584,0.000,0,131584,0.000,0,131584,0.000,0,131584,NA,NA,0,0,1052672,0,788480,0,264192,0.000,0,131584,0.000,0,131584,0.000,0,131584,0.000,0,131584,0.000,0,131584,0.000,0,131584,0.000,0,131584,0.000,0,131584,NA,0,0,1052672,0,788480,0,264192,0.000,0,131584,0.000,0,131584,0.000,0,131584,0.000,0,131584,0.000,0,131584,0.000,0,131584,0.000,0,131584,0.000,0,131584,NA,0,0,1052672,0,788480,0,264192,0.000,0,131584,0.000,0,131584,0.000,0,131584,0.000,0,131584,0.000,0,131584,0.000,0,131584,0.000,0,131584,0.000,0,131584,NA,0,0,1052672,0,788480,0,264192,18432,144,144,524288,4096,129,0,16384,16384,128,668998,669126,16512,669126,551396,874921,166045,858369,NA,NA,NA,NA,754176,636928,100352,637824,104193,4992,3841,33025,0.199
vsgemm_asm,m4_2row_avl32,32,4,2,real,OK,0.392,128,14,9231,194180000 x100fs,19312,0.751,0.126,528,4176,0.000,0,3648,0.123,512,4160,0.000,0,3648,-nan,0,0,-nan,0,0,-nan,0,0,-nan,0,0,NA,NA,528,1040,15632,512,12928,0,2704,0.126,528,4176,0.000,0,3648,0.123,512,4160,0.000,0,3648,-nan,0,0,-nan,0,0,-nan,0,0,-nan,0,0,NA,528,1040,15632,512,12928,0,2704,0.126,528,4176,0.000,0,3648,0.123,512,4160,0.000,0,3648,-nan,0,0,-nan,0,0,-nan,0,0,-nan,0,0,NA,528,1040,15632,512,12928,0,2704,0.126,528,4176,0.000,0,3648,0.123,512,4160,0.000,0,3648,-nan,0,0,-nan,0,0,-nan,0,0,-nan,0,0,NA,528,1040,15632,512,12928,0,2704,512,32,32,4096,256,33,0,1024,512,32,7775,8319,1055,8319,1788,19418,7613,17821,NA,NA,NA,NA,14582,7680,3072,7984,3239,336,167,1601,0.210
vsgemm_asm,m4_2row_avl64,64,4,2,real,OK,0.299,512,13,58680,987450000 x100fs,98639,0.836,0.000,0,14464,0.000,0,14464,0.000,0,14464,0.000,0,14464,0.000,0,14464,0.004,64,14528,0.000,0,14464,0.000,0,14464,NA,NA,64,64,115776,0,98816,0,16960,0.000,0,14464,0.000,0,14464,0.000,0,14464,0.000,0,14464,0.000,0,14464,0.004,64,14528,0.000,0,14464,0.000,0,14464,NA,64,64,115776,0,98816,0,16960,0.000,0,14464,0.000,0,14464,0.000,0,14464,0.000,0,14464,0.000,0,14464,0.004,64,14528,0.000,0,14464,0.000,0,14464,NA,64,64,115776,0,98816,0,16960,0.000,0,14464,0.000,0,14464,0.000,0,14464,0.000,0,14464,0.000,0,14464,0.004,64,14528,0.000,0,14464,0.000,0,14464,NA,64,64,115776,0,98816,0,16960,2176,64,64,32768,1024,65,0,4096,2048,64,52686,54798,4160,54798,21372,98745,29533,95336,NA,NA,NA,NA,82556,46976,12416,47892,12780,1236,364,6273,0.212
vsgemm_asm,m4_2row_avl128,128,4,2,real,OK,0.198,2048,14,414409,5870660000 x100fs,586961,0.896,0.000,0,115200,0.000,0,115200,0.000,0,115200,0.001,64,115264,0.000,0,115200,0.001,128,115328,0.000,0,115200,0.001,63,115263,NA,NA,255,255,921855,0,788480,0,133375,0.000,0,115200,0.000,0,115200,0.000,0,115200,0.001,64,115264,0.000,0,115200,0.001,128,115328,0.000,0,115200,0.001,63,115263,NA,255,255,921855,0,788480,0,133375,0.000,0,115200,0.000,0,115200,0.000,0,115200,0.001,64,115264,0.000,0,115200,0.001,128,115328,0.000,0,115200,0.001,63,115263,NA,255,255,921855,0,788480,0,133375,0.000,0,115200,0.000,0,115200,0.000,0,115200,0.001,64,115264,0.000,0,115200,0.001,128,115328,0.000,0,115200,0.001,63,115263,NA,255,255,921855,0,788480,0,133375,9216,144,144,262144,4096,129,0,16384,8192,128,389412,397732,16512,397732,200700,587066,116381,577746,NA,NA,NA,NA,525820,318464,50176,321324,51926,4460,1750,24833,0.213
vsgemm_asm,m4_4row_avl32,32,4,4,real,OK,0.425,128,19,64,134540000 x100fs,13348,0.716,0.070,256,3648,0.000,0,3392,0.070,256,3648,0.072,264,3656,-nan,0,0,-nan,0,0,-nan,0,0,-nan,0,0,NA,NA,8,776,14344,768,13184,0,1160,0.070,256,3648,0.000,0,3392,0.070,256,3648,0.072,264,3656,-nan,0,0,-nan,0,0,-nan,0,0,-nan,0,0,NA,8,776,14344,768,13184,0,1160,0.070,256,3648,0.000,0,3392,0.070,256,3648,0.072,264,3656,-nan,0,0,-nan,0,0,-nan,0,0,-nan,0,0,NA,8,776,14344,768,13184,0,1160,0.070,256,3648,0.000,0,3392,0.070,256,3648,0.072,264,3656,-nan,0,0,-nan,0,0,-nan,0,0,-nan,0,0,NA,8,776,14344,768,13184,0,1160,256,32,32,2048,256,33,0,1024,256,32,3853,4461,1032,4461,0,13454,5717,11657,NA,NA,NA,NA,9632,3584,1792,3759,2025,175,233,1345,0.235
vsgemm_asm,m4_4row_avl64,64,4,4,real,OK,0.322,512,20,449,688580000 x100fs,68753,0.829,0.000,0,13440,0.000,0,13440,0.000,0,13440,0.000,0,13440,0.001,14,13454,0.004,48,13488,0.000,0,13440,0.000,0,13440,NA,NA,62,62,107582,0,98816,0,8766,0.000,0,13440,0.000,0,13440,0.000,0,13440,0.000,0,13440,0.001,14,13454,0.004,48,13488,0.000,0,13440,0.000,0,13440,NA,62,62,107582,0,98816,0,8766,0.000,0,13440,0.000,0,13440,0.000,0,13440,0.000,0,13440,0.001,14,13454,0.004,48,13488,0.000,0,13440,0.000,0,13440,NA,62,62,107582,0,98816,0,8766,0.000,0,13440,0.000,0,13440,0.000,0,13440,0.000,0,13440,0.001,14,13454,0.004,48,13488,0.000,0,13440,0.000,0,13440,NA,62,62,107582,0,98816,0,8766,1024,68,68,16384,1024,65,0,4096,1024,64,30095,31439,4157,31439,0,68858,22157,64606,NA,NA,NA,NA,57050,22528,7168,23538,7556,1010,388,5249,0.237
vsgemm_asm,m4_4row_avl128,128,4,4,real,OK,0.204,2048,20,2713,4274540000 x100fs,427349,0.916,0.000,0,107008,0.000,0,107008,0.000,0,107008,0.001,96,107104,0.001,60,107068,0.001,96,107104,0.000,0,107008,0.000,30,107038,NA,NA,282,282,856346,0,788480,0,67866,0.000,0,107008,0.000,0,107008,0.000,0,107008,0.001,96,107104,0.001,60,107068,0.001,96,107104,0.000,0,107008,0.000,30,107038,NA,282,282,856346,0,788480,0,67866,0.000,0,107008,0.000,0,107008,0.000,0,107008,0.001,96,107104,0.001,60,107068,0.001,96,107104,0.000,0,107008,0.000,30,107038,NA,282,282,856346,0,788480,0,67866,0.000,0,107008,0.000,0,107008,0.000,0,107008,0.001,96,107104,0.001,60,107068,0.001,96,107104,0.000,0,107008,0.000,30,107038,NA,282,282,856346,0,788480,0,67866,4096,144,144,131072,4096,129,0,16384,4096,128,210729,215337,16511,215337,0,427454,87293,421842,NA,NA,NA,NA,391536,155648,28672,159138,30306,3490,1634,20737,0.238
vsspmv_asm,fixed32,1024,,,real,OK,0.193,0,9,2493,57660000 x100fs,5643,0.466,0.000,0,288,0.000,0,192,0.000,0,192,0.000,0,192,0.000,0,192,0.000,0,192,0.000,0,192,0.000,0,192,NA,NA,0,0,1632,0,1088,0,544,0.000,0,224,0.000,0,192,0.000,0,192,0.000,0,192,0.000,0,192,0.000,0,192,0.000,0,192,0.000,0,192,NA,0,0,1568,0,1056,0,512,0.000,0,224,0.000,0,192,0.000,0,192,0.000,0,192,0.000,0,192,0.000,0,192,0.000,0,192,0.000,0,192,NA,0,0,1568,0,1056,0,512,0.000,0,224,0.000,0,192,0.000,0,192,0.000,0,192,0.000,0,192,0.000,0,192,0.000,0,192,0.000,0,192,NA,0,0,1568,0,1056,0,512,1088,0,0,1536,0,97,32,32,96,0,0,64,160,1,64,5766,1112,5118,NA,NA,NA,NA,2688,832,2430,832,2430,0,0,257,0.231
