Copyright 1986-2020 Xilinx, Inc. All Rights Reserved.
------------------------------------------------------------------------------------------------------------------------------------------------------------------
| Tool Version      : Vivado v.2020.1 (win64) Build 2902540 Wed May 27 19:54:49 MDT 2020
| Date              : Thu Sep 17 23:16:05 2026
| Host              : DESKTOP-9T3TD2K running 64-bit major release  (build 9200)
| Command           : report_timing_summary -report_unconstrained -file D:/project/ara/hardware/fpga/ara_dsa_vcu118/reports/audit_56a5c7fb455b/timing_summary.rpt
| Design            : ara_dsa_vcu118
| Device            : xcvu9p-flga2104
| Speed File        : -2L  PRODUCTION 1.27 02-28-2020
| Temperature Grade : E
------------------------------------------------------------------------------------------------------------------------------------------------------------------

Timing Summary Report

------------------------------------------------------------------------------------------------
| Timer Settings
| --------------
------------------------------------------------------------------------------------------------

  Enable Multi Corner Analysis               :  Yes
  Enable Pessimism Removal                   :  Yes
  Pessimism Removal Resolution               :  Nearest Common Node
  Enable Input Delay Default Clock           :  No
  Enable Preset / Clear Arcs                 :  No
  Disable Flight Delays                      :  No
  Ignore I/O Paths                           :  No
  Timing Early Launch at Borrowing Latches   :  No
  Borrow Time for Max Delay Exceptions       :  Yes
  Merge Timing Exceptions                    :  Yes

  Corner  Analyze    Analyze    
  Name    Max Paths  Min Paths  
  ------  ---------  ---------  
  Slow    Yes        Yes        
  Fast    Yes        Yes        



check_timing report

Table of Contents
-----------------
1. checking no_clock (0)
2. checking constant_clock (0)
3. checking pulse_width_clock (0)
4. checking unconstrained_internal_endpoints (0)
5. checking no_input_delay (1)
6. checking no_output_delay (0)
7. checking multiple_clock (0)
8. checking generated_clocks (0)
9. checking loops (0)
10. checking partial_input_delay (4)
11. checking partial_output_delay (0)
12. checking latch_loops (0)

1. checking no_clock (0)
------------------------
 There are 0 register/latch pins with no clock.


2. checking constant_clock (0)
------------------------------
 There are 0 register/latch pins with constant_clock.


3. checking pulse_width_clock (0)
---------------------------------
 There are 0 register/latch pins which need pulse_width check


4. checking unconstrained_internal_endpoints (0)
------------------------------------------------
 There are 0 pins that are not constrained for maximum delay.

 There are 0 pins that are not constrained for maximum delay due to constant clock.


5. checking no_input_delay (1)
------------------------------
 There are 0 input ports with no input delay specified.

 There is 1 input port with no input delay but user has a false path constraint. (MEDIUM)


6. checking no_output_delay (0)
-------------------------------
 There are 0 ports with no output delay specified.

 There are 0 ports with no output delay but user has a false path constraint

 There are 0 ports with no output delay but with a timing clock defined on it or propagating through it


7. checking multiple_clock (0)
------------------------------
 There are 0 register/latch pins with multiple clocks.


8. checking generated_clocks (0)
--------------------------------
 There are 0 generated clocks that are not connected to a clock source.


9. checking loops (0)
---------------------
 There are 0 combinational loops in the design.


10. checking partial_input_delay (4)
------------------------------------
 There are 4 input ports with partial input delay specified. (HIGH)


11. checking partial_output_delay (0)
-------------------------------------
 There are 0 ports with partial output delay specified.


12. checking latch_loops (0)
----------------------------
 There are 0 combinational latch loops in the design through latch input



------------------------------------------------------------------------------------------------
| Design Timing Summary
| ---------------------
------------------------------------------------------------------------------------------------

    WNS(ns)      TNS(ns)  TNS Failing Endpoints  TNS Total Endpoints      WHS(ns)      THS(ns)  THS Failing Endpoints  THS Total Endpoints     WPWS(ns)     TPWS(ns)  TPWS Failing Endpoints  TPWS Total Endpoints  
    -------      -------  ---------------------  -------------------      -------      -------  ---------------------  -------------------     --------     --------  ----------------------  --------------------  
      0.023        0.000                      0               681608        0.010        0.000                      0               680839        0.039        0.000                       0                238732  


All user specified timing constraints are met.


------------------------------------------------------------------------------------------------
| Clock Summary
| -------------
------------------------------------------------------------------------------------------------

Clock                                                                                                Waveform(ns)           Period(ns)      Frequency(MHz)
-----                                                                                                ------------           ----------      --------------
ara_async_pad                                                                                        {0.000 500.000}        1000.000        1.000           
dbg_hub/inst/BSCANID.u_xsdbm_id/SWITCH_N_EXT_BSCAN.bscan_inst/SERIES7_BSCAN.bscan_inst/INTERNAL_TCK  {0.000 25.000}         50.000          20.000          
sys_clk                                                                                              {0.000 2.000}          4.000           250.000         
  clk_50_clkwiz                                                                                      {0.000 10.000}         20.000          50.000          
  mmcm_clkout0                                                                                       {0.000 1.667}          3.333           300.000         
    pll_clk[0]                                                                                       {0.000 0.208}          0.417           2400.000        
      pll_clk[0]_DIV                                                                                 {0.000 1.667}          3.333           300.000         
    pll_clk[1]                                                                                       {0.000 0.208}          0.417           2400.000        
      pll_clk[1]_DIV                                                                                 {0.000 1.667}          3.333           300.000         
    pll_clk[2]                                                                                       {0.000 0.208}          0.417           2400.000        
      pll_clk[2]_DIV                                                                                 {0.000 1.667}          3.333           300.000         
  mmcm_clkout6                                                                                       {0.000 3.333}          6.667           150.000         


------------------------------------------------------------------------------------------------
| Intra Clock Table
| -----------------
------------------------------------------------------------------------------------------------

Clock                                                                                                    WNS(ns)      TNS(ns)  TNS Failing Endpoints  TNS Total Endpoints      WHS(ns)      THS(ns)  THS Failing Endpoints  THS Total Endpoints     WPWS(ns)     TPWS(ns)  TPWS Failing Endpoints  TPWS Total Endpoints  
-----                                                                                                    -------      -------  ---------------------  -------------------      -------      -------  ---------------------  -------------------     --------     --------  ----------------------  --------------------  
dbg_hub/inst/BSCANID.u_xsdbm_id/SWITCH_N_EXT_BSCAN.bscan_inst/SERIES7_BSCAN.bscan_inst/INTERNAL_TCK        8.909        0.000                      0                 1055        0.017        0.000                      0                 1055       24.468        0.000                       0                   495  
sys_clk                                                                                                    2.569        0.000                      0                   23        0.050        0.000                      0                   23        1.550        0.000                       0                    20  
  clk_50_clkwiz                                                                                            0.840        0.000                      0               402806        0.010        0.000                      0               402806        9.300        0.000                       0                199460  
  mmcm_clkout0                                                                                             0.023        0.000                      0                75265        0.012        0.000                      0                75265        0.905        0.000                       0                 36895  
    pll_clk[0]                                                                                                                                                                                                                                         0.039        0.000                       0                     9  
      pll_clk[0]_DIV                                                                                                                                                                                                                                   0.467        0.000                       0                    35  
    pll_clk[1]                                                                                                                                                                                                                                         0.039        0.000                       0                     7  
      pll_clk[1]_DIV                                                                                                                                                                                                                                   0.467        0.000                       0                    30  
    pll_clk[2]                                                                                                                                                                                                                                         0.039        0.000                       0                     9  
      pll_clk[2]_DIV                                                                                                                                                                                                                                   0.467        0.000                       0                    40  
  mmcm_clkout6                                                                                             1.672        0.000                      0                 5645        0.016        0.000                      0                 5161        1.095        0.000                       0                  1732  


------------------------------------------------------------------------------------------------
| Inter Clock Table
| -----------------
------------------------------------------------------------------------------------------------

From Clock                                                                                           To Clock                                                                                                 WNS(ns)      TNS(ns)  TNS Failing Endpoints  TNS Total Endpoints      WHS(ns)      THS(ns)  THS Failing Endpoints  THS Total Endpoints  
----------                                                                                           --------                                                                                                 -------      -------  ---------------------  -------------------      -------      -------  ---------------------  -------------------  
clk_50_clkwiz                                                                                        dbg_hub/inst/BSCANID.u_xsdbm_id/SWITCH_N_EXT_BSCAN.bscan_inst/SERIES7_BSCAN.bscan_inst/INTERNAL_TCK       18.907        0.000                      0                    8                                                                        
ara_async_pad                                                                                        clk_50_clkwiz                                                                                             16.350        0.000                      0                    4                                                                        
dbg_hub/inst/BSCANID.u_xsdbm_id/SWITCH_N_EXT_BSCAN.bscan_inst/SERIES7_BSCAN.bscan_inst/INTERNAL_TCK  clk_50_clkwiz                                                                                             48.796        0.000                      0                    8                                                                        
mmcm_clkout0                                                                                         clk_50_clkwiz                                                                                              0.756        0.000                      0                  563                                                                        
clk_50_clkwiz                                                                                        mmcm_clkout0                                                                                               0.433        0.000                      0                  712                                                                        
mmcm_clkout6                                                                                         mmcm_clkout0                                                                                               1.523        0.000                      0                  129                                                                        
mmcm_clkout0                                                                                         pll_clk[0]_DIV                                                                                             0.383        0.000                      0                  304        0.650        0.000                      0                  304  
mmcm_clkout0                                                                                         pll_clk[1]_DIV                                                                                             0.675        0.000                      0                  264        0.704        0.000                      0                  264  
mmcm_clkout0                                                                                         pll_clk[2]_DIV                                                                                             0.426        0.000                      0                  352        0.713        0.000                      0                  352  
mmcm_clkout0                                                                                         mmcm_clkout6                                                                                               1.827        0.000                      0                   36        0.146        0.000                      0                    1  


------------------------------------------------------------------------------------------------
| Other Path Groups Table
| -----------------------
------------------------------------------------------------------------------------------------

Path Group                                                                                           From Clock                                                                                           To Clock                                                                                                 WNS(ns)      TNS(ns)  TNS Failing Endpoints  TNS Total Endpoints      WHS(ns)      THS(ns)  THS Failing Endpoints  THS Total Endpoints  
----------                                                                                           ----------                                                                                           --------                                                                                                 -------      -------  ---------------------  -------------------      -------      -------  ---------------------  -------------------  
**async_default**                                                                                    clk_50_clkwiz                                                                                        clk_50_clkwiz                                                                                              7.321        0.000                      0               176759        0.107        0.000                      0               176759  
**async_default**                                                                                    dbg_hub/inst/BSCANID.u_xsdbm_id/SWITCH_N_EXT_BSCAN.bscan_inst/SERIES7_BSCAN.bscan_inst/INTERNAL_TCK  dbg_hub/inst/BSCANID.u_xsdbm_id/SWITCH_N_EXT_BSCAN.bscan_inst/SERIES7_BSCAN.bscan_inst/INTERNAL_TCK       47.464        0.000                      0                  100        0.116        0.000                      0                  100  
**async_default**                                                                                    mmcm_clkout0                                                                                         mmcm_clkout0                                                                                               0.046        0.000                      0                18749        0.175        0.000                      0                18749  
**default**                                                                                          clk_50_clkwiz                                                                                                                                                                                                  16.219        0.000                      0                    2                                                                        
**default**                                                                                          mmcm_clkout0                                                                                                                                                                                                    1.166        0.000                      0                    1                                                                        


------------------------------------------------------------------------------------------------
| User Ignored Path Table
| -----------------------
------------------------------------------------------------------------------------------------

Path Group                                                                                           From Clock                                                                                           To Clock                                                                                           
----------                                                                                           ----------                                                                                           --------                                                                                           
(none)                                                                                               clk_50_clkwiz                                                                                                                                                                                             
(none)                                                                                               mmcm_clkout0                                                                                                                                                                                              
(none)                                                                                                                                                                                                    clk_50_clkwiz                                                                                        
(none)                                                                                               ara_async_pad                                                                                        clk_50_clkwiz                                                                                        
(none)                                                                                               clk_50_clkwiz                                                                                        clk_50_clkwiz                                                                                        
(none)                                                                                               dbg_hub/inst/BSCANID.u_xsdbm_id/SWITCH_N_EXT_BSCAN.bscan_inst/SERIES7_BSCAN.bscan_inst/INTERNAL_TCK  clk_50_clkwiz                                                                                        
(none)                                                                                               mmcm_clkout0                                                                                         clk_50_clkwiz                                                                                        
(none)                                                                                               clk_50_clkwiz                                                                                        dbg_hub/inst/BSCANID.u_xsdbm_id/SWITCH_N_EXT_BSCAN.bscan_inst/SERIES7_BSCAN.bscan_inst/INTERNAL_TCK  
(none)                                                                                               clk_50_clkwiz                                                                                        mmcm_clkout0                                                                                         
(none)                                                                                               mmcm_clkout0                                                                                         mmcm_clkout0                                                                                         
(none)                                                                                               mmcm_clkout6                                                                                         mmcm_clkout0                                                                                         
(none)                                                                                               sys_clk                                                                                              mmcm_clkout0                                                                                         
(none)                                                                                               mmcm_clkout0                                                                                         mmcm_clkout6                                                                                         
(none)                                                                                               mmcm_clkout6                                                                                         mmcm_clkout6                                                                                         
(none)                                                                                               sys_clk                                                                                              mmcm_clkout6                                                                                         
(none)                                                                                               clk_50_clkwiz                                                                                        sys_clk                                                                                              


------------------------------------------------------------------------------------------------
| Unconstrained Path Table
| ------------------------
------------------------------------------------------------------------------------------------

Path Group                                                                                           From Clock                                                                                           To Clock                                                                                           
----------                                                                                           ----------                                                                                           --------                                                                                           
(none)                                                                                                                                                                                                    clk_50_clkwiz                                                                                        
(none)                                                                                                                                                                                                    dbg_hub/inst/BSCANID.u_xsdbm_id/SWITCH_N_EXT_BSCAN.bscan_inst/SERIES7_BSCAN.bscan_inst/INTERNAL_TCK  
(none)                                                                                                                                                                                                    sys_clk                                                                                              


------------------------------------------------------------------------------------------------
| Timing Details
| --------------
------------------------------------------------------------------------------------------------


---------------------------------------------------------------------------------------------------
From Clock:  dbg_hub/inst/BSCANID.u_xsdbm_id/SWITCH_N_EXT_BSCAN.bscan_inst/SERIES7_BSCAN.bscan_inst/INTERNAL_TCK
  To Clock:  dbg_hub/inst/BSCANID.u_xsdbm_id/SWITCH_N_EXT_BSCAN.bscan_inst/SERIES7_BSCAN.bscan_inst/INTERNAL_TCK

Setup :            0  Failing Endpoints,  Worst Slack        8.909ns,  Total Violation        0.000ns
Hold  :            0  Failing Endpoints,  Worst Slack        0.017ns,  Total Violation        0.000ns
PW    :            0  Failing Endpoints,  Worst Slack       24.468ns,  Total Violation        0.000ns
---------------------------------------------------------------------------------------------------


Max Delay Paths
--------------------------------------------------------------------------------------
Slack (MET) :             8.909ns  (required time - arrival time)
  Source:                 dbg_hub/inst/BSCANID.u_xsdbm_id/SWITCH_N_EXT_BSCAN.bscan_switch/state_reg[1]/C
                            (rising edge-triggered cell FDRE clocked by dbg_hub/inst/BSCANID.u_xsdbm_id/SWITCH_N_EXT_BSCAN.bscan_inst/SERIES7_BSCAN.bscan_inst/INTERNAL_TCK  {rise@0.000ns fall@25.000ns period=50.000ns})
  Destination:            dbg_hub/inst/BSCANID.u_xsdbm_id/SWITCH_N_EXT_BSCAN.bscan_inst/SERIES7_BSCAN.bscan_inst/TDO
                            (falling edge-triggered cell BSCANE2 clocked by dbg_hub/inst/BSCANID.u_xsdbm_id/SWITCH_N_EXT_BSCAN.bscan_inst/SERIES7_BSCAN.bscan_inst/INTERNAL_TCK  {rise@0.000ns fall@25.000ns period=50.000ns})
  Path Group:             dbg_hub/inst/BSCANID.u_xsdbm_id/SWITCH_N_EXT_BSCAN.bscan_inst/SERIES7_BSCAN.bscan_inst/INTERNAL_TCK
  Path Type:              Setup (Max at Slow Process Corner)
  Requirement:            25.000ns  (dbg_hub/inst/BSCANID.u_xsdbm_id/SWITCH_N_EXT_BSCAN.bscan_inst/SERIES7_BSCAN.bscan_inst/INTERNAL_TCK fall@25.000ns - dbg_hub/inst/BSCANID.u_xsdbm_id/SWITCH_N_EXT_BSCAN.bscan_inst/SERIES7_BSCAN.bscan_inst/INTERNAL_TCK rise@0.000ns)
  Data Path Delay:        5.148ns  (logic 0.421ns (8.178%)  route 4.727ns (91.822%))
  Logic Levels:           3  (LUT3=1 LUT5=1 LUT6=1)
  Clock Path Skew:        -10.708ns (DCD - SCD + CPR)
    Destination Clock Delay (DCD):    0.000ns = ( 25.000 - 25.000 ) 
    Source Clock Delay      (SCD):    10.708ns
    Clock Pessimism Removal (CPR):    0.000ns
  Clock Uncertainty:      0.235ns  ((TSJ^2 + TIJ^2)^1/2 + DJ) / 2 + PE + DCD
    Total System Jitter     (TSJ):    0.071ns
    Total Input Jitter      (TIJ):    0.000ns
    Discrete Jitter          (DJ):    0.000ns
    Phase Error              (PE):    0.000ns
    Duty Cycle Distortion   (DCD):    0.200ns
  Clock Net Delay (Source):      2.219ns (routing 1.172ns, distribution 1.047ns)

    Location             Delay type                Incr(ns)  Path(ns)    Netlist Resource(s)
  -------------------------------------------------------------------    -------------------
                         (clock dbg_hub/inst/BSCANID.u_xsdbm_id/SWITCH_N_EXT_BSCAN.bscan_inst/SERIES7_BSCAN.bscan_inst/INTERNAL_TCK rise edge)
                                                      0.000     0.000 r  
    CONFIG_SITE_X0Y1     BSCANE2                      0.000     0.000 r  dbg_hub/inst/BSCANID.u_xsdbm_id/SWITCH_N_EXT_BSCAN.bscan_inst/SERIES7_BSCAN.bscan_inst/INTERNAL_TCK
    CONFIG_SITE_X0Y1     BSCANE2 (Prop_BSCAN1_CONFIG_SITE_INTERNAL_TCK_TCK)
                                                      4.300     4.300 r  dbg_hub/inst/BSCANID.u_xsdbm_id/SWITCH_N_EXT_BSCAN.bscan_inst/SERIES7_BSCAN.bscan_inst/TCK
                         net (fo=1, routed)           4.161     8.461    dbg_hub/inst/BSCANID.u_xsdbm_id/tck_bs
    SLR Crossing[1->2]   
    BUFGCE_X1Y288        BUFGCE (Prop_BUFCE_BUFGCE_I_O)
                                                      0.028     8.489 r  dbg_hub/inst/BSCANID.u_xsdbm_id/SWITCH_N_EXT_BSCAN.u_bufg_icon_tck/O
    X3Y10 (CLOCK_ROOT)   net (fo=494, routed)         2.219    10.708    dbg_hub/inst/BSCANID.u_xsdbm_id/SWITCH_N_EXT_BSCAN.bscan_switch/s_bscan_tck
    SLICE_X141Y602       FDRE                                         r  dbg_hub/inst/BSCANID.u_xsdbm_id/SWITCH_N_EXT_BSCAN.bscan_switch/state_reg[1]/C
  -------------------------------------------------------------------    -------------------
    SLICE_X141Y602       FDRE (Prop_EFF_SLICEM_C_Q)
                                                      0.076    10.784 r  dbg_hub/inst/BSCANID.u_xsdbm_id/SWITCH_N_EXT_BSCAN.bscan_switch/state_reg[1]/Q
                         net (fo=50, routed)          0.519    11.303    dbg_hub/inst/BSCANID.u_xsdbm_id/SWITCH_N_EXT_BSCAN.bscan_switch/state[1]
    SLICE_X140Y606       LUT5 (Prop_C6LUT_SLICEL_I4_O)
                                                      0.123    11.426 r  dbg_hub/inst/BSCANID.u_xsdbm_id/SWITCH_N_EXT_BSCAN.bscan_switch/m_bscan_bscanid_en_INST_0/O
                         net (fo=35, routed)          0.887    12.313    dbg_hub/inst/BSCANID.u_xsdbm_id/bscanid_en_int
    SLICE_X111Y603       LUT3 (Prop_F6LUT_SLICEL_I1_O)
                                                      0.123    12.436 r  dbg_hub/inst/BSCANID.u_xsdbm_id/SWITCH_N_EXT_BSCAN.bscan_switch_i_1/O
                         net (fo=2, routed)           1.725    14.161    dbg_hub/inst/BSCANID.u_xsdbm_id/SWITCH_N_EXT_BSCAN.bscan_switch/m_bscan_tdo[0]
    SLR Crossing[2->1]   
    SLICE_X134Y545       LUT6 (Prop_H6LUT_SLICEL_I5_O)
                                                      0.099    14.260 r  dbg_hub/inst/BSCANID.u_xsdbm_id/SWITCH_N_EXT_BSCAN.bscan_switch/s_bscan_tdo_INST_0/O
                         net (fo=1, routed)           1.596    15.856    dbg_hub/inst/BSCANID.u_xsdbm_id/SWITCH_N_EXT_BSCAN.bscan_inst/s_bscan_tdo
    CONFIG_SITE_X0Y1     BSCANE2                                      r  dbg_hub/inst/BSCANID.u_xsdbm_id/SWITCH_N_EXT_BSCAN.bscan_inst/SERIES7_BSCAN.bscan_inst/TDO
  -------------------------------------------------------------------    -------------------

                         (clock dbg_hub/inst/BSCANID.u_xsdbm_id/SWITCH_N_EXT_BSCAN.bscan_inst/SERIES7_BSCAN.bscan_inst/INTERNAL_TCK fall edge)
                                                     25.000    25.000 f  
    CONFIG_SITE_X0Y1     BSCANE2                      0.000    25.000 f  dbg_hub/inst/BSCANID.u_xsdbm_id/SWITCH_N_EXT_BSCAN.bscan_inst/SERIES7_BSCAN.bscan_inst/INTERNAL_TCK
                         clock pessimism              0.000    25.000    
                         clock uncertainty           -0.235    24.765    
    CONFIG_SITE_X0Y1     BSCANE2 (Setup_BSCAN1_CONFIG_SITE_INTERNAL_TCK_TDO)
                                                      0.000    24.765    dbg_hub/inst/BSCANID.u_xsdbm_id/SWITCH_N_EXT_BSCAN.bscan_inst/SERIES7_BSCAN.bscan_inst
  -------------------------------------------------------------------
                         required time                         24.765    
                         arrival time                         -15.856    
  -------------------------------------------------------------------
                         slack                                  8.909    





Min Delay Paths
--------------------------------------------------------------------------------------
Slack (MET) :             0.017ns  (arrival time - required time)
  Source:                 dbg_hub/inst/BSCANID.u_xsdbm_id/CORE_XSDB.U_ICON/iTDI_reg_reg/C
                            (rising edge-triggered cell FDRE clocked by dbg_hub/inst/BSCANID.u_xsdbm_id/SWITCH_N_EXT_BSCAN.bscan_inst/SERIES7_BSCAN.bscan_inst/INTERNAL_TCK  {rise@0.000ns fall@25.000ns period=50.000ns})
  Destination:            dbg_hub/inst/BSCANID.u_xsdbm_id/CORE_XSDB.U_ICON/U_CMD/iTARGET_reg[15]/D
                            (rising edge-triggered cell FDCE clocked by dbg_hub/inst/BSCANID.u_xsdbm_id/SWITCH_N_EXT_BSCAN.bscan_inst/SERIES7_BSCAN.bscan_inst/INTERNAL_TCK  {rise@0.000ns fall@25.000ns period=50.000ns})
  Path Group:             dbg_hub/inst/BSCANID.u_xsdbm_id/SWITCH_N_EXT_BSCAN.bscan_inst/SERIES7_BSCAN.bscan_inst/INTERNAL_TCK
  Path Type:              Hold (Min at Slow Process Corner)
  Requirement:            0.000ns  (dbg_hub/inst/BSCANID.u_xsdbm_id/SWITCH_N_EXT_BSCAN.bscan_inst/SERIES7_BSCAN.bscan_inst/INTERNAL_TCK rise@0.000ns - dbg_hub/inst/BSCANID.u_xsdbm_id/SWITCH_N_EXT_BSCAN.bscan_inst/SERIES7_BSCAN.bscan_inst/INTERNAL_TCK rise@0.000ns)
  Data Path Delay:        0.183ns  (logic 0.058ns (31.694%)  route 0.125ns (68.306%))
  Logic Levels:           0  
  Clock Path Skew:        0.104ns (DCD - SCD - CPR)
    Destination Clock Delay (DCD):    10.579ns
    Source Clock Delay      (SCD):    4.941ns
    Clock Pessimism Removal (CPR):    5.534ns
  Clock Net Delay (Source):      1.845ns (routing 1.066ns, distribution 0.779ns)
  Clock Net Delay (Destination): 2.090ns (routing 1.172ns, distribution 0.918ns)

    Location             Delay type                Incr(ns)  Path(ns)    Netlist Resource(s)
  -------------------------------------------------------------------    -------------------
                         (clock dbg_hub/inst/BSCANID.u_xsdbm_id/SWITCH_N_EXT_BSCAN.bscan_inst/SERIES7_BSCAN.bscan_inst/INTERNAL_TCK rise edge)
                                                      0.000     0.000 r  
    CONFIG_SITE_X0Y1     BSCANE2                      0.000     0.000 r  dbg_hub/inst/BSCANID.u_xsdbm_id/SWITCH_N_EXT_BSCAN.bscan_inst/SERIES7_BSCAN.bscan_inst/INTERNAL_TCK
    CONFIG_SITE_X0Y1     BSCANE2 (Prop_BSCAN1_CONFIG_SITE_INTERNAL_TCK_TCK)
                                                      0.465     0.465 r  dbg_hub/inst/BSCANID.u_xsdbm_id/SWITCH_N_EXT_BSCAN.bscan_inst/SERIES7_BSCAN.bscan_inst/TCK
                         net (fo=1, routed)           2.607     3.072    dbg_hub/inst/BSCANID.u_xsdbm_id/tck_bs
    SLR Crossing[1->2]   
    BUFGCE_X1Y288        BUFGCE (Prop_BUFCE_BUFGCE_I_O)
                                                      0.024     3.096 r  dbg_hub/inst/BSCANID.u_xsdbm_id/SWITCH_N_EXT_BSCAN.u_bufg_icon_tck/O
    X3Y10 (CLOCK_ROOT)   net (fo=494, routed)         1.845     4.941    dbg_hub/inst/BSCANID.u_xsdbm_id/CORE_XSDB.U_ICON/m_bscan_tck[0]
    SLICE_X110Y600       FDRE                                         r  dbg_hub/inst/BSCANID.u_xsdbm_id/CORE_XSDB.U_ICON/iTDI_reg_reg/C
  -------------------------------------------------------------------    -------------------
    SLICE_X110Y600       FDRE (Prop_EFF_SLICEM_C_Q)
                                                      0.058     4.999 r  dbg_hub/inst/BSCANID.u_xsdbm_id/CORE_XSDB.U_ICON/iTDI_reg_reg/Q
                         net (fo=4, routed)           0.125     5.124    dbg_hub/inst/BSCANID.u_xsdbm_id/CORE_XSDB.U_ICON/U_CMD/D[0]
    SLICE_X108Y601       FDCE                                         r  dbg_hub/inst/BSCANID.u_xsdbm_id/CORE_XSDB.U_ICON/U_CMD/iTARGET_reg[15]/D
  -------------------------------------------------------------------    -------------------

                         (clock dbg_hub/inst/BSCANID.u_xsdbm_id/SWITCH_N_EXT_BSCAN.bscan_inst/SERIES7_BSCAN.bscan_inst/INTERNAL_TCK rise edge)
                                                      0.000     0.000 r  
    CONFIG_SITE_X0Y1     BSCANE2                      0.000     0.000 r  dbg_hub/inst/BSCANID.u_xsdbm_id/SWITCH_N_EXT_BSCAN.bscan_inst/SERIES7_BSCAN.bscan_inst/INTERNAL_TCK
    CONFIG_SITE_X0Y1     BSCANE2 (Prop_BSCAN1_CONFIG_SITE_INTERNAL_TCK_TCK)
                                                      4.300     4.300 r  dbg_hub/inst/BSCANID.u_xsdbm_id/SWITCH_N_EXT_BSCAN.bscan_inst/SERIES7_BSCAN.bscan_inst/TCK
                         net (fo=1, routed)           4.161     8.461    dbg_hub/inst/BSCANID.u_xsdbm_id/tck_bs
    SLR Crossing[1->2]   
    BUFGCE_X1Y288        BUFGCE (Prop_BUFCE_BUFGCE_I_O)
                                                      0.028     8.489 r  dbg_hub/inst/BSCANID.u_xsdbm_id/SWITCH_N_EXT_BSCAN.u_bufg_icon_tck/O
    X3Y10 (CLOCK_ROOT)   net (fo=494, routed)         2.090    10.579    dbg_hub/inst/BSCANID.u_xsdbm_id/CORE_XSDB.U_ICON/U_CMD/m_bscan_tck[0]
    SLICE_X108Y601       FDCE                                         r  dbg_hub/inst/BSCANID.u_xsdbm_id/CORE_XSDB.U_ICON/U_CMD/iTARGET_reg[15]/C
                         clock pessimism             -5.534     5.045    
    SLICE_X108Y601       FDCE (Hold_AFF2_SLICEM_C_D)
                                                      0.062     5.107    dbg_hub/inst/BSCANID.u_xsdbm_id/CORE_XSDB.U_ICON/U_CMD/iTARGET_reg[15]
  -------------------------------------------------------------------
                         required time                         -5.107    
                         arrival time                           5.124    
  -------------------------------------------------------------------
                         slack                                  0.017    





Pulse Width Checks
--------------------------------------------------------------------------------------
Clock Name:         dbg_hub/inst/BSCANID.u_xsdbm_id/SWITCH_N_EXT_BSCAN.bscan_inst/SERIES7_BSCAN.bscan_inst/INTERNAL_TCK
Waveform(ns):       { 0.000 25.000 }
Period(ns):         50.000
Sources:            { dbg_hub/inst/BSCANID.u_xsdbm_id/SWITCH_N_EXT_BSCAN.bscan_inst/SERIES7_BSCAN.bscan_inst/INTERNAL_TCK }

Check Type        Corner  Lib Pin     Reference Pin  Required(ns)  Actual(ns)  Slack(ns)  Location        Pin
Min Period        n/a     BUFGCE/I    n/a            1.290         50.000      48.710     BUFGCE_X1Y288   dbg_hub/inst/BSCANID.u_xsdbm_id/SWITCH_N_EXT_BSCAN.u_bufg_icon_tck/I
Low Pulse Width   Fast    RAMD32/CLK  n/a            0.532         25.000      24.468     SLICE_X110Y625  dbg_hub/inst/BSCANID.u_xsdbm_id/CORE_XSDB.UUT_MASTER/U_ICON_INTERFACE/U_CMD6_WR/U_WR_FIFO/SUBCORE_FIFO.xsdbm_v3_0_0_wrfifo_inst/inst_fifo_gen/gconvfifo.rf/grf.rf/gntv_or_sync_fifo.mem/gdm.dm_gen.dm/RAM_reg_0_15_0_13/RAMA/CLK
High Pulse Width  Slow    RAMD32/CLK  n/a            0.532         25.000      24.468     SLICE_X110Y625  dbg_hub/inst/BSCANID.u_xsdbm_id/CORE_XSDB.UUT_MASTER/U_ICON_INTERFACE/U_CMD6_WR/U_WR_FIFO/SUBCORE_FIFO.xsdbm_v3_0_0_wrfifo_inst/inst_fifo_gen/gconvfifo.rf/grf.rf/gntv_or_sync_fifo.mem/gdm.dm_gen.dm/RAM_reg_0_15_0_13/RAMA/CLK



---------------------------------------------------------------------------------------------------
From Clock:  sys_clk
  To Clock:  sys_clk

Setup :            0  Failing Endpoints,  Worst Slack        2.569ns,  Total Violation        0.000ns
Hold  :            0  Failing Endpoints,  Worst Slack        0.050ns,  Total Violation        0.000ns
PW    :            0  Failing Endpoints,  Worst Slack        1.550ns,  Total Violation        0.000ns
---------------------------------------------------------------------------------------------------


Max Delay Paths
--------------------------------------------------------------------------------------
Slack (MET) :             2.569ns  (required time - arrival time)
  Source:                 i_dram_wrapper/i_dram/inst/u_ddr4_infrastructure/counter_input_rst_reg[4]/C
                            (rising edge-triggered cell FDSE clocked by sys_clk  {rise@0.000ns fall@2.000ns period=4.000ns})
  Destination:            i_dram_wrapper/i_dram/inst/u_ddr4_infrastructure/input_rst_mmcm_reg/D
                            (rising edge-triggered cell FDRE clocked by sys_clk  {rise@0.000ns fall@2.000ns period=4.000ns})
  Path Group:             sys_clk
  Path Type:              Setup (Max at Slow Process Corner)
  Requirement:            4.000ns  (sys_clk rise@4.000ns - sys_clk rise@0.000ns)
  Data Path Delay:        1.274ns  (logic 0.352ns (27.630%)  route 0.922ns (72.370%))
  Logic Levels:           2  (LUT3=1 LUT5=1)
  Clock Path Skew:        -0.147ns (DCD - SCD + CPR)
    Destination Clock Delay (DCD):    1.838ns = ( 5.838 - 4.000 ) 
    Source Clock Delay      (SCD):    2.205ns
    Clock Pessimism Removal (CPR):    0.219ns
  Clock Uncertainty:      0.035ns  ((TSJ^2 + TIJ^2)^1/2 + DJ) / 2 + PE
    Total System Jitter     (TSJ):    0.071ns
    Total Input Jitter      (TIJ):    0.000ns
    Discrete Jitter          (DJ):    0.000ns
    Phase Error              (PE):    0.000ns
  Clock Net Delay (Source):      1.117ns (routing 0.171ns, distribution 0.946ns)
  Clock Net Delay (Destination): 0.913ns (routing 0.155ns, distribution 0.758ns)

    Location             Delay type                Incr(ns)  Path(ns)    Netlist Resource(s)
  -------------------------------------------------------------------    -------------------
                         (clock sys_clk rise edge)    0.000     0.000 r  
    E12                                               0.000     0.000 r  sys_clk_p (IN)
                         net (fo=0)                   0.000     0.000    i_bufds_sys_clk/I
    HPIOBDIFFINBUF_X1Y300
                         DIFFINBUF (Prop_DIFFINBUF_HPIOBDIFFINBUF_DIFF_IN_P_O)
                                                      0.675     0.675 r  i_bufds_sys_clk/DIFFINBUF_INST/O
                         net (fo=1, routed)           0.050     0.725    i_bufds_sys_clk/OUT
    E12                  IBUFCTRL (Prop_IBUFCTRL_HPIOB_M_I_O)
                                                      0.000     0.725 r  i_bufds_sys_clk/IBUFCTRL_INST/O
                         net (fo=1, routed)           0.335     1.060    sys_clk
    BUFGCE_X1Y289        BUFGCE (Prop_BUFCE_BUFGCE_I_O)
                                                      0.028     1.088 r  sys_clk_BUFGCE_inst/O
    X4Y12 (CLOCK_ROOT)   net (fo=19, routed)          1.117     2.205    i_dram_wrapper/i_dram/inst/u_ddr4_infrastructure/sys_clk_in
    SLICE_X127Y723       FDSE                                         r  i_dram_wrapper/i_dram/inst/u_ddr4_infrastructure/counter_input_rst_reg[4]/C
  -------------------------------------------------------------------    -------------------
    SLICE_X127Y723       FDSE (Prop_DFF_SLICEM_C_Q)
                                                      0.078     2.283 f  i_dram_wrapper/i_dram/inst/u_ddr4_infrastructure/counter_input_rst_reg[4]/Q
                         net (fo=7, routed)           0.165     2.448    i_dram_wrapper/i_dram/inst/u_ddr4_infrastructure/counter_input_rst[4]
    SLICE_X126Y723       LUT3 (Prop_C5LUT_SLICEL_I1_O)
                                                      0.158     2.606 f  i_dram_wrapper/i_dram/inst/u_ddr4_infrastructure/input_rst_mmcm_i_2/O
                         net (fo=1, routed)           0.164     2.770    i_dram_wrapper/i_dram/inst/u_ddr4_infrastructure/input_rst_mmcm_i_2_n_0
    SLICE_X126Y723       LUT5 (Prop_B5LUT_SLICEL_I3_O)
                                                      0.116     2.886 r  i_dram_wrapper/i_dram/inst/u_ddr4_infrastructure/input_rst_mmcm_i_1/O
                         net (fo=1, routed)           0.593     3.479    i_dram_wrapper/i_dram/inst/u_ddr4_infrastructure/input_rst_mmcm_i_1_n_0
    SLICE_X114Y729       FDRE                                         r  i_dram_wrapper/i_dram/inst/u_ddr4_infrastructure/input_rst_mmcm_reg/D
  -------------------------------------------------------------------    -------------------

                         (clock sys_clk rise edge)    4.000     4.000 r  
    E12                                               0.000     4.000 r  sys_clk_p (IN)
                         net (fo=0)                   0.000     4.000    i_bufds_sys_clk/I
    HPIOBDIFFINBUF_X1Y300
                         DIFFINBUF (Prop_DIFFINBUF_HPIOBDIFFINBUF_DIFF_IN_P_O)
                                                      0.564     4.564 r  i_bufds_sys_clk/DIFFINBUF_INST/O
                         net (fo=1, routed)           0.040     4.604    i_bufds_sys_clk/OUT
    E12                  IBUFCTRL (Prop_IBUFCTRL_HPIOB_M_I_O)
                                                      0.000     4.604 r  i_bufds_sys_clk/IBUFCTRL_INST/O
                         net (fo=1, routed)           0.297     4.901    sys_clk
    BUFGCE_X1Y289        BUFGCE (Prop_BUFCE_BUFGCE_I_O)
                                                      0.024     4.925 r  sys_clk_BUFGCE_inst/O
    X4Y12 (CLOCK_ROOT)   net (fo=19, routed)          0.913     5.838    i_dram_wrapper/i_dram/inst/u_ddr4_infrastructure/sys_clk_in
    SLICE_X114Y729       FDRE                                         r  i_dram_wrapper/i_dram/inst/u_ddr4_infrastructure/input_rst_mmcm_reg/C
                         clock pessimism              0.219     6.058    
                         clock uncertainty           -0.035     6.022    
    SLICE_X114Y729       FDRE (Setup_EFF_SLICEL_C_D)
                                                      0.025     6.047    i_dram_wrapper/i_dram/inst/u_ddr4_infrastructure/input_rst_mmcm_reg
  -------------------------------------------------------------------
                         required time                          6.047    
                         arrival time                          -3.479    
  -------------------------------------------------------------------
                         slack                                  2.569    





Min Delay Paths
--------------------------------------------------------------------------------------
Slack (MET) :             0.050ns  (arrival time - required time)
  Source:                 i_dram_wrapper/i_dram/inst/u_ddr4_infrastructure/counter_input_rst_reg[2]/C
                            (rising edge-triggered cell FDRE clocked by sys_clk  {rise@0.000ns fall@2.000ns period=4.000ns})
  Destination:            i_dram_wrapper/i_dram/inst/u_ddr4_infrastructure/counter_input_rst_reg[3]/D
                            (rising edge-triggered cell FDRE clocked by sys_clk  {rise@0.000ns fall@2.000ns period=4.000ns})
  Path Group:             sys_clk
  Path Type:              Hold (Min at Fast Process Corner)
  Requirement:            0.000ns  (sys_clk rise@0.000ns - sys_clk rise@0.000ns)
  Data Path Delay:        0.103ns  (logic 0.072ns (69.903%)  route 0.031ns (30.097%))
  Logic Levels:           1  (LUT4=1)
  Clock Path Skew:        0.006ns (DCD - SCD - CPR)
    Destination Clock Delay (DCD):    1.403ns
    Source Clock Delay      (SCD):    1.166ns
    Clock Pessimism Removal (CPR):    0.230ns
  Clock Net Delay (Source):      0.619ns (routing 0.096ns, distribution 0.523ns)
  Clock Net Delay (Destination): 0.705ns (routing 0.108ns, distribution 0.597ns)

    Location             Delay type                Incr(ns)  Path(ns)    Netlist Resource(s)
  -------------------------------------------------------------------    -------------------
                         (clock sys_clk rise edge)    0.000     0.000 r  
    E12                                               0.000     0.000 r  sys_clk_p (IN)
                         net (fo=0)                   0.000     0.000    i_bufds_sys_clk/I
    HPIOBDIFFINBUF_X1Y300
                         DIFFINBUF (Prop_DIFFINBUF_HPIOBDIFFINBUF_DIFF_IN_P_O)
                                                      0.340     0.340 r  i_bufds_sys_clk/DIFFINBUF_INST/O
                         net (fo=1, routed)           0.040     0.380    i_bufds_sys_clk/OUT
    E12                  IBUFCTRL (Prop_IBUFCTRL_HPIOB_M_I_O)
                                                      0.000     0.380 r  i_bufds_sys_clk/IBUFCTRL_INST/O
                         net (fo=1, routed)           0.150     0.530    sys_clk
    BUFGCE_X1Y289        BUFGCE (Prop_BUFCE_BUFGCE_I_O)
                                                      0.017     0.547 r  sys_clk_BUFGCE_inst/O
    X4Y12 (CLOCK_ROOT)   net (fo=19, routed)          0.619     1.166    i_dram_wrapper/i_dram/inst/u_ddr4_infrastructure/sys_clk_in
    SLICE_X126Y723       FDRE                                         r  i_dram_wrapper/i_dram/inst/u_ddr4_infrastructure/counter_input_rst_reg[2]/C
  -------------------------------------------------------------------    -------------------
    SLICE_X126Y723       FDRE (Prop_DFF_SLICEL_C_Q)
                                                      0.039     1.205 r  i_dram_wrapper/i_dram/inst/u_ddr4_infrastructure/counter_input_rst_reg[2]/Q
                         net (fo=4, routed)           0.025     1.230    i_dram_wrapper/i_dram/inst/u_ddr4_infrastructure/counter_input_rst[2]
    SLICE_X126Y723       LUT4 (Prop_D5LUT_SLICEL_I1_O)
                                                      0.033     1.263 r  i_dram_wrapper/i_dram/inst/u_ddr4_infrastructure/counter_input_rst[3]_i_1/O
                         net (fo=1, routed)           0.006     1.269    i_dram_wrapper/i_dram/inst/u_ddr4_infrastructure/counter_input_rst0[3]
    SLICE_X126Y723       FDRE                                         r  i_dram_wrapper/i_dram/inst/u_ddr4_infrastructure/counter_input_rst_reg[3]/D
  -------------------------------------------------------------------    -------------------

                         (clock sys_clk rise edge)    0.000     0.000 r  
    E12                                               0.000     0.000 r  sys_clk_p (IN)
                         net (fo=0)                   0.000     0.000    i_bufds_sys_clk/I
    HPIOBDIFFINBUF_X1Y300
                         DIFFINBUF (Prop_DIFFINBUF_HPIOBDIFFINBUF_DIFF_IN_P_O)
                                                      0.446     0.446 r  i_bufds_sys_clk/DIFFINBUF_INST/O
                         net (fo=1, routed)           0.050     0.496    i_bufds_sys_clk/OUT
    E12                  IBUFCTRL (Prop_IBUFCTRL_HPIOB_M_I_O)
                                                      0.000     0.496 r  i_bufds_sys_clk/IBUFCTRL_INST/O
                         net (fo=1, routed)           0.183     0.679    sys_clk
    BUFGCE_X1Y289        BUFGCE (Prop_BUFCE_BUFGCE_I_O)
                                                      0.019     0.698 r  sys_clk_BUFGCE_inst/O
    X4Y12 (CLOCK_ROOT)   net (fo=19, routed)          0.705     1.403    i_dram_wrapper/i_dram/inst/u_ddr4_infrastructure/sys_clk_in
    SLICE_X126Y723       FDRE                                         r  i_dram_wrapper/i_dram/inst/u_ddr4_infrastructure/counter_input_rst_reg[3]/C
                         clock pessimism             -0.230     1.172    
    SLICE_X126Y723       FDRE (Hold_DFF2_SLICEL_C_D)
                                                      0.047     1.219    i_dram_wrapper/i_dram/inst/u_ddr4_infrastructure/counter_input_rst_reg[3]
  -------------------------------------------------------------------
                         required time                         -1.219    
                         arrival time                           1.269    
  -------------------------------------------------------------------
                         slack                                  0.050    





Pulse Width Checks
--------------------------------------------------------------------------------------
Clock Name:         sys_clk
Waveform(ns):       { 0.000 2.000 }
Period(ns):         4.000
Sources:            { sys_clk_p }

Check Type        Corner  Lib Pin            Reference Pin  Required(ns)  Actual(ns)  Slack(ns)  Location       Pin
Min Period        n/a     BUFGCE/I           n/a            1.290         4.000       2.710      BUFGCE_X1Y289  sys_clk_BUFGCE_inst/I
Max Period        n/a     MMCME4_ADV/CLKIN1  n/a            100.000       4.000       96.000     MMCM_X1Y13     i_dram_wrapper/i_dram/inst/u_ddr4_infrastructure/gen_mmcme4.u_mmcme_adv_inst/CLKIN1
Low Pulse Width   Slow    MMCME4_ADV/CLKIN1  n/a            0.450         2.000       1.550      MMCM_X1Y13     i_dram_wrapper/i_dram/inst/u_ddr4_infrastructure/gen_mmcme4.u_mmcme_adv_inst/CLKIN1
High Pulse Width  Slow    MMCME4_ADV/CLKIN1  n/a            0.450         2.000       1.550      MMCM_X1Y11     i_clkwiz/inst/mmcme4_adv_inst/CLKIN1



---------------------------------------------------------------------------------------------------
From Clock:  clk_50_clkwiz
  To Clock:  clk_50_clkwiz

Setup :            0  Failing Endpoints,  Worst Slack        0.840ns,  Total Violation        0.000ns
Hold  :            0  Failing Endpoints,  Worst Slack        0.010ns,  Total Violation        0.000ns
PW    :            0  Failing Endpoints,  Worst Slack        9.300ns,  Total Violation        0.000ns
---------------------------------------------------------------------------------------------------


Max Delay Paths
--------------------------------------------------------------------------------------
Slack (MET) :             0.840ns  (required time - arrival time)
  Source:                 i_cheshire_soc/gen_cva6_cores[0].gen_ara.i_ara/i_vlsu/i_axi_cut/i_reg_r/spill_register_flushable_i/gen_spill_reg.a_data_q_reg[resp][1]/C
                            (rising edge-triggered cell FDCE clocked by clk_50_clkwiz  {rise@0.000ns fall@10.000ns period=20.000ns})
  Destination:            i_cheshire_soc/gen_cva6_cores[0].gen_ara.i_ara/i_vlsu/i_qbs_engine/i_activation_context/gen_context_bank[1].i_context_sram/gen_1_ports.i_xpm_memory_spram/xpm_memory_base_inst/gen_wr_a.gen_byte_narrow.for_mem_cols[1].mem_reg_0/ENARDEN
                            (rising edge-triggered cell RAMB36E2 clocked by clk_50_clkwiz  {rise@0.000ns fall@10.000ns period=20.000ns})
  Path Group:             clk_50_clkwiz
  Path Type:              Setup (Max at Slow Process Corner)
  Requirement:            20.000ns  (clk_50_clkwiz rise@20.000ns - clk_50_clkwiz rise@0.000ns)
  Data Path Delay:        18.344ns  (logic 1.830ns (9.976%)  route 16.514ns (90.024%))
  Logic Levels:           22  (LUT2=3 LUT3=2 LUT4=3 LUT5=3 LUT6=11)
  Clock Path Skew:        -0.151ns (DCD - SCD + CPR)
    Destination Clock Delay (DCD):    5.970ns = ( 25.970 - 20.000 ) 
    Source Clock Delay      (SCD):    5.846ns
    Clock Pessimism Removal (CPR):    -0.276ns
  Clock Uncertainty:      0.083ns  ((TSJ^2 + DJ^2)^1/2) / 2 + PE
    Total System Jitter     (TSJ):    0.071ns
    Discrete Jitter          (DJ):    0.150ns
    Phase Error              (PE):    0.000ns
  Inter-SLR Compensation: 0.240ns  ((DCD - CCD) * PF)
    Destination Clock Delay (DCD):    5.970ns
    Common Clock Delay      (CCD):    4.369ns
    Prorating Factor         (PF):    0.150
  Clock Net Delay (Source):      3.622ns (routing 1.870ns, distribution 1.752ns)
  Clock Net Delay (Destination): 3.301ns (routing 1.700ns, distribution 1.601ns)

    Location             Delay type                Incr(ns)  Path(ns)    Netlist Resource(s)
  -------------------------------------------------------------------    -------------------
                         (clock clk_50_clkwiz rise edge)
                                                      0.000     0.000 r  
    E12                                               0.000     0.000 r  sys_clk_p (IN)
                         net (fo=0)                   0.000     0.000    i_bufds_sys_clk/I
    HPIOBDIFFINBUF_X1Y300
                         DIFFINBUF (Prop_DIFFINBUF_HPIOBDIFFINBUF_DIFF_IN_P_O)
                                                      0.675     0.675 r  i_bufds_sys_clk/DIFFINBUF_INST/O
                         net (fo=1, routed)           0.050     0.725    i_bufds_sys_clk/OUT
    E12                  IBUFCTRL (Prop_IBUFCTRL_HPIOB_M_I_O)
                                                      0.000     0.725 r  i_bufds_sys_clk/IBUFCTRL_INST/O
                         net (fo=1, routed)           0.335     1.060    sys_clk
    BUFGCE_X1Y289        BUFGCE (Prop_BUFCE_BUFGCE_I_O)
                                                      0.028     1.088 r  sys_clk_BUFGCE_inst/O
                         net (fo=19, routed)          0.991     2.079    i_clkwiz/inst/clk_in1
    MMCM_X1Y11           MMCME4_ADV (Prop_MMCM_CLKIN1_CLKOUT0)
                                                     -0.127     1.952 r  i_clkwiz/inst/mmcme4_adv_inst/CLKOUT0
                         net (fo=1, routed)           0.244     2.196    i_clkwiz/inst/clk_50_clkwiz
    BUFGCE_X1Y266        BUFGCE (Prop_BUFCE_BUFGCE_I_O)
                                                      0.028     2.224 r  i_clkwiz/inst/clkout1_buf/O
    X2Y7 (CLOCK_ROOT)    net (fo=199658, routed)      3.622     5.846    i_cheshire_soc/gen_cva6_cores[0].gen_ara.i_ara/i_vlsu/i_axi_cut/i_reg_r/spill_register_flushable_i/clk_i
    SLR Crossing[2->1]   
    SLICE_X50Y541        FDCE                                         r  i_cheshire_soc/gen_cva6_cores[0].gen_ara.i_ara/i_vlsu/i_axi_cut/i_reg_r/spill_register_flushable_i/gen_spill_reg.a_data_q_reg[resp][1]/C
  -------------------------------------------------------------------    -------------------
    SLICE_X50Y541        FDCE (Prop_GFF_SLICEM_C_Q)
                                                      0.078     5.924 f  i_cheshire_soc/gen_cva6_cores[0].gen_ara.i_ara/i_vlsu/i_axi_cut/i_reg_r/spill_register_flushable_i/gen_spill_reg.a_data_q_reg[resp][1]/Q
                         net (fo=2, routed)           1.208     7.132    i_cheshire_soc/gen_cva6_cores[0].gen_ara.i_ara/i_vlsu/i_axi_cut/i_reg_r/spill_register_flushable_i/gen_spill_reg.a_data_q_reg[resp_n_0_][1]
    SLICE_X47Y433        LUT3 (Prop_F6LUT_SLICEM_I2_O)
                                                      0.123     7.255 f  i_cheshire_soc/gen_cva6_cores[0].gen_ara.i_ara/i_vlsu/i_axi_cut/i_reg_r/spill_register_flushable_i/data_o[resp][1]_INST_0/O
                         net (fo=2, routed)           0.659     7.914    i_cheshire_soc/gen_cva6_cores[0].gen_ara.i_ara/i_vlsu/axi_resp[r][resp][1]
    SLICE_X31Y397        LUT2 (Prop_A6LUT_SLICEM_I1_O)
                                                      0.090     8.004 f  i_cheshire_soc/gen_cva6_cores[0].gen_ara.i_ara/i_vlsu/i_qbs_engine_i_136/O
                         net (fo=1, routed)           0.301     8.305    i_cheshire_soc/gen_cva6_cores[0].gen_ara.i_ara/i_vlsu/i_qbs_engine/i_read_engine/axi_r_i[resp][1]
    SLICE_X31Y379        LUT4 (Prop_D6LUT_SLICEM_I3_O)
                                                      0.099     8.404 f  i_cheshire_soc/gen_cva6_cores[0].gen_ara.i_ara/i_vlsu/i_qbs_engine/i_read_engine/data_valid_o_INST_0_i_4/O
                         net (fo=4, routed)           0.483     8.887    i_cheshire_soc/gen_cva6_cores[0].gen_ara.i_ara/i_vlsu/i_qbs_engine/i_read_engine/response_error
    SLICE_X25Y364        LUT6 (Prop_D6LUT_SLICEM_I0_O)
                                                      0.051     8.938 f  i_cheshire_soc/gen_cva6_cores[0].gen_ara.i_ara/i_vlsu/i_qbs_engine/i_read_engine/data_valid_o_INST_0_i_2/O
                         net (fo=8, routed)           0.387     9.325    i_cheshire_soc/gen_cva6_cores[0].gen_ara.i_ara/i_vlsu/i_qbs_engine/i_read_engine/response_fault_event
    SLICE_X31Y365        LUT6 (Prop_D6LUT_SLICEM_I3_O)
                                                      0.051     9.376 r  i_cheshire_soc/gen_cva6_cores[0].gen_ara.i_ara/i_vlsu/i_qbs_engine/i_read_engine/data_valid_o_INST_0/O
                         net (fo=5, routed)           0.573     9.949    i_cheshire_soc/gen_cva6_cores[0].gen_ara.i_ara/i_vlsu/i_qbs_engine/read_data_valid
    SLICE_X31Y328        LUT4 (Prop_F6LUT_SLICEM_I0_O)
                                                      0.051    10.000 r  i_cheshire_soc/gen_cva6_cores[0].gen_ara.i_ara/i_vlsu/i_qbs_engine/i_compute_engine_i_2/O
                         net (fo=16, routed)          1.333    11.333    i_cheshire_soc/gen_cva6_cores[0].gen_ara.i_ara/i_vlsu/i_qbs_engine/i_compute_engine/weight_write_valid_i
    SLR Crossing[1->0]   
    SLICE_X32Y225        LUT4 (Prop_C6LUT_SLICEL_I1_O)
                                                      0.096    11.429 f  i_cheshire_soc/gen_cva6_cores[0].gen_ara.i_ara/i_vlsu/i_qbs_engine/i_compute_engine/i_block_adapter_bank0_i_5/O
                         net (fo=19, routed)          1.707    13.136    i_cheshire_soc/gen_cva6_cores[0].gen_ara.i_ara/i_vlsu/i_qbs_engine/i_compute_engine/i_block_adapter_bank0/weight_row_count_i[0]
    SLICE_X9Y108         LUT6 (Prop_D6LUT_SLICEL_I4_O)
                                                      0.036    13.172 f  i_cheshire_soc/gen_cva6_cores[0].gen_ara.i_ara/i_vlsu/i_qbs_engine/i_compute_engine/i_block_adapter_bank0/all_weight_complete_o_INST_0_i_7/O
                         net (fo=1, routed)           0.092    13.264    i_cheshire_soc/gen_cva6_cores[0].gen_ara.i_ara/i_vlsu/i_qbs_engine/i_compute_engine/i_block_adapter_bank0/all_weight_complete_o_INST_0_i_7_n_0
    SLICE_X9Y110         LUT6 (Prop_H6LUT_SLICEL_I5_O)
                                                      0.051    13.315 r  i_cheshire_soc/gen_cva6_cores[0].gen_ara.i_ara/i_vlsu/i_qbs_engine/i_compute_engine/i_block_adapter_bank0/all_weight_complete_o_INST_0_i_1/O
                         net (fo=1, routed)           0.931    14.246    i_cheshire_soc/gen_cva6_cores[0].gen_ara.i_ara/i_vlsu/i_qbs_engine/i_compute_engine/i_block_adapter_bank0/all_weight_complete_o_INST_0_i_1_n_0
    SLICE_X22Y164        LUT6 (Prop_H6LUT_SLICEM_I0_O)
                                                      0.039    14.285 r  i_cheshire_soc/gen_cva6_cores[0].gen_ara.i_ara/i_vlsu/i_qbs_engine/i_compute_engine/i_block_adapter_bank0/all_weight_complete_o_INST_0/O
                         net (fo=6, routed)           1.505    15.790    i_cheshire_soc/gen_cva6_cores[0].gen_ara.i_ara/i_vlsu/i_qbs_engine/i_compute_engine/all_weight_complete[0]
    SLICE_X55Y219        LUT3 (Prop_B5LUT_SLICEL_I1_O)
                                                      0.104    15.894 r  i_cheshire_soc/gen_cva6_cores[0].gen_ara.i_ara/i_vlsu/i_qbs_engine/i_compute_engine/weight_write_ready_o_INST_0_i_6/O
                         net (fo=1, routed)           0.164    16.058    i_cheshire_soc/gen_cva6_cores[0].gen_ara.i_ara/i_vlsu/i_qbs_engine/i_compute_engine/all_weight_complete
    SLICE_X55Y221        LUT6 (Prop_F6LUT_SLICEL_I5_O)
                                                      0.123    16.181 f  i_cheshire_soc/gen_cva6_cores[0].gen_ara.i_ara/i_vlsu/i_qbs_engine/i_compute_engine/weight_write_ready_o_INST_0_i_4/O
                         net (fo=1, routed)           0.082    16.263    i_cheshire_soc/gen_cva6_cores[0].gen_ara.i_ara/i_vlsu/i_qbs_engine/i_compute_engine/weight_write_ready_o_INST_0_i_4_n_0
    SLICE_X55Y222        LUT6 (Prop_G6LUT_SLICEL_I1_O)
                                                      0.035    16.298 r  i_cheshire_soc/gen_cva6_cores[0].gen_ara.i_ara/i_vlsu/i_qbs_engine/i_compute_engine/weight_write_ready_o_INST_0_i_2/O
                         net (fo=1, routed)           0.616    16.914    i_cheshire_soc/gen_cva6_cores[0].gen_ara.i_ara/i_vlsu/i_qbs_engine/i_compute_engine/weight_write_ready_o_INST_0_i_2_n_0
    SLICE_X48Y227        LUT6 (Prop_G6LUT_SLICEL_I1_O)
                                                      0.089    17.003 f  i_cheshire_soc/gen_cva6_cores[0].gen_ara.i_ara/i_vlsu/i_qbs_engine/i_compute_engine/weight_write_ready_o_INST_0/O
                         net (fo=11, routed)          1.786    18.789    i_cheshire_soc/gen_cva6_cores[0].gen_ara.i_ara/i_vlsu/i_qbs_engine/i_compute_engine_n_2
    SLR Crossing[0->1]   
    SLICE_X37Y351        LUT5 (Prop_E6LUT_SLICEL_I1_O)
                                                      0.090    18.879 f  i_cheshire_soc/gen_cva6_cores[0].gen_ara.i_ara/i_vlsu/i_qbs_engine/i_read_engine_i_189/O
                         net (fo=1, routed)           0.138    19.017    i_cheshire_soc/gen_cva6_cores[0].gen_ara.i_ara/i_vlsu/i_qbs_engine/i_read_engine_i_189_n_0
    SLICE_X37Y350        LUT6 (Prop_F6LUT_SLICEL_I5_O)
                                                      0.035    19.052 f  i_cheshire_soc/gen_cva6_cores[0].gen_ara.i_ara/i_vlsu/i_qbs_engine/i_read_engine_i_93/O
                         net (fo=4, routed)           0.292    19.344    i_cheshire_soc/gen_cva6_cores[0].gen_ara.i_ara/i_vlsu/i_qbs_engine/read_data_ready
    SLICE_X37Y343        LUT6 (Prop_G6LUT_SLICEL_I0_O)
                                                      0.035    19.379 f  i_cheshire_soc/gen_cva6_cores[0].gen_ara.i_ara/i_vlsu/i_qbs_engine/i_activation_context_i_2/O
                         net (fo=1, routed)           0.501    19.880    i_cheshire_soc/gen_cva6_cores[0].gen_ara.i_ara/i_vlsu/i_qbs_engine/i_activation_context/fill_write_valid_i
    SLICE_X42Y334        LUT2 (Prop_F6LUT_SLICEM_I1_O)
                                                      0.037    19.917 f  i_cheshire_soc/gen_cva6_cores[0].gen_ara.i_ara/i_vlsu/i_qbs_engine/i_activation_context/gen_context_bank[0].i_context_sram_i_157/O
                         net (fo=315, routed)         1.115    21.032    i_cheshire_soc/gen_cva6_cores[0].gen_ara.i_ara/i_vlsu/i_qbs_engine/i_activation_context/gen_context_bank[0].i_context_sram_i_157_n_0
    SLICE_X58Y303        LUT5 (Prop_D6LUT_SLICEL_I0_O)
                                                      0.099    21.131 f  i_cheshire_soc/gen_cva6_cores[0].gen_ara.i_ara/i_vlsu/i_qbs_engine/i_activation_context/gen_context_bank[1].i_context_sram_i_2/O
                         net (fo=17, routed)          1.215    22.346    i_cheshire_soc/gen_cva6_cores[0].gen_ara.i_ara/i_vlsu/i_qbs_engine/i_activation_context/gen_context_bank[1].i_context_sram/we_i[0]
    SLR Crossing[1->0]   
    SLICE_X60Y256        LUT2 (Prop_C5LUT_SLICEM_I1_O)
                                                      0.159    22.505 f  i_cheshire_soc/gen_cva6_cores[0].gen_ara.i_ara/i_vlsu/i_qbs_engine/i_activation_context/gen_context_bank[1].i_context_sram/gen_1_ports.i_xpm_memory_spram_i_9/O
                         net (fo=2, routed)           0.155    22.660    i_cheshire_soc/gen_cva6_cores[0].gen_ara.i_ara/i_vlsu/i_qbs_engine/i_activation_context/gen_context_bank[1].i_context_sram/gen_1_ports.i_xpm_memory_spram/xpm_memory_base_inst/wea[8]
    SLICE_X60Y256        LUT5 (Prop_H5LUT_SLICEM_I1_O)
                                                      0.161    22.821 f  i_cheshire_soc/gen_cva6_cores[0].gen_ara.i_ara/i_vlsu/i_qbs_engine/i_activation_context/gen_context_bank[1].i_context_sram/gen_1_ports.i_xpm_memory_spram/xpm_memory_base_inst/gen_wr_a.gen_byte_narrow.for_mem_cols[1].mem_reg_3_i_40/O
                         net (fo=4, routed)           0.726    23.547    i_cheshire_soc/gen_cva6_cores[0].gen_ara.i_ara/i_vlsu/i_qbs_engine/i_activation_context/gen_context_bank[1].i_context_sram/gen_1_ports.i_xpm_memory_spram/xpm_memory_base_inst/gen_wr_a.gen_byte_narrow.for_mem_cols[1].mem_reg_3_i_40_n_0
    SLICE_X54Y254        LUT6 (Prop_B6LUT_SLICEL_I3_O)
                                                      0.098    23.645 r  i_cheshire_soc/gen_cva6_cores[0].gen_ara.i_ara/i_vlsu/i_qbs_engine/i_activation_context/gen_context_bank[1].i_context_sram/gen_1_ports.i_xpm_memory_spram/xpm_memory_base_inst/gen_wr_a.gen_byte_narrow.for_mem_cols[1].mem_reg_0_i_1/O
                         net (fo=1, routed)           0.545    24.190    i_cheshire_soc/gen_cva6_cores[0].gen_ara.i_ara/i_vlsu/i_qbs_engine/i_activation_context/gen_context_bank[1].i_context_sram/gen_1_ports.i_xpm_memory_spram/xpm_memory_base_inst/gen_wr_a.gen_byte_narrow.for_mem_cols[1].mem_reg_0_i_1_n_0
    RAMB36_X3Y49         RAMB36E2                                     r  i_cheshire_soc/gen_cva6_cores[0].gen_ara.i_ara/i_vlsu/i_qbs_engine/i_activation_context/gen_context_bank[1].i_context_sram/gen_1_ports.i_xpm_memory_spram/xpm_memory_base_inst/gen_wr_a.gen_byte_narrow.for_mem_cols[1].mem_reg_0/ENARDEN
  -------------------------------------------------------------------    -------------------

                         (clock clk_50_clkwiz rise edge)
                                                     20.000    20.000 r  
    E12                                               0.000    20.000 r  sys_clk_p (IN)
                         net (fo=0)                   0.000    20.000    i_bufds_sys_clk/I
    HPIOBDIFFINBUF_X1Y300
                         DIFFINBUF (Prop_DIFFINBUF_HPIOBDIFFINBUF_DIFF_IN_P_O)
                                                      0.564    20.564 r  i_bufds_sys_clk/DIFFINBUF_INST/O
                         net (fo=1, routed)           0.040    20.604    i_bufds_sys_clk/OUT
    E12                  IBUFCTRL (Prop_IBUFCTRL_HPIOB_M_I_O)
                                                      0.000    20.604 r  i_bufds_sys_clk/IBUFCTRL_INST/O
                         net (fo=1, routed)           0.297    20.901    sys_clk
    BUFGCE_X1Y289        BUFGCE (Prop_BUFCE_BUFGCE_I_O)
                                                      0.024    20.925 r  sys_clk_BUFGCE_inst/O
                         net (fo=19, routed)          0.876    21.801    i_clkwiz/inst/clk_in1
    MMCM_X1Y11           MMCME4_ADV (Prop_MMCM_CLKIN1_CLKOUT0)
                                                      0.630    22.431 r  i_clkwiz/inst/mmcme4_adv_inst/CLKOUT0
                         net (fo=1, routed)           0.214    22.645    i_clkwiz/inst/clk_50_clkwiz
    BUFGCE_X1Y266        BUFGCE (Prop_BUFCE_BUFGCE_I_O)
                                                      0.024    22.669 r  i_clkwiz/inst/clkout1_buf/O
    X2Y7 (CLOCK_ROOT)    net (fo=199658, routed)      3.301    25.970    i_cheshire_soc/gen_cva6_cores[0].gen_ara.i_ara/i_vlsu/i_qbs_engine/i_activation_context/gen_context_bank[1].i_context_sram/gen_1_ports.i_xpm_memory_spram/xpm_memory_base_inst/clka
    SLR Crossing[2->0]   
    RAMB36_X3Y49         RAMB36E2                                     r  i_cheshire_soc/gen_cva6_cores[0].gen_ara.i_ara/i_vlsu/i_qbs_engine/i_activation_context/gen_context_bank[1].i_context_sram/gen_1_ports.i_xpm_memory_spram/xpm_memory_base_inst/gen_wr_a.gen_byte_narrow.for_mem_cols[1].mem_reg_0/CLKARDCLK
                         clock pessimism             -0.276    25.695    
                         inter-SLR compensation      -0.240    25.454    
                         clock uncertainty           -0.083    25.371    
    RAMB36_X3Y49         RAMB36E2 (Setup_RAMB36E2_RAMB36_CLKARDCLK_ENARDEN)
                                                     -0.342    25.029    i_cheshire_soc/gen_cva6_cores[0].gen_ara.i_ara/i_vlsu/i_qbs_engine/i_activation_context/gen_context_bank[1].i_context_sram/gen_1_ports.i_xpm_memory_spram/xpm_memory_base_inst/gen_wr_a.gen_byte_narrow.for_mem_cols[1].mem_reg_0
  -------------------------------------------------------------------
                         required time                         25.029    
                         arrival time                         -24.190    
  -------------------------------------------------------------------
                         slack                                  0.840    





Min Delay Paths
--------------------------------------------------------------------------------------
Slack (MET) :             0.010ns  (arrival time - required time)
  Source:                 i_cheshire_soc/i_reg_atomics_cut/i_reg_r/spill_register_flushable_i/gen_spill_reg.a_data_q_reg[data][29]/C
                            (rising edge-triggered cell FDCE clocked by clk_50_clkwiz  {rise@0.000ns fall@10.000ns period=20.000ns})
  Destination:            i_cheshire_soc/i_reg_atomics_cut/i_reg_r/spill_register_flushable_i/gen_spill_reg.b_data_q_reg[data][29]/D
                            (rising edge-triggered cell FDCE clocked by clk_50_clkwiz  {rise@0.000ns fall@10.000ns period=20.000ns})
  Path Group:             clk_50_clkwiz
  Path Type:              Hold (Min at Slow Process Corner)
  Requirement:            0.000ns  (clk_50_clkwiz rise@0.000ns - clk_50_clkwiz rise@0.000ns)
  Data Path Delay:        0.134ns  (logic 0.058ns (43.284%)  route 0.076ns (56.716%))
  Logic Levels:           0  
  Clock Path Skew:        0.062ns (DCD - SCD - CPR)
    Destination Clock Delay (DCD):    6.036ns
    Source Clock Delay      (SCD):    6.072ns
    Clock Pessimism Removal (CPR):    -0.099ns
  Clock Net Delay (Source):      3.403ns (routing 1.700ns, distribution 1.703ns)
  Clock Net Delay (Destination): 3.812ns (routing 1.870ns, distribution 1.942ns)

    Location             Delay type                Incr(ns)  Path(ns)    Netlist Resource(s)
  -------------------------------------------------------------------    -------------------
                         (clock clk_50_clkwiz rise edge)
                                                      0.000     0.000 r  
    E12                                               0.000     0.000 r  sys_clk_p (IN)
                         net (fo=0)                   0.000     0.000    i_bufds_sys_clk/I
    HPIOBDIFFINBUF_X1Y300
                         DIFFINBUF (Prop_DIFFINBUF_HPIOBDIFFINBUF_DIFF_IN_P_O)
                                                      0.564     0.564 r  i_bufds_sys_clk/DIFFINBUF_INST/O
                         net (fo=1, routed)           0.040     0.604    i_bufds_sys_clk/OUT
    E12                  IBUFCTRL (Prop_IBUFCTRL_HPIOB_M_I_O)
                                                      0.000     0.604 r  i_bufds_sys_clk/IBUFCTRL_INST/O
                         net (fo=1, routed)           0.297     0.901    sys_clk
    BUFGCE_X1Y289        BUFGCE (Prop_BUFCE_BUFGCE_I_O)
                                                      0.024     0.925 r  sys_clk_BUFGCE_inst/O
                         net (fo=19, routed)          0.876     1.801    i_clkwiz/inst/clk_in1
    MMCM_X1Y11           MMCME4_ADV (Prop_MMCM_CLKIN1_CLKOUT0)
                                                      0.630     2.431 r  i_clkwiz/inst/mmcme4_adv_inst/CLKOUT0
                         net (fo=1, routed)           0.214     2.645    i_clkwiz/inst/clk_50_clkwiz
    BUFGCE_X1Y266        BUFGCE (Prop_BUFCE_BUFGCE_I_O)
                                                      0.024     2.669 r  i_clkwiz/inst/clkout1_buf/O
    X2Y7 (CLOCK_ROOT)    net (fo=199658, routed)      3.403     6.072    i_cheshire_soc/i_reg_atomics_cut/i_reg_r/spill_register_flushable_i/clk_i
    SLICE_X18Y629        FDCE                                         r  i_cheshire_soc/i_reg_atomics_cut/i_reg_r/spill_register_flushable_i/gen_spill_reg.a_data_q_reg[data][29]/C
  -------------------------------------------------------------------    -------------------
    SLICE_X18Y629        FDCE (Prop_CFF_SLICEL_C_Q)
                                                      0.058     6.130 r  i_cheshire_soc/i_reg_atomics_cut/i_reg_r/spill_register_flushable_i/gen_spill_reg.a_data_q_reg[data][29]/Q
                         net (fo=2, routed)           0.076     6.206    i_cheshire_soc/i_reg_atomics_cut/i_reg_r/spill_register_flushable_i/gen_spill_reg.a_data_q_reg[data][29]
    SLICE_X18Y626        FDCE                                         r  i_cheshire_soc/i_reg_atomics_cut/i_reg_r/spill_register_flushable_i/gen_spill_reg.b_data_q_reg[data][29]/D
  -------------------------------------------------------------------    -------------------

                         (clock clk_50_clkwiz rise edge)
                                                      0.000     0.000 r  
    E12                                               0.000     0.000 r  sys_clk_p (IN)
                         net (fo=0)                   0.000     0.000    i_bufds_sys_clk/I
    HPIOBDIFFINBUF_X1Y300
                         DIFFINBUF (Prop_DIFFINBUF_HPIOBDIFFINBUF_DIFF_IN_P_O)
                                                      0.675     0.675 r  i_bufds_sys_clk/DIFFINBUF_INST/O
                         net (fo=1, routed)           0.050     0.725    i_bufds_sys_clk/OUT
    E12                  IBUFCTRL (Prop_IBUFCTRL_HPIOB_M_I_O)
                                                      0.000     0.725 r  i_bufds_sys_clk/IBUFCTRL_INST/O
                         net (fo=1, routed)           0.335     1.060    sys_clk
    BUFGCE_X1Y289        BUFGCE (Prop_BUFCE_BUFGCE_I_O)
                                                      0.028     1.088 r  sys_clk_BUFGCE_inst/O
                         net (fo=19, routed)          0.991     2.079    i_clkwiz/inst/clk_in1
    MMCM_X1Y11           MMCME4_ADV (Prop_MMCM_CLKIN1_CLKOUT0)
                                                     -0.127     1.952 r  i_clkwiz/inst/mmcme4_adv_inst/CLKOUT0
                         net (fo=1, routed)           0.244     2.196    i_clkwiz/inst/clk_50_clkwiz
    BUFGCE_X1Y266        BUFGCE (Prop_BUFCE_BUFGCE_I_O)
                                                      0.028     2.224 r  i_clkwiz/inst/clkout1_buf/O
    X2Y7 (CLOCK_ROOT)    net (fo=199658, routed)      3.812     6.036    i_cheshire_soc/i_reg_atomics_cut/i_reg_r/spill_register_flushable_i/clk_i
    SLICE_X18Y626        FDCE                                         r  i_cheshire_soc/i_reg_atomics_cut/i_reg_r/spill_register_flushable_i/gen_spill_reg.b_data_q_reg[data][29]/C
                         clock pessimism              0.099     6.134    
    SLICE_X18Y626        FDCE (Hold_HFF2_SLICEL_C_D)
                                                      0.062     6.196    i_cheshire_soc/i_reg_atomics_cut/i_reg_r/spill_register_flushable_i/gen_spill_reg.b_data_q_reg[data][29]
  -------------------------------------------------------------------
                         required time                         -6.196    
                         arrival time                           6.206    
  -------------------------------------------------------------------
                         slack                                  0.010    





Pulse Width Checks
--------------------------------------------------------------------------------------
Clock Name:         clk_50_clkwiz
Waveform(ns):       { 0.000 10.000 }
Period(ns):         20.000
Sources:            { i_clkwiz/inst/mmcme4_adv_inst/CLKOUT0 }

Check Type        Corner  Lib Pin      Reference Pin  Required(ns)  Actual(ns)  Slack(ns)  Location        Pin
Min Period        n/a     URAM288/CLK  n/a            2.000         20.000      18.000     URAM288_X0Y196  i_cheshire_soc/gen_llc.i_llc/i_axi_llc_top_raw/i_llc_ways/gen_data_ways[0].i_data_way/i_data_sram/gen_1_ports.i_xpm_memory_spram/xpm_memory_base_inst/gen_wr_a.gen_byte_narrow.for_mem_cols[1].mem_reg_uram_0/CLK
Low Pulse Width   Slow    URAM288/CLK  n/a            0.700         10.000      9.300      URAM288_X0Y197  i_cheshire_soc/gen_llc.i_llc/i_axi_llc_top_raw/i_llc_ways/gen_data_ways[5].i_data_way/i_data_sram/gen_1_ports.i_xpm_memory_spram/xpm_memory_base_inst/gen_wr_a.gen_byte_narrow.for_mem_cols[1].mem_reg_uram_0/CLK
High Pulse Width  Slow    URAM288/CLK  n/a            0.700         10.000      9.300      URAM288_X0Y199  i_cheshire_soc/gen_llc.i_llc/i_axi_llc_top_raw/i_llc_ways/gen_data_ways[1].i_data_way/i_data_sram/gen_1_ports.i_xpm_memory_spram/xpm_memory_base_inst/gen_wr_a.gen_byte_narrow.for_mem_cols[1].mem_reg_uram_0/CLK



---------------------------------------------------------------------------------------------------
From Clock:  mmcm_clkout0
  To Clock:  mmcm_clkout0

Setup :            0  Failing Endpoints,  Worst Slack        0.023ns,  Total Violation        0.000ns
Hold  :            0  Failing Endpoints,  Worst Slack        0.012ns,  Total Violation        0.000ns
PW    :            0  Failing Endpoints,  Worst Slack        0.905ns,  Total Violation        0.000ns
---------------------------------------------------------------------------------------------------


Max Delay Paths
--------------------------------------------------------------------------------------
Slack (MET) :             0.023ns  (required time - arrival time)
  Source:                 i_dram_wrapper/i_dram/inst/u_ddr4_mem_intfc/u_ddr_cal_top/u_ddr_cal/u_ddr_cal_addr_decode/u_ddr_cal_cplx/u_ddr_cal_cplx_data/rd_addr_101_reg_rep/CLKARDCLK
                            (rising edge-triggered cell RAMB18E2 clocked by mmcm_clkout0  {rise@0.000ns fall@1.667ns period=3.333ns})
  Destination:            i_dram_wrapper/i_dram/inst/u_ddr4_mem_intfc/u_ddr_cal_top/u_ddr_cal/u_ddr_cal_addr_decode/u_ddr_cal_cplx/cplx_DQOut_reg[310]/D
                            (rising edge-triggered cell FDRE clocked by mmcm_clkout0  {rise@0.000ns fall@1.667ns period=3.333ns})
  Path Group:             mmcm_clkout0
  Path Type:              Setup (Max at Slow Process Corner)
  Requirement:            3.333ns  (mmcm_clkout0 rise@3.333ns - mmcm_clkout0 rise@0.000ns)
  Data Path Delay:        3.078ns  (logic 0.343ns (11.144%)  route 2.735ns (88.856%))
  Logic Levels:           1  (LUT4=1)
  Clock Path Skew:        -0.205ns (DCD - SCD + CPR)
    Destination Clock Delay (DCD):    4.518ns = ( 7.852 - 3.333 ) 
    Source Clock Delay      (SCD):    4.346ns
    Clock Pessimism Removal (CPR):    -0.378ns
  Clock Uncertainty:      0.052ns  ((TSJ^2 + DJ^2)^1/2) / 2 + PE
    Total System Jitter     (TSJ):    0.071ns
    Discrete Jitter          (DJ):    0.076ns
    Phase Error              (PE):    0.000ns
  Clock Net Delay (Source):      2.212ns (routing 0.854ns, distribution 1.358ns)
  Clock Net Delay (Destination): 1.930ns (routing 0.777ns, distribution 1.153ns)

    Location             Delay type                Incr(ns)  Path(ns)    Netlist Resource(s)
  -------------------------------------------------------------------    -------------------
                         (clock mmcm_clkout0 rise edge)
                                                      0.000     0.000 r  
    E12                                               0.000     0.000 r  sys_clk_p (IN)
                         net (fo=0)                   0.000     0.000    i_bufds_sys_clk/I
    HPIOBDIFFINBUF_X1Y300
                         DIFFINBUF (Prop_DIFFINBUF_HPIOBDIFFINBUF_DIFF_IN_P_O)
                                                      0.675     0.675 r  i_bufds_sys_clk/DIFFINBUF_INST/O
                         net (fo=1, routed)           0.050     0.725    i_bufds_sys_clk/OUT
    E12                  IBUFCTRL (Prop_IBUFCTRL_HPIOB_M_I_O)
                                                      0.000     0.725 r  i_bufds_sys_clk/IBUFCTRL_INST/O
                         net (fo=1, routed)           0.335     1.060    sys_clk
    BUFGCE_X1Y289        BUFGCE (Prop_BUFCE_BUFGCE_I_O)
                                                      0.028     1.088 r  sys_clk_BUFGCE_inst/O
                         net (fo=19, routed)          0.901     1.989    i_dram_wrapper/i_dram/inst/u_ddr4_infrastructure/mmcm_clk_in
    MMCM_X1Y13           MMCME4_ADV (Prop_MMCM_CLKIN1_CLKOUT0)
                                                     -0.127     1.862 r  i_dram_wrapper/i_dram/inst/u_ddr4_infrastructure/gen_mmcme4.u_mmcme_adv_inst/CLKOUT0
                         net (fo=1, routed)           0.244     2.106    i_dram_wrapper/i_dram/inst/u_ddr4_infrastructure/mmcm_clkout0
    BUFGCE_X1Y332        BUFGCE (Prop_BUFCE_BUFGCE_I_O)
                                                      0.028     2.134 r  i_dram_wrapper/i_dram/inst/u_ddr4_infrastructure/u_bufg_divClk/O
    X4Y12 (CLOCK_ROOT)   net (fo=36893, routed)       2.212     4.346    i_dram_wrapper/i_dram/inst/u_ddr4_mem_intfc/u_ddr_cal_top/u_ddr_cal/u_ddr_cal_addr_decode/u_ddr_cal_cplx/u_ddr_cal_cplx_data/rd_addr_101_reg_rep_1
    RAMB18_X8Y306        RAMB18E2                                     r  i_dram_wrapper/i_dram/inst/u_ddr4_mem_intfc/u_ddr_cal_top/u_ddr_cal/u_ddr_cal_addr_decode/u_ddr_cal_cplx/u_ddr_cal_cplx_data/rd_addr_101_reg_rep/CLKARDCLK
  -------------------------------------------------------------------    -------------------
    RAMB18_X8Y306        RAMB18E2 (Prop_RAMB18E2_L_RAMB180_CLKARDCLK_DOUTADOUT[1])
                                                      0.220     4.566 r  i_dram_wrapper/i_dram/inst/u_ddr4_mem_intfc/u_ddr_cal_top/u_ddr_cal/u_ddr_cal_addr_decode/u_ddr_cal_cplx/u_ddr_cal_cplx_data/rd_addr_101_reg_rep/DOUTADOUT[1]
                         net (fo=75, routed)          2.676     7.242    i_dram_wrapper/i_dram/inst/u_ddr4_mem_intfc/u_ddr_cal_top/u_ddr_cal/u_ddr_cal_addr_decode/u_ddr_cal_cplx/u_ddr_cal_cplx_data/p_2_in23_in
    SLICE_X121Y886       LUT4 (Prop_G6LUT_SLICEM_I2_O)
                                                      0.123     7.365 r  i_dram_wrapper/i_dram/inst/u_ddr4_mem_intfc/u_ddr_cal_top/u_ddr_cal/u_ddr_cal_addr_decode/u_ddr_cal_cplx/u_ddr_cal_cplx_data/cplx_DQOut[310]_i_1/O
                         net (fo=1, routed)           0.059     7.424    i_dram_wrapper/i_dram/inst/u_ddr4_mem_intfc/u_ddr_cal_top/u_ddr_cal/u_ddr_cal_addr_decode/u_ddr_cal_cplx/u_ddr_cal_cplx_data_n_202
    SLICE_X121Y886       FDRE                                         r  i_dram_wrapper/i_dram/inst/u_ddr4_mem_intfc/u_ddr_cal_top/u_ddr_cal/u_ddr_cal_addr_decode/u_ddr_cal_cplx/cplx_DQOut_reg[310]/D
  -------------------------------------------------------------------    -------------------

                         (clock mmcm_clkout0 rise edge)
                                                      3.333     3.333 r  
    E12                                               0.000     3.333 r  sys_clk_p (IN)
                         net (fo=0)                   0.000     3.333    i_bufds_sys_clk/I
    HPIOBDIFFINBUF_X1Y300
                         DIFFINBUF (Prop_DIFFINBUF_HPIOBDIFFINBUF_DIFF_IN_P_O)
                                                      0.564     3.898 r  i_bufds_sys_clk/DIFFINBUF_INST/O
                         net (fo=1, routed)           0.040     3.938    i_bufds_sys_clk/OUT
    E12                  IBUFCTRL (Prop_IBUFCTRL_HPIOB_M_I_O)
                                                      0.000     3.938 r  i_bufds_sys_clk/IBUFCTRL_INST/O
                         net (fo=1, routed)           0.297     4.235    sys_clk
    BUFGCE_X1Y289        BUFGCE (Prop_BUFCE_BUFGCE_I_O)
                                                      0.024     4.259 r  sys_clk_BUFGCE_inst/O
                         net (fo=19, routed)          0.795     5.054    i_dram_wrapper/i_dram/inst/u_ddr4_infrastructure/mmcm_clk_in
    MMCM_X1Y13           MMCME4_ADV (Prop_MMCM_CLKIN1_CLKOUT0)
                                                      0.630     5.684 r  i_dram_wrapper/i_dram/inst/u_ddr4_infrastructure/gen_mmcme4.u_mmcme_adv_inst/CLKOUT0
                         net (fo=1, routed)           0.214     5.898    i_dram_wrapper/i_dram/inst/u_ddr4_infrastructure/mmcm_clkout0
    BUFGCE_X1Y332        BUFGCE (Prop_BUFCE_BUFGCE_I_O)
                                                      0.024     5.922 r  i_dram_wrapper/i_dram/inst/u_ddr4_infrastructure/u_bufg_divClk/O
    X4Y12 (CLOCK_ROOT)   net (fo=36893, routed)       1.930     7.852    i_dram_wrapper/i_dram/inst/u_ddr4_mem_intfc/u_ddr_cal_top/u_ddr_cal/u_ddr_cal_addr_decode/u_ddr_cal_cplx/rd_addr_101_reg_rep
    SLICE_X121Y886       FDRE                                         r  i_dram_wrapper/i_dram/inst/u_ddr4_mem_intfc/u_ddr_cal_top/u_ddr_cal/u_ddr_cal_addr_decode/u_ddr_cal_cplx/cplx_DQOut_reg[310]/C
                         clock pessimism             -0.378     7.474    
                         clock uncertainty           -0.052     7.422    
    SLICE_X121Y886       FDRE (Setup_GFF_SLICEM_C_D)
                                                      0.025     7.447    i_dram_wrapper/i_dram/inst/u_ddr4_mem_intfc/u_ddr_cal_top/u_ddr_cal/u_ddr_cal_addr_decode/u_ddr_cal_cplx/cplx_DQOut_reg[310]
  -------------------------------------------------------------------
                         required time                          7.447    
                         arrival time                          -7.424    
  -------------------------------------------------------------------
                         slack                                  0.023    





Min Delay Paths
--------------------------------------------------------------------------------------
Slack (MET) :             0.012ns  (arrival time - required time)
  Source:                 i_dram_wrapper/i_dram/inst/u_ddr4_mem_intfc/u_ddr_cal_top/u_ddr_cal/u_ddr_cal_addr_decode/uppCL0_reg[43]/C
                            (rising edge-triggered cell FDRE clocked by mmcm_clkout0  {rise@0.000ns fall@1.667ns period=3.333ns})
  Destination:            i_dram_wrapper/i_dram/inst/u_ddr4_mem_intfc/u_ddr_cal_top/u_ddr_cal/uppCL0_reg[43]/D
                            (rising edge-triggered cell FDSE clocked by mmcm_clkout0  {rise@0.000ns fall@1.667ns period=3.333ns})
  Path Group:             mmcm_clkout0
  Path Type:              Hold (Min at Slow Process Corner)
  Requirement:            0.000ns  (mmcm_clkout0 rise@0.000ns - mmcm_clkout0 rise@0.000ns)
  Data Path Delay:        0.249ns  (logic 0.058ns (23.293%)  route 0.191ns (76.707%))
  Logic Levels:           0  
  Clock Path Skew:        0.177ns (DCD - SCD - CPR)
    Destination Clock Delay (DCD):    4.265ns
    Source Clock Delay      (SCD):    4.457ns
    Clock Pessimism Removal (CPR):    -0.370ns
  Clock Net Delay (Source):      1.869ns (routing 0.777ns, distribution 1.092ns)
  Clock Net Delay (Destination): 2.131ns (routing 0.854ns, distribution 1.277ns)

    Location             Delay type                Incr(ns)  Path(ns)    Netlist Resource(s)
  -------------------------------------------------------------------    -------------------
                         (clock mmcm_clkout0 rise edge)
                                                      0.000     0.000 r  
    E12                                               0.000     0.000 r  sys_clk_p (IN)
                         net (fo=0)                   0.000     0.000    i_bufds_sys_clk/I
    HPIOBDIFFINBUF_X1Y300
                         DIFFINBUF (Prop_DIFFINBUF_HPIOBDIFFINBUF_DIFF_IN_P_O)
                                                      0.564     0.564 r  i_bufds_sys_clk/DIFFINBUF_INST/O
                         net (fo=1, routed)           0.040     0.604    i_bufds_sys_clk/OUT
    E12                  IBUFCTRL (Prop_IBUFCTRL_HPIOB_M_I_O)
                                                      0.000     0.604 r  i_bufds_sys_clk/IBUFCTRL_INST/O
                         net (fo=1, routed)           0.297     0.901    sys_clk
    BUFGCE_X1Y289        BUFGCE (Prop_BUFCE_BUFGCE_I_O)
                                                      0.024     0.925 r  sys_clk_BUFGCE_inst/O
                         net (fo=19, routed)          0.795     1.720    i_dram_wrapper/i_dram/inst/u_ddr4_infrastructure/mmcm_clk_in
    MMCM_X1Y13           MMCME4_ADV (Prop_MMCM_CLKIN1_CLKOUT0)
                                                      0.630     2.350 r  i_dram_wrapper/i_dram/inst/u_ddr4_infrastructure/gen_mmcme4.u_mmcme_adv_inst/CLKOUT0
                         net (fo=1, routed)           0.214     2.564    i_dram_wrapper/i_dram/inst/u_ddr4_infrastructure/mmcm_clkout0
    BUFGCE_X1Y332        BUFGCE (Prop_BUFCE_BUFGCE_I_O)
                                                      0.024     2.588 r  i_dram_wrapper/i_dram/inst/u_ddr4_infrastructure/u_bufg_divClk/O
    X4Y12 (CLOCK_ROOT)   net (fo=36893, routed)       1.869     4.457    i_dram_wrapper/i_dram/inst/u_ddr4_mem_intfc/u_ddr_cal_top/u_ddr_cal/u_ddr_cal_addr_decode/odt_shift_reg[0][20]
    SLICE_X138Y834       FDRE                                         r  i_dram_wrapper/i_dram/inst/u_ddr4_mem_intfc/u_ddr_cal_top/u_ddr_cal/u_ddr_cal_addr_decode/uppCL0_reg[43]/C
  -------------------------------------------------------------------    -------------------
    SLICE_X138Y834       FDRE (Prop_DFF_SLICEM_C_Q)
                                                      0.058     4.515 r  i_dram_wrapper/i_dram/inst/u_ddr4_mem_intfc/u_ddr_cal_top/u_ddr_cal/u_ddr_cal_addr_decode/uppCL0_reg[43]/Q
                         net (fo=2, routed)           0.191     4.706    i_dram_wrapper/i_dram/inst/u_ddr4_mem_intfc/u_ddr_cal_top/u_ddr_cal/ub_uppCL0[43]
    SLICE_X139Y849       FDSE                                         r  i_dram_wrapper/i_dram/inst/u_ddr4_mem_intfc/u_ddr_cal_top/u_ddr_cal/uppCL0_reg[43]/D
  -------------------------------------------------------------------    -------------------

                         (clock mmcm_clkout0 rise edge)
                                                      0.000     0.000 r  
    E12                                               0.000     0.000 r  sys_clk_p (IN)
                         net (fo=0)                   0.000     0.000    i_bufds_sys_clk/I
    HPIOBDIFFINBUF_X1Y300
                         DIFFINBUF (Prop_DIFFINBUF_HPIOBDIFFINBUF_DIFF_IN_P_O)
                                                      0.675     0.675 r  i_bufds_sys_clk/DIFFINBUF_INST/O
                         net (fo=1, routed)           0.050     0.725    i_bufds_sys_clk/OUT
    E12                  IBUFCTRL (Prop_IBUFCTRL_HPIOB_M_I_O)
                                                      0.000     0.725 r  i_bufds_sys_clk/IBUFCTRL_INST/O
                         net (fo=1, routed)           0.335     1.060    sys_clk
    BUFGCE_X1Y289        BUFGCE (Prop_BUFCE_BUFGCE_I_O)
                                                      0.028     1.088 r  sys_clk_BUFGCE_inst/O
                         net (fo=19, routed)          0.901     1.989    i_dram_wrapper/i_dram/inst/u_ddr4_infrastructure/mmcm_clk_in
    MMCM_X1Y13           MMCME4_ADV (Prop_MMCM_CLKIN1_CLKOUT0)
                                                     -0.127     1.862 r  i_dram_wrapper/i_dram/inst/u_ddr4_infrastructure/gen_mmcme4.u_mmcme_adv_inst/CLKOUT0
                         net (fo=1, routed)           0.244     2.106    i_dram_wrapper/i_dram/inst/u_ddr4_infrastructure/mmcm_clkout0
    BUFGCE_X1Y332        BUFGCE (Prop_BUFCE_BUFGCE_I_O)
                                                      0.028     2.134 r  i_dram_wrapper/i_dram/inst/u_ddr4_infrastructure/u_bufg_divClk/O
    X4Y12 (CLOCK_ROOT)   net (fo=36893, routed)       2.131     4.265    i_dram_wrapper/i_dram/inst/u_ddr4_mem_intfc/u_ddr_cal_top/u_ddr_cal/SYNC[0].sync_reg_reg[0]
    SLICE_X139Y849       FDSE                                         r  i_dram_wrapper/i_dram/inst/u_ddr4_mem_intfc/u_ddr_cal_top/u_ddr_cal/uppCL0_reg[43]/C
                         clock pessimism              0.370     4.634    
    SLICE_X139Y849       FDSE (Hold_EFF_SLICEL_C_D)
                                                      0.060     4.694    i_dram_wrapper/i_dram/inst/u_ddr4_mem_intfc/u_ddr_cal_top/u_ddr_cal/uppCL0_reg[43]
  -------------------------------------------------------------------
                         required time                         -4.694    
                         arrival time                           4.706    
  -------------------------------------------------------------------
                         slack                                  0.012    





Pulse Width Checks
--------------------------------------------------------------------------------------
Clock Name:         mmcm_clkout0
Waveform(ns):       { 0.000 1.667 }
Period(ns):         3.333
Sources:            { i_dram_wrapper/i_dram/inst/u_ddr4_infrastructure/gen_mmcme4.u_mmcme_adv_inst/CLKOUT0 }

Check Type        Corner  Lib Pin                    Reference Pin  Required(ns)  Actual(ns)  Slack(ns)  Location               Pin
Min Period        n/a     RXTX_BITSLICE/FIFO_RD_CLK  n/a            1.694         3.333       1.639      BITSLICE_RX_TX_X1Y624  i_dram_wrapper/i_dram/inst/u_ddr4_mem_intfc/u_mig_ddr4_phy/inst/generate_block1.u_ddr_xiphy/byte_num[0].xiphy_byte_wrapper.u_xiphy_byte_wrapper/I_BITSLICE_LOWER[0].GEN_RXTX_BITSLICE_EN.u_xiphy_bitslice_lower/xiphy_rxtx_bitslice/FIFO_RD_CLK
Max Period        n/a     PLLE4_ADV/CLKIN            n/a            14.286        3.333       10.953     PLL_X1Y24              i_dram_wrapper/i_dram/inst/u_ddr4_mem_intfc/u_mig_ddr4_phy/inst/u_ddr4_phy_pll/plle_loop[0].gen_plle4.PLLE4_BASE_INST_OTHER/CLKIN
Low Pulse Width   Slow    RXTX_BITSLICE/FIFO_RD_CLK  n/a            0.762         1.667       0.905      BITSLICE_RX_TX_X1Y626  i_dram_wrapper/i_dram/inst/u_ddr4_mem_intfc/u_mig_ddr4_phy/inst/generate_block1.u_ddr_xiphy/byte_num[0].xiphy_byte_wrapper.u_xiphy_byte_wrapper/I_BITSLICE_LOWER[2].GEN_RXTX_BITSLICE_EN.u_xiphy_bitslice_lower/xiphy_rxtx_bitslice/FIFO_RD_CLK
High Pulse Width  Fast    RXTX_BITSLICE/FIFO_RD_CLK  n/a            0.762         1.667       0.905      BITSLICE_RX_TX_X1Y624  i_dram_wrapper/i_dram/inst/u_ddr4_mem_intfc/u_mig_ddr4_phy/inst/generate_block1.u_ddr_xiphy/byte_num[0].xiphy_byte_wrapper.u_xiphy_byte_wrapper/I_BITSLICE_LOWER[0].GEN_RXTX_BITSLICE_EN.u_xiphy_bitslice_lower/xiphy_rxtx_bitslice/FIFO_RD_CLK



---------------------------------------------------------------------------------------------------
From Clock:  pll_clk[0]
  To Clock:  pll_clk[0]

Setup :           NA  Failing Endpoints,  Worst Slack           NA  ,  Total Violation           NA
Hold  :           NA  Failing Endpoints,  Worst Slack           NA  ,  Total Violation           NA
PW    :            0  Failing Endpoints,  Worst Slack        0.039ns,  Total Violation        0.000ns
---------------------------------------------------------------------------------------------------


Pulse Width Checks
--------------------------------------------------------------------------------------
Clock Name:         pll_clk[0]
Waveform(ns):       { 0.000 0.208 }
Period(ns):         0.417
Sources:            { i_dram_wrapper/i_dram/inst/u_ddr4_mem_intfc/u_mig_ddr4_phy/inst/u_ddr4_phy_pll/plle_loop[0].gen_plle4.PLLE4_BASE_INST_OTHER/CLKOUTPHY }

Check Type        Corner  Lib Pin                   Reference Pin             Required(ns)  Actual(ns)  Slack(ns)  Location                 Pin
Min Period        n/a     BITSLICE_CONTROL/PLL_CLK  n/a                       0.375         0.417       0.042      BITSLICE_CONTROL_X1Y96   i_dram_wrapper/i_dram/inst/u_ddr4_mem_intfc/u_mig_ddr4_phy/inst/generate_block1.u_ddr_xiphy/byte_num[0].xiphy_byte_wrapper.u_xiphy_byte_wrapper/I_CONTROL[0].GEN_I_CONTROL.u_xiphy_control/xiphy_control/PLL_CLK
Low Pulse Width   Fast    BITSLICE_CONTROL/PLL_CLK  n/a                       0.169         0.208       0.039      BITSLICE_CONTROL_X1Y100  i_dram_wrapper/i_dram/inst/u_ddr4_mem_intfc/u_mig_ddr4_phy/inst/generate_block1.u_ddr_xiphy/byte_num[2].xiphy_byte_wrapper.u_xiphy_byte_wrapper/I_CONTROL[0].GEN_I_CONTROL.u_xiphy_control/xiphy_control/PLL_CLK
High Pulse Width  Slow    BITSLICE_CONTROL/PLL_CLK  n/a                       0.169         0.208       0.039      BITSLICE_CONTROL_X1Y96   i_dram_wrapper/i_dram/inst/u_ddr4_mem_intfc/u_mig_ddr4_phy/inst/generate_block1.u_ddr_xiphy/byte_num[0].xiphy_byte_wrapper.u_xiphy_byte_wrapper/I_CONTROL[0].GEN_I_CONTROL.u_xiphy_control/xiphy_control/PLL_CLK
Max Skew          Fast    BITSLICE_CONTROL/PLL_CLK  BITSLICE_CONTROL/RIU_CLK  -0.300        -1.376      1.076      BITSLICE_CONTROL_X1Y96   i_dram_wrapper/i_dram/inst/u_ddr4_mem_intfc/u_mig_ddr4_phy/inst/generate_block1.u_ddr_xiphy/byte_num[0].xiphy_byte_wrapper.u_xiphy_byte_wrapper/I_CONTROL[0].GEN_I_CONTROL.u_xiphy_control/xiphy_control/PLL_CLK



---------------------------------------------------------------------------------------------------
From Clock:  pll_clk[0]_DIV
  To Clock:  pll_clk[0]_DIV

Setup :           NA  Failing Endpoints,  Worst Slack           NA  ,  Total Violation           NA
Hold  :           NA  Failing Endpoints,  Worst Slack           NA  ,  Total Violation           NA
PW    :            0  Failing Endpoints,  Worst Slack        0.467ns,  Total Violation        0.000ns
---------------------------------------------------------------------------------------------------


Pulse Width Checks
--------------------------------------------------------------------------------------
Clock Name:         pll_clk[0]_DIV
Waveform(ns):       { 0.000 1.667 }
Period(ns):         3.333
Sources:            { i_dram_wrapper/i_dram/inst/u_ddr4_mem_intfc/u_mig_ddr4_phy/inst/generate_block1.u_ddr_xiphy/byte_num[0].xiphy_byte_wrapper.u_xiphy_byte_wrapper/I_CONTROL[0].GEN_I_CONTROL.u_xiphy_control/xiphy_control/RX_DIV4_CLK_Q i_dram_wrapper/i_dram/inst/u_ddr4_mem_intfc/u_mig_ddr4_phy/inst/generate_block1.u_ddr_xiphy/byte_num[0].xiphy_byte_wrapper.u_xiphy_byte_wrapper/I_CONTROL[0].GEN_I_CONTROL.u_xiphy_control/xiphy_control/TX_DIV4_CLK_Q i_dram_wrapper/i_dram/inst/u_ddr4_mem_intfc/u_mig_ddr4_phy/inst/generate_block1.u_ddr_xiphy/byte_num[0].xiphy_byte_wrapper.u_xiphy_byte_wrapper/I_CONTROL[1].GEN_I_CONTROL.u_xiphy_control/xiphy_control/RX_DIV4_CLK_Q i_dram_wrapper/i_dram/inst/u_ddr4_mem_intfc/u_mig_ddr4_phy/inst/generate_block1.u_ddr_xiphy/byte_num[0].xiphy_byte_wrapper.u_xiphy_byte_wrapper/I_CONTROL[1].GEN_I_CONTROL.u_xiphy_control/xiphy_control/TX_DIV4_CLK_Q i_dram_wrapper/i_dram/inst/u_ddr4_mem_intfc/u_mig_ddr4_phy/inst/generate_block1.u_ddr_xiphy/byte_num[1].xiphy_byte_wrapper.u_xiphy_byte_wrapper/I_CONTROL[0].GEN_I_CONTROL.u_xiphy_control/xiphy_control/RX_DIV4_CLK_Q i_dram_wrapper/i_dram/inst/u_ddr4_mem_intfc/u_mig_ddr4_phy/inst/generate_block1.u_ddr_xiphy/byte_num[1].xiphy_byte_wrapper.u_xiphy_byte_wrapper/I_CONTROL[0].GEN_I_CONTROL.u_xiphy_control/xiphy_control/TX_DIV4_CLK_Q i_dram_wrapper/i_dram/inst/u_ddr4_mem_intfc/u_mig_ddr4_phy/inst/generate_block1.u_ddr_xiphy/byte_num[1].xiphy_byte_wrapper.u_xiphy_byte_wrapper/I_CONTROL[1].GEN_I_CONTROL.u_xiphy_control/xiphy_control/RX_DIV4_CLK_Q i_dram_wrapper/i_dram/inst/u_ddr4_mem_intfc/u_mig_ddr4_phy/inst/generate_block1.u_ddr_xiphy/byte_num[1].xiphy_byte_wrapper.u_xiphy_byte_wrapper/I_CONTROL[1].GEN_I_CONTROL.u_xiphy_control/xiphy_control/TX_DIV4_CLK_Q i_dram_wrapper/i_dram/inst/u_ddr4_mem_intfc/u_mig_ddr4_phy/inst/generate_block1.u_ddr_xiphy/byte_num[2].xiphy_byte_wrapper.u_xiphy_byte_wrapper/I_CONTROL[0].GEN_I_CONTROL.u_xiphy_control/xiphy_control/RX_DIV4_CLK_Q i_dram_wrapper/i_dram/inst/u_ddr4_mem_intfc/u_mig_ddr4_phy/inst/generate_block1.u_ddr_xiphy/byte_num[2].xiphy_byte_wrapper.u_xiphy_byte_wrapper/I_CONTROL[0].GEN_I_CONTROL.u_xiphy_control/xiphy_control/TX_DIV4_CLK_Q i_dram_wrapper/i_dram/inst/u_ddr4_mem_intfc/u_mig_ddr4_phy/inst/generate_block1.u_ddr_xiphy/byte_num[2].xiphy_byte_wrapper.u_xiphy_byte_wrapper/I_CONTROL[1].GEN_I_CONTROL.u_xiphy_control/xiphy_control/RX_DIV4_CLK_Q i_dram_wrapper/i_dram/inst/u_ddr4_mem_intfc/u_mig_ddr4_phy/inst/generate_block1.u_ddr_xiphy/byte_num[2].xiphy_byte_wrapper.u_xiphy_byte_wrapper/I_CONTROL[1].GEN_I_CONTROL.u_xiphy_control/xiphy_control/TX_DIV4_CLK_Q i_dram_wrapper/i_dram/inst/u_ddr4_mem_intfc/u_mig_ddr4_phy/inst/generate_block1.u_ddr_xiphy/byte_num[3].xiphy_byte_wrapper.u_xiphy_byte_wrapper/I_CONTROL[0].GEN_I_CONTROL.u_xiphy_control/xiphy_control/RX_DIV4_CLK_Q i_dram_wrapper/i_dram/inst/u_ddr4_mem_intfc/u_mig_ddr4_phy/inst/generate_block1.u_ddr_xiphy/byte_num[3].xiphy_byte_wrapper.u_xiphy_byte_wrapper/I_CONTROL[0].GEN_I_CONTROL.u_xiphy_control/xiphy_control/TX_DIV4_CLK_Q i_dram_wrapper/i_dram/inst/u_ddr4_mem_intfc/u_mig_ddr4_phy/inst/generate_block1.u_ddr_xiphy/byte_num[3].xiphy_byte_wrapper.u_xiphy_byte_wrapper/I_CONTROL[1].GEN_I_CONTROL.u_xiphy_control/xiphy_control/RX_DIV4_CLK_Q i_dram_wrapper/i_dram/inst/u_ddr4_mem_intfc/u_mig_ddr4_phy/inst/generate_block1.u_ddr_xiphy/byte_num[3].xiphy_byte_wrapper.u_xiphy_byte_wrapper/I_CONTROL[1].GEN_I_CONTROL.u_xiphy_control/xiphy_control/TX_DIV4_CLK_Q }

Check Type        Corner  Lib Pin                           Reference Pin  Required(ns)  Actual(ns)  Slack(ns)  Location               Pin
Min Period        n/a     RXTX_BITSLICE/TX_BIT_CTRL_IN[26]  n/a            2.667         3.333       0.666      BITSLICE_RX_TX_X1Y624  i_dram_wrapper/i_dram/inst/u_ddr4_mem_intfc/u_mig_ddr4_phy/inst/generate_block1.u_ddr_xiphy/byte_num[0].xiphy_byte_wrapper.u_xiphy_byte_wrapper/I_BITSLICE_LOWER[0].GEN_RXTX_BITSLICE_EN.u_xiphy_bitslice_lower/xiphy_rxtx_bitslice/TX_BIT_CTRL_IN[26]
Low Pulse Width   Fast    RXTX_BITSLICE/TX_BIT_CTRL_IN[26]  n/a            1.200         1.667       0.467      BITSLICE_RX_TX_X1Y652  i_dram_wrapper/i_dram/inst/u_ddr4_mem_intfc/u_mig_ddr4_phy/inst/generate_block1.u_ddr_xiphy/byte_num[2].xiphy_byte_wrapper.u_xiphy_byte_wrapper/I_BITSLICE_LOWER[2].GEN_RXTX_BITSLICE_EN.u_xiphy_bitslice_lower/xiphy_rxtx_bitslice/TX_BIT_CTRL_IN[26]
High Pulse Width  Slow    RXTX_BITSLICE/TX_BIT_CTRL_IN[26]  n/a            1.200         1.667       0.467      BITSLICE_RX_TX_X1Y632  i_dram_wrapper/i_dram/inst/u_ddr4_mem_intfc/u_mig_ddr4_phy/inst/generate_block1.u_ddr_xiphy/byte_num[0].xiphy_byte_wrapper.u_xiphy_byte_wrapper/I_BITSLICE_UPPER[2].GEN_RXTX_BITSLICE_EN.u_xiphy_bitslice_upper/xiphy_rxtx_bitslice/TX_BIT_CTRL_IN[26]



---------------------------------------------------------------------------------------------------
From Clock:  pll_clk[1]
  To Clock:  pll_clk[1]

Setup :           NA  Failing Endpoints,  Worst Slack           NA  ,  Total Violation           NA
Hold  :           NA  Failing Endpoints,  Worst Slack           NA  ,  Total Violation           NA
PW    :            0  Failing Endpoints,  Worst Slack        0.039ns,  Total Violation        0.000ns
---------------------------------------------------------------------------------------------------


Pulse Width Checks
--------------------------------------------------------------------------------------
Clock Name:         pll_clk[1]
Waveform(ns):       { 0.000 0.208 }
Period(ns):         0.417
Sources:            { i_dram_wrapper/i_dram/inst/u_ddr4_mem_intfc/u_mig_ddr4_phy/inst/u_ddr4_phy_pll/plle_loop[1].gen_plle4.PLLE4_BASE_INST_OTHER/CLKOUTPHY }

Check Type        Corner  Lib Pin                   Reference Pin             Required(ns)  Actual(ns)  Slack(ns)  Location                 Pin
Min Period        n/a     BITSLICE_CONTROL/PLL_CLK  n/a                       0.375         0.417       0.042      BITSLICE_CONTROL_X1Y104  i_dram_wrapper/i_dram/inst/u_ddr4_mem_intfc/u_mig_ddr4_phy/inst/generate_block1.u_ddr_xiphy/byte_num[4].xiphy_byte_wrapper.u_xiphy_byte_wrapper/I_CONTROL[0].GEN_I_CONTROL.u_xiphy_control/xiphy_control/PLL_CLK
Low Pulse Width   Fast    BITSLICE_CONTROL/PLL_CLK  n/a                       0.169         0.208       0.039      BITSLICE_CONTROL_X1Y108  i_dram_wrapper/i_dram/inst/u_ddr4_mem_intfc/u_mig_ddr4_phy/inst/generate_block1.u_ddr_xiphy/byte_num[6].xiphy_byte_wrapper.u_xiphy_byte_wrapper/I_CONTROL[0].GEN_I_CONTROL.u_xiphy_control/xiphy_control/PLL_CLK
High Pulse Width  Slow    BITSLICE_CONTROL/PLL_CLK  n/a                       0.169         0.208       0.039      BITSLICE_CONTROL_X1Y104  i_dram_wrapper/i_dram/inst/u_ddr4_mem_intfc/u_mig_ddr4_phy/inst/generate_block1.u_ddr_xiphy/byte_num[4].xiphy_byte_wrapper.u_xiphy_byte_wrapper/I_CONTROL[0].GEN_I_CONTROL.u_xiphy_control/xiphy_control/PLL_CLK
Max Skew          Fast    BITSLICE_CONTROL/PLL_CLK  BITSLICE_CONTROL/RIU_CLK  -0.300        -1.365      1.065      BITSLICE_CONTROL_X1Y108  i_dram_wrapper/i_dram/inst/u_ddr4_mem_intfc/u_mig_ddr4_phy/inst/generate_block1.u_ddr_xiphy/byte_num[6].xiphy_byte_wrapper.u_xiphy_byte_wrapper/I_CONTROL[0].GEN_I_CONTROL.u_xiphy_control/xiphy_control/PLL_CLK



---------------------------------------------------------------------------------------------------
From Clock:  pll_clk[1]_DIV
  To Clock:  pll_clk[1]_DIV

Setup :           NA  Failing Endpoints,  Worst Slack           NA  ,  Total Violation           NA
Hold  :           NA  Failing Endpoints,  Worst Slack           NA  ,  Total Violation           NA
PW    :            0  Failing Endpoints,  Worst Slack        0.467ns,  Total Violation        0.000ns
---------------------------------------------------------------------------------------------------


Pulse Width Checks
--------------------------------------------------------------------------------------
Clock Name:         pll_clk[1]_DIV
Waveform(ns):       { 0.000 1.667 }
Period(ns):         3.333
Sources:            { i_dram_wrapper/i_dram/inst/u_ddr4_mem_intfc/u_mig_ddr4_phy/inst/generate_block1.u_ddr_xiphy/byte_num[4].xiphy_byte_wrapper.u_xiphy_byte_wrapper/I_CONTROL[0].GEN_I_CONTROL.u_xiphy_control/xiphy_control/RX_DIV4_CLK_Q i_dram_wrapper/i_dram/inst/u_ddr4_mem_intfc/u_mig_ddr4_phy/inst/generate_block1.u_ddr_xiphy/byte_num[4].xiphy_byte_wrapper.u_xiphy_byte_wrapper/I_CONTROL[0].GEN_I_CONTROL.u_xiphy_control/xiphy_control/TX_DIV4_CLK_Q i_dram_wrapper/i_dram/inst/u_ddr4_mem_intfc/u_mig_ddr4_phy/inst/generate_block1.u_ddr_xiphy/byte_num[4].xiphy_byte_wrapper.u_xiphy_byte_wrapper/I_CONTROL[1].GEN_I_CONTROL.u_xiphy_control/xiphy_control/RX_DIV4_CLK_Q i_dram_wrapper/i_dram/inst/u_ddr4_mem_intfc/u_mig_ddr4_phy/inst/generate_block1.u_ddr_xiphy/byte_num[4].xiphy_byte_wrapper.u_xiphy_byte_wrapper/I_CONTROL[1].GEN_I_CONTROL.u_xiphy_control/xiphy_control/TX_DIV4_CLK_Q i_dram_wrapper/i_dram/inst/u_ddr4_mem_intfc/u_mig_ddr4_phy/inst/generate_block1.u_ddr_xiphy/byte_num[5].xiphy_byte_wrapper.u_xiphy_byte_wrapper/I_CONTROL[0].GEN_I_CONTROL.u_xiphy_control/xiphy_control/RX_DIV4_CLK_Q i_dram_wrapper/i_dram/inst/u_ddr4_mem_intfc/u_mig_ddr4_phy/inst/generate_block1.u_ddr_xiphy/byte_num[5].xiphy_byte_wrapper.u_xiphy_byte_wrapper/I_CONTROL[0].GEN_I_CONTROL.u_xiphy_control/xiphy_control/TX_DIV4_CLK_Q i_dram_wrapper/i_dram/inst/u_ddr4_mem_intfc/u_mig_ddr4_phy/inst/generate_block1.u_ddr_xiphy/byte_num[5].xiphy_byte_wrapper.u_xiphy_byte_wrapper/I_CONTROL[1].GEN_I_CONTROL.u_xiphy_control/xiphy_control/RX_DIV4_CLK_Q i_dram_wrapper/i_dram/inst/u_ddr4_mem_intfc/u_mig_ddr4_phy/inst/generate_block1.u_ddr_xiphy/byte_num[5].xiphy_byte_wrapper.u_xiphy_byte_wrapper/I_CONTROL[1].GEN_I_CONTROL.u_xiphy_control/xiphy_control/TX_DIV4_CLK_Q i_dram_wrapper/i_dram/inst/u_ddr4_mem_intfc/u_mig_ddr4_phy/inst/generate_block1.u_ddr_xiphy/byte_num[6].xiphy_byte_wrapper.u_xiphy_byte_wrapper/I_CONTROL[0].GEN_I_CONTROL.u_xiphy_control/xiphy_control/RX_DIV4_CLK_Q i_dram_wrapper/i_dram/inst/u_ddr4_mem_intfc/u_mig_ddr4_phy/inst/generate_block1.u_ddr_xiphy/byte_num[6].xiphy_byte_wrapper.u_xiphy_byte_wrapper/I_CONTROL[0].GEN_I_CONTROL.u_xiphy_control/xiphy_control/TX_DIV4_CLK_Q i_dram_wrapper/i_dram/inst/u_ddr4_mem_intfc/u_mig_ddr4_phy/inst/generate_block1.u_ddr_xiphy/byte_num[6].xiphy_byte_wrapper.u_xiphy_byte_wrapper/I_CONTROL[1].GEN_I_CONTROL.u_xiphy_control/xiphy_control/RX_DIV4_CLK_Q i_dram_wrapper/i_dram/inst/u_ddr4_mem_intfc/u_mig_ddr4_phy/inst/generate_block1.u_ddr_xiphy/byte_num[6].xiphy_byte_wrapper.u_xiphy_byte_wrapper/I_CONTROL[1].GEN_I_CONTROL.u_xiphy_control/xiphy_control/TX_DIV4_CLK_Q }

Check Type        Corner  Lib Pin                           Reference Pin  Required(ns)  Actual(ns)  Slack(ns)  Location               Pin
Min Period        n/a     RXTX_BITSLICE/TX_BIT_CTRL_IN[26]  n/a            2.667         3.333       0.666      BITSLICE_RX_TX_X1Y676  i_dram_wrapper/i_dram/inst/u_ddr4_mem_intfc/u_mig_ddr4_phy/inst/generate_block1.u_ddr_xiphy/byte_num[4].xiphy_byte_wrapper.u_xiphy_byte_wrapper/I_BITSLICE_LOWER[0].GEN_RXTX_BITSLICE_EN.u_xiphy_bitslice_lower/xiphy_rxtx_bitslice/TX_BIT_CTRL_IN[26]
Low Pulse Width   Slow    RXTX_BITSLICE/TX_BIT_CTRL_IN[26]  n/a            1.200         1.667       0.467      BITSLICE_RX_TX_X1Y679  i_dram_wrapper/i_dram/inst/u_ddr4_mem_intfc/u_mig_ddr4_phy/inst/generate_block1.u_ddr_xiphy/byte_num[4].xiphy_byte_wrapper.u_xiphy_byte_wrapper/I_BITSLICE_LOWER[3].GEN_RXTX_BITSLICE_EN.u_xiphy_bitslice_lower/xiphy_rxtx_bitslice/TX_BIT_CTRL_IN[26]
High Pulse Width  Fast    RXTX_BITSLICE/TX_BIT_CTRL_IN[26]  n/a            1.200         1.667       0.467      BITSLICE_RX_TX_X1Y686  i_dram_wrapper/i_dram/inst/u_ddr4_mem_intfc/u_mig_ddr4_phy/inst/generate_block1.u_ddr_xiphy/byte_num[4].xiphy_byte_wrapper.u_xiphy_byte_wrapper/I_BITSLICE_UPPER[4].GEN_RXTX_BITSLICE_EN.u_xiphy_bitslice_upper/xiphy_rxtx_bitslice/TX_BIT_CTRL_IN[26]



---------------------------------------------------------------------------------------------------
From Clock:  pll_clk[2]
  To Clock:  pll_clk[2]

Setup :           NA  Failing Endpoints,  Worst Slack           NA  ,  Total Violation           NA
Hold  :           NA  Failing Endpoints,  Worst Slack           NA  ,  Total Violation           NA
PW    :            0  Failing Endpoints,  Worst Slack        0.039ns,  Total Violation        0.000ns
---------------------------------------------------------------------------------------------------


Pulse Width Checks
--------------------------------------------------------------------------------------
Clock Name:         pll_clk[2]
Waveform(ns):       { 0.000 0.208 }
Period(ns):         0.417
Sources:            { i_dram_wrapper/i_dram/inst/u_ddr4_mem_intfc/u_mig_ddr4_phy/inst/u_ddr4_phy_pll/plle_loop[2].gen_plle4.PLLE4_BASE_INST_OTHER/CLKOUTPHY }

Check Type        Corner  Lib Pin                   Reference Pin             Required(ns)  Actual(ns)  Slack(ns)  Location                 Pin
Min Period        n/a     BITSLICE_CONTROL/PLL_CLK  n/a                       0.375         0.417       0.042      BITSLICE_CONTROL_X1Y116  i_dram_wrapper/i_dram/inst/u_ddr4_mem_intfc/u_mig_ddr4_phy/inst/generate_block1.u_ddr_xiphy/byte_num[10].xiphy_byte_wrapper.u_xiphy_byte_wrapper/I_CONTROL[0].GEN_I_CONTROL.u_xiphy_control/xiphy_control/PLL_CLK
Low Pulse Width   Fast    BITSLICE_CONTROL/PLL_CLK  n/a                       0.169         0.208       0.039      BITSLICE_CONTROL_X1Y116  i_dram_wrapper/i_dram/inst/u_ddr4_mem_intfc/u_mig_ddr4_phy/inst/generate_block1.u_ddr_xiphy/byte_num[10].xiphy_byte_wrapper.u_xiphy_byte_wrapper/I_CONTROL[0].GEN_I_CONTROL.u_xiphy_control/xiphy_control/PLL_CLK
High Pulse Width  Slow    BITSLICE_CONTROL/PLL_CLK  n/a                       0.169         0.208       0.039      BITSLICE_CONTROL_X1Y116  i_dram_wrapper/i_dram/inst/u_ddr4_mem_intfc/u_mig_ddr4_phy/inst/generate_block1.u_ddr_xiphy/byte_num[10].xiphy_byte_wrapper.u_xiphy_byte_wrapper/I_CONTROL[0].GEN_I_CONTROL.u_xiphy_control/xiphy_control/PLL_CLK
Max Skew          Fast    BITSLICE_CONTROL/PLL_CLK  BITSLICE_CONTROL/RIU_CLK  -0.300        -1.359      1.059      BITSLICE_CONTROL_X1Y116  i_dram_wrapper/i_dram/inst/u_ddr4_mem_intfc/u_mig_ddr4_phy/inst/generate_block1.u_ddr_xiphy/byte_num[10].xiphy_byte_wrapper.u_xiphy_byte_wrapper/I_CONTROL[0].GEN_I_CONTROL.u_xiphy_control/xiphy_control/PLL_CLK



---------------------------------------------------------------------------------------------------
From Clock:  pll_clk[2]_DIV
  To Clock:  pll_clk[2]_DIV

Setup :           NA  Failing Endpoints,  Worst Slack           NA  ,  Total Violation           NA
Hold  :           NA  Failing Endpoints,  Worst Slack           NA  ,  Total Violation           NA
PW    :            0  Failing Endpoints,  Worst Slack        0.467ns,  Total Violation        0.000ns
---------------------------------------------------------------------------------------------------


Pulse Width Checks
--------------------------------------------------------------------------------------
Clock Name:         pll_clk[2]_DIV
Waveform(ns):       { 0.000 1.667 }
Period(ns):         3.333
Sources:            { i_dram_wrapper/i_dram/inst/u_ddr4_mem_intfc/u_mig_ddr4_phy/inst/generate_block1.u_ddr_xiphy/byte_num[10].xiphy_byte_wrapper.u_xiphy_byte_wrapper/I_CONTROL[0].GEN_I_CONTROL.u_xiphy_control/xiphy_control/RX_DIV4_CLK_Q i_dram_wrapper/i_dram/inst/u_ddr4_mem_intfc/u_mig_ddr4_phy/inst/generate_block1.u_ddr_xiphy/byte_num[10].xiphy_byte_wrapper.u_xiphy_byte_wrapper/I_CONTROL[0].GEN_I_CONTROL.u_xiphy_control/xiphy_control/TX_DIV4_CLK_Q i_dram_wrapper/i_dram/inst/u_ddr4_mem_intfc/u_mig_ddr4_phy/inst/generate_block1.u_ddr_xiphy/byte_num[10].xiphy_byte_wrapper.u_xiphy_byte_wrapper/I_CONTROL[1].GEN_I_CONTROL.u_xiphy_control/xiphy_control/RX_DIV4_CLK_Q i_dram_wrapper/i_dram/inst/u_ddr4_mem_intfc/u_mig_ddr4_phy/inst/generate_block1.u_ddr_xiphy/byte_num[10].xiphy_byte_wrapper.u_xiphy_byte_wrapper/I_CONTROL[1].GEN_I_CONTROL.u_xiphy_control/xiphy_control/TX_DIV4_CLK_Q i_dram_wrapper/i_dram/inst/u_ddr4_mem_intfc/u_mig_ddr4_phy/inst/generate_block1.u_ddr_xiphy/byte_num[11].xiphy_byte_wrapper.u_xiphy_byte_wrapper/I_CONTROL[0].GEN_I_CONTROL.u_xiphy_control/xiphy_control/RX_DIV4_CLK_Q i_dram_wrapper/i_dram/inst/u_ddr4_mem_intfc/u_mig_ddr4_phy/inst/generate_block1.u_ddr_xiphy/byte_num[11].xiphy_byte_wrapper.u_xiphy_byte_wrapper/I_CONTROL[0].GEN_I_CONTROL.u_xiphy_control/xiphy_control/TX_DIV4_CLK_Q i_dram_wrapper/i_dram/inst/u_ddr4_mem_intfc/u_mig_ddr4_phy/inst/generate_block1.u_ddr_xiphy/byte_num[11].xiphy_byte_wrapper.u_xiphy_byte_wrapper/I_CONTROL[1].GEN_I_CONTROL.u_xiphy_control/xiphy_control/RX_DIV4_CLK_Q i_dram_wrapper/i_dram/inst/u_ddr4_mem_intfc/u_mig_ddr4_phy/inst/generate_block1.u_ddr_xiphy/byte_num[11].xiphy_byte_wrapper.u_xiphy_byte_wrapper/I_CONTROL[1].GEN_I_CONTROL.u_xiphy_control/xiphy_control/TX_DIV4_CLK_Q i_dram_wrapper/i_dram/inst/u_ddr4_mem_intfc/u_mig_ddr4_phy/inst/generate_block1.u_ddr_xiphy/byte_num[8].xiphy_byte_wrapper.u_xiphy_byte_wrapper/I_CONTROL[0].GEN_I_CONTROL.u_xiphy_control/xiphy_control/RX_DIV4_CLK_Q i_dram_wrapper/i_dram/inst/u_ddr4_mem_intfc/u_mig_ddr4_phy/inst/generate_block1.u_ddr_xiphy/byte_num[8].xiphy_byte_wrapper.u_xiphy_byte_wrapper/I_CONTROL[0].GEN_I_CONTROL.u_xiphy_control/xiphy_control/TX_DIV4_CLK_Q i_dram_wrapper/i_dram/inst/u_ddr4_mem_intfc/u_mig_ddr4_phy/inst/generate_block1.u_ddr_xiphy/byte_num[8].xiphy_byte_wrapper.u_xiphy_byte_wrapper/I_CONTROL[1].GEN_I_CONTROL.u_xiphy_control/xiphy_control/RX_DIV4_CLK_Q i_dram_wrapper/i_dram/inst/u_ddr4_mem_intfc/u_mig_ddr4_phy/inst/generate_block1.u_ddr_xiphy/byte_num[8].xiphy_byte_wrapper.u_xiphy_byte_wrapper/I_CONTROL[1].GEN_I_CONTROL.u_xiphy_control/xiphy_control/TX_DIV4_CLK_Q i_dram_wrapper/i_dram/inst/u_ddr4_mem_intfc/u_mig_ddr4_phy/inst/generate_block1.u_ddr_xiphy/byte_num[9].xiphy_byte_wrapper.u_xiphy_byte_wrapper/I_CONTROL[0].GEN_I_CONTROL.u_xiphy_control/xiphy_control/RX_DIV4_CLK_Q i_dram_wrapper/i_dram/inst/u_ddr4_mem_intfc/u_mig_ddr4_phy/inst/generate_block1.u_ddr_xiphy/byte_num[9].xiphy_byte_wrapper.u_xiphy_byte_wrapper/I_CONTROL[0].GEN_I_CONTROL.u_xiphy_control/xiphy_control/TX_DIV4_CLK_Q i_dram_wrapper/i_dram/inst/u_ddr4_mem_intfc/u_mig_ddr4_phy/inst/generate_block1.u_ddr_xiphy/byte_num[9].xiphy_byte_wrapper.u_xiphy_byte_wrapper/I_CONTROL[1].GEN_I_CONTROL.u_xiphy_control/xiphy_control/RX_DIV4_CLK_Q i_dram_wrapper/i_dram/inst/u_ddr4_mem_intfc/u_mig_ddr4_phy/inst/generate_block1.u_ddr_xiphy/byte_num[9].xiphy_byte_wrapper.u_xiphy_byte_wrapper/I_CONTROL[1].GEN_I_CONTROL.u_xiphy_control/xiphy_control/TX_DIV4_CLK_Q }

Check Type        Corner  Lib Pin                           Reference Pin  Required(ns)  Actual(ns)  Slack(ns)  Location               Pin
Min Period        n/a     RXTX_BITSLICE/TX_BIT_CTRL_IN[26]  n/a            2.667         3.333       0.666      BITSLICE_RX_TX_X1Y754  i_dram_wrapper/i_dram/inst/u_ddr4_mem_intfc/u_mig_ddr4_phy/inst/generate_block1.u_ddr_xiphy/byte_num[10].xiphy_byte_wrapper.u_xiphy_byte_wrapper/I_BITSLICE_LOWER[0].GEN_RXTX_BITSLICE_EN.u_xiphy_bitslice_lower/xiphy_rxtx_bitslice/TX_BIT_CTRL_IN[26]
Low Pulse Width   Slow    RXTX_BITSLICE/TX_BIT_CTRL_IN[26]  n/a            1.200         1.667       0.467      BITSLICE_RX_TX_X1Y758  i_dram_wrapper/i_dram/inst/u_ddr4_mem_intfc/u_mig_ddr4_phy/inst/generate_block1.u_ddr_xiphy/byte_num[10].xiphy_byte_wrapper.u_xiphy_byte_wrapper/I_BITSLICE_LOWER[4].GEN_RXTX_BITSLICE_EN.u_xiphy_bitslice_lower/xiphy_rxtx_bitslice/TX_BIT_CTRL_IN[26]
High Pulse Width  Slow    RXTX_BITSLICE/TX_BIT_CTRL_IN[26]  n/a            1.200         1.667       0.467      BITSLICE_RX_TX_X1Y762  i_dram_wrapper/i_dram/inst/u_ddr4_mem_intfc/u_mig_ddr4_phy/inst/generate_block1.u_ddr_xiphy/byte_num[10].xiphy_byte_wrapper.u_xiphy_byte_wrapper/I_BITSLICE_UPPER[2].GEN_RXTX_BITSLICE_EN.u_xiphy_bitslice_upper/xiphy_rxtx_bitslice/TX_BIT_CTRL_IN[26]



---------------------------------------------------------------------------------------------------
From Clock:  mmcm_clkout6
  To Clock:  mmcm_clkout6

Setup :            0  Failing Endpoints,  Worst Slack        1.672ns,  Total Violation        0.000ns
Hold  :            0  Failing Endpoints,  Worst Slack        0.016ns,  Total Violation        0.000ns
PW    :            0  Failing Endpoints,  Worst Slack        1.095ns,  Total Violation        0.000ns
---------------------------------------------------------------------------------------------------


Max Delay Paths
--------------------------------------------------------------------------------------
Slack (MET) :             1.672ns  (required time - arrival time)
  Source:                 i_dram_wrapper/i_dram/inst/u_ddr4_mem_intfc/u_ddr_cal_riu/io_address_riuclk_reg[14]/C
                            (rising edge-triggered cell FDRE clocked by mmcm_clkout6  {rise@0.000ns fall@3.333ns period=6.667ns})
  Destination:            i_dram_wrapper/i_dram/inst/u_ddr4_mem_intfc/u_mig_ddr4_phy/inst/riu2clb_vld_read_data_reg[10]/D
                            (rising edge-triggered cell FDRE clocked by mmcm_clkout6  {rise@0.000ns fall@3.333ns period=6.667ns})
  Path Group:             mmcm_clkout6
  Path Type:              Setup (Max at Slow Process Corner)
  Requirement:            6.667ns  (mmcm_clkout6 rise@6.667ns - mmcm_clkout6 rise@0.000ns)
  Data Path Delay:        4.859ns  (logic 0.712ns (14.653%)  route 4.147ns (85.347%))
  Logic Levels:           6  (LUT3=1 LUT5=1 LUT6=4)
  Clock Path Skew:        -0.104ns (DCD - SCD + CPR)
    Destination Clock Delay (DCD):    4.478ns = ( 11.145 - 6.667 ) 
    Source Clock Delay      (SCD):    4.218ns
    Clock Pessimism Removal (CPR):    -0.365ns
  Clock Uncertainty:      0.056ns  ((TSJ^2 + DJ^2)^1/2) / 2 + PE
    Total System Jitter     (TSJ):    0.071ns
    Discrete Jitter          (DJ):    0.087ns
    Phase Error              (PE):    0.000ns
  Clock Net Delay (Source):      2.067ns (routing 0.835ns, distribution 1.232ns)
  Clock Net Delay (Destination): 1.878ns (routing 0.758ns, distribution 1.120ns)

    Location             Delay type                Incr(ns)  Path(ns)    Netlist Resource(s)
  -------------------------------------------------------------------    -------------------
                         (clock mmcm_clkout6 rise edge)
                                                      0.000     0.000 r  
    E12                                               0.000     0.000 r  sys_clk_p (IN)
                         net (fo=0)                   0.000     0.000    i_bufds_sys_clk/I
    HPIOBDIFFINBUF_X1Y300
                         DIFFINBUF (Prop_DIFFINBUF_HPIOBDIFFINBUF_DIFF_IN_P_O)
                                                      0.675     0.675 r  i_bufds_sys_clk/DIFFINBUF_INST/O
                         net (fo=1, routed)           0.050     0.725    i_bufds_sys_clk/OUT
    E12                  IBUFCTRL (Prop_IBUFCTRL_HPIOB_M_I_O)
                                                      0.000     0.725 r  i_bufds_sys_clk/IBUFCTRL_INST/O
                         net (fo=1, routed)           0.335     1.060    sys_clk
    BUFGCE_X1Y289        BUFGCE (Prop_BUFCE_BUFGCE_I_O)
                                                      0.028     1.088 r  sys_clk_BUFGCE_inst/O
                         net (fo=19, routed)          0.901     1.989    i_dram_wrapper/i_dram/inst/u_ddr4_infrastructure/mmcm_clk_in
    MMCM_X1Y13           MMCME4_ADV (Prop_MMCM_CLKIN1_CLKOUT6)
                                                     -0.127     1.862 r  i_dram_wrapper/i_dram/inst/u_ddr4_infrastructure/gen_mmcme4.u_mmcme_adv_inst/CLKOUT6
                         net (fo=1, routed)           0.261     2.123    i_dram_wrapper/i_dram/inst/u_ddr4_infrastructure/mmcm_clkout6
    BUFGCE_X1Y326        BUFGCE (Prop_BUFCE_BUFGCE_I_O)
                                                      0.028     2.151 r  i_dram_wrapper/i_dram/inst/u_ddr4_infrastructure/u_bufg_riuClk/O
    X4Y12 (CLOCK_ROOT)   net (fo=1746, routed)        2.067     4.218    i_dram_wrapper/i_dram/inst/u_ddr4_mem_intfc/u_ddr_cal_riu/CLK
    SLICE_X134Y875       FDRE                                         r  i_dram_wrapper/i_dram/inst/u_ddr4_mem_intfc/u_ddr_cal_riu/io_address_riuclk_reg[14]/C
  -------------------------------------------------------------------    -------------------
    SLICE_X134Y875       FDRE (Prop_AFF_SLICEL_C_Q)
                                                      0.079     4.297 r  i_dram_wrapper/i_dram/inst/u_ddr4_mem_intfc/u_ddr_cal_riu/io_address_riuclk_reg[14]/Q
                         net (fo=48, routed)          0.808     5.105    i_dram_wrapper/i_dram/inst/u_ddr4_mem_intfc/u_mig_ddr4_phy/inst/io_address_riuclk[14]
    SLICE_X134Y857       LUT3 (Prop_C6LUT_SLICEL_I1_O)
                                                      0.146     5.251 f  i_dram_wrapper/i_dram/inst/u_ddr4_mem_intfc/u_mig_ddr4_phy/inst/riu_nibble_8[1]_INST_0_i_12/O
                         net (fo=1, routed)           0.064     5.315    i_dram_wrapper/i_dram/inst/u_ddr4_mem_intfc/u_mig_ddr4_phy/inst/riu_nibble_8[1]_INST_0_i_12_n_0
    SLICE_X134Y857       LUT6 (Prop_G6LUT_SLICEL_I4_O)
                                                      0.149     5.464 f  i_dram_wrapper/i_dram/inst/u_ddr4_mem_intfc/u_mig_ddr4_phy/inst/riu_nibble_8[1]_INST_0_i_7/O
                         net (fo=1, routed)           0.087     5.551    i_dram_wrapper/i_dram/inst/u_ddr4_mem_intfc/u_mig_ddr4_phy/inst/riu_nibble_8[1]_INST_0_i_7_n_0
    SLICE_X134Y858       LUT6 (Prop_G6LUT_SLICEL_I4_O)
                                                      0.050     5.601 r  i_dram_wrapper/i_dram/inst/u_ddr4_mem_intfc/u_mig_ddr4_phy/inst/riu_nibble_8[1]_INST_0_i_4/O
                         net (fo=1, routed)           0.043     5.644    i_dram_wrapper/i_dram/inst/u_ddr4_mem_intfc/u_mig_ddr4_phy/inst/riu_nibble_8[1]_INST_0_i_4_n_0
    SLICE_X134Y858       LUT6 (Prop_H6LUT_SLICEL_I3_O)
                                                      0.099     5.743 r  i_dram_wrapper/i_dram/inst/u_ddr4_mem_intfc/u_mig_ddr4_phy/inst/riu_nibble_8[1]_INST_0_i_1/O
                         net (fo=82, routed)          2.137     7.880    i_dram_wrapper/i_dram/inst/u_ddr4_mem_intfc/u_mig_ddr4_phy/inst/io_address_riuclk_7_sn_1
    SLICE_X112Y754       LUT6 (Prop_H6LUT_SLICEL_I4_O)
                                                      0.090     7.970 r  i_dram_wrapper/i_dram/inst/u_ddr4_mem_intfc/u_mig_ddr4_phy/inst/riu2clb_vld_read_data[10]_i_3/O
                         net (fo=1, routed)           0.936     8.906    i_dram_wrapper/i_dram/inst/u_ddr4_mem_intfc/u_mig_ddr4_phy/inst/riu2clb_vld_read_data[10]_i_3_n_0
    SLICE_X113Y831       LUT5 (Prop_D6LUT_SLICEM_I1_O)
                                                      0.099     9.005 r  i_dram_wrapper/i_dram/inst/u_ddr4_mem_intfc/u_mig_ddr4_phy/inst/riu2clb_vld_read_data[10]_i_1/O
                         net (fo=1, routed)           0.072     9.077    i_dram_wrapper/i_dram/inst/u_ddr4_mem_intfc/u_mig_ddr4_phy/inst/riu2clb_vld_read_data[10]_i_1_n_0
    SLICE_X113Y831       FDRE                                         r  i_dram_wrapper/i_dram/inst/u_ddr4_mem_intfc/u_mig_ddr4_phy/inst/riu2clb_vld_read_data_reg[10]/D
  -------------------------------------------------------------------    -------------------

                         (clock mmcm_clkout6 rise edge)
                                                      6.667     6.667 r  
    E12                                               0.000     6.667 r  sys_clk_p (IN)
                         net (fo=0)                   0.000     6.667    i_bufds_sys_clk/I
    HPIOBDIFFINBUF_X1Y300
                         DIFFINBUF (Prop_DIFFINBUF_HPIOBDIFFINBUF_DIFF_IN_P_O)
                                                      0.564     7.231 r  i_bufds_sys_clk/DIFFINBUF_INST/O
                         net (fo=1, routed)           0.040     7.271    i_bufds_sys_clk/OUT
    E12                  IBUFCTRL (Prop_IBUFCTRL_HPIOB_M_I_O)
                                                      0.000     7.271 r  i_bufds_sys_clk/IBUFCTRL_INST/O
                         net (fo=1, routed)           0.297     7.568    sys_clk
    BUFGCE_X1Y289        BUFGCE (Prop_BUFCE_BUFGCE_I_O)
                                                      0.024     7.592 r  sys_clk_BUFGCE_inst/O
                         net (fo=19, routed)          0.795     8.387    i_dram_wrapper/i_dram/inst/u_ddr4_infrastructure/mmcm_clk_in
    MMCM_X1Y13           MMCME4_ADV (Prop_MMCM_CLKIN1_CLKOUT6)
                                                      0.630     9.017 r  i_dram_wrapper/i_dram/inst/u_ddr4_infrastructure/gen_mmcme4.u_mmcme_adv_inst/CLKOUT6
                         net (fo=1, routed)           0.226     9.243    i_dram_wrapper/i_dram/inst/u_ddr4_infrastructure/mmcm_clkout6
    BUFGCE_X1Y326        BUFGCE (Prop_BUFCE_BUFGCE_I_O)
                                                      0.024     9.267 r  i_dram_wrapper/i_dram/inst/u_ddr4_infrastructure/u_bufg_riuClk/O
    X4Y12 (CLOCK_ROOT)   net (fo=1746, routed)        1.878    11.145    i_dram_wrapper/i_dram/inst/u_ddr4_mem_intfc/u_mig_ddr4_phy/inst/riu_clk
    SLICE_X113Y831       FDRE                                         r  i_dram_wrapper/i_dram/inst/u_ddr4_mem_intfc/u_mig_ddr4_phy/inst/riu2clb_vld_read_data_reg[10]/C
                         clock pessimism             -0.365    10.780    
                         clock uncertainty           -0.056    10.724    
    SLICE_X113Y831       FDRE (Setup_DFF_SLICEM_C_D)
                                                      0.025    10.749    i_dram_wrapper/i_dram/inst/u_ddr4_mem_intfc/u_mig_ddr4_phy/inst/riu2clb_vld_read_data_reg[10]
  -------------------------------------------------------------------
                         required time                         10.749    
                         arrival time                          -9.077    
  -------------------------------------------------------------------
                         slack                                  1.672    





Min Delay Paths
--------------------------------------------------------------------------------------
Slack (MET) :             0.016ns  (arrival time - required time)
  Source:                 i_dram_wrapper/i_dram/inst/u_ddr4_mem_intfc/u_ddr_cal_riu/mcs0/inst/microblaze_I/U0/MicroBlaze_Core_I/Performance.Core/Data_Flow_I/Byte_Doublet_Handle_gti_I/mem_byte_selects_reg[0]/C
                            (rising edge-triggered cell FDRE clocked by mmcm_clkout6  {rise@0.000ns fall@3.333ns period=6.667ns})
  Destination:            i_dram_wrapper/i_dram/inst/u_ddr4_mem_intfc/u_ddr_cal_riu/mcs0/inst/microblaze_I/U0/MicroBlaze_Core_I/Performance.Core/Data_Flow_I/Byte_Doublet_Handle_gti_I/No_Long.No_Reverse_Mem_Accesses.wb_byte_selects_reg[0]/D
                            (rising edge-triggered cell FDRE clocked by mmcm_clkout6  {rise@0.000ns fall@3.333ns period=6.667ns})
  Path Group:             mmcm_clkout6
  Path Type:              Hold (Min at Slow Process Corner)
  Requirement:            0.000ns  (mmcm_clkout6 rise@0.000ns - mmcm_clkout6 rise@0.000ns)
  Data Path Delay:        0.169ns  (logic 0.061ns (36.095%)  route 0.108ns (63.905%))
  Logic Levels:           0  
  Clock Path Skew:        0.091ns (DCD - SCD - CPR)
    Destination Clock Delay (DCD):    4.236ns
    Source Clock Delay      (SCD):    4.445ns
    Clock Pessimism Removal (CPR):    -0.300ns
  Clock Net Delay (Source):      1.845ns (routing 0.758ns, distribution 1.087ns)
  Clock Net Delay (Destination): 2.085ns (routing 0.835ns, distribution 1.250ns)

    Location             Delay type                Incr(ns)  Path(ns)    Netlist Resource(s)
  -------------------------------------------------------------------    -------------------
                         (clock mmcm_clkout6 rise edge)
                                                      0.000     0.000 r  
    E12                                               0.000     0.000 r  sys_clk_p (IN)
                         net (fo=0)                   0.000     0.000    i_bufds_sys_clk/I
    HPIOBDIFFINBUF_X1Y300
                         DIFFINBUF (Prop_DIFFINBUF_HPIOBDIFFINBUF_DIFF_IN_P_O)
                                                      0.564     0.564 r  i_bufds_sys_clk/DIFFINBUF_INST/O
                         net (fo=1, routed)           0.040     0.604    i_bufds_sys_clk/OUT
    E12                  IBUFCTRL (Prop_IBUFCTRL_HPIOB_M_I_O)
                                                      0.000     0.604 r  i_bufds_sys_clk/IBUFCTRL_INST/O
                         net (fo=1, routed)           0.297     0.901    sys_clk
    BUFGCE_X1Y289        BUFGCE (Prop_BUFCE_BUFGCE_I_O)
                                                      0.024     0.925 r  sys_clk_BUFGCE_inst/O
                         net (fo=19, routed)          0.795     1.720    i_dram_wrapper/i_dram/inst/u_ddr4_infrastructure/mmcm_clk_in
    MMCM_X1Y13           MMCME4_ADV (Prop_MMCM_CLKIN1_CLKOUT6)
                                                      0.630     2.350 r  i_dram_wrapper/i_dram/inst/u_ddr4_infrastructure/gen_mmcme4.u_mmcme_adv_inst/CLKOUT6
                         net (fo=1, routed)           0.226     2.576    i_dram_wrapper/i_dram/inst/u_ddr4_infrastructure/mmcm_clkout6
    BUFGCE_X1Y326        BUFGCE (Prop_BUFCE_BUFGCE_I_O)
                                                      0.024     2.600 r  i_dram_wrapper/i_dram/inst/u_ddr4_infrastructure/u_bufg_riuClk/O
    X4Y12 (CLOCK_ROOT)   net (fo=1746, routed)        1.845     4.445    i_dram_wrapper/i_dram/inst/u_ddr4_mem_intfc/u_ddr_cal_riu/mcs0/inst/microblaze_I/U0/MicroBlaze_Core_I/Performance.Core/Data_Flow_I/Byte_Doublet_Handle_gti_I/Clk
    SLICE_X132Y884       FDRE                                         r  i_dram_wrapper/i_dram/inst/u_ddr4_mem_intfc/u_ddr_cal_riu/mcs0/inst/microblaze_I/U0/MicroBlaze_Core_I/Performance.Core/Data_Flow_I/Byte_Doublet_Handle_gti_I/mem_byte_selects_reg[0]/C
  -------------------------------------------------------------------    -------------------
    SLICE_X132Y884       FDRE (Prop_DFF2_SLICEL_C_Q)
                                                      0.061     4.506 r  i_dram_wrapper/i_dram/inst/u_ddr4_mem_intfc/u_ddr_cal_riu/mcs0/inst/microblaze_I/U0/MicroBlaze_Core_I/Performance.Core/Data_Flow_I/Byte_Doublet_Handle_gti_I/mem_byte_selects_reg[0]/Q
                         net (fo=1, routed)           0.108     4.614    i_dram_wrapper/i_dram/inst/u_ddr4_mem_intfc/u_ddr_cal_riu/mcs0/inst/microblaze_I/U0/MicroBlaze_Core_I/Performance.Core/Data_Flow_I/Byte_Doublet_Handle_gti_I/mem_byte_selects[0]
    SLICE_X136Y884       FDRE                                         r  i_dram_wrapper/i_dram/inst/u_ddr4_mem_intfc/u_ddr_cal_riu/mcs0/inst/microblaze_I/U0/MicroBlaze_Core_I/Performance.Core/Data_Flow_I/Byte_Doublet_Handle_gti_I/No_Long.No_Reverse_Mem_Accesses.wb_byte_selects_reg[0]/D
  -------------------------------------------------------------------    -------------------

                         (clock mmcm_clkout6 rise edge)
                                                      0.000     0.000 r  
    E12                                               0.000     0.000 r  sys_clk_p (IN)
                         net (fo=0)                   0.000     0.000    i_bufds_sys_clk/I
    HPIOBDIFFINBUF_X1Y300
                         DIFFINBUF (Prop_DIFFINBUF_HPIOBDIFFINBUF_DIFF_IN_P_O)
                                                      0.675     0.675 r  i_bufds_sys_clk/DIFFINBUF_INST/O
                         net (fo=1, routed)           0.050     0.725    i_bufds_sys_clk/OUT
    E12                  IBUFCTRL (Prop_IBUFCTRL_HPIOB_M_I_O)
                                                      0.000     0.725 r  i_bufds_sys_clk/IBUFCTRL_INST/O
                         net (fo=1, routed)           0.335     1.060    sys_clk
    BUFGCE_X1Y289        BUFGCE (Prop_BUFCE_BUFGCE_I_O)
                                                      0.028     1.088 r  sys_clk_BUFGCE_inst/O
                         net (fo=19, routed)          0.901     1.989    i_dram_wrapper/i_dram/inst/u_ddr4_infrastructure/mmcm_clk_in
    MMCM_X1Y13           MMCME4_ADV (Prop_MMCM_CLKIN1_CLKOUT6)
                                                     -0.127     1.862 r  i_dram_wrapper/i_dram/inst/u_ddr4_infrastructure/gen_mmcme4.u_mmcme_adv_inst/CLKOUT6
                         net (fo=1, routed)           0.261     2.123    i_dram_wrapper/i_dram/inst/u_ddr4_infrastructure/mmcm_clkout6
    BUFGCE_X1Y326        BUFGCE (Prop_BUFCE_BUFGCE_I_O)
                                                      0.028     2.151 r  i_dram_wrapper/i_dram/inst/u_ddr4_infrastructure/u_bufg_riuClk/O
    X4Y12 (CLOCK_ROOT)   net (fo=1746, routed)        2.085     4.236    i_dram_wrapper/i_dram/inst/u_ddr4_mem_intfc/u_ddr_cal_riu/mcs0/inst/microblaze_I/U0/MicroBlaze_Core_I/Performance.Core/Data_Flow_I/Byte_Doublet_Handle_gti_I/Clk
    SLICE_X136Y884       FDRE                                         r  i_dram_wrapper/i_dram/inst/u_ddr4_mem_intfc/u_ddr_cal_riu/mcs0/inst/microblaze_I/U0/MicroBlaze_Core_I/Performance.Core/Data_Flow_I/Byte_Doublet_Handle_gti_I/No_Long.No_Reverse_Mem_Accesses.wb_byte_selects_reg[0]/C
                         clock pessimism              0.300     4.536    
    SLICE_X136Y884       FDRE (Hold_HFF2_SLICEL_C_D)
                                                      0.062     4.598    i_dram_wrapper/i_dram/inst/u_ddr4_mem_intfc/u_ddr_cal_riu/mcs0/inst/microblaze_I/U0/MicroBlaze_Core_I/Performance.Core/Data_Flow_I/Byte_Doublet_Handle_gti_I/No_Long.No_Reverse_Mem_Accesses.wb_byte_selects_reg[0]
  -------------------------------------------------------------------
                         required time                         -4.598    
                         arrival time                           4.614    
  -------------------------------------------------------------------
                         slack                                  0.016    





Pulse Width Checks
--------------------------------------------------------------------------------------
Clock Name:         mmcm_clkout6
Waveform(ns):       { 0.000 3.333 }
Period(ns):         6.667
Sources:            { i_dram_wrapper/i_dram/inst/u_ddr4_infrastructure/gen_mmcme4.u_mmcme_adv_inst/CLKOUT6 }

Check Type        Corner  Lib Pin                   Reference Pin             Required(ns)  Actual(ns)  Slack(ns)  Location                 Pin
Min Period        n/a     BITSLICE_CONTROL/RIU_CLK  n/a                       3.846         6.667       2.821      BITSLICE_CONTROL_X1Y96   i_dram_wrapper/i_dram/inst/u_ddr4_mem_intfc/u_mig_ddr4_phy/inst/generate_block1.u_ddr_xiphy/byte_num[0].xiphy_byte_wrapper.u_xiphy_byte_wrapper/I_CONTROL[0].GEN_I_CONTROL.u_xiphy_control/xiphy_control/RIU_CLK
Low Pulse Width   Fast    BITSLICE_CONTROL/RIU_CLK  n/a                       1.731         3.333       1.602      BITSLICE_CONTROL_X1Y106  i_dram_wrapper/i_dram/inst/u_ddr4_mem_intfc/u_mig_ddr4_phy/inst/generate_block1.u_ddr_xiphy/byte_num[5].xiphy_byte_wrapper.u_xiphy_byte_wrapper/I_CONTROL[0].GEN_I_CONTROL.u_xiphy_control/xiphy_control/RIU_CLK
High Pulse Width  Slow    BITSLICE_CONTROL/RIU_CLK  n/a                       1.731         3.333       1.602      BITSLICE_CONTROL_X1Y96   i_dram_wrapper/i_dram/inst/u_ddr4_mem_intfc/u_mig_ddr4_phy/inst/generate_block1.u_ddr_xiphy/byte_num[0].xiphy_byte_wrapper.u_xiphy_byte_wrapper/I_CONTROL[0].GEN_I_CONTROL.u_xiphy_control/xiphy_control/RIU_CLK
Max Skew          Fast    BITSLICE_CONTROL/RIU_CLK  BITSLICE_CONTROL/PLL_CLK  1.985         0.890       1.095      BITSLICE_CONTROL_X1Y113  i_dram_wrapper/i_dram/inst/u_ddr4_mem_intfc/u_mig_ddr4_phy/inst/generate_block1.u_ddr_xiphy/byte_num[8].xiphy_byte_wrapper.u_xiphy_byte_wrapper/I_CONTROL[1].GEN_I_CONTROL.u_xiphy_control/xiphy_control/RIU_CLK



---------------------------------------------------------------------------------------------------
From Clock:  clk_50_clkwiz
  To Clock:  dbg_hub/inst/BSCANID.u_xsdbm_id/SWITCH_N_EXT_BSCAN.bscan_inst/SERIES7_BSCAN.bscan_inst/INTERNAL_TCK

Setup :            0  Failing Endpoints,  Worst Slack       18.907ns,  Total Violation        0.000ns
Hold  :           NA  Failing Endpoints,  Worst Slack           NA  ,  Total Violation           NA
---------------------------------------------------------------------------------------------------


Max Delay Paths
--------------------------------------------------------------------------------------
Slack (MET) :             18.907ns  (required time - arrival time)
  Source:                 dbg_hub/inst/BSCANID.u_xsdbm_id/CORE_XSDB.UUT_MASTER/U_ICON_INTERFACE/U_CMD6_RD/U_RD_FIFO/SUBCORE_FIFO.xsdbm_v3_0_0_rdfifo_inst/inst_fifo_gen/gconvfifo.rf/grf.rf/gntv_or_sync_fifo.gcx.clkx/gnxpm_cdc.wr_pntr_gc_reg[2]/C
                            (rising edge-triggered cell FDCE clocked by clk_50_clkwiz  {rise@0.000ns fall@10.000ns period=20.000ns})
  Destination:            dbg_hub/inst/BSCANID.u_xsdbm_id/CORE_XSDB.UUT_MASTER/U_ICON_INTERFACE/U_CMD6_RD/U_RD_FIFO/SUBCORE_FIFO.xsdbm_v3_0_0_rdfifo_inst/inst_fifo_gen/gconvfifo.rf/grf.rf/gntv_or_sync_fifo.gcx.clkx/gnxpm_cdc.gsync_stage[1].rd_stg_inst/Q_reg_reg[2]/D
                            (rising edge-triggered cell FDCE clocked by dbg_hub/inst/BSCANID.u_xsdbm_id/SWITCH_N_EXT_BSCAN.bscan_inst/SERIES7_BSCAN.bscan_inst/INTERNAL_TCK  {rise@0.000ns fall@25.000ns period=50.000ns})
  Path Group:             dbg_hub/inst/BSCANID.u_xsdbm_id/SWITCH_N_EXT_BSCAN.bscan_inst/SERIES7_BSCAN.bscan_inst/INTERNAL_TCK
  Path Type:              Setup (Max at Slow Process Corner)
  Requirement:            20.000ns  (MaxDelay Path 20.000ns)
  Data Path Delay:        1.118ns  (logic 0.079ns (7.066%)  route 1.039ns (92.934%))
  Logic Levels:           0  
  Timing Exception:       MaxDelay Path 20.000ns -datapath_only

    Location             Delay type                Incr(ns)  Path(ns)    Netlist Resource(s)
  -------------------------------------------------------------------    -------------------
    SLICE_X111Y613                                    0.000     0.000 r  dbg_hub/inst/BSCANID.u_xsdbm_id/CORE_XSDB.UUT_MASTER/U_ICON_INTERFACE/U_CMD6_RD/U_RD_FIFO/SUBCORE_FIFO.xsdbm_v3_0_0_rdfifo_inst/inst_fifo_gen/gconvfifo.rf/grf.rf/gntv_or_sync_fifo.gcx.clkx/gnxpm_cdc.wr_pntr_gc_reg[2]/C
    SLICE_X111Y613       FDCE (Prop_HFF_SLICEL_C_Q)
                                                      0.079     0.079 r  dbg_hub/inst/BSCANID.u_xsdbm_id/CORE_XSDB.UUT_MASTER/U_ICON_INTERFACE/U_CMD6_RD/U_RD_FIFO/SUBCORE_FIFO.xsdbm_v3_0_0_rdfifo_inst/inst_fifo_gen/gconvfifo.rf/grf.rf/gntv_or_sync_fifo.gcx.clkx/gnxpm_cdc.wr_pntr_gc_reg[2]/Q
                         net (fo=1, routed)           1.039     1.118    dbg_hub/inst/BSCANID.u_xsdbm_id/CORE_XSDB.UUT_MASTER/U_ICON_INTERFACE/U_CMD6_RD/U_RD_FIFO/SUBCORE_FIFO.xsdbm_v3_0_0_rdfifo_inst/inst_fifo_gen/gconvfifo.rf/grf.rf/gntv_or_sync_fifo.gcx.clkx/gnxpm_cdc.gsync_stage[1].rd_stg_inst/Q[2]
    SLICE_X111Y613       FDCE                                         r  dbg_hub/inst/BSCANID.u_xsdbm_id/CORE_XSDB.UUT_MASTER/U_ICON_INTERFACE/U_CMD6_RD/U_RD_FIFO/SUBCORE_FIFO.xsdbm_v3_0_0_rdfifo_inst/inst_fifo_gen/gconvfifo.rf/grf.rf/gntv_or_sync_fifo.gcx.clkx/gnxpm_cdc.gsync_stage[1].rd_stg_inst/Q_reg_reg[2]/D
  -------------------------------------------------------------------    -------------------

                         max delay                   20.000    20.000    
    SLICE_X111Y613       FDCE (Setup_BFF2_SLICEL_C_D)
                                                      0.025    20.025    dbg_hub/inst/BSCANID.u_xsdbm_id/CORE_XSDB.UUT_MASTER/U_ICON_INTERFACE/U_CMD6_RD/U_RD_FIFO/SUBCORE_FIFO.xsdbm_v3_0_0_rdfifo_inst/inst_fifo_gen/gconvfifo.rf/grf.rf/gntv_or_sync_fifo.gcx.clkx/gnxpm_cdc.gsync_stage[1].rd_stg_inst/Q_reg_reg[2]
  -------------------------------------------------------------------
                         required time                         20.025    
                         arrival time                          -1.118    
  -------------------------------------------------------------------
                         slack                                 18.907    





---------------------------------------------------------------------------------------------------
From Clock:  ara_async_pad
  To Clock:  clk_50_clkwiz

Setup :            0  Failing Endpoints,  Worst Slack       16.350ns,  Total Violation        0.000ns
Hold  :           NA  Failing Endpoints,  Worst Slack           NA  ,  Total Violation           NA
---------------------------------------------------------------------------------------------------


Max Delay Paths
--------------------------------------------------------------------------------------
Slack (MET) :             16.350ns  (required time - arrival time)
  Source:                 jtag_tms_i
                            (input port clocked by ara_async_pad  {rise@0.000ns fall@500.000ns period=1000.000ns})
  Destination:            i_cheshire_soc/i_dbg_dmi_jtag/fpga_tms_sync_q_reg[0]/D
                            (rising edge-triggered cell FDPE clocked by clk_50_clkwiz  {rise@0.000ns fall@10.000ns period=20.000ns})
  Path Group:             clk_50_clkwiz
  Path Type:              Setup (Max at Slow Process Corner)
  Requirement:            20.000ns  (MaxDelay Path 20.000ns)
  Data Path Delay:        3.675ns  (logic 0.644ns (17.530%)  route 3.031ns (82.470%))
  Logic Levels:           2  (IBUFCTRL=1 INBUF=1)
  Input Delay:            0.000ns
  Timing Exception:       MaxDelay Path 20.000ns -datapath_only

    Location             Delay type                Incr(ns)  Path(ns)    Netlist Resource(s)
  -------------------------------------------------------------------    -------------------
                         input delay                  0.000     0.000    
    N28                                               0.000     0.000 r  jtag_tms_i (IN)
                         net (fo=0)                   0.000     0.000    jtag_tms_i_IBUF_inst/I
    N28                  INBUF (Prop_INBUF_HPIOB_M_PAD_O)
                                                      0.644     0.644 r  jtag_tms_i_IBUF_inst/INBUF_INST/O
                         net (fo=1, routed)           0.000     0.644    jtag_tms_i_IBUF_inst/OUT
    N28                  IBUFCTRL (Prop_IBUFCTRL_HPIOB_M_I_O)
                                                      0.000     0.644 r  jtag_tms_i_IBUF_inst/IBUFCTRL_INST/O
                         net (fo=1, routed)           3.031     3.675    i_cheshire_soc/i_dbg_dmi_jtag/tms_i
    SLR Crossing[1->2]   
    SLICE_X51Y603        FDPE                                         r  i_cheshire_soc/i_dbg_dmi_jtag/fpga_tms_sync_q_reg[0]/D
  -------------------------------------------------------------------    -------------------

                         max delay                   20.000    20.000    
    SLICE_X51Y603        FDPE (Setup_HFF2_SLICEM_C_D)
                                                      0.025    20.025    i_cheshire_soc/i_dbg_dmi_jtag/fpga_tms_sync_q_reg[0]
  -------------------------------------------------------------------
                         required time                         20.025    
                         arrival time                          -3.675    
  -------------------------------------------------------------------
                         slack                                 16.350    





---------------------------------------------------------------------------------------------------
From Clock:  dbg_hub/inst/BSCANID.u_xsdbm_id/SWITCH_N_EXT_BSCAN.bscan_inst/SERIES7_BSCAN.bscan_inst/INTERNAL_TCK
  To Clock:  clk_50_clkwiz

Setup :            0  Failing Endpoints,  Worst Slack       48.796ns,  Total Violation        0.000ns
Hold  :           NA  Failing Endpoints,  Worst Slack           NA  ,  Total Violation           NA
---------------------------------------------------------------------------------------------------


Max Delay Paths
--------------------------------------------------------------------------------------
Slack (MET) :             48.796ns  (required time - arrival time)
  Source:                 dbg_hub/inst/BSCANID.u_xsdbm_id/CORE_XSDB.UUT_MASTER/U_ICON_INTERFACE/U_CMD6_RD/U_RD_FIFO/SUBCORE_FIFO.xsdbm_v3_0_0_rdfifo_inst/inst_fifo_gen/gconvfifo.rf/grf.rf/gntv_or_sync_fifo.gcx.clkx/gnxpm_cdc.rd_pntr_gc_reg[1]/C
                            (rising edge-triggered cell FDCE clocked by dbg_hub/inst/BSCANID.u_xsdbm_id/SWITCH_N_EXT_BSCAN.bscan_inst/SERIES7_BSCAN.bscan_inst/INTERNAL_TCK  {rise@0.000ns fall@25.000ns period=50.000ns})
  Destination:            dbg_hub/inst/BSCANID.u_xsdbm_id/CORE_XSDB.UUT_MASTER/U_ICON_INTERFACE/U_CMD6_RD/U_RD_FIFO/SUBCORE_FIFO.xsdbm_v3_0_0_rdfifo_inst/inst_fifo_gen/gconvfifo.rf/grf.rf/gntv_or_sync_fifo.gcx.clkx/gnxpm_cdc.gsync_stage[1].wr_stg_inst/Q_reg_reg[1]/D
                            (rising edge-triggered cell FDCE clocked by clk_50_clkwiz  {rise@0.000ns fall@10.000ns period=20.000ns})
  Path Group:             clk_50_clkwiz
  Path Type:              Setup (Max at Slow Process Corner)
  Requirement:            50.000ns  (MaxDelay Path 50.000ns)
  Data Path Delay:        1.229ns  (logic 0.081ns (6.591%)  route 1.148ns (93.409%))
  Logic Levels:           0  
  Timing Exception:       MaxDelay Path 50.000ns -datapath_only

    Location             Delay type                Incr(ns)  Path(ns)    Netlist Resource(s)
  -------------------------------------------------------------------    -------------------
    SLICE_X111Y613                                    0.000     0.000 r  dbg_hub/inst/BSCANID.u_xsdbm_id/CORE_XSDB.UUT_MASTER/U_ICON_INTERFACE/U_CMD6_RD/U_RD_FIFO/SUBCORE_FIFO.xsdbm_v3_0_0_rdfifo_inst/inst_fifo_gen/gconvfifo.rf/grf.rf/gntv_or_sync_fifo.gcx.clkx/gnxpm_cdc.rd_pntr_gc_reg[1]/C
    SLICE_X111Y613       FDCE (Prop_DFF2_SLICEL_C_Q)
                                                      0.081     0.081 r  dbg_hub/inst/BSCANID.u_xsdbm_id/CORE_XSDB.UUT_MASTER/U_ICON_INTERFACE/U_CMD6_RD/U_RD_FIFO/SUBCORE_FIFO.xsdbm_v3_0_0_rdfifo_inst/inst_fifo_gen/gconvfifo.rf/grf.rf/gntv_or_sync_fifo.gcx.clkx/gnxpm_cdc.rd_pntr_gc_reg[1]/Q
                         net (fo=1, routed)           1.148     1.229    dbg_hub/inst/BSCANID.u_xsdbm_id/CORE_XSDB.UUT_MASTER/U_ICON_INTERFACE/U_CMD6_RD/U_RD_FIFO/SUBCORE_FIFO.xsdbm_v3_0_0_rdfifo_inst/inst_fifo_gen/gconvfifo.rf/grf.rf/gntv_or_sync_fifo.gcx.clkx/gnxpm_cdc.gsync_stage[1].wr_stg_inst/Q[1]
    SLICE_X111Y613       FDCE                                         r  dbg_hub/inst/BSCANID.u_xsdbm_id/CORE_XSDB.UUT_MASTER/U_ICON_INTERFACE/U_CMD6_RD/U_RD_FIFO/SUBCORE_FIFO.xsdbm_v3_0_0_rdfifo_inst/inst_fifo_gen/gconvfifo.rf/grf.rf/gntv_or_sync_fifo.gcx.clkx/gnxpm_cdc.gsync_stage[1].wr_stg_inst/Q_reg_reg[1]/D
  -------------------------------------------------------------------    -------------------

                         max delay                   50.000    50.000    
    SLICE_X111Y613       FDCE (Setup_HFF2_SLICEL_C_D)
                                                      0.025    50.025    dbg_hub/inst/BSCANID.u_xsdbm_id/CORE_XSDB.UUT_MASTER/U_ICON_INTERFACE/U_CMD6_RD/U_RD_FIFO/SUBCORE_FIFO.xsdbm_v3_0_0_rdfifo_inst/inst_fifo_gen/gconvfifo.rf/grf.rf/gntv_or_sync_fifo.gcx.clkx/gnxpm_cdc.gsync_stage[1].wr_stg_inst/Q_reg_reg[1]
  -------------------------------------------------------------------
                         required time                         50.025    
                         arrival time                          -1.229    
  -------------------------------------------------------------------
                         slack                                 48.796    





---------------------------------------------------------------------------------------------------
From Clock:  mmcm_clkout0
  To Clock:  clk_50_clkwiz

Setup :            0  Failing Endpoints,  Worst Slack        0.756ns,  Total Violation        0.000ns
Hold  :           NA  Failing Endpoints,  Worst Slack           NA  ,  Total Violation           NA
---------------------------------------------------------------------------------------------------


Max Delay Paths
--------------------------------------------------------------------------------------
Slack (MET) :             0.756ns  (required time - arrival time)
  Source:                 i_dram_wrapper/gen_cdc.i_axi_cdc_mig/i_axi_cdc_dst/i_cdc_fifo_gray_src_r/gen_fpga_write.gen_slice[5].gen_word[14].word_q_reg[18]/C
                            (rising edge-triggered cell FDCE clocked by mmcm_clkout0  {rise@0.000ns fall@1.667ns period=3.333ns})
  Destination:            i_dram_wrapper/gen_cdc.i_axi_cdc_mig/i_axi_cdc_src/i_cdc_fifo_gray_dst_r/i_spill_register/spill_register_flushable_i/gen_spill_reg.a_data_q_reg[data][333]/D
                            (rising edge-triggered cell FDCE clocked by clk_50_clkwiz  {rise@0.000ns fall@10.000ns period=20.000ns})
  Path Group:             clk_50_clkwiz
  Path Type:              Setup (Max at Slow Process Corner)
  Requirement:            3.000ns  (MaxDelay Path 3.000ns)
  Data Path Delay:        2.269ns  (logic 0.397ns (17.497%)  route 1.872ns (82.503%))
  Logic Levels:           3  (LUT4=1 LUT6=2)
  Timing Exception:       MaxDelay Path 3.000ns -datapath_only

    Location             Delay type                Incr(ns)  Path(ns)    Netlist Resource(s)
  -------------------------------------------------------------------    -------------------
    SLICE_X84Y663                                     0.000     0.000 r  i_dram_wrapper/gen_cdc.i_axi_cdc_mig/i_axi_cdc_dst/i_cdc_fifo_gray_src_r/gen_fpga_write.gen_slice[5].gen_word[14].word_q_reg[18]/C
    SLICE_X84Y663        FDCE (Prop_GFF2_SLICEM_C_Q)
                                                      0.079     0.079 r  i_dram_wrapper/gen_cdc.i_axi_cdc_mig/i_axi_cdc_dst/i_cdc_fifo_gray_src_r/gen_fpga_write.gen_slice[5].gen_word[14].word_q_reg[18]/Q
                         net (fo=1, routed)           0.331     0.410    i_dram_wrapper/gen_cdc.i_axi_cdc_mig/i_axi_cdc_src/i_cdc_fifo_gray_dst_r/async_data_i[14][data][333]
    SLICE_X83Y661        LUT6 (Prop_C6LUT_SLICEL_I2_O)
                                                      0.050     0.460 r  i_dram_wrapper/gen_cdc.i_axi_cdc_mig/i_axi_cdc_src/i_cdc_fifo_gray_dst_r/i_spill_register_i_4073/O
                         net (fo=1, routed)           0.553     1.013    i_dram_wrapper/gen_cdc.i_axi_cdc_mig/i_axi_cdc_src/i_cdc_fifo_gray_dst_r/i_spill_register_i_4073_n_0
    SLICE_X83Y649        LUT6 (Prop_D6LUT_SLICEL_I3_O)
                                                      0.122     1.135 r  i_dram_wrapper/gen_cdc.i_axi_cdc_mig/i_axi_cdc_src/i_cdc_fifo_gray_dst_r/i_spill_register_i_1259/O
                         net (fo=1, routed)           0.939     2.074    i_dram_wrapper/gen_cdc.i_axi_cdc_mig/i_axi_cdc_src/i_cdc_fifo_gray_dst_r/i_spill_register_i_1259_n_0
    SLICE_X96Y721        LUT4 (Prop_D6LUT_SLICEL_I3_O)
                                                      0.146     2.220 r  i_dram_wrapper/gen_cdc.i_axi_cdc_mig/i_axi_cdc_src/i_cdc_fifo_gray_dst_r/i_spill_register_i_185/O
                         net (fo=1, routed)           0.049     2.269    i_dram_wrapper/gen_cdc.i_axi_cdc_mig/i_axi_cdc_src/i_cdc_fifo_gray_dst_r/i_spill_register/spill_register_flushable_i/data_i[data][333]
    SLICE_X96Y721        FDCE                                         r  i_dram_wrapper/gen_cdc.i_axi_cdc_mig/i_axi_cdc_src/i_cdc_fifo_gray_dst_r/i_spill_register/spill_register_flushable_i/gen_spill_reg.a_data_q_reg[data][333]/D
  -------------------------------------------------------------------    -------------------

                         max delay                    3.000     3.000    
    SLICE_X96Y721        FDCE (Setup_DFF_SLICEL_C_D)
                                                      0.025     3.025    i_dram_wrapper/gen_cdc.i_axi_cdc_mig/i_axi_cdc_src/i_cdc_fifo_gray_dst_r/i_spill_register/spill_register_flushable_i/gen_spill_reg.a_data_q_reg[data][333]
  -------------------------------------------------------------------
                         required time                          3.025    
                         arrival time                          -2.269    
  -------------------------------------------------------------------
                         slack                                  0.756    





---------------------------------------------------------------------------------------------------
From Clock:  clk_50_clkwiz
  To Clock:  mmcm_clkout0

Setup :            0  Failing Endpoints,  Worst Slack        0.433ns,  Total Violation        0.000ns
Hold  :           NA  Failing Endpoints,  Worst Slack           NA  ,  Total Violation           NA
---------------------------------------------------------------------------------------------------


Max Delay Paths
--------------------------------------------------------------------------------------
Slack (MET) :             0.433ns  (required time - arrival time)
  Source:                 i_dram_wrapper/gen_cdc.i_axi_cdc_mig/i_axi_cdc_src/i_cdc_fifo_gray_src_w/gen_fpga_write.gen_slice[6].gen_word[4].word_q_reg[0]/C
                            (rising edge-triggered cell FDCE clocked by clk_50_clkwiz  {rise@0.000ns fall@10.000ns period=20.000ns})
  Destination:            i_dram_wrapper/gen_cdc.i_axi_cdc_mig/i_axi_cdc_dst/i_cdc_fifo_gray_dst_w/i_spill_register/spill_register_flushable_i/gen_spill_reg.a_data_q_reg[data][317]/D
                            (rising edge-triggered cell FDCE clocked by mmcm_clkout0  {rise@0.000ns fall@1.667ns period=3.333ns})
  Path Group:             mmcm_clkout0
  Path Type:              Setup (Max at Slow Process Corner)
  Requirement:            3.000ns  (MaxDelay Path 3.000ns)
  Data Path Delay:        2.592ns  (logic 0.445ns (17.168%)  route 2.147ns (82.832%))
  Logic Levels:           3  (LUT4=1 LUT6=2)
  Timing Exception:       MaxDelay Path 3.000ns -datapath_only

    Location             Delay type                Incr(ns)  Path(ns)    Netlist Resource(s)
  -------------------------------------------------------------------    -------------------
    SLICE_X73Y677                                     0.000     0.000 r  i_dram_wrapper/gen_cdc.i_axi_cdc_mig/i_axi_cdc_src/i_cdc_fifo_gray_src_w/gen_fpga_write.gen_slice[6].gen_word[4].word_q_reg[0]/C
    SLICE_X73Y677        FDCE (Prop_HFF2_SLICEL_C_Q)
                                                      0.080     0.080 r  i_dram_wrapper/gen_cdc.i_axi_cdc_mig/i_axi_cdc_src/i_cdc_fifo_gray_src_w/gen_fpga_write.gen_slice[6].gen_word[4].word_q_reg[0]/Q
                         net (fo=1, routed)           0.304     0.384    i_dram_wrapper/gen_cdc.i_axi_cdc_mig/i_axi_cdc_dst/i_cdc_fifo_gray_dst_w/async_data_i[4][data][317]
    SLICE_X73Y677        LUT6 (Prop_H6LUT_SLICEL_I0_O)
                                                      0.150     0.534 r  i_dram_wrapper/gen_cdc.i_axi_cdc_mig/i_axi_cdc_dst/i_cdc_fifo_gray_dst_w/i_spill_register_i_4442/O
                         net (fo=1, routed)           0.201     0.735    i_dram_wrapper/gen_cdc.i_axi_cdc_mig/i_axi_cdc_dst/i_cdc_fifo_gray_dst_w/i_spill_register_i_4442_n_0
    SLICE_X76Y678        LUT6 (Prop_H6LUT_SLICEM_I5_O)
                                                      0.125     0.860 r  i_dram_wrapper/gen_cdc.i_axi_cdc_mig/i_axi_cdc_dst/i_cdc_fifo_gray_dst_w/i_spill_register_i_1357/O
                         net (fo=1, routed)           1.594     2.454    i_dram_wrapper/gen_cdc.i_axi_cdc_mig/i_axi_cdc_dst/i_cdc_fifo_gray_dst_w/i_spill_register_i_1357_n_0
    SLICE_X109Y798       LUT4 (Prop_A6LUT_SLICEL_I0_O)
                                                      0.090     2.544 r  i_dram_wrapper/gen_cdc.i_axi_cdc_mig/i_axi_cdc_dst/i_cdc_fifo_gray_dst_w/i_spill_register_i_196/O
                         net (fo=1, routed)           0.048     2.592    i_dram_wrapper/gen_cdc.i_axi_cdc_mig/i_axi_cdc_dst/i_cdc_fifo_gray_dst_w/i_spill_register/spill_register_flushable_i/data_i[data][317]
    SLICE_X109Y798       FDCE                                         r  i_dram_wrapper/gen_cdc.i_axi_cdc_mig/i_axi_cdc_dst/i_cdc_fifo_gray_dst_w/i_spill_register/spill_register_flushable_i/gen_spill_reg.a_data_q_reg[data][317]/D
  -------------------------------------------------------------------    -------------------

                         max delay                    3.000     3.000    
    SLICE_X109Y798       FDCE (Setup_AFF_SLICEL_C_D)
                                                      0.025     3.025    i_dram_wrapper/gen_cdc.i_axi_cdc_mig/i_axi_cdc_dst/i_cdc_fifo_gray_dst_w/i_spill_register/spill_register_flushable_i/gen_spill_reg.a_data_q_reg[data][317]
  -------------------------------------------------------------------
                         required time                          3.025    
                         arrival time                          -2.592    
  -------------------------------------------------------------------
                         slack                                  0.433    





---------------------------------------------------------------------------------------------------
From Clock:  mmcm_clkout6
  To Clock:  mmcm_clkout0

Setup :            0  Failing Endpoints,  Worst Slack        1.523ns,  Total Violation        0.000ns
Hold  :           NA  Failing Endpoints,  Worst Slack           NA  ,  Total Violation           NA
---------------------------------------------------------------------------------------------------


Max Delay Paths
--------------------------------------------------------------------------------------
Slack (MET) :             1.523ns  (required time - arrival time)
  Source:                 i_dram_wrapper/i_dram/inst/u_ddr4_mem_intfc/u_ddr_cal_riu/io_write_strobe_riuclk_reg/C
                            (rising edge-triggered cell FDRE clocked by mmcm_clkout6  {rise@0.000ns fall@3.333ns period=6.667ns})
  Destination:            i_dram_wrapper/i_dram/inst/u_ddr4_mem_intfc/u_io_write_strobe_sync/SYNC[0].sync_reg_reg[0]/D
                            (rising edge-triggered cell FDRE clocked by mmcm_clkout0  {rise@0.000ns fall@1.667ns period=3.333ns})
  Path Group:             mmcm_clkout0
  Path Type:              Setup (Max at Slow Process Corner)
  Requirement:            3.000ns  (MaxDelay Path 3.000ns)
  Data Path Delay:        1.502ns  (logic 0.079ns (5.260%)  route 1.423ns (94.740%))
  Logic Levels:           0  
  Timing Exception:       MaxDelay Path 3.000ns -datapath_only

    Location             Delay type                Incr(ns)  Path(ns)    Netlist Resource(s)
  -------------------------------------------------------------------    -------------------
    SLICE_X134Y860                                    0.000     0.000 r  i_dram_wrapper/i_dram/inst/u_ddr4_mem_intfc/u_ddr_cal_riu/io_write_strobe_riuclk_reg/C
    SLICE_X134Y860       FDRE (Prop_EFF_SLICEL_C_Q)
                                                      0.079     0.079 r  i_dram_wrapper/i_dram/inst/u_ddr4_mem_intfc/u_ddr_cal_riu/io_write_strobe_riuclk_reg/Q
                         net (fo=16, routed)          1.423     1.502    i_dram_wrapper/i_dram/inst/u_ddr4_mem_intfc/u_io_write_strobe_sync/D[0]
    SLICE_X134Y820       FDRE                                         r  i_dram_wrapper/i_dram/inst/u_ddr4_mem_intfc/u_io_write_strobe_sync/SYNC[0].sync_reg_reg[0]/D
  -------------------------------------------------------------------    -------------------

                         max delay                    3.000     3.000    
    SLICE_X134Y820       FDRE (Setup_DFF2_SLICEL_C_D)
                                                      0.025     3.025    i_dram_wrapper/i_dram/inst/u_ddr4_mem_intfc/u_io_write_strobe_sync/SYNC[0].sync_reg_reg[0]
  -------------------------------------------------------------------
                         required time                          3.025    
                         arrival time                          -1.502    
  -------------------------------------------------------------------
                         slack                                  1.523    





---------------------------------------------------------------------------------------------------
From Clock:  mmcm_clkout0
  To Clock:  pll_clk[0]_DIV

Setup :            0  Failing Endpoints,  Worst Slack        0.383ns,  Total Violation        0.000ns
Hold  :            0  Failing Endpoints,  Worst Slack        0.650ns,  Total Violation        0.000ns
---------------------------------------------------------------------------------------------------


Max Delay Paths
--------------------------------------------------------------------------------------
Slack (MET) :             0.383ns  (required time - arrival time)
  Source:                 i_dram_wrapper/i_dram/inst/u_ddr4_mem_intfc/u_mig_ddr4_phy/inst/clb2phy_t_b_addr_reg[2]/C
                            (rising edge-triggered cell FDRE clocked by mmcm_clkout0  {rise@0.000ns fall@1.667ns period=3.333ns})
  Destination:            i_dram_wrapper/i_dram/inst/u_ddr4_mem_intfc/u_mig_ddr4_phy/inst/generate_block1.u_ddr_xiphy/byte_num[3].xiphy_byte_wrapper.u_xiphy_byte_wrapper/I_CONTROL[1].GEN_I_CONTROL.u_xiphy_control/xiphy_control/TBYTE_IN[2]
                            (rising edge-triggered cell BITSLICE_CONTROL clocked by pll_clk[0]_DIV  {rise@0.000ns fall@1.667ns period=3.333ns})
  Path Group:             pll_clk[0]_DIV
  Path Type:              Setup (Max at Slow Process Corner)
  Requirement:            3.333ns  (pll_clk[0]_DIV rise@3.333ns - mmcm_clkout0 rise@0.000ns)
  Data Path Delay:        1.996ns  (logic 0.079ns (3.958%)  route 1.917ns (96.042%))
  Logic Levels:           0  
  Clock Path Skew:        -0.633ns (DCD - SCD + CPR)
    Destination Clock Delay (DCD):    3.922ns = ( 7.255 - 3.333 ) 
    Source Clock Delay      (SCD):    4.233ns
    Clock Pessimism Removal (CPR):    -0.322ns
  Clock Uncertainty:      0.154ns  ((TSJ^2 + DJ^2)^1/2) / 2 + PE
    Total System Jitter     (TSJ):    0.071ns
    Discrete Jitter          (DJ):    0.064ns
    Phase Error              (PE):    0.106ns
  Clock Net Delay (Source):      2.099ns (routing 0.854ns, distribution 1.245ns)
  Clock Net Delay (Destination): 0.105ns (routing 0.089ns, distribution 0.016ns)

    Location             Delay type                Incr(ns)  Path(ns)    Netlist Resource(s)
  -------------------------------------------------------------------    -------------------
                         (clock mmcm_clkout0 rise edge)
                                                      0.000     0.000 r  
    E12                                               0.000     0.000 r  sys_clk_p (IN)
                         net (fo=0)                   0.000     0.000    i_bufds_sys_clk/I
    HPIOBDIFFINBUF_X1Y300
                         DIFFINBUF (Prop_DIFFINBUF_HPIOBDIFFINBUF_DIFF_IN_P_O)
                                                      0.675     0.675 r  i_bufds_sys_clk/DIFFINBUF_INST/O
                         net (fo=1, routed)           0.050     0.725    i_bufds_sys_clk/OUT
    E12                  IBUFCTRL (Prop_IBUFCTRL_HPIOB_M_I_O)
                                                      0.000     0.725 r  i_bufds_sys_clk/IBUFCTRL_INST/O
                         net (fo=1, routed)           0.335     1.060    sys_clk
    BUFGCE_X1Y289        BUFGCE (Prop_BUFCE_BUFGCE_I_O)
                                                      0.028     1.088 r  sys_clk_BUFGCE_inst/O
                         net (fo=19, routed)          0.901     1.989    i_dram_wrapper/i_dram/inst/u_ddr4_infrastructure/mmcm_clk_in
    MMCM_X1Y13           MMCME4_ADV (Prop_MMCM_CLKIN1_CLKOUT0)
                                                     -0.127     1.862 r  i_dram_wrapper/i_dram/inst/u_ddr4_infrastructure/gen_mmcme4.u_mmcme_adv_inst/CLKOUT0
                         net (fo=1, routed)           0.244     2.106    i_dram_wrapper/i_dram/inst/u_ddr4_infrastructure/mmcm_clkout0
    BUFGCE_X1Y332        BUFGCE (Prop_BUFCE_BUFGCE_I_O)
                                                      0.028     2.134 r  i_dram_wrapper/i_dram/inst/u_ddr4_infrastructure/u_bufg_divClk/O
    X4Y12 (CLOCK_ROOT)   net (fo=36893, routed)       2.099     4.233    i_dram_wrapper/i_dram/inst/u_ddr4_mem_intfc/u_mig_ddr4_phy/inst/div_clk
    SLICE_X112Y742       FDRE                                         r  i_dram_wrapper/i_dram/inst/u_ddr4_mem_intfc/u_mig_ddr4_phy/inst/clb2phy_t_b_addr_reg[2]/C
  -------------------------------------------------------------------    -------------------
    SLICE_X112Y742       FDRE (Prop_BFF_SLICEL_C_Q)
                                                      0.079     4.312 r  i_dram_wrapper/i_dram/inst/u_ddr4_mem_intfc/u_mig_ddr4_phy/inst/clb2phy_t_b_addr_reg[2]/Q
                         net (fo=6, routed)           1.917     6.229    i_dram_wrapper/i_dram/inst/u_ddr4_mem_intfc/u_mig_ddr4_phy/inst/generate_block1.u_ddr_xiphy/byte_num[3].xiphy_byte_wrapper.u_xiphy_byte_wrapper/I_CONTROL[1].GEN_I_CONTROL.u_xiphy_control/clb2phy_t_b_low[2]
    BITSLICE_CONTROL_X1Y103
                         BITSLICE_CONTROL                             r  i_dram_wrapper/i_dram/inst/u_ddr4_mem_intfc/u_mig_ddr4_phy/inst/generate_block1.u_ddr_xiphy/byte_num[3].xiphy_byte_wrapper.u_xiphy_byte_wrapper/I_CONTROL[1].GEN_I_CONTROL.u_xiphy_control/xiphy_control/TBYTE_IN[2]
  -------------------------------------------------------------------    -------------------

                         (clock pll_clk[0]_DIV rise edge)
                                                      3.333     3.333 f  
    E12                                               0.000     3.333 f  sys_clk_p (IN)
                         net (fo=0)                   0.000     3.333    i_bufds_sys_clk/I
    HPIOBDIFFINBUF_X1Y300
                         DIFFINBUF (Prop_DIFFINBUF_HPIOBDIFFINBUF_DIFF_IN_P_O)
                                                      0.564     3.898 f  i_bufds_sys_clk/DIFFINBUF_INST/O
                         net (fo=1, routed)           0.040     3.938    i_bufds_sys_clk/OUT
    E12                  IBUFCTRL (Prop_IBUFCTRL_HPIOB_M_I_O)
                                                      0.000     3.938 f  i_bufds_sys_clk/IBUFCTRL_INST/O
                         net (fo=1, routed)           0.297     4.235    sys_clk
    BUFGCE_X1Y289        BUFGCE (Prop_BUFCE_BUFGCE_I_O)
                                                      0.024     4.259 f  sys_clk_BUFGCE_inst/O
                         net (fo=19, routed)          0.795     5.054    i_dram_wrapper/i_dram/inst/u_ddr4_infrastructure/mmcm_clk_in
    MMCM_X1Y13           MMCME4_ADV (Prop_MMCM_CLKIN1_CLKOUT0)
                                                      0.630     5.684 f  i_dram_wrapper/i_dram/inst/u_ddr4_infrastructure/gen_mmcme4.u_mmcme_adv_inst/CLKOUT0
                         net (fo=1, routed)           0.214     5.898    i_dram_wrapper/i_dram/inst/u_ddr4_infrastructure/mmcm_clkout0
    BUFGCE_X1Y332        BUFGCE (Prop_BUFCE_BUFGCE_I_O)
                                                      0.024     5.922 f  i_dram_wrapper/i_dram/inst/u_ddr4_infrastructure/u_bufg_divClk/O
                         net (fo=36893, routed)       1.761     7.683    i_dram_wrapper/i_dram/inst/u_ddr4_mem_intfc/u_mig_ddr4_phy/inst/u_ddr4_phy_pll/div_clk
    PLL_X1Y24            PLLE4_ADV (Prop_PLL_CLKIN_CLKOUTPHY)
                                                     -0.713     6.969 f  i_dram_wrapper/i_dram/inst/u_ddr4_mem_intfc/u_mig_ddr4_phy/inst/u_ddr4_phy_pll/plle_loop[0].gen_plle4.PLLE4_BASE_INST_OTHER/CLKOUTPHY
    X4Y12 (CLOCK_ROOT)   net (fo=8, routed)           0.105     7.074    i_dram_wrapper/i_dram/inst/u_ddr4_mem_intfc/u_mig_ddr4_phy/inst/generate_block1.u_ddr_xiphy/byte_num[3].xiphy_byte_wrapper.u_xiphy_byte_wrapper/I_CONTROL[1].GEN_I_CONTROL.u_xiphy_control/pll_clk[0]
    BITSLICE_CONTROL_X1Y103
                         BITSLICE_CONTROL (Prop_CONTROL_BITSLICE_CONTROL_PLL_CLK_TX_DIV2_CLK_Q)
                                                      0.106     7.180 r  i_dram_wrapper/i_dram/inst/u_ddr4_mem_intfc/u_mig_ddr4_phy/inst/generate_block1.u_ddr_xiphy/byte_num[3].xiphy_byte_wrapper.u_xiphy_byte_wrapper/I_CONTROL[1].GEN_I_CONTROL.u_xiphy_control/xiphy_control/TX_DIV2_CLK_Q
    BITSLICE_CONTROL_X1Y103
                         BITSLICE_CONTROL (Prop_CONTROL_BITSLICE_CONTROL_TX_DIV2_CLK_Q_TX_DIV4_CLK_Q)
                                                      0.075     7.255 r  i_dram_wrapper/i_dram/inst/u_ddr4_mem_intfc/u_mig_ddr4_phy/inst/generate_block1.u_ddr_xiphy/byte_num[3].xiphy_byte_wrapper.u_xiphy_byte_wrapper/I_CONTROL[1].GEN_I_CONTROL.u_xiphy_control/xiphy_control/TX_DIV4_CLK_Q
                         clock pessimism             -0.322     6.933    
                         clock uncertainty           -0.154     6.779    
    BITSLICE_CONTROL_X1Y103
                         BITSLICE_CONTROL (Setup_CONTROL_BITSLICE_CONTROL_TX_DIV4_CLK_Q_TBYTE_IN[2])
                                                     -0.168     6.611    i_dram_wrapper/i_dram/inst/u_ddr4_mem_intfc/u_mig_ddr4_phy/inst/generate_block1.u_ddr_xiphy/byte_num[3].xiphy_byte_wrapper.u_xiphy_byte_wrapper/I_CONTROL[1].GEN_I_CONTROL.u_xiphy_control/xiphy_control
  -------------------------------------------------------------------
                         required time                          6.611    
                         arrival time                          -6.229    
  -------------------------------------------------------------------
                         slack                                  0.383    





Min Delay Paths
--------------------------------------------------------------------------------------
Slack (MET) :             0.650ns  (arrival time - required time)
  Source:                 i_dram_wrapper/i_dram/inst/u_ddr4_mem_intfc/u_ddr_cal_top/mcal_ADR_dly_reg[0][96]/C
                            (rising edge-triggered cell FDRE clocked by mmcm_clkout0  {rise@0.000ns fall@1.667ns period=3.333ns})
  Destination:            i_dram_wrapper/i_dram/inst/u_ddr4_mem_intfc/u_mig_ddr4_phy/inst/generate_block1.u_ddr_xiphy/byte_num[3].xiphy_byte_wrapper.u_xiphy_byte_wrapper/I_BITSLICE_LOWER[0].GEN_RXTX_BITSLICE_EN.u_xiphy_bitslice_lower/xiphy_rxtx_bitslice/D[0]
                            (rising edge-triggered cell RXTX_BITSLICE clocked by pll_clk[0]_DIV  {rise@0.000ns fall@1.667ns period=3.333ns})
  Path Group:             pll_clk[0]_DIV
  Path Type:              Hold (Min at Slow Process Corner)
  Requirement:            0.000ns  (pll_clk[0]_DIV rise@0.000ns - mmcm_clkout0 rise@0.000ns)
  Data Path Delay:        0.316ns  (logic 0.061ns (19.304%)  route 0.255ns (80.696%))
  Logic Levels:           0  
  Clock Path Skew:        -0.564ns (DCD - SCD - CPR)
    Destination Clock Delay (DCD):    3.585ns
    Source Clock Delay      (SCD):    4.471ns
    Clock Pessimism Removal (CPR):    -0.322ns
  Clock Uncertainty:      0.154ns  ((TSJ^2 + DJ^2)^1/2) / 2 + PE
    Total System Jitter     (TSJ):    0.071ns
    Discrete Jitter          (DJ):    0.064ns
    Phase Error              (PE):    0.106ns
  Clock Net Delay (Source):      1.883ns (routing 0.777ns, distribution 1.106ns)
  Clock Net Delay (Destination): 0.043ns (routing 0.043ns, distribution 0.000ns)

    Location             Delay type                Incr(ns)  Path(ns)    Netlist Resource(s)
  -------------------------------------------------------------------    -------------------
                         (clock mmcm_clkout0 rise edge)
                                                      0.000     0.000 r  
    E12                                               0.000     0.000 r  sys_clk_p (IN)
                         net (fo=0)                   0.000     0.000    i_bufds_sys_clk/I
    HPIOBDIFFINBUF_X1Y300
                         DIFFINBUF (Prop_DIFFINBUF_HPIOBDIFFINBUF_DIFF_IN_P_O)
                                                      0.564     0.564 r  i_bufds_sys_clk/DIFFINBUF_INST/O
                         net (fo=1, routed)           0.040     0.604    i_bufds_sys_clk/OUT
    E12                  IBUFCTRL (Prop_IBUFCTRL_HPIOB_M_I_O)
                                                      0.000     0.604 r  i_bufds_sys_clk/IBUFCTRL_INST/O
                         net (fo=1, routed)           0.297     0.901    sys_clk
    BUFGCE_X1Y289        BUFGCE (Prop_BUFCE_BUFGCE_I_O)
                                                      0.024     0.925 r  sys_clk_BUFGCE_inst/O
                         net (fo=19, routed)          0.795     1.720    i_dram_wrapper/i_dram/inst/u_ddr4_infrastructure/mmcm_clk_in
    MMCM_X1Y13           MMCME4_ADV (Prop_MMCM_CLKIN1_CLKOUT0)
                                                      0.630     2.350 r  i_dram_wrapper/i_dram/inst/u_ddr4_infrastructure/gen_mmcme4.u_mmcme_adv_inst/CLKOUT0
                         net (fo=1, routed)           0.214     2.564    i_dram_wrapper/i_dram/inst/u_ddr4_infrastructure/mmcm_clkout0
    BUFGCE_X1Y332        BUFGCE (Prop_BUFCE_BUFGCE_I_O)
                                                      0.024     2.588 r  i_dram_wrapper/i_dram/inst/u_ddr4_infrastructure/u_bufg_divClk/O
    X4Y12 (CLOCK_ROOT)   net (fo=36893, routed)       1.883     4.471    i_dram_wrapper/i_dram/inst/u_ddr4_mem_intfc/u_ddr_cal_top/wosp_reg[2]_rep__7
    SLICE_X112Y765       FDRE                                         r  i_dram_wrapper/i_dram/inst/u_ddr4_mem_intfc/u_ddr_cal_top/mcal_ADR_dly_reg[0][96]/C
  -------------------------------------------------------------------    -------------------
    SLICE_X112Y765       FDRE (Prop_DFF2_SLICEL_C_Q)
                                                      0.061     4.532 r  i_dram_wrapper/i_dram/inst/u_ddr4_mem_intfc/u_ddr_cal_top/mcal_ADR_dly_reg[0][96]/Q
                         net (fo=1, routed)           0.255     4.787    i_dram_wrapper/i_dram/inst/u_ddr4_mem_intfc/u_mig_ddr4_phy/inst/generate_block1.u_ddr_xiphy/byte_num[3].xiphy_byte_wrapper.u_xiphy_byte_wrapper/I_BITSLICE_LOWER[0].GEN_RXTX_BITSLICE_EN.u_xiphy_bitslice_lower/clb2phy_wr_dq0[0]
    BITSLICE_RX_TX_X1Y663
                         RXTX_BITSLICE                                r  i_dram_wrapper/i_dram/inst/u_ddr4_mem_intfc/u_mig_ddr4_phy/inst/generate_block1.u_ddr_xiphy/byte_num[3].xiphy_byte_wrapper.u_xiphy_byte_wrapper/I_BITSLICE_LOWER[0].GEN_RXTX_BITSLICE_EN.u_xiphy_bitslice_lower/xiphy_rxtx_bitslice/D[0]
  -------------------------------------------------------------------    -------------------

                         (clock pll_clk[0]_DIV rise edge)
                                                      0.000     0.000 f  
    E12                                               0.000     0.000 f  sys_clk_p (IN)
                         net (fo=0)                   0.000     0.000    i_bufds_sys_clk/I
    HPIOBDIFFINBUF_X1Y300
                         DIFFINBUF (Prop_DIFFINBUF_HPIOBDIFFINBUF_DIFF_IN_P_O)
                                                      0.675     0.675 f  i_bufds_sys_clk/DIFFINBUF_INST/O
                         net (fo=1, routed)           0.050     0.725    i_bufds_sys_clk/OUT
    E12                  IBUFCTRL (Prop_IBUFCTRL_HPIOB_M_I_O)
                                                      0.000     0.725 f  i_bufds_sys_clk/IBUFCTRL_INST/O
                         net (fo=1, routed)           0.335     1.060    sys_clk
    BUFGCE_X1Y289        BUFGCE (Prop_BUFCE_BUFGCE_I_O)
                                                      0.028     1.088 f  sys_clk_BUFGCE_inst/O
                         net (fo=19, routed)          0.901     1.989    i_dram_wrapper/i_dram/inst/u_ddr4_infrastructure/mmcm_clk_in
    MMCM_X1Y13           MMCME4_ADV (Prop_MMCM_CLKIN1_CLKOUT0)
                                                     -0.127     1.862 f  i_dram_wrapper/i_dram/inst/u_ddr4_infrastructure/gen_mmcme4.u_mmcme_adv_inst/CLKOUT0
                         net (fo=1, routed)           0.244     2.106    i_dram_wrapper/i_dram/inst/u_ddr4_infrastructure/mmcm_clkout0
    BUFGCE_X1Y332        BUFGCE (Prop_BUFCE_BUFGCE_I_O)
                                                      0.028     2.134 f  i_dram_wrapper/i_dram/inst/u_ddr4_infrastructure/u_bufg_divClk/O
                         net (fo=36893, routed)       1.954     4.088    i_dram_wrapper/i_dram/inst/u_ddr4_mem_intfc/u_mig_ddr4_phy/inst/u_ddr4_phy_pll/div_clk
    PLL_X1Y24            PLLE4_ADV (Prop_PLL_CLKIN_CLKOUTPHY)
                                                     -1.141     2.946 f  i_dram_wrapper/i_dram/inst/u_ddr4_mem_intfc/u_mig_ddr4_phy/inst/u_ddr4_phy_pll/plle_loop[0].gen_plle4.PLLE4_BASE_INST_OTHER/CLKOUTPHY
                         net (fo=8, routed)           0.148     3.094    i_dram_wrapper/i_dram/inst/u_ddr4_mem_intfc/u_mig_ddr4_phy/inst/generate_block1.u_ddr_xiphy/byte_num[3].xiphy_byte_wrapper.u_xiphy_byte_wrapper/I_CONTROL[0].GEN_I_CONTROL.u_xiphy_control/pll_clk[0]
    BITSLICE_CONTROL_X1Y102
                         BITSLICE_CONTROL (Prop_CONTROL_BITSLICE_CONTROL_PLL_CLK_TX_DIV2_CLK_Q)
                                                      0.177     3.271 r  i_dram_wrapper/i_dram/inst/u_ddr4_mem_intfc/u_mig_ddr4_phy/inst/generate_block1.u_ddr_xiphy/byte_num[3].xiphy_byte_wrapper.u_xiphy_byte_wrapper/I_CONTROL[0].GEN_I_CONTROL.u_xiphy_control/xiphy_control/TX_DIV2_CLK_Q
    BITSLICE_CONTROL_X1Y102
                         BITSLICE_CONTROL (Prop_CONTROL_BITSLICE_CONTROL_TX_DIV2_CLK_Q_TX_DIV4_CLK_Q)
                                                      0.109     3.380 r  i_dram_wrapper/i_dram/inst/u_ddr4_mem_intfc/u_mig_ddr4_phy/inst/generate_block1.u_ddr_xiphy/byte_num[3].xiphy_byte_wrapper.u_xiphy_byte_wrapper/I_CONTROL[0].GEN_I_CONTROL.u_xiphy_control/xiphy_control/TX_DIV4_CLK_Q
    BITSLICE_CONTROL_X1Y102
                         BITSLICE_CONTROL (Prop_CONTROL_BITSLICE_CONTROL_TX_DIV4_CLK_Q_TX_BIT_CTRL_OUT0[26])
                                                      0.162     3.542 r  i_dram_wrapper/i_dram/inst/u_ddr4_mem_intfc/u_mig_ddr4_phy/inst/generate_block1.u_ddr_xiphy/byte_num[3].xiphy_byte_wrapper.u_xiphy_byte_wrapper/I_CONTROL[0].GEN_I_CONTROL.u_xiphy_control/xiphy_control/TX_BIT_CTRL_OUT0[26]
    X4Y12 (CLOCK_ROOT)   net (fo=1, routed)           0.043     3.585    i_dram_wrapper/i_dram/inst/u_ddr4_mem_intfc/u_mig_ddr4_phy/inst/generate_block1.u_ddr_xiphy/byte_num[3].xiphy_byte_wrapper.u_xiphy_byte_wrapper/I_BITSLICE_LOWER[0].GEN_RXTX_BITSLICE_EN.u_xiphy_bitslice_lower/TX_BIT_CTRL_OUT0[26]
    BITSLICE_RX_TX_X1Y663
                         RXTX_BITSLICE                                r  i_dram_wrapper/i_dram/inst/u_ddr4_mem_intfc/u_mig_ddr4_phy/inst/generate_block1.u_ddr_xiphy/byte_num[3].xiphy_byte_wrapper.u_xiphy_byte_wrapper/I_BITSLICE_LOWER[0].GEN_RXTX_BITSLICE_EN.u_xiphy_bitslice_lower/xiphy_rxtx_bitslice/TX_BIT_CTRL_IN[26]
                         clock pessimism              0.322     3.907    
                         clock uncertainty            0.154     4.062    
    BITSLICE_RX_TX_X1Y663
                         RXTX_BITSLICE (Hold_RXTX_BITSLICE_BITSLICE_RX_TX_TX_BIT_CTRL_IN[26]_D[0])
                                                      0.076     4.138    i_dram_wrapper/i_dram/inst/u_ddr4_mem_intfc/u_mig_ddr4_phy/inst/generate_block1.u_ddr_xiphy/byte_num[3].xiphy_byte_wrapper.u_xiphy_byte_wrapper/I_BITSLICE_LOWER[0].GEN_RXTX_BITSLICE_EN.u_xiphy_bitslice_lower/xiphy_rxtx_bitslice
  -------------------------------------------------------------------
                         required time                         -4.138    
                         arrival time                           4.787    
  -------------------------------------------------------------------
                         slack                                  0.650    





---------------------------------------------------------------------------------------------------
From Clock:  mmcm_clkout0
  To Clock:  pll_clk[1]_DIV

Setup :            0  Failing Endpoints,  Worst Slack        0.675ns,  Total Violation        0.000ns
Hold  :            0  Failing Endpoints,  Worst Slack        0.704ns,  Total Violation        0.000ns
---------------------------------------------------------------------------------------------------


Max Delay Paths
--------------------------------------------------------------------------------------
Slack (MET) :             0.675ns  (required time - arrival time)
  Source:                 i_dram_wrapper/i_dram/inst/u_ddr4_mem_intfc/u_ddr_cal_top/u_ddr_mc_pi/u_ddr_mc_write/genByte[5].u_ddr_mc_wr_byte/u_ddr_mc_wr_dm/dReg_reg[6]/C
                            (rising edge-triggered cell FDRE clocked by mmcm_clkout0  {rise@0.000ns fall@1.667ns period=3.333ns})
  Destination:            i_dram_wrapper/i_dram/inst/u_ddr4_mem_intfc/u_mig_ddr4_phy/inst/generate_block1.u_ddr_xiphy/byte_num[4].xiphy_byte_wrapper.u_xiphy_byte_wrapper/I_BITSLICE_LOWER[0].GEN_RXTX_BITSLICE_EN.u_xiphy_bitslice_lower/xiphy_rxtx_bitslice/D[6]
                            (rising edge-triggered cell RXTX_BITSLICE clocked by pll_clk[1]_DIV  {rise@0.000ns fall@1.667ns period=3.333ns})
  Path Group:             pll_clk[1]_DIV
  Path Type:              Setup (Max at Slow Process Corner)
  Requirement:            3.333ns  (pll_clk[1]_DIV rise@3.333ns - mmcm_clkout0 rise@0.000ns)
  Data Path Delay:        1.998ns  (logic 0.079ns (3.954%)  route 1.919ns (96.046%))
  Logic Levels:           0  
  Clock Path Skew:        -0.487ns (DCD - SCD + CPR)
    Destination Clock Delay (DCD):    4.097ns = ( 7.430 - 3.333 ) 
    Source Clock Delay      (SCD):    4.267ns
    Clock Pessimism Removal (CPR):    -0.318ns
  Clock Uncertainty:      0.154ns  ((TSJ^2 + DJ^2)^1/2) / 2 + PE
    Total System Jitter     (TSJ):    0.071ns
    Discrete Jitter          (DJ):    0.064ns
    Phase Error              (PE):    0.106ns
  Clock Net Delay (Source):      2.133ns (routing 0.854ns, distribution 1.279ns)
  Clock Net Delay (Destination): 0.014ns (routing 0.014ns, distribution 0.000ns)

    Location             Delay type                Incr(ns)  Path(ns)    Netlist Resource(s)
  -------------------------------------------------------------------    -------------------
                         (clock mmcm_clkout0 rise edge)
                                                      0.000     0.000 r  
    E12                                               0.000     0.000 r  sys_clk_p (IN)
                         net (fo=0)                   0.000     0.000    i_bufds_sys_clk/I
    HPIOBDIFFINBUF_X1Y300
                         DIFFINBUF (Prop_DIFFINBUF_HPIOBDIFFINBUF_DIFF_IN_P_O)
                                                      0.675     0.675 r  i_bufds_sys_clk/DIFFINBUF_INST/O
                         net (fo=1, routed)           0.050     0.725    i_bufds_sys_clk/OUT
    E12                  IBUFCTRL (Prop_IBUFCTRL_HPIOB_M_I_O)
                                                      0.000     0.725 r  i_bufds_sys_clk/IBUFCTRL_INST/O
                         net (fo=1, routed)           0.335     1.060    sys_clk
    BUFGCE_X1Y289        BUFGCE (Prop_BUFCE_BUFGCE_I_O)
                                                      0.028     1.088 r  sys_clk_BUFGCE_inst/O
                         net (fo=19, routed)          0.901     1.989    i_dram_wrapper/i_dram/inst/u_ddr4_infrastructure/mmcm_clk_in
    MMCM_X1Y13           MMCME4_ADV (Prop_MMCM_CLKIN1_CLKOUT0)
                                                     -0.127     1.862 r  i_dram_wrapper/i_dram/inst/u_ddr4_infrastructure/gen_mmcme4.u_mmcme_adv_inst/CLKOUT0
                         net (fo=1, routed)           0.244     2.106    i_dram_wrapper/i_dram/inst/u_ddr4_infrastructure/mmcm_clkout0
    BUFGCE_X1Y332        BUFGCE (Prop_BUFCE_BUFGCE_I_O)
                                                      0.028     2.134 r  i_dram_wrapper/i_dram/inst/u_ddr4_infrastructure/u_bufg_divClk/O
    X4Y12 (CLOCK_ROOT)   net (fo=36893, routed)       2.133     4.267    i_dram_wrapper/i_dram/inst/u_ddr4_mem_intfc/u_ddr_cal_top/u_ddr_mc_pi/u_ddr_mc_write/genByte[5].u_ddr_mc_wr_byte/u_ddr_mc_wr_dm/dReg_reg[0]_0
    SLICE_X126Y830       FDRE                                         r  i_dram_wrapper/i_dram/inst/u_ddr4_mem_intfc/u_ddr_cal_top/u_ddr_mc_pi/u_ddr_mc_write/genByte[5].u_ddr_mc_wr_byte/u_ddr_mc_wr_dm/dReg_reg[6]/C
  -------------------------------------------------------------------    -------------------
    SLICE_X126Y830       FDRE (Prop_CFF_SLICEL_C_Q)
                                                      0.079     4.346 r  i_dram_wrapper/i_dram/inst/u_ddr4_mem_intfc/u_ddr_cal_top/u_ddr_mc_pi/u_ddr_mc_write/genByte[5].u_ddr_mc_wr_byte/u_ddr_mc_wr_dm/dReg_reg[6]/Q
                         net (fo=1, routed)           1.919     6.265    i_dram_wrapper/i_dram/inst/u_ddr4_mem_intfc/u_mig_ddr4_phy/inst/generate_block1.u_ddr_xiphy/byte_num[4].xiphy_byte_wrapper.u_xiphy_byte_wrapper/I_BITSLICE_LOWER[0].GEN_RXTX_BITSLICE_EN.u_xiphy_bitslice_lower/clb2phy_wr_dq0[6]
    BITSLICE_RX_TX_X1Y676
                         RXTX_BITSLICE                                r  i_dram_wrapper/i_dram/inst/u_ddr4_mem_intfc/u_mig_ddr4_phy/inst/generate_block1.u_ddr_xiphy/byte_num[4].xiphy_byte_wrapper.u_xiphy_byte_wrapper/I_BITSLICE_LOWER[0].GEN_RXTX_BITSLICE_EN.u_xiphy_bitslice_lower/xiphy_rxtx_bitslice/D[6]
  -------------------------------------------------------------------    -------------------

                         (clock pll_clk[1]_DIV rise edge)
                                                      3.333     3.333 r  
    E12                                               0.000     3.333 r  sys_clk_p (IN)
                         net (fo=0)                   0.000     3.333    i_bufds_sys_clk/I
    HPIOBDIFFINBUF_X1Y300
                         DIFFINBUF (Prop_DIFFINBUF_HPIOBDIFFINBUF_DIFF_IN_P_O)
                                                      0.564     3.898 r  i_bufds_sys_clk/DIFFINBUF_INST/O
                         net (fo=1, routed)           0.040     3.938    i_bufds_sys_clk/OUT
    E12                  IBUFCTRL (Prop_IBUFCTRL_HPIOB_M_I_O)
                                                      0.000     3.938 r  i_bufds_sys_clk/IBUFCTRL_INST/O
                         net (fo=1, routed)           0.297     4.235    sys_clk
    BUFGCE_X1Y289        BUFGCE (Prop_BUFCE_BUFGCE_I_O)
                                                      0.024     4.259 r  sys_clk_BUFGCE_inst/O
                         net (fo=19, routed)          0.795     5.054    i_dram_wrapper/i_dram/inst/u_ddr4_infrastructure/mmcm_clk_in
    MMCM_X1Y13           MMCME4_ADV (Prop_MMCM_CLKIN1_CLKOUT0)
                                                      0.630     5.684 r  i_dram_wrapper/i_dram/inst/u_ddr4_infrastructure/gen_mmcme4.u_mmcme_adv_inst/CLKOUT0
                         net (fo=1, routed)           0.214     5.898    i_dram_wrapper/i_dram/inst/u_ddr4_infrastructure/mmcm_clkout0
    BUFGCE_X1Y332        BUFGCE (Prop_BUFCE_BUFGCE_I_O)
                                                      0.024     5.922 r  i_dram_wrapper/i_dram/inst/u_ddr4_infrastructure/u_bufg_divClk/O
                         net (fo=36893, routed)       1.804     7.726    i_dram_wrapper/i_dram/inst/u_ddr4_mem_intfc/u_mig_ddr4_phy/inst/u_ddr4_phy_pll/div_clk
    PLL_X1Y26            PLLE4_ADV (Prop_PLL_CLKIN_CLKOUTPHY)
                                                     -0.713     7.012 r  i_dram_wrapper/i_dram/inst/u_ddr4_mem_intfc/u_mig_ddr4_phy/inst/u_ddr4_phy_pll/plle_loop[1].gen_plle4.PLLE4_BASE_INST_OTHER/CLKOUTPHY
                         net (fo=6, routed)           0.103     7.115    i_dram_wrapper/i_dram/inst/u_ddr4_mem_intfc/u_mig_ddr4_phy/inst/generate_block1.u_ddr_xiphy/byte_num[4].xiphy_byte_wrapper.u_xiphy_byte_wrapper/I_CONTROL[0].GEN_I_CONTROL.u_xiphy_control/pll_clk[0]
    BITSLICE_CONTROL_X1Y104
                         BITSLICE_CONTROL (Prop_CONTROL_BITSLICE_CONTROL_PLL_CLK_TX_DIV2_CLK_Q)
                                                      0.117     7.232 r  i_dram_wrapper/i_dram/inst/u_ddr4_mem_intfc/u_mig_ddr4_phy/inst/generate_block1.u_ddr_xiphy/byte_num[4].xiphy_byte_wrapper.u_xiphy_byte_wrapper/I_CONTROL[0].GEN_I_CONTROL.u_xiphy_control/xiphy_control/TX_DIV2_CLK_Q
    BITSLICE_CONTROL_X1Y104
                         BITSLICE_CONTROL (Prop_CONTROL_BITSLICE_CONTROL_TX_DIV2_CLK_Q_TX_DIV4_CLK_Q)
                                                      0.075     7.307 r  i_dram_wrapper/i_dram/inst/u_ddr4_mem_intfc/u_mig_ddr4_phy/inst/generate_block1.u_ddr_xiphy/byte_num[4].xiphy_byte_wrapper.u_xiphy_byte_wrapper/I_CONTROL[0].GEN_I_CONTROL.u_xiphy_control/xiphy_control/TX_DIV4_CLK_Q
    BITSLICE_CONTROL_X1Y104
                         BITSLICE_CONTROL (Prop_CONTROL_BITSLICE_CONTROL_TX_DIV4_CLK_Q_TX_BIT_CTRL_OUT0[26])
                                                      0.109     7.416 r  i_dram_wrapper/i_dram/inst/u_ddr4_mem_intfc/u_mig_ddr4_phy/inst/generate_block1.u_ddr_xiphy/byte_num[4].xiphy_byte_wrapper.u_xiphy_byte_wrapper/I_CONTROL[0].GEN_I_CONTROL.u_xiphy_control/xiphy_control/TX_BIT_CTRL_OUT0[26]
    X4Y13 (CLOCK_ROOT)   net (fo=1, routed)           0.014     7.430    i_dram_wrapper/i_dram/inst/u_ddr4_mem_intfc/u_mig_ddr4_phy/inst/generate_block1.u_ddr_xiphy/byte_num[4].xiphy_byte_wrapper.u_xiphy_byte_wrapper/I_BITSLICE_LOWER[0].GEN_RXTX_BITSLICE_EN.u_xiphy_bitslice_lower/TX_BIT_CTRL_OUT0[26]
    BITSLICE_RX_TX_X1Y676
                         RXTX_BITSLICE                                r  i_dram_wrapper/i_dram/inst/u_ddr4_mem_intfc/u_mig_ddr4_phy/inst/generate_block1.u_ddr_xiphy/byte_num[4].xiphy_byte_wrapper.u_xiphy_byte_wrapper/I_BITSLICE_LOWER[0].GEN_RXTX_BITSLICE_EN.u_xiphy_bitslice_lower/xiphy_rxtx_bitslice/TX_BIT_CTRL_IN[26]
                         clock pessimism             -0.318     7.112    
                         clock uncertainty           -0.154     6.958    
    BITSLICE_RX_TX_X1Y676
                         RXTX_BITSLICE (Setup_RXTX_BITSLICE_BITSLICE_RX_TX_TX_BIT_CTRL_IN[26]_D[6])
                                                     -0.019     6.939    i_dram_wrapper/i_dram/inst/u_ddr4_mem_intfc/u_mig_ddr4_phy/inst/generate_block1.u_ddr_xiphy/byte_num[4].xiphy_byte_wrapper.u_xiphy_byte_wrapper/I_BITSLICE_LOWER[0].GEN_RXTX_BITSLICE_EN.u_xiphy_bitslice_lower/xiphy_rxtx_bitslice
  -------------------------------------------------------------------
                         required time                          6.939    
                         arrival time                          -6.265    
  -------------------------------------------------------------------
                         slack                                  0.675    





Min Delay Paths
--------------------------------------------------------------------------------------
Slack (MET) :             0.704ns  (arrival time - required time)
  Source:                 i_dram_wrapper/i_dram/inst/u_ddr4_mem_intfc/u_ddr_cal_top/u_ddr_mc_pi/u_ddr_mc_write/genByte[7].u_ddr_mc_wr_byte/genBit[1].u_ddr_mc_wr_bit/dReg_reg[1]/C
                            (rising edge-triggered cell FDRE clocked by mmcm_clkout0  {rise@0.000ns fall@1.667ns period=3.333ns})
  Destination:            i_dram_wrapper/i_dram/inst/u_ddr4_mem_intfc/u_mig_ddr4_phy/inst/generate_block1.u_ddr_xiphy/byte_num[6].xiphy_byte_wrapper.u_xiphy_byte_wrapper/I_BITSLICE_LOWER[3].GEN_RXTX_BITSLICE_EN.u_xiphy_bitslice_lower/xiphy_rxtx_bitslice/D[1]
                            (rising edge-triggered cell RXTX_BITSLICE clocked by pll_clk[1]_DIV  {rise@0.000ns fall@1.667ns period=3.333ns})
  Path Group:             pll_clk[1]_DIV
  Path Type:              Hold (Min at Slow Process Corner)
  Requirement:            0.000ns  (pll_clk[1]_DIV rise@0.000ns - mmcm_clkout0 rise@0.000ns)
  Data Path Delay:        0.350ns  (logic 0.058ns (16.571%)  route 0.292ns (83.429%))
  Logic Levels:           0  
  Clock Path Skew:        -0.559ns (DCD - SCD - CPR)
    Destination Clock Delay (DCD):    3.628ns
    Source Clock Delay      (SCD):    4.505ns
    Clock Pessimism Removal (CPR):    -0.318ns
  Clock Uncertainty:      0.154ns  ((TSJ^2 + DJ^2)^1/2) / 2 + PE
    Total System Jitter     (TSJ):    0.071ns
    Discrete Jitter          (DJ):    0.064ns
    Phase Error              (PE):    0.106ns
  Clock Net Delay (Source):      1.917ns (routing 0.777ns, distribution 1.140ns)
  Clock Net Delay (Destination): 0.021ns (routing 0.021ns, distribution 0.000ns)

    Location             Delay type                Incr(ns)  Path(ns)    Netlist Resource(s)
  -------------------------------------------------------------------    -------------------
                         (clock mmcm_clkout0 rise edge)
                                                      0.000     0.000 r  
    E12                                               0.000     0.000 r  sys_clk_p (IN)
                         net (fo=0)                   0.000     0.000    i_bufds_sys_clk/I
    HPIOBDIFFINBUF_X1Y300
                         DIFFINBUF (Prop_DIFFINBUF_HPIOBDIFFINBUF_DIFF_IN_P_O)
                                                      0.564     0.564 r  i_bufds_sys_clk/DIFFINBUF_INST/O
                         net (fo=1, routed)           0.040     0.604    i_bufds_sys_clk/OUT
    E12                  IBUFCTRL (Prop_IBUFCTRL_HPIOB_M_I_O)
                                                      0.000     0.604 r  i_bufds_sys_clk/IBUFCTRL_INST/O
                         net (fo=1, routed)           0.297     0.901    sys_clk
    BUFGCE_X1Y289        BUFGCE (Prop_BUFCE_BUFGCE_I_O)
                                                      0.024     0.925 r  sys_clk_BUFGCE_inst/O
                         net (fo=19, routed)          0.795     1.720    i_dram_wrapper/i_dram/inst/u_ddr4_infrastructure/mmcm_clk_in
    MMCM_X1Y13           MMCME4_ADV (Prop_MMCM_CLKIN1_CLKOUT0)
                                                      0.630     2.350 r  i_dram_wrapper/i_dram/inst/u_ddr4_infrastructure/gen_mmcme4.u_mmcme_adv_inst/CLKOUT0
                         net (fo=1, routed)           0.214     2.564    i_dram_wrapper/i_dram/inst/u_ddr4_infrastructure/mmcm_clkout0
    BUFGCE_X1Y332        BUFGCE (Prop_BUFCE_BUFGCE_I_O)
                                                      0.024     2.588 r  i_dram_wrapper/i_dram/inst/u_ddr4_infrastructure/u_bufg_divClk/O
    X4Y12 (CLOCK_ROOT)   net (fo=36893, routed)       1.917     4.505    i_dram_wrapper/i_dram/inst/u_ddr4_mem_intfc/u_ddr_cal_top/u_ddr_mc_pi/u_ddr_mc_write/genByte[7].u_ddr_mc_wr_byte/genBit[1].u_ddr_mc_wr_bit/dReg_reg[0]_0
    SLICE_X113Y814       FDRE                                         r  i_dram_wrapper/i_dram/inst/u_ddr4_mem_intfc/u_ddr_cal_top/u_ddr_mc_pi/u_ddr_mc_write/genByte[7].u_ddr_mc_wr_byte/genBit[1].u_ddr_mc_wr_bit/dReg_reg[1]/C
  -------------------------------------------------------------------    -------------------
    SLICE_X113Y814       FDRE (Prop_DFF_SLICEM_C_Q)
                                                      0.058     4.563 r  i_dram_wrapper/i_dram/inst/u_ddr4_mem_intfc/u_ddr_cal_top/u_ddr_mc_pi/u_ddr_mc_write/genByte[7].u_ddr_mc_wr_byte/genBit[1].u_ddr_mc_wr_bit/dReg_reg[1]/Q
                         net (fo=1, routed)           0.292     4.855    i_dram_wrapper/i_dram/inst/u_ddr4_mem_intfc/u_mig_ddr4_phy/inst/generate_block1.u_ddr_xiphy/byte_num[6].xiphy_byte_wrapper.u_xiphy_byte_wrapper/I_BITSLICE_LOWER[3].GEN_RXTX_BITSLICE_EN.u_xiphy_bitslice_lower/ch0_mcal_DQOut[1]
    BITSLICE_RX_TX_X1Y705
                         RXTX_BITSLICE                                r  i_dram_wrapper/i_dram/inst/u_ddr4_mem_intfc/u_mig_ddr4_phy/inst/generate_block1.u_ddr_xiphy/byte_num[6].xiphy_byte_wrapper.u_xiphy_byte_wrapper/I_BITSLICE_LOWER[3].GEN_RXTX_BITSLICE_EN.u_xiphy_bitslice_lower/xiphy_rxtx_bitslice/D[1]
  -------------------------------------------------------------------    -------------------

                         (clock pll_clk[1]_DIV rise edge)
                                                      0.000     0.000 r  
    E12                                               0.000     0.000 r  sys_clk_p (IN)
                         net (fo=0)                   0.000     0.000    i_bufds_sys_clk/I
    HPIOBDIFFINBUF_X1Y300
                         DIFFINBUF (Prop_DIFFINBUF_HPIOBDIFFINBUF_DIFF_IN_P_O)
                                                      0.675     0.675 r  i_bufds_sys_clk/DIFFINBUF_INST/O
                         net (fo=1, routed)           0.050     0.725    i_bufds_sys_clk/OUT
    E12                  IBUFCTRL (Prop_IBUFCTRL_HPIOB_M_I_O)
                                                      0.000     0.725 r  i_bufds_sys_clk/IBUFCTRL_INST/O
                         net (fo=1, routed)           0.335     1.060    sys_clk
    BUFGCE_X1Y289        BUFGCE (Prop_BUFCE_BUFGCE_I_O)
                                                      0.028     1.088 r  sys_clk_BUFGCE_inst/O
                         net (fo=19, routed)          0.901     1.989    i_dram_wrapper/i_dram/inst/u_ddr4_infrastructure/mmcm_clk_in
    MMCM_X1Y13           MMCME4_ADV (Prop_MMCM_CLKIN1_CLKOUT0)
                                                     -0.127     1.862 r  i_dram_wrapper/i_dram/inst/u_ddr4_infrastructure/gen_mmcme4.u_mmcme_adv_inst/CLKOUT0
                         net (fo=1, routed)           0.244     2.106    i_dram_wrapper/i_dram/inst/u_ddr4_infrastructure/mmcm_clkout0
    BUFGCE_X1Y332        BUFGCE (Prop_BUFCE_BUFGCE_I_O)
                                                      0.028     2.134 r  i_dram_wrapper/i_dram/inst/u_ddr4_infrastructure/u_bufg_divClk/O
                         net (fo=36893, routed)       2.001     4.135    i_dram_wrapper/i_dram/inst/u_ddr4_mem_intfc/u_mig_ddr4_phy/inst/u_ddr4_phy_pll/div_clk
    PLL_X1Y26            PLLE4_ADV (Prop_PLL_CLKIN_CLKOUTPHY)
                                                     -1.141     2.993 r  i_dram_wrapper/i_dram/inst/u_ddr4_mem_intfc/u_mig_ddr4_phy/inst/u_ddr4_phy_pll/plle_loop[1].gen_plle4.PLLE4_BASE_INST_OTHER/CLKOUTPHY
                         net (fo=6, routed)           0.141     3.134    i_dram_wrapper/i_dram/inst/u_ddr4_mem_intfc/u_mig_ddr4_phy/inst/generate_block1.u_ddr_xiphy/byte_num[6].xiphy_byte_wrapper.u_xiphy_byte_wrapper/I_CONTROL[0].GEN_I_CONTROL.u_xiphy_control/pll_clk[0]
    BITSLICE_CONTROL_X1Y108
                         BITSLICE_CONTROL (Prop_CONTROL_BITSLICE_CONTROL_PLL_CLK_TX_DIV2_CLK_Q)
                                                      0.177     3.311 r  i_dram_wrapper/i_dram/inst/u_ddr4_mem_intfc/u_mig_ddr4_phy/inst/generate_block1.u_ddr_xiphy/byte_num[6].xiphy_byte_wrapper.u_xiphy_byte_wrapper/I_CONTROL[0].GEN_I_CONTROL.u_xiphy_control/xiphy_control/TX_DIV2_CLK_Q
    BITSLICE_CONTROL_X1Y108
                         BITSLICE_CONTROL (Prop_CONTROL_BITSLICE_CONTROL_TX_DIV2_CLK_Q_TX_DIV4_CLK_Q)
                                                      0.109     3.420 r  i_dram_wrapper/i_dram/inst/u_ddr4_mem_intfc/u_mig_ddr4_phy/inst/generate_block1.u_ddr_xiphy/byte_num[6].xiphy_byte_wrapper.u_xiphy_byte_wrapper/I_CONTROL[0].GEN_I_CONTROL.u_xiphy_control/xiphy_control/TX_DIV4_CLK_Q
    BITSLICE_CONTROL_X1Y108
                         BITSLICE_CONTROL (Prop_CONTROL_BITSLICE_CONTROL_TX_DIV4_CLK_Q_TX_BIT_CTRL_OUT3[26])
                                                      0.187     3.607 r  i_dram_wrapper/i_dram/inst/u_ddr4_mem_intfc/u_mig_ddr4_phy/inst/generate_block1.u_ddr_xiphy/byte_num[6].xiphy_byte_wrapper.u_xiphy_byte_wrapper/I_CONTROL[0].GEN_I_CONTROL.u_xiphy_control/xiphy_control/TX_BIT_CTRL_OUT3[26]
    X4Y13 (CLOCK_ROOT)   net (fo=1, routed)           0.021     3.628    i_dram_wrapper/i_dram/inst/u_ddr4_mem_intfc/u_mig_ddr4_phy/inst/generate_block1.u_ddr_xiphy/byte_num[6].xiphy_byte_wrapper.u_xiphy_byte_wrapper/I_BITSLICE_LOWER[3].GEN_RXTX_BITSLICE_EN.u_xiphy_bitslice_lower/TX_BIT_CTRL_OUT3[26]
    BITSLICE_RX_TX_X1Y705
                         RXTX_BITSLICE                                r  i_dram_wrapper/i_dram/inst/u_ddr4_mem_intfc/u_mig_ddr4_phy/inst/generate_block1.u_ddr_xiphy/byte_num[6].xiphy_byte_wrapper.u_xiphy_byte_wrapper/I_BITSLICE_LOWER[3].GEN_RXTX_BITSLICE_EN.u_xiphy_bitslice_lower/xiphy_rxtx_bitslice/TX_BIT_CTRL_IN[26]
                         clock pessimism              0.318     3.946    
                         clock uncertainty            0.154     4.100    
    BITSLICE_RX_TX_X1Y705
                         RXTX_BITSLICE (Hold_RXTX_BITSLICE_BITSLICE_RX_TX_TX_BIT_CTRL_IN[26]_D[1])
                                                      0.051     4.151    i_dram_wrapper/i_dram/inst/u_ddr4_mem_intfc/u_mig_ddr4_phy/inst/generate_block1.u_ddr_xiphy/byte_num[6].xiphy_byte_wrapper.u_xiphy_byte_wrapper/I_BITSLICE_LOWER[3].GEN_RXTX_BITSLICE_EN.u_xiphy_bitslice_lower/xiphy_rxtx_bitslice
  -------------------------------------------------------------------
                         required time                         -4.151    
                         arrival time                           4.855    
  -------------------------------------------------------------------
                         slack                                  0.704    





---------------------------------------------------------------------------------------------------
From Clock:  mmcm_clkout0
  To Clock:  pll_clk[2]_DIV

Setup :            0  Failing Endpoints,  Worst Slack        0.426ns,  Total Violation        0.000ns
Hold  :            0  Failing Endpoints,  Worst Slack        0.713ns,  Total Violation        0.000ns
---------------------------------------------------------------------------------------------------


Max Delay Paths
--------------------------------------------------------------------------------------
Slack (MET) :             0.426ns  (required time - arrival time)
  Source:                 i_dram_wrapper/i_dram/inst/u_ddr4_mem_intfc/u_ddr_cal_top/u_ddr_mc_pi/u_ddr_mc_write/oe_upp_reg[2]/C
                            (rising edge-triggered cell FDRE clocked by mmcm_clkout0  {rise@0.000ns fall@1.667ns period=3.333ns})
  Destination:            i_dram_wrapper/i_dram/inst/u_ddr4_mem_intfc/u_mig_ddr4_phy/inst/generate_block1.u_ddr_xiphy/byte_num[11].xiphy_byte_wrapper.u_xiphy_byte_wrapper/I_CONTROL[1].GEN_I_CONTROL.u_xiphy_control/xiphy_control/TBYTE_IN[2]
                            (rising edge-triggered cell BITSLICE_CONTROL clocked by pll_clk[2]_DIV  {rise@0.000ns fall@1.667ns period=3.333ns})
  Path Group:             pll_clk[2]_DIV
  Path Type:              Setup (Max at Slow Process Corner)
  Requirement:            3.333ns  (pll_clk[2]_DIV rise@3.333ns - mmcm_clkout0 rise@0.000ns)
  Data Path Delay:        1.950ns  (logic 0.078ns (4.000%)  route 1.872ns (96.000%))
  Logic Levels:           0  
  Clock Path Skew:        -0.635ns (DCD - SCD + CPR)
    Destination Clock Delay (DCD):    3.981ns = ( 7.314 - 3.333 ) 
    Source Clock Delay      (SCD):    4.239ns
    Clock Pessimism Removal (CPR):    -0.378ns
  Clock Uncertainty:      0.154ns  ((TSJ^2 + DJ^2)^1/2) / 2 + PE
    Total System Jitter     (TSJ):    0.071ns
    Discrete Jitter          (DJ):    0.064ns
    Phase Error              (PE):    0.106ns
  Clock Net Delay (Source):      2.105ns (routing 0.854ns, distribution 1.251ns)
  Clock Net Delay (Destination): 0.105ns (routing 0.089ns, distribution 0.016ns)

    Location             Delay type                Incr(ns)  Path(ns)    Netlist Resource(s)
  -------------------------------------------------------------------    -------------------
                         (clock mmcm_clkout0 rise edge)
                                                      0.000     0.000 r  
    E12                                               0.000     0.000 r  sys_clk_p (IN)
                         net (fo=0)                   0.000     0.000    i_bufds_sys_clk/I
    HPIOBDIFFINBUF_X1Y300
                         DIFFINBUF (Prop_DIFFINBUF_HPIOBDIFFINBUF_DIFF_IN_P_O)
                                                      0.675     0.675 r  i_bufds_sys_clk/DIFFINBUF_INST/O
                         net (fo=1, routed)           0.050     0.725    i_bufds_sys_clk/OUT
    E12                  IBUFCTRL (Prop_IBUFCTRL_HPIOB_M_I_O)
                                                      0.000     0.725 r  i_bufds_sys_clk/IBUFCTRL_INST/O
                         net (fo=1, routed)           0.335     1.060    sys_clk
    BUFGCE_X1Y289        BUFGCE (Prop_BUFCE_BUFGCE_I_O)
                                                      0.028     1.088 r  sys_clk_BUFGCE_inst/O
                         net (fo=19, routed)          0.901     1.989    i_dram_wrapper/i_dram/inst/u_ddr4_infrastructure/mmcm_clk_in
    MMCM_X1Y13           MMCME4_ADV (Prop_MMCM_CLKIN1_CLKOUT0)
                                                     -0.127     1.862 r  i_dram_wrapper/i_dram/inst/u_ddr4_infrastructure/gen_mmcme4.u_mmcme_adv_inst/CLKOUT0
                         net (fo=1, routed)           0.244     2.106    i_dram_wrapper/i_dram/inst/u_ddr4_infrastructure/mmcm_clkout0
    BUFGCE_X1Y332        BUFGCE (Prop_BUFCE_BUFGCE_I_O)
                                                      0.028     2.134 r  i_dram_wrapper/i_dram/inst/u_ddr4_infrastructure/u_bufg_divClk/O
    X4Y12 (CLOCK_ROOT)   net (fo=36893, routed)       2.105     4.239    i_dram_wrapper/i_dram/inst/u_ddr4_mem_intfc/u_ddr_cal_top/u_ddr_mc_pi/u_ddr_mc_write/wosp_reg[2]_rep__7_0
    SLICE_X117Y764       FDRE                                         r  i_dram_wrapper/i_dram/inst/u_ddr4_mem_intfc/u_ddr_cal_top/u_ddr_mc_pi/u_ddr_mc_write/oe_upp_reg[2]/C
  -------------------------------------------------------------------    -------------------
    SLICE_X117Y764       FDRE (Prop_CFF_SLICEM_C_Q)
                                                      0.078     4.317 r  i_dram_wrapper/i_dram/inst/u_ddr4_mem_intfc/u_ddr_cal_top/u_ddr_mc_pi/u_ddr_mc_write/oe_upp_reg[2]/Q
                         net (fo=8, routed)           1.872     6.189    i_dram_wrapper/i_dram/inst/u_ddr4_mem_intfc/u_mig_ddr4_phy/inst/generate_block1.u_ddr_xiphy/byte_num[11].xiphy_byte_wrapper.u_xiphy_byte_wrapper/I_CONTROL[1].GEN_I_CONTROL.u_xiphy_control/ch0_mcal_clb2phy_t_b_upp[2]
    BITSLICE_CONTROL_X1Y119
                         BITSLICE_CONTROL                             r  i_dram_wrapper/i_dram/inst/u_ddr4_mem_intfc/u_mig_ddr4_phy/inst/generate_block1.u_ddr_xiphy/byte_num[11].xiphy_byte_wrapper.u_xiphy_byte_wrapper/I_CONTROL[1].GEN_I_CONTROL.u_xiphy_control/xiphy_control/TBYTE_IN[2]
  -------------------------------------------------------------------    -------------------

                         (clock pll_clk[2]_DIV rise edge)
                                                      3.333     3.333 f  
    E12                                               0.000     3.333 f  sys_clk_p (IN)
                         net (fo=0)                   0.000     3.333    i_bufds_sys_clk/I
    HPIOBDIFFINBUF_X1Y300
                         DIFFINBUF (Prop_DIFFINBUF_HPIOBDIFFINBUF_DIFF_IN_P_O)
                                                      0.564     3.898 f  i_bufds_sys_clk/DIFFINBUF_INST/O
                         net (fo=1, routed)           0.040     3.938    i_bufds_sys_clk/OUT
    E12                  IBUFCTRL (Prop_IBUFCTRL_HPIOB_M_I_O)
                                                      0.000     3.938 f  i_bufds_sys_clk/IBUFCTRL_INST/O
                         net (fo=1, routed)           0.297     4.235    sys_clk
    BUFGCE_X1Y289        BUFGCE (Prop_BUFCE_BUFGCE_I_O)
                                                      0.024     4.259 f  sys_clk_BUFGCE_inst/O
                         net (fo=19, routed)          0.795     5.054    i_dram_wrapper/i_dram/inst/u_ddr4_infrastructure/mmcm_clk_in
    MMCM_X1Y13           MMCME4_ADV (Prop_MMCM_CLKIN1_CLKOUT0)
                                                      0.630     5.684 f  i_dram_wrapper/i_dram/inst/u_ddr4_infrastructure/gen_mmcme4.u_mmcme_adv_inst/CLKOUT0
                         net (fo=1, routed)           0.214     5.898    i_dram_wrapper/i_dram/inst/u_ddr4_infrastructure/mmcm_clkout0
    BUFGCE_X1Y332        BUFGCE (Prop_BUFCE_BUFGCE_I_O)
                                                      0.024     5.922 f  i_dram_wrapper/i_dram/inst/u_ddr4_infrastructure/u_bufg_divClk/O
                         net (fo=36893, routed)       1.820     7.742    i_dram_wrapper/i_dram/inst/u_ddr4_mem_intfc/u_mig_ddr4_phy/inst/u_ddr4_phy_pll/div_clk
    PLL_X1Y28            PLLE4_ADV (Prop_PLL_CLKIN_CLKOUTPHY)
                                                     -0.713     7.028 f  i_dram_wrapper/i_dram/inst/u_ddr4_mem_intfc/u_mig_ddr4_phy/inst/u_ddr4_phy_pll/plle_loop[2].gen_plle4.PLLE4_BASE_INST_OTHER/CLKOUTPHY
    X4Y14 (CLOCK_ROOT)   net (fo=8, routed)           0.105     7.133    i_dram_wrapper/i_dram/inst/u_ddr4_mem_intfc/u_mig_ddr4_phy/inst/generate_block1.u_ddr_xiphy/byte_num[11].xiphy_byte_wrapper.u_xiphy_byte_wrapper/I_CONTROL[1].GEN_I_CONTROL.u_xiphy_control/pll_clk[0]
    BITSLICE_CONTROL_X1Y119
                         BITSLICE_CONTROL (Prop_CONTROL_BITSLICE_CONTROL_PLL_CLK_TX_DIV2_CLK_Q)
                                                      0.106     7.239 r  i_dram_wrapper/i_dram/inst/u_ddr4_mem_intfc/u_mig_ddr4_phy/inst/generate_block1.u_ddr_xiphy/byte_num[11].xiphy_byte_wrapper.u_xiphy_byte_wrapper/I_CONTROL[1].GEN_I_CONTROL.u_xiphy_control/xiphy_control/TX_DIV2_CLK_Q
    BITSLICE_CONTROL_X1Y119
                         BITSLICE_CONTROL (Prop_CONTROL_BITSLICE_CONTROL_TX_DIV2_CLK_Q_TX_DIV4_CLK_Q)
                                                      0.075     7.314 r  i_dram_wrapper/i_dram/inst/u_ddr4_mem_intfc/u_mig_ddr4_phy/inst/generate_block1.u_ddr_xiphy/byte_num[11].xiphy_byte_wrapper.u_xiphy_byte_wrapper/I_CONTROL[1].GEN_I_CONTROL.u_xiphy_control/xiphy_control/TX_DIV4_CLK_Q
                         clock pessimism             -0.378     6.937    
                         clock uncertainty           -0.154     6.783    
    BITSLICE_CONTROL_X1Y119
                         BITSLICE_CONTROL (Setup_CONTROL_BITSLICE_CONTROL_TX_DIV4_CLK_Q_TBYTE_IN[2])
                                                     -0.168     6.615    i_dram_wrapper/i_dram/inst/u_ddr4_mem_intfc/u_mig_ddr4_phy/inst/generate_block1.u_ddr_xiphy/byte_num[11].xiphy_byte_wrapper.u_xiphy_byte_wrapper/I_CONTROL[1].GEN_I_CONTROL.u_xiphy_control/xiphy_control
  -------------------------------------------------------------------
                         required time                          6.615    
                         arrival time                          -6.189    
  -------------------------------------------------------------------
                         slack                                  0.426    





Min Delay Paths
--------------------------------------------------------------------------------------
Slack (MET) :             0.713ns  (arrival time - required time)
  Source:                 i_dram_wrapper/i_dram/inst/u_ddr4_mem_intfc/u_ddr_cal_top/u_ddr_mc_pi/u_ddr_mc_write/genByte[2].u_ddr_mc_wr_byte/genBit[3].u_ddr_mc_wr_bit/dReg_reg[6]/C
                            (rising edge-triggered cell FDRE clocked by mmcm_clkout0  {rise@0.000ns fall@1.667ns period=3.333ns})
  Destination:            i_dram_wrapper/i_dram/inst/u_ddr4_mem_intfc/u_mig_ddr4_phy/inst/generate_block1.u_ddr_xiphy/byte_num[9].xiphy_byte_wrapper.u_xiphy_byte_wrapper/I_BITSLICE_LOWER[5].GEN_RXTX_BITSLICE_EN.u_xiphy_bitslice_lower/xiphy_rxtx_bitslice/D[6]
                            (rising edge-triggered cell RXTX_BITSLICE clocked by pll_clk[2]_DIV  {rise@0.000ns fall@1.667ns period=3.333ns})
  Path Group:             pll_clk[2]_DIV
  Path Type:              Hold (Min at Slow Process Corner)
  Requirement:            0.000ns  (pll_clk[2]_DIV rise@0.000ns - mmcm_clkout0 rise@0.000ns)
  Data Path Delay:        0.349ns  (logic 0.058ns (16.619%)  route 0.291ns (83.381%))
  Logic Levels:           0  
  Clock Path Skew:        -0.561ns (DCD - SCD - CPR)
    Destination Clock Delay (DCD):    3.659ns
    Source Clock Delay      (SCD):    4.533ns
    Clock Pessimism Removal (CPR):    -0.313ns
  Clock Uncertainty:      0.154ns  ((TSJ^2 + DJ^2)^1/2) / 2 + PE
    Total System Jitter     (TSJ):    0.071ns
    Discrete Jitter          (DJ):    0.064ns
    Phase Error              (PE):    0.106ns
  Clock Net Delay (Source):      1.945ns (routing 0.777ns, distribution 1.168ns)
  Clock Net Delay (Destination): 0.024ns (routing 0.024ns, distribution 0.000ns)

    Location             Delay type                Incr(ns)  Path(ns)    Netlist Resource(s)
  -------------------------------------------------------------------    -------------------
                         (clock mmcm_clkout0 rise edge)
                                                      0.000     0.000 r  
    E12                                               0.000     0.000 r  sys_clk_p (IN)
                         net (fo=0)                   0.000     0.000    i_bufds_sys_clk/I
    HPIOBDIFFINBUF_X1Y300
                         DIFFINBUF (Prop_DIFFINBUF_HPIOBDIFFINBUF_DIFF_IN_P_O)
                                                      0.564     0.564 r  i_bufds_sys_clk/DIFFINBUF_INST/O
                         net (fo=1, routed)           0.040     0.604    i_bufds_sys_clk/OUT
    E12                  IBUFCTRL (Prop_IBUFCTRL_HPIOB_M_I_O)
                                                      0.000     0.604 r  i_bufds_sys_clk/IBUFCTRL_INST/O
                         net (fo=1, routed)           0.297     0.901    sys_clk
    BUFGCE_X1Y289        BUFGCE (Prop_BUFCE_BUFGCE_I_O)
                                                      0.024     0.925 r  sys_clk_BUFGCE_inst/O
                         net (fo=19, routed)          0.795     1.720    i_dram_wrapper/i_dram/inst/u_ddr4_infrastructure/mmcm_clk_in
    MMCM_X1Y13           MMCME4_ADV (Prop_MMCM_CLKIN1_CLKOUT0)
                                                      0.630     2.350 r  i_dram_wrapper/i_dram/inst/u_ddr4_infrastructure/gen_mmcme4.u_mmcme_adv_inst/CLKOUT0
                         net (fo=1, routed)           0.214     2.564    i_dram_wrapper/i_dram/inst/u_ddr4_infrastructure/mmcm_clkout0
    BUFGCE_X1Y332        BUFGCE (Prop_BUFCE_BUFGCE_I_O)
                                                      0.024     2.588 r  i_dram_wrapper/i_dram/inst/u_ddr4_infrastructure/u_bufg_divClk/O
    X4Y12 (CLOCK_ROOT)   net (fo=36893, routed)       1.945     4.533    i_dram_wrapper/i_dram/inst/u_ddr4_mem_intfc/u_ddr_cal_top/u_ddr_mc_pi/u_ddr_mc_write/genByte[2].u_ddr_mc_wr_byte/genBit[3].u_ddr_mc_wr_bit/dReg_reg[13]_2
    SLICE_X114Y861       FDRE                                         r  i_dram_wrapper/i_dram/inst/u_ddr4_mem_intfc/u_ddr_cal_top/u_ddr_mc_pi/u_ddr_mc_write/genByte[2].u_ddr_mc_wr_byte/genBit[3].u_ddr_mc_wr_bit/dReg_reg[6]/C
  -------------------------------------------------------------------    -------------------
    SLICE_X114Y861       FDRE (Prop_HFF_SLICEL_C_Q)
                                                      0.058     4.591 r  i_dram_wrapper/i_dram/inst/u_ddr4_mem_intfc/u_ddr_cal_top/u_ddr_mc_pi/u_ddr_mc_write/genByte[2].u_ddr_mc_wr_byte/genBit[3].u_ddr_mc_wr_bit/dReg_reg[6]/Q
                         net (fo=1, routed)           0.291     4.882    i_dram_wrapper/i_dram/inst/u_ddr4_mem_intfc/u_mig_ddr4_phy/inst/generate_block1.u_ddr_xiphy/byte_num[9].xiphy_byte_wrapper.u_xiphy_byte_wrapper/I_BITSLICE_LOWER[5].GEN_RXTX_BITSLICE_EN.u_xiphy_bitslice_lower/ch0_mcal_DQOut[6]
    BITSLICE_RX_TX_X1Y746
                         RXTX_BITSLICE                                r  i_dram_wrapper/i_dram/inst/u_ddr4_mem_intfc/u_mig_ddr4_phy/inst/generate_block1.u_ddr_xiphy/byte_num[9].xiphy_byte_wrapper.u_xiphy_byte_wrapper/I_BITSLICE_LOWER[5].GEN_RXTX_BITSLICE_EN.u_xiphy_bitslice_lower/xiphy_rxtx_bitslice/D[6]
  -------------------------------------------------------------------    -------------------

                         (clock pll_clk[2]_DIV rise edge)
                                                      0.000     0.000 f  
    E12                                               0.000     0.000 f  sys_clk_p (IN)
                         net (fo=0)                   0.000     0.000    i_bufds_sys_clk/I
    HPIOBDIFFINBUF_X1Y300
                         DIFFINBUF (Prop_DIFFINBUF_HPIOBDIFFINBUF_DIFF_IN_P_O)
                                                      0.675     0.675 f  i_bufds_sys_clk/DIFFINBUF_INST/O
                         net (fo=1, routed)           0.050     0.725    i_bufds_sys_clk/OUT
    E12                  IBUFCTRL (Prop_IBUFCTRL_HPIOB_M_I_O)
                                                      0.000     0.725 f  i_bufds_sys_clk/IBUFCTRL_INST/O
                         net (fo=1, routed)           0.335     1.060    sys_clk
    BUFGCE_X1Y289        BUFGCE (Prop_BUFCE_BUFGCE_I_O)
                                                      0.028     1.088 f  sys_clk_BUFGCE_inst/O
                         net (fo=19, routed)          0.901     1.989    i_dram_wrapper/i_dram/inst/u_ddr4_infrastructure/mmcm_clk_in
    MMCM_X1Y13           MMCME4_ADV (Prop_MMCM_CLKIN1_CLKOUT0)
                                                     -0.127     1.862 f  i_dram_wrapper/i_dram/inst/u_ddr4_infrastructure/gen_mmcme4.u_mmcme_adv_inst/CLKOUT0
                         net (fo=1, routed)           0.244     2.106    i_dram_wrapper/i_dram/inst/u_ddr4_infrastructure/mmcm_clkout0
    BUFGCE_X1Y332        BUFGCE (Prop_BUFCE_BUFGCE_I_O)
                                                      0.028     2.134 f  i_dram_wrapper/i_dram/inst/u_ddr4_infrastructure/u_bufg_divClk/O
                         net (fo=36893, routed)       2.022     4.156    i_dram_wrapper/i_dram/inst/u_ddr4_mem_intfc/u_mig_ddr4_phy/inst/u_ddr4_phy_pll/div_clk
    PLL_X1Y28            PLLE4_ADV (Prop_PLL_CLKIN_CLKOUTPHY)
                                                     -1.141     3.014 f  i_dram_wrapper/i_dram/inst/u_ddr4_mem_intfc/u_mig_ddr4_phy/inst/u_ddr4_phy_pll/plle_loop[2].gen_plle4.PLLE4_BASE_INST_OTHER/CLKOUTPHY
                         net (fo=8, routed)           0.143     3.157    i_dram_wrapper/i_dram/inst/u_ddr4_mem_intfc/u_mig_ddr4_phy/inst/generate_block1.u_ddr_xiphy/byte_num[9].xiphy_byte_wrapper.u_xiphy_byte_wrapper/I_CONTROL[0].GEN_I_CONTROL.u_xiphy_control/pll_clk[0]
    BITSLICE_CONTROL_X1Y114
                         BITSLICE_CONTROL (Prop_CONTROL_BITSLICE_CONTROL_PLL_CLK_TX_DIV2_CLK_Q)
                                                      0.177     3.334 r  i_dram_wrapper/i_dram/inst/u_ddr4_mem_intfc/u_mig_ddr4_phy/inst/generate_block1.u_ddr_xiphy/byte_num[9].xiphy_byte_wrapper.u_xiphy_byte_wrapper/I_CONTROL[0].GEN_I_CONTROL.u_xiphy_control/xiphy_control/TX_DIV2_CLK_Q
    BITSLICE_CONTROL_X1Y114
                         BITSLICE_CONTROL (Prop_CONTROL_BITSLICE_CONTROL_TX_DIV2_CLK_Q_TX_DIV4_CLK_Q)
                                                      0.109     3.443 r  i_dram_wrapper/i_dram/inst/u_ddr4_mem_intfc/u_mig_ddr4_phy/inst/generate_block1.u_ddr_xiphy/byte_num[9].xiphy_byte_wrapper.u_xiphy_byte_wrapper/I_CONTROL[0].GEN_I_CONTROL.u_xiphy_control/xiphy_control/TX_DIV4_CLK_Q
    BITSLICE_CONTROL_X1Y114
                         BITSLICE_CONTROL (Prop_CONTROL_BITSLICE_CONTROL_TX_DIV4_CLK_Q_TX_BIT_CTRL_OUT5[26])
                                                      0.192     3.635 r  i_dram_wrapper/i_dram/inst/u_ddr4_mem_intfc/u_mig_ddr4_phy/inst/generate_block1.u_ddr_xiphy/byte_num[9].xiphy_byte_wrapper.u_xiphy_byte_wrapper/I_CONTROL[0].GEN_I_CONTROL.u_xiphy_control/xiphy_control/TX_BIT_CTRL_OUT5[26]
    X4Y14 (CLOCK_ROOT)   net (fo=1, routed)           0.024     3.659    i_dram_wrapper/i_dram/inst/u_ddr4_mem_intfc/u_mig_ddr4_phy/inst/generate_block1.u_ddr_xiphy/byte_num[9].xiphy_byte_wrapper.u_xiphy_byte_wrapper/I_BITSLICE_LOWER[5].GEN_RXTX_BITSLICE_EN.u_xiphy_bitslice_lower/TX_BIT_CTRL_OUT5[26]
    BITSLICE_RX_TX_X1Y746
                         RXTX_BITSLICE                                r  i_dram_wrapper/i_dram/inst/u_ddr4_mem_intfc/u_mig_ddr4_phy/inst/generate_block1.u_ddr_xiphy/byte_num[9].xiphy_byte_wrapper.u_xiphy_byte_wrapper/I_BITSLICE_LOWER[5].GEN_RXTX_BITSLICE_EN.u_xiphy_bitslice_lower/xiphy_rxtx_bitslice/TX_BIT_CTRL_IN[26]
                         clock pessimism              0.313     3.972    
                         clock uncertainty            0.154     4.127    
    BITSLICE_RX_TX_X1Y746
                         RXTX_BITSLICE (Hold_RXTX_BITSLICE_BITSLICE_RX_TX_TX_BIT_CTRL_IN[26]_D[6])
                                                      0.043     4.170    i_dram_wrapper/i_dram/inst/u_ddr4_mem_intfc/u_mig_ddr4_phy/inst/generate_block1.u_ddr_xiphy/byte_num[9].xiphy_byte_wrapper.u_xiphy_byte_wrapper/I_BITSLICE_LOWER[5].GEN_RXTX_BITSLICE_EN.u_xiphy_bitslice_lower/xiphy_rxtx_bitslice
  -------------------------------------------------------------------
                         required time                         -4.170    
                         arrival time                           4.882    
  -------------------------------------------------------------------
                         slack                                  0.713    





---------------------------------------------------------------------------------------------------
From Clock:  mmcm_clkout0
  To Clock:  mmcm_clkout6

Setup :            0  Failing Endpoints,  Worst Slack        1.827ns,  Total Violation        0.000ns
Hold  :            0  Failing Endpoints,  Worst Slack        0.146ns,  Total Violation        0.000ns
---------------------------------------------------------------------------------------------------


Max Delay Paths
--------------------------------------------------------------------------------------
Slack (MET) :             1.827ns  (required time - arrival time)
  Source:                 i_dram_wrapper/i_dram/inst/u_ddr4_mem_intfc/u_ddr_cal_top/sample_gts_reg/C
                            (rising edge-triggered cell FDRE clocked by mmcm_clkout0  {rise@0.000ns fall@1.667ns period=3.333ns})
  Destination:            i_dram_wrapper/i_dram/inst/u_ddr4_mem_intfc/u_ddr_cal_riu/sample_gts_riu_reg/D
                            (rising edge-triggered cell FDRE clocked by mmcm_clkout6  {rise@0.000ns fall@3.333ns period=6.667ns})
  Path Group:             mmcm_clkout6
  Path Type:              Setup (Max at Slow Process Corner)
  Requirement:            3.333ns  (mmcm_clkout6 rise@6.667ns - mmcm_clkout0 rise@3.333ns)
  Data Path Delay:        1.049ns  (logic 0.078ns (7.436%)  route 0.971ns (92.564%))
  Logic Levels:           0  
  Clock Path Skew:        -0.306ns (DCD - SCD + CPR)
    Destination Clock Delay (DCD):    4.423ns = ( 11.090 - 6.667 ) 
    Source Clock Delay      (SCD):    4.241ns = ( 7.574 - 3.333 ) 
    Clock Pessimism Removal (CPR):    -0.489ns
  Clock Uncertainty:      0.176ns  ((TSJ^2 + DJ^2)^1/2) / 2 + PE
    Total System Jitter     (TSJ):    0.071ns
    Discrete Jitter          (DJ):    0.087ns
    Phase Error              (PE):    0.120ns
  Clock Net Delay (Source):      2.107ns (routing 0.854ns, distribution 1.253ns)
  Clock Net Delay (Destination): 1.823ns (routing 0.758ns, distribution 1.065ns)

    Location             Delay type                Incr(ns)  Path(ns)    Netlist Resource(s)
  -------------------------------------------------------------------    -------------------
                         (clock mmcm_clkout0 rise edge)
                                                      3.333     3.333 r  
    E12                                               0.000     3.333 r  sys_clk_p (IN)
                         net (fo=0)                   0.000     3.333    i_bufds_sys_clk/I
    HPIOBDIFFINBUF_X1Y300
                         DIFFINBUF (Prop_DIFFINBUF_HPIOBDIFFINBUF_DIFF_IN_P_O)
                                                      0.675     4.008 r  i_bufds_sys_clk/DIFFINBUF_INST/O
                         net (fo=1, routed)           0.050     4.058    i_bufds_sys_clk/OUT
    E12                  IBUFCTRL (Prop_IBUFCTRL_HPIOB_M_I_O)
                                                      0.000     4.058 r  i_bufds_sys_clk/IBUFCTRL_INST/O
                         net (fo=1, routed)           0.335     4.393    sys_clk
    BUFGCE_X1Y289        BUFGCE (Prop_BUFCE_BUFGCE_I_O)
                                                      0.028     4.421 r  sys_clk_BUFGCE_inst/O
                         net (fo=19, routed)          0.901     5.322    i_dram_wrapper/i_dram/inst/u_ddr4_infrastructure/mmcm_clk_in
    MMCM_X1Y13           MMCME4_ADV (Prop_MMCM_CLKIN1_CLKOUT0)
                                                     -0.127     5.195 r  i_dram_wrapper/i_dram/inst/u_ddr4_infrastructure/gen_mmcme4.u_mmcme_adv_inst/CLKOUT0
                         net (fo=1, routed)           0.244     5.439    i_dram_wrapper/i_dram/inst/u_ddr4_infrastructure/mmcm_clkout0
    BUFGCE_X1Y332        BUFGCE (Prop_BUFCE_BUFGCE_I_O)
                                                      0.028     5.467 r  i_dram_wrapper/i_dram/inst/u_ddr4_infrastructure/u_bufg_divClk/O
    X4Y12 (CLOCK_ROOT)   net (fo=36893, routed)       2.107     7.574    i_dram_wrapper/i_dram/inst/u_ddr4_mem_intfc/u_ddr_cal_top/wosp_reg[2]_rep__7
    SLICE_X137Y793       FDRE                                         r  i_dram_wrapper/i_dram/inst/u_ddr4_mem_intfc/u_ddr_cal_top/sample_gts_reg/C
  -------------------------------------------------------------------    -------------------
    SLICE_X137Y793       FDRE (Prop_DFF_SLICEM_C_Q)
                                                      0.078     7.652 r  i_dram_wrapper/i_dram/inst/u_ddr4_mem_intfc/u_ddr_cal_top/sample_gts_reg/Q
                         net (fo=1, routed)           0.971     8.623    i_dram_wrapper/i_dram/inst/u_ddr4_mem_intfc/u_ddr_cal_riu/sample_gts
    SLICE_X135Y817       FDRE                                         r  i_dram_wrapper/i_dram/inst/u_ddr4_mem_intfc/u_ddr_cal_riu/sample_gts_riu_reg/D
  -------------------------------------------------------------------    -------------------

                         (clock mmcm_clkout6 rise edge)
                                                      6.667     6.667 r  
    E12                                               0.000     6.667 r  sys_clk_p (IN)
                         net (fo=0)                   0.000     6.667    i_bufds_sys_clk/I
    HPIOBDIFFINBUF_X1Y300
                         DIFFINBUF (Prop_DIFFINBUF_HPIOBDIFFINBUF_DIFF_IN_P_O)
                                                      0.564     7.231 r  i_bufds_sys_clk/DIFFINBUF_INST/O
                         net (fo=1, routed)           0.040     7.271    i_bufds_sys_clk/OUT
    E12                  IBUFCTRL (Prop_IBUFCTRL_HPIOB_M_I_O)
                                                      0.000     7.271 r  i_bufds_sys_clk/IBUFCTRL_INST/O
                         net (fo=1, routed)           0.297     7.568    sys_clk
    BUFGCE_X1Y289        BUFGCE (Prop_BUFCE_BUFGCE_I_O)
                                                      0.024     7.592 r  sys_clk_BUFGCE_inst/O
                         net (fo=19, routed)          0.795     8.387    i_dram_wrapper/i_dram/inst/u_ddr4_infrastructure/mmcm_clk_in
    MMCM_X1Y13           MMCME4_ADV (Prop_MMCM_CLKIN1_CLKOUT6)
                                                      0.630     9.017 r  i_dram_wrapper/i_dram/inst/u_ddr4_infrastructure/gen_mmcme4.u_mmcme_adv_inst/CLKOUT6
                         net (fo=1, routed)           0.226     9.243    i_dram_wrapper/i_dram/inst/u_ddr4_infrastructure/mmcm_clkout6
    BUFGCE_X1Y326        BUFGCE (Prop_BUFCE_BUFGCE_I_O)
                                                      0.024     9.267 r  i_dram_wrapper/i_dram/inst/u_ddr4_infrastructure/u_bufg_riuClk/O
    X4Y12 (CLOCK_ROOT)   net (fo=1746, routed)        1.823    11.090    i_dram_wrapper/i_dram/inst/u_ddr4_mem_intfc/u_ddr_cal_riu/CLK
    SLICE_X135Y817       FDRE                                         r  i_dram_wrapper/i_dram/inst/u_ddr4_mem_intfc/u_ddr_cal_riu/sample_gts_riu_reg/C
                         clock pessimism             -0.489    10.601    
                         clock uncertainty           -0.176    10.425    
    SLICE_X135Y817       FDRE (Setup_EFF_SLICEM_C_D)
                                                      0.025    10.450    i_dram_wrapper/i_dram/inst/u_ddr4_mem_intfc/u_ddr_cal_riu/sample_gts_riu_reg
  -------------------------------------------------------------------
                         required time                         10.450    
                         arrival time                          -8.623    
  -------------------------------------------------------------------
                         slack                                  1.827    





Min Delay Paths
--------------------------------------------------------------------------------------
Slack (MET) :             0.146ns  (arrival time - required time)
  Source:                 i_dram_wrapper/i_dram/inst/u_ddr4_mem_intfc/u_ddr_cal_top/sample_gts_reg/C
                            (rising edge-triggered cell FDRE clocked by mmcm_clkout0  {rise@0.000ns fall@1.667ns period=3.333ns})
  Destination:            i_dram_wrapper/i_dram/inst/u_ddr4_mem_intfc/u_ddr_cal_riu/sample_gts_riu_reg/D
                            (rising edge-triggered cell FDRE clocked by mmcm_clkout6  {rise@0.000ns fall@3.333ns period=6.667ns})
  Path Group:             mmcm_clkout6
  Path Type:              Hold (Min at Fast Process Corner)
  Requirement:            0.000ns  (mmcm_clkout6 rise@0.000ns - mmcm_clkout0 rise@0.000ns)
  Data Path Delay:        0.517ns  (logic 0.039ns (7.544%)  route 0.478ns (92.456%))
  Logic Levels:           0  
  Clock Path Skew:        0.149ns (DCD - SCD - CPR)
    Destination Clock Delay (DCD):    2.433ns
    Source Clock Delay      (SCD):    2.595ns
    Clock Pessimism Removal (CPR):    -0.312ns
  Clock Uncertainty:      0.176ns  ((TSJ^2 + DJ^2)^1/2) / 2 + PE
    Total System Jitter     (TSJ):    0.071ns
    Discrete Jitter          (DJ):    0.087ns
    Phase Error              (PE):    0.120ns
  Clock Net Delay (Source):      1.152ns (routing 0.468ns, distribution 0.684ns)
  Clock Net Delay (Destination): 1.268ns (routing 0.512ns, distribution 0.756ns)

    Location             Delay type                Incr(ns)  Path(ns)    Netlist Resource(s)
  -------------------------------------------------------------------    -------------------
                         (clock mmcm_clkout0 rise edge)
                                                      0.000     0.000 r  
    E12                                               0.000     0.000 r  sys_clk_p (IN)
                         net (fo=0)                   0.000     0.000    i_bufds_sys_clk/I
    HPIOBDIFFINBUF_X1Y300
                         DIFFINBUF (Prop_DIFFINBUF_HPIOBDIFFINBUF_DIFF_IN_P_O)
                                                      0.340     0.340 r  i_bufds_sys_clk/DIFFINBUF_INST/O
                         net (fo=1, routed)           0.040     0.380    i_bufds_sys_clk/OUT
    E12                  IBUFCTRL (Prop_IBUFCTRL_HPIOB_M_I_O)
                                                      0.000     0.380 r  i_bufds_sys_clk/IBUFCTRL_INST/O
                         net (fo=1, routed)           0.150     0.530    sys_clk
    BUFGCE_X1Y289        BUFGCE (Prop_BUFCE_BUFGCE_I_O)
                                                      0.017     0.547 r  sys_clk_BUFGCE_inst/O
                         net (fo=19, routed)          0.504     1.051    i_dram_wrapper/i_dram/inst/u_ddr4_infrastructure/mmcm_clk_in
    MMCM_X1Y13           MMCME4_ADV (Prop_MMCM_CLKIN1_CLKOUT0)
                                                      0.230     1.281 r  i_dram_wrapper/i_dram/inst/u_ddr4_infrastructure/gen_mmcme4.u_mmcme_adv_inst/CLKOUT0
                         net (fo=1, routed)           0.145     1.426    i_dram_wrapper/i_dram/inst/u_ddr4_infrastructure/mmcm_clkout0
    BUFGCE_X1Y332        BUFGCE (Prop_BUFCE_BUFGCE_I_O)
                                                      0.017     1.443 r  i_dram_wrapper/i_dram/inst/u_ddr4_infrastructure/u_bufg_divClk/O
    X4Y12 (CLOCK_ROOT)   net (fo=36893, routed)       1.152     2.595    i_dram_wrapper/i_dram/inst/u_ddr4_mem_intfc/u_ddr_cal_top/wosp_reg[2]_rep__7
    SLICE_X137Y793       FDRE                                         r  i_dram_wrapper/i_dram/inst/u_ddr4_mem_intfc/u_ddr_cal_top/sample_gts_reg/C
  -------------------------------------------------------------------    -------------------
    SLICE_X137Y793       FDRE (Prop_DFF_SLICEM_C_Q)
                                                      0.039     2.634 r  i_dram_wrapper/i_dram/inst/u_ddr4_mem_intfc/u_ddr_cal_top/sample_gts_reg/Q
                         net (fo=1, routed)           0.478     3.112    i_dram_wrapper/i_dram/inst/u_ddr4_mem_intfc/u_ddr_cal_riu/sample_gts
    SLICE_X135Y817       FDRE                                         r  i_dram_wrapper/i_dram/inst/u_ddr4_mem_intfc/u_ddr_cal_riu/sample_gts_riu_reg/D
  -------------------------------------------------------------------    -------------------

                         (clock mmcm_clkout6 rise edge)
                                                      0.000     0.000 r  
    E12                                               0.000     0.000 r  sys_clk_p (IN)
                         net (fo=0)                   0.000     0.000    i_bufds_sys_clk/I
    HPIOBDIFFINBUF_X1Y300
                         DIFFINBUF (Prop_DIFFINBUF_HPIOBDIFFINBUF_DIFF_IN_P_O)
                                                      0.446     0.446 r  i_bufds_sys_clk/DIFFINBUF_INST/O
                         net (fo=1, routed)           0.050     0.496    i_bufds_sys_clk/OUT
    E12                  IBUFCTRL (Prop_IBUFCTRL_HPIOB_M_I_O)
                                                      0.000     0.496 r  i_bufds_sys_clk/IBUFCTRL_INST/O
                         net (fo=1, routed)           0.183     0.679    sys_clk
    BUFGCE_X1Y289        BUFGCE (Prop_BUFCE_BUFGCE_I_O)
                                                      0.019     0.698 r  sys_clk_BUFGCE_inst/O
                         net (fo=19, routed)          0.567     1.265    i_dram_wrapper/i_dram/inst/u_ddr4_infrastructure/mmcm_clk_in
    MMCM_X1Y13           MMCME4_ADV (Prop_MMCM_CLKIN1_CLKOUT6)
                                                     -0.295     0.970 r  i_dram_wrapper/i_dram/inst/u_ddr4_infrastructure/gen_mmcme4.u_mmcme_adv_inst/CLKOUT6
                         net (fo=1, routed)           0.176     1.146    i_dram_wrapper/i_dram/inst/u_ddr4_infrastructure/mmcm_clkout6
    BUFGCE_X1Y326        BUFGCE (Prop_BUFCE_BUFGCE_I_O)
                                                      0.019     1.165 r  i_dram_wrapper/i_dram/inst/u_ddr4_infrastructure/u_bufg_riuClk/O
    X4Y12 (CLOCK_ROOT)   net (fo=1746, routed)        1.268     2.433    i_dram_wrapper/i_dram/inst/u_ddr4_mem_intfc/u_ddr_cal_riu/CLK
    SLICE_X135Y817       FDRE                                         r  i_dram_wrapper/i_dram/inst/u_ddr4_mem_intfc/u_ddr_cal_riu/sample_gts_riu_reg/C
                         clock pessimism              0.312     2.744    
                         clock uncertainty            0.176     2.920    
    SLICE_X135Y817       FDRE (Hold_EFF_SLICEM_C_D)
                                                      0.046     2.966    i_dram_wrapper/i_dram/inst/u_ddr4_mem_intfc/u_ddr_cal_riu/sample_gts_riu_reg
  -------------------------------------------------------------------
                         required time                         -2.966    
                         arrival time                           3.112    
  -------------------------------------------------------------------
                         slack                                  0.146    





---------------------------------------------------------------------------------------------------
Path Group:  **async_default**
From Clock:  clk_50_clkwiz
  To Clock:  clk_50_clkwiz

Setup :            0  Failing Endpoints,  Worst Slack        7.321ns,  Total Violation        0.000ns
Hold  :            0  Failing Endpoints,  Worst Slack        0.107ns,  Total Violation        0.000ns
---------------------------------------------------------------------------------------------------


Max Delay Paths
--------------------------------------------------------------------------------------
Slack (MET) :             7.321ns  (required time - arrival time)
  Source:                 i_rstgen/i_rstgen_bypass/synch_regs_q_reg[3]/C
                            (rising edge-triggered cell FDCE clocked by clk_50_clkwiz  {rise@0.000ns fall@10.000ns period=20.000ns})
  Destination:            i_dram_wrapper/gen_cdc.i_axi_cdc_mig/i_axi_cdc_src/i_cdc_fifo_gray_dst_r/gen_fpga_read.gen_slice[6].select_q_reg[20]/CLR
                            (recovery check against rising-edge clock clk_50_clkwiz  {rise@0.000ns fall@10.000ns period=20.000ns})
  Path Group:             **async_default**
  Path Type:              Recovery (Max at Slow Process Corner)
  Requirement:            20.000ns  (clk_50_clkwiz rise@20.000ns - clk_50_clkwiz rise@0.000ns)
  Data Path Delay:        12.099ns  (logic 0.207ns (1.711%)  route 11.892ns (98.289%))
  Logic Levels:           2  (BUFGCE=1 LUT1=1)
  Clock Path Skew:        -0.241ns (DCD - SCD + CPR)
    Destination Clock Delay (DCD):    5.905ns = ( 25.905 - 20.000 ) 
    Source Clock Delay      (SCD):    5.896ns
    Clock Pessimism Removal (CPR):    -0.251ns
  Clock Uncertainty:      0.083ns  ((TSJ^2 + DJ^2)^1/2) / 2 + PE
    Total System Jitter     (TSJ):    0.071ns
    Discrete Jitter          (DJ):    0.150ns
    Phase Error              (PE):    0.000ns
  Inter-SLR Compensation: 0.190ns  ((DCD - CCD) * PF)
    Destination Clock Delay (DCD):    5.905ns
    Common Clock Delay      (CCD):    4.640ns
    Prorating Factor         (PF):    0.150
  Clock Net Delay (Source):      3.672ns (routing 1.870ns, distribution 1.802ns)
  Clock Net Delay (Destination): 3.236ns (routing 1.700ns, distribution 1.536ns)

    Location             Delay type                Incr(ns)  Path(ns)    Netlist Resource(s)
  -------------------------------------------------------------------    -------------------
                         (clock clk_50_clkwiz rise edge)
                                                      0.000     0.000 r  
    E12                                               0.000     0.000 r  sys_clk_p (IN)
                         net (fo=0)                   0.000     0.000    i_bufds_sys_clk/I
    HPIOBDIFFINBUF_X1Y300
                         DIFFINBUF (Prop_DIFFINBUF_HPIOBDIFFINBUF_DIFF_IN_P_O)
                                                      0.675     0.675 r  i_bufds_sys_clk/DIFFINBUF_INST/O
                         net (fo=1, routed)           0.050     0.725    i_bufds_sys_clk/OUT
    E12                  IBUFCTRL (Prop_IBUFCTRL_HPIOB_M_I_O)
                                                      0.000     0.725 r  i_bufds_sys_clk/IBUFCTRL_INST/O
                         net (fo=1, routed)           0.335     1.060    sys_clk
    BUFGCE_X1Y289        BUFGCE (Prop_BUFCE_BUFGCE_I_O)
                                                      0.028     1.088 r  sys_clk_BUFGCE_inst/O
                         net (fo=19, routed)          0.991     2.079    i_clkwiz/inst/clk_in1
    MMCM_X1Y11           MMCME4_ADV (Prop_MMCM_CLKIN1_CLKOUT0)
                                                     -0.127     1.952 r  i_clkwiz/inst/mmcme4_adv_inst/CLKOUT0
                         net (fo=1, routed)           0.244     2.196    i_clkwiz/inst/clk_50_clkwiz
    BUFGCE_X1Y266        BUFGCE (Prop_BUFCE_BUFGCE_I_O)
                                                      0.028     2.224 r  i_clkwiz/inst/clkout1_buf/O
    X2Y7 (CLOCK_ROOT)    net (fo=199658, routed)      3.672     5.896    i_rstgen/i_rstgen_bypass/clk_i
    SLR Crossing[2->1]   
    SLICE_X103Y595       FDCE                                         r  i_rstgen/i_rstgen_bypass/synch_regs_q_reg[3]/C
  -------------------------------------------------------------------    -------------------
    SLICE_X103Y595       FDCE (Prop_CFF2_SLICEL_C_Q)
                                                      0.080     5.976 r  i_rstgen/i_rstgen_bypass/synch_regs_q_reg[3]/Q
                         net (fo=759, routed)         2.503     8.479    i_rstgen/i_rstgen_bypass/synch_regs_q[3]
    BUFGCE_X0Y224        BUFGCE (Prop_BUFCE_BUFGCE_I_O)
                                                      0.028     8.507 r  i_rstgen/i_rstgen_bypass/synch_regs_q[3]_BUFG_inst/O
                         net (fo=158447, routed)      2.041    10.548    i_dram_wrapper/gen_cdc.i_axi_cdc_mig/i_axi_cdc_src/i_cdc_fifo_gray_dst_r/dst_rst_ni
    SLR Crossing[1->2]   
    SLICE_X107Y815       LUT1 (Prop_D6LUT_SLICEM_I0_O)
                                                      0.099    10.647 f  i_dram_wrapper/gen_cdc.i_axi_cdc_mig/i_axi_cdc_src/i_cdc_fifo_gray_dst_r/rptr_q[5]_i_3/O
                         net (fo=288, routed)         7.348    17.995    i_dram_wrapper/gen_cdc.i_axi_cdc_mig/i_axi_cdc_src/i_cdc_fifo_gray_dst_r/rptr_q[5]_i_3_n_0
    SLICE_X84Y604        FDCE                                         f  i_dram_wrapper/gen_cdc.i_axi_cdc_mig/i_axi_cdc_src/i_cdc_fifo_gray_dst_r/gen_fpga_read.gen_slice[6].select_q_reg[20]/CLR
  -------------------------------------------------------------------    -------------------

                         (clock clk_50_clkwiz rise edge)
                                                     20.000    20.000 r  
    E12                                               0.000    20.000 r  sys_clk_p (IN)
                         net (fo=0)                   0.000    20.000    i_bufds_sys_clk/I
    HPIOBDIFFINBUF_X1Y300
                         DIFFINBUF (Prop_DIFFINBUF_HPIOBDIFFINBUF_DIFF_IN_P_O)
                                                      0.564    20.564 r  i_bufds_sys_clk/DIFFINBUF_INST/O
                         net (fo=1, routed)           0.040    20.604    i_bufds_sys_clk/OUT
    E12                  IBUFCTRL (Prop_IBUFCTRL_HPIOB_M_I_O)
                                                      0.000    20.604 r  i_bufds_sys_clk/IBUFCTRL_INST/O
                         net (fo=1, routed)           0.297    20.901    sys_clk
    BUFGCE_X1Y289        BUFGCE (Prop_BUFCE_BUFGCE_I_O)
                                                      0.024    20.925 r  sys_clk_BUFGCE_inst/O
                         net (fo=19, routed)          0.876    21.801    i_clkwiz/inst/clk_in1
    MMCM_X1Y11           MMCME4_ADV (Prop_MMCM_CLKIN1_CLKOUT0)
                                                      0.630    22.431 r  i_clkwiz/inst/mmcme4_adv_inst/CLKOUT0
                         net (fo=1, routed)           0.214    22.645    i_clkwiz/inst/clk_50_clkwiz
    BUFGCE_X1Y266        BUFGCE (Prop_BUFCE_BUFGCE_I_O)
                                                      0.024    22.669 r  i_clkwiz/inst/clkout1_buf/O
    X2Y7 (CLOCK_ROOT)    net (fo=199658, routed)      3.236    25.905    i_dram_wrapper/gen_cdc.i_axi_cdc_mig/i_axi_cdc_src/i_cdc_fifo_gray_dst_r/dst_clk_i
    SLICE_X84Y604        FDCE                                         r  i_dram_wrapper/gen_cdc.i_axi_cdc_mig/i_axi_cdc_src/i_cdc_fifo_gray_dst_r/gen_fpga_read.gen_slice[6].select_q_reg[20]/C
                         clock pessimism             -0.251    25.655    
                         inter-SLR compensation      -0.190    25.465    
                         clock uncertainty           -0.083    25.382    
    SLICE_X84Y604        FDCE (Recov_EFF_SLICEM_C_CLR)
                                                     -0.066    25.316    i_dram_wrapper/gen_cdc.i_axi_cdc_mig/i_axi_cdc_src/i_cdc_fifo_gray_dst_r/gen_fpga_read.gen_slice[6].select_q_reg[20]
  -------------------------------------------------------------------
                         required time                         25.316    
                         arrival time                         -17.995    
  -------------------------------------------------------------------
                         slack                                  7.321    





Min Delay Paths
--------------------------------------------------------------------------------------
Slack (MET) :             0.107ns  (arrival time - required time)
  Source:                 dbg_hub/inst/BSCANID.u_xsdbm_id/CORE_XSDB.UUT_MASTER/U_ICON_INTERFACE/U_CMD6_RD/U_RD_FIFO/SUBCORE_FIFO.xsdbm_v3_0_0_rdfifo_inst/inst_fifo_gen/gconvfifo.rf/grf.rf/rstblk/ngwrdrst.grst.g7serrst.wr_rst_reg_reg[0]/C
                            (rising edge-triggered cell FDPE clocked by clk_50_clkwiz  {rise@0.000ns fall@10.000ns period=20.000ns})
  Destination:            dbg_hub/inst/BSCANID.u_xsdbm_id/CORE_XSDB.UUT_MASTER/U_ICON_INTERFACE/U_CMD6_RD/U_RD_FIFO/SUBCORE_FIFO.xsdbm_v3_0_0_rdfifo_inst/inst_fifo_gen/gconvfifo.rf/grf.rf/gntv_or_sync_fifo.gcx.clkx/gnxpm_cdc.gsync_stage[1].wr_stg_inst/Q_reg_reg[2]/CLR
                            (removal check against rising-edge clock clk_50_clkwiz  {rise@0.000ns fall@10.000ns period=20.000ns})
  Path Group:             **async_default**
  Path Type:              Removal (Min at Fast Process Corner)
  Requirement:            0.000ns  (clk_50_clkwiz rise@0.000ns - clk_50_clkwiz rise@0.000ns)
  Data Path Delay:        0.136ns  (logic 0.039ns (28.676%)  route 0.097ns (71.324%))
  Logic Levels:           0  
  Clock Path Skew:        0.049ns (DCD - SCD - CPR)
    Destination Clock Delay (DCD):    3.490ns
    Source Clock Delay      (SCD):    3.533ns
    Clock Pessimism Removal (CPR):    -0.093ns
  Clock Net Delay (Source):      2.042ns (routing 1.022ns, distribution 1.020ns)
  Clock Net Delay (Destination): 2.281ns (routing 1.135ns, distribution 1.146ns)

    Location             Delay type                Incr(ns)  Path(ns)    Netlist Resource(s)
  -------------------------------------------------------------------    -------------------
                         (clock clk_50_clkwiz rise edge)
                                                      0.000     0.000 r  
    E12                                               0.000     0.000 r  sys_clk_p (IN)
                         net (fo=0)                   0.000     0.000    i_bufds_sys_clk/I
    HPIOBDIFFINBUF_X1Y300
                         DIFFINBUF (Prop_DIFFINBUF_HPIOBDIFFINBUF_DIFF_IN_P_O)
                                                      0.340     0.340 r  i_bufds_sys_clk/DIFFINBUF_INST/O
                         net (fo=1, routed)           0.040     0.380    i_bufds_sys_clk/OUT
    E12                  IBUFCTRL (Prop_IBUFCTRL_HPIOB_M_I_O)
                                                      0.000     0.380 r  i_bufds_sys_clk/IBUFCTRL_INST/O
                         net (fo=1, routed)           0.150     0.530    sys_clk
    BUFGCE_X1Y289        BUFGCE (Prop_BUFCE_BUFGCE_I_O)
                                                      0.017     0.547 r  sys_clk_BUFGCE_inst/O
                         net (fo=19, routed)          0.552     1.099    i_clkwiz/inst/clk_in1
    MMCM_X1Y11           MMCME4_ADV (Prop_MMCM_CLKIN1_CLKOUT0)
                                                      0.230     1.329 r  i_clkwiz/inst/mmcme4_adv_inst/CLKOUT0
                         net (fo=1, routed)           0.145     1.474    i_clkwiz/inst/clk_50_clkwiz
    BUFGCE_X1Y266        BUFGCE (Prop_BUFCE_BUFGCE_I_O)
                                                      0.017     1.491 r  i_clkwiz/inst/clkout1_buf/O
    X2Y7 (CLOCK_ROOT)    net (fo=199658, routed)      2.042     3.533    dbg_hub/inst/BSCANID.u_xsdbm_id/CORE_XSDB.UUT_MASTER/U_ICON_INTERFACE/U_CMD6_RD/U_RD_FIFO/SUBCORE_FIFO.xsdbm_v3_0_0_rdfifo_inst/inst_fifo_gen/gconvfifo.rf/grf.rf/rstblk/wr_clk
    SLICE_X109Y610       FDPE                                         r  dbg_hub/inst/BSCANID.u_xsdbm_id/CORE_XSDB.UUT_MASTER/U_ICON_INTERFACE/U_CMD6_RD/U_RD_FIFO/SUBCORE_FIFO.xsdbm_v3_0_0_rdfifo_inst/inst_fifo_gen/gconvfifo.rf/grf.rf/rstblk/ngwrdrst.grst.g7serrst.wr_rst_reg_reg[0]/C
  -------------------------------------------------------------------    -------------------
    SLICE_X109Y610       FDPE (Prop_EFF_SLICEL_C_Q)
                                                      0.039     3.572 f  dbg_hub/inst/BSCANID.u_xsdbm_id/CORE_XSDB.UUT_MASTER/U_ICON_INTERFACE/U_CMD6_RD/U_RD_FIFO/SUBCORE_FIFO.xsdbm_v3_0_0_rdfifo_inst/inst_fifo_gen/gconvfifo.rf/grf.rf/rstblk/ngwrdrst.grst.g7serrst.wr_rst_reg_reg[0]/Q
                         net (fo=18, routed)          0.097     3.669    dbg_hub/inst/BSCANID.u_xsdbm_id/CORE_XSDB.UUT_MASTER/U_ICON_INTERFACE/U_CMD6_RD/U_RD_FIFO/SUBCORE_FIFO.xsdbm_v3_0_0_rdfifo_inst/inst_fifo_gen/gconvfifo.rf/grf.rf/gntv_or_sync_fifo.gcx.clkx/gnxpm_cdc.gsync_stage[1].wr_stg_inst/AR[0]
    SLICE_X111Y610       FDCE                                         f  dbg_hub/inst/BSCANID.u_xsdbm_id/CORE_XSDB.UUT_MASTER/U_ICON_INTERFACE/U_CMD6_RD/U_RD_FIFO/SUBCORE_FIFO.xsdbm_v3_0_0_rdfifo_inst/inst_fifo_gen/gconvfifo.rf/grf.rf/gntv_or_sync_fifo.gcx.clkx/gnxpm_cdc.gsync_stage[1].wr_stg_inst/Q_reg_reg[2]/CLR
  -------------------------------------------------------------------    -------------------

                         (clock clk_50_clkwiz rise edge)
                                                      0.000     0.000 r  
    E12                                               0.000     0.000 r  sys_clk_p (IN)
                         net (fo=0)                   0.000     0.000    i_bufds_sys_clk/I
    HPIOBDIFFINBUF_X1Y300
                         DIFFINBUF (Prop_DIFFINBUF_HPIOBDIFFINBUF_DIFF_IN_P_O)
                                                      0.446     0.446 r  i_bufds_sys_clk/DIFFINBUF_INST/O
                         net (fo=1, routed)           0.050     0.496    i_bufds_sys_clk/OUT
    E12                  IBUFCTRL (Prop_IBUFCTRL_HPIOB_M_I_O)
                                                      0.000     0.496 r  i_bufds_sys_clk/IBUFCTRL_INST/O
                         net (fo=1, routed)           0.183     0.679    sys_clk
    BUFGCE_X1Y289        BUFGCE (Prop_BUFCE_BUFGCE_I_O)
                                                      0.019     0.698 r  sys_clk_BUFGCE_inst/O
                         net (fo=19, routed)          0.622     1.320    i_clkwiz/inst/clk_in1
    MMCM_X1Y11           MMCME4_ADV (Prop_MMCM_CLKIN1_CLKOUT0)
                                                     -0.295     1.025 r  i_clkwiz/inst/mmcme4_adv_inst/CLKOUT0
                         net (fo=1, routed)           0.165     1.190    i_clkwiz/inst/clk_50_clkwiz
    BUFGCE_X1Y266        BUFGCE (Prop_BUFCE_BUFGCE_I_O)
                                                      0.019     1.209 r  i_clkwiz/inst/clkout1_buf/O
    X2Y7 (CLOCK_ROOT)    net (fo=199658, routed)      2.281     3.490    dbg_hub/inst/BSCANID.u_xsdbm_id/CORE_XSDB.UUT_MASTER/U_ICON_INTERFACE/U_CMD6_RD/U_RD_FIFO/SUBCORE_FIFO.xsdbm_v3_0_0_rdfifo_inst/inst_fifo_gen/gconvfifo.rf/grf.rf/gntv_or_sync_fifo.gcx.clkx/gnxpm_cdc.gsync_stage[1].wr_stg_inst/wr_clk
    SLICE_X111Y610       FDCE                                         r  dbg_hub/inst/BSCANID.u_xsdbm_id/CORE_XSDB.UUT_MASTER/U_ICON_INTERFACE/U_CMD6_RD/U_RD_FIFO/SUBCORE_FIFO.xsdbm_v3_0_0_rdfifo_inst/inst_fifo_gen/gconvfifo.rf/grf.rf/gntv_or_sync_fifo.gcx.clkx/gnxpm_cdc.gsync_stage[1].wr_stg_inst/Q_reg_reg[2]/C
                         clock pessimism              0.093     3.583    
    SLICE_X111Y610       FDCE (Remov_BFF2_SLICEL_C_CLR)
                                                     -0.020     3.563    dbg_hub/inst/BSCANID.u_xsdbm_id/CORE_XSDB.UUT_MASTER/U_ICON_INTERFACE/U_CMD6_RD/U_RD_FIFO/SUBCORE_FIFO.xsdbm_v3_0_0_rdfifo_inst/inst_fifo_gen/gconvfifo.rf/grf.rf/gntv_or_sync_fifo.gcx.clkx/gnxpm_cdc.gsync_stage[1].wr_stg_inst/Q_reg_reg[2]
  -------------------------------------------------------------------
                         required time                         -3.563    
                         arrival time                           3.669    
  -------------------------------------------------------------------
                         slack                                  0.107    





---------------------------------------------------------------------------------------------------
Path Group:  **async_default**
From Clock:  dbg_hub/inst/BSCANID.u_xsdbm_id/SWITCH_N_EXT_BSCAN.bscan_inst/SERIES7_BSCAN.bscan_inst/INTERNAL_TCK
  To Clock:  dbg_hub/inst/BSCANID.u_xsdbm_id/SWITCH_N_EXT_BSCAN.bscan_inst/SERIES7_BSCAN.bscan_inst/INTERNAL_TCK

Setup :            0  Failing Endpoints,  Worst Slack       47.464ns,  Total Violation        0.000ns
Hold  :            0  Failing Endpoints,  Worst Slack        0.116ns,  Total Violation        0.000ns
---------------------------------------------------------------------------------------------------


Max Delay Paths
--------------------------------------------------------------------------------------
Slack (MET) :             47.464ns  (required time - arrival time)
  Source:                 dbg_hub/inst/BSCANID.u_xsdbm_id/SWITCH_N_EXT_BSCAN.bscan_switch/portno_reg[4]/C
                            (rising edge-triggered cell FDRE clocked by dbg_hub/inst/BSCANID.u_xsdbm_id/SWITCH_N_EXT_BSCAN.bscan_inst/SERIES7_BSCAN.bscan_inst/INTERNAL_TCK  {rise@0.000ns fall@25.000ns period=50.000ns})
  Destination:            dbg_hub/inst/BSCANID.u_xsdbm_id/CORE_XSDB.U_ICON/U_CMD/iTARGET_reg[14]/CLR
                            (recovery check against rising-edge clock dbg_hub/inst/BSCANID.u_xsdbm_id/SWITCH_N_EXT_BSCAN.bscan_inst/SERIES7_BSCAN.bscan_inst/INTERNAL_TCK  {rise@0.000ns fall@25.000ns period=50.000ns})
  Path Group:             **async_default**
  Path Type:              Recovery (Max at Slow Process Corner)
  Requirement:            50.000ns  (dbg_hub/inst/BSCANID.u_xsdbm_id/SWITCH_N_EXT_BSCAN.bscan_inst/SERIES7_BSCAN.bscan_inst/INTERNAL_TCK rise@50.000ns - dbg_hub/inst/BSCANID.u_xsdbm_id/SWITCH_N_EXT_BSCAN.bscan_inst/SERIES7_BSCAN.bscan_inst/INTERNAL_TCK rise@0.000ns)
  Data Path Delay:        2.132ns  (logic 0.279ns (13.086%)  route 1.853ns (86.914%))
  Logic Levels:           2  (LUT4=1 LUT6=1)
  Clock Path Skew:        -0.302ns (DCD - SCD + CPR)
    Destination Clock Delay (DCD):    4.941ns = ( 54.941 - 50.000 ) 
    Source Clock Delay      (SCD):    10.780ns
    Clock Pessimism Removal (CPR):    5.536ns
  Clock Uncertainty:      0.035ns  ((TSJ^2 + TIJ^2)^1/2 + DJ) / 2 + PE
    Total System Jitter     (TSJ):    0.071ns
    Total Input Jitter      (TIJ):    0.000ns
    Discrete Jitter          (DJ):    0.000ns
    Phase Error              (PE):    0.000ns
  Clock Net Delay (Source):      2.291ns (routing 1.172ns, distribution 1.119ns)
  Clock Net Delay (Destination): 1.845ns (routing 1.066ns, distribution 0.779ns)

    Location             Delay type                Incr(ns)  Path(ns)    Netlist Resource(s)
  -------------------------------------------------------------------    -------------------
                         (clock dbg_hub/inst/BSCANID.u_xsdbm_id/SWITCH_N_EXT_BSCAN.bscan_inst/SERIES7_BSCAN.bscan_inst/INTERNAL_TCK rise edge)
                                                      0.000     0.000 r  
    CONFIG_SITE_X0Y1     BSCANE2                      0.000     0.000 r  dbg_hub/inst/BSCANID.u_xsdbm_id/SWITCH_N_EXT_BSCAN.bscan_inst/SERIES7_BSCAN.bscan_inst/INTERNAL_TCK
    CONFIG_SITE_X0Y1     BSCANE2 (Prop_BSCAN1_CONFIG_SITE_INTERNAL_TCK_TCK)
                                                      4.300     4.300 r  dbg_hub/inst/BSCANID.u_xsdbm_id/SWITCH_N_EXT_BSCAN.bscan_inst/SERIES7_BSCAN.bscan_inst/TCK
                         net (fo=1, routed)           4.161     8.461    dbg_hub/inst/BSCANID.u_xsdbm_id/tck_bs
    SLR Crossing[1->2]   
    BUFGCE_X1Y288        BUFGCE (Prop_BUFCE_BUFGCE_I_O)
                                                      0.028     8.489 r  dbg_hub/inst/BSCANID.u_xsdbm_id/SWITCH_N_EXT_BSCAN.u_bufg_icon_tck/O
    X3Y10 (CLOCK_ROOT)   net (fo=494, routed)         2.291    10.780    dbg_hub/inst/BSCANID.u_xsdbm_id/SWITCH_N_EXT_BSCAN.bscan_switch/s_bscan_tck
    SLICE_X142Y600       FDRE                                         r  dbg_hub/inst/BSCANID.u_xsdbm_id/SWITCH_N_EXT_BSCAN.bscan_switch/portno_reg[4]/C
  -------------------------------------------------------------------    -------------------
    SLICE_X142Y600       FDRE (Prop_FFF2_SLICEM_C_Q)
                                                      0.079    10.859 f  dbg_hub/inst/BSCANID.u_xsdbm_id/SWITCH_N_EXT_BSCAN.bscan_switch/portno_reg[4]/Q
                         net (fo=1, routed)           0.185    11.044    dbg_hub/inst/BSCANID.u_xsdbm_id/SWITCH_N_EXT_BSCAN.bscan_switch/portno[4]
    SLICE_X142Y600       LUT6 (Prop_H6LUT_SLICEM_I4_O)
                                                      0.090    11.134 f  dbg_hub/inst/BSCANID.u_xsdbm_id/SWITCH_N_EXT_BSCAN.bscan_switch/m_bscan_drck[0]_INST_0_i_1/O
                         net (fo=5, routed)           0.221    11.355    dbg_hub/inst/BSCANID.u_xsdbm_id/SWITCH_N_EXT_BSCAN.bscan_switch/m_bscan_drck[0]_INST_0_i_1_n_0
    SLICE_X142Y602       LUT4 (Prop_D5LUT_SLICEM_I3_O)
                                                      0.110    11.465 r  dbg_hub/inst/BSCANID.u_xsdbm_id/SWITCH_N_EXT_BSCAN.bscan_switch/m_bscan_sel[0]_INST_0/O
                         net (fo=11, routed)          1.447    12.912    dbg_hub/inst/BSCANID.u_xsdbm_id/CORE_XSDB.U_ICON/U_CMD/iTARGET_reg[6]_0
    SLICE_X108Y601       FDCE                                         f  dbg_hub/inst/BSCANID.u_xsdbm_id/CORE_XSDB.U_ICON/U_CMD/iTARGET_reg[14]/CLR  (IS_INVERTED)
  -------------------------------------------------------------------    -------------------

                         (clock dbg_hub/inst/BSCANID.u_xsdbm_id/SWITCH_N_EXT_BSCAN.bscan_inst/SERIES7_BSCAN.bscan_inst/INTERNAL_TCK rise edge)
                                                     50.000    50.000 r  
    CONFIG_SITE_X0Y1     BSCANE2                      0.000    50.000 r  dbg_hub/inst/BSCANID.u_xsdbm_id/SWITCH_N_EXT_BSCAN.bscan_inst/SERIES7_BSCAN.bscan_inst/INTERNAL_TCK
    CONFIG_SITE_X0Y1     BSCANE2 (Prop_BSCAN1_CONFIG_SITE_INTERNAL_TCK_TCK)
                                                      0.465    50.465 r  dbg_hub/inst/BSCANID.u_xsdbm_id/SWITCH_N_EXT_BSCAN.bscan_inst/SERIES7_BSCAN.bscan_inst/TCK
                         net (fo=1, routed)           2.607    53.072    dbg_hub/inst/BSCANID.u_xsdbm_id/tck_bs
    SLR Crossing[1->2]   
    BUFGCE_X1Y288        BUFGCE (Prop_BUFCE_BUFGCE_I_O)
                                                      0.024    53.096 r  dbg_hub/inst/BSCANID.u_xsdbm_id/SWITCH_N_EXT_BSCAN.u_bufg_icon_tck/O
    X3Y10 (CLOCK_ROOT)   net (fo=494, routed)         1.845    54.941    dbg_hub/inst/BSCANID.u_xsdbm_id/CORE_XSDB.U_ICON/U_CMD/m_bscan_tck[0]
    SLICE_X108Y601       FDCE                                         r  dbg_hub/inst/BSCANID.u_xsdbm_id/CORE_XSDB.U_ICON/U_CMD/iTARGET_reg[14]/C
                         clock pessimism              5.536    60.477    
                         clock uncertainty           -0.035    60.442    
    SLICE_X108Y601       FDCE (Recov_AFF_SLICEM_C_CLR)
                                                     -0.066    60.376    dbg_hub/inst/BSCANID.u_xsdbm_id/CORE_XSDB.U_ICON/U_CMD/iTARGET_reg[14]
  -------------------------------------------------------------------
                         required time                         60.376    
                         arrival time                         -12.912    
  -------------------------------------------------------------------
                         slack                                 47.464    





Min Delay Paths
--------------------------------------------------------------------------------------
Slack (MET) :             0.116ns  (arrival time - required time)
  Source:                 dbg_hub/inst/BSCANID.u_xsdbm_id/CORE_XSDB.UUT_MASTER/U_ICON_INTERFACE/U_CMD6_WR/U_WR_FIFO/SUBCORE_FIFO.xsdbm_v3_0_0_wrfifo_inst/inst_fifo_gen/gconvfifo.rf/grf.rf/rstblk/ngwrdrst.grst.g7serrst.rst_wr_reg2_reg/C
                            (rising edge-triggered cell FDPE clocked by dbg_hub/inst/BSCANID.u_xsdbm_id/SWITCH_N_EXT_BSCAN.bscan_inst/SERIES7_BSCAN.bscan_inst/INTERNAL_TCK  {rise@0.000ns fall@25.000ns period=50.000ns})
  Destination:            dbg_hub/inst/BSCANID.u_xsdbm_id/CORE_XSDB.UUT_MASTER/U_ICON_INTERFACE/U_CMD6_WR/U_WR_FIFO/SUBCORE_FIFO.xsdbm_v3_0_0_wrfifo_inst/inst_fifo_gen/gconvfifo.rf/grf.rf/rstblk/ngwrdrst.grst.g7serrst.wr_rst_asreg_reg/PRE
                            (removal check against rising-edge clock dbg_hub/inst/BSCANID.u_xsdbm_id/SWITCH_N_EXT_BSCAN.bscan_inst/SERIES7_BSCAN.bscan_inst/INTERNAL_TCK  {rise@0.000ns fall@25.000ns period=50.000ns})
  Path Group:             **async_default**
  Path Type:              Removal (Min at Fast Process Corner)
  Requirement:            0.000ns  (dbg_hub/inst/BSCANID.u_xsdbm_id/SWITCH_N_EXT_BSCAN.bscan_inst/SERIES7_BSCAN.bscan_inst/INTERNAL_TCK rise@0.000ns - dbg_hub/inst/BSCANID.u_xsdbm_id/SWITCH_N_EXT_BSCAN.bscan_inst/SERIES7_BSCAN.bscan_inst/INTERNAL_TCK rise@0.000ns)
  Data Path Delay:        0.130ns  (logic 0.040ns (30.769%)  route 0.090ns (69.231%))
  Logic Levels:           0  
  Clock Path Skew:        0.034ns (DCD - SCD - CPR)
    Destination Clock Delay (DCD):    8.460ns
    Source Clock Delay      (SCD):    3.606ns
    Clock Pessimism Removal (CPR):    4.820ns
  Clock Net Delay (Source):      1.129ns (routing 0.644ns, distribution 0.485ns)
  Clock Net Delay (Destination): 1.293ns (routing 0.719ns, distribution 0.574ns)

    Location             Delay type                Incr(ns)  Path(ns)    Netlist Resource(s)
  -------------------------------------------------------------------    -------------------
                         (clock dbg_hub/inst/BSCANID.u_xsdbm_id/SWITCH_N_EXT_BSCAN.bscan_inst/SERIES7_BSCAN.bscan_inst/INTERNAL_TCK rise edge)
                                                      0.000     0.000 r  
    CONFIG_SITE_X0Y1     BSCANE2                      0.000     0.000 r  dbg_hub/inst/BSCANID.u_xsdbm_id/SWITCH_N_EXT_BSCAN.bscan_inst/SERIES7_BSCAN.bscan_inst/INTERNAL_TCK
    CONFIG_SITE_X0Y1     BSCANE2 (Prop_BSCAN1_CONFIG_SITE_INTERNAL_TCK_TCK)
                                                      0.465     0.465 r  dbg_hub/inst/BSCANID.u_xsdbm_id/SWITCH_N_EXT_BSCAN.bscan_inst/SERIES7_BSCAN.bscan_inst/TCK
                         net (fo=1, routed)           1.995     2.460    dbg_hub/inst/BSCANID.u_xsdbm_id/tck_bs
    SLR Crossing[1->2]   
    BUFGCE_X1Y288        BUFGCE (Prop_BUFCE_BUFGCE_I_O)
                                                      0.017     2.477 r  dbg_hub/inst/BSCANID.u_xsdbm_id/SWITCH_N_EXT_BSCAN.u_bufg_icon_tck/O
    X3Y10 (CLOCK_ROOT)   net (fo=494, routed)         1.129     3.606    dbg_hub/inst/BSCANID.u_xsdbm_id/CORE_XSDB.UUT_MASTER/U_ICON_INTERFACE/U_CMD6_WR/U_WR_FIFO/SUBCORE_FIFO.xsdbm_v3_0_0_wrfifo_inst/inst_fifo_gen/gconvfifo.rf/grf.rf/rstblk/wr_clk
    SLICE_X111Y605       FDPE                                         r  dbg_hub/inst/BSCANID.u_xsdbm_id/CORE_XSDB.UUT_MASTER/U_ICON_INTERFACE/U_CMD6_WR/U_WR_FIFO/SUBCORE_FIFO.xsdbm_v3_0_0_wrfifo_inst/inst_fifo_gen/gconvfifo.rf/grf.rf/rstblk/ngwrdrst.grst.g7serrst.rst_wr_reg2_reg/C
  -------------------------------------------------------------------    -------------------
    SLICE_X111Y605       FDPE (Prop_AFF2_SLICEL_C_Q)
                                                      0.040     3.646 f  dbg_hub/inst/BSCANID.u_xsdbm_id/CORE_XSDB.UUT_MASTER/U_ICON_INTERFACE/U_CMD6_WR/U_WR_FIFO/SUBCORE_FIFO.xsdbm_v3_0_0_wrfifo_inst/inst_fifo_gen/gconvfifo.rf/grf.rf/rstblk/ngwrdrst.grst.g7serrst.rst_wr_reg2_reg/Q
                         net (fo=1, routed)           0.090     3.736    dbg_hub/inst/BSCANID.u_xsdbm_id/CORE_XSDB.UUT_MASTER/U_ICON_INTERFACE/U_CMD6_WR/U_WR_FIFO/SUBCORE_FIFO.xsdbm_v3_0_0_wrfifo_inst/inst_fifo_gen/gconvfifo.rf/grf.rf/rstblk/rst_wr_reg2
    SLICE_X111Y606       FDPE                                         f  dbg_hub/inst/BSCANID.u_xsdbm_id/CORE_XSDB.UUT_MASTER/U_ICON_INTERFACE/U_CMD6_WR/U_WR_FIFO/SUBCORE_FIFO.xsdbm_v3_0_0_wrfifo_inst/inst_fifo_gen/gconvfifo.rf/grf.rf/rstblk/ngwrdrst.grst.g7serrst.wr_rst_asreg_reg/PRE
  -------------------------------------------------------------------    -------------------

                         (clock dbg_hub/inst/BSCANID.u_xsdbm_id/SWITCH_N_EXT_BSCAN.bscan_inst/SERIES7_BSCAN.bscan_inst/INTERNAL_TCK rise edge)
                                                      0.000     0.000 r  
    CONFIG_SITE_X0Y1     BSCANE2                      0.000     0.000 r  dbg_hub/inst/BSCANID.u_xsdbm_id/SWITCH_N_EXT_BSCAN.bscan_inst/SERIES7_BSCAN.bscan_inst/INTERNAL_TCK
    CONFIG_SITE_X0Y1     BSCANE2 (Prop_BSCAN1_CONFIG_SITE_INTERNAL_TCK_TCK)
                                                      4.300     4.300 r  dbg_hub/inst/BSCANID.u_xsdbm_id/SWITCH_N_EXT_BSCAN.bscan_inst/SERIES7_BSCAN.bscan_inst/TCK
                         net (fo=1, routed)           2.848     7.148    dbg_hub/inst/BSCANID.u_xsdbm_id/tck_bs
    SLR Crossing[1->2]   
    BUFGCE_X1Y288        BUFGCE (Prop_BUFCE_BUFGCE_I_O)
                                                      0.019     7.167 r  dbg_hub/inst/BSCANID.u_xsdbm_id/SWITCH_N_EXT_BSCAN.u_bufg_icon_tck/O
    X3Y10 (CLOCK_ROOT)   net (fo=494, routed)         1.293     8.460    dbg_hub/inst/BSCANID.u_xsdbm_id/CORE_XSDB.UUT_MASTER/U_ICON_INTERFACE/U_CMD6_WR/U_WR_FIFO/SUBCORE_FIFO.xsdbm_v3_0_0_wrfifo_inst/inst_fifo_gen/gconvfifo.rf/grf.rf/rstblk/wr_clk
    SLICE_X111Y606       FDPE                                         r  dbg_hub/inst/BSCANID.u_xsdbm_id/CORE_XSDB.UUT_MASTER/U_ICON_INTERFACE/U_CMD6_WR/U_WR_FIFO/SUBCORE_FIFO.xsdbm_v3_0_0_wrfifo_inst/inst_fifo_gen/gconvfifo.rf/grf.rf/rstblk/ngwrdrst.grst.g7serrst.wr_rst_asreg_reg/C
                         clock pessimism             -4.820     3.640    
    SLICE_X111Y606       FDPE (Remov_HFF2_SLICEL_C_PRE)
                                                     -0.020     3.620    dbg_hub/inst/BSCANID.u_xsdbm_id/CORE_XSDB.UUT_MASTER/U_ICON_INTERFACE/U_CMD6_WR/U_WR_FIFO/SUBCORE_FIFO.xsdbm_v3_0_0_wrfifo_inst/inst_fifo_gen/gconvfifo.rf/grf.rf/rstblk/ngwrdrst.grst.g7serrst.wr_rst_asreg_reg
  -------------------------------------------------------------------
                         required time                         -3.620    
                         arrival time                           3.736    
  -------------------------------------------------------------------
                         slack                                  0.116    





---------------------------------------------------------------------------------------------------
Path Group:  **async_default**
From Clock:  mmcm_clkout0
  To Clock:  mmcm_clkout0

Setup :            0  Failing Endpoints,  Worst Slack        0.046ns,  Total Violation        0.000ns
Hold  :            0  Failing Endpoints,  Worst Slack        0.175ns,  Total Violation        0.000ns
---------------------------------------------------------------------------------------------------


Max Delay Paths
--------------------------------------------------------------------------------------
Slack (MET) :             0.046ns  (required time - arrival time)
  Source:                 i_dram_wrapper/i_ui_rstgen/i_rstgen_bypass/synch_regs_q_reg[3]/C
                            (rising edge-triggered cell FDCE clocked by mmcm_clkout0  {rise@0.000ns fall@1.667ns period=3.333ns})
  Destination:            i_dram_wrapper/gen_cdc.i_axi_cdc_mig/i_axi_cdc_dst/i_cdc_fifo_gray_dst_w/i_spill_register/spill_register_flushable_i/gen_spill_reg.b_data_q_reg[data][282]/CLR
                            (recovery check against rising-edge clock mmcm_clkout0  {rise@0.000ns fall@1.667ns period=3.333ns})
  Path Group:             **async_default**
  Path Type:              Recovery (Max at Slow Process Corner)
  Requirement:            3.333ns  (mmcm_clkout0 rise@3.333ns - mmcm_clkout0 rise@0.000ns)
  Data Path Delay:        3.053ns  (logic 0.077ns (2.522%)  route 2.976ns (97.478%))
  Logic Levels:           0  
  Clock Path Skew:        -0.116ns (DCD - SCD + CPR)
    Destination Clock Delay (DCD):    4.653ns = ( 7.987 - 3.333 ) 
    Source Clock Delay      (SCD):    4.392ns
    Clock Pessimism Removal (CPR):    -0.378ns
  Clock Uncertainty:      0.052ns  ((TSJ^2 + DJ^2)^1/2) / 2 + PE
    Total System Jitter     (TSJ):    0.071ns
    Discrete Jitter          (DJ):    0.076ns
    Phase Error              (PE):    0.000ns
  Clock Net Delay (Source):      2.258ns (routing 0.854ns, distribution 1.404ns)
  Clock Net Delay (Destination): 2.065ns (routing 0.777ns, distribution 1.288ns)

    Location             Delay type                Incr(ns)  Path(ns)    Netlist Resource(s)
  -------------------------------------------------------------------    -------------------
                         (clock mmcm_clkout0 rise edge)
                                                      0.000     0.000 r  
    E12                                               0.000     0.000 r  sys_clk_p (IN)
                         net (fo=0)                   0.000     0.000    i_bufds_sys_clk/I
    HPIOBDIFFINBUF_X1Y300
                         DIFFINBUF (Prop_DIFFINBUF_HPIOBDIFFINBUF_DIFF_IN_P_O)
                                                      0.675     0.675 r  i_bufds_sys_clk/DIFFINBUF_INST/O
                         net (fo=1, routed)           0.050     0.725    i_bufds_sys_clk/OUT
    E12                  IBUFCTRL (Prop_IBUFCTRL_HPIOB_M_I_O)
                                                      0.000     0.725 r  i_bufds_sys_clk/IBUFCTRL_INST/O
                         net (fo=1, routed)           0.335     1.060    sys_clk
    BUFGCE_X1Y289        BUFGCE (Prop_BUFCE_BUFGCE_I_O)
                                                      0.028     1.088 r  sys_clk_BUFGCE_inst/O
                         net (fo=19, routed)          0.901     1.989    i_dram_wrapper/i_dram/inst/u_ddr4_infrastructure/mmcm_clk_in
    MMCM_X1Y13           MMCME4_ADV (Prop_MMCM_CLKIN1_CLKOUT0)
                                                     -0.127     1.862 r  i_dram_wrapper/i_dram/inst/u_ddr4_infrastructure/gen_mmcme4.u_mmcme_adv_inst/CLKOUT0
                         net (fo=1, routed)           0.244     2.106    i_dram_wrapper/i_dram/inst/u_ddr4_infrastructure/mmcm_clkout0
    BUFGCE_X1Y332        BUFGCE (Prop_BUFCE_BUFGCE_I_O)
                                                      0.028     2.134 r  i_dram_wrapper/i_dram/inst/u_ddr4_infrastructure/u_bufg_divClk/O
    X4Y12 (CLOCK_ROOT)   net (fo=36893, routed)       2.258     4.392    i_dram_wrapper/i_ui_rstgen/i_rstgen_bypass/clk_i
    SLICE_X110Y719       FDCE                                         r  i_dram_wrapper/i_ui_rstgen/i_rstgen_bypass/synch_regs_q_reg[3]/C
  -------------------------------------------------------------------    -------------------
    SLICE_X110Y719       FDCE (Prop_CFF2_SLICEM_C_Q)
                                                      0.077     4.469 r  i_dram_wrapper/i_ui_rstgen/i_rstgen_bypass/synch_regs_q_reg[3]/Q
                         net (fo=97, routed)          2.976     7.445    i_dram_wrapper/gen_cdc.i_axi_cdc_mig/i_axi_cdc_dst/i_cdc_fifo_gray_dst_w/i_spill_register/spill_register_flushable_i/synch_regs_q[3]_bufg_place
    SLICE_X110Y893       FDCE                                         f  i_dram_wrapper/gen_cdc.i_axi_cdc_mig/i_axi_cdc_dst/i_cdc_fifo_gray_dst_w/i_spill_register/spill_register_flushable_i/gen_spill_reg.b_data_q_reg[data][282]/CLR  (IS_INVERTED)
  -------------------------------------------------------------------    -------------------

                         (clock mmcm_clkout0 rise edge)
                                                      3.333     3.333 r  
    E12                                               0.000     3.333 r  sys_clk_p (IN)
                         net (fo=0)                   0.000     3.333    i_bufds_sys_clk/I
    HPIOBDIFFINBUF_X1Y300
                         DIFFINBUF (Prop_DIFFINBUF_HPIOBDIFFINBUF_DIFF_IN_P_O)
                                                      0.564     3.898 r  i_bufds_sys_clk/DIFFINBUF_INST/O
                         net (fo=1, routed)           0.040     3.938    i_bufds_sys_clk/OUT
    E12                  IBUFCTRL (Prop_IBUFCTRL_HPIOB_M_I_O)
                                                      0.000     3.938 r  i_bufds_sys_clk/IBUFCTRL_INST/O
                         net (fo=1, routed)           0.297     4.235    sys_clk
    BUFGCE_X1Y289        BUFGCE (Prop_BUFCE_BUFGCE_I_O)
                                                      0.024     4.259 r  sys_clk_BUFGCE_inst/O
                         net (fo=19, routed)          0.795     5.054    i_dram_wrapper/i_dram/inst/u_ddr4_infrastructure/mmcm_clk_in
    MMCM_X1Y13           MMCME4_ADV (Prop_MMCM_CLKIN1_CLKOUT0)
                                                      0.630     5.684 r  i_dram_wrapper/i_dram/inst/u_ddr4_infrastructure/gen_mmcme4.u_mmcme_adv_inst/CLKOUT0
                         net (fo=1, routed)           0.214     5.898    i_dram_wrapper/i_dram/inst/u_ddr4_infrastructure/mmcm_clkout0
    BUFGCE_X1Y332        BUFGCE (Prop_BUFCE_BUFGCE_I_O)
                                                      0.024     5.922 r  i_dram_wrapper/i_dram/inst/u_ddr4_infrastructure/u_bufg_divClk/O
    X4Y12 (CLOCK_ROOT)   net (fo=36893, routed)       2.065     7.987    i_dram_wrapper/gen_cdc.i_axi_cdc_mig/i_axi_cdc_dst/i_cdc_fifo_gray_dst_w/i_spill_register/spill_register_flushable_i/clk_i
    SLICE_X110Y893       FDCE                                         r  i_dram_wrapper/gen_cdc.i_axi_cdc_mig/i_axi_cdc_dst/i_cdc_fifo_gray_dst_w/i_spill_register/spill_register_flushable_i/gen_spill_reg.b_data_q_reg[data][282]/C
                         clock pessimism             -0.378     7.609    
                         clock uncertainty           -0.052     7.557    
    SLICE_X110Y893       FDCE (Recov_EFF_SLICEM_C_CLR)
                                                     -0.066     7.491    i_dram_wrapper/gen_cdc.i_axi_cdc_mig/i_axi_cdc_dst/i_cdc_fifo_gray_dst_w/i_spill_register/spill_register_flushable_i/gen_spill_reg.b_data_q_reg[data][282]
  -------------------------------------------------------------------
                         required time                          7.491    
                         arrival time                          -7.445    
  -------------------------------------------------------------------
                         slack                                  0.046    





Min Delay Paths
--------------------------------------------------------------------------------------
Slack (MET) :             0.175ns  (arrival time - required time)
  Source:                 i_dram_wrapper/i_ui_por/i_rstgen_bypass/synch_regs_q_reg[3]/C
                            (rising edge-triggered cell FDCE clocked by mmcm_clkout0  {rise@0.000ns fall@1.667ns period=3.333ns})
  Destination:            i_dram_wrapper/fabric_ready_o_reg/CLR
                            (removal check against rising-edge clock mmcm_clkout0  {rise@0.000ns fall@1.667ns period=3.333ns})
  Path Group:             **async_default**
  Path Type:              Removal (Min at Fast Process Corner)
  Requirement:            0.000ns  (mmcm_clkout0 rise@0.000ns - mmcm_clkout0 rise@0.000ns)
  Data Path Delay:        0.173ns  (logic 0.040ns (23.121%)  route 0.133ns (76.879%))
  Logic Levels:           0  
  Clock Path Skew:        0.018ns (DCD - SCD - CPR)
    Destination Clock Delay (DCD):    2.533ns
    Source Clock Delay      (SCD):    2.672ns
    Clock Pessimism Removal (CPR):    -0.158ns
  Clock Net Delay (Source):      1.229ns (routing 0.468ns, distribution 0.761ns)
  Clock Net Delay (Destination): 1.379ns (routing 0.521ns, distribution 0.858ns)

    Location             Delay type                Incr(ns)  Path(ns)    Netlist Resource(s)
  -------------------------------------------------------------------    -------------------
                         (clock mmcm_clkout0 rise edge)
                                                      0.000     0.000 r  
    E12                                               0.000     0.000 r  sys_clk_p (IN)
                         net (fo=0)                   0.000     0.000    i_bufds_sys_clk/I
    HPIOBDIFFINBUF_X1Y300
                         DIFFINBUF (Prop_DIFFINBUF_HPIOBDIFFINBUF_DIFF_IN_P_O)
                                                      0.340     0.340 r  i_bufds_sys_clk/DIFFINBUF_INST/O
                         net (fo=1, routed)           0.040     0.380    i_bufds_sys_clk/OUT
    E12                  IBUFCTRL (Prop_IBUFCTRL_HPIOB_M_I_O)
                                                      0.000     0.380 r  i_bufds_sys_clk/IBUFCTRL_INST/O
                         net (fo=1, routed)           0.150     0.530    sys_clk
    BUFGCE_X1Y289        BUFGCE (Prop_BUFCE_BUFGCE_I_O)
                                                      0.017     0.547 r  sys_clk_BUFGCE_inst/O
                         net (fo=19, routed)          0.504     1.051    i_dram_wrapper/i_dram/inst/u_ddr4_infrastructure/mmcm_clk_in
    MMCM_X1Y13           MMCME4_ADV (Prop_MMCM_CLKIN1_CLKOUT0)
                                                      0.230     1.281 r  i_dram_wrapper/i_dram/inst/u_ddr4_infrastructure/gen_mmcme4.u_mmcme_adv_inst/CLKOUT0
                         net (fo=1, routed)           0.145     1.426    i_dram_wrapper/i_dram/inst/u_ddr4_infrastructure/mmcm_clkout0
    BUFGCE_X1Y332        BUFGCE (Prop_BUFCE_BUFGCE_I_O)
                                                      0.017     1.443 r  i_dram_wrapper/i_dram/inst/u_ddr4_infrastructure/u_bufg_divClk/O
    X4Y12 (CLOCK_ROOT)   net (fo=36893, routed)       1.229     2.672    i_dram_wrapper/i_ui_por/i_rstgen_bypass/clk_i
    SLICE_X111Y721       FDCE                                         r  i_dram_wrapper/i_ui_por/i_rstgen_bypass/synch_regs_q_reg[3]/C
  -------------------------------------------------------------------    -------------------
    SLICE_X111Y721       FDCE (Prop_CFF2_SLICEL_C_Q)
                                                      0.040     2.712 r  i_dram_wrapper/i_ui_por/i_rstgen_bypass/synch_regs_q_reg[3]/Q
                         net (fo=1, routed)           0.133     2.845    i_dram_wrapper/ui_por_n
    SLICE_X111Y722       FDCE                                         f  i_dram_wrapper/fabric_ready_o_reg/CLR  (IS_INVERTED)
  -------------------------------------------------------------------    -------------------

                         (clock mmcm_clkout0 rise edge)
                                                      0.000     0.000 r  
    E12                                               0.000     0.000 r  sys_clk_p (IN)
                         net (fo=0)                   0.000     0.000    i_bufds_sys_clk/I
    HPIOBDIFFINBUF_X1Y300
                         DIFFINBUF (Prop_DIFFINBUF_HPIOBDIFFINBUF_DIFF_IN_P_O)
                                                      0.446     0.446 r  i_bufds_sys_clk/DIFFINBUF_INST/O
                         net (fo=1, routed)           0.050     0.496    i_bufds_sys_clk/OUT
    E12                  IBUFCTRL (Prop_IBUFCTRL_HPIOB_M_I_O)
                                                      0.000     0.496 r  i_bufds_sys_clk/IBUFCTRL_INST/O
                         net (fo=1, routed)           0.183     0.679    sys_clk
    BUFGCE_X1Y289        BUFGCE (Prop_BUFCE_BUFGCE_I_O)
                                                      0.019     0.698 r  sys_clk_BUFGCE_inst/O
                         net (fo=19, routed)          0.567     1.265    i_dram_wrapper/i_dram/inst/u_ddr4_infrastructure/mmcm_clk_in
    MMCM_X1Y13           MMCME4_ADV (Prop_MMCM_CLKIN1_CLKOUT0)
                                                     -0.295     0.970 r  i_dram_wrapper/i_dram/inst/u_ddr4_infrastructure/gen_mmcme4.u_mmcme_adv_inst/CLKOUT0
                         net (fo=1, routed)           0.165     1.135    i_dram_wrapper/i_dram/inst/u_ddr4_infrastructure/mmcm_clkout0
    BUFGCE_X1Y332        BUFGCE (Prop_BUFCE_BUFGCE_I_O)
                                                      0.019     1.154 r  i_dram_wrapper/i_dram/inst/u_ddr4_infrastructure/u_bufg_divClk/O
    X4Y12 (CLOCK_ROOT)   net (fo=36893, routed)       1.379     2.533    i_dram_wrapper/dram_axi_clk
    SLICE_X111Y722       FDCE                                         r  i_dram_wrapper/fabric_ready_o_reg/C
                         clock pessimism              0.158     2.690    
    SLICE_X111Y722       FDCE (Remov_DFF2_SLICEL_C_CLR)
                                                     -0.020     2.670    i_dram_wrapper/fabric_ready_o_reg
  -------------------------------------------------------------------
                         required time                         -2.670    
                         arrival time                           2.845    
  -------------------------------------------------------------------
                         slack                                  0.175    





---------------------------------------------------------------------------------------------------
Path Group:  **default**
From Clock:  clk_50_clkwiz
  To Clock:  

Setup :            0  Failing Endpoints,  Worst Slack       16.219ns,  Total Violation        0.000ns
Hold  :           NA  Failing Endpoints,  Worst Slack           NA  ,  Total Violation           NA
---------------------------------------------------------------------------------------------------


Max Delay Paths
--------------------------------------------------------------------------------------
Slack (MET) :             16.219ns  (required time - arrival time)
  Source:                 i_cheshire_soc/i_dbg_dmi_jtag/i_dmi_jtag_tap/td_o_reg/C
                            (rising edge-triggered cell FDCE clocked by clk_50_clkwiz  {rise@0.000ns fall@10.000ns period=20.000ns})
  Destination:            jtag_tdo_o
  Path Group:             **default**
  Path Type:              Max at Slow Process Corner
  Requirement:            20.000ns  (MaxDelay Path 20.000ns)
  Data Path Delay:        3.781ns  (logic 0.922ns (24.378%)  route 2.859ns (75.622%))
  Logic Levels:           1  (OBUF=1)
  Output Delay:           0.000ns
  Timing Exception:       MaxDelay Path 20.000ns -datapath_only

    Location             Delay type                Incr(ns)  Path(ns)    Netlist Resource(s)
  -------------------------------------------------------------------    -------------------
    SLICE_X51Y602                                     0.000     0.000 r  i_cheshire_soc/i_dbg_dmi_jtag/i_dmi_jtag_tap/td_o_reg/C
    SLICE_X51Y602        FDCE (Prop_BFF2_SLICEM_C_Q)
                                                      0.080     0.080 r  i_cheshire_soc/i_dbg_dmi_jtag/i_dmi_jtag_tap/td_o_reg/Q
                         net (fo=1, routed)           2.859     2.939    jtag_tdo_o_OBUF
    SLR Crossing[2->1]   
    N30                  OBUF (Prop_OUTBUF_HPIOB_M_I_O)
                                                      0.842     3.781 r  jtag_tdo_o_OBUF_inst/O
                         net (fo=0)                   0.000     3.781    jtag_tdo_o
    N30                                                               r  jtag_tdo_o (OUT)
  -------------------------------------------------------------------    -------------------

                         max delay                   20.000    20.000    
                         output delay                -0.000    20.000    
  -------------------------------------------------------------------
                         required time                         20.000    
                         arrival time                          -3.781    
  -------------------------------------------------------------------
                         slack                                 16.219    





---------------------------------------------------------------------------------------------------
Path Group:  **default**
From Clock:  mmcm_clkout0
  To Clock:  

Setup :            0  Failing Endpoints,  Worst Slack        1.166ns,  Total Violation        0.000ns
Hold  :           NA  Failing Endpoints,  Worst Slack           NA  ,  Total Violation           NA
---------------------------------------------------------------------------------------------------


Max Delay Paths
--------------------------------------------------------------------------------------
Slack (MET) :             1.166ns  (required time - arrival time)
  Source:                 i_dram_wrapper/i_dram/inst/u_ddr4_mem_intfc/u_ddr_cal_top/cal_RESET_n_reg[0]/C
                            (rising edge-triggered cell FDRE clocked by mmcm_clkout0  {rise@0.000ns fall@1.667ns period=3.333ns})
  Destination:            c0_ddr4_reset_n
  Path Group:             **default**
  Path Type:              Max at Slow Process Corner
  Requirement:            3.333ns  (MaxDelay Path 3.333ns)
  Data Path Delay:        2.167ns  (logic 0.864ns (39.882%)  route 1.303ns (60.118%))
  Logic Levels:           1  (OBUF=1)
  Output Delay:           0.000ns
  Timing Exception:       MaxDelay Path 3.333ns -datapath_only

    Location             Delay type                Incr(ns)  Path(ns)    Netlist Resource(s)
  -------------------------------------------------------------------    -------------------
    SLICE_X126Y780                                    0.000     0.000 r  i_dram_wrapper/i_dram/inst/u_ddr4_mem_intfc/u_ddr_cal_top/cal_RESET_n_reg[0]/C
    SLICE_X126Y780       FDRE (Prop_DFF2_SLICEL_C_Q)
                                                      0.081     0.081 r  i_dram_wrapper/i_dram/inst/u_ddr4_mem_intfc/u_ddr_cal_top/cal_RESET_n_reg[0]/Q
                         net (fo=1, routed)           1.303     1.384    i_dram_wrapper/i_dram/inst/u_ddr4_mem_intfc/u_mig_ddr4_phy/inst/cal_RESET_n[0]
    N20                  OBUF (Prop_OUTBUF_HPIOB_S_I_O)
                                                      0.783     2.167 r  i_dram_wrapper/i_dram/inst/u_ddr4_mem_intfc/u_mig_ddr4_phy/inst/OBUF_reset_n/O
                         net (fo=0)                   0.000     2.167    c0_ddr4_reset_n
    N20                                                               r  c0_ddr4_reset_n (OUT)
  -------------------------------------------------------------------    -------------------

                         max delay                    3.333     3.333    
                         output delay                -0.000     3.333    
  -------------------------------------------------------------------
                         required time                          3.333    
                         arrival time                          -2.167    
  -------------------------------------------------------------------
                         slack                                  1.166    





--------------------------------------------------------------------------------------
Path Group:  (none)
From Clock:  clk_50_clkwiz
  To Clock:  

Max Delay             0 Endpoints
Min Delay             2 Endpoints
--------------------------------------------------------------------------------------


Min Delay Paths
--------------------------------------------------------------------------------------
Slack:                    inf
  Source:                 i_cheshire_soc/i_dbg_dmi_jtag/i_dmi_jtag_tap/td_o_reg/C
                            (rising edge-triggered cell FDCE clocked by clk_50_clkwiz  {rise@0.000ns fall@10.000ns period=20.000ns})
  Destination:            jtag_tdo_o
                            (output port)
  Path Group:             (none)
  Path Type:              Min at Fast Process Corner
  Data Path Delay:        1.676ns  (logic 0.455ns (27.161%)  route 1.221ns (72.839%))
  Logic Levels:           1  (OBUF=1)
  Clock Uncertainty:      0.234ns  ((TSJ^2 + DJ^2)^1/2) / 2 + PE
    Total System Jitter     (TSJ):    0.050ns
    Discrete Jitter          (DJ):    0.150ns
    Phase Error              (PE):    0.155ns
  Clock Net Delay (Source):      2.014ns (routing 1.022ns, distribution 0.992ns)
  Timing Exception:       False Path

    Location             Delay type                Incr(ns)  Path(ns)    Netlist Resource(s)
  -------------------------------------------------------------------    -------------------
                         (clock clk_50_clkwiz rise edge)
                                                      0.000     0.000 r  
    E12                                               0.000     0.000 r  sys_clk_p (IN)
                         net (fo=0)                   0.000     0.000    i_bufds_sys_clk/I
    HPIOBDIFFINBUF_X1Y300
                         DIFFINBUF (Prop_DIFFINBUF_HPIOBDIFFINBUF_DIFF_IN_P_O)
                                                      0.340     0.340 r  i_bufds_sys_clk/DIFFINBUF_INST/O
                         net (fo=1, routed)           0.040     0.380    i_bufds_sys_clk/OUT
    E12                  IBUFCTRL (Prop_IBUFCTRL_HPIOB_M_I_O)
                                                      0.000     0.380 r  i_bufds_sys_clk/IBUFCTRL_INST/O
                         net (fo=1, routed)           0.150     0.530    sys_clk
    BUFGCE_X1Y289        BUFGCE (Prop_BUFCE_BUFGCE_I_O)
                                                      0.017     0.547 r  sys_clk_BUFGCE_inst/O
                         net (fo=19, routed)          0.552     1.099    i_clkwiz/inst/clk_in1
    MMCM_X1Y11           MMCME4_ADV (Prop_MMCM_CLKIN1_CLKOUT0)
                                                      0.230     1.329 r  i_clkwiz/inst/mmcme4_adv_inst/CLKOUT0
                         net (fo=1, routed)           0.145     1.474    i_clkwiz/inst/clk_50_clkwiz
    BUFGCE_X1Y266        BUFGCE (Prop_BUFCE_BUFGCE_I_O)
                                                      0.017     1.491 r  i_clkwiz/inst/clkout1_buf/O
    X2Y7 (CLOCK_ROOT)    net (fo=199658, routed)      2.014     3.505    i_cheshire_soc/i_dbg_dmi_jtag/i_dmi_jtag_tap/clk_i
    SLICE_X51Y602        FDCE                                         r  i_cheshire_soc/i_dbg_dmi_jtag/i_dmi_jtag_tap/td_o_reg/C
  -------------------------------------------------------------------    -------------------
    SLICE_X51Y602        FDCE (Prop_BFF2_SLICEM_C_Q)
                                                      0.040     3.545 r  i_cheshire_soc/i_dbg_dmi_jtag/i_dmi_jtag_tap/td_o_reg/Q
                         net (fo=1, routed)           1.221     4.766    jtag_tdo_o_OBUF
    SLR Crossing[2->1]   
    N30                  OBUF (Prop_OUTBUF_HPIOB_M_I_O)
                                                      0.415     5.182 r  jtag_tdo_o_OBUF_inst/O
                         net (fo=0)                   0.000     5.182    jtag_tdo_o
    N30                                                               r  jtag_tdo_o (OUT)
  -------------------------------------------------------------------    -------------------





--------------------------------------------------------------------------------------
Path Group:  (none)
From Clock:  mmcm_clkout0
  To Clock:  

Max Delay             0 Endpoints
Min Delay             1 Endpoint
--------------------------------------------------------------------------------------


Min Delay Paths
--------------------------------------------------------------------------------------
Slack:                    inf
  Source:                 i_dram_wrapper/i_dram/inst/u_ddr4_mem_intfc/u_ddr_cal_top/cal_RESET_n_reg[0]/C
                            (rising edge-triggered cell FDRE clocked by mmcm_clkout0  {rise@0.000ns fall@1.667ns period=3.333ns})
  Destination:            c0_ddr4_reset_n
                            (output port)
  Path Group:             (none)
  Path Type:              Min at Fast Process Corner
  Data Path Delay:        0.981ns  (logic 0.399ns (40.651%)  route 0.582ns (59.349%))
  Logic Levels:           1  (OBUF=1)
  Clock Uncertainty:      0.118ns  ((TSJ^2 + DJ^2)^1/2) / 2 + PE
    Total System Jitter     (TSJ):    0.050ns
    Discrete Jitter          (DJ):    0.076ns
    Phase Error              (PE):    0.073ns
  Clock Net Delay (Source):      1.162ns (routing 0.468ns, distribution 0.694ns)
  Timing Exception:       False Path

    Location             Delay type                Incr(ns)  Path(ns)    Netlist Resource(s)
  -------------------------------------------------------------------    -------------------
                         (clock mmcm_clkout0 rise edge)
                                                      0.000     0.000 r  
    E12                                               0.000     0.000 r  sys_clk_p (IN)
                         net (fo=0)                   0.000     0.000    i_bufds_sys_clk/I
    HPIOBDIFFINBUF_X1Y300
                         DIFFINBUF (Prop_DIFFINBUF_HPIOBDIFFINBUF_DIFF_IN_P_O)
                                                      0.340     0.340 r  i_bufds_sys_clk/DIFFINBUF_INST/O
                         net (fo=1, routed)           0.040     0.380    i_bufds_sys_clk/OUT
    E12                  IBUFCTRL (Prop_IBUFCTRL_HPIOB_M_I_O)
                                                      0.000     0.380 r  i_bufds_sys_clk/IBUFCTRL_INST/O
                         net (fo=1, routed)           0.150     0.530    sys_clk
    BUFGCE_X1Y289        BUFGCE (Prop_BUFCE_BUFGCE_I_O)
                                                      0.017     0.547 r  sys_clk_BUFGCE_inst/O
                         net (fo=19, routed)          0.504     1.051    i_dram_wrapper/i_dram/inst/u_ddr4_infrastructure/mmcm_clk_in
    MMCM_X1Y13           MMCME4_ADV (Prop_MMCM_CLKIN1_CLKOUT0)
                                                      0.230     1.281 r  i_dram_wrapper/i_dram/inst/u_ddr4_infrastructure/gen_mmcme4.u_mmcme_adv_inst/CLKOUT0
                         net (fo=1, routed)           0.145     1.426    i_dram_wrapper/i_dram/inst/u_ddr4_infrastructure/mmcm_clkout0
    BUFGCE_X1Y332        BUFGCE (Prop_BUFCE_BUFGCE_I_O)
                                                      0.017     1.443 r  i_dram_wrapper/i_dram/inst/u_ddr4_infrastructure/u_bufg_divClk/O
    X4Y12 (CLOCK_ROOT)   net (fo=36893, routed)       1.162     2.605    i_dram_wrapper/i_dram/inst/u_ddr4_mem_intfc/u_ddr_cal_top/wosp_reg[2]_rep__7
    SLICE_X126Y780       FDRE                                         r  i_dram_wrapper/i_dram/inst/u_ddr4_mem_intfc/u_ddr_cal_top/cal_RESET_n_reg[0]/C
  -------------------------------------------------------------------    -------------------
    SLICE_X126Y780       FDRE (Prop_DFF2_SLICEL_C_Q)
                                                      0.041     2.646 r  i_dram_wrapper/i_dram/inst/u_ddr4_mem_intfc/u_ddr_cal_top/cal_RESET_n_reg[0]/Q
                         net (fo=1, routed)           0.582     3.228    i_dram_wrapper/i_dram/inst/u_ddr4_mem_intfc/u_mig_ddr4_phy/inst/cal_RESET_n[0]
    N20                  OBUF (Prop_OUTBUF_HPIOB_S_I_O)
                                                      0.358     3.586 r  i_dram_wrapper/i_dram/inst/u_ddr4_mem_intfc/u_mig_ddr4_phy/inst/OBUF_reset_n/O
                         net (fo=0)                   0.000     3.586    c0_ddr4_reset_n
    N20                                                               r  c0_ddr4_reset_n (OUT)
  -------------------------------------------------------------------    -------------------





--------------------------------------------------------------------------------------
Path Group:  (none)
From Clock:  
  To Clock:  clk_50_clkwiz

Max Delay             4 Endpoints
Min Delay             4 Endpoints
--------------------------------------------------------------------------------------


Max Delay Paths
--------------------------------------------------------------------------------------
Slack:                    inf
  Source:                 sys_reset
                            (input port)
  Destination:            i_board_por/i_rstgen_bypass/synch_regs_q_reg[0]/CLR
                            (recovery check against rising-edge clock clk_50_clkwiz  {rise@0.000ns fall@10.000ns period=20.000ns})
  Path Group:             (none)
  Path Type:              Recovery (Max at Slow Process Corner)
  Data Path Delay:        4.732ns  (logic 0.633ns (13.377%)  route 4.099ns (86.623%))
  Logic Levels:           3  (IBUFCTRL=1 INBUF=1 LUT2=1)
  Clock Path Skew:        6.028ns (DCD - SCD + CPR)
    Destination Clock Delay (DCD):    6.028ns
    Source Clock Delay      (SCD):    0.000ns
    Clock Pessimism Removal (CPR):    0.000ns
  Clock Net Delay (Destination): 3.359ns (routing 1.700ns, distribution 1.659ns)
  Timing Exception:       False Path

    Location             Delay type                Incr(ns)  Path(ns)    Netlist Resource(s)
  -------------------------------------------------------------------    -------------------
    L19                                               0.000     0.000 f  sys_reset (IN)
                         net (fo=0)                   0.000     0.000    sys_reset_IBUF_inst/I
    L19                  INBUF (Prop_INBUF_HPIOB_SNGL_PAD_O)
                                                      0.580     0.580 f  sys_reset_IBUF_inst/INBUF_INST/O
                         net (fo=1, routed)           0.000     0.580    sys_reset_IBUF_inst/OUT
    L19                  IBUFCTRL (Prop_IBUFCTRL_HPIOB_SNGL_I_O)
                                                      0.000     0.580 f  sys_reset_IBUF_inst/IBUFCTRL_INST/O
                         net (fo=1, routed)           2.751     3.331    sys_reset_IBUF
    SLICE_X110Y659       LUT2 (Prop_H6LUT_SLICEM_I1_O)
                                                      0.053     3.384 r  i_board_por_i_1/O
                         net (fo=4, routed)           1.348     4.732    i_board_por/i_rstgen_bypass/rst_test_mode_ni
    SLICE_X108Y641       FDCE                                         f  i_board_por/i_rstgen_bypass/synch_regs_q_reg[0]/CLR  (IS_INVERTED)
  -------------------------------------------------------------------    -------------------

                         (clock clk_50_clkwiz rise edge)
                                                      0.000     0.000 r  
    E12                                               0.000     0.000 r  sys_clk_p (IN)
                         net (fo=0)                   0.000     0.000    i_bufds_sys_clk/I
    HPIOBDIFFINBUF_X1Y300
                         DIFFINBUF (Prop_DIFFINBUF_HPIOBDIFFINBUF_DIFF_IN_P_O)
                                                      0.564     0.564 r  i_bufds_sys_clk/DIFFINBUF_INST/O
                         net (fo=1, routed)           0.040     0.604    i_bufds_sys_clk/OUT
    E12                  IBUFCTRL (Prop_IBUFCTRL_HPIOB_M_I_O)
                                                      0.000     0.604 r  i_bufds_sys_clk/IBUFCTRL_INST/O
                         net (fo=1, routed)           0.297     0.901    sys_clk
    BUFGCE_X1Y289        BUFGCE (Prop_BUFCE_BUFGCE_I_O)
                                                      0.024     0.925 r  sys_clk_BUFGCE_inst/O
                         net (fo=19, routed)          0.876     1.801    i_clkwiz/inst/clk_in1
    MMCM_X1Y11           MMCME4_ADV (Prop_MMCM_CLKIN1_CLKOUT0)
                                                      0.630     2.431 r  i_clkwiz/inst/mmcme4_adv_inst/CLKOUT0
                         net (fo=1, routed)           0.214     2.645    i_clkwiz/inst/clk_50_clkwiz
    BUFGCE_X1Y266        BUFGCE (Prop_BUFCE_BUFGCE_I_O)
                                                      0.024     2.669 r  i_clkwiz/inst/clkout1_buf/O
    X2Y7 (CLOCK_ROOT)    net (fo=199658, routed)      3.359     6.028    i_board_por/i_rstgen_bypass/clk_i
    SLICE_X108Y641       FDCE                                         r  i_board_por/i_rstgen_bypass/synch_regs_q_reg[0]/C





Min Delay Paths
--------------------------------------------------------------------------------------
Slack:                    inf
  Source:                 sys_reset
                            (input port)
  Destination:            i_board_por/i_rstgen_bypass/synch_regs_q_reg[0]/CLR
                            (removal check against rising-edge clock clk_50_clkwiz  {rise@0.000ns fall@10.000ns period=20.000ns})
  Path Group:             (none)
  Path Type:              Removal (Min at Fast Process Corner)
  Data Path Delay:        2.145ns  (logic 0.155ns (7.239%)  route 1.990ns (92.761%))
  Logic Levels:           3  (IBUFCTRL=1 INBUF=1 LUT2=1)
  Clock Path Skew:        3.498ns (DCD - SCD - CPR)
    Destination Clock Delay (DCD):    3.498ns
    Source Clock Delay      (SCD):    0.000ns
    Clock Pessimism Removal (CPR):    -0.000ns
  Clock Net Delay (Destination): 2.289ns (routing 1.135ns, distribution 1.154ns)
  Timing Exception:       False Path

    Location             Delay type                Incr(ns)  Path(ns)    Netlist Resource(s)
  -------------------------------------------------------------------    -------------------
    L19                                               0.000     0.000 f  sys_reset (IN)
                         net (fo=0)                   0.000     0.000    sys_reset_IBUF_inst/I
    L19                  INBUF (Prop_INBUF_HPIOB_SNGL_PAD_O)
                                                      0.132     0.132 f  sys_reset_IBUF_inst/INBUF_INST/O
                         net (fo=1, routed)           0.000     0.132    sys_reset_IBUF_inst/OUT
    L19                  IBUFCTRL (Prop_IBUFCTRL_HPIOB_SNGL_I_O)
                                                      0.000     0.132 f  sys_reset_IBUF_inst/IBUFCTRL_INST/O
                         net (fo=1, routed)           1.321     1.453    sys_reset_IBUF
    SLICE_X110Y659       LUT2 (Prop_H6LUT_SLICEM_I1_O)
                                                      0.023     1.476 r  i_board_por_i_1/O
                         net (fo=4, routed)           0.669     2.145    i_board_por/i_rstgen_bypass/rst_test_mode_ni
    SLICE_X108Y641       FDCE                                         f  i_board_por/i_rstgen_bypass/synch_regs_q_reg[0]/CLR  (IS_INVERTED)
  -------------------------------------------------------------------    -------------------

                         (clock clk_50_clkwiz rise edge)
                                                      0.000     0.000 r  
    E12                                               0.000     0.000 r  sys_clk_p (IN)
                         net (fo=0)                   0.000     0.000    i_bufds_sys_clk/I
    HPIOBDIFFINBUF_X1Y300
                         DIFFINBUF (Prop_DIFFINBUF_HPIOBDIFFINBUF_DIFF_IN_P_O)
                                                      0.446     0.446 r  i_bufds_sys_clk/DIFFINBUF_INST/O
                         net (fo=1, routed)           0.050     0.496    i_bufds_sys_clk/OUT
    E12                  IBUFCTRL (Prop_IBUFCTRL_HPIOB_M_I_O)
                                                      0.000     0.496 r  i_bufds_sys_clk/IBUFCTRL_INST/O
                         net (fo=1, routed)           0.183     0.679    sys_clk
    BUFGCE_X1Y289        BUFGCE (Prop_BUFCE_BUFGCE_I_O)
                                                      0.019     0.698 r  sys_clk_BUFGCE_inst/O
                         net (fo=19, routed)          0.622     1.320    i_clkwiz/inst/clk_in1
    MMCM_X1Y11           MMCME4_ADV (Prop_MMCM_CLKIN1_CLKOUT0)
                                                     -0.295     1.025 r  i_clkwiz/inst/mmcme4_adv_inst/CLKOUT0
                         net (fo=1, routed)           0.165     1.190    i_clkwiz/inst/clk_50_clkwiz
    BUFGCE_X1Y266        BUFGCE (Prop_BUFCE_BUFGCE_I_O)
                                                      0.019     1.209 r  i_clkwiz/inst/clkout1_buf/O
    X2Y7 (CLOCK_ROOT)    net (fo=199658, routed)      2.289     3.498    i_board_por/i_rstgen_bypass/clk_i
    SLICE_X108Y641       FDCE                                         r  i_board_por/i_rstgen_bypass/synch_regs_q_reg[0]/C





--------------------------------------------------------------------------------------
Path Group:  (none)
From Clock:  ara_async_pad
  To Clock:  clk_50_clkwiz

Max Delay             0 Endpoints
Min Delay             4 Endpoints
--------------------------------------------------------------------------------------


Min Delay Paths
--------------------------------------------------------------------------------------
Slack:                    inf
  Source:                 jtag_tck_i
                            (input port clocked by ara_async_pad  {rise@0.000ns fall@500.000ns period=1000.000ns})
  Destination:            i_cheshire_soc/i_dbg_dmi_jtag/fpga_tck_sync_q_reg[0]/D
                            (rising edge-triggered cell FDCE clocked by clk_50_clkwiz  {rise@0.000ns fall@10.000ns period=20.000ns})
  Path Group:             (none)
  Path Type:              Hold (Min at Fast Process Corner)
  Data Path Delay:        1.361ns  (logic 0.186ns (13.668%)  route 1.175ns (86.332%))
  Logic Levels:           2  (IBUFCTRL=1 INBUF=1)
  Input Delay:            0.000ns
  Clock Path Skew:        3.460ns (DCD - SCD - CPR)
    Destination Clock Delay (DCD):    3.460ns
    Source Clock Delay      (SCD):    0.000ns
    Clock Pessimism Removal (CPR):    -0.000ns
  Clock Uncertainty:      0.234ns  ((TSJ^2 + DJ^2)^1/2) / 2 + PE
    Total System Jitter     (TSJ):    0.050ns
    Discrete Jitter          (DJ):    0.150ns
    Phase Error              (PE):    0.155ns
  Clock Net Delay (Destination): 2.251ns (routing 1.135ns, distribution 1.116ns)
  Timing Exception:       False Path

    Location             Delay type                Incr(ns)  Path(ns)    Netlist Resource(s)
  -------------------------------------------------------------------    -------------------
                         (clock ara_async_pad rise edge)
                                                      0.000     0.000 r  
                         ideal clock network latency
                                                      0.000     0.000    
                         input delay                  0.000     0.000    
    P30                                               0.000     0.000 r  jtag_tck_i (IN)
                         net (fo=0)                   0.000     0.000    jtag_tck_i_IBUF_inst/I
    P30                  INBUF (Prop_INBUF_HPIOB_S_PAD_O)
                                                      0.186     0.186 r  jtag_tck_i_IBUF_inst/INBUF_INST/O
                         net (fo=1, routed)           0.000     0.186    jtag_tck_i_IBUF_inst/OUT
    P30                  IBUFCTRL (Prop_IBUFCTRL_HPIOB_S_I_O)
                                                      0.000     0.186 r  jtag_tck_i_IBUF_inst/IBUFCTRL_INST/O
                         net (fo=1, routed)           1.175     1.361    i_cheshire_soc/i_dbg_dmi_jtag/tck_i
    SLR Crossing[1->2]   
    SLICE_X51Y604        FDCE                                         r  i_cheshire_soc/i_dbg_dmi_jtag/fpga_tck_sync_q_reg[0]/D
  -------------------------------------------------------------------    -------------------

                         (clock clk_50_clkwiz rise edge)
                                                      0.000     0.000 r  
    E12                                               0.000     0.000 r  sys_clk_p (IN)
                         net (fo=0)                   0.000     0.000    i_bufds_sys_clk/I
    HPIOBDIFFINBUF_X1Y300
                         DIFFINBUF (Prop_DIFFINBUF_HPIOBDIFFINBUF_DIFF_IN_P_O)
                                                      0.446     0.446 r  i_bufds_sys_clk/DIFFINBUF_INST/O
                         net (fo=1, routed)           0.050     0.496    i_bufds_sys_clk/OUT
    E12                  IBUFCTRL (Prop_IBUFCTRL_HPIOB_M_I_O)
                                                      0.000     0.496 r  i_bufds_sys_clk/IBUFCTRL_INST/O
                         net (fo=1, routed)           0.183     0.679    sys_clk
    BUFGCE_X1Y289        BUFGCE (Prop_BUFCE_BUFGCE_I_O)
                                                      0.019     0.698 r  sys_clk_BUFGCE_inst/O
                         net (fo=19, routed)          0.622     1.320    i_clkwiz/inst/clk_in1
    MMCM_X1Y11           MMCME4_ADV (Prop_MMCM_CLKIN1_CLKOUT0)
                                                     -0.295     1.025 r  i_clkwiz/inst/mmcme4_adv_inst/CLKOUT0
                         net (fo=1, routed)           0.165     1.190    i_clkwiz/inst/clk_50_clkwiz
    BUFGCE_X1Y266        BUFGCE (Prop_BUFCE_BUFGCE_I_O)
                                                      0.019     1.209 r  i_clkwiz/inst/clkout1_buf/O
    X2Y7 (CLOCK_ROOT)    net (fo=199658, routed)      2.251     3.460    i_cheshire_soc/i_dbg_dmi_jtag/clk_i
    SLICE_X51Y604        FDCE                                         r  i_cheshire_soc/i_dbg_dmi_jtag/fpga_tck_sync_q_reg[0]/C





--------------------------------------------------------------------------------------
Path Group:  (none)
From Clock:  clk_50_clkwiz
  To Clock:  clk_50_clkwiz

Max Delay            25 Endpoints
Min Delay            25 Endpoints
--------------------------------------------------------------------------------------


Max Delay Paths
--------------------------------------------------------------------------------------
Slack:                    inf
  Source:                 i_rstgen/i_rstgen_bypass/synch_regs_q_reg[3]/C
                            (rising edge-triggered cell FDCE clocked by clk_50_clkwiz  {rise@0.000ns fall@10.000ns period=20.000ns})
  Destination:            gen_status_sync[3].i_sync/reg_q_reg[0]/D
                            (rising edge-triggered cell FDRE clocked by clk_50_clkwiz  {rise@0.000ns fall@10.000ns period=20.000ns})
  Path Group:             (none)
  Path Type:              Setup (Max at Slow Process Corner)
  Data Path Delay:        4.185ns  (logic 0.220ns (5.257%)  route 3.965ns (94.743%))
  Logic Levels:           2  (BUFGCE=1 LUT1=1)
  Clock Path Skew:        0.136ns (DCD - SCD + CPR)
    Destination Clock Delay (DCD):    6.031ns
    Source Clock Delay      (SCD):    5.896ns
    Clock Pessimism Removal (CPR):    0.000ns
  Clock Uncertainty:      0.083ns  ((TSJ^2 + DJ^2)^1/2) / 2 + PE
    Total System Jitter     (TSJ):    0.071ns
    Discrete Jitter          (DJ):    0.150ns
    Phase Error              (PE):    0.000ns
  Clock Net Delay (Source):      3.672ns (routing 1.870ns, distribution 1.802ns)
  Clock Net Delay (Destination): 3.362ns (routing 1.700ns, distribution 1.662ns)
  Timing Exception:       False Path

    Location             Delay type                Incr(ns)  Path(ns)    Netlist Resource(s)
  -------------------------------------------------------------------    -------------------
                         (clock clk_50_clkwiz rise edge)
                                                      0.000     0.000 r  
    E12                                               0.000     0.000 r  sys_clk_p (IN)
                         net (fo=0)                   0.000     0.000    i_bufds_sys_clk/I
    HPIOBDIFFINBUF_X1Y300
                         DIFFINBUF (Prop_DIFFINBUF_HPIOBDIFFINBUF_DIFF_IN_P_O)
                                                      0.675     0.675 r  i_bufds_sys_clk/DIFFINBUF_INST/O
                         net (fo=1, routed)           0.050     0.725    i_bufds_sys_clk/OUT
    E12                  IBUFCTRL (Prop_IBUFCTRL_HPIOB_M_I_O)
                                                      0.000     0.725 r  i_bufds_sys_clk/IBUFCTRL_INST/O
                         net (fo=1, routed)           0.335     1.060    sys_clk
    BUFGCE_X1Y289        BUFGCE (Prop_BUFCE_BUFGCE_I_O)
                                                      0.028     1.088 r  sys_clk_BUFGCE_inst/O
                         net (fo=19, routed)          0.991     2.079    i_clkwiz/inst/clk_in1
    MMCM_X1Y11           MMCME4_ADV (Prop_MMCM_CLKIN1_CLKOUT0)
                                                     -0.127     1.952 r  i_clkwiz/inst/mmcme4_adv_inst/CLKOUT0
                         net (fo=1, routed)           0.244     2.196    i_clkwiz/inst/clk_50_clkwiz
    BUFGCE_X1Y266        BUFGCE (Prop_BUFCE_BUFGCE_I_O)
                                                      0.028     2.224 r  i_clkwiz/inst/clkout1_buf/O
    X2Y7 (CLOCK_ROOT)    net (fo=199658, routed)      3.672     5.896    i_rstgen/i_rstgen_bypass/clk_i
    SLR Crossing[2->1]   
    SLICE_X103Y595       FDCE                                         r  i_rstgen/i_rstgen_bypass/synch_regs_q_reg[3]/C
  -------------------------------------------------------------------    -------------------
    SLICE_X103Y595       FDCE (Prop_CFF2_SLICEL_C_Q)
                                                      0.080     5.976 r  i_rstgen/i_rstgen_bypass/synch_regs_q_reg[3]/Q
                         net (fo=759, routed)         2.503     8.479    i_rstgen/i_rstgen_bypass/synch_regs_q[3]
    BUFGCE_X0Y224        BUFGCE (Prop_BUFCE_BUFGCE_I_O)
                                                      0.028     8.507 r  i_rstgen/i_rstgen_bypass/synch_regs_q[3]_BUFG_inst/O
                         net (fo=158447, routed)      1.439     9.946    gen_status_sync[3].i_sync/serial_i
    SLR Crossing[1->2]   
    SLICE_X110Y638       LUT1 (Prop_A5LUT_SLICEM_I0_O)
                                                      0.112    10.058 r  gen_status_sync[3].i_sync/reg_q_reg[0]_xlnx_opt/O
                         net (fo=1, routed)           0.023    10.081    gen_status_sync[3].i_sync/reg_q_reg[0]_xlnx_opt_1
    SLICE_X110Y638       FDRE                                         r  gen_status_sync[3].i_sync/reg_q_reg[0]/D
  -------------------------------------------------------------------    -------------------

                         (clock clk_50_clkwiz rise edge)
                                                      0.000     0.000 r  
    E12                                               0.000     0.000 r  sys_clk_p (IN)
                         net (fo=0)                   0.000     0.000    i_bufds_sys_clk/I
    HPIOBDIFFINBUF_X1Y300
                         DIFFINBUF (Prop_DIFFINBUF_HPIOBDIFFINBUF_DIFF_IN_P_O)
                                                      0.564     0.564 r  i_bufds_sys_clk/DIFFINBUF_INST/O
                         net (fo=1, routed)           0.040     0.604    i_bufds_sys_clk/OUT
    E12                  IBUFCTRL (Prop_IBUFCTRL_HPIOB_M_I_O)
                                                      0.000     0.604 r  i_bufds_sys_clk/IBUFCTRL_INST/O
                         net (fo=1, routed)           0.297     0.901    sys_clk
    BUFGCE_X1Y289        BUFGCE (Prop_BUFCE_BUFGCE_I_O)
                                                      0.024     0.925 r  sys_clk_BUFGCE_inst/O
                         net (fo=19, routed)          0.876     1.801    i_clkwiz/inst/clk_in1
    MMCM_X1Y11           MMCME4_ADV (Prop_MMCM_CLKIN1_CLKOUT0)
                                                      0.630     2.431 r  i_clkwiz/inst/mmcme4_adv_inst/CLKOUT0
                         net (fo=1, routed)           0.214     2.645    i_clkwiz/inst/clk_50_clkwiz
    BUFGCE_X1Y266        BUFGCE (Prop_BUFCE_BUFGCE_I_O)
                                                      0.024     2.669 r  i_clkwiz/inst/clkout1_buf/O
    X2Y7 (CLOCK_ROOT)    net (fo=199658, routed)      3.362     6.031    gen_status_sync[3].i_sync/clk_i
    SLICE_X110Y638       FDRE                                         r  gen_status_sync[3].i_sync/reg_q_reg[0]/C





Min Delay Paths
--------------------------------------------------------------------------------------
Slack:                    inf
  Source:                 i_vio/inst/PROBE_OUT_ALL_INST/G_PROBE_OUT[0].PROBE_OUT0_INST/data_int_reg[0]/C
                            (rising edge-triggered cell FDRE clocked by clk_50_clkwiz  {rise@0.000ns fall@10.000ns period=20.000ns})
  Destination:            i_vio/inst/PROBE_OUT_ALL_INST/G_PROBE_OUT[0].PROBE_OUT0_INST/Probe_out_reg[0]/D
                            (rising edge-triggered cell FDRE clocked by clk_50_clkwiz  {rise@0.000ns fall@10.000ns period=20.000ns})
  Path Group:             (none)
  Path Type:              Hold (Min at Fast Process Corner)
  Data Path Delay:        0.074ns  (logic 0.039ns (52.703%)  route 0.035ns (47.297%))
  Logic Levels:           0  
  Clock Path Skew:        -0.040ns (DCD - SCD - CPR)
    Destination Clock Delay (DCD):    3.500ns
    Source Clock Delay      (SCD):    3.539ns
    Clock Pessimism Removal (CPR):    -0.000ns
  Clock Uncertainty:      0.083ns  ((TSJ^2 + DJ^2)^1/2) / 2 + PE
    Total System Jitter     (TSJ):    0.071ns
    Discrete Jitter          (DJ):    0.150ns
    Phase Error              (PE):    0.000ns
  Clock Net Delay (Source):      2.048ns (routing 1.022ns, distribution 1.026ns)
  Clock Net Delay (Destination): 2.291ns (routing 1.135ns, distribution 1.156ns)
  Timing Exception:       False Path

    Location             Delay type                Incr(ns)  Path(ns)    Netlist Resource(s)
  -------------------------------------------------------------------    -------------------
                         (clock clk_50_clkwiz rise edge)
                                                      0.000     0.000 r  
    E12                                               0.000     0.000 r  sys_clk_p (IN)
                         net (fo=0)                   0.000     0.000    i_bufds_sys_clk/I
    HPIOBDIFFINBUF_X1Y300
                         DIFFINBUF (Prop_DIFFINBUF_HPIOBDIFFINBUF_DIFF_IN_P_O)
                                                      0.340     0.340 r  i_bufds_sys_clk/DIFFINBUF_INST/O
                         net (fo=1, routed)           0.040     0.380    i_bufds_sys_clk/OUT
    E12                  IBUFCTRL (Prop_IBUFCTRL_HPIOB_M_I_O)
                                                      0.000     0.380 r  i_bufds_sys_clk/IBUFCTRL_INST/O
                         net (fo=1, routed)           0.150     0.530    sys_clk
    BUFGCE_X1Y289        BUFGCE (Prop_BUFCE_BUFGCE_I_O)
                                                      0.017     0.547 r  sys_clk_BUFGCE_inst/O
                         net (fo=19, routed)          0.552     1.099    i_clkwiz/inst/clk_in1
    MMCM_X1Y11           MMCME4_ADV (Prop_MMCM_CLKIN1_CLKOUT0)
                                                      0.230     1.329 r  i_clkwiz/inst/mmcme4_adv_inst/CLKOUT0
                         net (fo=1, routed)           0.145     1.474    i_clkwiz/inst/clk_50_clkwiz
    BUFGCE_X1Y266        BUFGCE (Prop_BUFCE_BUFGCE_I_O)
                                                      0.017     1.491 r  i_clkwiz/inst/clkout1_buf/O
    X2Y7 (CLOCK_ROOT)    net (fo=199658, routed)      2.048     3.539    i_vio/inst/PROBE_OUT_ALL_INST/G_PROBE_OUT[0].PROBE_OUT0_INST/out
    SLICE_X111Y640       FDRE                                         r  i_vio/inst/PROBE_OUT_ALL_INST/G_PROBE_OUT[0].PROBE_OUT0_INST/data_int_reg[0]/C
  -------------------------------------------------------------------    -------------------
    SLICE_X111Y640       FDRE (Prop_HFF_SLICEL_C_Q)
                                                      0.039     3.578 r  i_vio/inst/PROBE_OUT_ALL_INST/G_PROBE_OUT[0].PROBE_OUT0_INST/data_int_reg[0]/Q
                         net (fo=3, routed)           0.035     3.613    i_vio/inst/PROBE_OUT_ALL_INST/G_PROBE_OUT[0].PROBE_OUT0_INST/data_int[0]
    SLICE_X111Y640       FDRE                                         r  i_vio/inst/PROBE_OUT_ALL_INST/G_PROBE_OUT[0].PROBE_OUT0_INST/Probe_out_reg[0]/D
  -------------------------------------------------------------------    -------------------

                         (clock clk_50_clkwiz rise edge)
                                                      0.000     0.000 r  
    E12                                               0.000     0.000 r  sys_clk_p (IN)
                         net (fo=0)                   0.000     0.000    i_bufds_sys_clk/I
    HPIOBDIFFINBUF_X1Y300
                         DIFFINBUF (Prop_DIFFINBUF_HPIOBDIFFINBUF_DIFF_IN_P_O)
                                                      0.446     0.446 r  i_bufds_sys_clk/DIFFINBUF_INST/O
                         net (fo=1, routed)           0.050     0.496    i_bufds_sys_clk/OUT
    E12                  IBUFCTRL (Prop_IBUFCTRL_HPIOB_M_I_O)
                                                      0.000     0.496 r  i_bufds_sys_clk/IBUFCTRL_INST/O
                         net (fo=1, routed)           0.183     0.679    sys_clk
    BUFGCE_X1Y289        BUFGCE (Prop_BUFCE_BUFGCE_I_O)
                                                      0.019     0.698 r  sys_clk_BUFGCE_inst/O
                         net (fo=19, routed)          0.622     1.320    i_clkwiz/inst/clk_in1
    MMCM_X1Y11           MMCME4_ADV (Prop_MMCM_CLKIN1_CLKOUT0)
                                                     -0.295     1.025 r  i_clkwiz/inst/mmcme4_adv_inst/CLKOUT0
                         net (fo=1, routed)           0.165     1.190    i_clkwiz/inst/clk_50_clkwiz
    BUFGCE_X1Y266        BUFGCE (Prop_BUFCE_BUFGCE_I_O)
                                                      0.019     1.209 r  i_clkwiz/inst/clkout1_buf/O
    X2Y7 (CLOCK_ROOT)    net (fo=199658, routed)      2.291     3.500    i_vio/inst/PROBE_OUT_ALL_INST/G_PROBE_OUT[0].PROBE_OUT0_INST/clk
    SLICE_X111Y640       FDRE                                         r  i_vio/inst/PROBE_OUT_ALL_INST/G_PROBE_OUT[0].PROBE_OUT0_INST/Probe_out_reg[0]/C





--------------------------------------------------------------------------------------
Path Group:  (none)
From Clock:  dbg_hub/inst/BSCANID.u_xsdbm_id/SWITCH_N_EXT_BSCAN.bscan_inst/SERIES7_BSCAN.bscan_inst/INTERNAL_TCK
  To Clock:  clk_50_clkwiz

Max Delay            79 Endpoints
Min Delay            87 Endpoints
--------------------------------------------------------------------------------------


Max Delay Paths
--------------------------------------------------------------------------------------
Slack:                    inf
  Source:                 dbg_hub/inst/BSCANID.u_xsdbm_id/CORE_XSDB.UUT_MASTER/U_ICON_INTERFACE/U_CMD6_WR/U_WR_FIFO/SUBCORE_FIFO.xsdbm_v3_0_0_wrfifo_inst/inst_fifo_gen/gconvfifo.rf/grf.rf/gntv_or_sync_fifo.mem/gdm.dm_gen.dm/RAM_reg_0_15_0_13/RAMD/CLK
                            (rising edge-triggered cell RAMD32 clocked by dbg_hub/inst/BSCANID.u_xsdbm_id/SWITCH_N_EXT_BSCAN.bscan_inst/SERIES7_BSCAN.bscan_inst/INTERNAL_TCK  {rise@0.000ns fall@25.000ns period=50.000ns})
  Destination:            dbg_hub/inst/BSCANID.u_xsdbm_id/CORE_XSDB.UUT_MASTER/U_ICON_INTERFACE/U_CMD6_WR/U_WR_FIFO/SUBCORE_FIFO.xsdbm_v3_0_0_wrfifo_inst/inst_fifo_gen/gconvfifo.rf/grf.rf/gntv_or_sync_fifo.mem/gdm.dm_gen.dm/gpr1.dout_i_reg[6]/D
                            (rising edge-triggered cell FDRE clocked by clk_50_clkwiz  {rise@0.000ns fall@10.000ns period=20.000ns})
  Path Group:             (none)
  Path Type:              Setup (Max at Slow Process Corner)
  Data Path Delay:        1.555ns  (logic 0.287ns (18.457%)  route 1.268ns (81.543%))
  Logic Levels:           0  
  Clock Path Skew:        -4.552ns (DCD - SCD + CPR)
    Destination Clock Delay (DCD):    6.020ns
    Source Clock Delay      (SCD):    10.572ns
    Clock Pessimism Removal (CPR):    0.000ns
  Clock Uncertainty:      0.238ns  ((TSJ^2 + DJ^2)^1/2) / 2 + PE
    Total System Jitter     (TSJ):    0.071ns
    Discrete Jitter          (DJ):    0.150ns
    Phase Error              (PE):    0.155ns
  Clock Net Delay (Source):      2.083ns (routing 1.172ns, distribution 0.911ns)
  Clock Net Delay (Destination): 3.351ns (routing 1.700ns, distribution 1.651ns)
  Timing Exception:       False Path

    Location             Delay type                Incr(ns)  Path(ns)    Netlist Resource(s)
  -------------------------------------------------------------------    -------------------
                         (clock dbg_hub/inst/BSCANID.u_xsdbm_id/SWITCH_N_EXT_BSCAN.bscan_inst/SERIES7_BSCAN.bscan_inst/INTERNAL_TCK rise edge)
                                                      0.000     0.000 r  
    CONFIG_SITE_X0Y1     BSCANE2                      0.000     0.000 r  dbg_hub/inst/BSCANID.u_xsdbm_id/SWITCH_N_EXT_BSCAN.bscan_inst/SERIES7_BSCAN.bscan_inst/INTERNAL_TCK
    CONFIG_SITE_X0Y1     BSCANE2 (Prop_BSCAN1_CONFIG_SITE_INTERNAL_TCK_TCK)
                                                      4.300     4.300 r  dbg_hub/inst/BSCANID.u_xsdbm_id/SWITCH_N_EXT_BSCAN.bscan_inst/SERIES7_BSCAN.bscan_inst/TCK
                         net (fo=1, routed)           4.161     8.461    dbg_hub/inst/BSCANID.u_xsdbm_id/tck_bs
    SLR Crossing[1->2]   
    BUFGCE_X1Y288        BUFGCE (Prop_BUFCE_BUFGCE_I_O)
                                                      0.028     8.489 r  dbg_hub/inst/BSCANID.u_xsdbm_id/SWITCH_N_EXT_BSCAN.u_bufg_icon_tck/O
    X3Y10 (CLOCK_ROOT)   net (fo=494, routed)         2.083    10.572    dbg_hub/inst/BSCANID.u_xsdbm_id/CORE_XSDB.UUT_MASTER/U_ICON_INTERFACE/U_CMD6_WR/U_WR_FIFO/SUBCORE_FIFO.xsdbm_v3_0_0_wrfifo_inst/inst_fifo_gen/gconvfifo.rf/grf.rf/gntv_or_sync_fifo.mem/gdm.dm_gen.dm/RAM_reg_0_15_0_13/WCLK
    SLICE_X110Y625       RAMD32                                       r  dbg_hub/inst/BSCANID.u_xsdbm_id/CORE_XSDB.UUT_MASTER/U_ICON_INTERFACE/U_CMD6_WR/U_WR_FIFO/SUBCORE_FIFO.xsdbm_v3_0_0_wrfifo_inst/inst_fifo_gen/gconvfifo.rf/grf.rf/gntv_or_sync_fifo.mem/gdm.dm_gen.dm/RAM_reg_0_15_0_13/RAMD/CLK
  -------------------------------------------------------------------    -------------------
    SLICE_X110Y625       RAMD32 (Prop_D5LUT_SLICEM_CLK_O)
                                                      0.287    10.859 r  dbg_hub/inst/BSCANID.u_xsdbm_id/CORE_XSDB.UUT_MASTER/U_ICON_INTERFACE/U_CMD6_WR/U_WR_FIFO/SUBCORE_FIFO.xsdbm_v3_0_0_wrfifo_inst/inst_fifo_gen/gconvfifo.rf/grf.rf/gntv_or_sync_fifo.mem/gdm.dm_gen.dm/RAM_reg_0_15_0_13/RAMD/O
                         net (fo=1, routed)           1.268    12.127    dbg_hub/inst/BSCANID.u_xsdbm_id/CORE_XSDB.UUT_MASTER/U_ICON_INTERFACE/U_CMD6_WR/U_WR_FIFO/SUBCORE_FIFO.xsdbm_v3_0_0_wrfifo_inst/inst_fifo_gen/gconvfifo.rf/grf.rf/gntv_or_sync_fifo.mem/gdm.dm_gen.dm/dout_i0[6]
    SLICE_X110Y629       FDRE                                         r  dbg_hub/inst/BSCANID.u_xsdbm_id/CORE_XSDB.UUT_MASTER/U_ICON_INTERFACE/U_CMD6_WR/U_WR_FIFO/SUBCORE_FIFO.xsdbm_v3_0_0_wrfifo_inst/inst_fifo_gen/gconvfifo.rf/grf.rf/gntv_or_sync_fifo.mem/gdm.dm_gen.dm/gpr1.dout_i_reg[6]/D
  -------------------------------------------------------------------    -------------------

                         (clock clk_50_clkwiz rise edge)
                                                      0.000     0.000 r  
    E12                                               0.000     0.000 r  sys_clk_p (IN)
                         net (fo=0)                   0.000     0.000    i_bufds_sys_clk/I
    HPIOBDIFFINBUF_X1Y300
                         DIFFINBUF (Prop_DIFFINBUF_HPIOBDIFFINBUF_DIFF_IN_P_O)
                                                      0.564     0.564 r  i_bufds_sys_clk/DIFFINBUF_INST/O
                         net (fo=1, routed)           0.040     0.604    i_bufds_sys_clk/OUT
    E12                  IBUFCTRL (Prop_IBUFCTRL_HPIOB_M_I_O)
                                                      0.000     0.604 r  i_bufds_sys_clk/IBUFCTRL_INST/O
                         net (fo=1, routed)           0.297     0.901    sys_clk
    BUFGCE_X1Y289        BUFGCE (Prop_BUFCE_BUFGCE_I_O)
                                                      0.024     0.925 r  sys_clk_BUFGCE_inst/O
                         net (fo=19, routed)          0.876     1.801    i_clkwiz/inst/clk_in1
    MMCM_X1Y11           MMCME4_ADV (Prop_MMCM_CLKIN1_CLKOUT0)
                                                      0.630     2.431 r  i_clkwiz/inst/mmcme4_adv_inst/CLKOUT0
                         net (fo=1, routed)           0.214     2.645    i_clkwiz/inst/clk_50_clkwiz
    BUFGCE_X1Y266        BUFGCE (Prop_BUFCE_BUFGCE_I_O)
                                                      0.024     2.669 r  i_clkwiz/inst/clkout1_buf/O
    X2Y7 (CLOCK_ROOT)    net (fo=199658, routed)      3.351     6.020    dbg_hub/inst/BSCANID.u_xsdbm_id/CORE_XSDB.UUT_MASTER/U_ICON_INTERFACE/U_CMD6_WR/U_WR_FIFO/SUBCORE_FIFO.xsdbm_v3_0_0_wrfifo_inst/inst_fifo_gen/gconvfifo.rf/grf.rf/gntv_or_sync_fifo.mem/gdm.dm_gen.dm/rd_clk
    SLICE_X110Y629       FDRE                                         r  dbg_hub/inst/BSCANID.u_xsdbm_id/CORE_XSDB.UUT_MASTER/U_ICON_INTERFACE/U_CMD6_WR/U_WR_FIFO/SUBCORE_FIFO.xsdbm_v3_0_0_wrfifo_inst/inst_fifo_gen/gconvfifo.rf/grf.rf/gntv_or_sync_fifo.mem/gdm.dm_gen.dm/gpr1.dout_i_reg[6]/C





Min Delay Paths
--------------------------------------------------------------------------------------
Slack:                    inf
  Source:                 dbg_hub/inst/BSCANID.u_xsdbm_id/CORE_XSDB.UUT_MASTER/U_ICON_INTERFACE/U_CMD4/shift_reg_in_reg[24]/C
                            (rising edge-triggered cell FDRE clocked by dbg_hub/inst/BSCANID.u_xsdbm_id/SWITCH_N_EXT_BSCAN.bscan_inst/SERIES7_BSCAN.bscan_inst/INTERNAL_TCK  {rise@0.000ns fall@25.000ns period=50.000ns})
  Destination:            dbg_hub/inst/BSCANID.u_xsdbm_id/CORE_XSDB.UUT_MASTER/U_ICON_INTERFACE/U_CMD4/ctl_reg_reg[24]/D
                            (rising edge-triggered cell FDRE clocked by clk_50_clkwiz  {rise@0.000ns fall@10.000ns period=20.000ns})
  Path Group:             (none)
  Path Type:              Hold (Min at Fast Process Corner)
  Data Path Delay:        0.099ns  (logic 0.039ns (39.394%)  route 0.060ns (60.606%))
  Logic Levels:           0  
  Clock Path Skew:        -0.104ns (DCD - SCD - CPR)
    Destination Clock Delay (DCD):    3.505ns
    Source Clock Delay      (SCD):    3.609ns
    Clock Pessimism Removal (CPR):    -0.000ns
  Clock Uncertainty:      0.238ns  ((TSJ^2 + DJ^2)^1/2) / 2 + PE
    Total System Jitter     (TSJ):    0.071ns
    Discrete Jitter          (DJ):    0.150ns
    Phase Error              (PE):    0.155ns
  Clock Net Delay (Source):      1.132ns (routing 0.644ns, distribution 0.488ns)
  Clock Net Delay (Destination): 2.296ns (routing 1.135ns, distribution 1.161ns)
  Timing Exception:       False Path

    Location             Delay type                Incr(ns)  Path(ns)    Netlist Resource(s)
  -------------------------------------------------------------------    -------------------
                         (clock dbg_hub/inst/BSCANID.u_xsdbm_id/SWITCH_N_EXT_BSCAN.bscan_inst/SERIES7_BSCAN.bscan_inst/INTERNAL_TCK rise edge)
                                                      0.000     0.000 r  
    CONFIG_SITE_X0Y1     BSCANE2                      0.000     0.000 r  dbg_hub/inst/BSCANID.u_xsdbm_id/SWITCH_N_EXT_BSCAN.bscan_inst/SERIES7_BSCAN.bscan_inst/INTERNAL_TCK
    CONFIG_SITE_X0Y1     BSCANE2 (Prop_BSCAN1_CONFIG_SITE_INTERNAL_TCK_TCK)
                                                      0.465     0.465 r  dbg_hub/inst/BSCANID.u_xsdbm_id/SWITCH_N_EXT_BSCAN.bscan_inst/SERIES7_BSCAN.bscan_inst/TCK
                         net (fo=1, routed)           1.995     2.460    dbg_hub/inst/BSCANID.u_xsdbm_id/tck_bs
    SLR Crossing[1->2]   
    BUFGCE_X1Y288        BUFGCE (Prop_BUFCE_BUFGCE_I_O)
                                                      0.017     2.477 r  dbg_hub/inst/BSCANID.u_xsdbm_id/SWITCH_N_EXT_BSCAN.u_bufg_icon_tck/O
    X3Y10 (CLOCK_ROOT)   net (fo=494, routed)         1.132     3.609    dbg_hub/inst/BSCANID.u_xsdbm_id/CORE_XSDB.UUT_MASTER/U_ICON_INTERFACE/U_CMD4/m_bscan_tck[0]
    SLICE_X111Y617       FDRE                                         r  dbg_hub/inst/BSCANID.u_xsdbm_id/CORE_XSDB.UUT_MASTER/U_ICON_INTERFACE/U_CMD4/shift_reg_in_reg[24]/C
  -------------------------------------------------------------------    -------------------
    SLICE_X111Y617       FDRE (Prop_EFF_SLICEL_C_Q)
                                                      0.039     3.648 r  dbg_hub/inst/BSCANID.u_xsdbm_id/CORE_XSDB.UUT_MASTER/U_ICON_INTERFACE/U_CMD4/shift_reg_in_reg[24]/Q
                         net (fo=2, routed)           0.060     3.708    dbg_hub/inst/BSCANID.u_xsdbm_id/CORE_XSDB.UUT_MASTER/U_ICON_INTERFACE/U_CMD4/shift_reg_in[24]
    SLICE_X111Y616       FDRE                                         r  dbg_hub/inst/BSCANID.u_xsdbm_id/CORE_XSDB.UUT_MASTER/U_ICON_INTERFACE/U_CMD4/ctl_reg_reg[24]/D
  -------------------------------------------------------------------    -------------------

                         (clock clk_50_clkwiz rise edge)
                                                      0.000     0.000 r  
    E12                                               0.000     0.000 r  sys_clk_p (IN)
                         net (fo=0)                   0.000     0.000    i_bufds_sys_clk/I
    HPIOBDIFFINBUF_X1Y300
                         DIFFINBUF (Prop_DIFFINBUF_HPIOBDIFFINBUF_DIFF_IN_P_O)
                                                      0.446     0.446 r  i_bufds_sys_clk/DIFFINBUF_INST/O
                         net (fo=1, routed)           0.050     0.496    i_bufds_sys_clk/OUT
    E12                  IBUFCTRL (Prop_IBUFCTRL_HPIOB_M_I_O)
                                                      0.000     0.496 r  i_bufds_sys_clk/IBUFCTRL_INST/O
                         net (fo=1, routed)           0.183     0.679    sys_clk
    BUFGCE_X1Y289        BUFGCE (Prop_BUFCE_BUFGCE_I_O)
                                                      0.019     0.698 r  sys_clk_BUFGCE_inst/O
                         net (fo=19, routed)          0.622     1.320    i_clkwiz/inst/clk_in1
    MMCM_X1Y11           MMCME4_ADV (Prop_MMCM_CLKIN1_CLKOUT0)
                                                     -0.295     1.025 r  i_clkwiz/inst/mmcme4_adv_inst/CLKOUT0
                         net (fo=1, routed)           0.165     1.190    i_clkwiz/inst/clk_50_clkwiz
    BUFGCE_X1Y266        BUFGCE (Prop_BUFCE_BUFGCE_I_O)
                                                      0.019     1.209 r  i_clkwiz/inst/clkout1_buf/O
    X2Y7 (CLOCK_ROOT)    net (fo=199658, routed)      2.296     3.505    dbg_hub/inst/BSCANID.u_xsdbm_id/CORE_XSDB.UUT_MASTER/U_ICON_INTERFACE/U_CMD4/clk
    SLICE_X111Y616       FDRE                                         r  dbg_hub/inst/BSCANID.u_xsdbm_id/CORE_XSDB.UUT_MASTER/U_ICON_INTERFACE/U_CMD4/ctl_reg_reg[24]/C





--------------------------------------------------------------------------------------
Path Group:  (none)
From Clock:  mmcm_clkout0
  To Clock:  clk_50_clkwiz

Max Delay             5 Endpoints
Min Delay           568 Endpoints
--------------------------------------------------------------------------------------


Max Delay Paths
--------------------------------------------------------------------------------------
Slack:                    inf
  Source:                 i_dram_wrapper/fabric_ready_o_reg/C
                            (rising edge-triggered cell FDCE clocked by mmcm_clkout0  {rise@0.000ns fall@1.667ns period=3.333ns})
  Destination:            i_rstgen/i_rstgen_bypass/synch_regs_q_reg[0]/CLR
                            (recovery check against rising-edge clock clk_50_clkwiz  {rise@0.000ns fall@10.000ns period=20.000ns})
  Path Group:             (none)
  Path Type:              Recovery (Max at Slow Process Corner)
  Data Path Delay:        1.980ns  (logic 0.081ns (4.091%)  route 1.899ns (95.909%))
  Logic Levels:           0  
  Clock Path Skew:        1.603ns (DCD - SCD + CPR)
    Destination Clock Delay (DCD):    5.970ns
    Source Clock Delay      (SCD):    4.368ns
    Clock Pessimism Removal (CPR):    0.000ns
  Clock Uncertainty:      0.290ns  ((TSJ^2 + DJ^2)^1/2) / 2 + PE
    Total System Jitter     (TSJ):    0.071ns
    Discrete Jitter          (DJ):    0.227ns
    Phase Error              (PE):    0.171ns
  Clock Net Delay (Source):      2.234ns (routing 0.854ns, distribution 1.380ns)
  Clock Net Delay (Destination): 3.301ns (routing 1.700ns, distribution 1.601ns)
  Timing Exception:       False Path

    Location             Delay type                Incr(ns)  Path(ns)    Netlist Resource(s)
  -------------------------------------------------------------------    -------------------
                         (clock mmcm_clkout0 rise edge)
                                                      0.000     0.000 r  
    E12                                               0.000     0.000 r  sys_clk_p (IN)
                         net (fo=0)                   0.000     0.000    i_bufds_sys_clk/I
    HPIOBDIFFINBUF_X1Y300
                         DIFFINBUF (Prop_DIFFINBUF_HPIOBDIFFINBUF_DIFF_IN_P_O)
                                                      0.675     0.675 r  i_bufds_sys_clk/DIFFINBUF_INST/O
                         net (fo=1, routed)           0.050     0.725    i_bufds_sys_clk/OUT
    E12                  IBUFCTRL (Prop_IBUFCTRL_HPIOB_M_I_O)
                                                      0.000     0.725 r  i_bufds_sys_clk/IBUFCTRL_INST/O
                         net (fo=1, routed)           0.335     1.060    sys_clk
    BUFGCE_X1Y289        BUFGCE (Prop_BUFCE_BUFGCE_I_O)
                                                      0.028     1.088 r  sys_clk_BUFGCE_inst/O
                         net (fo=19, routed)          0.901     1.989    i_dram_wrapper/i_dram/inst/u_ddr4_infrastructure/mmcm_clk_in
    MMCM_X1Y13           MMCME4_ADV (Prop_MMCM_CLKIN1_CLKOUT0)
                                                     -0.127     1.862 r  i_dram_wrapper/i_dram/inst/u_ddr4_infrastructure/gen_mmcme4.u_mmcme_adv_inst/CLKOUT0
                         net (fo=1, routed)           0.244     2.106    i_dram_wrapper/i_dram/inst/u_ddr4_infrastructure/mmcm_clkout0
    BUFGCE_X1Y332        BUFGCE (Prop_BUFCE_BUFGCE_I_O)
                                                      0.028     2.134 r  i_dram_wrapper/i_dram/inst/u_ddr4_infrastructure/u_bufg_divClk/O
    X4Y12 (CLOCK_ROOT)   net (fo=36893, routed)       2.234     4.368    i_dram_wrapper/dram_axi_clk
    SLICE_X111Y722       FDCE                                         r  i_dram_wrapper/fabric_ready_o_reg/C
  -------------------------------------------------------------------    -------------------
    SLICE_X111Y722       FDCE (Prop_DFF2_SLICEL_C_Q)
                                                      0.081     4.449 r  i_dram_wrapper/fabric_ready_o_reg/Q
                         net (fo=9, routed)           1.899     6.348    i_rstgen/i_rstgen_bypass/rst_test_mode_ni
    SLR Crossing[2->1]   
    SLICE_X103Y595       FDCE                                         f  i_rstgen/i_rstgen_bypass/synch_regs_q_reg[0]/CLR  (IS_INVERTED)
  -------------------------------------------------------------------    -------------------

                         (clock clk_50_clkwiz rise edge)
                                                      0.000     0.000 r  
    E12                                               0.000     0.000 r  sys_clk_p (IN)
                         net (fo=0)                   0.000     0.000    i_bufds_sys_clk/I
    HPIOBDIFFINBUF_X1Y300
                         DIFFINBUF (Prop_DIFFINBUF_HPIOBDIFFINBUF_DIFF_IN_P_O)
                                                      0.564     0.564 r  i_bufds_sys_clk/DIFFINBUF_INST/O
                         net (fo=1, routed)           0.040     0.604    i_bufds_sys_clk/OUT
    E12                  IBUFCTRL (Prop_IBUFCTRL_HPIOB_M_I_O)
                                                      0.000     0.604 r  i_bufds_sys_clk/IBUFCTRL_INST/O
                         net (fo=1, routed)           0.297     0.901    sys_clk
    BUFGCE_X1Y289        BUFGCE (Prop_BUFCE_BUFGCE_I_O)
                                                      0.024     0.925 r  sys_clk_BUFGCE_inst/O
                         net (fo=19, routed)          0.876     1.801    i_clkwiz/inst/clk_in1
    MMCM_X1Y11           MMCME4_ADV (Prop_MMCM_CLKIN1_CLKOUT0)
                                                      0.630     2.431 r  i_clkwiz/inst/mmcme4_adv_inst/CLKOUT0
                         net (fo=1, routed)           0.214     2.645    i_clkwiz/inst/clk_50_clkwiz
    BUFGCE_X1Y266        BUFGCE (Prop_BUFCE_BUFGCE_I_O)
                                                      0.024     2.669 r  i_clkwiz/inst/clkout1_buf/O
    X2Y7 (CLOCK_ROOT)    net (fo=199658, routed)      3.301     5.970    i_rstgen/i_rstgen_bypass/clk_i
    SLR Crossing[2->1]   
    SLICE_X103Y595       FDCE                                         r  i_rstgen/i_rstgen_bypass/synch_regs_q_reg[0]/C





Min Delay Paths
--------------------------------------------------------------------------------------
Slack:                    inf
  Source:                 i_dram_wrapper/i_dram/inst/u_ddr4_mem_intfc/u_ddr_cal_top/u_ddr_cal/u_xsdb_arbiter/slave_do_fclk_reg[2]/C
                            (rising edge-triggered cell FDRE clocked by mmcm_clkout0  {rise@0.000ns fall@1.667ns period=3.333ns})
  Destination:            i_dram_wrapper/i_dram/inst/u_ddr4_mem_intfc/u_ddr_cal_top/u_ddr_cal/u_xsdb_arbiter/u_slave_do_sync/SYNC[2].sync_reg_reg[0]/D
                            (rising edge-triggered cell FDRE clocked by clk_50_clkwiz  {rise@0.000ns fall@10.000ns period=20.000ns})
  Path Group:             (none)
  Path Type:              Hold (Min at Fast Process Corner)
  Data Path Delay:        0.114ns  (logic 0.039ns (34.211%)  route 0.075ns (65.790%))
  Logic Levels:           0  
  Clock Path Skew:        1.048ns (DCD - SCD - CPR)
    Destination Clock Delay (DCD):    3.623ns
    Source Clock Delay      (SCD):    2.574ns
    Clock Pessimism Removal (CPR):    -0.000ns
  Clock Uncertainty:      0.290ns  ((TSJ^2 + DJ^2)^1/2) / 2 + PE
    Total System Jitter     (TSJ):    0.071ns
    Discrete Jitter          (DJ):    0.227ns
    Phase Error              (PE):    0.171ns
  Clock Net Delay (Source):      1.131ns (routing 0.468ns, distribution 0.663ns)
  Clock Net Delay (Destination): 2.414ns (routing 1.135ns, distribution 1.279ns)
  Timing Exception:       False Path

    Location             Delay type                Incr(ns)  Path(ns)    Netlist Resource(s)
  -------------------------------------------------------------------    -------------------
                         (clock mmcm_clkout0 rise edge)
                                                      0.000     0.000 r  
    E12                                               0.000     0.000 r  sys_clk_p (IN)
                         net (fo=0)                   0.000     0.000    i_bufds_sys_clk/I
    HPIOBDIFFINBUF_X1Y300
                         DIFFINBUF (Prop_DIFFINBUF_HPIOBDIFFINBUF_DIFF_IN_P_O)
                                                      0.340     0.340 r  i_bufds_sys_clk/DIFFINBUF_INST/O
                         net (fo=1, routed)           0.040     0.380    i_bufds_sys_clk/OUT
    E12                  IBUFCTRL (Prop_IBUFCTRL_HPIOB_M_I_O)
                                                      0.000     0.380 r  i_bufds_sys_clk/IBUFCTRL_INST/O
                         net (fo=1, routed)           0.150     0.530    sys_clk
    BUFGCE_X1Y289        BUFGCE (Prop_BUFCE_BUFGCE_I_O)
                                                      0.017     0.547 r  sys_clk_BUFGCE_inst/O
                         net (fo=19, routed)          0.504     1.051    i_dram_wrapper/i_dram/inst/u_ddr4_infrastructure/mmcm_clk_in
    MMCM_X1Y13           MMCME4_ADV (Prop_MMCM_CLKIN1_CLKOUT0)
                                                      0.230     1.281 r  i_dram_wrapper/i_dram/inst/u_ddr4_infrastructure/gen_mmcme4.u_mmcme_adv_inst/CLKOUT0
                         net (fo=1, routed)           0.145     1.426    i_dram_wrapper/i_dram/inst/u_ddr4_infrastructure/mmcm_clkout0
    BUFGCE_X1Y332        BUFGCE (Prop_BUFCE_BUFGCE_I_O)
                                                      0.017     1.443 r  i_dram_wrapper/i_dram/inst/u_ddr4_infrastructure/u_bufg_divClk/O
    X4Y12 (CLOCK_ROOT)   net (fo=36893, routed)       1.131     2.574    i_dram_wrapper/i_dram/inst/u_ddr4_mem_intfc/u_ddr_cal_top/u_ddr_cal/u_xsdb_arbiter/SYNC[0].sync_reg_reg[0]
    SLICE_X130Y727       FDRE                                         r  i_dram_wrapper/i_dram/inst/u_ddr4_mem_intfc/u_ddr_cal_top/u_ddr_cal/u_xsdb_arbiter/slave_do_fclk_reg[2]/C
  -------------------------------------------------------------------    -------------------
    SLICE_X130Y727       FDRE (Prop_EFF_SLICEL_C_Q)
                                                      0.039     2.613 r  i_dram_wrapper/i_dram/inst/u_ddr4_mem_intfc/u_ddr_cal_top/u_ddr_cal/u_xsdb_arbiter/slave_do_fclk_reg[2]/Q
                         net (fo=1, routed)           0.075     2.688    i_dram_wrapper/i_dram/inst/u_ddr4_mem_intfc/u_ddr_cal_top/u_ddr_cal/u_xsdb_arbiter/u_slave_do_sync/out[2]
    SLICE_X130Y727       FDRE                                         r  i_dram_wrapper/i_dram/inst/u_ddr4_mem_intfc/u_ddr_cal_top/u_ddr_cal/u_xsdb_arbiter/u_slave_do_sync/SYNC[2].sync_reg_reg[0]/D
  -------------------------------------------------------------------    -------------------

                         (clock clk_50_clkwiz rise edge)
                                                      0.000     0.000 r  
    E12                                               0.000     0.000 r  sys_clk_p (IN)
                         net (fo=0)                   0.000     0.000    i_bufds_sys_clk/I
    HPIOBDIFFINBUF_X1Y300
                         DIFFINBUF (Prop_DIFFINBUF_HPIOBDIFFINBUF_DIFF_IN_P_O)
                                                      0.446     0.446 r  i_bufds_sys_clk/DIFFINBUF_INST/O
                         net (fo=1, routed)           0.050     0.496    i_bufds_sys_clk/OUT
    E12                  IBUFCTRL (Prop_IBUFCTRL_HPIOB_M_I_O)
                                                      0.000     0.496 r  i_bufds_sys_clk/IBUFCTRL_INST/O
                         net (fo=1, routed)           0.183     0.679    sys_clk
    BUFGCE_X1Y289        BUFGCE (Prop_BUFCE_BUFGCE_I_O)
                                                      0.019     0.698 r  sys_clk_BUFGCE_inst/O
                         net (fo=19, routed)          0.622     1.320    i_clkwiz/inst/clk_in1
    MMCM_X1Y11           MMCME4_ADV (Prop_MMCM_CLKIN1_CLKOUT0)
                                                     -0.295     1.025 r  i_clkwiz/inst/mmcme4_adv_inst/CLKOUT0
                         net (fo=1, routed)           0.165     1.190    i_clkwiz/inst/clk_50_clkwiz
    BUFGCE_X1Y266        BUFGCE (Prop_BUFCE_BUFGCE_I_O)
                                                      0.019     1.209 r  i_clkwiz/inst/clkout1_buf/O
    X2Y7 (CLOCK_ROOT)    net (fo=199658, routed)      2.414     3.623    i_dram_wrapper/i_dram/inst/u_ddr4_mem_intfc/u_ddr_cal_top/u_ddr_cal/u_xsdb_arbiter/u_slave_do_sync/CLK
    SLICE_X130Y727       FDRE                                         r  i_dram_wrapper/i_dram/inst/u_ddr4_mem_intfc/u_ddr_cal_top/u_ddr_cal/u_xsdb_arbiter/u_slave_do_sync/SYNC[2].sync_reg_reg[0]/C





--------------------------------------------------------------------------------------
Path Group:  (none)
From Clock:  clk_50_clkwiz
  To Clock:  dbg_hub/inst/BSCANID.u_xsdbm_id/SWITCH_N_EXT_BSCAN.bscan_inst/SERIES7_BSCAN.bscan_inst/INTERNAL_TCK

Max Delay            95 Endpoints
Min Delay           103 Endpoints
--------------------------------------------------------------------------------------


Max Delay Paths
--------------------------------------------------------------------------------------
Slack:                    inf
  Source:                 dbg_hub/inst/BSCANID.u_xsdbm_id/CORE_XSDB.UUT_MASTER/U_ICON_INTERFACE/U_CMD1/ctl_reg_reg[0]/C
                            (rising edge-triggered cell FDRE clocked by clk_50_clkwiz  {rise@0.000ns fall@10.000ns period=20.000ns})
  Destination:            dbg_hub/inst/BSCANID.u_xsdbm_id/CORE_XSDB.UUT_MASTER/U_ICON_INTERFACE/U_CMD7_CTL/shift_reg_in_reg[0]/R
                            (rising edge-triggered cell FDRE clocked by dbg_hub/inst/BSCANID.u_xsdbm_id/SWITCH_N_EXT_BSCAN.bscan_inst/SERIES7_BSCAN.bscan_inst/INTERNAL_TCK  {rise@0.000ns fall@25.000ns period=50.000ns})
  Path Group:             (none)
  Path Type:              Setup (Max at Slow Process Corner)
  Data Path Delay:        1.582ns  (logic 0.079ns (4.994%)  route 1.503ns (95.006%))
  Logic Levels:           0  
  Clock Path Skew:        -0.940ns (DCD - SCD + CPR)
    Destination Clock Delay (DCD):    4.995ns
    Source Clock Delay      (SCD):    5.935ns
    Clock Pessimism Removal (CPR):    0.000ns
  Clock Uncertainty:      0.238ns  ((TSJ^2 + DJ^2)^1/2) / 2 + PE
    Total System Jitter     (TSJ):    0.071ns
    Discrete Jitter          (DJ):    0.150ns
    Phase Error              (PE):    0.155ns
  Clock Net Delay (Source):      3.711ns (routing 1.870ns, distribution 1.841ns)
  Clock Net Delay (Destination): 1.899ns (routing 1.066ns, distribution 0.833ns)
  Timing Exception:       False Path

    Location             Delay type                Incr(ns)  Path(ns)    Netlist Resource(s)
  -------------------------------------------------------------------    -------------------
                         (clock clk_50_clkwiz rise edge)
                                                      0.000     0.000 r  
    E12                                               0.000     0.000 r  sys_clk_p (IN)
                         net (fo=0)                   0.000     0.000    i_bufds_sys_clk/I
    HPIOBDIFFINBUF_X1Y300
                         DIFFINBUF (Prop_DIFFINBUF_HPIOBDIFFINBUF_DIFF_IN_P_O)
                                                      0.675     0.675 r  i_bufds_sys_clk/DIFFINBUF_INST/O
                         net (fo=1, routed)           0.050     0.725    i_bufds_sys_clk/OUT
    E12                  IBUFCTRL (Prop_IBUFCTRL_HPIOB_M_I_O)
                                                      0.000     0.725 r  i_bufds_sys_clk/IBUFCTRL_INST/O
                         net (fo=1, routed)           0.335     1.060    sys_clk
    BUFGCE_X1Y289        BUFGCE (Prop_BUFCE_BUFGCE_I_O)
                                                      0.028     1.088 r  sys_clk_BUFGCE_inst/O
                         net (fo=19, routed)          0.991     2.079    i_clkwiz/inst/clk_in1
    MMCM_X1Y11           MMCME4_ADV (Prop_MMCM_CLKIN1_CLKOUT0)
                                                     -0.127     1.952 r  i_clkwiz/inst/mmcme4_adv_inst/CLKOUT0
                         net (fo=1, routed)           0.244     2.196    i_clkwiz/inst/clk_50_clkwiz
    BUFGCE_X1Y266        BUFGCE (Prop_BUFCE_BUFGCE_I_O)
                                                      0.028     2.224 r  i_clkwiz/inst/clkout1_buf/O
    X2Y7 (CLOCK_ROOT)    net (fo=199658, routed)      3.711     5.935    dbg_hub/inst/BSCANID.u_xsdbm_id/CORE_XSDB.UUT_MASTER/U_ICON_INTERFACE/U_CMD1/clk
    SLICE_X109Y622       FDRE                                         r  dbg_hub/inst/BSCANID.u_xsdbm_id/CORE_XSDB.UUT_MASTER/U_ICON_INTERFACE/U_CMD1/ctl_reg_reg[0]/C
  -------------------------------------------------------------------    -------------------
    SLICE_X109Y622       FDRE (Prop_EFF_SLICEL_C_Q)
                                                      0.079     6.014 r  dbg_hub/inst/BSCANID.u_xsdbm_id/CORE_XSDB.UUT_MASTER/U_ICON_INTERFACE/U_CMD1/ctl_reg_reg[0]/Q
                         net (fo=168, routed)         1.503     7.517    dbg_hub/inst/BSCANID.u_xsdbm_id/CORE_XSDB.UUT_MASTER/U_ICON_INTERFACE/U_CMD7_CTL/out
    SLICE_X66Y601        FDRE                                         r  dbg_hub/inst/BSCANID.u_xsdbm_id/CORE_XSDB.UUT_MASTER/U_ICON_INTERFACE/U_CMD7_CTL/shift_reg_in_reg[0]/R
  -------------------------------------------------------------------    -------------------

                         (clock dbg_hub/inst/BSCANID.u_xsdbm_id/SWITCH_N_EXT_BSCAN.bscan_inst/SERIES7_BSCAN.bscan_inst/INTERNAL_TCK rise edge)
                                                      0.000     0.000 r  
    CONFIG_SITE_X0Y1     BSCANE2                      0.000     0.000 r  dbg_hub/inst/BSCANID.u_xsdbm_id/SWITCH_N_EXT_BSCAN.bscan_inst/SERIES7_BSCAN.bscan_inst/INTERNAL_TCK
    CONFIG_SITE_X0Y1     BSCANE2 (Prop_BSCAN1_CONFIG_SITE_INTERNAL_TCK_TCK)
                                                      0.465     0.465 r  dbg_hub/inst/BSCANID.u_xsdbm_id/SWITCH_N_EXT_BSCAN.bscan_inst/SERIES7_BSCAN.bscan_inst/TCK
                         net (fo=1, routed)           2.607     3.072    dbg_hub/inst/BSCANID.u_xsdbm_id/tck_bs
    SLR Crossing[1->2]   
    BUFGCE_X1Y288        BUFGCE (Prop_BUFCE_BUFGCE_I_O)
                                                      0.024     3.096 r  dbg_hub/inst/BSCANID.u_xsdbm_id/SWITCH_N_EXT_BSCAN.u_bufg_icon_tck/O
    X3Y10 (CLOCK_ROOT)   net (fo=494, routed)         1.899     4.995    dbg_hub/inst/BSCANID.u_xsdbm_id/CORE_XSDB.UUT_MASTER/U_ICON_INTERFACE/U_CMD7_CTL/m_bscan_tck[0]
    SLICE_X66Y601        FDRE                                         r  dbg_hub/inst/BSCANID.u_xsdbm_id/CORE_XSDB.UUT_MASTER/U_ICON_INTERFACE/U_CMD7_CTL/shift_reg_in_reg[0]/C





Min Delay Paths
--------------------------------------------------------------------------------------
Slack:                    inf
  Source:                 dbg_hub/inst/BSCANID.u_xsdbm_id/CORE_XSDB.UUT_MASTER/U_ICON_INTERFACE/U_CMD3/stat_reg_reg[1]/C
                            (rising edge-triggered cell FDRE clocked by clk_50_clkwiz  {rise@0.000ns fall@10.000ns period=20.000ns})
  Destination:            dbg_hub/inst/BSCANID.u_xsdbm_id/CORE_XSDB.UUT_MASTER/U_ICON_INTERFACE/U_CMD3/stat_reg_1_reg[1]/D
                            (rising edge-triggered cell FDRE clocked by dbg_hub/inst/BSCANID.u_xsdbm_id/SWITCH_N_EXT_BSCAN.bscan_inst/SERIES7_BSCAN.bscan_inst/INTERNAL_TCK  {rise@0.000ns fall@25.000ns period=50.000ns})
  Path Group:             (none)
  Path Type:              Hold (Min at Fast Process Corner)
  Data Path Delay:        0.119ns  (logic 0.040ns (33.613%)  route 0.079ns (66.387%))
  Logic Levels:           0  
  Clock Path Skew:        4.997ns (DCD - SCD - CPR)
    Destination Clock Delay (DCD):    8.453ns
    Source Clock Delay      (SCD):    3.456ns
    Clock Pessimism Removal (CPR):    -0.000ns
  Clock Uncertainty:      0.238ns  ((TSJ^2 + DJ^2)^1/2) / 2 + PE
    Total System Jitter     (TSJ):    0.071ns
    Discrete Jitter          (DJ):    0.150ns
    Phase Error              (PE):    0.155ns
  Clock Net Delay (Source):      1.965ns (routing 1.022ns, distribution 0.943ns)
  Clock Net Delay (Destination): 1.286ns (routing 0.719ns, distribution 0.567ns)
  Timing Exception:       False Path

    Location             Delay type                Incr(ns)  Path(ns)    Netlist Resource(s)
  -------------------------------------------------------------------    -------------------
                         (clock clk_50_clkwiz rise edge)
                                                      0.000     0.000 r  
    E12                                               0.000     0.000 r  sys_clk_p (IN)
                         net (fo=0)                   0.000     0.000    i_bufds_sys_clk/I
    HPIOBDIFFINBUF_X1Y300
                         DIFFINBUF (Prop_DIFFINBUF_HPIOBDIFFINBUF_DIFF_IN_P_O)
                                                      0.340     0.340 r  i_bufds_sys_clk/DIFFINBUF_INST/O
                         net (fo=1, routed)           0.040     0.380    i_bufds_sys_clk/OUT
    E12                  IBUFCTRL (Prop_IBUFCTRL_HPIOB_M_I_O)
                                                      0.000     0.380 r  i_bufds_sys_clk/IBUFCTRL_INST/O
                         net (fo=1, routed)           0.150     0.530    sys_clk
    BUFGCE_X1Y289        BUFGCE (Prop_BUFCE_BUFGCE_I_O)
                                                      0.017     0.547 r  sys_clk_BUFGCE_inst/O
                         net (fo=19, routed)          0.552     1.099    i_clkwiz/inst/clk_in1
    MMCM_X1Y11           MMCME4_ADV (Prop_MMCM_CLKIN1_CLKOUT0)
                                                      0.230     1.329 r  i_clkwiz/inst/mmcme4_adv_inst/CLKOUT0
                         net (fo=1, routed)           0.145     1.474    i_clkwiz/inst/clk_50_clkwiz
    BUFGCE_X1Y266        BUFGCE (Prop_BUFCE_BUFGCE_I_O)
                                                      0.017     1.491 r  i_clkwiz/inst/clkout1_buf/O
    X2Y7 (CLOCK_ROOT)    net (fo=199658, routed)      1.965     3.456    dbg_hub/inst/BSCANID.u_xsdbm_id/CORE_XSDB.UUT_MASTER/U_ICON_INTERFACE/U_CMD3/clk
    SLICE_X83Y601        FDRE                                         r  dbg_hub/inst/BSCANID.u_xsdbm_id/CORE_XSDB.UUT_MASTER/U_ICON_INTERFACE/U_CMD3/stat_reg_reg[1]/C
  -------------------------------------------------------------------    -------------------
    SLICE_X83Y601        FDRE (Prop_AFF2_SLICEL_C_Q)
                                                      0.040     3.496 r  dbg_hub/inst/BSCANID.u_xsdbm_id/CORE_XSDB.UUT_MASTER/U_ICON_INTERFACE/U_CMD3/stat_reg_reg[1]/Q
                         net (fo=1, routed)           0.079     3.575    dbg_hub/inst/BSCANID.u_xsdbm_id/CORE_XSDB.UUT_MASTER/U_ICON_INTERFACE/U_CMD3/stat_reg[1]
    SLICE_X83Y602        FDRE                                         r  dbg_hub/inst/BSCANID.u_xsdbm_id/CORE_XSDB.UUT_MASTER/U_ICON_INTERFACE/U_CMD3/stat_reg_1_reg[1]/D
  -------------------------------------------------------------------    -------------------

                         (clock dbg_hub/inst/BSCANID.u_xsdbm_id/SWITCH_N_EXT_BSCAN.bscan_inst/SERIES7_BSCAN.bscan_inst/INTERNAL_TCK rise edge)
                                                      0.000     0.000 r  
    CONFIG_SITE_X0Y1     BSCANE2                      0.000     0.000 r  dbg_hub/inst/BSCANID.u_xsdbm_id/SWITCH_N_EXT_BSCAN.bscan_inst/SERIES7_BSCAN.bscan_inst/INTERNAL_TCK
    CONFIG_SITE_X0Y1     BSCANE2 (Prop_BSCAN1_CONFIG_SITE_INTERNAL_TCK_TCK)
                                                      4.300     4.300 r  dbg_hub/inst/BSCANID.u_xsdbm_id/SWITCH_N_EXT_BSCAN.bscan_inst/SERIES7_BSCAN.bscan_inst/TCK
                         net (fo=1, routed)           2.848     7.148    dbg_hub/inst/BSCANID.u_xsdbm_id/tck_bs
    SLR Crossing[1->2]   
    BUFGCE_X1Y288        BUFGCE (Prop_BUFCE_BUFGCE_I_O)
                                                      0.019     7.167 r  dbg_hub/inst/BSCANID.u_xsdbm_id/SWITCH_N_EXT_BSCAN.u_bufg_icon_tck/O
    X3Y10 (CLOCK_ROOT)   net (fo=494, routed)         1.286     8.453    dbg_hub/inst/BSCANID.u_xsdbm_id/CORE_XSDB.UUT_MASTER/U_ICON_INTERFACE/U_CMD3/m_bscan_tck[0]
    SLICE_X83Y602        FDRE                                         r  dbg_hub/inst/BSCANID.u_xsdbm_id/CORE_XSDB.UUT_MASTER/U_ICON_INTERFACE/U_CMD3/stat_reg_1_reg[1]/C





--------------------------------------------------------------------------------------
Path Group:  (none)
From Clock:  clk_50_clkwiz
  To Clock:  mmcm_clkout0

Max Delay             4 Endpoints
Min Delay           716 Endpoints
--------------------------------------------------------------------------------------


Max Delay Paths
--------------------------------------------------------------------------------------
Slack:                    inf
  Source:                 sys_rst_reg/C
                            (rising edge-triggered cell FDPE clocked by clk_50_clkwiz  {rise@0.000ns fall@10.000ns period=20.000ns})
  Destination:            i_dram_wrapper/i_ui_por/i_rstgen_bypass/synch_regs_q_reg[0]/CLR
                            (recovery check against rising-edge clock mmcm_clkout0  {rise@0.000ns fall@1.667ns period=3.333ns})
  Path Group:             (none)
  Path Type:              Recovery (Max at Slow Process Corner)
  Data Path Delay:        0.960ns  (logic 0.076ns (7.917%)  route 0.884ns (92.083%))
  Logic Levels:           0  
  Clock Path Skew:        -1.371ns (DCD - SCD + CPR)
    Destination Clock Delay (DCD):    4.591ns
    Source Clock Delay      (SCD):    5.963ns
    Clock Pessimism Removal (CPR):    0.000ns
  Clock Uncertainty:      0.290ns  ((TSJ^2 + DJ^2)^1/2) / 2 + PE
    Total System Jitter     (TSJ):    0.071ns
    Discrete Jitter          (DJ):    0.227ns
    Phase Error              (PE):    0.171ns
  Clock Net Delay (Source):      3.739ns (routing 1.870ns, distribution 1.869ns)
  Clock Net Delay (Destination): 2.003ns (routing 0.777ns, distribution 1.226ns)
  Timing Exception:       False Path

    Location             Delay type                Incr(ns)  Path(ns)    Netlist Resource(s)
  -------------------------------------------------------------------    -------------------
                         (clock clk_50_clkwiz rise edge)
                                                      0.000     0.000 r  
    E12                                               0.000     0.000 r  sys_clk_p (IN)
                         net (fo=0)                   0.000     0.000    i_bufds_sys_clk/I
    HPIOBDIFFINBUF_X1Y300
                         DIFFINBUF (Prop_DIFFINBUF_HPIOBDIFFINBUF_DIFF_IN_P_O)
                                                      0.675     0.675 r  i_bufds_sys_clk/DIFFINBUF_INST/O
                         net (fo=1, routed)           0.050     0.725    i_bufds_sys_clk/OUT
    E12                  IBUFCTRL (Prop_IBUFCTRL_HPIOB_M_I_O)
                                                      0.000     0.725 r  i_bufds_sys_clk/IBUFCTRL_INST/O
                         net (fo=1, routed)           0.335     1.060    sys_clk
    BUFGCE_X1Y289        BUFGCE (Prop_BUFCE_BUFGCE_I_O)
                                                      0.028     1.088 r  sys_clk_BUFGCE_inst/O
                         net (fo=19, routed)          0.991     2.079    i_clkwiz/inst/clk_in1
    MMCM_X1Y11           MMCME4_ADV (Prop_MMCM_CLKIN1_CLKOUT0)
                                                     -0.127     1.952 r  i_clkwiz/inst/mmcme4_adv_inst/CLKOUT0
                         net (fo=1, routed)           0.244     2.196    i_clkwiz/inst/clk_50_clkwiz
    BUFGCE_X1Y266        BUFGCE (Prop_BUFCE_BUFGCE_I_O)
                                                      0.028     2.224 r  i_clkwiz/inst/clkout1_buf/O
    X2Y7 (CLOCK_ROOT)    net (fo=199658, routed)      3.739     5.963    soc_clk
    SLICE_X108Y641       FDPE                                         r  sys_rst_reg/C
  -------------------------------------------------------------------    -------------------
    SLICE_X108Y641       FDPE (Prop_EFF_SLICEM_C_Q)
                                                      0.076     6.039 f  sys_rst_reg/Q
                         net (fo=7, routed)           0.884     6.923    i_dram_wrapper/i_ui_por/i_rstgen_bypass/rst_test_mode_ni
    SLICE_X111Y721       FDCE                                         f  i_dram_wrapper/i_ui_por/i_rstgen_bypass/synch_regs_q_reg[0]/CLR
  -------------------------------------------------------------------    -------------------

                         (clock mmcm_clkout0 rise edge)
                                                      0.000     0.000 r  
    E12                                               0.000     0.000 r  sys_clk_p (IN)
                         net (fo=0)                   0.000     0.000    i_bufds_sys_clk/I
    HPIOBDIFFINBUF_X1Y300
                         DIFFINBUF (Prop_DIFFINBUF_HPIOBDIFFINBUF_DIFF_IN_P_O)
                                                      0.564     0.564 r  i_bufds_sys_clk/DIFFINBUF_INST/O
                         net (fo=1, routed)           0.040     0.604    i_bufds_sys_clk/OUT
    E12                  IBUFCTRL (Prop_IBUFCTRL_HPIOB_M_I_O)
                                                      0.000     0.604 r  i_bufds_sys_clk/IBUFCTRL_INST/O
                         net (fo=1, routed)           0.297     0.901    sys_clk
    BUFGCE_X1Y289        BUFGCE (Prop_BUFCE_BUFGCE_I_O)
                                                      0.024     0.925 r  sys_clk_BUFGCE_inst/O
                         net (fo=19, routed)          0.795     1.720    i_dram_wrapper/i_dram/inst/u_ddr4_infrastructure/mmcm_clk_in
    MMCM_X1Y13           MMCME4_ADV (Prop_MMCM_CLKIN1_CLKOUT0)
                                                      0.630     2.350 r  i_dram_wrapper/i_dram/inst/u_ddr4_infrastructure/gen_mmcme4.u_mmcme_adv_inst/CLKOUT0
                         net (fo=1, routed)           0.214     2.564    i_dram_wrapper/i_dram/inst/u_ddr4_infrastructure/mmcm_clkout0
    BUFGCE_X1Y332        BUFGCE (Prop_BUFCE_BUFGCE_I_O)
                                                      0.024     2.588 r  i_dram_wrapper/i_dram/inst/u_ddr4_infrastructure/u_bufg_divClk/O
    X4Y12 (CLOCK_ROOT)   net (fo=36893, routed)       2.003     4.591    i_dram_wrapper/i_ui_por/i_rstgen_bypass/clk_i
    SLICE_X111Y721       FDCE                                         r  i_dram_wrapper/i_ui_por/i_rstgen_bypass/synch_regs_q_reg[0]/C





Min Delay Paths
--------------------------------------------------------------------------------------
Slack:                    inf
  Source:                 i_dram_wrapper/gen_cdc.i_axi_cdc_mig/i_axi_cdc_src/i_cdc_fifo_gray_src_aw/wptr_q_reg[5]/C
                            (rising edge-triggered cell FDCE clocked by clk_50_clkwiz  {rise@0.000ns fall@10.000ns period=20.000ns})
  Destination:            i_dram_wrapper/gen_cdc.i_axi_cdc_mig/i_axi_cdc_dst/i_cdc_fifo_gray_dst_aw/gen_sync[5].i_sync/reg_q_reg[0]/D
                            (rising edge-triggered cell FDCE clocked by mmcm_clkout0  {rise@0.000ns fall@1.667ns period=3.333ns})
  Path Group:             (none)
  Path Type:              Hold (Min at Fast Process Corner)
  Data Path Delay:        0.128ns  (logic 0.038ns (29.687%)  route 0.090ns (70.312%))
  Logic Levels:           0  
  Clock Path Skew:        -1.004ns (DCD - SCD - CPR)
    Destination Clock Delay (DCD):    2.545ns
    Source Clock Delay      (SCD):    3.548ns
    Clock Pessimism Removal (CPR):    -0.000ns
  Clock Uncertainty:      0.290ns  ((TSJ^2 + DJ^2)^1/2) / 2 + PE
    Total System Jitter     (TSJ):    0.071ns
    Discrete Jitter          (DJ):    0.227ns
    Phase Error              (PE):    0.171ns
  Clock Net Delay (Source):      2.057ns (routing 1.022ns, distribution 1.035ns)
  Clock Net Delay (Destination): 1.391ns (routing 0.521ns, distribution 0.870ns)
  Timing Exception:       False Path

    Location             Delay type                Incr(ns)  Path(ns)    Netlist Resource(s)
  -------------------------------------------------------------------    -------------------
                         (clock clk_50_clkwiz rise edge)
                                                      0.000     0.000 r  
    E12                                               0.000     0.000 r  sys_clk_p (IN)
                         net (fo=0)                   0.000     0.000    i_bufds_sys_clk/I
    HPIOBDIFFINBUF_X1Y300
                         DIFFINBUF (Prop_DIFFINBUF_HPIOBDIFFINBUF_DIFF_IN_P_O)
                                                      0.340     0.340 r  i_bufds_sys_clk/DIFFINBUF_INST/O
                         net (fo=1, routed)           0.040     0.380    i_bufds_sys_clk/OUT
    E12                  IBUFCTRL (Prop_IBUFCTRL_HPIOB_M_I_O)
                                                      0.000     0.380 r  i_bufds_sys_clk/IBUFCTRL_INST/O
                         net (fo=1, routed)           0.150     0.530    sys_clk
    BUFGCE_X1Y289        BUFGCE (Prop_BUFCE_BUFGCE_I_O)
                                                      0.017     0.547 r  sys_clk_BUFGCE_inst/O
                         net (fo=19, routed)          0.552     1.099    i_clkwiz/inst/clk_in1
    MMCM_X1Y11           MMCME4_ADV (Prop_MMCM_CLKIN1_CLKOUT0)
                                                      0.230     1.329 r  i_clkwiz/inst/mmcme4_adv_inst/CLKOUT0
                         net (fo=1, routed)           0.145     1.474    i_clkwiz/inst/clk_50_clkwiz
    BUFGCE_X1Y266        BUFGCE (Prop_BUFCE_BUFGCE_I_O)
                                                      0.017     1.491 r  i_clkwiz/inst/clkout1_buf/O
    X2Y7 (CLOCK_ROOT)    net (fo=199658, routed)      2.057     3.548    i_dram_wrapper/gen_cdc.i_axi_cdc_mig/i_axi_cdc_src/i_cdc_fifo_gray_src_aw/src_clk_i
    SLICE_X110Y697       FDCE                                         r  i_dram_wrapper/gen_cdc.i_axi_cdc_mig/i_axi_cdc_src/i_cdc_fifo_gray_src_aw/wptr_q_reg[5]/C
  -------------------------------------------------------------------    -------------------
    SLICE_X110Y697       FDCE (Prop_EFF_SLICEM_C_Q)
                                                      0.038     3.586 r  i_dram_wrapper/gen_cdc.i_axi_cdc_mig/i_axi_cdc_src/i_cdc_fifo_gray_src_aw/wptr_q_reg[5]/Q
                         net (fo=12, routed)          0.090     3.676    i_dram_wrapper/gen_cdc.i_axi_cdc_mig/i_axi_cdc_dst/i_cdc_fifo_gray_dst_aw/gen_sync[5].i_sync/serial_i
    SLICE_X111Y698       FDCE                                         r  i_dram_wrapper/gen_cdc.i_axi_cdc_mig/i_axi_cdc_dst/i_cdc_fifo_gray_dst_aw/gen_sync[5].i_sync/reg_q_reg[0]/D
  -------------------------------------------------------------------    -------------------

                         (clock mmcm_clkout0 rise edge)
                                                      0.000     0.000 r  
    E12                                               0.000     0.000 r  sys_clk_p (IN)
                         net (fo=0)                   0.000     0.000    i_bufds_sys_clk/I
    HPIOBDIFFINBUF_X1Y300
                         DIFFINBUF (Prop_DIFFINBUF_HPIOBDIFFINBUF_DIFF_IN_P_O)
                                                      0.446     0.446 r  i_bufds_sys_clk/DIFFINBUF_INST/O
                         net (fo=1, routed)           0.050     0.496    i_bufds_sys_clk/OUT
    E12                  IBUFCTRL (Prop_IBUFCTRL_HPIOB_M_I_O)
                                                      0.000     0.496 r  i_bufds_sys_clk/IBUFCTRL_INST/O
                         net (fo=1, routed)           0.183     0.679    sys_clk
    BUFGCE_X1Y289        BUFGCE (Prop_BUFCE_BUFGCE_I_O)
                                                      0.019     0.698 r  sys_clk_BUFGCE_inst/O
                         net (fo=19, routed)          0.567     1.265    i_dram_wrapper/i_dram/inst/u_ddr4_infrastructure/mmcm_clk_in
    MMCM_X1Y13           MMCME4_ADV (Prop_MMCM_CLKIN1_CLKOUT0)
                                                     -0.295     0.970 r  i_dram_wrapper/i_dram/inst/u_ddr4_infrastructure/gen_mmcme4.u_mmcme_adv_inst/CLKOUT0
                         net (fo=1, routed)           0.165     1.135    i_dram_wrapper/i_dram/inst/u_ddr4_infrastructure/mmcm_clkout0
    BUFGCE_X1Y332        BUFGCE (Prop_BUFCE_BUFGCE_I_O)
                                                      0.019     1.154 r  i_dram_wrapper/i_dram/inst/u_ddr4_infrastructure/u_bufg_divClk/O
    X4Y12 (CLOCK_ROOT)   net (fo=36893, routed)       1.391     2.545    i_dram_wrapper/gen_cdc.i_axi_cdc_mig/i_axi_cdc_dst/i_cdc_fifo_gray_dst_aw/gen_sync[5].i_sync/clk_i
    SLICE_X111Y698       FDCE                                         r  i_dram_wrapper/gen_cdc.i_axi_cdc_mig/i_axi_cdc_dst/i_cdc_fifo_gray_dst_aw/gen_sync[5].i_sync/reg_q_reg[0]/C





--------------------------------------------------------------------------------------
Path Group:  (none)
From Clock:  mmcm_clkout0
  To Clock:  mmcm_clkout0

Max Delay             4 Endpoints
Min Delay             4 Endpoints
--------------------------------------------------------------------------------------


Max Delay Paths
--------------------------------------------------------------------------------------
Slack:                    inf
  Source:                 i_dram_wrapper/fabric_ready_o_reg/C
                            (rising edge-triggered cell FDCE clocked by mmcm_clkout0  {rise@0.000ns fall@1.667ns period=3.333ns})
  Destination:            i_dram_wrapper/i_ui_rstgen/i_rstgen_bypass/synch_regs_q_reg[0]/CLR
                            (recovery check against rising-edge clock mmcm_clkout0  {rise@0.000ns fall@1.667ns period=3.333ns})
  Path Group:             (none)
  Path Type:              Recovery (Max at Slow Process Corner)
  Data Path Delay:        0.363ns  (logic 0.081ns (22.314%)  route 0.282ns (77.686%))
  Logic Levels:           0  
  Clock Path Skew:        0.240ns (DCD - SCD + CPR)
    Destination Clock Delay (DCD):    4.607ns
    Source Clock Delay      (SCD):    4.368ns
    Clock Pessimism Removal (CPR):    0.000ns
  Clock Uncertainty:      0.052ns  ((TSJ^2 + DJ^2)^1/2) / 2 + PE
    Total System Jitter     (TSJ):    0.071ns
    Discrete Jitter          (DJ):    0.076ns
    Phase Error              (PE):    0.000ns
  Clock Net Delay (Source):      2.234ns (routing 0.854ns, distribution 1.380ns)
  Clock Net Delay (Destination): 2.019ns (routing 0.777ns, distribution 1.242ns)
  Timing Exception:       False Path

    Location             Delay type                Incr(ns)  Path(ns)    Netlist Resource(s)
  -------------------------------------------------------------------    -------------------
                         (clock mmcm_clkout0 rise edge)
                                                      0.000     0.000 r  
    E12                                               0.000     0.000 r  sys_clk_p (IN)
                         net (fo=0)                   0.000     0.000    i_bufds_sys_clk/I
    HPIOBDIFFINBUF_X1Y300
                         DIFFINBUF (Prop_DIFFINBUF_HPIOBDIFFINBUF_DIFF_IN_P_O)
                                                      0.675     0.675 r  i_bufds_sys_clk/DIFFINBUF_INST/O
                         net (fo=1, routed)           0.050     0.725    i_bufds_sys_clk/OUT
    E12                  IBUFCTRL (Prop_IBUFCTRL_HPIOB_M_I_O)
                                                      0.000     0.725 r  i_bufds_sys_clk/IBUFCTRL_INST/O
                         net (fo=1, routed)           0.335     1.060    sys_clk
    BUFGCE_X1Y289        BUFGCE (Prop_BUFCE_BUFGCE_I_O)
                                                      0.028     1.088 r  sys_clk_BUFGCE_inst/O
                         net (fo=19, routed)          0.901     1.989    i_dram_wrapper/i_dram/inst/u_ddr4_infrastructure/mmcm_clk_in
    MMCM_X1Y13           MMCME4_ADV (Prop_MMCM_CLKIN1_CLKOUT0)
                                                     -0.127     1.862 r  i_dram_wrapper/i_dram/inst/u_ddr4_infrastructure/gen_mmcme4.u_mmcme_adv_inst/CLKOUT0
                         net (fo=1, routed)           0.244     2.106    i_dram_wrapper/i_dram/inst/u_ddr4_infrastructure/mmcm_clkout0
    BUFGCE_X1Y332        BUFGCE (Prop_BUFCE_BUFGCE_I_O)
                                                      0.028     2.134 r  i_dram_wrapper/i_dram/inst/u_ddr4_infrastructure/u_bufg_divClk/O
    X4Y12 (CLOCK_ROOT)   net (fo=36893, routed)       2.234     4.368    i_dram_wrapper/dram_axi_clk
    SLICE_X111Y722       FDCE                                         r  i_dram_wrapper/fabric_ready_o_reg/C
  -------------------------------------------------------------------    -------------------
    SLICE_X111Y722       FDCE (Prop_DFF2_SLICEL_C_Q)
                                                      0.081     4.449 r  i_dram_wrapper/fabric_ready_o_reg/Q
                         net (fo=9, routed)           0.282     4.731    i_dram_wrapper/i_ui_rstgen/i_rstgen_bypass/rst_test_mode_ni
    SLICE_X110Y719       FDCE                                         f  i_dram_wrapper/i_ui_rstgen/i_rstgen_bypass/synch_regs_q_reg[0]/CLR  (IS_INVERTED)
  -------------------------------------------------------------------    -------------------

                         (clock mmcm_clkout0 rise edge)
                                                      0.000     0.000 r  
    E12                                               0.000     0.000 r  sys_clk_p (IN)
                         net (fo=0)                   0.000     0.000    i_bufds_sys_clk/I
    HPIOBDIFFINBUF_X1Y300
                         DIFFINBUF (Prop_DIFFINBUF_HPIOBDIFFINBUF_DIFF_IN_P_O)
                                                      0.564     0.564 r  i_bufds_sys_clk/DIFFINBUF_INST/O
                         net (fo=1, routed)           0.040     0.604    i_bufds_sys_clk/OUT
    E12                  IBUFCTRL (Prop_IBUFCTRL_HPIOB_M_I_O)
                                                      0.000     0.604 r  i_bufds_sys_clk/IBUFCTRL_INST/O
                         net (fo=1, routed)           0.297     0.901    sys_clk
    BUFGCE_X1Y289        BUFGCE (Prop_BUFCE_BUFGCE_I_O)
                                                      0.024     0.925 r  sys_clk_BUFGCE_inst/O
                         net (fo=19, routed)          0.795     1.720    i_dram_wrapper/i_dram/inst/u_ddr4_infrastructure/mmcm_clk_in
    MMCM_X1Y13           MMCME4_ADV (Prop_MMCM_CLKIN1_CLKOUT0)
                                                      0.630     2.350 r  i_dram_wrapper/i_dram/inst/u_ddr4_infrastructure/gen_mmcme4.u_mmcme_adv_inst/CLKOUT0
                         net (fo=1, routed)           0.214     2.564    i_dram_wrapper/i_dram/inst/u_ddr4_infrastructure/mmcm_clkout0
    BUFGCE_X1Y332        BUFGCE (Prop_BUFCE_BUFGCE_I_O)
                                                      0.024     2.588 r  i_dram_wrapper/i_dram/inst/u_ddr4_infrastructure/u_bufg_divClk/O
    X4Y12 (CLOCK_ROOT)   net (fo=36893, routed)       2.019     4.607    i_dram_wrapper/i_ui_rstgen/i_rstgen_bypass/clk_i
    SLICE_X110Y719       FDCE                                         r  i_dram_wrapper/i_ui_rstgen/i_rstgen_bypass/synch_regs_q_reg[0]/C





Min Delay Paths
--------------------------------------------------------------------------------------
Slack:                    inf
  Source:                 i_dram_wrapper/fabric_ready_o_reg/C
                            (rising edge-triggered cell FDCE clocked by mmcm_clkout0  {rise@0.000ns fall@1.667ns period=3.333ns})
  Destination:            i_dram_wrapper/i_ui_rstgen/i_rstgen_bypass/synch_regs_q_reg[0]/CLR
                            (removal check against rising-edge clock mmcm_clkout0  {rise@0.000ns fall@1.667ns period=3.333ns})
  Path Group:             (none)
  Path Type:              Removal (Min at Fast Process Corner)
  Data Path Delay:        0.168ns  (logic 0.041ns (24.405%)  route 0.127ns (75.595%))
  Logic Levels:           0  
  Clock Path Skew:        -0.120ns (DCD - SCD - CPR)
    Destination Clock Delay (DCD):    2.553ns
    Source Clock Delay      (SCD):    2.672ns
    Clock Pessimism Removal (CPR):    -0.000ns
  Clock Uncertainty:      0.052ns  ((TSJ^2 + DJ^2)^1/2) / 2 + PE
    Total System Jitter     (TSJ):    0.071ns
    Discrete Jitter          (DJ):    0.076ns
    Phase Error              (PE):    0.000ns
  Clock Net Delay (Source):      1.229ns (routing 0.468ns, distribution 0.761ns)
  Clock Net Delay (Destination): 1.399ns (routing 0.521ns, distribution 0.878ns)
  Timing Exception:       False Path

    Location             Delay type                Incr(ns)  Path(ns)    Netlist Resource(s)
  -------------------------------------------------------------------    -------------------
                         (clock mmcm_clkout0 rise edge)
                                                      0.000     0.000 r  
    E12                                               0.000     0.000 r  sys_clk_p (IN)
                         net (fo=0)                   0.000     0.000    i_bufds_sys_clk/I
    HPIOBDIFFINBUF_X1Y300
                         DIFFINBUF (Prop_DIFFINBUF_HPIOBDIFFINBUF_DIFF_IN_P_O)
                                                      0.340     0.340 r  i_bufds_sys_clk/DIFFINBUF_INST/O
                         net (fo=1, routed)           0.040     0.380    i_bufds_sys_clk/OUT
    E12                  IBUFCTRL (Prop_IBUFCTRL_HPIOB_M_I_O)
                                                      0.000     0.380 r  i_bufds_sys_clk/IBUFCTRL_INST/O
                         net (fo=1, routed)           0.150     0.530    sys_clk
    BUFGCE_X1Y289        BUFGCE (Prop_BUFCE_BUFGCE_I_O)
                                                      0.017     0.547 r  sys_clk_BUFGCE_inst/O
                         net (fo=19, routed)          0.504     1.051    i_dram_wrapper/i_dram/inst/u_ddr4_infrastructure/mmcm_clk_in
    MMCM_X1Y13           MMCME4_ADV (Prop_MMCM_CLKIN1_CLKOUT0)
                                                      0.230     1.281 r  i_dram_wrapper/i_dram/inst/u_ddr4_infrastructure/gen_mmcme4.u_mmcme_adv_inst/CLKOUT0
                         net (fo=1, routed)           0.145     1.426    i_dram_wrapper/i_dram/inst/u_ddr4_infrastructure/mmcm_clkout0
    BUFGCE_X1Y332        BUFGCE (Prop_BUFCE_BUFGCE_I_O)
                                                      0.017     1.443 r  i_dram_wrapper/i_dram/inst/u_ddr4_infrastructure/u_bufg_divClk/O
    X4Y12 (CLOCK_ROOT)   net (fo=36893, routed)       1.229     2.672    i_dram_wrapper/dram_axi_clk
    SLICE_X111Y722       FDCE                                         r  i_dram_wrapper/fabric_ready_o_reg/C
  -------------------------------------------------------------------    -------------------
    SLICE_X111Y722       FDCE (Prop_DFF2_SLICEL_C_Q)
                                                      0.041     2.713 r  i_dram_wrapper/fabric_ready_o_reg/Q
                         net (fo=9, routed)           0.127     2.840    i_dram_wrapper/i_ui_rstgen/i_rstgen_bypass/rst_test_mode_ni
    SLICE_X110Y719       FDCE                                         f  i_dram_wrapper/i_ui_rstgen/i_rstgen_bypass/synch_regs_q_reg[0]/CLR  (IS_INVERTED)
  -------------------------------------------------------------------    -------------------

                         (clock mmcm_clkout0 rise edge)
                                                      0.000     0.000 r  
    E12                                               0.000     0.000 r  sys_clk_p (IN)
                         net (fo=0)                   0.000     0.000    i_bufds_sys_clk/I
    HPIOBDIFFINBUF_X1Y300
                         DIFFINBUF (Prop_DIFFINBUF_HPIOBDIFFINBUF_DIFF_IN_P_O)
                                                      0.446     0.446 r  i_bufds_sys_clk/DIFFINBUF_INST/O
                         net (fo=1, routed)           0.050     0.496    i_bufds_sys_clk/OUT
    E12                  IBUFCTRL (Prop_IBUFCTRL_HPIOB_M_I_O)
                                                      0.000     0.496 r  i_bufds_sys_clk/IBUFCTRL_INST/O
                         net (fo=1, routed)           0.183     0.679    sys_clk
    BUFGCE_X1Y289        BUFGCE (Prop_BUFCE_BUFGCE_I_O)
                                                      0.019     0.698 r  sys_clk_BUFGCE_inst/O
                         net (fo=19, routed)          0.567     1.265    i_dram_wrapper/i_dram/inst/u_ddr4_infrastructure/mmcm_clk_in
    MMCM_X1Y13           MMCME4_ADV (Prop_MMCM_CLKIN1_CLKOUT0)
                                                     -0.295     0.970 r  i_dram_wrapper/i_dram/inst/u_ddr4_infrastructure/gen_mmcme4.u_mmcme_adv_inst/CLKOUT0
                         net (fo=1, routed)           0.165     1.135    i_dram_wrapper/i_dram/inst/u_ddr4_infrastructure/mmcm_clkout0
    BUFGCE_X1Y332        BUFGCE (Prop_BUFCE_BUFGCE_I_O)
                                                      0.019     1.154 r  i_dram_wrapper/i_dram/inst/u_ddr4_infrastructure/u_bufg_divClk/O
    X4Y12 (CLOCK_ROOT)   net (fo=36893, routed)       1.399     2.553    i_dram_wrapper/i_ui_rstgen/i_rstgen_bypass/clk_i
    SLICE_X110Y719       FDCE                                         r  i_dram_wrapper/i_ui_rstgen/i_rstgen_bypass/synch_regs_q_reg[0]/C





--------------------------------------------------------------------------------------
Path Group:  (none)
From Clock:  mmcm_clkout6
  To Clock:  mmcm_clkout0

Max Delay             0 Endpoints
Min Delay           129 Endpoints
--------------------------------------------------------------------------------------


Min Delay Paths
--------------------------------------------------------------------------------------
Slack:                    inf
  Source:                 i_dram_wrapper/i_dram/inst/u_ddr4_mem_intfc/u_mig_ddr4_phy/inst/phy2clb_fixdly_rdy_low_riuclk_int_reg[2]/C
                            (rising edge-triggered cell FDRE clocked by mmcm_clkout6  {rise@0.000ns fall@3.333ns period=6.667ns})
  Destination:            i_dram_wrapper/i_dram/inst/u_ddr4_mem_intfc/u_phy2clb_fixdly_rdy_low/SYNC[2].sync_reg_reg[0]/D
                            (rising edge-triggered cell FDRE clocked by mmcm_clkout0  {rise@0.000ns fall@1.667ns period=3.333ns})
  Path Group:             (none)
  Path Type:              Hold (Min at Fast Process Corner)
  Data Path Delay:        0.106ns  (logic 0.038ns (35.849%)  route 0.068ns (64.151%))
  Logic Levels:           0  
  Clock Path Skew:        -0.122ns (DCD - SCD - CPR)
    Destination Clock Delay (DCD):    2.448ns
    Source Clock Delay      (SCD):    2.569ns
    Clock Pessimism Removal (CPR):    -0.000ns
  Clock Uncertainty:      0.176ns  ((TSJ^2 + DJ^2)^1/2) / 2 + PE
    Total System Jitter     (TSJ):    0.071ns
    Discrete Jitter          (DJ):    0.087ns
    Phase Error              (PE):    0.120ns
  Clock Net Delay (Source):      1.116ns (routing 0.457ns, distribution 0.659ns)
  Clock Net Delay (Destination): 1.294ns (routing 0.521ns, distribution 0.773ns)
  Timing Exception:       False Path

    Location             Delay type                Incr(ns)  Path(ns)    Netlist Resource(s)
  -------------------------------------------------------------------    -------------------
                         (clock mmcm_clkout6 rise edge)
                                                      0.000     0.000 r  
    E12                                               0.000     0.000 r  sys_clk_p (IN)
                         net (fo=0)                   0.000     0.000    i_bufds_sys_clk/I
    HPIOBDIFFINBUF_X1Y300
                         DIFFINBUF (Prop_DIFFINBUF_HPIOBDIFFINBUF_DIFF_IN_P_O)
                                                      0.340     0.340 r  i_bufds_sys_clk/DIFFINBUF_INST/O
                         net (fo=1, routed)           0.040     0.380    i_bufds_sys_clk/OUT
    E12                  IBUFCTRL (Prop_IBUFCTRL_HPIOB_M_I_O)
                                                      0.000     0.380 r  i_bufds_sys_clk/IBUFCTRL_INST/O
                         net (fo=1, routed)           0.150     0.530    sys_clk
    BUFGCE_X1Y289        BUFGCE (Prop_BUFCE_BUFGCE_I_O)
                                                      0.017     0.547 r  sys_clk_BUFGCE_inst/O
                         net (fo=19, routed)          0.504     1.051    i_dram_wrapper/i_dram/inst/u_ddr4_infrastructure/mmcm_clk_in
    MMCM_X1Y13           MMCME4_ADV (Prop_MMCM_CLKIN1_CLKOUT6)
                                                      0.230     1.281 r  i_dram_wrapper/i_dram/inst/u_ddr4_infrastructure/gen_mmcme4.u_mmcme_adv_inst/CLKOUT6
                         net (fo=1, routed)           0.155     1.436    i_dram_wrapper/i_dram/inst/u_ddr4_infrastructure/mmcm_clkout6
    BUFGCE_X1Y326        BUFGCE (Prop_BUFCE_BUFGCE_I_O)
                                                      0.017     1.453 r  i_dram_wrapper/i_dram/inst/u_ddr4_infrastructure/u_bufg_riuClk/O
    X4Y12 (CLOCK_ROOT)   net (fo=1746, routed)        1.116     2.569    i_dram_wrapper/i_dram/inst/u_ddr4_mem_intfc/u_mig_ddr4_phy/inst/riu_clk
    SLICE_X117Y755       FDRE                                         r  i_dram_wrapper/i_dram/inst/u_ddr4_mem_intfc/u_mig_ddr4_phy/inst/phy2clb_fixdly_rdy_low_riuclk_int_reg[2]/C
  -------------------------------------------------------------------    -------------------
    SLICE_X117Y755       FDRE (Prop_AFF_SLICEM_C_Q)
                                                      0.038     2.607 r  i_dram_wrapper/i_dram/inst/u_ddr4_mem_intfc/u_mig_ddr4_phy/inst/phy2clb_fixdly_rdy_low_riuclk_int_reg[2]/Q
                         net (fo=2, routed)           0.068     2.675    i_dram_wrapper/i_dram/inst/u_ddr4_mem_intfc/u_phy2clb_fixdly_rdy_low/phy2clb_fixdly_rdy_low_riuclk[2]
    SLICE_X117Y756       FDRE                                         r  i_dram_wrapper/i_dram/inst/u_ddr4_mem_intfc/u_phy2clb_fixdly_rdy_low/SYNC[2].sync_reg_reg[0]/D
  -------------------------------------------------------------------    -------------------

                         (clock mmcm_clkout0 rise edge)
                                                      0.000     0.000 r  
    E12                                               0.000     0.000 r  sys_clk_p (IN)
                         net (fo=0)                   0.000     0.000    i_bufds_sys_clk/I
    HPIOBDIFFINBUF_X1Y300
                         DIFFINBUF (Prop_DIFFINBUF_HPIOBDIFFINBUF_DIFF_IN_P_O)
                                                      0.446     0.446 r  i_bufds_sys_clk/DIFFINBUF_INST/O
                         net (fo=1, routed)           0.050     0.496    i_bufds_sys_clk/OUT
    E12                  IBUFCTRL (Prop_IBUFCTRL_HPIOB_M_I_O)
                                                      0.000     0.496 r  i_bufds_sys_clk/IBUFCTRL_INST/O
                         net (fo=1, routed)           0.183     0.679    sys_clk
    BUFGCE_X1Y289        BUFGCE (Prop_BUFCE_BUFGCE_I_O)
                                                      0.019     0.698 r  sys_clk_BUFGCE_inst/O
                         net (fo=19, routed)          0.567     1.265    i_dram_wrapper/i_dram/inst/u_ddr4_infrastructure/mmcm_clk_in
    MMCM_X1Y13           MMCME4_ADV (Prop_MMCM_CLKIN1_CLKOUT0)
                                                     -0.295     0.970 r  i_dram_wrapper/i_dram/inst/u_ddr4_infrastructure/gen_mmcme4.u_mmcme_adv_inst/CLKOUT0
                         net (fo=1, routed)           0.165     1.135    i_dram_wrapper/i_dram/inst/u_ddr4_infrastructure/mmcm_clkout0
    BUFGCE_X1Y332        BUFGCE (Prop_BUFCE_BUFGCE_I_O)
                                                      0.019     1.154 r  i_dram_wrapper/i_dram/inst/u_ddr4_infrastructure/u_bufg_divClk/O
    X4Y12 (CLOCK_ROOT)   net (fo=36893, routed)       1.294     2.448    i_dram_wrapper/i_dram/inst/u_ddr4_mem_intfc/u_phy2clb_fixdly_rdy_low/SYNC[18].sync_reg_reg[1]_0
    SLICE_X117Y756       FDRE                                         r  i_dram_wrapper/i_dram/inst/u_ddr4_mem_intfc/u_phy2clb_fixdly_rdy_low/SYNC[2].sync_reg_reg[0]/C





--------------------------------------------------------------------------------------
Path Group:  (none)
From Clock:  sys_clk
  To Clock:  mmcm_clkout0

Max Delay             1 Endpoint
Min Delay             1 Endpoint
--------------------------------------------------------------------------------------


Max Delay Paths
--------------------------------------------------------------------------------------
Slack:                    inf
  Source:                 i_dram_wrapper/i_dram/inst/u_ddr4_infrastructure/rst_async_riu_div_reg/C
                            (rising edge-triggered cell FDRE clocked by sys_clk  {rise@0.000ns fall@2.000ns period=4.000ns})
  Destination:            i_dram_wrapper/i_dram/inst/u_ddr4_infrastructure/rst_div_sync_r_reg[0]/D
                            (rising edge-triggered cell FDRE clocked by mmcm_clkout0  {rise@0.000ns fall@1.667ns period=3.333ns})
  Path Group:             (none)
  Path Type:              Setup (Max at Slow Process Corner)
  Data Path Delay:        0.301ns  (logic 0.080ns (26.578%)  route 0.221ns (73.422%))
  Logic Levels:           0  
  Clock Path Skew:        2.221ns (DCD - SCD + CPR)
    Destination Clock Delay (DCD):    4.417ns
    Source Clock Delay      (SCD):    2.197ns
    Clock Pessimism Removal (CPR):    0.000ns
  Clock Uncertainty:      0.125ns  ((TSJ^2 + DJ^2)^1/2) / 2 + PE
    Total System Jitter     (TSJ):    0.071ns
    Discrete Jitter          (DJ):    0.076ns
    Phase Error              (PE):    0.073ns
  Clock Net Delay (Source):      1.109ns (routing 0.171ns, distribution 0.938ns)
  Clock Net Delay (Destination): 1.829ns (routing 0.777ns, distribution 1.052ns)
  Timing Exception:       False Path

    Location             Delay type                Incr(ns)  Path(ns)    Netlist Resource(s)
  -------------------------------------------------------------------    -------------------
                         (clock sys_clk rise edge)    0.000     0.000 r  
    E12                                               0.000     0.000 r  sys_clk_p (IN)
                         net (fo=0)                   0.000     0.000    i_bufds_sys_clk/I
    HPIOBDIFFINBUF_X1Y300
                         DIFFINBUF (Prop_DIFFINBUF_HPIOBDIFFINBUF_DIFF_IN_P_O)
                                                      0.675     0.675 r  i_bufds_sys_clk/DIFFINBUF_INST/O
                         net (fo=1, routed)           0.050     0.725    i_bufds_sys_clk/OUT
    E12                  IBUFCTRL (Prop_IBUFCTRL_HPIOB_M_I_O)
                                                      0.000     0.725 r  i_bufds_sys_clk/IBUFCTRL_INST/O
                         net (fo=1, routed)           0.335     1.060    sys_clk
    BUFGCE_X1Y289        BUFGCE (Prop_BUFCE_BUFGCE_I_O)
                                                      0.028     1.088 r  sys_clk_BUFGCE_inst/O
    X4Y12 (CLOCK_ROOT)   net (fo=19, routed)          1.109     2.197    i_dram_wrapper/i_dram/inst/u_ddr4_infrastructure/sys_clk_in
    SLICE_X135Y776       FDRE                                         r  i_dram_wrapper/i_dram/inst/u_ddr4_infrastructure/rst_async_riu_div_reg/C
  -------------------------------------------------------------------    -------------------
    SLICE_X135Y776       FDRE (Prop_AFF2_SLICEM_C_Q)
                                                      0.080     2.277 r  i_dram_wrapper/i_dram/inst/u_ddr4_infrastructure/rst_async_riu_div_reg/Q
                         net (fo=2, routed)           0.221     2.498    i_dram_wrapper/i_dram/inst/u_ddr4_infrastructure/rst_async_riu_div
    SLICE_X135Y777       FDRE                                         r  i_dram_wrapper/i_dram/inst/u_ddr4_infrastructure/rst_div_sync_r_reg[0]/D
  -------------------------------------------------------------------    -------------------

                         (clock mmcm_clkout0 rise edge)
                                                      0.000     0.000 r  
    E12                                               0.000     0.000 r  sys_clk_p (IN)
                         net (fo=0)                   0.000     0.000    i_bufds_sys_clk/I
    HPIOBDIFFINBUF_X1Y300
                         DIFFINBUF (Prop_DIFFINBUF_HPIOBDIFFINBUF_DIFF_IN_P_O)
                                                      0.564     0.564 r  i_bufds_sys_clk/DIFFINBUF_INST/O
                         net (fo=1, routed)           0.040     0.604    i_bufds_sys_clk/OUT
    E12                  IBUFCTRL (Prop_IBUFCTRL_HPIOB_M_I_O)
                                                      0.000     0.604 r  i_bufds_sys_clk/IBUFCTRL_INST/O
                         net (fo=1, routed)           0.297     0.901    sys_clk
    BUFGCE_X1Y289        BUFGCE (Prop_BUFCE_BUFGCE_I_O)
                                                      0.024     0.925 r  sys_clk_BUFGCE_inst/O
                         net (fo=19, routed)          0.795     1.720    i_dram_wrapper/i_dram/inst/u_ddr4_infrastructure/mmcm_clk_in
    MMCM_X1Y13           MMCME4_ADV (Prop_MMCM_CLKIN1_CLKOUT0)
                                                      0.630     2.350 r  i_dram_wrapper/i_dram/inst/u_ddr4_infrastructure/gen_mmcme4.u_mmcme_adv_inst/CLKOUT0
                         net (fo=1, routed)           0.214     2.564    i_dram_wrapper/i_dram/inst/u_ddr4_infrastructure/mmcm_clkout0
    BUFGCE_X1Y332        BUFGCE (Prop_BUFCE_BUFGCE_I_O)
                                                      0.024     2.588 r  i_dram_wrapper/i_dram/inst/u_ddr4_infrastructure/u_bufg_divClk/O
    X4Y12 (CLOCK_ROOT)   net (fo=36893, routed)       1.829     4.417    i_dram_wrapper/i_dram/inst/u_ddr4_infrastructure/input_rst_mmcm_reg_0
    SLICE_X135Y777       FDRE                                         r  i_dram_wrapper/i_dram/inst/u_ddr4_infrastructure/rst_div_sync_r_reg[0]/C





Min Delay Paths
--------------------------------------------------------------------------------------
Slack:                    inf
  Source:                 i_dram_wrapper/i_dram/inst/u_ddr4_infrastructure/rst_async_riu_div_reg/C
                            (rising edge-triggered cell FDRE clocked by sys_clk  {rise@0.000ns fall@2.000ns period=4.000ns})
  Destination:            i_dram_wrapper/i_dram/inst/u_ddr4_infrastructure/rst_div_sync_r_reg[0]/D
                            (rising edge-triggered cell FDRE clocked by mmcm_clkout0  {rise@0.000ns fall@1.667ns period=3.333ns})
  Path Group:             (none)
  Path Type:              Hold (Min at Fast Process Corner)
  Data Path Delay:        0.128ns  (logic 0.039ns (30.469%)  route 0.089ns (69.531%))
  Logic Levels:           0  
  Clock Path Skew:        1.253ns (DCD - SCD - CPR)
    Destination Clock Delay (DCD):    2.424ns
    Source Clock Delay      (SCD):    1.170ns
    Clock Pessimism Removal (CPR):    -0.000ns
  Clock Uncertainty:      0.125ns  ((TSJ^2 + DJ^2)^1/2) / 2 + PE
    Total System Jitter     (TSJ):    0.071ns
    Discrete Jitter          (DJ):    0.076ns
    Phase Error              (PE):    0.073ns
  Clock Net Delay (Source):      0.623ns (routing 0.096ns, distribution 0.527ns)
  Clock Net Delay (Destination): 1.270ns (routing 0.521ns, distribution 0.749ns)
  Timing Exception:       False Path

    Location             Delay type                Incr(ns)  Path(ns)    Netlist Resource(s)
  -------------------------------------------------------------------    -------------------
                         (clock sys_clk rise edge)    0.000     0.000 r  
    E12                                               0.000     0.000 r  sys_clk_p (IN)
                         net (fo=0)                   0.000     0.000    i_bufds_sys_clk/I
    HPIOBDIFFINBUF_X1Y300
                         DIFFINBUF (Prop_DIFFINBUF_HPIOBDIFFINBUF_DIFF_IN_P_O)
                                                      0.340     0.340 r  i_bufds_sys_clk/DIFFINBUF_INST/O
                         net (fo=1, routed)           0.040     0.380    i_bufds_sys_clk/OUT
    E12                  IBUFCTRL (Prop_IBUFCTRL_HPIOB_M_I_O)
                                                      0.000     0.380 r  i_bufds_sys_clk/IBUFCTRL_INST/O
                         net (fo=1, routed)           0.150     0.530    sys_clk
    BUFGCE_X1Y289        BUFGCE (Prop_BUFCE_BUFGCE_I_O)
                                                      0.017     0.547 r  sys_clk_BUFGCE_inst/O
    X4Y12 (CLOCK_ROOT)   net (fo=19, routed)          0.623     1.170    i_dram_wrapper/i_dram/inst/u_ddr4_infrastructure/sys_clk_in
    SLICE_X135Y776       FDRE                                         r  i_dram_wrapper/i_dram/inst/u_ddr4_infrastructure/rst_async_riu_div_reg/C
  -------------------------------------------------------------------    -------------------
    SLICE_X135Y776       FDRE (Prop_AFF2_SLICEM_C_Q)
                                                      0.039     1.209 r  i_dram_wrapper/i_dram/inst/u_ddr4_infrastructure/rst_async_riu_div_reg/Q
                         net (fo=2, routed)           0.089     1.298    i_dram_wrapper/i_dram/inst/u_ddr4_infrastructure/rst_async_riu_div
    SLICE_X135Y777       FDRE                                         r  i_dram_wrapper/i_dram/inst/u_ddr4_infrastructure/rst_div_sync_r_reg[0]/D
  -------------------------------------------------------------------    -------------------

                         (clock mmcm_clkout0 rise edge)
                                                      0.000     0.000 r  
    E12                                               0.000     0.000 r  sys_clk_p (IN)
                         net (fo=0)                   0.000     0.000    i_bufds_sys_clk/I
    HPIOBDIFFINBUF_X1Y300
                         DIFFINBUF (Prop_DIFFINBUF_HPIOBDIFFINBUF_DIFF_IN_P_O)
                                                      0.446     0.446 r  i_bufds_sys_clk/DIFFINBUF_INST/O
                         net (fo=1, routed)           0.050     0.496    i_bufds_sys_clk/OUT
    E12                  IBUFCTRL (Prop_IBUFCTRL_HPIOB_M_I_O)
                                                      0.000     0.496 r  i_bufds_sys_clk/IBUFCTRL_INST/O
                         net (fo=1, routed)           0.183     0.679    sys_clk
    BUFGCE_X1Y289        BUFGCE (Prop_BUFCE_BUFGCE_I_O)
                                                      0.019     0.698 r  sys_clk_BUFGCE_inst/O
                         net (fo=19, routed)          0.567     1.265    i_dram_wrapper/i_dram/inst/u_ddr4_infrastructure/mmcm_clk_in
    MMCM_X1Y13           MMCME4_ADV (Prop_MMCM_CLKIN1_CLKOUT0)
                                                     -0.295     0.970 r  i_dram_wrapper/i_dram/inst/u_ddr4_infrastructure/gen_mmcme4.u_mmcme_adv_inst/CLKOUT0
                         net (fo=1, routed)           0.165     1.135    i_dram_wrapper/i_dram/inst/u_ddr4_infrastructure/mmcm_clkout0
    BUFGCE_X1Y332        BUFGCE (Prop_BUFCE_BUFGCE_I_O)
                                                      0.019     1.154 r  i_dram_wrapper/i_dram/inst/u_ddr4_infrastructure/u_bufg_divClk/O
    X4Y12 (CLOCK_ROOT)   net (fo=36893, routed)       1.270     2.424    i_dram_wrapper/i_dram/inst/u_ddr4_infrastructure/input_rst_mmcm_reg_0
    SLICE_X135Y777       FDRE                                         r  i_dram_wrapper/i_dram/inst/u_ddr4_infrastructure/rst_div_sync_r_reg[0]/C





--------------------------------------------------------------------------------------
Path Group:  (none)
From Clock:  mmcm_clkout0
  To Clock:  mmcm_clkout6

Max Delay             0 Endpoints
Min Delay            35 Endpoints
--------------------------------------------------------------------------------------


Min Delay Paths
--------------------------------------------------------------------------------------
Slack:                    inf
  Source:                 i_dram_wrapper/i_dram/inst/u_ddr4_mem_intfc/u_ddr_cal_top/u_ddr_cal/u_ddr_cal_addr_decode/io_read_data_reg[3]/C
                            (rising edge-triggered cell FDRE clocked by mmcm_clkout0  {rise@0.000ns fall@1.667ns period=3.333ns})
  Destination:            i_dram_wrapper/i_dram/inst/u_ddr4_mem_intfc/u_io_read_data_sync/SYNC[3].sync_reg_reg[0]/D
                            (rising edge-triggered cell FDRE clocked by mmcm_clkout6  {rise@0.000ns fall@3.333ns period=6.667ns})
  Path Group:             (none)
  Path Type:              Hold (Min at Fast Process Corner)
  Data Path Delay:        0.115ns  (logic 0.039ns (33.913%)  route 0.076ns (66.087%))
  Logic Levels:           0  
  Clock Path Skew:        -0.161ns (DCD - SCD - CPR)
    Destination Clock Delay (DCD):    2.431ns
    Source Clock Delay      (SCD):    2.591ns
    Clock Pessimism Removal (CPR):    -0.000ns
  Clock Uncertainty:      0.176ns  ((TSJ^2 + DJ^2)^1/2) / 2 + PE
    Total System Jitter     (TSJ):    0.071ns
    Discrete Jitter          (DJ):    0.087ns
    Phase Error              (PE):    0.120ns
  Clock Net Delay (Source):      1.148ns (routing 0.468ns, distribution 0.680ns)
  Clock Net Delay (Destination): 1.266ns (routing 0.512ns, distribution 0.754ns)
  Timing Exception:       False Path

    Location             Delay type                Incr(ns)  Path(ns)    Netlist Resource(s)
  -------------------------------------------------------------------    -------------------
                         (clock mmcm_clkout0 rise edge)
                                                      0.000     0.000 r  
    E12                                               0.000     0.000 r  sys_clk_p (IN)
                         net (fo=0)                   0.000     0.000    i_bufds_sys_clk/I
    HPIOBDIFFINBUF_X1Y300
                         DIFFINBUF (Prop_DIFFINBUF_HPIOBDIFFINBUF_DIFF_IN_P_O)
                                                      0.340     0.340 r  i_bufds_sys_clk/DIFFINBUF_INST/O
                         net (fo=1, routed)           0.040     0.380    i_bufds_sys_clk/OUT
    E12                  IBUFCTRL (Prop_IBUFCTRL_HPIOB_M_I_O)
                                                      0.000     0.380 r  i_bufds_sys_clk/IBUFCTRL_INST/O
                         net (fo=1, routed)           0.150     0.530    sys_clk
    BUFGCE_X1Y289        BUFGCE (Prop_BUFCE_BUFGCE_I_O)
                                                      0.017     0.547 r  sys_clk_BUFGCE_inst/O
                         net (fo=19, routed)          0.504     1.051    i_dram_wrapper/i_dram/inst/u_ddr4_infrastructure/mmcm_clk_in
    MMCM_X1Y13           MMCME4_ADV (Prop_MMCM_CLKIN1_CLKOUT0)
                                                      0.230     1.281 r  i_dram_wrapper/i_dram/inst/u_ddr4_infrastructure/gen_mmcme4.u_mmcme_adv_inst/CLKOUT0
                         net (fo=1, routed)           0.145     1.426    i_dram_wrapper/i_dram/inst/u_ddr4_infrastructure/mmcm_clkout0
    BUFGCE_X1Y332        BUFGCE (Prop_BUFCE_BUFGCE_I_O)
                                                      0.017     1.443 r  i_dram_wrapper/i_dram/inst/u_ddr4_infrastructure/u_bufg_divClk/O
    X4Y12 (CLOCK_ROOT)   net (fo=36893, routed)       1.148     2.591    i_dram_wrapper/i_dram/inst/u_ddr4_mem_intfc/u_ddr_cal_top/u_ddr_cal/u_ddr_cal_addr_decode/odt_shift_reg[0][20]
    SLICE_X132Y822       FDRE                                         r  i_dram_wrapper/i_dram/inst/u_ddr4_mem_intfc/u_ddr_cal_top/u_ddr_cal/u_ddr_cal_addr_decode/io_read_data_reg[3]/C
  -------------------------------------------------------------------    -------------------
    SLICE_X132Y822       FDRE (Prop_HFF2_SLICEL_C_Q)
                                                      0.039     2.630 r  i_dram_wrapper/i_dram/inst/u_ddr4_mem_intfc/u_ddr_cal_top/u_ddr_cal/u_ddr_cal_addr_decode/io_read_data_reg[3]/Q
                         net (fo=1, routed)           0.076     2.706    i_dram_wrapper/i_dram/inst/u_ddr4_mem_intfc/u_io_read_data_sync/SYNC[31].sync_reg_reg[0]_0[3]
    SLICE_X132Y822       FDRE                                         r  i_dram_wrapper/i_dram/inst/u_ddr4_mem_intfc/u_io_read_data_sync/SYNC[3].sync_reg_reg[0]/D
  -------------------------------------------------------------------    -------------------

                         (clock mmcm_clkout6 rise edge)
                                                      0.000     0.000 r  
    E12                                               0.000     0.000 r  sys_clk_p (IN)
                         net (fo=0)                   0.000     0.000    i_bufds_sys_clk/I
    HPIOBDIFFINBUF_X1Y300
                         DIFFINBUF (Prop_DIFFINBUF_HPIOBDIFFINBUF_DIFF_IN_P_O)
                                                      0.446     0.446 r  i_bufds_sys_clk/DIFFINBUF_INST/O
                         net (fo=1, routed)           0.050     0.496    i_bufds_sys_clk/OUT
    E12                  IBUFCTRL (Prop_IBUFCTRL_HPIOB_M_I_O)
                                                      0.000     0.496 r  i_bufds_sys_clk/IBUFCTRL_INST/O
                         net (fo=1, routed)           0.183     0.679    sys_clk
    BUFGCE_X1Y289        BUFGCE (Prop_BUFCE_BUFGCE_I_O)
                                                      0.019     0.698 r  sys_clk_BUFGCE_inst/O
                         net (fo=19, routed)          0.567     1.265    i_dram_wrapper/i_dram/inst/u_ddr4_infrastructure/mmcm_clk_in
    MMCM_X1Y13           MMCME4_ADV (Prop_MMCM_CLKIN1_CLKOUT6)
                                                     -0.295     0.970 r  i_dram_wrapper/i_dram/inst/u_ddr4_infrastructure/gen_mmcme4.u_mmcme_adv_inst/CLKOUT6
                         net (fo=1, routed)           0.176     1.146    i_dram_wrapper/i_dram/inst/u_ddr4_infrastructure/mmcm_clkout6
    BUFGCE_X1Y326        BUFGCE (Prop_BUFCE_BUFGCE_I_O)
                                                      0.019     1.165 r  i_dram_wrapper/i_dram/inst/u_ddr4_infrastructure/u_bufg_riuClk/O
    X4Y12 (CLOCK_ROOT)   net (fo=1746, routed)        1.266     2.431    i_dram_wrapper/i_dram/inst/u_ddr4_mem_intfc/u_io_read_data_sync/CLK
    SLICE_X132Y822       FDRE                                         r  i_dram_wrapper/i_dram/inst/u_ddr4_mem_intfc/u_io_read_data_sync/SYNC[3].sync_reg_reg[0]/C





--------------------------------------------------------------------------------------
Path Group:  (none)
From Clock:  mmcm_clkout6
  To Clock:  mmcm_clkout6

Max Delay             2 Endpoints
Min Delay           486 Endpoints
--------------------------------------------------------------------------------------


Max Delay Paths
--------------------------------------------------------------------------------------
Slack:                    inf
  Source:                 i_dram_wrapper/i_dram/inst/u_ddr4_infrastructure/rst_mb_logic_r1_reg/C
                            (rising edge-triggered cell FDRE clocked by mmcm_clkout6  {rise@0.000ns fall@3.333ns period=6.667ns})
  Destination:            i_dram_wrapper/i_dram/inst/u_ddr4_mem_intfc/u_ddr_cal_riu/mcs0/inst/rst_0/U0/EXT_LPF/ACTIVE_HIGH_EXT.ACT_HI_EXT/GENERATE_LEVEL_P_S_CDC.SINGLE_BIT.CROSS_PLEVEL_IN2SCNDRY_IN_cdc_to/D
                            (rising edge-triggered cell FDRE clocked by mmcm_clkout6  {rise@0.000ns fall@3.333ns period=6.667ns})
  Path Group:             (none)
  Path Type:              Setup (Max at Slow Process Corner)
  Data Path Delay:        1.109ns  (logic 0.076ns (6.853%)  route 1.033ns (93.147%))
  Logic Levels:           0  
  Clock Path Skew:        0.246ns (DCD - SCD + CPR)
    Destination Clock Delay (DCD):    4.455ns
    Source Clock Delay      (SCD):    4.210ns
    Clock Pessimism Removal (CPR):    0.000ns
  Clock Uncertainty:      0.056ns  ((TSJ^2 + DJ^2)^1/2) / 2 + PE
    Total System Jitter     (TSJ):    0.071ns
    Discrete Jitter          (DJ):    0.087ns
    Phase Error              (PE):    0.000ns
  Clock Net Delay (Source):      2.059ns (routing 0.835ns, distribution 1.224ns)
  Clock Net Delay (Destination): 1.855ns (routing 0.758ns, distribution 1.097ns)
  Timing Exception:       False Path

    Location             Delay type                Incr(ns)  Path(ns)    Netlist Resource(s)
  -------------------------------------------------------------------    -------------------
                         (clock mmcm_clkout6 rise edge)
                                                      0.000     0.000 r  
    E12                                               0.000     0.000 r  sys_clk_p (IN)
                         net (fo=0)                   0.000     0.000    i_bufds_sys_clk/I
    HPIOBDIFFINBUF_X1Y300
                         DIFFINBUF (Prop_DIFFINBUF_HPIOBDIFFINBUF_DIFF_IN_P_O)
                                                      0.675     0.675 r  i_bufds_sys_clk/DIFFINBUF_INST/O
                         net (fo=1, routed)           0.050     0.725    i_bufds_sys_clk/OUT
    E12                  IBUFCTRL (Prop_IBUFCTRL_HPIOB_M_I_O)
                                                      0.000     0.725 r  i_bufds_sys_clk/IBUFCTRL_INST/O
                         net (fo=1, routed)           0.335     1.060    sys_clk
    BUFGCE_X1Y289        BUFGCE (Prop_BUFCE_BUFGCE_I_O)
                                                      0.028     1.088 r  sys_clk_BUFGCE_inst/O
                         net (fo=19, routed)          0.901     1.989    i_dram_wrapper/i_dram/inst/u_ddr4_infrastructure/mmcm_clk_in
    MMCM_X1Y13           MMCME4_ADV (Prop_MMCM_CLKIN1_CLKOUT6)
                                                     -0.127     1.862 r  i_dram_wrapper/i_dram/inst/u_ddr4_infrastructure/gen_mmcme4.u_mmcme_adv_inst/CLKOUT6
                         net (fo=1, routed)           0.261     2.123    i_dram_wrapper/i_dram/inst/u_ddr4_infrastructure/mmcm_clkout6
    BUFGCE_X1Y326        BUFGCE (Prop_BUFCE_BUFGCE_I_O)
                                                      0.028     2.151 r  i_dram_wrapper/i_dram/inst/u_ddr4_infrastructure/u_bufg_riuClk/O
    X4Y12 (CLOCK_ROOT)   net (fo=1746, routed)        2.059     4.210    i_dram_wrapper/i_dram/inst/u_ddr4_infrastructure/c0_riu_clk
    SLICE_X135Y820       FDRE                                         r  i_dram_wrapper/i_dram/inst/u_ddr4_infrastructure/rst_mb_logic_r1_reg/C
  -------------------------------------------------------------------    -------------------
    SLICE_X135Y820       FDRE (Prop_EFF_SLICEM_C_Q)
                                                      0.076     4.286 r  i_dram_wrapper/i_dram/inst/u_ddr4_infrastructure/rst_mb_logic_r1_reg/Q
                         net (fo=5, routed)           1.033     5.319    i_dram_wrapper/i_dram/inst/u_ddr4_mem_intfc/u_ddr_cal_riu/mcs0/inst/rst_0/U0/EXT_LPF/ACTIVE_HIGH_EXT.ACT_HI_EXT/ext_reset_in
    SLICE_X140Y860       FDRE                                         r  i_dram_wrapper/i_dram/inst/u_ddr4_mem_intfc/u_ddr_cal_riu/mcs0/inst/rst_0/U0/EXT_LPF/ACTIVE_HIGH_EXT.ACT_HI_EXT/GENERATE_LEVEL_P_S_CDC.SINGLE_BIT.CROSS_PLEVEL_IN2SCNDRY_IN_cdc_to/D
  -------------------------------------------------------------------    -------------------

                         (clock mmcm_clkout6 rise edge)
                                                      0.000     0.000 r  
    E12                                               0.000     0.000 r  sys_clk_p (IN)
                         net (fo=0)                   0.000     0.000    i_bufds_sys_clk/I
    HPIOBDIFFINBUF_X1Y300
                         DIFFINBUF (Prop_DIFFINBUF_HPIOBDIFFINBUF_DIFF_IN_P_O)
                                                      0.564     0.564 r  i_bufds_sys_clk/DIFFINBUF_INST/O
                         net (fo=1, routed)           0.040     0.604    i_bufds_sys_clk/OUT
    E12                  IBUFCTRL (Prop_IBUFCTRL_HPIOB_M_I_O)
                                                      0.000     0.604 r  i_bufds_sys_clk/IBUFCTRL_INST/O
                         net (fo=1, routed)           0.297     0.901    sys_clk
    BUFGCE_X1Y289        BUFGCE (Prop_BUFCE_BUFGCE_I_O)
                                                      0.024     0.925 r  sys_clk_BUFGCE_inst/O
                         net (fo=19, routed)          0.795     1.720    i_dram_wrapper/i_dram/inst/u_ddr4_infrastructure/mmcm_clk_in
    MMCM_X1Y13           MMCME4_ADV (Prop_MMCM_CLKIN1_CLKOUT6)
                                                      0.630     2.350 r  i_dram_wrapper/i_dram/inst/u_ddr4_infrastructure/gen_mmcme4.u_mmcme_adv_inst/CLKOUT6
                         net (fo=1, routed)           0.226     2.576    i_dram_wrapper/i_dram/inst/u_ddr4_infrastructure/mmcm_clkout6
    BUFGCE_X1Y326        BUFGCE (Prop_BUFCE_BUFGCE_I_O)
                                                      0.024     2.600 r  i_dram_wrapper/i_dram/inst/u_ddr4_infrastructure/u_bufg_riuClk/O
    X4Y12 (CLOCK_ROOT)   net (fo=1746, routed)        1.855     4.455    i_dram_wrapper/i_dram/inst/u_ddr4_mem_intfc/u_ddr_cal_riu/mcs0/inst/rst_0/U0/EXT_LPF/ACTIVE_HIGH_EXT.ACT_HI_EXT/slowest_sync_clk
    SLICE_X140Y860       FDRE                                         r  i_dram_wrapper/i_dram/inst/u_ddr4_mem_intfc/u_ddr_cal_riu/mcs0/inst/rst_0/U0/EXT_LPF/ACTIVE_HIGH_EXT.ACT_HI_EXT/GENERATE_LEVEL_P_S_CDC.SINGLE_BIT.CROSS_PLEVEL_IN2SCNDRY_IN_cdc_to/C





Min Delay Paths
--------------------------------------------------------------------------------------
Slack:                    inf
  Source:                 i_dram_wrapper/i_dram/inst/u_ddr4_mem_intfc/u_ddr_cal_riu/mcs0/inst/rst_0/U0/FDRE_inst/C
                            (rising edge-triggered cell FDRE clocked by mmcm_clkout6  {rise@0.000ns fall@3.333ns period=6.667ns})
  Destination:            i_dram_wrapper/i_dram/inst/u_ddr4_mem_intfc/u_ddr_cal_riu/mcs0/inst/microblaze_I/U0/MicroBlaze_Core_I/Reset_DFF/Synchronize.use_sync_reset.sync_reg[1]/D
                            (rising edge-triggered cell FDRE clocked by mmcm_clkout6  {rise@0.000ns fall@3.333ns period=6.667ns})
  Path Group:             (none)
  Path Type:              Hold (Min at Fast Process Corner)
  Data Path Delay:        0.117ns  (logic 0.040ns (34.188%)  route 0.077ns (65.812%))
  Logic Levels:           0  
  Clock Path Skew:        -0.148ns (DCD - SCD - CPR)
    Destination Clock Delay (DCD):    2.451ns
    Source Clock Delay      (SCD):    2.598ns
    Clock Pessimism Removal (CPR):    -0.000ns
  Clock Uncertainty:      0.056ns  ((TSJ^2 + DJ^2)^1/2) / 2 + PE
    Total System Jitter     (TSJ):    0.071ns
    Discrete Jitter          (DJ):    0.087ns
    Phase Error              (PE):    0.000ns
  Clock Net Delay (Source):      1.145ns (routing 0.457ns, distribution 0.688ns)
  Clock Net Delay (Destination): 1.286ns (routing 0.512ns, distribution 0.774ns)
  Timing Exception:       False Path

    Location             Delay type                Incr(ns)  Path(ns)    Netlist Resource(s)
  -------------------------------------------------------------------    -------------------
                         (clock mmcm_clkout6 rise edge)
                                                      0.000     0.000 r  
    E12                                               0.000     0.000 r  sys_clk_p (IN)
                         net (fo=0)                   0.000     0.000    i_bufds_sys_clk/I
    HPIOBDIFFINBUF_X1Y300
                         DIFFINBUF (Prop_DIFFINBUF_HPIOBDIFFINBUF_DIFF_IN_P_O)
                                                      0.340     0.340 r  i_bufds_sys_clk/DIFFINBUF_INST/O
                         net (fo=1, routed)           0.040     0.380    i_bufds_sys_clk/OUT
    E12                  IBUFCTRL (Prop_IBUFCTRL_HPIOB_M_I_O)
                                                      0.000     0.380 r  i_bufds_sys_clk/IBUFCTRL_INST/O
                         net (fo=1, routed)           0.150     0.530    sys_clk
    BUFGCE_X1Y289        BUFGCE (Prop_BUFCE_BUFGCE_I_O)
                                                      0.017     0.547 r  sys_clk_BUFGCE_inst/O
                         net (fo=19, routed)          0.504     1.051    i_dram_wrapper/i_dram/inst/u_ddr4_infrastructure/mmcm_clk_in
    MMCM_X1Y13           MMCME4_ADV (Prop_MMCM_CLKIN1_CLKOUT6)
                                                      0.230     1.281 r  i_dram_wrapper/i_dram/inst/u_ddr4_infrastructure/gen_mmcme4.u_mmcme_adv_inst/CLKOUT6
                         net (fo=1, routed)           0.155     1.436    i_dram_wrapper/i_dram/inst/u_ddr4_infrastructure/mmcm_clkout6
    BUFGCE_X1Y326        BUFGCE (Prop_BUFCE_BUFGCE_I_O)
                                                      0.017     1.453 r  i_dram_wrapper/i_dram/inst/u_ddr4_infrastructure/u_bufg_riuClk/O
    X4Y12 (CLOCK_ROOT)   net (fo=1746, routed)        1.145     2.598    i_dram_wrapper/i_dram/inst/u_ddr4_mem_intfc/u_ddr_cal_riu/mcs0/inst/rst_0/U0/slowest_sync_clk
    SLICE_X140Y871       FDRE                                         r  i_dram_wrapper/i_dram/inst/u_ddr4_mem_intfc/u_ddr_cal_riu/mcs0/inst/rst_0/U0/FDRE_inst/C
  -------------------------------------------------------------------    -------------------
    SLICE_X140Y871       FDRE (Prop_AFF2_SLICEL_C_Q)
                                                      0.040     2.638 r  i_dram_wrapper/i_dram/inst/u_ddr4_mem_intfc/u_ddr_cal_riu/mcs0/inst/rst_0/U0/FDRE_inst/Q
                         net (fo=1, routed)           0.077     2.715    i_dram_wrapper/i_dram/inst/u_ddr4_mem_intfc/u_ddr_cal_riu/mcs0/inst/microblaze_I/U0/MicroBlaze_Core_I/Reset_DFF/Reset
    SLICE_X140Y872       FDRE                                         r  i_dram_wrapper/i_dram/inst/u_ddr4_mem_intfc/u_ddr_cal_riu/mcs0/inst/microblaze_I/U0/MicroBlaze_Core_I/Reset_DFF/Synchronize.use_sync_reset.sync_reg[1]/D
  -------------------------------------------------------------------    -------------------

                         (clock mmcm_clkout6 rise edge)
                                                      0.000     0.000 r  
    E12                                               0.000     0.000 r  sys_clk_p (IN)
                         net (fo=0)                   0.000     0.000    i_bufds_sys_clk/I
    HPIOBDIFFINBUF_X1Y300
                         DIFFINBUF (Prop_DIFFINBUF_HPIOBDIFFINBUF_DIFF_IN_P_O)
                                                      0.446     0.446 r  i_bufds_sys_clk/DIFFINBUF_INST/O
                         net (fo=1, routed)           0.050     0.496    i_bufds_sys_clk/OUT
    E12                  IBUFCTRL (Prop_IBUFCTRL_HPIOB_M_I_O)
                                                      0.000     0.496 r  i_bufds_sys_clk/IBUFCTRL_INST/O
                         net (fo=1, routed)           0.183     0.679    sys_clk
    BUFGCE_X1Y289        BUFGCE (Prop_BUFCE_BUFGCE_I_O)
                                                      0.019     0.698 r  sys_clk_BUFGCE_inst/O
                         net (fo=19, routed)          0.567     1.265    i_dram_wrapper/i_dram/inst/u_ddr4_infrastructure/mmcm_clk_in
    MMCM_X1Y13           MMCME4_ADV (Prop_MMCM_CLKIN1_CLKOUT6)
                                                     -0.295     0.970 r  i_dram_wrapper/i_dram/inst/u_ddr4_infrastructure/gen_mmcme4.u_mmcme_adv_inst/CLKOUT6
                         net (fo=1, routed)           0.176     1.146    i_dram_wrapper/i_dram/inst/u_ddr4_infrastructure/mmcm_clkout6
    BUFGCE_X1Y326        BUFGCE (Prop_BUFCE_BUFGCE_I_O)
                                                      0.019     1.165 r  i_dram_wrapper/i_dram/inst/u_ddr4_infrastructure/u_bufg_riuClk/O
    X4Y12 (CLOCK_ROOT)   net (fo=1746, routed)        1.286     2.451    i_dram_wrapper/i_dram/inst/u_ddr4_mem_intfc/u_ddr_cal_riu/mcs0/inst/microblaze_I/U0/MicroBlaze_Core_I/Reset_DFF/Clk
    SLICE_X140Y872       FDRE                                         r  i_dram_wrapper/i_dram/inst/u_ddr4_mem_intfc/u_ddr_cal_riu/mcs0/inst/microblaze_I/U0/MicroBlaze_Core_I/Reset_DFF/Synchronize.use_sync_reset.sync_reg[1]/C





--------------------------------------------------------------------------------------
Path Group:  (none)
From Clock:  sys_clk
  To Clock:  mmcm_clkout6

Max Delay             2 Endpoints
Min Delay             2 Endpoints
--------------------------------------------------------------------------------------


Max Delay Paths
--------------------------------------------------------------------------------------
Slack:                    inf
  Source:                 i_dram_wrapper/i_dram/inst/u_ddr4_infrastructure/rst_async_riu_div_reg/C
                            (rising edge-triggered cell FDRE clocked by sys_clk  {rise@0.000ns fall@2.000ns period=4.000ns})
  Destination:            i_dram_wrapper/i_dram/inst/u_ddr4_infrastructure/rst_riu_sync_r_reg[0]/D
                            (rising edge-triggered cell FDRE clocked by mmcm_clkout6  {rise@0.000ns fall@3.333ns period=6.667ns})
  Path Group:             (none)
  Path Type:              Setup (Max at Slow Process Corner)
  Data Path Delay:        0.349ns  (logic 0.080ns (22.923%)  route 0.269ns (77.077%))
  Logic Levels:           0  
  Clock Path Skew:        2.193ns (DCD - SCD + CPR)
    Destination Clock Delay (DCD):    4.389ns
    Source Clock Delay      (SCD):    2.197ns
    Clock Pessimism Removal (CPR):    0.000ns
  Clock Uncertainty:      0.129ns  ((TSJ^2 + DJ^2)^1/2) / 2 + PE
    Total System Jitter     (TSJ):    0.071ns
    Discrete Jitter          (DJ):    0.087ns
    Phase Error              (PE):    0.073ns
  Clock Net Delay (Source):      1.109ns (routing 0.171ns, distribution 0.938ns)
  Clock Net Delay (Destination): 1.789ns (routing 0.758ns, distribution 1.031ns)
  Timing Exception:       False Path

    Location             Delay type                Incr(ns)  Path(ns)    Netlist Resource(s)
  -------------------------------------------------------------------    -------------------
                         (clock sys_clk rise edge)    0.000     0.000 r  
    E12                                               0.000     0.000 r  sys_clk_p (IN)
                         net (fo=0)                   0.000     0.000    i_bufds_sys_clk/I
    HPIOBDIFFINBUF_X1Y300
                         DIFFINBUF (Prop_DIFFINBUF_HPIOBDIFFINBUF_DIFF_IN_P_O)
                                                      0.675     0.675 r  i_bufds_sys_clk/DIFFINBUF_INST/O
                         net (fo=1, routed)           0.050     0.725    i_bufds_sys_clk/OUT
    E12                  IBUFCTRL (Prop_IBUFCTRL_HPIOB_M_I_O)
                                                      0.000     0.725 r  i_bufds_sys_clk/IBUFCTRL_INST/O
                         net (fo=1, routed)           0.335     1.060    sys_clk
    BUFGCE_X1Y289        BUFGCE (Prop_BUFCE_BUFGCE_I_O)
                                                      0.028     1.088 r  sys_clk_BUFGCE_inst/O
    X4Y12 (CLOCK_ROOT)   net (fo=19, routed)          1.109     2.197    i_dram_wrapper/i_dram/inst/u_ddr4_infrastructure/sys_clk_in
    SLICE_X135Y776       FDRE                                         r  i_dram_wrapper/i_dram/inst/u_ddr4_infrastructure/rst_async_riu_div_reg/C
  -------------------------------------------------------------------    -------------------
    SLICE_X135Y776       FDRE (Prop_AFF2_SLICEM_C_Q)
                                                      0.080     2.277 r  i_dram_wrapper/i_dram/inst/u_ddr4_infrastructure/rst_async_riu_div_reg/Q
                         net (fo=2, routed)           0.269     2.546    i_dram_wrapper/i_dram/inst/u_ddr4_infrastructure/rst_async_riu_div
    SLICE_X136Y771       FDRE                                         r  i_dram_wrapper/i_dram/inst/u_ddr4_infrastructure/rst_riu_sync_r_reg[0]/D
  -------------------------------------------------------------------    -------------------

                         (clock mmcm_clkout6 rise edge)
                                                      0.000     0.000 r  
    E12                                               0.000     0.000 r  sys_clk_p (IN)
                         net (fo=0)                   0.000     0.000    i_bufds_sys_clk/I
    HPIOBDIFFINBUF_X1Y300
                         DIFFINBUF (Prop_DIFFINBUF_HPIOBDIFFINBUF_DIFF_IN_P_O)
                                                      0.564     0.564 r  i_bufds_sys_clk/DIFFINBUF_INST/O
                         net (fo=1, routed)           0.040     0.604    i_bufds_sys_clk/OUT
    E12                  IBUFCTRL (Prop_IBUFCTRL_HPIOB_M_I_O)
                                                      0.000     0.604 r  i_bufds_sys_clk/IBUFCTRL_INST/O
                         net (fo=1, routed)           0.297     0.901    sys_clk
    BUFGCE_X1Y289        BUFGCE (Prop_BUFCE_BUFGCE_I_O)
                                                      0.024     0.925 r  sys_clk_BUFGCE_inst/O
                         net (fo=19, routed)          0.795     1.720    i_dram_wrapper/i_dram/inst/u_ddr4_infrastructure/mmcm_clk_in
    MMCM_X1Y13           MMCME4_ADV (Prop_MMCM_CLKIN1_CLKOUT6)
                                                      0.630     2.350 r  i_dram_wrapper/i_dram/inst/u_ddr4_infrastructure/gen_mmcme4.u_mmcme_adv_inst/CLKOUT6
                         net (fo=1, routed)           0.226     2.576    i_dram_wrapper/i_dram/inst/u_ddr4_infrastructure/mmcm_clkout6
    BUFGCE_X1Y326        BUFGCE (Prop_BUFCE_BUFGCE_I_O)
                                                      0.024     2.600 r  i_dram_wrapper/i_dram/inst/u_ddr4_infrastructure/u_bufg_riuClk/O
    X4Y12 (CLOCK_ROOT)   net (fo=1746, routed)        1.789     4.389    i_dram_wrapper/i_dram/inst/u_ddr4_infrastructure/c0_riu_clk
    SLICE_X136Y771       FDRE                                         r  i_dram_wrapper/i_dram/inst/u_ddr4_infrastructure/rst_riu_sync_r_reg[0]/C





Min Delay Paths
--------------------------------------------------------------------------------------
Slack:                    inf
  Source:                 i_dram_wrapper/i_dram/inst/u_ddr4_infrastructure/rst_async_mb_reg/C
                            (rising edge-triggered cell FDRE clocked by sys_clk  {rise@0.000ns fall@2.000ns period=4.000ns})
  Destination:            i_dram_wrapper/i_dram/inst/u_ddr4_infrastructure/rst_mb_sync_r_reg[0]/D
                            (rising edge-triggered cell FDRE clocked by mmcm_clkout6  {rise@0.000ns fall@3.333ns period=6.667ns})
  Path Group:             (none)
  Path Type:              Hold (Min at Fast Process Corner)
  Data Path Delay:        0.120ns  (logic 0.040ns (33.333%)  route 0.080ns (66.667%))
  Logic Levels:           0  
  Clock Path Skew:        1.258ns (DCD - SCD - CPR)
    Destination Clock Delay (DCD):    2.442ns
    Source Clock Delay      (SCD):    1.183ns
    Clock Pessimism Removal (CPR):    -0.000ns
  Clock Uncertainty:      0.129ns  ((TSJ^2 + DJ^2)^1/2) / 2 + PE
    Total System Jitter     (TSJ):    0.071ns
    Discrete Jitter          (DJ):    0.087ns
    Phase Error              (PE):    0.073ns
  Clock Net Delay (Source):      0.636ns (routing 0.096ns, distribution 0.540ns)
  Clock Net Delay (Destination): 1.277ns (routing 0.512ns, distribution 0.765ns)
  Timing Exception:       False Path

    Location             Delay type                Incr(ns)  Path(ns)    Netlist Resource(s)
  -------------------------------------------------------------------    -------------------
                         (clock sys_clk rise edge)    0.000     0.000 r  
    E12                                               0.000     0.000 r  sys_clk_p (IN)
                         net (fo=0)                   0.000     0.000    i_bufds_sys_clk/I
    HPIOBDIFFINBUF_X1Y300
                         DIFFINBUF (Prop_DIFFINBUF_HPIOBDIFFINBUF_DIFF_IN_P_O)
                                                      0.340     0.340 r  i_bufds_sys_clk/DIFFINBUF_INST/O
                         net (fo=1, routed)           0.040     0.380    i_bufds_sys_clk/OUT
    E12                  IBUFCTRL (Prop_IBUFCTRL_HPIOB_M_I_O)
                                                      0.000     0.380 r  i_bufds_sys_clk/IBUFCTRL_INST/O
                         net (fo=1, routed)           0.150     0.530    sys_clk
    BUFGCE_X1Y289        BUFGCE (Prop_BUFCE_BUFGCE_I_O)
                                                      0.017     0.547 r  sys_clk_BUFGCE_inst/O
    X4Y12 (CLOCK_ROOT)   net (fo=19, routed)          0.636     1.183    i_dram_wrapper/i_dram/inst/u_ddr4_infrastructure/sys_clk_in
    SLICE_X128Y782       FDRE                                         r  i_dram_wrapper/i_dram/inst/u_ddr4_infrastructure/rst_async_mb_reg/C
  -------------------------------------------------------------------    -------------------
    SLICE_X128Y782       FDRE (Prop_AFF2_SLICEL_C_Q)
                                                      0.040     1.223 r  i_dram_wrapper/i_dram/inst/u_ddr4_infrastructure/rst_async_mb_reg/Q
                         net (fo=1, routed)           0.080     1.303    i_dram_wrapper/i_dram/inst/u_ddr4_infrastructure/rst_async_mb
    SLICE_X128Y783       FDRE                                         r  i_dram_wrapper/i_dram/inst/u_ddr4_infrastructure/rst_mb_sync_r_reg[0]/D
  -------------------------------------------------------------------    -------------------

                         (clock mmcm_clkout6 rise edge)
                                                      0.000     0.000 r  
    E12                                               0.000     0.000 r  sys_clk_p (IN)
                         net (fo=0)                   0.000     0.000    i_bufds_sys_clk/I
    HPIOBDIFFINBUF_X1Y300
                         DIFFINBUF (Prop_DIFFINBUF_HPIOBDIFFINBUF_DIFF_IN_P_O)
                                                      0.446     0.446 r  i_bufds_sys_clk/DIFFINBUF_INST/O
                         net (fo=1, routed)           0.050     0.496    i_bufds_sys_clk/OUT
    E12                  IBUFCTRL (Prop_IBUFCTRL_HPIOB_M_I_O)
                                                      0.000     0.496 r  i_bufds_sys_clk/IBUFCTRL_INST/O
                         net (fo=1, routed)           0.183     0.679    sys_clk
    BUFGCE_X1Y289        BUFGCE (Prop_BUFCE_BUFGCE_I_O)
                                                      0.019     0.698 r  sys_clk_BUFGCE_inst/O
                         net (fo=19, routed)          0.567     1.265    i_dram_wrapper/i_dram/inst/u_ddr4_infrastructure/mmcm_clk_in
    MMCM_X1Y13           MMCME4_ADV (Prop_MMCM_CLKIN1_CLKOUT6)
                                                     -0.295     0.970 r  i_dram_wrapper/i_dram/inst/u_ddr4_infrastructure/gen_mmcme4.u_mmcme_adv_inst/CLKOUT6
                         net (fo=1, routed)           0.176     1.146    i_dram_wrapper/i_dram/inst/u_ddr4_infrastructure/mmcm_clkout6
    BUFGCE_X1Y326        BUFGCE (Prop_BUFCE_BUFGCE_I_O)
                                                      0.019     1.165 r  i_dram_wrapper/i_dram/inst/u_ddr4_infrastructure/u_bufg_riuClk/O
    X4Y12 (CLOCK_ROOT)   net (fo=1746, routed)        1.277     2.442    i_dram_wrapper/i_dram/inst/u_ddr4_infrastructure/c0_riu_clk
    SLICE_X128Y783       FDRE                                         r  i_dram_wrapper/i_dram/inst/u_ddr4_infrastructure/rst_mb_sync_r_reg[0]/C





--------------------------------------------------------------------------------------
Path Group:  (none)
From Clock:  clk_50_clkwiz
  To Clock:  sys_clk

Max Delay             2 Endpoints
Min Delay             2 Endpoints
--------------------------------------------------------------------------------------


Max Delay Paths
--------------------------------------------------------------------------------------
Slack:                    inf
  Source:                 sys_rst_reg/C
                            (rising edge-triggered cell FDPE clocked by clk_50_clkwiz  {rise@0.000ns fall@10.000ns period=20.000ns})
  Destination:            i_dram_wrapper/i_dram/inst/u_ddr4_infrastructure/rst_input_async_reg[0]/PRE
                            (recovery check against rising-edge clock sys_clk  {rise@0.000ns fall@2.000ns period=4.000ns})
  Path Group:             (none)
  Path Type:              Recovery (Max at Slow Process Corner)
  Data Path Delay:        1.539ns  (logic 0.076ns (4.938%)  route 1.463ns (95.062%))
  Logic Levels:           0  
  Clock Path Skew:        -4.103ns (DCD - SCD + CPR)
    Destination Clock Delay (DCD):    1.859ns
    Source Clock Delay      (SCD):    5.963ns
    Clock Pessimism Removal (CPR):    0.000ns
  Clock Uncertainty:      0.238ns  ((TSJ^2 + DJ^2)^1/2) / 2 + PE
    Total System Jitter     (TSJ):    0.071ns
    Discrete Jitter          (DJ):    0.150ns
    Phase Error              (PE):    0.155ns
  Clock Net Delay (Source):      3.739ns (routing 1.870ns, distribution 1.869ns)
  Clock Net Delay (Destination): 0.934ns (routing 0.155ns, distribution 0.779ns)
  Timing Exception:       False Path

    Location             Delay type                Incr(ns)  Path(ns)    Netlist Resource(s)
  -------------------------------------------------------------------    -------------------
                         (clock clk_50_clkwiz rise edge)
                                                      0.000     0.000 r  
    E12                                               0.000     0.000 r  sys_clk_p (IN)
                         net (fo=0)                   0.000     0.000    i_bufds_sys_clk/I
    HPIOBDIFFINBUF_X1Y300
                         DIFFINBUF (Prop_DIFFINBUF_HPIOBDIFFINBUF_DIFF_IN_P_O)
                                                      0.675     0.675 r  i_bufds_sys_clk/DIFFINBUF_INST/O
                         net (fo=1, routed)           0.050     0.725    i_bufds_sys_clk/OUT
    E12                  IBUFCTRL (Prop_IBUFCTRL_HPIOB_M_I_O)
                                                      0.000     0.725 r  i_bufds_sys_clk/IBUFCTRL_INST/O
                         net (fo=1, routed)           0.335     1.060    sys_clk
    BUFGCE_X1Y289        BUFGCE (Prop_BUFCE_BUFGCE_I_O)
                                                      0.028     1.088 r  sys_clk_BUFGCE_inst/O
                         net (fo=19, routed)          0.991     2.079    i_clkwiz/inst/clk_in1
    MMCM_X1Y11           MMCME4_ADV (Prop_MMCM_CLKIN1_CLKOUT0)
                                                     -0.127     1.952 r  i_clkwiz/inst/mmcme4_adv_inst/CLKOUT0
                         net (fo=1, routed)           0.244     2.196    i_clkwiz/inst/clk_50_clkwiz
    BUFGCE_X1Y266        BUFGCE (Prop_BUFCE_BUFGCE_I_O)
                                                      0.028     2.224 r  i_clkwiz/inst/clkout1_buf/O
    X2Y7 (CLOCK_ROOT)    net (fo=199658, routed)      3.739     5.963    soc_clk
    SLICE_X108Y641       FDPE                                         r  sys_rst_reg/C
  -------------------------------------------------------------------    -------------------
    SLICE_X108Y641       FDPE (Prop_EFF_SLICEM_C_Q)
                                                      0.076     6.039 f  sys_rst_reg/Q
                         net (fo=7, routed)           1.463     7.502    i_dram_wrapper/i_dram/inst/u_ddr4_infrastructure/sys_rst
    SLICE_X120Y721       FDPE                                         f  i_dram_wrapper/i_dram/inst/u_ddr4_infrastructure/rst_input_async_reg[0]/PRE
  -------------------------------------------------------------------    -------------------

                         (clock sys_clk rise edge)    0.000     0.000 r  
    E12                                               0.000     0.000 r  sys_clk_p (IN)
                         net (fo=0)                   0.000     0.000    i_bufds_sys_clk/I
    HPIOBDIFFINBUF_X1Y300
                         DIFFINBUF (Prop_DIFFINBUF_HPIOBDIFFINBUF_DIFF_IN_P_O)
                                                      0.564     0.564 r  i_bufds_sys_clk/DIFFINBUF_INST/O
                         net (fo=1, routed)           0.040     0.604    i_bufds_sys_clk/OUT
    E12                  IBUFCTRL (Prop_IBUFCTRL_HPIOB_M_I_O)
                                                      0.000     0.604 r  i_bufds_sys_clk/IBUFCTRL_INST/O
                         net (fo=1, routed)           0.297     0.901    sys_clk
    BUFGCE_X1Y289        BUFGCE (Prop_BUFCE_BUFGCE_I_O)
                                                      0.024     0.925 r  sys_clk_BUFGCE_inst/O
    X4Y12 (CLOCK_ROOT)   net (fo=19, routed)          0.934     1.859    i_dram_wrapper/i_dram/inst/u_ddr4_infrastructure/sys_clk_in
    SLICE_X120Y721       FDPE                                         r  i_dram_wrapper/i_dram/inst/u_ddr4_infrastructure/rst_input_async_reg[0]/C





Min Delay Paths
--------------------------------------------------------------------------------------
Slack:                    inf
  Source:                 sys_rst_reg/C
                            (rising edge-triggered cell FDPE clocked by clk_50_clkwiz  {rise@0.000ns fall@10.000ns period=20.000ns})
  Destination:            i_dram_wrapper/i_dram/inst/u_ddr4_infrastructure/rst_input_async_reg[0]/PRE
                            (removal check against rising-edge clock sys_clk  {rise@0.000ns fall@2.000ns period=4.000ns})
  Path Group:             (none)
  Path Type:              Removal (Min at Fast Process Corner)
  Data Path Delay:        0.775ns  (logic 0.038ns (4.903%)  route 0.737ns (95.097%))
  Logic Levels:           0  
  Clock Path Skew:        -2.152ns (DCD - SCD - CPR)
    Destination Clock Delay (DCD):    1.385ns
    Source Clock Delay      (SCD):    3.536ns
    Clock Pessimism Removal (CPR):    -0.000ns
  Clock Uncertainty:      0.238ns  ((TSJ^2 + DJ^2)^1/2) / 2 + PE
    Total System Jitter     (TSJ):    0.071ns
    Discrete Jitter          (DJ):    0.150ns
    Phase Error              (PE):    0.155ns
  Clock Net Delay (Source):      2.045ns (routing 1.022ns, distribution 1.023ns)
  Clock Net Delay (Destination): 0.687ns (routing 0.108ns, distribution 0.579ns)
  Timing Exception:       False Path

    Location             Delay type                Incr(ns)  Path(ns)    Netlist Resource(s)
  -------------------------------------------------------------------    -------------------
                         (clock clk_50_clkwiz rise edge)
                                                      0.000     0.000 r  
    E12                                               0.000     0.000 r  sys_clk_p (IN)
                         net (fo=0)                   0.000     0.000    i_bufds_sys_clk/I
    HPIOBDIFFINBUF_X1Y300
                         DIFFINBUF (Prop_DIFFINBUF_HPIOBDIFFINBUF_DIFF_IN_P_O)
                                                      0.340     0.340 r  i_bufds_sys_clk/DIFFINBUF_INST/O
                         net (fo=1, routed)           0.040     0.380    i_bufds_sys_clk/OUT
    E12                  IBUFCTRL (Prop_IBUFCTRL_HPIOB_M_I_O)
                                                      0.000     0.380 r  i_bufds_sys_clk/IBUFCTRL_INST/O
                         net (fo=1, routed)           0.150     0.530    sys_clk
    BUFGCE_X1Y289        BUFGCE (Prop_BUFCE_BUFGCE_I_O)
                                                      0.017     0.547 r  sys_clk_BUFGCE_inst/O
                         net (fo=19, routed)          0.552     1.099    i_clkwiz/inst/clk_in1
    MMCM_X1Y11           MMCME4_ADV (Prop_MMCM_CLKIN1_CLKOUT0)
                                                      0.230     1.329 r  i_clkwiz/inst/mmcme4_adv_inst/CLKOUT0
                         net (fo=1, routed)           0.145     1.474    i_clkwiz/inst/clk_50_clkwiz
    BUFGCE_X1Y266        BUFGCE (Prop_BUFCE_BUFGCE_I_O)
                                                      0.017     1.491 r  i_clkwiz/inst/clkout1_buf/O
    X2Y7 (CLOCK_ROOT)    net (fo=199658, routed)      2.045     3.536    soc_clk
    SLICE_X108Y641       FDPE                                         r  sys_rst_reg/C
  -------------------------------------------------------------------    -------------------
    SLICE_X108Y641       FDPE (Prop_EFF_SLICEM_C_Q)
                                                      0.038     3.574 f  sys_rst_reg/Q
                         net (fo=7, routed)           0.737     4.311    i_dram_wrapper/i_dram/inst/u_ddr4_infrastructure/sys_rst
    SLICE_X120Y721       FDPE                                         f  i_dram_wrapper/i_dram/inst/u_ddr4_infrastructure/rst_input_async_reg[0]/PRE
  -------------------------------------------------------------------    -------------------

                         (clock sys_clk rise edge)    0.000     0.000 r  
    E12                                               0.000     0.000 r  sys_clk_p (IN)
                         net (fo=0)                   0.000     0.000    i_bufds_sys_clk/I
    HPIOBDIFFINBUF_X1Y300
                         DIFFINBUF (Prop_DIFFINBUF_HPIOBDIFFINBUF_DIFF_IN_P_O)
                                                      0.446     0.446 r  i_bufds_sys_clk/DIFFINBUF_INST/O
                         net (fo=1, routed)           0.050     0.496    i_bufds_sys_clk/OUT
    E12                  IBUFCTRL (Prop_IBUFCTRL_HPIOB_M_I_O)
                                                      0.000     0.496 r  i_bufds_sys_clk/IBUFCTRL_INST/O
                         net (fo=1, routed)           0.183     0.679    sys_clk
    BUFGCE_X1Y289        BUFGCE (Prop_BUFCE_BUFGCE_I_O)
                                                      0.019     0.698 r  sys_clk_BUFGCE_inst/O
    X4Y12 (CLOCK_ROOT)   net (fo=19, routed)          0.687     1.385    i_dram_wrapper/i_dram/inst/u_ddr4_infrastructure/sys_clk_in
    SLICE_X120Y721       FDPE                                         r  i_dram_wrapper/i_dram/inst/u_ddr4_infrastructure/rst_input_async_reg[0]/C





--------------------------------------------------------------------------------------
Path Group:  (none)
From Clock:  
  To Clock:  clk_50_clkwiz

Max Delay            12 Endpoints
Min Delay            12 Endpoints
--------------------------------------------------------------------------------------


Max Delay Paths
--------------------------------------------------------------------------------------
Slack:                    inf
  Source:                 i_startupe3/DATA_IN[1]
                            (internal pin)
  Destination:            i_cheshire_soc/gen_spi_host.i_spi_host/u_spi_core/u_shift_reg/sr_q_reg[1]/D
                            (rising edge-triggered cell FDCE clocked by clk_50_clkwiz  {rise@0.000ns fall@10.000ns period=20.000ns})
  Path Group:             (none)
  Path Type:              Setup (Max at Slow Process Corner)
  Data Path Delay:        9.988ns  (logic 3.415ns (34.191%)  route 6.573ns (65.809%))
  Logic Levels:           3  (LUT5=1 LUT6=1 STARTUPE3=1)
  Clock Uncertainty:      0.234ns  ((TSJ^2 + DJ^2)^1/2) / 2 + PE
    Total System Jitter     (TSJ):    0.050ns
    Discrete Jitter          (DJ):    0.150ns
    Phase Error              (PE):    0.155ns
  Clock Net Delay (Destination): 3.480ns (routing 1.700ns, distribution 1.780ns)

    Location             Delay type                Incr(ns)  Path(ns)    Netlist Resource(s)
  -------------------------------------------------------------------    -------------------
    CONFIG_SITE_X0Y1     STARTUPE3                    0.000     0.000 r  i_startupe3/DATA_IN[1]
    CONFIG_SITE_X0Y1     STARTUPE3 (Prop_STARTUP_CONFIG_SITE_DATA_IN[1]_DI[1])
                                                      3.100     3.100 r  i_startupe3/DI[1]
                         net (fo=4, routed)           6.259     9.359    i_cheshire_soc/gen_spi_host.i_spi_host/u_spi_core/u_shift_reg/sd_i[1]
    SLR Crossing[1->2]   
    SLICE_X11Y698        LUT6 (Prop_F6LUT_SLICEM_I3_O)
                                                      0.148     9.507 f  i_cheshire_soc/gen_spi_host.i_spi_host/u_spi_core/u_shift_reg/rx_buf_q[1]_i_2/O
                         net (fo=2, routed)           0.066     9.573    i_cheshire_soc/gen_spi_host.i_spi_host/u_spi_core/u_shift_reg/rx_buf_q[1]_i_2_n_0
    SLICE_X11Y698        LUT5 (Prop_B5LUT_SLICEM_I0_O)
                                                      0.167     9.740 r  i_cheshire_soc/gen_spi_host.i_spi_host/u_spi_core/u_shift_reg/sr_q[1]_i_1/O
                         net (fo=1, routed)           0.248     9.988    i_cheshire_soc/gen_spi_host.i_spi_host/u_spi_core/u_shift_reg/sr_d[1]
    SLICE_X11Y698        FDCE                                         r  i_cheshire_soc/gen_spi_host.i_spi_host/u_spi_core/u_shift_reg/sr_q_reg[1]/D
  -------------------------------------------------------------------    -------------------

                         (clock clk_50_clkwiz rise edge)
                                                      0.000     0.000 r  
    E12                                               0.000     0.000 r  sys_clk_p (IN)
                         net (fo=0)                   0.000     0.000    i_bufds_sys_clk/I
    HPIOBDIFFINBUF_X1Y300
                         DIFFINBUF (Prop_DIFFINBUF_HPIOBDIFFINBUF_DIFF_IN_P_O)
                                                      0.564     0.564 r  i_bufds_sys_clk/DIFFINBUF_INST/O
                         net (fo=1, routed)           0.040     0.604    i_bufds_sys_clk/OUT
    E12                  IBUFCTRL (Prop_IBUFCTRL_HPIOB_M_I_O)
                                                      0.000     0.604 r  i_bufds_sys_clk/IBUFCTRL_INST/O
                         net (fo=1, routed)           0.297     0.901    sys_clk
    BUFGCE_X1Y289        BUFGCE (Prop_BUFCE_BUFGCE_I_O)
                                                      0.024     0.925 r  sys_clk_BUFGCE_inst/O
                         net (fo=19, routed)          0.876     1.801    i_clkwiz/inst/clk_in1
    MMCM_X1Y11           MMCME4_ADV (Prop_MMCM_CLKIN1_CLKOUT0)
                                                      0.630     2.431 r  i_clkwiz/inst/mmcme4_adv_inst/CLKOUT0
                         net (fo=1, routed)           0.214     2.645    i_clkwiz/inst/clk_50_clkwiz
    BUFGCE_X1Y266        BUFGCE (Prop_BUFCE_BUFGCE_I_O)
                                                      0.024     2.669 r  i_clkwiz/inst/clkout1_buf/O
    X2Y7 (CLOCK_ROOT)    net (fo=199658, routed)      3.480     6.149    i_cheshire_soc/gen_spi_host.i_spi_host/u_spi_core/u_shift_reg/clk_i
    SLICE_X11Y698        FDCE                                         r  i_cheshire_soc/gen_spi_host.i_spi_host/u_spi_core/u_shift_reg/sr_q_reg[1]/C





Min Delay Paths
--------------------------------------------------------------------------------------
Slack:                    inf
  Source:                 i_startupe3/DATA_IN[3]
                            (internal pin)
  Destination:            i_cheshire_soc/gen_spi_host.i_spi_host/u_spi_core/u_shift_reg/sd_i_q_reg[3]/D
                            (rising edge-triggered cell FDCE clocked by clk_50_clkwiz  {rise@0.000ns fall@10.000ns period=20.000ns})
  Path Group:             (none)
  Path Type:              Hold (Min at Fast Process Corner)
  Data Path Delay:        3.232ns  (logic 0.516ns (15.965%)  route 2.716ns (84.035%))
  Logic Levels:           2  (LUT2=1 STARTUPE3=1)
  Clock Uncertainty:      0.234ns  ((TSJ^2 + DJ^2)^1/2) / 2 + PE
    Total System Jitter     (TSJ):    0.050ns
    Discrete Jitter          (DJ):    0.150ns
    Phase Error              (PE):    0.155ns
  Clock Net Delay (Destination): 2.374ns (routing 1.135ns, distribution 1.239ns)

    Location             Delay type                Incr(ns)  Path(ns)    Netlist Resource(s)
  -------------------------------------------------------------------    -------------------
    CONFIG_SITE_X0Y1     STARTUPE3                    0.000     0.000 r  i_startupe3/DATA_IN[3]
    CONFIG_SITE_X0Y1     STARTUPE3 (Prop_STARTUP_CONFIG_SITE_DATA_IN[3]_DI[3])
                                                      0.465     0.465 r  i_startupe3/DI[3]
                         net (fo=2, routed)           2.707     3.172    i_cheshire_soc/gen_spi_host.i_spi_host/u_spi_core/u_shift_reg/sd_i[3]
    SLR Crossing[1->2]   
    SLICE_X11Y696        LUT2 (Prop_D5LUT_SLICEM_I0_O)
                                                      0.051     3.223 r  i_cheshire_soc/gen_spi_host.i_spi_host/u_spi_core/u_shift_reg/sd_i_q[3]_i_2/O
                         net (fo=1, routed)           0.009     3.232    i_cheshire_soc/gen_spi_host.i_spi_host/u_spi_core/u_shift_reg/sd_i_d[3]
    SLICE_X11Y696        FDCE                                         r  i_cheshire_soc/gen_spi_host.i_spi_host/u_spi_core/u_shift_reg/sd_i_q_reg[3]/D
  -------------------------------------------------------------------    -------------------

                         (clock clk_50_clkwiz rise edge)
                                                      0.000     0.000 r  
    E12                                               0.000     0.000 r  sys_clk_p (IN)
                         net (fo=0)                   0.000     0.000    i_bufds_sys_clk/I
    HPIOBDIFFINBUF_X1Y300
                         DIFFINBUF (Prop_DIFFINBUF_HPIOBDIFFINBUF_DIFF_IN_P_O)
                                                      0.446     0.446 r  i_bufds_sys_clk/DIFFINBUF_INST/O
                         net (fo=1, routed)           0.050     0.496    i_bufds_sys_clk/OUT
    E12                  IBUFCTRL (Prop_IBUFCTRL_HPIOB_M_I_O)
                                                      0.000     0.496 r  i_bufds_sys_clk/IBUFCTRL_INST/O
                         net (fo=1, routed)           0.183     0.679    sys_clk
    BUFGCE_X1Y289        BUFGCE (Prop_BUFCE_BUFGCE_I_O)
                                                      0.019     0.698 r  sys_clk_BUFGCE_inst/O
                         net (fo=19, routed)          0.622     1.320    i_clkwiz/inst/clk_in1
    MMCM_X1Y11           MMCME4_ADV (Prop_MMCM_CLKIN1_CLKOUT0)
                                                     -0.295     1.025 r  i_clkwiz/inst/mmcme4_adv_inst/CLKOUT0
                         net (fo=1, routed)           0.165     1.190    i_clkwiz/inst/clk_50_clkwiz
    BUFGCE_X1Y266        BUFGCE (Prop_BUFCE_BUFGCE_I_O)
                                                      0.019     1.209 r  i_clkwiz/inst/clkout1_buf/O
    X2Y7 (CLOCK_ROOT)    net (fo=199658, routed)      2.374     3.583    i_cheshire_soc/gen_spi_host.i_spi_host/u_spi_core/u_shift_reg/clk_i
    SLICE_X11Y696        FDCE                                         r  i_cheshire_soc/gen_spi_host.i_spi_host/u_spi_core/u_shift_reg/sd_i_q_reg[3]/C





--------------------------------------------------------------------------------------
Path Group:  (none)
From Clock:  
  To Clock:  dbg_hub/inst/BSCANID.u_xsdbm_id/SWITCH_N_EXT_BSCAN.bscan_inst/SERIES7_BSCAN.bscan_inst/INTERNAL_TCK

Max Delay             4 Endpoints
Min Delay             4 Endpoints
--------------------------------------------------------------------------------------


Max Delay Paths
--------------------------------------------------------------------------------------
Slack:                    inf
  Source:                 dbg_hub/inst/BSCANID.u_xsdbm_id/SWITCH_N_EXT_BSCAN.bscan_inst/SERIES7_BSCAN.bscan_inst/INTERNAL_TDI
                            (internal pin)
  Destination:            dbg_hub/inst/BSCANID.u_xsdbm_id/SWITCH_N_EXT_BSCAN.bscan_switch/bscanid_reg[31]/D
                            (rising edge-triggered cell FDRE clocked by dbg_hub/inst/BSCANID.u_xsdbm_id/SWITCH_N_EXT_BSCAN.bscan_inst/SERIES7_BSCAN.bscan_inst/INTERNAL_TCK  {rise@0.000ns fall@25.000ns period=50.000ns})
  Path Group:             (none)
  Path Type:              Setup (Max at Slow Process Corner)
  Data Path Delay:        8.334ns  (logic 4.400ns (52.796%)  route 3.934ns (47.204%))
  Logic Levels:           2  (BSCANE2=1 LUT2=1)
  Clock Uncertainty:      0.025ns  ((TSJ^2 + TIJ^2)^1/2 + DJ) / 2 + PE
    Total System Jitter     (TSJ):    0.050ns
    Total Input Jitter      (TIJ):    0.000ns
    Discrete Jitter          (DJ):    0.000ns
    Phase Error              (PE):    0.000ns
  Clock Net Delay (Destination): 1.833ns (routing 1.066ns, distribution 0.767ns)

    Location             Delay type                Incr(ns)  Path(ns)    Netlist Resource(s)
  -------------------------------------------------------------------    -------------------
    CONFIG_SITE_X0Y1     BSCANE2                      0.000     0.000 r  dbg_hub/inst/BSCANID.u_xsdbm_id/SWITCH_N_EXT_BSCAN.bscan_inst/SERIES7_BSCAN.bscan_inst/INTERNAL_TDI
    CONFIG_SITE_X0Y1     BSCANE2 (Prop_BSCAN1_CONFIG_SITE_INTERNAL_TDI_TDI)
                                                      4.300     4.300 r  dbg_hub/inst/BSCANID.u_xsdbm_id/SWITCH_N_EXT_BSCAN.bscan_inst/SERIES7_BSCAN.bscan_inst/TDI
                         net (fo=4, routed)           3.881     8.181    dbg_hub/inst/BSCANID.u_xsdbm_id/SWITCH_N_EXT_BSCAN.bscan_switch/s_bscan_tdi
    SLR Crossing[1->2]   
    SLICE_X107Y600       LUT2 (Prop_A6LUT_SLICEM_I1_O)
                                                      0.100     8.281 r  dbg_hub/inst/BSCANID.u_xsdbm_id/SWITCH_N_EXT_BSCAN.bscan_switch/bscanid[31]_i_2/O
                         net (fo=1, routed)           0.053     8.334    dbg_hub/inst/BSCANID.u_xsdbm_id/SWITCH_N_EXT_BSCAN.bscan_switch/bscanid[31]_i_2_n_0
    SLICE_X107Y600       FDRE                                         r  dbg_hub/inst/BSCANID.u_xsdbm_id/SWITCH_N_EXT_BSCAN.bscan_switch/bscanid_reg[31]/D
  -------------------------------------------------------------------    -------------------

                         (clock dbg_hub/inst/BSCANID.u_xsdbm_id/SWITCH_N_EXT_BSCAN.bscan_inst/SERIES7_BSCAN.bscan_inst/INTERNAL_TCK rise edge)
                                                      0.000     0.000 r  
    CONFIG_SITE_X0Y1     BSCANE2                      0.000     0.000 r  dbg_hub/inst/BSCANID.u_xsdbm_id/SWITCH_N_EXT_BSCAN.bscan_inst/SERIES7_BSCAN.bscan_inst/INTERNAL_TCK
    CONFIG_SITE_X0Y1     BSCANE2 (Prop_BSCAN1_CONFIG_SITE_INTERNAL_TCK_TCK)
                                                      0.465     0.465 r  dbg_hub/inst/BSCANID.u_xsdbm_id/SWITCH_N_EXT_BSCAN.bscan_inst/SERIES7_BSCAN.bscan_inst/TCK
                         net (fo=1, routed)           2.607     3.072    dbg_hub/inst/BSCANID.u_xsdbm_id/tck_bs
    SLR Crossing[1->2]   
    BUFGCE_X1Y288        BUFGCE (Prop_BUFCE_BUFGCE_I_O)
                                                      0.024     3.096 r  dbg_hub/inst/BSCANID.u_xsdbm_id/SWITCH_N_EXT_BSCAN.u_bufg_icon_tck/O
    X3Y10 (CLOCK_ROOT)   net (fo=494, routed)         1.833     4.929    dbg_hub/inst/BSCANID.u_xsdbm_id/SWITCH_N_EXT_BSCAN.bscan_switch/s_bscan_tck
    SLICE_X107Y600       FDRE                                         r  dbg_hub/inst/BSCANID.u_xsdbm_id/SWITCH_N_EXT_BSCAN.bscan_switch/bscanid_reg[31]/C





Min Delay Paths
--------------------------------------------------------------------------------------
Slack:                    inf
  Source:                 dbg_hub/inst/BSCANID.u_xsdbm_id/SWITCH_N_EXT_BSCAN.bscan_inst/SERIES7_BSCAN.bscan_inst/INTERNAL_TDI
                            (internal pin)
  Destination:            dbg_hub/inst/BSCANID.u_xsdbm_id/SWITCH_N_EXT_BSCAN.bscan_switch/shiftreg_reg[31]/D
                            (rising edge-triggered cell FDRE clocked by dbg_hub/inst/BSCANID.u_xsdbm_id/SWITCH_N_EXT_BSCAN.bscan_inst/SERIES7_BSCAN.bscan_inst/INTERNAL_TCK  {rise@0.000ns fall@25.000ns period=50.000ns})
  Path Group:             (none)
  Path Type:              Hold (Min at Fast Process Corner)
  Data Path Delay:        1.705ns  (logic 0.480ns (28.152%)  route 1.225ns (71.848%))
  Logic Levels:           2  (BSCANE2=1 LUT5=1)
  Clock Uncertainty:      0.025ns  ((TSJ^2 + TIJ^2)^1/2 + DJ) / 2 + PE
    Total System Jitter     (TSJ):    0.050ns
    Total Input Jitter      (TIJ):    0.000ns
    Discrete Jitter          (DJ):    0.000ns
    Phase Error              (PE):    0.000ns
  Clock Net Delay (Destination): 1.422ns (routing 0.719ns, distribution 0.703ns)

    Location             Delay type                Incr(ns)  Path(ns)    Netlist Resource(s)
  -------------------------------------------------------------------    -------------------
    CONFIG_SITE_X0Y1     BSCANE2                      0.000     0.000 r  dbg_hub/inst/BSCANID.u_xsdbm_id/SWITCH_N_EXT_BSCAN.bscan_inst/SERIES7_BSCAN.bscan_inst/INTERNAL_TDI
    CONFIG_SITE_X0Y1     BSCANE2 (Prop_BSCAN1_CONFIG_SITE_INTERNAL_TDI_TDI)
                                                      0.465     0.465 r  dbg_hub/inst/BSCANID.u_xsdbm_id/SWITCH_N_EXT_BSCAN.bscan_inst/SERIES7_BSCAN.bscan_inst/TDI
                         net (fo=4, routed)           1.204     1.669    dbg_hub/inst/BSCANID.u_xsdbm_id/SWITCH_N_EXT_BSCAN.bscan_switch/s_bscan_tdi
    SLR Crossing[1->2]   
    SLICE_X142Y607       LUT5 (Prop_H6LUT_SLICEM_I2_O)
                                                      0.015     1.684 r  dbg_hub/inst/BSCANID.u_xsdbm_id/SWITCH_N_EXT_BSCAN.bscan_switch/shiftreg[31]_i_2/O
                         net (fo=1, routed)           0.021     1.705    dbg_hub/inst/BSCANID.u_xsdbm_id/SWITCH_N_EXT_BSCAN.bscan_switch/shiftreg[31]_i_2_n_0
    SLICE_X142Y607       FDRE                                         r  dbg_hub/inst/BSCANID.u_xsdbm_id/SWITCH_N_EXT_BSCAN.bscan_switch/shiftreg_reg[31]/D
  -------------------------------------------------------------------    -------------------

                         (clock dbg_hub/inst/BSCANID.u_xsdbm_id/SWITCH_N_EXT_BSCAN.bscan_inst/SERIES7_BSCAN.bscan_inst/INTERNAL_TCK rise edge)
                                                      0.000     0.000 r  
    CONFIG_SITE_X0Y1     BSCANE2                      0.000     0.000 r  dbg_hub/inst/BSCANID.u_xsdbm_id/SWITCH_N_EXT_BSCAN.bscan_inst/SERIES7_BSCAN.bscan_inst/INTERNAL_TCK
    CONFIG_SITE_X0Y1     BSCANE2 (Prop_BSCAN1_CONFIG_SITE_INTERNAL_TCK_TCK)
                                                      4.300     4.300 r  dbg_hub/inst/BSCANID.u_xsdbm_id/SWITCH_N_EXT_BSCAN.bscan_inst/SERIES7_BSCAN.bscan_inst/TCK
                         net (fo=1, routed)           2.848     7.148    dbg_hub/inst/BSCANID.u_xsdbm_id/tck_bs
    SLR Crossing[1->2]   
    BUFGCE_X1Y288        BUFGCE (Prop_BUFCE_BUFGCE_I_O)
                                                      0.019     7.167 r  dbg_hub/inst/BSCANID.u_xsdbm_id/SWITCH_N_EXT_BSCAN.u_bufg_icon_tck/O
    X3Y10 (CLOCK_ROOT)   net (fo=494, routed)         1.422     8.589    dbg_hub/inst/BSCANID.u_xsdbm_id/SWITCH_N_EXT_BSCAN.bscan_switch/s_bscan_tck
    SLICE_X142Y607       FDRE                                         r  dbg_hub/inst/BSCANID.u_xsdbm_id/SWITCH_N_EXT_BSCAN.bscan_switch/shiftreg_reg[31]/C





--------------------------------------------------------------------------------------
Path Group:  (none)
From Clock:  
  To Clock:  sys_clk

Max Delay             2 Endpoints
Min Delay             2 Endpoints
--------------------------------------------------------------------------------------


Max Delay Paths
--------------------------------------------------------------------------------------
Slack:                    inf
  Source:                 i_dram_wrapper/i_dram/inst/u_ddr4_mem_intfc/u_mig_ddr4_phy/inst/u_ddr4_phy_pll/plle_loop[2].gen_plle4.PLLE4_BASE_INST_OTHER/LOCKED
                            (internal pin)
  Destination:            i_dram_wrapper/i_dram/inst/u_ddr4_infrastructure/rst_async_riu_div_reg/D
                            (rising edge-triggered cell FDRE clocked by sys_clk  {rise@0.000ns fall@2.000ns period=4.000ns})
  Path Group:             (none)
  Path Type:              Setup (Max at Slow Process Corner)
  Data Path Delay:        1.959ns  (logic 0.234ns (11.945%)  route 1.725ns (88.055%))
  Logic Levels:           2  (LUT3=2)
  Clock Uncertainty:      0.025ns  ((TSJ^2 + TIJ^2)^1/2 + DJ) / 2 + PE
    Total System Jitter     (TSJ):    0.050ns
    Total Input Jitter      (TIJ):    0.000ns
    Discrete Jitter          (DJ):    0.000ns
    Phase Error              (PE):    0.000ns
  Clock Net Delay (Destination): 0.966ns (routing 0.155ns, distribution 0.811ns)

    Location             Delay type                Incr(ns)  Path(ns)    Netlist Resource(s)
  -------------------------------------------------------------------    -------------------
    PLL_X1Y28            PLLE4_ADV                    0.000     0.000 f  i_dram_wrapper/i_dram/inst/u_ddr4_mem_intfc/u_mig_ddr4_phy/inst/u_ddr4_phy_pll/plle_loop[2].gen_plle4.PLLE4_BASE_INST_OTHER/LOCKED
                         net (fo=1, routed)           0.769     0.769    i_dram_wrapper/i_dram/inst/u_ddr4_mem_intfc/u_mig_ddr4_phy/inst/u_ddr4_phy_pll/pll_lock_i[2]
    SLICE_X112Y782       LUT3 (Prop_H6LUT_SLICEL_I1_O)
                                                      0.099     0.868 f  i_dram_wrapper/i_dram/inst/u_ddr4_mem_intfc/u_mig_ddr4_phy/inst/u_ddr4_phy_pll/pll_lock__0/O
                         net (fo=1, routed)           0.501     1.369    i_dram_wrapper/i_dram/inst/u_ddr4_infrastructure/pll_lock
    SLICE_X127Y782       LUT3 (Prop_D5LUT_SLICEM_I2_O)
                                                      0.135     1.504 r  i_dram_wrapper/i_dram/inst/u_ddr4_infrastructure/rst_async_riu_div_i_1/O
                         net (fo=1, routed)           0.455     1.959    i_dram_wrapper/i_dram/inst/u_ddr4_infrastructure/rst_async_riu_div_reg0
    SLICE_X135Y776       FDRE                                         r  i_dram_wrapper/i_dram/inst/u_ddr4_infrastructure/rst_async_riu_div_reg/D
  -------------------------------------------------------------------    -------------------

                         (clock sys_clk rise edge)    0.000     0.000 r  
    E12                                               0.000     0.000 r  sys_clk_p (IN)
                         net (fo=0)                   0.000     0.000    i_bufds_sys_clk/I
    HPIOBDIFFINBUF_X1Y300
                         DIFFINBUF (Prop_DIFFINBUF_HPIOBDIFFINBUF_DIFF_IN_P_O)
                                                      0.564     0.564 r  i_bufds_sys_clk/DIFFINBUF_INST/O
                         net (fo=1, routed)           0.040     0.604    i_bufds_sys_clk/OUT
    E12                  IBUFCTRL (Prop_IBUFCTRL_HPIOB_M_I_O)
                                                      0.000     0.604 r  i_bufds_sys_clk/IBUFCTRL_INST/O
                         net (fo=1, routed)           0.297     0.901    sys_clk
    BUFGCE_X1Y289        BUFGCE (Prop_BUFCE_BUFGCE_I_O)
                                                      0.024     0.925 r  sys_clk_BUFGCE_inst/O
    X4Y12 (CLOCK_ROOT)   net (fo=19, routed)          0.966     1.891    i_dram_wrapper/i_dram/inst/u_ddr4_infrastructure/sys_clk_in
    SLICE_X135Y776       FDRE                                         r  i_dram_wrapper/i_dram/inst/u_ddr4_infrastructure/rst_async_riu_div_reg/C





Min Delay Paths
--------------------------------------------------------------------------------------
Slack:                    inf
  Source:                 i_dram_wrapper/i_dram/inst/u_ddr4_infrastructure/gen_mmcme4.u_mmcme_adv_inst/LOCKED
                            (internal pin)
  Destination:            i_dram_wrapper/i_dram/inst/u_ddr4_infrastructure/rst_async_mb_reg/D
                            (rising edge-triggered cell FDRE clocked by sys_clk  {rise@0.000ns fall@2.000ns period=4.000ns})
  Path Group:             (none)
  Path Type:              Hold (Min at Fast Process Corner)
  Data Path Delay:        0.570ns  (logic 0.022ns (3.860%)  route 0.548ns (96.140%))
  Logic Levels:           1  (LUT2=1)
  Clock Uncertainty:      0.025ns  ((TSJ^2 + TIJ^2)^1/2 + DJ) / 2 + PE
    Total System Jitter     (TSJ):    0.050ns
    Total Input Jitter      (TIJ):    0.000ns
    Discrete Jitter          (DJ):    0.000ns
    Phase Error              (PE):    0.000ns
  Clock Net Delay (Destination): 0.725ns (routing 0.108ns, distribution 0.617ns)

    Location             Delay type                Incr(ns)  Path(ns)    Netlist Resource(s)
  -------------------------------------------------------------------    -------------------
    MMCM_X1Y13           MMCME4_ADV                   0.000     0.000 f  i_dram_wrapper/i_dram/inst/u_ddr4_infrastructure/gen_mmcme4.u_mmcme_adv_inst/LOCKED
                         net (fo=3, routed)           0.495     0.495    i_dram_wrapper/i_dram/inst/u_ddr4_infrastructure/mmcm_lock
    SLICE_X127Y782       LUT2 (Prop_D6LUT_SLICEM_I1_O)
                                                      0.022     0.517 r  i_dram_wrapper/i_dram/inst/u_ddr4_infrastructure/rst_async_mb_i_1/O
                         net (fo=1, routed)           0.053     0.570    i_dram_wrapper/i_dram/inst/u_ddr4_infrastructure/rst_async_mb_reg0
    SLICE_X128Y782       FDRE                                         r  i_dram_wrapper/i_dram/inst/u_ddr4_infrastructure/rst_async_mb_reg/D
  -------------------------------------------------------------------    -------------------

                         (clock sys_clk rise edge)    0.000     0.000 r  
    E12                                               0.000     0.000 r  sys_clk_p (IN)
                         net (fo=0)                   0.000     0.000    i_bufds_sys_clk/I
    HPIOBDIFFINBUF_X1Y300
                         DIFFINBUF (Prop_DIFFINBUF_HPIOBDIFFINBUF_DIFF_IN_P_O)
                                                      0.446     0.446 r  i_bufds_sys_clk/DIFFINBUF_INST/O
                         net (fo=1, routed)           0.050     0.496    i_bufds_sys_clk/OUT
    E12                  IBUFCTRL (Prop_IBUFCTRL_HPIOB_M_I_O)
                                                      0.000     0.496 r  i_bufds_sys_clk/IBUFCTRL_INST/O
                         net (fo=1, routed)           0.183     0.679    sys_clk
    BUFGCE_X1Y289        BUFGCE (Prop_BUFCE_BUFGCE_I_O)
                                                      0.019     0.698 r  sys_clk_BUFGCE_inst/O
    X4Y12 (CLOCK_ROOT)   net (fo=19, routed)          0.725     1.423    i_dram_wrapper/i_dram/inst/u_ddr4_infrastructure/sys_clk_in
    SLICE_X128Y782       FDRE                                         r  i_dram_wrapper/i_dram/inst/u_ddr4_infrastructure/rst_async_mb_reg/C





